<?xml version="1.0" encoding="utf-8"?>
<COLLADA xmlns="http://www.collada.org/2005/11/COLLADASchema" version="1.4.1">
  <asset>
    <contributor>
      <author>Blender User</author>
      <authoring_tool>Blender 2.77.0 commit date:2016-03-18, commit time:12:34, hash:22a2853</authoring_tool>
    </contributor>
    <created>2021-06-23T17:29:39</created>
    <modified>2021-06-23T17:29:39</modified>
    <unit name="meter" meter="1"/>
    <up_axis>Z_UP</up_axis>
  </asset>
  <library_images>
    <image id="chr081a01_png" name="chr081a01_png">
      <init_from>chr081a01.png</init_from>
    </image>
    <image id="chr081a01s_png" name="chr081a01s_png">
      <init_from>chr081a01s.png</init_from>
    </image>
  </library_images>
  <library_effects>
    <effect id="chr081_mat_000-effect">
      <profile_COMMON>
        <newparam sid="chr081a01_png-surface">
          <surface type="2D">
            <init_from>chr081a01_png</init_from>
          </surface>
        </newparam>
        <newparam sid="chr081a01_png-sampler">
          <sampler2D>
            <source>chr081a01_png-surface</source>
          </sampler2D>
        </newparam>
        <technique sid="common">
          <phong>
            <emission>
              <color sid="emission">0 0 0 1</color>
            </emission>
            <ambient>
              <color sid="ambient">0 0 0 1</color>
            </ambient>
            <diffuse>
              <texture texture="chr081a01_png-sampler" texcoord="chr081_0-mesh-map-0"/>
            </diffuse>
            <specular>
              <color sid="specular">0.5 0.5 0.5 1</color>
            </specular>
            <shininess>
              <float sid="shininess">50</float>
            </shininess>
            <index_of_refraction>
              <float sid="index_of_refraction">1</float>
            </index_of_refraction>
          </phong>
        </technique>
      </profile_COMMON>
    </effect>
    <effect id="chr081_mat_001-effect">
      <profile_COMMON>
        <newparam sid="chr081a01s_png-surface">
          <surface type="2D">
            <init_from>chr081a01s_png</init_from>
          </surface>
        </newparam>
        <newparam sid="chr081a01s_png-sampler">
          <sampler2D>
            <source>chr081a01s_png-surface</source>
          </sampler2D>
        </newparam>
        <technique sid="common">
          <phong>
            <emission>
              <color sid="emission">0 0 0 1</color>
            </emission>
            <ambient>
              <color sid="ambient">0 0 0 1</color>
            </ambient>
            <diffuse>
              <texture texture="chr081a01s_png-sampler"/>
            </diffuse>
            <specular>
              <color sid="specular">0.5 0.5 0.5 1</color>
            </specular>
            <shininess>
              <float sid="shininess">50</float>
            </shininess>
            <index_of_refraction>
              <float sid="index_of_refraction">1</float>
            </index_of_refraction>
          </phong>
        </technique>
      </profile_COMMON>
    </effect>
  </library_effects>
  <library_materials>
    <material id="chr081_mat_000-material" name="chr081_mat_000">
      <instance_effect url="#chr081_mat_000-effect"/>
    </material>
    <material id="chr081_mat_001-material" name="chr081_mat_001">
      <instance_effect url="#chr081_mat_001-effect"/>
    </material>
  </library_materials>
  <library_geometries>
    <geometry id="chr081_0-mesh" name="chr081_0">
      <mesh>
        <source id="chr081_0-mesh-positions">
          <float_array id="chr081_0-mesh-positions-array" count="8121">0.09402996 0.571276 0.0715 0.07576 0.529086 0.009049952 0.09477996 0.529056 0.06295996 0.07459998 0.622626 0.01732808 0.09311997 0.6227059 0.06918805 0.2103599 0.6232659 0.02093803 0.19426 0.571276 0.07271999 0.21525 0.528896 0.01289999 0.1962299 0.528926 0.06448 0.19185 0.623176 0.07008808 0.1455 0.5289859 0.08389997 0.14414 0.571276 0.09185999 0.14248 0.622946 0.08885806 0.1515499 0.3643569 -0.09186798 0.09456998 0.362955 -0.07418 0.1455 0.5289859 -0.05961996 0.09477996 0.529056 -0.04253995 0.1515499 0.3643569 -0.09186798 0.1455 0.5289859 -0.05961996 0.20853 0.362505 -0.06970995 0.1962299 0.528926 -0.03851991 0.2299 0.35829 -0.01504999 0.20853 0.35838 0.03979992 0.1515499 0.3586 0.06018996 0.09456998 0.35883 0.03762996 0.07319998 0.35891 -0.01964998 0.11704 1.00389 -0.2065179 0.12356 1.07154 -0.1939679 0.19792 1.01132 -0.16341 0.19304 1.07653 -0.15679 0.1703299 1.14869 -0.13085 0.10432 1.14136 -0.164488 0.25409 1.0136 -0.09021806 0.25123 1.07903 -0.08227807 0.2307699 1.14976 -0.07201135 0.07188999 1.28347 -0.145321 0.131645 1.28585 -0.1256409 0.08676999 1.20569 -0.145875 0.15086 1.21122 -0.122222 0.182177 1.29091 -0.08027076 0.20129 1.21472 -0.07299125 0.08973997 1.07041 -0.210268 0 1.11176 -0.1905379 0.10499 1.43862 0.03740912 0.05815988 1.45328 0.03240919 0.05682992 1.43828 0.07594919 0.1052899 1.41648 0.09059917 0.05466991 1.41612 0.112689 0.14914 1.4195 0.04879909 0.0567699 1.43828 -0.117711 0.0541799 1.41612 -0.134361 0 1.43866 -0.121101 0 1.41615 -0.137731 0.05815988 1.45328 -0.08589076 0 1.4559 -0.1008909 0 1.36407 -0.154581 0.05978 1.36447 -0.149021 0 1.28 -0.1522809 0 1.36539 0.155919 0 1.29055 0.191709 0.06079989 1.36533 0.147629 0.07071 1.29024 0.181689 0 1.41615 0.118289 0.10018 1.15863 0.229916 0.08552998 1.22585 0.2086949 0 1.15964 0.244296 0 1.2267 0.220915 0.112 1.00262 0.260363 0.10927 1.07712 0.254453 0 1.00154 0.276323 0 1.07726 0.270153 0 0.8687899 0.231332 0.09869998 0.87236 0.219262 0 0.9308199 0.265393 0.10862 0.93287 0.250393 0.556739 1.40775 0.01974916 0.790274 1.40798 0.01940912 0.556729 1.42178 -0.02413076 0.790274 1.42219 -0.02414077 0.790274 1.40798 -0.06282079 0.556739 1.40774 -0.06308078 0.2547399 1.42348 -0.02400076 0.25671 1.40897 0.02327919 0.500109 1.42161 -0.02412068 0.500119 1.40766 0.01988917 0.25671 1.40897 -0.06581079 0.500119 1.40764 -0.06319075 0.5567989 1.3321 0.0377891 0.790274 1.33224 0.03724908 0.556769 1.37006 0.04521918 0.790274 1.37012 0.04465913 0.26194 1.36994 0.05107915 0.26717 1.33064 0.0433892 0.500159 1.37003 0.04545915 0.500199 1.33204 0.03801918 0.790274 1.31804 -0.006260693 0.556809 1.31785 -0.006060779 0.2691299 1.31588 -0.003950715 0.500219 1.31777 -0.005970776 0.790274 1.33224 -0.05465078 0.790274 1.31804 -0.006260693 0.5567989 1.3321 -0.05484074 0.556809 1.31785 -0.006060779 0.26717 1.33064 -0.05676072 0.500199 1.33204 -0.05491071 0.2691299 1.31588 -0.003950715 0.500219 1.31777 -0.005970776 0.790274 1.37012 -0.07506078 0.556769 1.37006 -0.07541078 0.26194 1.36994 -0.07903075 0.500159 1.37003 -0.0755608 0.18787 1.41248 0.03226912 0.2222899 1.41073 0.02777916 0.1857799 1.42775 -0.02379071 0.22026 1.42561 -0.02390068 0.1878499 1.41248 -0.07309079 0.22228 1.41073 -0.06945079 0.18787 1.41248 0.03226912 0.15312 1.43272 -0.0240308 0.1857799 1.42775 -0.02379071 0.1489999 1.4195 -0.08803075 0.1878499 1.41248 -0.07309079 0.1970599 1.36922 0.06549918 0.2024779 1.32339 0.05857908 0.2294999 1.36958 0.05828917 0.18576 1.29199 0.08605915 0.2024779 1.32339 0.05857908 0.1674799 1.36598 0.08937919 0.1970599 1.36922 0.06549918 0.2119899 1.30731 8.291e-4 0.2111499 1.27325 0.006489098 0.2119899 1.30731 8.291e-4 0.2119899 1.30731 8.291e-4 0.20692 1.32326 -0.06286078 0.20692 1.32326 -0.06286078 0.22947 1.36958 -0.08351075 0.197 1.36922 -0.08800077 0.16703 1.36584 -0.103151 0.197 1.36922 -0.08800077 0.1205 1.36528 0.123409 0.13881 1.28983 0.150349 0.18195 1.15593 0.186096 0.1636199 1.2236 0.168685 0.23293 1.15293 0.114039 0.21074 1.22166 0.10053 0.11926 1.36477 -0.1328809 0.1048499 1.41648 -0.120101 0.25694 1.15033 0.01446539 0.22926 1.21791 0.009949147 0.20775 0.81132 0.102625 0.22947 0.8154399 0.03256809 0.22099 0.84651 0.117045 0.2473999 0.85282 0.02958476 0.2046 0.81111 -0.02529466 0.2177 0.850586 -0.04680311 0.2422299 0.8883 0.127909 0.26704 0.89554 0.02725523 0.23515 0.89473 -0.06602466 0.1745499 0.89003 -0.138457 0.15237 0.8417739 -0.09513628 0.1373699 0.8061 -0.05798465 0.08361995 0.8324239 -0.108885 0.06876999 0.8000599 -0.04521465 0.0873 0.83651 0.180096 0.16188 0.8393099 0.1601359 0.17816 0.8800399 0.181792 0.07606995 0.79924 0.107805 0.1457599 0.8068699 0.131465 0.19207 0.93821 0.2045829 0.2563199 0.94266 0.1344749 0.1972399 1.00532 0.211833 0.25972 1.0068 0.133502 0.19593 1.07656 0.206793 0.25633 1.07513 0.125396 0.28152 0.95113 0.02358806 0.2471299 0.9518899 -0.08368605 0.28795 1.00871 0.02121776 0.27926 1.07654 0.01842218 0.1137 1.44057 -0.02627068 0.07550996 1.45583 -0.02801078 0.10497 1.43862 -0.08585077 0 1.43866 0.08037918 0 1.4559 0.04786908 0.05847007 1.47838 0.03373706 0.07615649 1.48468 -0.02816516 0.05458599 1.4897 -0.08575576 -1.21e-5 1.47176 0.05586946 -1.21e-5 1.48753 -0.106142 0.1910499 0.9479299 -0.157858 0.09566998 0.93737 -0.200968 0 0.83373 0.187076 0 0.8001799 0.118975 0 1.09941 -0.231238 0.06682997 1.06709 -0.236788 0.09967994 1.00056 -0.2402679 0 1.09941 -0.231238 0.06682997 1.06709 -0.236788 0 1.0816 -0.403187 0.05831992 1.05602 -0.4071869 0.08481997 0.99616 -0.413257 0.09967994 1.00056 -0.2402679 0.06966 0.93926 -0.238938 0.05831992 0.9426699 -0.414787 0.06966 0.93926 -0.238938 0 0.9143699 -0.235328 0 0.9234299 -0.414236 0.21516 0.3164809 -0.08425045 0.23851 0.30641 -0.02340996 0.21672 0.30499 0.0388199 0.07126998 0.30806 -0.02822995 0.09459996 0.317671 -0.0889405 0.09332996 0.30621 0.03654992 0.1535699 0.320335 -0.106281 0.1535699 0.320335 -0.106281 0.15358 0.30682 0.06121999 0.14248 0.622946 -0.04881185 0.1401 0.7089599 -0.0410369 0.19185 0.623176 -0.02827185 0.19585 0.71116 -0.01625347 0.14248 0.622946 -0.04881185 0.09311997 0.6227059 -0.03256183 0.1401 0.7089599 -0.0410369 0.09049999 0.70674 -0.02545338 0.1373699 0.8061 -0.05798465 0.2046 0.81111 -0.02529466 0.13889 0.76901 -0.0401017 0.19753 0.76973 -0.0151965 0.1373699 0.8061 -0.05798465 0.13889 0.76901 -0.0401017 0.06876999 0.8000599 -0.04521465 0.08322 0.76208 -0.0227217 0.07190996 0.70586 0.02679663 0.09049999 0.70671 0.08405667 0.07606995 0.79924 0.107805 0.05092996 0.7891899 0.0301553 0.08414 0.7564499 0.09737819 0.06215989 0.7528499 0.03232812 0.1401 0.70897 0.104417 0.1896899 0.7112199 0.0850467 0.20775 0.81132 0.102625 0.1457599 0.8068699 0.131465 0.19792 0.76976 0.09730815 0.13994 0.7632099 0.118668 0.21298 0.7120699 0.0314967 0.21947 0.7722 0.03375345 0.22947 0.8154399 0.03256809 0 1.19588 -0.1576809 0.09274995 0.8869299 -0.176508 0 0.8828399 -0.179488 0 0.827324 -0.1112149 0 0.7987 -0.0465846 0 0.9143699 -0.235328 0 0.95357 -1.34619 0 0.9608799 -1.52095 0.02305996 0.96112 -1.34619 0.01444 0.96562 -1.52152 0 0.95157 -1.29831 0.02540993 0.95991 -1.2984 0.03694999 0.98717 -1.29811 0.03351998 0.98654 -1.34619 0.02540993 1.01979 -1.2969 0.02934998 1.01699 -1.34619 0.07174998 0.9937 -0.54629 0.04937994 0.94734 -0.54629 0 0.9310899 -0.54629 0 1.06634 -0.54629 0.04909998 1.04509 -0.54629 0 1.05474 -0.7087 0.04196995 1.03663 -0.7087 0.06129992 0.99173 -0.7087 0.04218 0.95111 -0.7087 0 0.93725 -0.7087 0.03713995 0.9537599 -0.8783869 0 0.9415599 -0.8783869 0.0539599 0.9903599 -0.8783869 0.03695988 1.03071 -0.8783869 0 1.04664 -0.8783869 0.03316998 0.9558399 -1.03137 0 0.9449499 -1.03137 0.04819995 0.98928 -1.03137 0.03302997 1.02608 -1.03137 0 1.04029 -1.03137 0.03063988 0.9611189 -1.18973 0 0.951079 -1.18973 0.04453992 0.9885899 -1.18973 0.03052997 1.02223 -1.18973 0 1.03536 -1.18973 0.05092996 0.7891899 0.0301553 0 0.7888199 0.03189522 0.528499 1.33207 -0.05487078 0.528459 1.37004 -0.07548075 0.528429 1.40769 -0.06313079 0.02610999 0.9857199 -1.52091 0 0.97425 -1.73817 0.03201997 1.06177 -1.52066 0 1.03074 -1.29611 0.06998997 1.1496 -1.2576 0 1.0141 -1.48162 0.03201997 1.06177 -1.52066 0 0.97425 -1.73817 0.06998997 1.1496 -1.2576 0 1.03074 -1.29611 0.830644 1.41881 0.07848966 0.888161 1.41616 0.09445238 0.8306949 1.4454 0.04317551 0.9408529 1.42583 -0.127599 0.888605 1.42357 -0.121348 0.942041 1.44775 -0.07835739 0.888667 1.44791 -0.07363575 0.830706 1.41997 -0.11364 0.830706 1.44572 -0.0693584 0.945802 1.45141 -0.004495263 0.889122 1.455 -0.01048779 0.830706 1.4539 -0.0123164 0.8325549 1.33323 -0.112411 0.8905059 1.32033 -0.09912425 0.830871 1.30671 -0.06450235 0.8884909 1.30574 -0.05520373 0.9417409 1.32058 -0.08202517 0.939727 1.31922 -0.03721612 0.8305509 1.29786 -0.009340882 0.8877469 1.29768 -7.655e-4 0.9428059 1.3175 0.01502138 0.9966959 1.31873 -0.02395004 1.05117 1.36664 -0.05747669 1.03929 1.33054 -0.009950459 0.9988039 1.32682 -0.06902778 1.02998 1.41033 0.06147319 0.990301 1.43515 0.05283588 1.01825 1.41219 0.08444076 1.04241 1.4295 0.03760671 0.98746 1.38697 0.116573 1.03522 1.35952 0.134581 1.05666 1.38503 0.105301 1.11037 1.34172 0.111407 1.15553 1.29563 0.115777 1.10225 1.31122 0.07915097 1.14814 1.28037 0.09777915 1.19091 1.25044 0.119776 1.07055 1.27067 0.108276 1.0806 1.276 0.08361428 1.13121 1.25929 0.114837 1.13549 1.26234 0.1007339 1.10225 1.31122 0.07915097 1.14814 1.28037 0.09777915 1.19091 1.25044 0.119776 1.07463 1.28565 0.13111 1.13452 1.26656 0.127721 1.0949 1.32276 0.1374019 1.14694 1.28553 0.130903 1.07463 1.28565 0.13111 1.13452 1.26656 0.127721 1.13868 1.36639 -0.07890498 1.20306 1.36777 -0.09811174 1.14624 1.41084 -0.08359557 1.20712 1.39139 -0.10054 1.25876 1.37321 -0.119127 1.14753 1.42187 -0.108599 1.20763 1.39738 -0.113506 1.14498 1.41082 -0.1335909 1.20603 1.39159 -0.1264619 1.1341 1.34629 -0.1210899 1.13963 1.38141 -0.1429719 1.20024 1.35709 -0.119984 1.20307 1.37588 -0.131318 1.20307 1.37588 -0.131318 1.13963 1.38141 -0.1429719 1.25876 1.37321 -0.119127 1.13868 1.36639 -0.07890498 1.20306 1.36777 -0.09811174 1.13289 1.34023 -0.00517714 1.2017 1.35331 -0.007336497 1.13738 1.36654 0.0244646 1.20419 1.36731 0.008016347 1.13737 1.36654 -0.03481912 1.20411 1.36731 -0.02268958 1.26513 1.37195 -0.01014673 1.14507 1.41125 0.01978439 1.20839 1.39131 0.005598783 1.14699 1.4224 -0.00517714 1.20945 1.39733 -0.007336497 1.26513 1.37195 -0.01014673 1.14506 1.41128 -0.03013885 1.20833 1.39133 -0.02027189 1.13737 1.36654 -0.03481912 1.20411 1.36731 -0.02268958 1.13738 1.36654 0.0244646 1.20419 1.36731 0.008016347 0.9978949 1.38988 -0.1496059 0.9978949 1.34313 -0.1252639 0.9409979 1.38854 -0.1458759 0.941586 1.34182 -0.128167 0.998029 1.4268 -0.13354 0.9409979 1.38854 -0.1458759 1.03873 1.34369 -0.122867 1.03942 1.38957 -0.1513 1.0405 1.42708 -0.1376309 1.00045 1.44942 -0.05691879 1.04258 1.43873 -0.05760073 0.9993 1.4463 -0.09034228 1.04236 1.44332 -0.09998184 0.8304989 1.37451 0.09509289 0.830406 1.3304 0.08435815 0.88721 1.35188 0.110095 0.8867449 1.30878 0.09323316 0.8304989 1.37451 0.09509289 0.88721 1.35188 0.110095 0.830943 1.37813 -0.129293 0.888853 1.384 -0.139625 0.830943 1.37813 -0.129293 0.888853 1.384 -0.139625 0.8906089 1.34571 -0.132207 0.993638 1.29619 0.06256836 0.9377639 1.28566 0.05004626 0.830447 1.30499 0.04586184 0.887076 1.28803 0.04639899 1.06907 1.37024 0.03673887 1.07463 1.42801 0.02986824 1.06907 1.37024 0.03673887 1.02998 1.41033 0.06147319 1.02728 1.33985 0.04486989 1.06528 1.33595 -0.005332112 1.06981 1.3702 -0.04592579 1.07515 1.44211 -0.003864884 1.07407 1.42889 -0.03966474 1.04291 1.44397 -0.005115151 1.05117 1.36664 -0.05747669 1.06981 1.3702 -0.04592579 1.07412 1.42853 -0.07085645 1.06987 1.37022 -0.06626915 1.07402 1.44112 -0.105602 1.07258 1.42648 -0.138922 1.06938 1.38923 -0.151362 1.06572 1.34453 -0.122774 1.06987 1.37022 -0.06626915 1.0589 1.34306 0.06059491 1.0325 1.28875 0.0706892 0.995302 1.44496 -0.00426799 1.0589 1.34306 0.06059491 1.01629 1.28579 0.102738 1.01719 1.30792 0.128093 1.01719 1.30792 0.128093 0.684552 1.27032 -0.007656753 0.684552 1.28205 -0.08096098 0.684552 1.31727 -0.137703 0.684552 1.37214 -0.157943 0.684552 1.42703 -0.137703 0.684552 1.46352 -0.08096098 0.684552 1.47592 -0.007656753 0.684552 1.46341 0.06013 0.684552 1.42757 0.107667 0.684552 1.37234 0.124229 0.684552 1.31691 0.107667 0.684552 1.37234 0.124229 0.684552 1.28226 0.06013 0.9758159 1.29275 0.1020359 0.977097 1.32142 0.127752 0.977097 1.32142 0.127752 0.8855779 1.44572 0.04646098 0.941586 1.40328 0.109103 0.9356869 1.33337 0.122369 0.9356869 1.33337 0.122369 0.9342719 1.298 0.103162 0.9433429 1.44203 0.04982924 0.684552 1.28205 -0.08096098 0.684552 1.27032 -0.007656753 0.830706 1.37422 -0.02515888 0.684552 1.31727 -0.137703 0.684552 1.37214 -0.157943 0.684552 1.42703 -0.137703 0.830706 1.37422 -0.02515888 0.684552 1.46352 -0.08096098 0.684552 1.47592 -0.007656753 0.684552 1.46341 0.06013 0.684552 1.42757 0.107667 0.684552 1.37234 0.124229 0.684552 1.31691 0.107667 0.684552 1.37234 0.124229 0.684552 1.28226 0.06013 -0.09402996 0.571276 0.0715 -0.09477996 0.529056 0.06295996 -0.07576 0.529086 0.009049952 -0.07459998 0.622626 0.01732808 -0.09311997 0.6227059 0.06918805 -0.2103599 0.6232659 0.02093803 -0.21525 0.528896 0.01289999 -0.19426 0.571276 0.07271999 -0.1962299 0.528926 0.06448 -0.19185 0.623176 0.07008808 -0.14414 0.571276 0.09185999 -0.1455 0.5289859 0.08389997 -0.14248 0.622946 0.08885806 -0.09477996 0.529056 -0.04253995 -0.09456998 0.362955 -0.07418 -0.1455 0.5289859 -0.05961996 -0.1515499 0.3643569 -0.09186798 -0.1962299 0.528926 -0.03851991 -0.1455 0.5289859 -0.05961996 -0.20853 0.362505 -0.06970995 -0.1515499 0.3643569 -0.09186798 -0.2299 0.35829 -0.01504999 -0.20853 0.35838 0.03979992 -0.1515499 0.3586 0.06018996 -0.09456998 0.35883 0.03762996 -0.07319998 0.35891 -0.01964998 -0.19304 1.07653 -0.15679 -0.12356 1.07154 -0.1939679 -0.19792 1.01132 -0.16341 -0.11704 1.00389 -0.2065179 -0.1703299 1.14869 -0.13085 -0.10432 1.14136 -0.164488 -0.25123 1.07903 -0.08227807 -0.25409 1.0136 -0.09021806 -0.2307699 1.14976 -0.07201135 -0.15086 1.21122 -0.122222 -0.131645 1.28585 -0.1256409 -0.08676999 1.20569 -0.145875 -0.07188999 1.28347 -0.145321 -0.20129 1.21472 -0.07299125 -0.182177 1.29091 -0.08027076 -0.08973997 1.07041 -0.210268 0 1.11176 -0.1905379 -0.10499 1.43862 0.03740912 -0.05682992 1.43828 0.07594919 -0.05815988 1.45328 0.03240919 -0.1052899 1.41648 0.09059917 -0.05466991 1.41612 0.112689 -0.14914 1.4195 0.04879909 0 1.41615 -0.137731 -0.0541799 1.41612 -0.134361 0 1.43866 -0.121101 -0.0567699 1.43828 -0.117711 0 1.4559 -0.1008909 -0.05815988 1.45328 -0.08589076 -0.05978 1.36447 -0.149021 0 1.28 -0.1522809 0 1.36407 -0.154581 -0.07071 1.29024 0.181689 0 1.29055 0.191709 -0.06079989 1.36533 0.147629 0 1.36539 0.155919 0 1.41615 0.118289 0 1.2267 0.220915 -0.08552998 1.22585 0.2086949 0 1.15964 0.244296 -0.10018 1.15863 0.229916 0 1.07726 0.270153 -0.10927 1.07712 0.254453 0 1.00154 0.276323 -0.112 1.00262 0.260363 -0.10862 0.93287 0.250393 -0.09869998 0.87236 0.219262 0 0.9308199 0.265393 0 0.8687899 0.231332 -0.556739 1.40775 0.01974916 -0.556729 1.42178 -0.02413076 -0.790274 1.40798 0.01940912 -0.790274 1.42219 -0.02414077 -0.790274 1.40798 -0.06282079 -0.556739 1.40774 -0.06308078 -0.500119 1.40766 0.01988917 -0.25671 1.40897 0.02327919 -0.500109 1.42161 -0.02412068 -0.2547399 1.42348 -0.02400076 -0.500119 1.40764 -0.06319075 -0.25671 1.40897 -0.06581079 -0.5567989 1.3321 0.0377891 -0.556769 1.37006 0.04521918 -0.790274 1.33224 0.03724908 -0.790274 1.37012 0.04465913 -0.500199 1.33204 0.03801918 -0.26717 1.33064 0.0433892 -0.500159 1.37003 0.04545915 -0.26194 1.36994 0.05107915 -0.556809 1.31785 -0.006060779 -0.790274 1.31804 -0.006260693 -0.500219 1.31777 -0.005970776 -0.2691299 1.31588 -0.003950715 -0.790274 1.33224 -0.05465078 -0.5567989 1.3321 -0.05484074 -0.790274 1.31804 -0.006260693 -0.556809 1.31785 -0.006060779 -0.500219 1.31777 -0.005970776 -0.500199 1.33204 -0.05491071 -0.2691299 1.31588 -0.003950715 -0.26717 1.33064 -0.05676072 -0.790274 1.37012 -0.07506078 -0.556769 1.37006 -0.07541078 -0.500159 1.37003 -0.0755608 -0.26194 1.36994 -0.07903075 -0.22026 1.42561 -0.02390068 -0.2222899 1.41073 0.02777916 -0.1857799 1.42775 -0.02379071 -0.18787 1.41248 0.03226912 -0.22228 1.41073 -0.06945079 -0.1878499 1.41248 -0.07309079 -0.1857799 1.42775 -0.02379071 -0.18787 1.41248 0.03226912 -0.15312 1.43272 -0.0240308 -0.1878499 1.41248 -0.07309079 -0.1489999 1.4195 -0.08803075 -0.1970599 1.36922 0.06549918 -0.2294999 1.36958 0.05828917 -0.2024779 1.32339 0.05857908 -0.1970599 1.36922 0.06549918 -0.2024779 1.32339 0.05857908 -0.1674799 1.36598 0.08937919 -0.18576 1.29199 0.08605915 -0.2119899 1.30731 8.291e-4 -0.2119899 1.30731 8.291e-4 -0.2111499 1.27325 0.006489098 -0.20692 1.32326 -0.06286078 -0.2119899 1.30731 8.291e-4 -0.20692 1.32326 -0.06286078 -0.22947 1.36958 -0.08351075 -0.197 1.36922 -0.08800077 -0.197 1.36922 -0.08800077 -0.16703 1.36584 -0.103151 -0.1205 1.36528 0.123409 -0.13881 1.28983 0.150349 -0.1636199 1.2236 0.168685 -0.18195 1.15593 0.186096 -0.21074 1.22166 0.10053 -0.23293 1.15293 0.114039 -0.1048499 1.41648 -0.120101 -0.11926 1.36477 -0.1328809 -0.25694 1.15033 0.01446539 -0.22926 1.21791 0.009949147 -0.2473999 0.85282 0.02958476 -0.22947 0.8154399 0.03256809 -0.22099 0.84651 0.117045 -0.20775 0.81132 0.102625 -0.2177 0.850586 -0.04680311 -0.2046 0.81111 -0.02529466 -0.26704 0.89554 0.02725523 -0.2422299 0.8883 0.127909 -0.23515 0.89473 -0.06602466 -0.1745499 0.89003 -0.138457 -0.15237 0.8417739 -0.09513628 -0.06876999 0.8000599 -0.04521465 -0.1373699 0.8061 -0.05798465 -0.08361995 0.8324239 -0.108885 -0.17816 0.8800399 0.181792 -0.16188 0.8393099 0.1601359 -0.0873 0.83651 0.180096 -0.1457599 0.8068699 0.131465 -0.07606995 0.79924 0.107805 -0.19207 0.93821 0.2045829 -0.2563199 0.94266 0.1344749 -0.1972399 1.00532 0.211833 -0.25972 1.0068 0.133502 -0.19593 1.07656 0.206793 -0.25633 1.07513 0.125396 -0.28152 0.95113 0.02358806 -0.2471299 0.9518899 -0.08368605 -0.28795 1.00871 0.02121776 -0.27926 1.07654 0.01842218 -0.07550996 1.45583 -0.02801078 -0.1137 1.44057 -0.02627068 -0.10497 1.43862 -0.08585077 0 1.43866 0.08037918 0 1.4559 0.04786908 -0.07618069 1.48468 -0.02816516 -0.05849432 1.47838 0.03373706 -0.05461019 1.4897 -0.08575576 -1.21e-5 1.47176 0.05586946 -1.21e-5 1.48753 -0.106142 -0.1910499 0.9479299 -0.157858 -0.09566998 0.93737 -0.200968 0 0.83373 0.187076 0 0.8001799 0.118975 0 1.09941 -0.231238 -0.06682997 1.06709 -0.236788 -0.09967994 1.00056 -0.2402679 -0.05831992 1.05602 -0.4071869 -0.06682997 1.06709 -0.236788 0 1.0816 -0.403187 0 1.09941 -0.231238 -0.09967994 1.00056 -0.2402679 -0.08481997 0.99616 -0.413257 -0.06966 0.93926 -0.238938 -0.06966 0.93926 -0.238938 -0.05831992 0.9426699 -0.414787 0 0.9234299 -0.414236 0 0.9143699 -0.235328 -0.23851 0.30641 -0.02340996 -0.21516 0.3164809 -0.08425045 -0.21672 0.30499 0.0388199 -0.09459996 0.317671 -0.0889405 -0.07126998 0.30806 -0.02822995 -0.09332996 0.30621 0.03654992 -0.1535699 0.320335 -0.106281 -0.1535699 0.320335 -0.106281 -0.15358 0.30682 0.06121999 -0.19585 0.71116 -0.01625347 -0.1401 0.7089599 -0.0410369 -0.19185 0.623176 -0.02827185 -0.14248 0.622946 -0.04881185 -0.09049999 0.70674 -0.02545338 -0.09311997 0.6227059 -0.03256183 -0.1401 0.7089599 -0.0410369 -0.14248 0.622946 -0.04881185 -0.1373699 0.8061 -0.05798465 -0.13889 0.76901 -0.0401017 -0.2046 0.81111 -0.02529466 -0.19753 0.76973 -0.0151965 -0.1373699 0.8061 -0.05798465 -0.06876999 0.8000599 -0.04521465 -0.13889 0.76901 -0.0401017 -0.08322 0.76208 -0.0227217 -0.07190996 0.70586 0.02679663 -0.09049999 0.70671 0.08405667 -0.06215989 0.7528499 0.03232812 -0.05092996 0.7891899 0.0301553 -0.08414 0.7564499 0.09737819 -0.07606995 0.79924 0.107805 -0.1896899 0.7112199 0.0850467 -0.1401 0.70897 0.104417 -0.13994 0.7632099 0.118668 -0.1457599 0.8068699 0.131465 -0.19792 0.76976 0.09730815 -0.20775 0.81132 0.102625 -0.21947 0.7722 0.03375345 -0.21298 0.7120699 0.0314967 -0.22947 0.8154399 0.03256809 0 1.19588 -0.1576809 -0.09274995 0.8869299 -0.176508 0 0.8828399 -0.179488 0 0.7987 -0.0465846 0 0.827324 -0.1112149 0 0.9143699 -0.235328 0 0.95357 -1.34619 -0.02305996 0.96112 -1.34619 0 0.9608799 -1.52095 -0.01444 0.96562 -1.52152 -0.02540993 0.95991 -1.2984 0 0.95157 -1.29831 -0.03351998 0.98654 -1.34619 -0.03694999 0.98717 -1.29811 -0.02934998 1.01699 -1.34619 -0.02540993 1.01979 -1.2969 -0.04937994 0.94734 -0.54629 -0.07174998 0.9937 -0.54629 0 0.9310899 -0.54629 -0.04909998 1.04509 -0.54629 0 1.06634 -0.54629 0 1.05474 -0.7087 -0.04196995 1.03663 -0.7087 -0.06129992 0.99173 -0.7087 -0.04218 0.95111 -0.7087 0 0.93725 -0.7087 0 0.9415599 -0.8783869 -0.03713995 0.9537599 -0.8783869 -0.0539599 0.9903599 -0.8783869 0 1.04664 -0.8783869 -0.03695988 1.03071 -0.8783869 0 0.9449499 -1.03137 -0.03316998 0.9558399 -1.03137 -0.04819995 0.98928 -1.03137 -0.03302997 1.02608 -1.03137 0 1.04029 -1.03137 0 0.951079 -1.18973 -0.03063988 0.9611189 -1.18973 -0.04453992 0.9885899 -1.18973 -0.03052997 1.02223 -1.18973 0 1.03536 -1.18973 0 0.7888199 0.03189522 -0.05092996 0.7891899 0.0301553 -0.528499 1.33207 -0.05487078 -0.528459 1.37004 -0.07548075 -0.528429 1.40769 -0.06313079 -0.02610999 0.9857199 -1.52091 0 0.97425 -1.73817 -0.03201997 1.06177 -1.52066 0 1.03074 -1.29611 -0.06998997 1.1496 -1.2576 0 1.0141 -1.48162 0 0.97425 -1.73817 -0.03201997 1.06177 -1.52066 0 1.03074 -1.29611 -0.06998997 1.1496 -1.2576 -0.830644 1.41881 0.07848966 -0.8306949 1.4454 0.04317551 -0.888161 1.41616 0.09445238 -0.888667 1.44791 -0.07363575 -0.888605 1.42357 -0.121348 -0.942041 1.44775 -0.07835739 -0.9408529 1.42583 -0.127599 -0.830706 1.44572 -0.0693584 -0.830706 1.41997 -0.11364 -0.889122 1.455 -0.01048779 -0.945802 1.45141 -0.004495263 -0.830706 1.4539 -0.0123164 -0.8884909 1.30574 -0.05520373 -0.8905059 1.32033 -0.09912425 -0.830871 1.30671 -0.06450235 -0.8325549 1.33323 -0.112411 -0.939727 1.31922 -0.03721612 -0.9417409 1.32058 -0.08202517 -0.8877469 1.29768 -7.655e-4 -0.8305509 1.29786 -0.009340882 -0.9428059 1.3175 0.01502138 -0.9966959 1.31873 -0.02395004 -1.05117 1.36664 -0.05747669 -0.9988039 1.32682 -0.06902778 -1.03929 1.33054 -0.009950459 -1.02998 1.41033 0.06147319 -1.01825 1.41219 0.08444076 -0.990301 1.43515 0.05283588 -1.04241 1.4295 0.03760671 -0.98746 1.38697 0.116573 -1.03522 1.35952 0.134581 -1.05666 1.38503 0.105301 -1.14814 1.28037 0.09777915 -1.15553 1.29563 0.115777 -1.10225 1.31122 0.07915097 -1.11037 1.34172 0.111407 -1.19091 1.25044 0.119776 -1.13549 1.26234 0.1007339 -1.0806 1.276 0.08361428 -1.13121 1.25929 0.114837 -1.07055 1.27067 0.108276 -1.14814 1.28037 0.09777915 -1.10225 1.31122 0.07915097 -1.19091 1.25044 0.119776 -1.14694 1.28553 0.130903 -1.13452 1.26656 0.127721 -1.0949 1.32276 0.1374019 -1.07463 1.28565 0.13111 -1.13452 1.26656 0.127721 -1.07463 1.28565 0.13111 -1.20712 1.39139 -0.10054 -1.20306 1.36777 -0.09811174 -1.14624 1.41084 -0.08359557 -1.13868 1.36639 -0.07890498 -1.25876 1.37321 -0.119127 -1.20763 1.39738 -0.113506 -1.14753 1.42187 -0.108599 -1.20603 1.39159 -0.1264619 -1.14498 1.41082 -0.1335909 -1.20307 1.37588 -0.131318 -1.13963 1.38141 -0.1429719 -1.20024 1.35709 -0.119984 -1.1341 1.34629 -0.1210899 -1.13963 1.38141 -0.1429719 -1.20307 1.37588 -0.131318 -1.25876 1.37321 -0.119127 -1.20306 1.36777 -0.09811174 -1.13868 1.36639 -0.07890498 -1.20419 1.36731 0.008016347 -1.2017 1.35331 -0.007336497 -1.13738 1.36654 0.0244646 -1.13289 1.34023 -0.00517714 -1.20411 1.36731 -0.02268958 -1.13737 1.36654 -0.03481912 -1.26513 1.37195 -0.01014673 -1.20945 1.39733 -0.007336497 -1.20839 1.39131 0.005598783 -1.14699 1.4224 -0.00517714 -1.14507 1.41125 0.01978439 -1.26513 1.37195 -0.01014673 -1.20833 1.39133 -0.02027189 -1.14506 1.41128 -0.03013885 -1.20411 1.36731 -0.02268958 -1.13737 1.36654 -0.03481912 -1.20419 1.36731 0.008016347 -1.13738 1.36654 0.0244646 -0.941586 1.34182 -0.128167 -0.9978949 1.34313 -0.1252639 -0.9409979 1.38854 -0.1458759 -0.9978949 1.38988 -0.1496059 -0.998029 1.4268 -0.13354 -0.9409979 1.38854 -0.1458759 -1.03942 1.38957 -0.1513 -1.03873 1.34369 -0.122867 -1.0405 1.42708 -0.1376309 -1.04236 1.44332 -0.09998184 -1.04258 1.43873 -0.05760073 -0.9993 1.4463 -0.09034228 -1.00045 1.44942 -0.05691879 -0.8867449 1.30878 0.09323316 -0.830406 1.3304 0.08435815 -0.88721 1.35188 0.110095 -0.8304989 1.37451 0.09509289 -0.88721 1.35188 0.110095 -0.8304989 1.37451 0.09509289 -0.888853 1.384 -0.139625 -0.830943 1.37813 -0.129293 -0.830943 1.37813 -0.129293 -0.8906089 1.34571 -0.132207 -0.888853 1.384 -0.139625 -0.993638 1.29619 0.06256836 -0.9377639 1.28566 0.05004626 -0.887076 1.28803 0.04639899 -0.830447 1.30499 0.04586184 -1.06907 1.37024 0.03673887 -1.07463 1.42801 0.02986824 -1.06907 1.37024 0.03673887 -1.02728 1.33985 0.04486989 -1.02998 1.41033 0.06147319 -1.06528 1.33595 -0.005332112 -1.06981 1.3702 -0.04592579 -1.07407 1.42889 -0.03966474 -1.04291 1.44397 -0.005115151 -1.07515 1.44211 -0.003864884 -1.06981 1.3702 -0.04592579 -1.05117 1.36664 -0.05747669 -1.06987 1.37022 -0.06626915 -1.07412 1.42853 -0.07085645 -1.07258 1.42648 -0.138922 -1.07402 1.44112 -0.105602 -1.06572 1.34453 -0.122774 -1.06938 1.38923 -0.151362 -1.06987 1.37022 -0.06626915 -1.0589 1.34306 0.06059491 -1.0325 1.28875 0.0706892 -0.995302 1.44496 -0.00426799 -1.0589 1.34306 0.06059491 -1.01629 1.28579 0.102738 -1.01719 1.30792 0.128093 -1.01719 1.30792 0.128093 -0.684552 1.28205 -0.08096098 -0.684552 1.27032 -0.007656753 -0.684552 1.31727 -0.137703 -0.684552 1.37214 -0.157943 -0.684552 1.42703 -0.137703 -0.684552 1.46352 -0.08096098 -0.684552 1.47592 -0.007656753 -0.684552 1.46341 0.06013 -0.684552 1.42757 0.107667 -0.684552 1.37234 0.124229 -0.684552 1.37234 0.124229 -0.684552 1.31691 0.107667 -0.684552 1.28226 0.06013 -0.977097 1.32142 0.127752 -0.9758159 1.29275 0.1020359 -0.977097 1.32142 0.127752 -0.8855779 1.44572 0.04646098 -0.9356869 1.33337 0.122369 -0.941586 1.40328 0.109103 -0.9342719 1.298 0.103162 -0.9356869 1.33337 0.122369 -0.9433429 1.44203 0.04982924 -0.684552 1.28205 -0.08096098 -0.830706 1.37422 -0.02515888 -0.684552 1.27032 -0.007656753 -0.684552 1.31727 -0.137703 -0.684552 1.37214 -0.157943 -0.684552 1.42703 -0.137703 -0.830706 1.37422 -0.02515888 -0.684552 1.46352 -0.08096098 -0.684552 1.47592 -0.007656753 -0.684552 1.46341 0.06013 -0.684552 1.42757 0.107667 -0.684552 1.37234 0.124229 -0.684552 1.31691 0.107667 -0.684552 1.37234 0.124229 -0.684552 1.28226 0.06013 -0.01528996 1.5056 -0.174031 0.008189976 1.44286 -0.117501 0.05083996 1.48185 -0.170251 0.09694999 1.42917 -0.1642709 -0.03139996 1.55819 -0.257971 0.08241999 1.51793 -0.251841 0.1613399 1.42698 -0.241271 -0.03134989 1.56727 -0.364401 0.09567999 1.52391 -0.358061 0.18226 1.42184 -0.345901 0.1032 1.51818 -0.4896609 0.001759946 1.55196 -0.507731 0.1730599 1.43533 -0.492891 0.12045 1.52931 -0.601511 0.07156997 1.54865 -0.619001 0.1579999 1.48982 -0.6115109 0.1607699 1.5714 -0.736071 0.004859924 1.43679 -0.124711 0.008189976 1.44286 -0.117501 -0.01779997 1.49765 -0.179561 -0.01528996 1.5056 -0.174031 0.09116995 1.42348 -0.170121 0.09694999 1.42917 -0.1642709 0.15425 1.42053 -0.244121 0.1613399 1.42698 -0.241271 0.17467 1.41536 -0.346571 0.18226 1.42184 -0.345901 0.1654099 1.42895 -0.493761 0.1730599 1.43533 -0.492891 0.15066 1.48366 -0.614381 0.1579999 1.48982 -0.6115109 0.15582 1.56363 -0.7399809 0.1607699 1.5714 -0.736071 0.06885999 1.53935 -0.621461 0.07156997 1.54865 -0.619001 -0.001289904 1.54244 -0.508211 0.001759946 1.55196 -0.507731 -0.03453993 1.5578 -0.364691 -0.03134989 1.56727 -0.364401 -0.03447991 1.54901 -0.260471 -0.03139996 1.55819 -0.257971 -0.01779997 1.49765 -0.179561 0.0467 1.47508 -0.176321 0.004859924 1.43679 -0.124711 0.09116995 1.42348 -0.170121 0.07722997 1.50993 -0.254871 -0.03447991 1.54901 -0.260471 0.15425 1.42053 -0.244121 0.09008997 1.51564 -0.358601 -0.03453993 1.5578 -0.364691 0.17467 1.41536 -0.346571 -0.001289904 1.54244 -0.508211 0.09762996 1.50991 -0.490441 0.1654099 1.42895 -0.493761 0.06885999 1.53935 -0.621461 0.11519 1.52124 -0.604161 0.15066 1.48366 -0.614381 0.15582 1.56363 -0.7399809 -0.06678998 1.44832 -0.1468909 0.01775991 1.45827 -0.1259909 -0.02151989 1.48101 -0.189731 0.04144996 1.48567 -0.220551 -0.15184 1.4237 -0.1941109 -0.07460999 1.48009 -0.268061 0.03395998 1.48782 -0.320651 -0.20445 1.37442 -0.272951 -0.11977 1.43797 -0.355711 0.001479983 1.44547 -0.413181 -0.16804 1.37266 -0.459701 -0.2404599 1.31481 -0.4034309 -0.07530999 1.37179 -0.515881 -0.2184 1.33313 -0.553671 -0.25957 1.30246 -0.532831 -0.17625 1.33121 -0.589581 -0.29576 1.31428 -0.6768209 0.01853996 1.44905 -0.129781 0.01775991 1.45827 -0.1259909 -0.06343996 1.43948 -0.150151 -0.06678998 1.44832 -0.1468909 0.04159992 1.47573 -0.2216809 0.04144996 1.48567 -0.220551 0.03554993 1.47813 -0.318751 0.03395998 1.48782 -0.320651 0.003829956 1.43655 -0.409321 0.001479983 1.44547 -0.413181 -0.07315999 1.36278 -0.512121 -0.07530999 1.37179 -0.515881 -0.17502 1.32151 -0.587501 -0.17625 1.33121 -0.589581 -0.29275 1.30475 -0.677241 -0.29576 1.31428 -0.6768209 -0.25387 1.29429 -0.533791 -0.25957 1.30246 -0.532831 -0.23386 1.30733 -0.402701 -0.2404599 1.31481 -0.4034309 -0.19786 1.36696 -0.271971 -0.20445 1.37442 -0.272951 -0.1464 1.41535 -0.194851 -0.15184 1.4237 -0.1941109 -0.06343996 1.43948 -0.150151 -0.01996994 1.47145 -0.192211 0.01853996 1.44905 -0.129781 0.04159992 1.47573 -0.2216809 -0.07112997 1.47072 -0.267691 -0.1464 1.41535 -0.194851 0.03554993 1.47813 -0.318751 -0.11515 1.42945 -0.353241 -0.19786 1.36696 -0.271971 0.003829956 1.43655 -0.409321 -0.23386 1.30733 -0.402701 -0.16351 1.36404 -0.4574109 -0.07315999 1.36278 -0.512121 -0.25387 1.29429 -0.533791 -0.21473 1.32386 -0.552981 -0.17502 1.32151 -0.587501 -0.29275 1.30475 -0.677241 0.1638 1.45843 -0.02490079 0.1815299 1.45223 -0.0263108 0.14362 1.44159 -0.09020078 0.1935099 1.44234 -0.0274707 0.14362 1.44159 -0.09020078 0.15013 1.37859 0.157819 0.1961399 1.37788 0.105339 0.1828799 1.43984 0.05055916 0.20294 1.42469 0.04692918 0.16359 1.44308 0.05325919 0.06585997 1.45414 -0.151381 0 1.45382 -0.1578209 0.05115991 1.47448 -0.141201 0 1.46843 -0.1480209 0.08975994 1.49251 -0.114671 0.09435999 1.47796 -0.116731 0.05260998 1.48723 -0.140101 0 1.47673 -0.149681 0.13352 1.46566 -0.08463078 0.1303899 1.47885 -0.07991075 0.15179 1.47479 -0.03082072 0.14135 1.4833 -0.02629077 0.11967 1.49495 -0.0777108 0.1382499 1.49321 -0.02146077 0.10717 1.45875 -0.124151 0.10785 1.42518 -0.121101 0.06968998 1.42078 -0.143051 0 1.43036 -0.151691 0.1341 1.47518 0.05261909 0.12875 1.48489 0.06105911 0.10635 1.45963 0.1167989 0.10498 1.4723 0.123949 0.12415 1.43962 0.124239 0.15272 1.46464 0.05115914 0.06028991 1.44391 0.1522089 0 1.4336 0.173869 0.06588 1.42307 0.162799 0 1.40763 0.187529 0 1.45496 0.1832489 0.06004995 1.46125 0.163429 0.11219 1.41114 0.126419 0.05908989 1.3983 0.155779 0 1.37301 0.195369 0.06217998 1.37493 0.1875489 0 1.3872 0.175469 0.1229 1.31681 0.207089 0.17189 1.30504 0.1677489 0.05267 1.31717 0.2320989 0.11984 1.22369 0.2235789 0.07265996 1.23491 0.254109 0 1.15651 0.287609 0.05850988 1.15385 0.2616389 0 1.15651 0.287609 0 1.08475 0.303969 0 1.23433 0.274479 0 1.23433 0.274479 0 1.32091 0.2382889 0.13712 1.43675 -0.08435076 0.14362 1.44159 -0.09020078 0.1871899 1.43468 -0.02627068 0.1935099 1.44234 -0.0274707 0.10208 1.42602 -0.112971 0.10785 1.42518 -0.121101 0.13712 1.43675 -0.08435076 0.06632995 1.42292 -0.133881 0.06968998 1.42078 -0.143051 0 1.43329 -0.142161 0 1.43036 -0.151691 0 1.47792 -0.139961 0.04871994 1.48653 -0.130921 0 1.47673 -0.149681 0.05260998 1.48723 -0.140101 0.08357995 1.48943 -0.1074309 0.08975994 1.49251 -0.114671 0.11243 1.4895 -0.07348078 0.11967 1.49495 -0.0777108 0.12888 1.48973 -0.02111077 0.1382499 1.49321 -0.02146077 0.11971 1.48179 0.05808913 0.12875 1.48489 0.06105911 0.09691995 1.47382 0.118219 0.10498 1.4723 0.123949 0.05509996 1.46543 0.1558089 0.06004995 1.46125 0.163429 0 1.45832 0.1744689 0 1.45496 0.1832489 0.05418998 1.15252 0.252719 0.05850988 1.15385 0.2616389 0 1.08273 0.2951689 0 1.08475 0.303969 0.11422 1.22246 0.215399 0.11984 1.22369 0.2235789 0.1654599 1.3022 0.1606389 0.17189 1.30504 0.1677489 0.18957 1.37289 0.09968918 0.1961399 1.37788 0.105339 0.19683 1.41763 0.04334908 0.20294 1.42469 0.04692918 0.15781 1.45047 -0.0240308 0.13712 1.43675 -0.08435076 0.1765199 1.44368 -0.02499073 0.1871899 1.43468 -0.02627068 0.19683 1.41763 0.04334908 0.18957 1.37289 0.09968918 0.17856 1.43151 0.0471192 0.14517 1.37324 0.1509789 0.1586 1.43549 0.04907912 0 1.46566 -0.1384609 0 1.45227 -0.147991 0.04871994 1.47115 -0.1320909 0.06264996 1.45227 -0.142091 0.04871994 1.48653 -0.130921 0.08357995 1.48943 -0.1074309 0.08910995 1.47338 -0.1095409 0 1.47792 -0.139961 0.13327 1.47742 -0.02585077 0.12246 1.47443 -0.07572078 0.14458 1.46806 -0.0292207 0.12564 1.46167 -0.07995074 0.11243 1.4895 -0.07348078 0.12888 1.48973 -0.02111077 0.10062 1.45601 -0.117111 0.10208 1.42602 -0.112971 0.06632995 1.42292 -0.133881 0 1.43329 -0.142161 0.09691995 1.47382 0.118219 0.11971 1.48179 0.05808913 0.09922999 1.45664 0.110439 0.12682 1.46888 0.04990917 0.1166999 1.43749 0.117919 0.14574 1.45796 0.04857909 0 1.40793 0.178259 0 1.43228 0.1645089 0.06143999 1.42218 0.1538789 0.05547994 1.44336 0.143459 0.05509996 1.46543 0.1558089 0 1.45832 0.1744689 0.05576992 1.39534 0.146829 0.1074 1.40704 0.118649 0.06073999 1.3681 0.1803889 0 1.38409 0.166319 0 1.366 0.188269 0.1654599 1.3022 0.1606389 0.11804 1.31379 0.198889 0.05031991 1.31276 0.223429 0.06850999 1.2335 0.2451289 0.11422 1.22246 0.215399 0.05418998 1.15252 0.252719 0 1.15508 0.278549 0 1.08273 0.2951689 0 1.23186 0.265119 0 1.31579 0.2298189 -0.1638 1.45843 -0.02490079 -0.14362 1.44159 -0.09020078 -0.1815299 1.45223 -0.0263108 -0.14362 1.44159 -0.09020078 -0.1935099 1.44234 -0.0274707 -0.20294 1.42469 0.04692918 -0.1961399 1.37788 0.105339 -0.1828799 1.43984 0.05055916 -0.15013 1.37859 0.157819 -0.16359 1.44308 0.05325919 0 1.46843 -0.1480209 0 1.45382 -0.1578209 -0.05115991 1.47448 -0.141201 -0.06585997 1.45414 -0.151381 -0.08975994 1.49251 -0.114671 -0.05260998 1.48723 -0.140101 -0.09435999 1.47796 -0.116731 0 1.47673 -0.149681 -0.14135 1.4833 -0.02629077 -0.1303899 1.47885 -0.07991075 -0.15179 1.47479 -0.03082072 -0.13352 1.46566 -0.08463078 -0.11967 1.49495 -0.0777108 -0.1382499 1.49321 -0.02146077 -0.10717 1.45875 -0.124151 -0.10785 1.42518 -0.121101 -0.06968998 1.42078 -0.143051 0 1.43036 -0.151691 -0.10498 1.4723 0.123949 -0.12875 1.48489 0.06105911 -0.10635 1.45963 0.1167989 -0.1341 1.47518 0.05261909 -0.12415 1.43962 0.124239 -0.15272 1.46464 0.05115914 0 1.40763 0.187529 0 1.4336 0.173869 -0.06588 1.42307 0.162799 -0.06028991 1.44391 0.1522089 -0.06004995 1.46125 0.163429 0 1.45496 0.1832489 -0.05908989 1.3983 0.155779 -0.11219 1.41114 0.126419 -0.06217998 1.37493 0.1875489 0 1.3872 0.175469 0 1.37301 0.195369 -0.17189 1.30504 0.1677489 -0.1229 1.31681 0.207089 -0.05267 1.31717 0.2320989 -0.07265996 1.23491 0.254109 -0.11984 1.22369 0.2235789 -0.05850988 1.15385 0.2616389 0 1.15651 0.287609 0 1.08475 0.303969 0 1.15651 0.287609 0 1.23433 0.274479 0 1.23433 0.274479 0 1.32091 0.2382889 -0.1935099 1.44234 -0.0274707 -0.14362 1.44159 -0.09020078 -0.1871899 1.43468 -0.02627068 -0.13712 1.43675 -0.08435076 -0.10785 1.42518 -0.121101 -0.13712 1.43675 -0.08435076 -0.10208 1.42602 -0.112971 -0.06632995 1.42292 -0.133881 -0.06968998 1.42078 -0.143051 0 1.43036 -0.151691 0 1.43329 -0.142161 0 1.47792 -0.139961 0 1.47673 -0.149681 -0.04871994 1.48653 -0.130921 -0.05260998 1.48723 -0.140101 -0.08975994 1.49251 -0.114671 -0.08357995 1.48943 -0.1074309 -0.11967 1.49495 -0.0777108 -0.11243 1.4895 -0.07348078 -0.12888 1.48973 -0.02111077 -0.1382499 1.49321 -0.02146077 -0.12875 1.48489 0.06105911 -0.11971 1.48179 0.05808913 -0.09691995 1.47382 0.118219 -0.10498 1.4723 0.123949 -0.05509996 1.46543 0.1558089 -0.06004995 1.46125 0.163429 0 1.45832 0.1744689 0 1.45496 0.1832489 0 1.08475 0.303969 -0.05850988 1.15385 0.2616389 0 1.08273 0.2951689 -0.05418998 1.15252 0.252719 -0.11422 1.22246 0.215399 -0.11984 1.22369 0.2235789 -0.1654599 1.3022 0.1606389 -0.17189 1.30504 0.1677489 -0.18957 1.37289 0.09968918 -0.1961399 1.37788 0.105339 -0.19683 1.41763 0.04334908 -0.20294 1.42469 0.04692918 -0.15781 1.45047 -0.0240308 -0.1765199 1.44368 -0.02499073 -0.13712 1.43675 -0.08435076 -0.1871899 1.43468 -0.02627068 -0.14517 1.37324 0.1509789 -0.18957 1.37289 0.09968918 -0.17856 1.43151 0.0471192 -0.19683 1.41763 0.04334908 -0.1586 1.43549 0.04907912 -0.06264996 1.45227 -0.142091 0 1.45227 -0.147991 -0.04871994 1.47115 -0.1320909 0 1.46566 -0.1384609 -0.08910995 1.47338 -0.1095409 -0.08357995 1.48943 -0.1074309 -0.04871994 1.48653 -0.130921 0 1.47792 -0.139961 -0.12564 1.46167 -0.07995074 -0.12246 1.47443 -0.07572078 -0.14458 1.46806 -0.0292207 -0.13327 1.47742 -0.02585077 -0.11243 1.4895 -0.07348078 -0.12888 1.48973 -0.02111077 -0.10062 1.45601 -0.117111 -0.10208 1.42602 -0.112971 -0.06632995 1.42292 -0.133881 0 1.43329 -0.142161 -0.12682 1.46888 0.04990917 -0.11971 1.48179 0.05808913 -0.09922999 1.45664 0.110439 -0.09691995 1.47382 0.118219 -0.14574 1.45796 0.04857909 -0.1166999 1.43749 0.117919 -0.05547994 1.44336 0.143459 0 1.43228 0.1645089 -0.06143999 1.42218 0.1538789 0 1.40793 0.178259 0 1.45832 0.1744689 -0.05509996 1.46543 0.1558089 -0.1074 1.40704 0.118649 -0.05576992 1.39534 0.146829 0 1.366 0.188269 -0.06073999 1.3681 0.1803889 0 1.38409 0.166319 -0.11804 1.31379 0.198889 -0.1654599 1.3022 0.1606389 -0.05031991 1.31276 0.223429 -0.11422 1.22246 0.215399 -0.06850999 1.2335 0.2451289 0 1.15508 0.278549 -0.05418998 1.15252 0.252719 0 1.08273 0.2951689 0 1.23186 0.265119 0 1.31579 0.2298189 0.1704199 -0.006879985 0.54449 0.19764 0.05241996 0.48161 0.17091 0.05989992 0.48148 0.1442 -0.003899931 0.49323 0.1353999 0.01756989 0.48641 0.1442 0.05275988 0.4811999 0.19764 -0.00405997 0.49364 0.17091 -0.01143991 0.49357 0.20642 0.01722997 0.48697 -0.02303993 -0.009409964 0.50235 0.02843993 0.05026996 0.4574999 0.004179954 0.05757999 0.44569 -0.0180599 0.04777991 0.43615 -0.02161997 -0.006459951 0.44595 -0.02710998 0.01500993 0.43525 0.02259999 -0.006759881 0.46814 9e-5 -0.01425999 0.4570299 9e-5 -0.01425999 0.4570299 0.03255999 0.01500993 0.46521 0.3644 -0.007229924 0.5011799 0.36523 -0.003939986 0.4442 0.3709599 0.0169 0.4332699 0.36166 0.04923999 0.43441 0.31309 0.05252999 0.45743 0.33853 0.05929988 0.44471 0.31893 -0.004189968 0.46806 0.30849 0.01750993 0.46549 0.34263 -0.01159 0.45604 0.34263 -0.01159 0.45604 0.1713399 0.12892 0.3691999 0.1713899 0.10379 0.4002 0.2387 0.09017997 0.40056 0.10453 0.02841997 0.4190199 0.10462 -0.009139955 0.41047 0.11629 0.02621996 0.4186999 0.12905 -0.001949906 0.41793 0.10462 0.09103 0.39948 0.10453 0.02841997 0.4190199 0.12905 0.07392996 0.4078199 0.11629 0.02621996 0.4186999 0.2387 -0.009439945 0.41158 0.2137899 -0.002239882 0.41877 0.17145 -0.01896995 0.40886 0.1713899 -0.01469993 0.4181399 0.22648 0.02560997 0.41982 0.2383199 0.02771997 0.42026 0.2137899 0.07331997 0.4086599 0.2383199 0.02771997 0.42026 0.22648 0.02560997 0.41982 0.03343999 0.10141 0.37261 0.06716996 0.07130998 0.39755 0.03806996 0.11576 0.35051 -0.005519986 0.08419996 0.3349 -0.003549993 0.07072997 0.36338 -0.006979942 -0.003739953 0.3729 -0.01965999 0.02712988 0.36654 -0.007949948 0.003109931 0.34168 -0.02226996 0.03770995 0.3332 -0.02226996 0.03770995 0.3332 -0.01965999 0.02712988 0.36654 0.06373995 -0.004749894 0.40709 0.03139996 -0.01782 0.37765 0.02734988 -0.01727998 0.38949 0.07444 0.02344 0.41323 0.07444 0.02344 0.41323 0.36689 0.03692996 0.33621 0.36304 0.02921998 0.36336 0.35166 0.001249969 0.34409 0.35006 -0.001309931 0.37056 0.3491899 0.08307999 0.3372499 0.3466 0.07245999 0.3610399 0.36689 0.03692996 0.33621 0.36304 0.02921998 0.36336 0.30879 0.10302 0.3725399 0.30184 0.11682 0.35034 0.26675 0.02552998 0.4162499 0.2777299 -0.002309978 0.4093599 0.27427 0.07308 0.39982 0.26675 0.02552998 0.4162499 0.3102999 -0.01810991 0.37928 0.31492 -0.01471996 0.38941 0.2466999 0.244 0.08899998 0.21672 0.30499 0.0388199 0.16016 0.26716 0.10725 0.15358 0.30682 0.06121999 0.21516 0.3164809 -0.08425045 0.23184 0.26026 -0.113495 0.1535699 0.320335 -0.106281 0.16016 0.2610599 -0.1463649 0.07126998 0.30806 -0.02822995 0.09459996 0.317671 -0.0889405 0.05792999 0.26033 -0.05842989 0.08848994 0.26186 -0.119795 0.07287997 0.24563 0.08651995 0.09332996 0.30621 0.03654992 0.26287 0.25821 -0.0521999 0.23851 0.30641 -0.02340996 0.17478 0.01295989 -0.1701099 0.26215 0.01927 -0.15691 0.1748 -0.006649971 -0.07282996 0.28424 0.01058989 -0.06893998 0.30155 0.00394994 0.08489 0.1744 -0.01162993 0.06472998 -0.002759993 0.1268799 0.17884 0.03749996 0.19668 0.06385999 0.01126992 0.13556 0.04609996 -0.006389915 0.10678 0.27445 0.03625988 0.18013 0.19683 0.03766 0.14342 0.2999 0.08810997 0.20266 0.20601 -8e-5 0.008340001 0.2116699 -0.02034991 0.05847996 0.1873 0.04742991 0.004319906 0.08244997 9e-5 0.05623996 0.05290997 -0.02496999 0.05311989 0.27303 -0.01239997 0.007509887 0.285 -0.02034991 0.05847996 0.1873 9e-5 0.05623996 0.05290997 -0.02496999 0.05311989 0.27303 0.3428699 0.12581 0.18057 0.29875 0.19476 0.06628 0.29876 0.17495 0.19871 0.34891 0.05576992 0.05657988 0.35829 0.05785989 0.18941 0.3467299 0.007889986 0.21364 0.35829 0.05785989 0.18941 0.34891 0.05576992 0.05657988 0.32725 0.1347799 0.04986995 0.3687599 0.0523799 0.2775 0.35494 0.007059991 0.28834 0.3687599 0.0523799 0.2775 0.34929 0.1052 0.27745 0.166 0.20336 -0.1800699 0.2488899 0.20278 -0.1433399 0.26917 0.13586 -0.1655989 0.1718299 0.1361399 -0.1998559 0.17438 0.05688995 -0.19931 0.27584 0.05748999 -0.16321 0.27584 0.05748999 -0.16321 0.17438 0.05688995 -0.19931 0.04145991 0.2032 -0.07569998 0.07954996 0.20394 -0.15003 0.02372992 0.1362699 -0.08678996 0.07454997 0.13634 -0.172689 0.07299 0.05776 -0.17034 0.08743 0.01956999 -0.1629199 0.02837991 0.05662 -0.08641999 0.06537997 0.01093989 -0.07396 0.07299 0.05776 -0.17034 0.02837991 0.05662 -0.08641999 0.28716 0.2015399 -0.06897997 0.30729 0.1355699 -0.07966995 0.32661 0.05622988 -0.0794 0.32661 0.05622988 -0.0794 0.27399 -0.01646995 0.21886 0.31404 -0.01697999 0.29363 0.25031 -0.02043998 0.31944 0.24383 0.20064 0.20682 0.16475 0.2149199 0.20982 0.1692399 0.16272 0.31663 0.2396 0.1563299 0.31128 0.29927 0.14196 0.29894 0.09996998 0.15748 0.31016 0.1732699 -0.01807999 0.20337 0.1721 -0.02025997 0.31641 0.07286 -0.01618999 0.21745 0.03621995 -0.01664996 0.29401 0.09442996 -0.02022999 0.31821 0.24048 0.12494 0.36081 0.10268 0.12576 0.35977 0.17091 -0.01143991 0.49357 0.12905 -0.001949906 0.41793 0.1713899 -0.01469993 0.4181399 0.2137899 -0.002239882 0.41877 0.1713899 -0.01469993 0.4181399 0.22648 0.02560997 0.41982 0.2137899 0.07331997 0.4086599 0.1713899 0.10379 0.4002 0.12905 0.07392996 0.4078199 0.11629 0.02621996 0.4186999 0.27427 0.07308 0.39982 0.30879 0.10302 0.3725399 0.02734988 -0.01727998 0.38949 -0.006979942 -0.003739953 0.3729 0.06373995 -0.004749894 0.40709 0.02734988 -0.01727998 0.38949 0.35006 -0.001309931 0.37056 0.31492 -0.01471996 0.38941 0.31492 -0.01471996 0.38941 0.2777299 -0.002309978 0.4093599 -0.003549993 0.07072997 0.36338 -0.01965999 0.02712988 0.36654 0.07444 0.02344 0.41323 0.06716996 0.07130998 0.39755 0.3466 0.07245999 0.3610399 0.36304 0.02921998 0.36336 0.26675 0.02552998 0.4162499 0.03343999 0.10141 0.37261 -0.1704199 -0.006879985 0.54449 -0.17091 0.05989992 0.48148 -0.19764 0.05241996 0.48161 -0.1442 -0.003899931 0.49323 -0.1353999 0.01756989 0.48641 -0.1442 0.05275988 0.4811999 -0.19764 -0.00405997 0.49364 -0.17091 -0.01143991 0.49357 -0.20642 0.01722997 0.48697 0.02303993 -0.009409964 0.50235 -0.004179954 0.05757999 0.44569 -0.02843993 0.05026996 0.4574999 0.0180599 0.04777991 0.43615 0.02161997 -0.006459951 0.44595 0.02710998 0.01500993 0.43525 -0.02259999 -0.006759881 0.46814 -9e-5 -0.01425999 0.4570299 -9e-5 -0.01425999 0.4570299 -0.03255999 0.01500993 0.46521 -0.3644 -0.007229924 0.5011799 -0.3709599 0.0169 0.4332699 -0.36523 -0.003939986 0.4442 -0.36166 0.04923999 0.43441 -0.31309 0.05252999 0.45743 -0.33853 0.05929988 0.44471 -0.31893 -0.004189968 0.46806 -0.30849 0.01750993 0.46549 -0.34263 -0.01159 0.45604 -0.34263 -0.01159 0.45604 -0.1713399 0.12892 0.3691999 -0.2387 0.09017997 0.40056 -0.1713899 0.10379 0.4002 -0.10453 0.02841997 0.4190199 -0.11629 0.02621996 0.4186999 -0.10462 -0.009139955 0.41047 -0.12905 -0.001949906 0.41793 -0.11629 0.02621996 0.4186999 -0.10453 0.02841997 0.4190199 -0.12905 0.07392996 0.4078199 -0.10462 0.09103 0.39948 -0.1713899 -0.01469993 0.4181399 -0.2137899 -0.002239882 0.41877 -0.17145 -0.01896995 0.40886 -0.2387 -0.009439945 0.41158 -0.22648 0.02560997 0.41982 -0.2383199 0.02771997 0.42026 -0.22648 0.02560997 0.41982 -0.2137899 0.07331997 0.4086599 -0.2383199 0.02771997 0.42026 -0.03343999 0.10141 0.37261 -0.06716996 0.07130998 0.39755 0.003549993 0.07072997 0.36338 0.005519986 0.08419996 0.3349 -0.03806996 0.11576 0.35051 0.02226996 0.03770995 0.3332 0.01965999 0.02712988 0.36654 0.007949948 0.003109931 0.34168 0.006979942 -0.003739953 0.3729 0.01965999 0.02712988 0.36654 0.02226996 0.03770995 0.3332 -0.02734988 -0.01727998 0.38949 -0.06373995 -0.004749894 0.40709 -0.03139996 -0.01782 0.37765 -0.07444 0.02344 0.41323 -0.07444 0.02344 0.41323 -0.35006 -0.001309931 0.37056 -0.36304 0.02921998 0.36336 -0.35166 0.001249969 0.34409 -0.36689 0.03692996 0.33621 -0.36304 0.02921998 0.36336 -0.3466 0.07245999 0.3610399 -0.36689 0.03692996 0.33621 -0.3491899 0.08307999 0.3372499 -0.30879 0.10302 0.3725399 -0.30184 0.11682 0.35034 -0.26675 0.02552998 0.4162499 -0.2777299 -0.002309978 0.4093599 -0.26675 0.02552998 0.4162499 -0.27427 0.07308 0.39982 -0.31492 -0.01471996 0.38941 -0.3102999 -0.01810991 0.37928 -0.15358 0.30682 0.06121999 -0.21672 0.30499 0.0388199 -0.16016 0.26716 0.10725 -0.2466999 0.244 0.08899998 -0.21516 0.3164809 -0.08425045 -0.1535699 0.320335 -0.106281 -0.23184 0.26026 -0.113495 -0.16016 0.2610599 -0.1463649 -0.08848994 0.26186 -0.119795 -0.09459996 0.317671 -0.0889405 -0.05792999 0.26033 -0.05842989 -0.07126998 0.30806 -0.02822995 -0.09332996 0.30621 0.03654992 -0.07287997 0.24563 0.08651995 -0.23851 0.30641 -0.02340996 -0.26287 0.25821 -0.0521999 -0.28424 0.01058989 -0.06893998 -0.26215 0.01927 -0.15691 -0.1748 -0.006649971 -0.07282996 -0.17478 0.01295989 -0.1701099 -0.1744 -0.01162993 0.06472998 -0.30155 0.00394994 0.08489 0.002759993 0.1268799 0.17884 -0.01126992 0.13556 0.04609996 -0.03749996 0.19668 0.06385999 -0.03766 0.14342 0.2999 0.006389915 0.10678 0.27445 -0.03625988 0.18013 0.19683 -0.08810997 0.20266 0.20601 -9e-5 0.05623996 0.05290997 0.02034991 0.05847996 0.1873 -0.04742991 0.004319906 0.08244997 8e-5 0.008340001 0.2116699 0.01239997 0.007509887 0.285 0.02496999 0.05311989 0.27303 -9e-5 0.05623996 0.05290997 0.02034991 0.05847996 0.1873 0.02496999 0.05311989 0.27303 -0.3428699 0.12581 0.18057 -0.29876 0.17495 0.19871 -0.29875 0.19476 0.06628 -0.3467299 0.007889986 0.21364 -0.35829 0.05785989 0.18941 -0.34891 0.05576992 0.05657988 -0.32725 0.1347799 0.04986995 -0.34891 0.05576992 0.05657988 -0.35829 0.05785989 0.18941 -0.35494 0.007059991 0.28834 -0.3687599 0.0523799 0.2775 -0.34929 0.1052 0.27745 -0.3687599 0.0523799 0.2775 -0.2488899 0.20278 -0.1433399 -0.166 0.20336 -0.1800699 -0.1718299 0.1361399 -0.1998559 -0.26917 0.13586 -0.1655989 -0.27584 0.05748999 -0.16321 -0.17438 0.05688995 -0.19931 -0.27584 0.05748999 -0.16321 -0.17438 0.05688995 -0.19931 -0.07954996 0.20394 -0.15003 -0.04145991 0.2032 -0.07569998 -0.07454997 0.13634 -0.172689 -0.02372992 0.1362699 -0.08678996 -0.06537997 0.01093989 -0.07396 -0.08743 0.01956999 -0.1629199 -0.02837991 0.05662 -0.08641999 -0.07299 0.05776 -0.17034 -0.02837991 0.05662 -0.08641999 -0.07299 0.05776 -0.17034 -0.28716 0.2015399 -0.06897997 -0.30729 0.1355699 -0.07966995 -0.32661 0.05622988 -0.0794 -0.32661 0.05622988 -0.0794 -0.27399 -0.01646995 0.21886 -0.31404 -0.01697999 0.29363 -0.25031 -0.02043998 0.31944 -0.16475 0.2149199 0.20982 -0.24383 0.20064 0.20682 -0.2396 0.1563299 0.31128 -0.1692399 0.16272 0.31663 -0.29927 0.14196 0.29894 -0.09996998 0.15748 0.31016 -0.1732699 -0.01807999 0.20337 -0.1721 -0.02025997 0.31641 -0.07286 -0.01618999 0.21745 -0.03621995 -0.01664996 0.29401 -0.09442996 -0.02022999 0.31821 -0.24048 0.12494 0.36081 -0.10268 0.12576 0.35977 -0.17091 -0.01143991 0.49357 -0.1713899 -0.01469993 0.4181399 -0.12905 -0.001949906 0.41793 -0.1713899 -0.01469993 0.4181399 -0.2137899 -0.002239882 0.41877 -0.22648 0.02560997 0.41982 -0.2137899 0.07331997 0.4086599 -0.1713899 0.10379 0.4002 -0.12905 0.07392996 0.4078199 -0.11629 0.02621996 0.4186999 -0.27427 0.07308 0.39982 -0.30879 0.10302 0.3725399 0.006979942 -0.003739953 0.3729 -0.02734988 -0.01727998 0.38949 -0.02734988 -0.01727998 0.38949 -0.06373995 -0.004749894 0.40709 -0.31492 -0.01471996 0.38941 -0.35006 -0.001309931 0.37056 -0.2777299 -0.002309978 0.4093599 -0.31492 -0.01471996 0.38941 0.01965999 0.02712988 0.36654 0.003549993 0.07072997 0.36338 -0.07444 0.02344 0.41323 -0.06716996 0.07130998 0.39755 -0.36304 0.02921998 0.36336 -0.3466 0.07245999 0.3610399 -0.26675 0.02552998 0.4162499 -0.03343999 0.10141 0.37261 0.05847007 1.47838 0.03373706 0.08652997 1.48205 0.0388692 -1.21e-5 1.47176 0.05586946 0.09065997 1.48728 -0.0265308 0.07615649 1.48468 -0.02816516 0.09081995 1.49643 -0.102811 0.05458599 1.4897 -0.08575576 0.07928997 1.47931 0.09458917 0 1.47234 0.09540915 0 1.65741 0.331759 0.04048997 1.65998 0.316189 0 1.68294 0.3097389 0.0461499 1.68239 0.297279 0.08853995 1.67702 0.280529 0.08164 1.65624 0.300149 0.21276 1.67117 0.216269 0.19679 1.62586 0.2465789 0.23894 1.62893 0.214039 0.24098 1.58318 0.199429 0.1978409 1.57798 0.2331719 0.213319 1.54076 0.182619 0.179533 1.54378 0.220652 0.16929 1.51138 0.1805289 0.14423 1.52374 0.225039 0.11728 1.49338 0.179709 0.10024 1.5076 0.229119 0.137349 1.54909 0.256451 0.09050995 1.52221 0.262239 0.06039988 1.47786 0.183829 0.05109 1.49588 0.235229 0.04753988 1.51131 0.265639 0 1.4723 0.185419 0 1.49165 0.237369 0.04397994 1.53928 0.287955 0 1.53462 0.290993 0.04575991 1.52653 0.28262 0 1.52166 0.285591 0.1682199 2.23324 -0.01156073 0.1708999 2.20497 0.09137916 0.25353 2.19322 -0.005430698 0.37146 1.89246 0.0326792 0.35303 1.87387 0.101399 0.36381 1.81006 0.01028919 0.34598 1.79044 0.0842092 0.35687 1.99278 0.05950909 0.33415 1.97471 0.1259059 0.31138 2.09301 0.07448917 0.29566 2.05544 0.145327 0.27839 1.58951 0.154529 0.2396399 1.54431 0.143839 0.30377 1.59688 0.106169 0.26464 1.54937 0.09580916 0.2795 1.63545 0.167389 0.30871 1.64527 0.120479 0.32465 1.60898 0.04497915 0.2879 1.55559 0.0364291 0.33276 1.6207 -0.02582079 0.2962599 1.56698 -0.03008079 0.33425 1.6651 0.05397909 0.34698 1.68022 -0.01541078 0.26241 1.68164 0.173559 0.29258 1.69603 0.1324589 0.32861 1.71733 0.06649917 0.35152 1.73843 -0.006660759 0.1292099 1.48929 0.141439 0.07019996 1.47467 0.144209 0 1.46825 0.1453689 0.14511 1.49135 0.09268915 0.15911 1.49791 0.03770911 0.1670899 1.50591 -0.02696079 0.1847 1.50721 0.1412789 0.2037699 1.51148 0.09105914 0.2201099 1.51735 0.0368191 0.23094 1.52783 -0.02992069 0.24887 2.16379 0.08439916 0.23355 2.12913 0.158379 0.16096 2.16999 0.169449 0.09253996 2.23027 0.09536916 0.08701997 2.19395 0.177429 0 2.2035 0.180429 0.08010995 2.14822 0.241259 0 2.15873 0.2441989 0 2.24028 0.09953916 0.08142 1.5757 0.311249 0.07774996 1.6122 0.318409 0.04027998 1.57261 0.325789 0.03867 1.6146 0.3328289 0 1.57172 0.329779 0 1.61509 0.339909 0.08326995 1.55428 0.296729 0.04244995 1.54172 0.3054389 0 1.53815 0.308299 0.09113997 2.25285 -0.01078075 0 2.26182 -0.009030759 0.32143 2.11217 0.02868914 0.36709 2.00309 0.006599128 0.37811 1.90436 -0.03276073 0.36471 1.82611 -0.05906075 0.32494 1.63477 -0.100051 0.33941 1.69846 -0.09256309 0.28559 1.58182 -0.102671 0.34863 1.75596 -0.07897078 0.23113 1.54255 -0.102821 0.1673499 1.51802 -0.102321 0.03856992 1.64039 0.331579 0.07905 1.63767 0.313239 0 1.64167 0.345019 0.43465 1.9666 -0.107241 0.51872 2.04737 -0.162431 0.42452 2.04693 -0.05356079 0.50668 2.12031 -0.106811 0.4194099 1.92126 -0.175351 0.50898 2.01893 -0.223071 0.38094 1.91265 -0.246861 0.47656 2.01596 -0.280711 0.34204 1.96416 -0.304941 0.42234 2.04483 -0.338941 0.37791 2.10094 -0.3645009 0.3025799 2.03229 -0.342591 0.3471699 2.17438 -0.360831 0.37791 2.10094 -0.3645009 0.27006 2.10765 -0.341631 0.3025799 2.03229 -0.342591 0.32287 2.25893 -0.320661 0.24298 2.20065 -0.299661 0.3335599 2.31882 -0.245831 0.24848 2.25491 -0.219181 0.28498 2.25993 -0.1312109 0.3677 2.31758 -0.172841 0.32819 2.22128 -0.0661208 0.4165999 2.28553 -0.118561 0.38232 2.15016 -0.03735077 0.46866 2.21273 -0.09216076 0.34019 2.12457 -0.005910754 0.383 2.01665 -0.02642077 0.28434 2.19749 -0.03819078 0.2379199 2.22814 -0.112271 0.19389 2.21593 -0.205451 0.17776 2.15952 -0.3011209 0.20364 2.05633 -0.347331 0.24159 1.97314 -0.338911 0.28203 1.90496 -0.291081 0.24159 1.97314 -0.338911 0.33235 1.85754 -0.2273809 0.36769 1.86857 -0.141951 0.39425 1.92931 -0.0735408 0.2439399 1.65654 -0.2689009 0.25528 1.62533 -0.224771 0.20331 1.59324 -0.230611 0.2023699 1.64821 -0.299901 0.32143 2.11217 0.02868914 0.36709 2.00309 0.006599128 0.34019 2.12457 -0.005910754 0.383 2.01665 -0.02642077 0.28434 2.19749 -0.03819078 0.25353 2.19322 -0.005430698 0.20213 2.22275 -0.1049309 0.2379199 2.22814 -0.112271 0.15108 2.20974 -0.2020509 0.19389 2.21593 -0.205451 0.14225 2.15402 -0.311321 0.17776 2.15952 -0.3011209 0.20364 2.05633 -0.347331 0.17877 2.03878 -0.356711 0.24159 1.97314 -0.338911 0.2175599 1.95434 -0.354411 0.25468 1.87727 -0.307651 0.28203 1.90496 -0.291081 0.3173 1.82701 -0.228871 0.33235 1.85754 -0.2273809 0.36769 1.86857 -0.141951 0.35742 1.83762 -0.124441 0.39425 1.92931 -0.0735408 0.37811 1.90436 -0.03276073 0.16183 2.23609 -0.106931 0.1682199 2.23324 -0.01156073 0.54222 2.37536 -0.203471 0.5919799 2.30506 -0.183561 0.5925 2.38353 -0.242321 0.62859 2.3296 -0.222281 0.48344 2.33751 -0.163491 0.53899 2.26497 -0.1409109 0.62047 2.23432 -0.1996809 0.5735099 2.18907 -0.159901 0.6523 2.26304 -0.233981 0.4624699 2.39483 -0.301931 0.5122399 2.39975 -0.327831 0.45323 2.34353 -0.3548409 0.50307 2.35433 -0.372701 0.39151 2.3078 -0.339711 0.40275 2.36437 -0.273231 0.49913 2.40215 -0.2471809 0.55068 2.40581 -0.279121 0.43955 2.3659 -0.2114509 0.49707 2.1174 -0.360681 0.45221 2.16734 -0.379941 0.54786 2.1698 -0.370321 0.50221 2.21081 -0.390061 0.54401 2.2402 -0.3955709 0.58271 2.20099 -0.378821 0.46858 2.27361 -0.385931 0.51282 2.29407 -0.394551 0.50221 2.21081 -0.390061 0.54401 2.2402 -0.3955709 0.41411 2.23045 -0.377741 0.45221 2.16734 -0.379941 0.6569499 2.21039 -0.268941 0.62455 2.17776 -0.240631 0.58477 2.12409 -0.207031 0.64124 2.19053 -0.305611 0.61074 2.1597 -0.284271 0.5723299 2.09879 -0.257741 0.61811 2.18244 -0.348661 0.5894899 2.15402 -0.332011 0.54526 2.09433 -0.3140209 0.8598799 2.32081 -0.4728109 0.86343 2.30347 -0.467531 0.88225 2.31137 -0.5079309 0.88414 2.29962 -0.505561 0.8817999 2.29217 -0.512741 0.8834099 2.30294 -0.519111 0.8834099 2.30294 -0.519111 0.87681 2.31506 -0.5196909 0.87739 2.31862 -0.512551 0.85258 2.3317 -0.478201 0.8699499 2.30954 -0.5253109 0.87264 2.29764 -0.524881 0.8341299 2.29832 -0.5167109 0.87711 2.28919 -0.518191 0.84171 2.28145 -0.510721 0.87264 2.29764 -0.524881 0.80695 2.33348 -0.408371 0.81713 2.30404 -0.404451 0.71477 2.34243 -0.307811 0.73337 2.29016 -0.310831 0.68918 2.37373 -0.326331 0.79453 2.35308 -0.421281 0.83926 2.33357 -0.5052509 0.84692 2.33625 -0.493541 0.63348 2.38822 -0.396311 0.6611599 2.39101 -0.361561 0.76262 2.35978 -0.467441 0.77729 2.36044 -0.443091 0.62168 2.35834 -0.428201 0.7522999 2.33732 -0.486071 0.83465 2.31881 -0.515581 0.7772299 2.26241 -0.478361 0.76752 2.27326 -0.489271 0.65415 2.25918 -0.442681 0.68159 2.23105 -0.423691 0.75664 2.29913 -0.495581 0.76752 2.27326 -0.489271 0.84171 2.28145 -0.510721 0.63137 2.30358 -0.445111 0.65415 2.25918 -0.442681 0.81602 2.27505 -0.419161 0.8629599 2.29134 -0.471081 0.73557 2.24385 -0.335471 0.85971 2.28054 -0.480211 0.80584 2.2592 -0.437401 0.72301 2.22545 -0.365131 0.85104 2.27551 -0.495891 0.70734 2.21765 -0.394731 0.79627 2.25453 -0.456571 0.07374 1.95831 -0.408001 0.13093 1.9545 -0.391751 0.07375997 1.87238 -0.402601 0.1342499 1.8739 -0.383751 0 1.95952 -0.413371 0 1.87179 -0.408481 0.07604998 2.07124 -0.381641 0.1329399 2.0597 -0.370921 0 2.07582 -0.385031 0.08125996 2.17014 -0.314401 0 2.17652 -0.316111 0.1393399 1.63942 -0.317781 0.14752 1.56943 -0.234401 0.2029899 1.71796 -0.324211 0.25935 1.72304 -0.282021 0.13789 1.70812 -0.350211 0.07468998 1.70092 -0.366381 0.07598 1.63424 -0.330581 0.08094996 1.55228 -0.2378309 0 1.69824 -0.371071 0 1.6301 -0.3340409 0 1.54616 -0.2395309 0.20302 1.78421 -0.340231 0.26196 1.78768 -0.293241 0.13713 1.77938 -0.370521 0.1942999 1.87614 -0.358321 0.07409 1.77552 -0.389401 0 1.77398 -0.3950409 0.28058 1.65515 -0.224191 0.29976 1.71889 -0.224501 0.30686 1.64538 -0.163051 0.27078 1.60138 -0.166351 0.32462 1.70876 -0.156293 0.08785998 1.5169 -0.176441 0.1614599 1.53854 -0.1741909 0 1.50948 -0.176881 0.2193 1.56624 -0.169681 0.08682 2.22517 -0.2165409 0 2.23276 -0.219031 0.08954995 2.25262 -0.112321 0 2.26045 -0.113681 0.09113997 2.25285 -0.01078075 0 2.26182 -0.009030759 0.3372 1.77086 -0.145901 0.31116 1.78297 -0.228691 0.18118 1.95397 -0.371361 0.36471 1.82611 -0.05906075 0.33941 1.69846 -0.09256309 0.32494 1.63477 -0.100051 0.28559 1.58182 -0.102671 0.34863 1.75596 -0.07897078 0.23113 1.54255 -0.102821 0.1673499 1.51802 -0.102321 0.09081995 1.49643 -0.102811 -1.21e-5 1.48753 -0.106142 0.05458599 1.4897 -0.08575576 0 1.50675 0.267819 0.04397994 1.53543 0.288869 0.08455997 1.54929 0.28322 0 1.53078 0.2915689 0.04397994 1.53543 0.288869 0.21546 1.89349 0.270899 0.26182 1.91968 0.237519 0.2341499 1.98295 0.255939 0.1715599 1.95787 0.298969 0.18933 2.03684 0.272909 0 1.71123 0.302659 0.05215996 1.71112 0.293609 0.09670996 1.69679 0.279699 0.27314 1.72376 0.183079 0.26829 1.74544 0.196919 0.2365999 1.71286 0.213339 0.31797 1.84658 0.1642789 0.30935 1.77847 0.153299 0.30355 1.94815 0.1882089 0.26846 2.01908 0.204169 0.20961 1.69723 0.230839 0.2108899 2.08522 0.221219 0.13159 2.06445 0.287639 0.11871 1.97502 0.317169 0.14664 2.12284 0.233339 0.07231998 2.08275 0.2973589 0.06542998 1.98706 0.325919 0 2.08953 0.3006989 0 1.98978 0.333029 0 1.76319 0.316209 0.05585998 1.76764 0.308869 0.08367997 1.74175 0.2896389 0 1.83326 0.334189 0.05820989 1.83517 0.327889 0.10028 1.77331 0.297329 0.10719 1.83788 0.312249 0.1594899 1.80692 0.275649 0.1625199 1.8424 0.290059 0.1065 1.70906 0.277689 0.11121 1.90558 0.322019 0.06094998 1.9065 0.336589 0 1.90734 0.341349 0.16501 1.90242 0.299869 0.22718 1.72057 0.2197089 0.25422 1.75394 0.2099789 0.28152 1.78071 0.194859 0.12326 1.76762 0.279309 0.1578199 1.79673 0.271149 0.11561 1.77115 0.285709 0.10026 1.74449 0.278159 0.29053 1.83221 0.1962789 0.2625499 1.78289 0.210469 0.26547 1.8192 0.212109 0.20122 1.70555 0.2315589 0.11515 1.72147 0.2703289 0.29416 1.88457 0.200819 0.26428 1.87028 0.224169 0.2116 1.84102 0.258119 0.2104499 1.83017 0.2539989 0.26382 1.859 0.220209 0.12171 1.57693 0.278209 -0.05849432 1.47838 0.03373706 -1.21e-5 1.47176 0.05586946 -0.08652997 1.48205 0.0388692 -0.07618069 1.48468 -0.02816516 -0.09065997 1.48728 -0.0265308 -0.05461019 1.4897 -0.08575576 -0.09081995 1.49643 -0.102811 0 1.47234 0.09540915 -0.07928997 1.47931 0.09458917 -0.0461499 1.68239 0.297279 -0.04048997 1.65998 0.316189 0 1.68294 0.3097389 0 1.65741 0.331759 -0.08164 1.65624 0.300149 -0.08853995 1.67702 0.280529 -0.24098 1.58318 0.199429 -0.1978409 1.57798 0.2331719 -0.23894 1.62893 0.214039 -0.19679 1.62586 0.2465789 -0.179533 1.54378 0.220652 -0.213319 1.54076 0.182619 -0.14423 1.52374 0.225039 -0.16929 1.51138 0.1805289 -0.10024 1.5076 0.229119 -0.11728 1.49338 0.179709 -0.05109 1.49588 0.235229 -0.06039988 1.47786 0.183829 -0.04753988 1.51131 0.265639 -0.09050995 1.52221 0.262239 0 1.49165 0.237369 0 1.4723 0.185419 -0.04397994 1.53928 0.287955 -0.04575991 1.52653 0.28262 0 1.53462 0.290993 0 1.52166 0.285591 -0.1682199 2.23324 -0.01156073 -0.25353 2.19322 -0.005430698 -0.1708999 2.20497 0.09137916 -0.34598 1.79044 0.0842092 -0.35303 1.87387 0.101399 -0.36381 1.81006 0.01028919 -0.37146 1.89246 0.0326792 -0.35687 1.99278 0.05950909 -0.33415 1.97471 0.1259059 -0.29566 2.05544 0.145327 -0.31138 2.09301 0.07448917 -0.2396399 1.54431 0.143839 -0.27839 1.58951 0.154529 -0.26464 1.54937 0.09580916 -0.30377 1.59688 0.106169 -0.2795 1.63545 0.167389 -0.30871 1.64527 0.120479 -0.2879 1.55559 0.0364291 -0.32465 1.60898 0.04497915 -0.2962599 1.56698 -0.03008079 -0.33276 1.6207 -0.02582079 -0.33425 1.6651 0.05397909 -0.34698 1.68022 -0.01541078 -0.29258 1.69603 0.1324589 -0.26241 1.68164 0.173559 -0.32861 1.71733 0.06649917 -0.35152 1.73843 -0.006660759 -0.07019996 1.47467 0.144209 -0.1292099 1.48929 0.141439 0 1.46825 0.1453689 -0.14511 1.49135 0.09268915 -0.15911 1.49791 0.03770911 -0.1670899 1.50591 -0.02696079 -0.1847 1.50721 0.1412789 -0.2037699 1.51148 0.09105914 -0.2201099 1.51735 0.0368191 -0.23094 1.52783 -0.02992069 -0.23355 2.12913 0.158379 -0.24887 2.16379 0.08439916 -0.16096 2.16999 0.169449 -0.08701997 2.19395 0.177429 -0.09253996 2.23027 0.09536916 -0.08010995 2.14822 0.241259 0 2.2035 0.180429 0 2.15873 0.2441989 0 2.24028 0.09953916 -0.03867 1.6146 0.3328289 -0.07774996 1.6122 0.318409 -0.04027998 1.57261 0.325789 -0.08142 1.5757 0.311249 0 1.61509 0.339909 0 1.57172 0.329779 -0.04244995 1.54172 0.3054389 -0.08326995 1.55428 0.296729 0 1.53815 0.308299 -0.09113997 2.25285 -0.01078075 0 2.26182 -0.009030759 -0.32143 2.11217 0.02868914 -0.36709 2.00309 0.006599128 -0.37811 1.90436 -0.03276073 -0.36471 1.82611 -0.05906075 -0.33941 1.69846 -0.09256309 -0.32494 1.63477 -0.100051 -0.28559 1.58182 -0.102671 -0.34863 1.75596 -0.07897078 -0.23113 1.54255 -0.102821 -0.1673499 1.51802 -0.102321 -0.03856992 1.64039 0.331579 0 1.64167 0.345019 -0.50668 2.12031 -0.106811 -0.51872 2.04737 -0.162431 -0.42452 2.04693 -0.05356079 -0.43465 1.9666 -0.107241 -0.50898 2.01893 -0.223071 -0.4194099 1.92126 -0.175351 -0.47656 2.01596 -0.280711 -0.38094 1.91265 -0.246861 -0.34204 1.96416 -0.304941 -0.42234 2.04483 -0.338941 -0.3025799 2.03229 -0.342591 -0.37791 2.10094 -0.3645009 -0.3025799 2.03229 -0.342591 -0.37791 2.10094 -0.3645009 -0.27006 2.10765 -0.341631 -0.3471699 2.17438 -0.360831 -0.24298 2.20065 -0.299661 -0.32287 2.25893 -0.320661 -0.24848 2.25491 -0.219181 -0.3335599 2.31882 -0.245831 -0.28498 2.25993 -0.1312109 -0.3677 2.31758 -0.172841 -0.4165999 2.28553 -0.118561 -0.32819 2.22128 -0.0661208 -0.38232 2.15016 -0.03735077 -0.46866 2.21273 -0.09216076 -0.383 2.01665 -0.02642077 -0.34019 2.12457 -0.005910754 -0.28434 2.19749 -0.03819078 -0.2379199 2.22814 -0.112271 -0.19389 2.21593 -0.205451 -0.17776 2.15952 -0.3011209 -0.20364 2.05633 -0.347331 -0.24159 1.97314 -0.338911 -0.24159 1.97314 -0.338911 -0.28203 1.90496 -0.291081 -0.33235 1.85754 -0.2273809 -0.36769 1.86857 -0.141951 -0.39425 1.92931 -0.0735408 -0.2439399 1.65654 -0.2689009 -0.20331 1.59324 -0.230611 -0.25528 1.62533 -0.224771 -0.2023699 1.64821 -0.299901 -0.383 2.01665 -0.02642077 -0.36709 2.00309 0.006599128 -0.34019 2.12457 -0.005910754 -0.32143 2.11217 0.02868914 -0.28434 2.19749 -0.03819078 -0.25353 2.19322 -0.005430698 -0.20213 2.22275 -0.1049309 -0.2379199 2.22814 -0.112271 -0.19389 2.21593 -0.205451 -0.15108 2.20974 -0.2020509 -0.14225 2.15402 -0.311321 -0.17776 2.15952 -0.3011209 -0.17877 2.03878 -0.356711 -0.20364 2.05633 -0.347331 -0.2175599 1.95434 -0.354411 -0.24159 1.97314 -0.338911 -0.28203 1.90496 -0.291081 -0.25468 1.87727 -0.307651 -0.33235 1.85754 -0.2273809 -0.3173 1.82701 -0.228871 -0.36769 1.86857 -0.141951 -0.35742 1.83762 -0.124441 -0.37811 1.90436 -0.03276073 -0.39425 1.92931 -0.0735408 -0.16183 2.23609 -0.106931 -0.1682199 2.23324 -0.01156073 -0.62859 2.3296 -0.222281 -0.5919799 2.30506 -0.183561 -0.5925 2.38353 -0.242321 -0.54222 2.37536 -0.203471 -0.48344 2.33751 -0.163491 -0.53899 2.26497 -0.1409109 -0.62047 2.23432 -0.1996809 -0.5735099 2.18907 -0.159901 -0.6523 2.26304 -0.233981 -0.50307 2.35433 -0.372701 -0.5122399 2.39975 -0.327831 -0.45323 2.34353 -0.3548409 -0.4624699 2.39483 -0.301931 -0.39151 2.3078 -0.339711 -0.40275 2.36437 -0.273231 -0.49913 2.40215 -0.2471809 -0.55068 2.40581 -0.279121 -0.43955 2.3659 -0.2114509 -0.49707 2.1174 -0.360681 -0.54786 2.1698 -0.370321 -0.45221 2.16734 -0.379941 -0.50221 2.21081 -0.390061 -0.58271 2.20099 -0.378821 -0.54401 2.2402 -0.3955709 -0.46858 2.27361 -0.385931 -0.51282 2.29407 -0.394551 -0.50221 2.21081 -0.390061 -0.54401 2.2402 -0.3955709 -0.41411 2.23045 -0.377741 -0.45221 2.16734 -0.379941 -0.6569499 2.21039 -0.268941 -0.62455 2.17776 -0.240631 -0.58477 2.12409 -0.207031 -0.64124 2.19053 -0.305611 -0.61074 2.1597 -0.284271 -0.5723299 2.09879 -0.257741 -0.61811 2.18244 -0.348661 -0.5894899 2.15402 -0.332011 -0.54526 2.09433 -0.3140209 -0.8598799 2.32081 -0.4728109 -0.88225 2.31137 -0.5079309 -0.86343 2.30347 -0.467531 -0.88414 2.29962 -0.505561 -0.8817999 2.29217 -0.512741 -0.8834099 2.30294 -0.519111 -0.87739 2.31862 -0.512551 -0.87681 2.31506 -0.5196909 -0.8834099 2.30294 -0.519111 -0.85258 2.3317 -0.478201 -0.8699499 2.30954 -0.5253109 -0.87264 2.29764 -0.524881 -0.8341299 2.29832 -0.5167109 -0.87711 2.28919 -0.518191 -0.87264 2.29764 -0.524881 -0.84171 2.28145 -0.510721 -0.81713 2.30404 -0.404451 -0.80695 2.33348 -0.408371 -0.73337 2.29016 -0.310831 -0.71477 2.34243 -0.307811 -0.68918 2.37373 -0.326331 -0.79453 2.35308 -0.421281 -0.84692 2.33625 -0.493541 -0.83926 2.33357 -0.5052509 -0.63348 2.38822 -0.396311 -0.76262 2.35978 -0.467441 -0.6611599 2.39101 -0.361561 -0.77729 2.36044 -0.443091 -0.62168 2.35834 -0.428201 -0.7522999 2.33732 -0.486071 -0.83465 2.31881 -0.515581 -0.76752 2.27326 -0.489271 -0.7772299 2.26241 -0.478361 -0.68159 2.23105 -0.423691 -0.65415 2.25918 -0.442681 -0.84171 2.28145 -0.510721 -0.76752 2.27326 -0.489271 -0.75664 2.29913 -0.495581 -0.63137 2.30358 -0.445111 -0.65415 2.25918 -0.442681 -0.8629599 2.29134 -0.471081 -0.81602 2.27505 -0.419161 -0.73557 2.24385 -0.335471 -0.85971 2.28054 -0.480211 -0.72301 2.22545 -0.365131 -0.80584 2.2592 -0.437401 -0.85104 2.27551 -0.495891 -0.79627 2.25453 -0.456571 -0.70734 2.21765 -0.394731 -0.1342499 1.8739 -0.383751 -0.13093 1.9545 -0.391751 -0.07375997 1.87238 -0.402601 -0.07374 1.95831 -0.408001 0 1.95952 -0.413371 0 1.87179 -0.408481 -0.1329399 2.0597 -0.370921 -0.07604998 2.07124 -0.381641 0 2.07582 -0.385031 -0.08125996 2.17014 -0.314401 0 2.17652 -0.316111 -0.14752 1.56943 -0.234401 -0.1393399 1.63942 -0.317781 -0.2029899 1.71796 -0.324211 -0.25935 1.72304 -0.282021 -0.13789 1.70812 -0.350211 -0.07598 1.63424 -0.330581 -0.07468998 1.70092 -0.366381 -0.08094996 1.55228 -0.2378309 0 1.6301 -0.3340409 0 1.69824 -0.371071 0 1.54616 -0.2395309 -0.26196 1.78768 -0.293241 -0.20302 1.78421 -0.340231 -0.13713 1.77938 -0.370521 -0.1942999 1.87614 -0.358321 -0.07409 1.77552 -0.389401 0 1.77398 -0.3950409 -0.28058 1.65515 -0.224191 -0.29976 1.71889 -0.224501 -0.30686 1.64538 -0.163051 -0.27078 1.60138 -0.166351 -0.32462 1.70876 -0.156293 -0.1614599 1.53854 -0.1741909 -0.08785998 1.5169 -0.176441 0 1.50948 -0.176881 -0.2193 1.56624 -0.169681 -0.08682 2.22517 -0.2165409 0 2.23276 -0.219031 -0.08954995 2.25262 -0.112321 0 2.26045 -0.113681 -0.09113997 2.25285 -0.01078075 0 2.26182 -0.009030759 -0.31116 1.78297 -0.228691 -0.3372 1.77086 -0.145901 -0.18118 1.95397 -0.371361 -0.36471 1.82611 -0.05906075 -0.33941 1.69846 -0.09256309 -0.32494 1.63477 -0.100051 -0.28559 1.58182 -0.102671 -0.34863 1.75596 -0.07897078 -0.23113 1.54255 -0.102821 -0.1673499 1.51802 -0.102321 -0.09081995 1.49643 -0.102811 -1.21e-5 1.48753 -0.106142 -0.05461019 1.4897 -0.08575576 0 1.50675 0.267819 -0.08455997 1.54929 0.28322 -0.04397994 1.53543 0.288869 -0.04397994 1.53543 0.288869 0 1.53078 0.2915689 -0.21546 1.89349 0.270899 -0.2341499 1.98295 0.255939 -0.26182 1.91968 0.237519 -0.1715599 1.95787 0.298969 -0.18933 2.03684 0.272909 -0.05215996 1.71112 0.293609 0 1.71123 0.302659 -0.09670996 1.69679 0.279699 -0.27314 1.72376 0.183079 -0.2365999 1.71286 0.213339 -0.26829 1.74544 0.196919 -0.30935 1.77847 0.153299 -0.31797 1.84658 0.1642789 -0.30355 1.94815 0.1882089 -0.26846 2.01908 0.204169 -0.2108899 2.08522 0.221219 -0.11871 1.97502 0.317169 -0.13159 2.06445 0.287639 -0.14664 2.12284 0.233339 -0.06542998 1.98706 0.325919 -0.07231998 2.08275 0.2973589 0 1.98978 0.333029 0 2.08953 0.3006989 -0.05585998 1.76764 0.308869 0 1.76319 0.316209 -0.08367997 1.74175 0.2896389 -0.05820989 1.83517 0.327889 0 1.83326 0.334189 -0.10719 1.83788 0.312249 -0.10028 1.77331 0.297329 -0.1625199 1.8424 0.290059 -0.1594899 1.80692 0.275649 -0.1065 1.70906 0.277689 -0.11121 1.90558 0.322019 -0.06094998 1.9065 0.336589 0 1.90734 0.341349 -0.16501 1.90242 0.299869 -0.22718 1.72057 0.2197089 -0.25422 1.75394 0.2099789 -0.28152 1.78071 0.194859 -0.12326 1.76762 0.279309 -0.11561 1.77115 0.285709 -0.1578199 1.79673 0.271149 -0.1336899 1.69316 0.265119 -0.10026 1.74449 0.278159 -0.29053 1.83221 0.1962789 -0.2625499 1.78289 0.210469 -0.11515 1.72147 0.2703289 -0.13637 1.7068 0.2613689 -0.26547 1.8192 0.212109 -0.26428 1.87028 0.224169 -0.29416 1.88457 0.200819 -0.2116 1.84102 0.258119 -0.2104499 1.83017 0.2539989 -0.26382 1.859 0.220209 -0.12171 1.57693 0.278209 0.22718 1.72057 0.2197089 0.25422 1.75394 0.2099789 0.2104499 1.83017 0.2539989 0.1578199 1.79673 0.271149 0.20122 1.70555 0.2315589 0.12326 1.76762 0.279309 0.13637 1.7068 0.2613689 0.10026 1.74449 0.278159 0.11515 1.72147 0.2703289 0.1636199 1.70077 0.2497289 -0.2104499 1.83017 0.2539989 -0.26382 1.859 0.220209 -0.26547 1.8192 0.212109 -0.2012299 1.70555 0.2315589 -0.1636199 1.70077 0.2497289 -0.1578199 1.79673 0.271149 -0.13637 1.7068 0.2613689 -0.12326 1.76762 0.279309 -0.11515 1.72147 0.2703289 -0.10026 1.74449 0.278159 -0.22718 1.72057 0.2197089 0.26547 1.8192 0.212109 0.26382 1.859 0.220209 0.2625499 1.78289 0.210469 -0.2625499 1.78289 0.210469 -0.25422 1.75394 0.2099789 0 1.53462 0.290993 0.04397994 1.53928 0.287955 0 1.51514 0.252609 0.04706907 1.51616 0.247801 0.06748998 1.61117 0.259199 0.08455997 1.54929 0.28322 0.03355991 1.61038 0.263679 0.04397994 1.53543 0.288869 0 1.61087 0.267709 0 1.53078 0.2915689 0.04712539 1.54687 0.242048 0 1.54964 0.242877 0.07445996 1.63359 0.19353 0.10108 1.61313 0.247949 0.1092399 1.63001 0.2059469 0.07475566 1.56518 0.177886 0.04755991 1.57878 0.165989 0.03754997 1.63685 0.181878 0 1.63799 0.1771749 0.111396 1.57538 0.1990569 -0.04706907 1.51616 0.247801 -0.04397994 1.53928 0.287955 0 1.51514 0.252609 0 1.53462 0.290993 -0.04397994 1.53543 0.288869 -0.08455997 1.54929 0.28322 -0.03355991 1.61038 0.263679 -0.06748998 1.61117 0.259199 0 1.53078 0.2915689 0 1.61087 0.267709 -0.04712539 1.54697 0.242048 0 1.54964 0.242877 -0.1092399 1.63001 0.2059469 -0.07445996 1.63359 0.19353 -0.10108 1.61313 0.247949 -0.03754997 1.63685 0.181878 0 1.63799 0.1771749 -0.111396 1.57538 0.1990569 -0.07475566 1.56518 0.177886 -0.14507 1.62382 0.222409 0 1.58398 0.157055 0 1.58398 0.157055 -0.04755991 1.57878 0.165989 0.04721283 1.56901 0.217492 0.0677905 1.55366 0.2218239 0 1.57573 0.219932 0 1.57573 0.219932 -0.04721283 1.56906 0.217492 0.09246248 1.5314 0.2305099 -0.0677905 1.55366 0.2218239 0.109205 1.54628 0.280906 0.1068339 1.55699 0.281677 0.09916269 1.55485 0.281687 0.113476 1.55832 0.277456 0.109205 1.54628 0.280906 0.105797 1.55616 0.277468 0.113476 1.55832 0.277456 0.09916269 1.55485 0.281687 0.09372425 1.56684 0.280655 0.103534 1.56963 0.2808769 0.111909 1.57126 0.2752799 0.111909 1.57126 0.2752799 0.102101 1.56847 0.275049 0.09372425 1.56684 0.280655 -0.09777134 1.54847 0.2656069 -0.09057176 1.5589 0.2694 -0.09853446 1.55876 0.269427 -0.105315 1.55934 0.265256 -0.08877605 1.57172 0.2720479 -0.09896796 1.57151 0.272316 -0.107507 1.57228 0.266771 -0.105315 1.55934 0.265256 -0.107507 1.57228 0.266771 -0.09057176 1.5589 0.2694 -0.08877605 1.57172 0.2720479 0.08385896 1.56925 0.261036 0.08598345 1.55884 0.263925 0.092978 1.55969 0.260192 0.07812917 1.55755 0.263333 0.09702664 1.54713 0.260653 0.08818596 1.54607 0.265635 0.07817035 1.5444 0.264647 0.092978 1.55969 0.260192 0.09702664 1.54713 0.260653 0.07812917 1.55755 0.263333 0.07817035 1.5444 0.264647 -0.08385896 1.56925 0.261036 -0.092978 1.55969 0.260192 -0.08598345 1.55884 0.263925 -0.07812917 1.55755 0.263333 -0.09702664 1.54713 0.260653 -0.08818596 1.54607 0.265635 -0.07817035 1.5444 0.264647 -0.07812917 1.55755 0.263333 -0.07817035 1.5444 0.264647 -0.092978 1.55969 0.260192 -0.09702664 1.54713 0.260653 0.152414 1.57534 0.258861 0.08612996 1.54186 0.276687 0.08455997 1.55313 0.281403 0.08455997 1.55313 0.281403 -0.137349 1.54909 0.256451 -0.152414 1.57534 0.258861 -0.09246248 1.5314 0.2305099 -0.124947 1.5572 0.210859 -0.13349 1.58359 0.268469 -0.126136 1.57085 0.268856 -0.12316 1.57594 0.271189 -0.117608 1.57273 0.271967 -0.08455997 1.54929 0.28322 -0.08612996 1.54186 0.276687 -0.08455997 1.55313 0.281403 -0.12316 1.57594 0.271189 -0.08455997 1.55313 0.281403 -0.117608 1.57273 0.271967 -0.12316 1.57594 0.271189 -0.117608 1.57273 0.271967 0.14507 1.62382 0.222409 0.124947 1.5572 0.210859 0.13349 1.58359 0.268469 0.12316 1.57594 0.271189 0.126136 1.57085 0.268856 0.117608 1.57273 0.271967 0.08455997 1.54929 0.28322 0.12316 1.57594 0.271189 0.117608 1.57273 0.271967 0.12316 1.57594 0.271189 0.117608 1.57273 0.271967 0.12669 1.67063 0.265709 0.12179 1.64516 0.283259 0.17484 1.66576 0.245199 0.15309 1.62501 0.269319 0.1164399 1.61468 0.293159 0.1336899 1.69316 0.265119 0.13637 1.7068 0.2613689 0.1636199 1.70077 0.2497289 0.1662099 1.68948 0.251469 -0.12179 1.64516 0.283259 -0.12669 1.67063 0.265709 -0.17484 1.66576 0.245199 -0.15309 1.62501 0.269319 -0.21276 1.67117 0.216269 -0.1164399 1.61468 0.293159 -0.07905 1.63767 0.313239 -0.1636199 1.70077 0.2497289 -0.1662099 1.68948 0.251469 -0.20961 1.69723 0.230839 -0.2012299 1.70555 0.2315589</float_array>
          <technique_common>
            <accessor source="#chr081_0-mesh-positions-array" count="2707" stride="3">
              <param name="X" type="float"/>
              <param name="Y" type="float"/>
              <param name="Z" type="float"/>
            </accessor>
          </technique_common>
        </source>
        <source id="chr081_0-mesh-normals">
          <float_array id="chr081_0-mesh-normals-array" count="8121">0.4341005 0.05801635 0.8989945 0.3621998 0.1903471 0.9124578 0.4049328 0.2032294 0.8914748 0.2349953 0.2155547 0.947794 0.4114924 0.151498 0.8987338 0.4061811 0.0139473 0.9136862 0.5711945 0.07941055 0.8169645 0.4721928 0.3319572 0.8166018 0.6638659 0.2329268 0.7106527 0.4648628 0.5722891 0.6755648 0.6430467 0.5184659 0.5636349 0.4329481 0.8316839 0.3476464 0.602568 0.7110022 0.3624747 0.6228014 0.7742062 -0.1127982 0.4898651 0.8611018 -0.1361466 0.6074954 0.7873177 -0.1052625 0.7634757 0.5278957 -0.3720632 0.7641195 0.423307 -0.4867573 0.7425153 0.654649 -0.1417948 0.761463 0.4678953 -0.448607 0.7926432 0.60492 -0.07608419 0.733743 0.5119293 -0.4467098 0.9455381 0.3230431 -0.04001033 0.7461056 0.6062966 0.2751926 0.9217757 0.1947134 0.3352855 0.7277002 0.2774807 0.6272614 0.7913823 -0.2440891 0.5604773 0.4739947 0.0515775 0.8790159 0.5010005 -0.4503389 0.739049 0.3011023 0.07455837 0.9506727 0.325549 -0.3801479 0.8657399 0.7123163 0.306412 -0.6314406 0.5094022 0.3836921 0.770253 0.5553942 0.734086 0.3907109 0.7067798 0.6557505 0.2654315 0.7159232 0.2063108 0.6670006 0.4260447 0.08163821 0.9010112 0.3396422 -0.06152558 0.9385403 0.3396512 0.2950928 0.8930608 0.2500761 0.3133123 0.9161318 0.1460639 0.6904622 0.7084684 0.07819068 0.71333 0.6964529 0.217667 0.4637785 0.858796 0.1360222 0.5114946 0.8484523 0.2545927 0.3072081 0.9169547 0.5671457 0.4479057 -0.6911774 0.6047766 0.2940259 -0.7401311 0.3153572 0.1785081 -0.9320327 0.2587144 0.3113606 -0.9143968 0.6249345 0.2996341 -0.7208858 0.369003 0.06616479 -0.9270702 0.1546412 -0.1588222 -0.9751213 0.1019335 0.2290454 -0.968064 0.08246213 0.1515874 -0.9849982 0.09332817 -0.2459554 -0.9647777 0.352037 -0.1698079 -0.9204539 0.5797344 -0.06204462 -0.8124399 0.380674 -0.7058629 -0.5973649 0.7884231 -0.4198168 -0.4496031 0.7119689 -0.4970872 -0.4959886 0.6873375 -0.5437416 -0.4815727 0.2121683 -0.7969132 -0.5656094 0.8981213 -0.4379211 -0.04004126 0.8984274 -0.4354495 -0.05667436 0.9393223 -0.3384588 -0.05585026 0.9828671 -0.1784145 -0.04626691 0.859914 -0.2322219 -0.4545556 0.5296598 -0.5478798 -0.6475248 0.2004821 -0.6023314 -0.7726603 0.1116682 -0.8234881 -0.5562352 0.02569693 -0.9381213 -0.3453522 0.8659755 0.2119236 -0.4529624 0.9786642 0.2035641 -0.02789467 0.8866795 -0.01953238 -0.4619718 0.9994956 -0.001068115 -0.03173971 0.5093077 -0.4820538 0.7129025 0.8052886 -0.3884832 0.4478743 0.5953608 -0.2608137 0.7599487 0.8808514 -0.1638892 0.4441185 0.6392789 -0.02133268 0.768679 0.8992488 0.01803684 0.4370657 0.6430147 0.1857109 0.7429965 0.8928775 0.204633 0.4011173 0.6343742 0.327411 0.7002654 0.8631736 0.3315603 0.3807877 0.8569842 0.3635469 0.3652559 0.9436327 0.3294275 -0.03216755 0.9350252 0.3483188 -0.06634932 0.8100584 0.3256775 -0.4875854 0.8126291 0.2679872 -0.5175105 0.5526992 0.344407 -0.7588857 0.5245035 0.1973068 -0.8282307 0.252029 0.398644 -0.8817962 0.2166272 0.1847344 -0.9586167 0.116218 0.2080509 -0.9711892 0.2034385 0.01431328 -0.9789831 0.09448719 0.01867771 -0.9953508 0.1742948 0.1356881 -0.9753 0.08414167 0.1331862 -0.9875129 0.1466117 0.4408423 -0.8855299 0.05554497 0.4537599 -0.8893913 0.0476405 0.6796329 -0.7320039 0.1812551 0.7509315 -0.6350185 0.2263913 0.4285198 -0.8747102 0.488335 0.6653455 -0.5646632 0.6631314 0.03259497 -0.747793 0.9993698 -6.71414e-4 -0.03549337 0.7926778 0.6095925 -0.007690846 0.7262333 -0.08234059 0.6824993 0.510616 0.6737408 0.5341767 0.2846216 0.398336 0.8719627 0.1634308 0.8881417 0.4295284 0.04629796 0.8694992 0.4917599 0.1681325 0.7164479 0.6770776 0.07730507 0.7290421 0.6800894 0.2193413 0.5016437 0.8368052 0.1167953 0.5087782 0.8529382 0.1279974 0.4187536 0.899034 0.2502557 0.4210399 0.8718358 0.1342826 0.3676902 0.9202022 0.279345 0.377862 0.8827156 0.1379169 0.3108701 0.9403928 0.3024143 0.322679 0.8968968 0.1405698 0.1884843 0.971964 0.3127903 0.1926977 0.9300699 0.1409991 -0.03460884 0.9894047 0.3228324 -0.03021401 0.9459738 0.304185 -0.308183 0.9013849 0.2345429 -0.5995265 0.7652173 0.3770971 -0.6349858 0.6742336 0.1001642 -0.8110801 0.5762954 0.1832708 -0.7757804 0.6038019 0.007110893 -0.9375774 0.3477041 0.03677606 -0.9515695 0.3052262 0.01043736 -0.9999453 -7.93486e-4 0.007416129 -0.9999602 0.004974603 0.02084445 -0.9618682 -0.272718 0.0562461 -0.8463472 -0.5296537 0.169472 -0.7584581 -0.6293017 0.4746952 -0.4903514 -0.7309036 0.6218404 -0.2727247 -0.7341226 0.6488907 -0.005157649 -0.7608641 0.6116408 0.2763844 -0.7412876 0.7312844 -0.4927724 0.4715916 0.7074702 -0.5223701 0.4760416 0.3624431 -0.4195136 0.832252 0.6176816 0.3774636 0.6899209 0.3510017 -0.1532065 -0.9237563 0.2241672 0.6513211 -0.7249346 0.3441035 0.889786 -0.2997896 0.3669049 0.5437346 -0.7548071 0.1340101 -0.3149589 0.9395969 0.1073653 -0.630672 0.7685867 0.06964373 -0.8413403 0.5360004 0.5022513 0.7086514 -0.4955371 0.4016898 0.8763199 -0.2659112 0.441093 0.4893742 -0.7522965 0.4198487 0.2827273 -0.862434 0.6676457 -0.01721298 -0.7442803 0.3511291 -0.8387118 -0.4162582 0.5251141 -0.7526655 -0.3971774 0.8589064 -0.02060055 -0.5117181 0.5603674 0.3844228 0.7336263 0.4253479 0.4876683 0.7624033 0.3589694 0.736281 0.5736125 0.2957955 0.9255055 0.2365265 0.300703 0.9531977 -0.03149551 0.4068259 0.7307606 -0.5481621 0.4019394 0.163614 -0.9009302 0.4837358 0.02435463 -0.8748752 0.7867776 -0.04193294 -0.6158106 0.9925891 0.1197552 -0.02063059 0.8535526 0.2188816 0.4727988 0.5999737 0.4044077 0.6902796 0.3857976 0.81887 0.4249847 0.2136024 0.9764553 -0.03015273 0.3364179 0.7313113 -0.5933016 0.524139 0.1250987 -0.8423946 0.4523514 -0.01385557 -0.8917323 0.7730882 -0.2695783 -0.5741624 0.9994536 -0.02029484 0.02609336 0.8577175 -0.02148562 0.5136722 0.5598784 0.3336991 0.758407 0.3216423 0.8342742 0.4478089 0.1505189 0.9884749 -0.01617497 0.001037597 -0.9506539 0.3102519 0.001983702 -0.6629084 0.748698 0.001525938 -0.951018 0.309132 0.01190233 -0.6646388 0.7470701 0.002838253 0.1994712 0.9798997 0.01367264 0.2008788 0.9795207 0.1281521 -0.6616055 0.7388203 0.1190553 0.2296568 0.9659625 0.2093927 0.2506854 0.9451516 0.06625711 0.8204471 0.5678704 0.1150892 0.8265308 0.5510002 0.06647121 0.9977092 -0.01257395 0.06613367 0.9977431 -0.01162755 0.1029419 0.7396988 -0.6650178 0.107887 0.7153812 -0.6903551 0.1348012 -0.006531 -0.9908512 0.1397169 -0.06811887 -0.9878456 0.153146 -0.7485783 -0.6451178 0.07867753 -0.7821059 -0.6181588 0.1323021 -0.9563289 -0.2606366 0.06515771 -0.9602143 -0.2715566 0.005157709 -0.7789672 -0.6270436 0.003235042 -0.9599899 -0.2800161 0.001617491 -0.7783216 -0.6278638 7.6297e-4 -0.9599077 -0.2803152 0.001159727 -0.7780377 -0.6282167 7.6298e-4 -0.9595851 -0.2814177 0.001159727 -0.7770546 -0.6294322 0.001678526 -0.08990818 -0.9959486 0.001220762 -0.09039807 -0.9959051 1.83117e-4 0.6965457 -0.7175125 -4.27261e-4 0.6935976 -0.7203626 -0.001648008 0.999836 -0.01803678 -0.001739561 0.9998309 -0.01831132 -4.27272e-4 0.7971379 0.6037971 9.15577e-5 0.8004283 0.5994285 0.001709043 0.1967555 0.9804512 0.002838194 -0.6632315 0.748409 0.006256341 -0.9511495 0.3086673 0.08645987 -0.9498684 0.300458 0.1704475 -0.9403455 0.2944455 0.2419577 -0.5630522 0.7902081 0.1982808 0.2861444 0.9374467 0.1125867 0.8356874 0.5375415 0.03823983 0.9991503 -0.01538139 0.002472043 -0.09006214 -0.9959331 0.007934868 -0.0905494 -0.9958604 0.07651191 -0.08575928 -0.9933738 0.06390762 0.7112547 -0.7000235 0.003631711 0.9998275 -0.0182197 0.007812798 0.8024008 0.5967345 -1.22077e-4 0.6971804 -0.7168958 0.006470024 0.698186 -0.7158872 0.4724984 0.3347347 0.8152902 0.3826477 0.2438776 0.8911255 0.4005364 0.5217593 0.7532184 0.5141862 -0.6156622 0.5971372 0.4066718 -0.7592936 0.5080269 0.4051735 -0.8459019 0.3468207 0.2911813 -0.9164535 0.2744569 0.2653664 -0.9583711 0.1053836 0.1727379 -0.9843314 0.03540211 0.1790578 -0.9547109 0.2376248 0.3037579 -0.8603982 0.4092019 0.1735323 -0.896472 0.4077064 0.3322946 -0.6931248 0.6396549 0.1711239 -0.8067578 0.5655606 0.1866557 -0.5508114 0.8134905 0.3394063 -0.4036496 0.8496296 0.454832 -0.4708852 0.7559068 0.3606451 -0.2427495 0.9005597 0.4540029 -0.2953643 0.8406196 0.5029295 -0.2529144 0.8264964 0.5007942 0.01641947 0.8654106 0.5778403 -0.03128159 0.8155502 0.4498521 0.3214886 0.8332335 0.2974405 0.5740057 0.7629199 0.2981449 0.3421846 0.8910777 0.2516902 -0.1022996 0.9623861 0.4505286 -0.003326594 0.8927559 0.1487497 -0.9882977 -0.03378456 0.2507138 -0.06045818 0.9661716 0.321638 0.3130317 0.893622 0.8822242 0.1899527 0.4308118 0.930952 0.220805 0.2908157 0.7791025 0.3964792 0.4855962 0.7264471 0.3270125 0.6044315 0.5677235 0.5221274 0.6364534 0.5032672 0.3550948 0.7878007 0.39608 0.6397159 0.6586989 0.3364109 0.4308978 0.83735 0.1851006 0.4688401 0.8636706 0.1601948 0.20283 0.9660215 0.09876006 0.2035019 0.9740809 0.1744467 -0.0205698 0.9844518 0.08517855 -0.004760921 0.9963544 0.2028024 -0.1914186 0.9603282 0.1189316 -0.1798471 0.9764785 0.2213244 -0.2789139 0.9344638 0.1504611 -0.2523352 0.9558706 0.2010614 -0.03277772 0.9790301 0.2492794 0.4508272 0.8570967 0.259473 0.6181023 0.7420402 0.3271713 0.2267309 0.9173614 0.2244679 -0.1597979 0.9612902 0.1172858 -0.3681854 0.9223251 0.2162598 -0.3454786 0.9131683 0.4617213 -0.3123615 0.8302071 0.6663497 -0.525688 0.528801 0.5203281 -0.5477041 0.655194 0.3097122 -0.2012457 0.9292892 0.3524073 -0.3190496 0.8797821 0.1846713 -0.3573181 0.9155438 0.1008669 -0.3807612 0.9191555 0.1148764 -0.5938233 0.7963525 0.1117296 -0.8290454 0.5479055 0.09628957 -0.9119283 0.3988923 0.09439563 -0.9697148 0.2252616 0.09174114 -0.995724 0.01083433 0.08807861 -0.9955691 -0.03293025 0.09879052 -0.9951082 -3.6623e-4 0.1656553 -0.9850206 -0.04788374 0.1326983 -0.9911478 -0.004150629 0.199597 -0.9751868 -0.09576988 0.1870216 -0.9766143 -0.1060542 0.134926 -0.9832726 -0.1223521 0.2009989 -0.9713014 -0.1271731 0.2799242 -0.9530913 -0.1151498 0.3031751 -0.9393424 -0.160377 0.4205836 -0.8986346 -0.124762 0.4529024 -0.8694261 -0.1974276 0.6985213 -0.7038315 -0.1291874 0.6955328 -0.6807921 -0.2296876 0.9173281 -0.3927438 -0.06527924 0.9027166 -0.3949137 -0.1707223 0.9893585 -0.1424617 0.02957266 0.9812325 -0.1540319 -0.1160046 0.9841997 -0.1612306 0.07318395 0.9822373 -0.1695659 -0.08035761 0.9843347 -0.1714872 -0.04095667 0.982246 -0.1617798 0.09497433 0.9263682 -0.2128382 0.3107121 0.9337754 -0.04584032 0.3549115 0.8448273 -0.1089528 0.5238283 0.8120809 0.1270507 0.5695462 0.7485393 -0.07049882 0.6593323 0.6746543 -0.01898282 0.7378898 0.6461041 -0.2280439 0.7283855 0.560636 -0.1202452 0.8192854 0.56775 -0.2967999 0.7678344 0.4536921 -0.2533974 0.8543731 0.503899 -0.3883846 0.7715201 0.3954643 -0.3534398 0.8477549 0.4912056 -0.4317544 0.7565086 0.401423 -0.2437287 0.8828681 0.5710698 -0.2313333 0.787632 0.4269285 -0.01364189 0.9041826 0.5270003 0.1306819 0.8397578 0.4525074 0.1570515 0.8778223 0.4062146 0.01794546 0.9136015 0.4016957 0.2204412 0.8888456 0.4055075 0.05804735 0.9122468 0.3441632 0.2613345 0.9018071 0.5111607 -0.06030529 0.8573669 0.4981014 -0.04074293 0.8661611 0.6024311 -0.2220624 0.7666584 0.5933306 -0.1859251 0.7831927 0.6681204 -0.2308452 0.7073372 0.6190741 -0.1365106 0.7733771 0.7200123 -0.1725868 0.6721579 0.5859973 -0.1228699 0.8009433 0.6990717 -0.1404796 0.7011165 0.6246399 -0.2162297 0.7503797 0.5492013 -0.3501215 0.7588103 0.5099144 -0.413077 0.7545561 0.4694108 -0.405138 0.7845487 0.8459351 -0.2291697 0.4815341 0.2236163 0.7076554 0.6702386 0.4264746 -0.09818005 0.8991551 0.996533 -0.04556465 0.06961357 0.9832595 -0.02887088 0.1799092 0.6339995 0.1742324 0.7534505 0.4451231 0.07751882 0.8921079 0.2852047 0.1597085 0.9450669 0.3202379 -0.0674169 0.9449353 0.3402271 -0.1962684 0.9196327 0.3155979 -0.1055045 0.9430094 0.3926265 0.2034089 0.8969221 0.4865321 0.1033369 0.8675299 0.5426886 0.04565638 0.8386923 0.5492295 -0.3857364 0.7413195 0.5734874 -0.6944352 0.4345942 0.4257414 -0.8884109 0.1716699 0.2567564 -0.9664759 -8.54532e-4 0.2662511 -0.9620931 -0.05905497 0.4106609 -0.9116574 -0.01544249 0.6690089 -0.741217 0.05499535 0.9129215 -0.3839623 0.1383741 0.9677105 -0.08469146 0.2374107 0.9365734 -0.1323007 0.3245412 0.63068 2.74673e-4 0.7760431 0.08981674 0.4862253 0.8692054 0.12049 0.7305397 0.6721563 0.1162182 0.8606492 0.4957583 0.219557 0.8365079 0.5020452 0.3989738 0.7616605 0.5105814 0.5895086 0.6225914 0.514645 0.8063482 0.4537292 0.3793843 0.9534966 0.2071372 0.2189483 0.797185 0.5004189 0.337753 0.5900958 0.7175149 0.3700802 0.3825948 0.8579694 0.3427971 0.2067348 0.9270721 0.312727 0.1152394 0.9455983 0.3042432 0.1062373 0.9739896 0.2001448 0.17048 0.9642531 0.2028609 0.3298187 0.9167904 0.2251996 0.5328299 0.8040516 0.2638056 0.7520173 -0.2928597 0.590511 0.7494811 -0.04419124 0.6605492 0.6673852 0.04303145 0.7434685 0.6738068 -0.4116454 0.6136226 0.6080584 -0.7387098 0.2908145 0.4293093 -0.9010092 0.06225854 0.6207681 -0.7600899 0.1921207 0.8544576 -0.4244668 0.29955 0.8962253 -0.04352027 0.4414594 0.8582261 -0.06976652 0.5085084 0.8000735 -0.002929866 0.5998948 0.7776902 -0.4302291 0.4583678 0.4734506 -0.6698748 0.5719374 0.6038267 -0.7272776 0.326283 0.3441945 -0.867353 0.3594846 0.3460267 -0.8688815 0.3539922 0.2264851 -0.7502911 0.6211021 0.1052603 -0.756751 0.6451732 0.1076725 -0.9139341 0.3913198 0.1199413 -0.9244332 0.3619908 0.04037684 -0.3512451 -0.9354125 0.1511018 -0.5075693 -0.848258 0.08655107 -0.7356231 -0.6718389 0.1462175 -0.7952998 -0.5883187 0.8103524 -0.580541 0.07938104 0.7315515 0.6446626 -0.221907 0.6503597 0.5910308 0.4771949 0.5100676 0.8170298 -0.2688742 0.2931105 -0.8456379 0.4460749 0.4679819 0.1789342 0.8654338 0.2779693 -0.8590252 0.429894 0.1776244 0.5448368 0.8195136 0.1193317 0.4579774 0.8809182 -0.47903 0.7588 0.4413083 -0.3171867 0.854631 0.4110944 -0.2107672 0.4937434 0.8436793 -0.06991976 0.5014021 0.8623847 0.03833174 0.933605 0.3562476 0.0844773 0.9314482 0.353932 0.2213546 0.8452249 -0.4864125 0.4645956 0.7754043 -0.4276672 0.2738487 0.9389534 0.2082629 0.6111555 0.7141593 -0.3412705 0.0689736 -0.7191874 -0.6913843 0.03729426 -0.3082423 -0.9505766 0.07822048 -0.7012379 -0.7086235 0.02862662 -0.2853817 -0.9579864 0.1247622 0.8847801 -0.4489974 -0.1315992 0.8699221 0.4753076 0.09103846 0.4528119 0.8869462 0.1586061 -0.8752176 0.4569882 0.09467017 -0.8762333 0.4724964 -0.5541654 0.3020473 0.7756727 -0.1704195 0.2265444 0.9589759 0.1702944 0.9758661 -0.1366932 0.2595348 0.1846103 0.9479244 -0.1835441 0.151987 0.9711908 -0.4660822 0.1820138 0.8658166 0.1139274 0.09842371 0.9886018 0.192363 -0.09814995 -0.9764031 0.1924822 -0.09805697 -0.9763891 0.1925128 -0.09799593 -0.9763892 0.1926084 -0.09790647 -0.9763792 -0.1924217 -0.09784364 -0.9764224 -0.1924834 -0.09799653 -0.9763948 -0.1925122 -0.09802621 -0.9763863 -0.1925745 -0.09814888 -0.9763617 -0.1139274 0.09842371 0.9886018 0.1835441 0.151987 0.9711908 -0.2595348 0.1846103 0.9479244 -0.1702951 0.9758703 -0.1366633 0.1704195 0.2265444 0.9589759 0.5541442 0.3020524 0.7756859 0.4660822 0.1820138 0.8658166 0.2715566 0.157172 -0.9495021 0.2718077 0.1575117 -0.9493738 0.2719234 0.1576301 -0.9493211 0.2721114 0.1579381 -0.949216 -0.5467597 -0.1881232 0.8158821 -0.6440178 -0.2847754 0.710031 -0.2704293 -0.2118937 0.9391322 0.163828 -0.3092529 0.9367621 -0.2668275 -0.2863902 0.9202086 0.0348224 -0.9733498 -0.2266663 0.02996999 -0.2061886 0.9780533 -0.4595013 -0.3456332 -0.8181664 -0.1986188 -0.313432 -0.9286071 -0.1772563 -0.3774021 -0.9089269 0.06647133 -0.218092 -0.9736619 -0.2204686 -0.2414046 -0.9450489 0.06796592 -0.1574478 -0.9851858 -0.4915754 -0.2935353 -0.8198723 0.516573 0.2024663 0.8319615 0.2502561 0.1360539 0.9585726 0.5157383 0.1427977 0.8447621 0.2687485 0.06189209 0.9612199 0.2847462 -0.005951285 0.9585846 -0.009369373 0.01541215 0.9998374 -0.04156637 0.06692737 0.9968917 0.2106412 0.4930933 0.8440908 -0.08456832 0.9315336 0.3536855 -0.2740338 0.9388991 0.2082644 0.4781131 0.7588282 0.4422531 -0.1776244 0.5448368 0.8195136 -0.4679819 0.1789342 0.8654338 0.1322407 0.8697735 0.4754014 -0.119362 0.4578546 0.8809779 -0.09103846 0.4528119 0.8869462 -0.1586061 -0.8752176 0.4569882 -0.2779693 -0.8590252 0.429894 -0.0689736 -0.7191874 -0.6913843 -0.08655107 -0.7356231 -0.6718389 -0.04037684 -0.3512451 -0.9354125 -0.1511018 -0.5075693 -0.848258 -0.1462175 -0.7952998 -0.5883187 -0.8103524 -0.580541 0.07938104 -0.2931105 -0.8456379 0.4460749 0.316879 0.8543497 0.4119154 0.07077455 0.5014344 0.8622962 -0.03808748 0.9336622 0.3561241 -0.2213546 0.8452249 -0.4864125 -0.4645956 0.7754043 -0.4276672 -0.6111555 0.7141593 -0.3412705 -0.6503597 0.5910308 0.4771949 -0.7315515 0.6446626 -0.221907 -0.5100676 0.8170298 -0.2688742 -0.03729426 -0.3082423 -0.9505766 -0.1247622 0.8847801 -0.4489974 -0.09467017 -0.8762333 0.4724964 -0.07822048 -0.7012379 -0.7086235 -0.02862662 -0.2853817 -0.9579864 -0.5084169 -0.1614763 0.8458355 -0.5822078 -0.1388912 0.8010889 -0.5886193 -0.1073963 0.801245 -0.5567877 -0.1402345 0.8187319 -0.5277128 -0.1767385 0.8308326 -0.5057947 -0.1862891 0.8422993 -0.4598013 -0.1814973 0.8692765 -0.4010829 -0.1865941 0.8968363 -0.4055437 -0.175701 0.8970304 -0.3273522 -0.1955994 0.9244357 -0.3147406 -0.1995931 0.9279553 -0.2231536 -0.223825 0.9487385 -0.1700823 -0.2169289 0.9612565 0.5886193 -0.1073963 0.801245 0.5822078 -0.1388912 0.8010889 0.5084169 -0.1614763 0.8458355 0.5567877 -0.1402345 0.8187319 0.5277128 -0.1767385 0.8308326 0.5057334 -0.1863196 0.8423295 0.4598013 -0.1814973 0.8692765 0.4011172 -0.1866264 0.8968142 0.4055947 -0.1756966 0.8970082 0.3273522 -0.1955994 0.9244357 0.3147406 -0.1995931 0.9279553 0.2231536 -0.223825 0.9487385 0.1700823 -0.2169289 0.9612565 -0.2473244 -0.9497761 -0.1917192 -0.6065386 -0.7535496 0.253523 -0.2788265 -0.941833 -0.1876341 -0.8134343 -0.577275 -0.07126283 -0.9585247 -0.1406642 0.247879 -0.7722576 -0.3962306 0.4966082 -0.5029863 -0.8454723 0.1793916 -0.2500142 -0.94265 -0.2211429 -0.3340019 -0.856063 -0.3944604 -0.5622342 -0.6680156 -0.4874914 -0.5852389 -0.8105326 0.0230726 -0.4862362 -0.8607711 0.1504915 -0.6970838 -0.5481207 0.4622098 -0.8319244 0.05829173 0.5518187 -0.9018443 0.4121322 0.1297069 -0.9186061 -0.1780812 -0.3527747 -0.4522598 -0.7295243 -0.5130841 -0.06067186 -0.8815734 -0.4681318 0.01992869 -0.8428953 -0.5377085 0.05716222 -0.7916648 -0.6082757 -0.04861646 -0.6198987 -0.7831745 -0.2627383 -0.4612951 -0.8474524 -0.5684612 -0.6395723 -0.5174932 -0.2542883 -0.4585246 -0.8515238 -0.5239248 -0.682381 -0.5097638 -0.2331975 -0.5207498 -0.8212421 -0.2823954 -0.5071398 -0.8142863 -0.1571452 -0.3884835 -0.9079571 -0.2623771 -0.3951069 -0.8803687 -0.3203631 -0.5199301 -0.7918587 -0.5353668 -0.6694375 -0.5150106 -0.5687547 -0.6700782 -0.4769836 -0.726298 -0.6872639 -0.01263493 -0.7227197 -0.6907969 -0.02182102 -0.7808182 -0.4600247 0.4227295 -0.7662522 -0.474303 0.4334679 -0.6372774 -0.1523838 0.7554183 -0.6298259 -0.1485372 0.7624016 -0.4255622 0.3178288 0.847279 -0.3916839 0.3053144 0.8679671 -0.052859 0.726018 0.6856412 -0.008484363 0.6776204 0.7353629 0.3912593 0.8436184 0.3677288 0.3825569 0.8248091 0.4163416 0.6031519 0.7869694 -0.129951 0.5871219 0.8021578 -0.1087692 0.5483695 0.496914 -0.6725827 0.512632 0.5101904 -0.6905899 0.2985664 0.125158 -0.9461468 0.2645691 0.1610792 -0.950819 0.1379771 -0.02041727 -0.990225 0.2638092 -0.1247325 -0.9564761 0.32784 0.09744858 -0.9396941 0.379442 -0.002410948 -0.9252124 0.3279892 0.5179709 -0.7900185 0.2608177 0.4508306 -0.8536545 -0.008545279 0.8857239 -0.4641337 -0.06109929 0.794566 -0.6040959 -0.3536909 0.925871 -0.1329125 -0.6431818 0.7461519 -0.1719729 -0.5822777 0.7792187 0.2318856 -0.7594367 0.4865046 0.4319365 -0.6781966 0.5049089 0.5339631 -0.7774095 0.01855552 0.6287211 -0.7240032 -0.04007148 0.6886317 -0.6685811 -0.5741857 0.4725571 -0.7367653 -0.5502316 0.3929659 -0.8172832 -0.4903882 0.3026014 -0.748945 -0.6556169 -0.09616649 -0.829923 -0.4480906 0.3323293 -0.7833172 -0.6140857 -0.09650307 -0.7787917 -0.4930394 0.3878088 -0.7321012 -0.6773188 -0.07257527 0.357958 -0.2431147 -0.9015328 0.319659 -0.075993 -0.9444804 0.1791785 0.3556408 -0.9172866 -0.5044795 0.5947853 -0.6258842 0.1681608 -0.0551787 -0.9842141 -0.2776612 -0.501731 -0.8192499 0.3754795 0.508727 -0.7747336 0.4406359 0.5241973 -0.7287369 0.09073394 0.9119787 -0.4000779 0.2079553 0.9045781 -0.3721466 0.4057837 0.8807546 -0.2441539 0.5336568 0.8354907 -0.1310184 -0.694684 -0.1107551 0.7107372 -0.7326447 -0.1112731 0.6714537 -0.7374486 -0.07394933 0.6713428 -0.6188378 0.4765878 0.6244229 -0.4771774 0.8403022 0.257282 -0.2641088 0.9639635 -0.03195303 -0.2078045 0.977832 0.02572757 -0.09686726 0.9878691 0.121374 0.1340401 0.9473149 0.2909086 0.2944775 0.8560569 0.4247934 0.3393431 0.8292375 0.4440851 -0.01257377 0.6341528 0.7731055 -0.3822831 0.2795251 0.8807528 -0.6526907 -0.1284261 0.7466604 -0.5159572 0.3076028 0.7994803 -0.5902048 0.3853315 0.7093505 -0.4251591 0.8293823 0.3624427 -0.3754742 0.7820777 0.4973667 -0.1972492 0.7214263 0.663805 -0.05533182 0.6507062 0.7573109 -0.434809 0.2721409 0.8584174 0.1244868 -0.7448763 -0.6554864 0.1835124 -0.6476801 -0.7394821 0.04315459 -0.4392979 -0.8973043 -0.1054752 -0.3335167 -0.9368253 -0.08795619 -0.3027805 -0.948993 -0.07226914 -0.352953 -0.9328459 0.2784305 -0.3441087 -0.8966971 0.2375902 -0.1800009 -0.9545421 -0.08820009 0.3013758 -0.9494175 -0.6771025 0.2895677 -0.6765226 -0.07706028 -0.07400834 -0.9942759 0.2038388 -0.4076472 -0.8900975 0.5746117 0.7994451 -0.17524 0.4818063 0.5557543 -0.6774953 0.324387 0.1183528 -0.9384912 0.1986201 -0.04391735 -0.9790921 0.2034739 0.1536355 -0.9669513 0.05859673 -0.04873907 -0.9970912 0.05456733 0.1287276 -0.9901776 -0.02609348 -0.08884 -0.9957041 0.3323884 0.5570428 -0.761066 -0.5492013 -0.3501215 0.7588103 -0.56775 -0.2967999 0.7678344 -0.6246399 -0.2162297 0.7503797 -0.6461041 -0.2280439 0.7283855 -0.560636 -0.1202452 0.8192854 -0.2911813 -0.9164535 0.2744569 -0.3037579 -0.8603982 0.4092019 -0.4066718 -0.7592936 0.5080269 -0.4051735 -0.8459019 0.3468207 -0.5141862 -0.6156622 0.5971372 -0.5734874 -0.6944352 0.4345942 -0.5492295 -0.3857364 0.7413195 -0.6738068 -0.4116454 0.6136226 -0.6673852 0.04303145 0.7434685 -0.8000735 -0.002929866 0.5998948 -0.7494811 -0.04419124 0.6605492 -0.8582261 -0.06976652 0.5085084 -0.7520173 -0.2928597 0.590511 -0.8459351 -0.2291697 0.4815341 -0.7200123 -0.1725868 0.6721579 -0.6990717 -0.1404796 0.7011165 -0.5859973 -0.1228699 0.8009433 -0.7485393 -0.07049882 0.6593323 -0.6746543 -0.01898282 0.7378898 -0.6339995 0.1742324 0.7534505 -0.4451231 0.07751882 0.8921079 -0.5032672 0.3550948 0.7878007 -0.2852047 0.1597085 0.9450669 -0.3364109 0.4308978 0.83735 -0.1601948 0.20283 0.9660215 -0.1851006 0.4688401 0.8636706 -0.09876006 0.2035019 0.9740809 -0.08981674 0.4862253 0.8692054 -0.2236163 0.7076554 0.6702386 -0.12049 0.7305397 0.6721563 -0.1162182 0.8606492 0.4957583 -0.219557 0.8365079 0.5020452 -0.1152394 0.9455983 0.3042432 -0.2067348 0.9270721 0.312727 -0.1062373 0.9739896 0.2001448 -0.17048 0.9642531 0.2028609 -0.3298187 0.9167904 0.2251996 -0.3825948 0.8579694 0.3427971 -0.5328299 0.8040516 0.2638056 -0.5900958 0.7175149 0.3700802 -0.797185 0.5004189 0.337753 -0.8063482 0.4537292 0.3793843 -0.9534966 0.2071372 0.2189483 -0.930952 0.220805 0.2908157 -0.9832595 -0.02887088 0.1799092 -0.9337754 -0.04584032 0.3549115 -0.982246 -0.1617798 0.09497433 -0.9263682 -0.2128382 0.3107121 -0.9841997 -0.1612306 0.07318395 -0.9365734 -0.1323007 0.3245412 -0.9893585 -0.1424617 0.02957266 -0.9677105 -0.08469146 0.2374107 -0.9173281 -0.3927438 -0.06527924 -0.9129215 -0.3839623 0.1383741 -0.6985213 -0.7038315 -0.1291874 -0.6690089 -0.741217 0.05499535 -0.4205836 -0.8986346 -0.124762 -0.4106609 -0.9116574 -0.01544249 -0.2799242 -0.9530913 -0.1151498 -0.2662511 -0.9620931 -0.05905497 -0.1997141 -0.9751631 -0.09576755 -0.1656902 -0.9850161 -0.04785454 -0.1327883 -0.9911363 -0.004028499 -0.09879052 -0.9951082 -3.05192e-4 -0.1487497 -0.9882977 -0.03378456 -0.08807867 -0.9955701 -0.03289979 -0.1727379 -0.9843314 0.03540211 -0.09174114 -0.995724 0.01083433 -0.1790578 -0.9547109 0.2376248 -0.09439563 -0.9697148 0.2252616 -0.1735323 -0.896472 0.4077064 -0.09628957 -0.9119283 0.3988923 -0.1711239 -0.8067578 0.5655606 -0.1117296 -0.8290454 0.5479055 -0.1866557 -0.5508114 0.8134905 -0.1148764 -0.5938233 0.7963525 -0.1008669 -0.3807612 0.9191555 -0.1846713 -0.3573181 0.9155438 -0.3394063 -0.4036496 0.8496296 -0.3524073 -0.3190496 0.8797821 -0.3097122 -0.2012457 0.9292892 -0.3606451 -0.2427495 0.9005597 -0.5203281 -0.5477041 0.655194 -0.5029295 -0.2529144 0.8264964 -0.6663497 -0.525688 0.528801 -0.5778403 -0.03128159 0.8155502 -0.4617213 -0.3123615 0.8302071 -0.4505286 -0.003326594 0.8927559 -0.2162598 -0.3454786 0.9131683 -0.2507138 -0.06045818 0.9661716 -0.1172858 -0.3681854 0.9223251 -0.2244679 -0.1597979 0.9612902 -0.321638 0.3130317 0.893622 -0.3271713 0.2267309 0.9173614 -0.259473 0.6181023 0.7420402 -0.2974405 0.5740057 0.7629199 -0.2492794 0.4508272 0.8570967 -0.2981449 0.3421846 0.8910777 -0.2010614 -0.03277772 0.9790301 -0.2516902 -0.1022996 0.9623861 -0.1504611 -0.2523352 0.9558706 -0.2213244 -0.2789139 0.9344638 -0.1189316 -0.1798471 0.9764785 -0.2028024 -0.1914186 0.9603282 -0.08517855 -0.004760921 0.9963544 -0.1744467 -0.0205698 0.9844518 -0.3202379 -0.0674169 0.9449353 -0.4264746 -0.09818005 0.8991551 -0.4536921 -0.2533974 0.8543731 -0.503899 -0.3883846 0.7715201 -0.5099144 -0.413077 0.7545561 -0.4912056 -0.4317544 0.7565086 -0.4694108 -0.405138 0.7845487 -0.5710658 -0.2313622 0.7876265 -0.401423 -0.2437287 0.8828681 -0.4269285 -0.01364189 0.9041826 -0.3155979 -0.1055045 0.9430094 -0.4062146 0.01794546 0.9136015 -0.3926265 0.2034089 0.8969221 -0.4054819 0.05804806 0.9122582 -0.4865321 0.1033369 0.8675299 -0.5112164 -0.06039619 0.8573273 -0.63068 2.74673e-4 0.7760431 -0.6024311 -0.2220624 0.7666584 -0.6681204 -0.2308452 0.7073372 -0.6190741 -0.1365106 0.7733771 -0.3402271 -0.1962684 0.9196327 -0.3954643 -0.3534398 0.8477549 -0.3826477 0.2438776 0.8911255 -0.4005364 0.5217593 0.7532184 -0.4498521 0.3214886 0.8332335 -0.4724984 0.3347347 0.8152902 -0.5426886 0.04565638 0.8386923 -0.5007942 0.01641947 0.8654106 -0.4540029 -0.2953643 0.8406196 -0.454832 -0.4708852 0.7559068 -0.3322946 -0.6931248 0.6396549 -0.2653664 -0.9583711 0.1053836 -0.2567564 -0.9664759 -8.54532e-4 -0.4293093 -0.9010092 0.06225854 -0.6207681 -0.7600899 0.1921207 -0.8544576 -0.4244668 0.29955 -0.8962253 -0.04352027 0.4414594 -0.8448273 -0.1089528 0.5238283 -0.8120809 0.1270507 0.5695462 -0.8822242 0.1899527 0.4308118 -0.7264471 0.3270125 0.6044315 -0.7791025 0.3964792 0.4855962 -0.5677235 0.5221274 0.6364534 -0.5895086 0.6225914 0.514645 -0.3989738 0.7616605 0.5105814 -0.39608 0.6397159 0.6586989 -0.7776902 -0.4302291 0.4583678 -0.6080584 -0.7387098 0.2908145 -0.4257414 -0.8884109 0.1716699 -0.5933306 -0.1859251 0.7831927 -0.4981008 -0.04077339 0.86616 -0.3442564 0.2610916 0.9018419 -0.4016591 0.220438 0.8888628 -0.4525074 0.1570515 0.8778223 -0.5270003 0.1306819 0.8397578 -0.1873267 -0.9765524 -0.1060846 -0.1350159 -0.9832605 -0.1223506 -0.2010282 -0.9712955 -0.1271724 -0.3031751 -0.9393424 -0.160377 -0.4529024 -0.8694261 -0.1974276 -0.6955328 -0.6807921 -0.2296876 -0.9027166 -0.3949137 -0.1707223 -0.9812325 -0.1540319 -0.1160046 -0.9822373 -0.1695659 -0.08035761 -0.9843347 -0.1714872 -0.04095667 -0.996533 -0.04556465 0.06961357 -0.6038267 -0.7272776 0.326283 -0.4734506 -0.6698748 0.5719374 -0.2264851 -0.7502911 0.6211021 -0.1052603 -0.756751 0.6451732 -0.3460304 -0.868891 0.3539655 -0.3441945 -0.867353 0.3594846 -0.1199413 -0.9244332 0.3619908 -0.1076725 -0.9139341 0.3913198 -0.655564 -0.6698471 -0.3486269 -0.6348623 -0.6658393 -0.3919287 -0.4398451 -0.8197197 -0.3668733 -0.3252787 -0.8959967 -0.3022974 -0.4662386 -0.7901062 -0.3979371 -0.5843227 -0.6378536 -0.501707 -0.7661805 -0.4080091 -0.4964838 -0.840677 -0.4031868 -0.3615283 -0.8728607 -0.3839671 -0.3011369 -0.9337606 -0.1753013 -0.3120267 -0.9594343 -0.1577236 -0.233686 -0.9454835 -0.1669092 -0.279647 -0.9698212 -0.1590936 -0.1847597 -0.8602799 -0.2055479 -0.4665496 -0.3274351 0.0506305 -0.9435162 -0.1866546 -0.1001026 -0.9773124 -0.3427878 -0.1021161 -0.9338464 -0.3983386 0.04382574 -0.9161909 -0.508549 -0.1117019 -0.8537569 -0.5122542 -0.008423089 -0.8587926 -0.6634893 -0.1387406 -0.7352095 -0.5275337 -0.005432486 -0.8495169 -0.6504008 -0.2133312 -0.729019 -0.8327813 -0.2144594 -0.510375 -0.779024 -0.3632658 -0.511038 -0.9425982 -0.2765382 -0.1871768 -0.9003688 -0.3981192 -0.1756058 -0.9461027 -0.2424159 0.2147653 -0.9636544 -0.2043588 0.1720691 -0.8882687 0.08105963 0.4521151 -0.8884738 0.06409019 0.4544303 -0.6875334 0.4771045 0.5474204 -0.7044566 0.4547441 0.5449299 -0.3739176 0.8674389 0.3282308 -0.3000065 0.8528669 0.4273338 -0.1331861 0.9908999 0.01947128 0.1001335 0.9695345 0.2235532 0.1589454 0.9575179 -0.2406155 -0.1035522 0.9363646 -0.3354078 -0.06180125 0.7334058 -0.676976 -0.1958698 0.6744967 -0.7118211 -0.1903798 0.2580108 -0.9471991 -0.3271935 0.2338361 -0.9155682 -0.3303089 0.3443172 -0.8788298 -0.170357 0.0773046 -0.9823455 -0.07764017 -0.09720277 -0.9922317 -0.1861361 -0.2102463 -0.9597655 -0.07657212 -0.2172952 -0.973098 -0.1738094 -0.3761852 -0.9100961 -0.07004117 -0.3894536 -0.9183792 -0.1442634 -0.6034832 -0.784217 -0.06940001 -0.6216095 -0.7802469 -0.07342916 -0.8079956 -0.5845951 -0.1485056 -0.7997817 -0.5816317 -0.08566677 -0.9148068 -0.3947021 -0.1720055 -0.9049211 -0.3892709 -0.1685891 -0.9503436 -0.2615817 -0.3450495 -0.8565504 -0.3837478 -0.4316994 -0.7354303 -0.5222815 -0.6228111 -0.451963 -0.6386202 -0.6971849 -0.2144597 -0.6840616 -0.8725262 -0.1482034 -0.4655467 -0.9791632 -0.1510372 -0.1357473 -0.1485052 0.3911309 -0.9082747 -0.1482642 0.727801 -0.6695696 -0.1880565 0.9083603 -0.3735191 -0.1650788 0.9764646 -0.1388017 -0.2763516 0.9507656 -0.1402664 -0.5265516 -0.1582431 -0.835286 -0.7047367 -0.1099892 -0.7008914 -0.4919436 -0.2565773 -0.8319613 -0.4447891 -0.5048512 -0.7397893 -0.2898693 -0.7764641 -0.5595351 -0.2644813 -0.5682106 -0.7792218 -0.3279277 -0.3306134 -0.8849623 -0.3514014 -0.1929137 -0.916134 -0.07059103 0.08868896 -0.9935548 -0.06338858 0.4085925 -0.9105131 -0.07187318 0.7348156 -0.6744482 -0.0890851 0.9219807 -0.3768494 -0.08905345 0.9868211 -0.1351061 -0.0929926 0.9956342 -0.008057117 -0.1678227 0.9858171 4.883e-4 -0.3261551 0.9449251 0.02719229 -0.1037334 -0.9562157 -0.2736622 -0.1022706 -0.9801928 -0.1695965 0.7722576 -0.3962306 0.4966082 0.6065386 -0.7535496 0.253523 0.9585175 -0.1406631 0.2479077 0.8319244 0.05829173 0.5518187 0.6970838 -0.5481207 0.4622098 0.5029863 -0.8454723 0.1793916 0.4862362 -0.8607711 0.1504915 0.2500142 -0.94265 -0.2211429 0.2473244 -0.9497761 -0.1917192 -0.01992869 -0.8428953 -0.5377085 -0.05716222 -0.7916648 -0.6082757 0.7662522 -0.474303 0.4334679 0.7787917 -0.4930394 0.3878088 0.6298259 -0.1485372 0.7624016 0.6372774 -0.1523838 0.7554183 0.4255622 0.3178288 0.847279 0.3916839 0.3053144 0.8679671 0.052859 0.726018 0.6856412 0.008484363 0.6776204 0.7353629 -0.3912593 0.8436184 0.3677288 -0.3825569 0.8248091 0.4163416 -0.6031519 0.7869694 -0.129951 -0.5871219 0.8021578 -0.1087692 -0.5483695 0.496914 -0.6725827 -0.512632 0.5101904 -0.6905899 -0.2985664 0.125158 -0.9461468 -0.2645691 0.1610792 -0.950819 -0.1379771 -0.02041727 -0.990225 -0.2638092 -0.1247325 -0.9564761 -0.32784 0.09744858 -0.9396941 -0.379442 -0.002410948 -0.9252124 -0.3279892 0.5179709 -0.7900185 -0.2608177 0.4508306 -0.8536545 0.008545279 0.8857239 -0.4641337 0.06109929 0.794566 -0.6040959 0.3536909 0.925871 -0.1329125 0.6431818 0.7461519 -0.1719729 0.5822777 0.7792187 0.2318856 0.7594367 0.4865046 0.4319365 0.6781966 0.5049089 0.5339631 0.7774095 0.01855552 0.6287211 0.7240032 -0.04007148 0.6886317 0.6685811 -0.5741857 0.4725571 0.7367653 -0.5502316 0.3929659 0.5852389 -0.8105326 0.0230726 0.8172832 -0.4903882 0.3026014 0.748945 -0.6556169 -0.09616649 0.829923 -0.4480906 0.3323293 0.7833172 -0.6140857 -0.09650307 0.7321012 -0.6773188 -0.07257527 0.7227197 -0.6907969 -0.02182102 0.7808182 -0.4600247 0.4227295 0.726298 -0.6872639 -0.01263493 0.5353668 -0.6694375 -0.5150106 0.5687547 -0.6700782 -0.4769836 0.3203631 -0.5199301 -0.7918587 0.2823954 -0.5071398 -0.8142863 0.2623771 -0.3951069 -0.8803687 0.1571452 -0.3884835 -0.9079571 0.2331975 -0.5207498 -0.8212421 0.07226914 -0.352953 -0.9328459 0.2542883 -0.4585246 -0.8515238 0.08795619 -0.3027805 -0.948993 0.2627383 -0.4612951 -0.8474524 0.1054752 -0.3335167 -0.9368253 -0.04315459 -0.4392979 -0.8973043 0.04861646 -0.6198987 -0.7831745 -0.1835124 -0.6476801 -0.7394821 -0.1244868 -0.7448763 -0.6554864 0.06067097 -0.8815608 -0.4681556 0.2788265 -0.941833 -0.1876341 0.8134343 -0.577275 -0.07126283 0.9186061 -0.1780812 -0.3527747 0.9018443 0.4121322 0.1297069 0.3340019 -0.856063 -0.3944604 0.5622342 -0.6680156 -0.4874914 0.5684612 -0.6395723 -0.5174932 0.5239248 -0.682381 -0.5097638 -0.324387 0.1183528 -0.9384912 -0.1791785 0.3556408 -0.9172866 0.4771652 0.8403112 0.2572755 0.2641088 0.9639635 -0.03195303 0.5044891 0.5947967 -0.6258656 0.08820009 0.3013758 -0.9494175 -0.2375902 -0.1800009 -0.9545421 -0.319659 -0.075993 -0.9444804 -0.3579606 -0.243086 -0.9015395 -0.2784305 -0.3441087 -0.8966971 -0.2038388 -0.4076472 -0.8900975 0.07706028 -0.07400834 -0.9942759 0.6771025 0.2895677 -0.6765226 0.6526907 -0.1284261 0.7466604 0.3822831 0.2795251 0.8807528 0.01257377 0.6341528 0.7731055 -0.3393431 0.8292375 0.4440851 -0.5336568 0.8354907 -0.1310184 -0.4406359 0.5241973 -0.7287369 -0.3754795 0.508727 -0.7747336 -0.09073394 0.9119787 -0.4000779 0.2078045 0.977832 0.02572757 0.4251591 0.8293823 0.3624427 0.6188378 0.4765878 0.6244229 0.7374486 -0.07394933 0.6713428 0.7326447 -0.1112731 0.6714537 0.694684 -0.1107551 0.7107372 0.05533182 0.6507062 0.7573109 0.5159572 0.3076028 0.7994803 0.434809 0.2721409 0.8584174 0.3754742 0.7820777 0.4973667 0.1972492 0.7214263 0.663805 -0.2944775 0.8560569 0.4247934 -0.4057837 0.8807546 -0.2441539 -0.2079553 0.9045781 -0.3721466 0.09686726 0.9878691 0.121374 0.5902048 0.3853315 0.7093505 -0.1340401 0.9473149 0.2909086 0.4522598 -0.7295243 -0.5130841 0.2776612 -0.501731 -0.8192499 -0.05456733 0.1287276 -0.9901776 -0.3323884 0.5570428 -0.761066 -0.2034739 0.1536355 -0.9669513 -0.4818063 0.5557543 -0.6774953 -0.5746117 0.7994451 -0.17524 -0.1681608 -0.0551787 -0.9842141 -0.1986201 -0.04391735 -0.9790921 -0.05859673 -0.04873907 -0.9970912 0.02609348 -0.08884 -0.9957041 0.3303089 0.3443172 -0.8788298 0.1958698 0.6744967 -0.7118211 0.3271935 0.2338361 -0.9155682 0.170357 0.0773046 -0.9823455 0.1485052 0.3911309 -0.9082747 0.1482642 0.727801 -0.6695696 0.1880565 0.9083603 -0.3735191 0.1035522 0.9363646 -0.3354078 0.1650788 0.9764646 -0.1388017 0.1331861 0.9908999 0.01947128 0.2763516 0.9507656 -0.1402664 0.1678227 0.9858171 4.883e-4 0.0929926 0.9956342 -0.008057117 0.08905345 0.9868211 -0.1351061 0.0890851 0.9219807 -0.3768494 0.07187318 0.7348156 -0.6744482 0.06338858 0.4085925 -0.9105131 0.07059103 0.08868896 -0.9935548 0.07764017 -0.09720277 -0.9922317 0.3739176 0.8674389 0.3282308 0.3261551 0.9449251 0.02719229 0.5275337 -0.005432486 -0.8495169 0.1903798 0.2580108 -0.9471991 0.06180125 0.7334058 -0.676976 -0.1589454 0.9575179 -0.2406155 -0.1001335 0.9695345 0.2235532 0.3000065 0.8528669 0.4273338 0.6875334 0.4771045 0.5474204 0.7044566 0.4547441 0.5449299 0.8882687 0.08105963 0.4521151 0.8884738 0.06409019 0.4544303 0.9461027 -0.2424159 0.2147653 0.9636544 -0.2043588 0.1720691 0.9425982 -0.2765382 -0.1871768 0.9791632 -0.1510372 -0.1357473 0.9698212 -0.1590936 -0.1847597 0.9003688 -0.3981192 -0.1756058 0.779024 -0.3632658 -0.511038 0.4398451 -0.8197197 -0.3668733 0.6348623 -0.6658393 -0.3919287 0.655564 -0.6698471 -0.3486269 0.840677 -0.4031868 -0.3615283 0.8728607 -0.3839671 -0.3011369 0.9337606 -0.1753013 -0.3120267 0.9594343 -0.1577236 -0.233686 0.9454835 -0.1669092 -0.279647 0.8327813 -0.2144594 -0.510375 0.6504008 -0.2133312 -0.729019 0.6634893 -0.1387406 -0.7352095 0.5122542 -0.008423089 -0.8587926 0.3983386 0.04382574 -0.9161909 0.3274351 0.0506305 -0.9435162 0.1866546 -0.1001026 -0.9773124 0.1861361 -0.2102463 -0.9597655 0.07657164 -0.2173243 -0.9730915 0.1738094 -0.3761852 -0.9100961 0.07004117 -0.3894536 -0.9183792 0.1442634 -0.6034832 -0.784217 0.06940001 -0.6216095 -0.7802469 0.07342916 -0.8079956 -0.5845951 0.1485056 -0.7997817 -0.5816317 0.08566677 -0.9148068 -0.3947021 0.1720055 -0.9049211 -0.3892709 0.1685891 -0.9503436 -0.2615817 0.3252787 -0.8959967 -0.3022974 0.3450495 -0.8565504 -0.3837478 0.4662386 -0.7901062 -0.3979371 0.4316994 -0.7354303 -0.5222815 0.5843026 -0.637865 -0.5017159 0.6228111 -0.451963 -0.6386202 0.7661805 -0.4080091 -0.4964838 0.6971849 -0.2144597 -0.6840616 0.8602799 -0.2055479 -0.4665496 0.8725262 -0.1482034 -0.4655467 0.7047213 -0.1099916 -0.7009064 0.5265516 -0.1582431 -0.835286 0.508549 -0.1117019 -0.8537569 0.3514014 -0.1929137 -0.916134 0.3427878 -0.1021161 -0.9338464 0.4919436 -0.2565773 -0.8319613 0.4447891 -0.5048512 -0.7397893 0.2898693 -0.7764641 -0.5595351 0.2644813 -0.5682106 -0.7792218 0.3279277 -0.3306134 -0.8849623 0.1037041 -0.9562267 -0.2736349 0.1022384 -0.9802072 -0.1695327 0.7895117 0.5703199 0.2267301 0.9923267 0.02761971 -0.1205197 0.7932097 0.6080226 0.03357046 0.2194329 0.9032762 0.3687022 0.2896279 0.799208 0.526671 0.723116 -0.6840212 -0.09601259 0.306351 -0.9494805 -0.06808817 0.3183466 -0.9431678 -0.09534221 0.7099416 -0.6870521 -0.1547332 0.9990265 -0.01742607 -0.04052865 0.4226306 -0.3489266 0.8364411 -0.348838 0.5856695 0.7316443 -0.5231655 0.6401162 0.5626271 -0.7922143 -0.01135307 0.6101375 -0.6871449 -0.002838253 0.7265149 -0.5794427 -0.716353 0.388696 -0.5482848 -0.6531502 0.5222821 -0.2570335 -0.9557117 0.1433491 -0.2317612 -0.9566789 0.1762166 0.08627825 0.315845 0.9448799 0.1638881 0.5322855 0.8305497 9.46087e-4 0.7027289 0.7114573 0.6240053 -0.02270662 -0.7810901 -0.03723317 -0.00665313 -0.9992845 -0.04519939 0.1478366 -0.9879784 0.5953019 0.1318722 -0.7926067 -0.0471211 0.3979964 -0.916176 0.6054777 0.3698056 -0.7047274 0.9484614 0.1133161 -0.2959402 0.9154503 0.3192296 -0.2450376 0.965453 0.2442473 -0.09079539 0.8784607 0.4765552 0.03466963 0.9178262 0.3969292 -0.006500482 0.6541596 0.7266439 0.2099146 0.8562999 0.4965734 0.1420046 0.4953895 0.7887412 0.3639734 0.8150075 0.5193098 0.2570608 0.4044412 0.7856879 0.4681044 0.3742279 0.7680798 0.519622 0.2383534 0.3551496 0.9039118 0.0987904 0.2572152 0.9612913 -0.06497448 0.2052998 0.97654 0.2250504 0.2722335 0.9355433 0.9519185 -0.02594113 -0.3052511 0.9780638 0.1421256 -0.1522883 0.964252 0.2562996 -0.06729465 0.9430881 0.3277202 0.05643081 0.9264184 0.3379421 0.1659649 0.8246231 0.4918136 0.2794929 0.9176585 0.3523774 0.1836659 -0.06408983 0.2666749 0.9616534 0.07339882 0.2085992 0.9752432 -0.07602345 0.319384 0.944571 -0.1494203 0.5379559 0.8296247 -7.32464e-4 0.8033602 0.5954931 0.1617828 0.7861159 0.5965301 0.1834848 0.8623664 0.471866 0.296676 0.8749516 0.3826788 0.6458811 0.6975504 0.3102598 0.9222346 0.3533229 -0.1569917 0.6001073 0.4459527 -0.6640764 -0.03314393 0.535156 -0.8441029 -0.61265 0.4345073 -0.6601995 -0.6547014 0.2166875 -0.7241635 -0.6722193 0.07245296 -0.7367983 -0.9172276 0.261459 -0.3005542 -0.9191829 0.225874 -0.3226204 -0.9352642 0.3385202 -0.1033689 -0.9619147 0.245316 -0.1205826 -0.8985509 0.4388073 0.007385671 -0.9693919 0.2391815 -0.05542343 -0.8332592 0.5382019 0.1265621 -0.9370459 0.3479855 0.02917677 -0.8008919 0.5426056 0.2532811 -0.9167662 0.3530156 0.186869 -0.8091639 0.5011 0.3068432 -0.9055743 0.3566202 0.2296896 -0.3885424 0.8132197 0.4332533 -0.3571931 0.7984963 0.484579 -0.1619329 0.7893389 0.5922178 -0.00790435 0.874458 0.4850369 -0.01144456 0.8973456 0.4411804 8.5453e-4 0.844215 0.5360042 0.05554443 0.7430747 0.6668995 0.7236688 0.53384 0.4373997 0.9730647 0.2039883 0.107396 0.6399596 0.4568743 -0.6178331 -0.01461875 0.5436411 -0.8391905 -0.6033639 0.5079 -0.6148087 -0.8837277 0.3896447 -0.2592341 -0.8187736 0.5732148 0.03216737 -0.6178894 0.7607492 0.1986792 -0.477566 0.8139802 0.3307071 -0.1558623 0.3004629 0.9409724 -0.2066745 0.3933591 0.895854 -0.1891899 0.8743206 0.4469571 -0.3070817 0.879068 0.36461 -0.5758728 0.7609127 0.2989692 -0.8612291 0.4870298 -0.1452116 -0.6062644 0.5337812 -0.5895093 -0.6469188 0.6329715 0.4252567 -0.9125785 0.392291 0.1153617 0.4946601 0.6578174 0.567968 -0.2434225 0.9010234 0.3590299 0.3204541 0.5985777 0.7341757 0.7768951 -0.01187193 0.6295182 0.670574 -0.002929866 0.741837 0.5572835 -0.7325562 0.390892 -0.9993506 -0.02160757 -0.0288406 -0.7198843 -0.6894872 -0.07983791 -0.4139312 -0.3542663 0.8385441 -0.2907564 -0.9547932 -0.06189292 -0.303606 -0.9483263 -0.09219878 -0.7027452 -0.6937724 -0.1575729 -0.9917682 0.02908432 -0.1246997 -0.7884976 0.5709557 0.2286508 -0.7904477 0.6117271 0.03134322 -0.3070849 0.7961869 0.5213303 0.5320994 -0.6670547 0.5214483 0.2408862 -0.9602795 0.140845 0.2168673 -0.9622001 0.164741 0.001098692 0.9110951 0.4121948 -3.05192e-4 0.8025927 0.5965273 0.604768 0.5992135 0.5245941 0.7023079 0.6321442 0.327349 0.9648144 -0.005951285 0.2628648 0.6957758 -0.677739 0.2378358 0.2718651 -0.9603784 0.06134355 0.2846258 -0.9580105 0.03470075 0.6859874 -0.715103 0.1343469 0.922385 0.003906428 0.3862524 0.008118093 -0.3489872 0.9370924 -0.6002125 0.5975574 0.5316674 -0.6999327 0.6304705 0.3355612 -0.9607671 -0.007141411 0.2772647 -0.9163166 0.005615532 0.4004154 -0.6795437 -0.7192188 0.1447227 -0.6909351 -0.6780253 0.2507802 -0.2777223 -0.9598817 0.03869801 -0.2653929 -0.9618967 0.06573784 0.769149 -0.635169 -0.07049971 0.722857 -0.6892244 -0.04947227 0.2531529 -0.9658568 -0.05508631 0.6772803 -0.7186337 -0.1576617 0.1449646 -0.9847526 -0.09616494 0.4403933 -0.8913767 -0.1072447 0.08203542 -0.2213858 0.9717296 0.09720283 -0.1950466 0.9759654 0.1110918 -0.7323822 0.67177 0.1519235 -0.466269 0.8715001 0.005157709 -0.9669066 0.2550787 0.006836295 -0.9084386 0.4179623 -0.1362058 -0.4744772 0.8696663 -0.102055 -0.7360532 0.6691865 -0.08673393 -0.1992256 0.9761078 -0.06289988 -0.2263908 0.9720035 -0.1056886 -0.2144291 0.9710047 -0.1376132 -0.6276984 0.7661967 -0.1603468 -0.9751128 0.1531139 -0.1444776 -0.9563174 0.2541329 -0.6245197 -0.7806878 -0.02240127 -0.7240644 -0.6896999 -0.006714165 -0.9213423 -0.3882645 0.01947116 -0.9306197 -0.3659854 -0.001312315 -0.7821318 -0.6196811 -0.06530988 -0.9488725 -0.3022927 -0.09088617 -0.7209913 -0.6719465 -0.1692913 -0.8965808 -0.3968357 -0.1966325 -0.4534287 -0.8861653 -0.09546506 -0.7146 -0.6945797 -0.08310294 -0.4677365 -0.866988 -0.1719143 -0.680063 -0.6888526 -0.2509912 -0.6467704 -0.4258393 -0.6327314 -0.4999443 -0.6810181 -0.5350421 -0.02505648 -0.485138 -0.8740786 -0.01800638 -0.8227089 -0.5681779 0.4265005 -0.7023296 -0.569939 -0.001037657 -0.9948093 -0.1017516 0.4750971 -0.8677306 -0.1460358 7.32451e-4 -0.9988498 -0.04794502 9.46081e-4 -0.9978103 -0.06613409 0.01019346 -0.9995098 0.02960377 0.1247021 -0.9915438 0.03592127 0.5814485 -0.8005751 -0.1449043 0.918648 -0.3912822 -0.05462872 0.9355531 -0.3531023 -0.007690727 0.9439535 -0.3172758 -0.09103822 0.8482893 -0.498658 -0.1781728 0.7107853 -0.6947323 -0.1101427 0.7528784 -0.617953 -0.2265136 0.6087365 -0.3668411 -0.7034682 -0.1405115 -0.9852898 -0.09726548 0.01504582 -0.9990701 0.04040712 0.1044676 -0.695474 0.7109167 0.001739561 -0.9996111 0.0278331 -0.006317436 -0.9995327 0.02990871 -0.279281 -0.9586991 -0.0538358 0.1234505 -0.1967577 0.9726493 -0.4403933 -0.8913767 -0.1072447 -0.1449646 -0.9847526 -0.09616494 -0.6772803 -0.7186337 -0.1576617 -0.2531529 -0.9658568 -0.05508631 -0.769149 -0.635169 -0.07049971 -0.722857 -0.6892244 -0.04947227 -0.1247021 -0.9915438 0.03592127 -0.01019346 -0.9995098 0.02960377 -9.46081e-4 -0.9978103 -0.06613409 -7.32451e-4 -0.9988498 -0.04794502 -0.4750971 -0.8677306 -0.1460358 0.001037657 -0.9948093 -0.1017516 -0.4265005 -0.7023296 -0.569939 0.01800638 -0.8227089 -0.5681779 -0.1110918 -0.7323822 0.67177 -0.001739561 -0.9996111 0.0278331 0.006317436 -0.9995327 0.02990871 0.1405115 -0.9852898 -0.09726548 0.279281 -0.9586991 -0.0538358 0.7209913 -0.6719465 -0.1692913 0.7821318 -0.6196811 -0.06530988 0.9488725 -0.3022927 -0.09088617 0.9306197 -0.3659854 -0.001312315 0.7240644 -0.6896999 -0.006714165 0.9213423 -0.3882645 0.01947116 0.6245197 -0.7806878 -0.02240127 0.1603468 -0.9751128 0.1531139 0.1444776 -0.9563174 0.2541329 0.1376132 -0.6276984 0.7661967 0.102055 -0.7360532 0.6691865 0.1056886 -0.2144291 0.9710047 0.06289988 -0.2263908 0.9720035 0.08673393 -0.1992256 0.9761078 0.1362058 -0.4744772 0.8696663 -0.005157709 -0.9669066 0.2550787 -0.006836295 -0.9084386 0.4179623 -0.1519235 -0.466269 0.8715001 -0.09720283 -0.1950466 0.9759654 -0.08203542 -0.2213858 0.9717296 -0.1234505 -0.1967577 0.9726493 -0.1044676 -0.695474 0.7109167 -0.01504582 -0.9990701 0.04040712 -0.5814485 -0.8005751 -0.1449043 -0.918648 -0.3912822 -0.05462872 -0.9355531 -0.3531023 -0.007690727 -0.9439535 -0.3172758 -0.09103822 -0.8482893 -0.498658 -0.1781728 -0.7107853 -0.6947323 -0.1101427 -0.7528784 -0.617953 -0.2265136 -0.6087365 -0.3668411 -0.7034682 0.02505648 -0.485138 -0.8740786 0.4999443 -0.6810181 -0.5350421 0.4677365 -0.866988 -0.1719143 0.4534287 -0.8861653 -0.09546506 0.8965808 -0.3968357 -0.1966325 0.7146 -0.6945797 -0.08310294 0.680063 -0.6888526 -0.2509912 0.6467704 -0.4258393 -0.6327314 0.6469188 0.6329715 0.4252567 -0.05554443 0.7430747 0.6668995 -8.5453e-4 0.844215 0.5360042 -0.6458811 0.6975504 0.3102598 -0.296676 0.8749516 0.3826788 0.01144456 0.8973456 0.4411804 -0.1834848 0.8623664 0.471866 -0.9730647 0.2039883 0.107396 -0.6399596 0.4568743 -0.6178331 -0.9222346 0.3533229 -0.1569917 -0.7236688 0.53384 0.4373997 -0.4044412 0.7856879 0.4681044 -0.4953895 0.7887412 0.3639734 -0.6541596 0.7266439 0.2099146 -0.8784607 0.4765552 0.03466963 -0.9154503 0.3192296 -0.2450376 -0.6001073 0.4459527 -0.6640764 0.01461875 0.5436411 -0.8391905 -0.2250504 0.2722335 0.9355433 -0.0987904 0.2572152 0.9612913 -0.2383534 0.3551496 0.9039118 -0.1638881 0.5322855 0.8305497 -0.3742279 0.7680798 0.519622 -0.8150075 0.5193098 0.2570608 -0.8562999 0.4965734 0.1420046 -0.9178262 0.3969292 -0.006500482 -0.965453 0.2442473 -0.09079539 -0.9484614 0.1133161 -0.2959402 -0.6054777 0.3698056 -0.7047274 0.03314393 0.535156 -0.8441029 0.6033639 0.5079 -0.6148087 0.6062644 0.5337812 -0.5895093 0.8612291 0.4870298 -0.1452116 0.9125785 0.392291 0.1153617 0.5758728 0.7609127 0.2989692 0.3070817 0.879068 0.36461 0.00790435 0.874458 0.4850369 -0.1617828 0.7861159 0.5965301 7.32464e-4 0.8033602 0.5954931 0.1619329 0.7893389 0.5922178 0.1891899 0.8743206 0.4469571 -0.8246231 0.4918136 0.2794929 -0.9176585 0.3523774 0.1836659 -0.9264184 0.3379421 0.1659649 -0.9430881 0.3277202 0.05643081 -0.964252 0.2562996 -0.06729465 -0.9780638 0.1421256 -0.1522883 -0.9519185 -0.02594113 -0.3052511 -0.6240053 -0.02270662 -0.7810901 -0.5953019 0.1318722 -0.7926067 0.0471211 0.3979964 -0.916176 0.61265 0.4345073 -0.6601995 0.8837277 0.3896447 -0.2592341 0.8187736 0.5732148 0.03216737 0.6178894 0.7607492 0.1986792 0.477566 0.8139802 0.3307071 0.3885424 0.8132197 0.4332533 0.1494203 0.5379559 0.8296247 -9.46087e-4 0.7027289 0.7114573 -0.08627825 0.315845 0.9448799 0.06497448 0.2052998 0.97654 0.06408983 0.2666749 0.9616534 0.1558623 0.3004629 0.9409724 0.2066745 0.3933591 0.895854 0.3571931 0.7984963 0.484579 0.8008919 0.5426056 0.2532811 0.8332592 0.5382019 0.1265621 0.8985509 0.4388073 0.007385671 0.9352642 0.3385202 -0.1033689 0.9172276 0.261459 -0.3005542 0.6547014 0.2166875 -0.7241635 0.04519939 0.1478366 -0.9879784 0.03723317 -0.00665313 -0.9992845 -0.07339882 0.2085992 0.9752432 0.07602345 0.319384 0.944571 0.8091639 0.5011 0.3068432 0.9167662 0.3530156 0.186869 0.9370459 0.3479855 0.02917677 0.9693919 0.2391815 -0.05542343 0.9619147 0.245316 -0.1205826 0.9191829 0.225874 -0.3226204 0.6722193 0.07245296 -0.7367983 0.9055743 0.3566202 0.2296896 -0.7895117 0.5703199 0.2267301 -0.4226306 -0.3489266 0.8364411 -0.2896279 0.799208 0.526671 -0.723116 -0.6840212 -0.09601259 -0.7099416 -0.6870521 -0.1547332 -0.3183466 -0.9431678 -0.09534221 -0.306351 -0.9494805 -0.06808817 -0.9990265 -0.01742607 -0.04052865 -0.9923267 0.02761971 -0.1205197 -0.7932097 0.6080226 0.03357046 -0.2194329 0.9032762 0.3687022 0.348838 0.5856695 0.7316443 0.6871449 -0.002838253 0.7265149 0.5482848 -0.6531502 0.5222821 0.5794427 -0.716353 0.388696 0.2570335 -0.9557117 0.1433491 0.2317612 -0.9566789 0.1762166 0.5231655 0.6401162 0.5626271 0.7922143 -0.01135307 0.6101375 -0.008118093 -0.3489872 0.9370924 0.6002125 0.5975574 0.5316674 3.05192e-4 0.8025927 0.5965273 0.6795437 -0.7192188 0.1447227 0.6909351 -0.6780253 0.2507802 0.2777223 -0.9598817 0.03869801 0.2653929 -0.9618967 0.06573784 0.9163166 0.005615532 0.4004154 0.9607671 -0.007141411 0.2772647 0.6999327 0.6304705 0.3355612 -0.001098692 0.9110951 0.4121948 -0.604768 0.5992135 0.5245941 -0.922385 0.003906428 0.3862524 -0.6957758 -0.677739 0.2378358 -0.6859874 -0.715103 0.1343469 -0.2846258 -0.9580105 0.03470075 -0.2718651 -0.9603784 0.06134355 -0.9648144 -0.005951285 0.2628648 -0.7023079 0.6321442 0.327349 0.2477877 -0.2467805 -0.9368568 0.3969008 -0.1435313 -0.9065697 0.4157577 -0.1529602 -0.8965204 0.217295 -0.4652921 -0.8580712 0.4715523 -0.3324152 -0.8167856 0.1523823 -0.6761832 -0.7208023 0.4675235 -0.5686947 -0.6767631 0.5037808 -0.3935759 -0.7689623 0.4455243 -0.8241499 -0.349693 0.5462577 -0.7455766 -0.3817303 0.6019846 -0.7908963 0.10999 0.6936783 -0.6656919 -0.2750725 0.7454096 -0.651623 0.1405425 0.7891689 -0.6100814 0.07080483 0.7564862 -0.4712206 0.4535194 0.733675 -0.51107 0.4478042 0.9319261 -0.359574 0.04712122 0.734714 -0.6125465 -0.2915173 0.9064264 -0.2551727 -0.3365681 0.7168713 -0.3159679 -0.6214981 0.7886826 0.1822619 -0.587163 0.4734402 -0.07348954 -0.877755 0.5161082 0.394154 -0.760444 0.3127611 -0.1153627 -0.9428001 0.3407159 0.3358634 -0.8781278 0.3472509 -0.2881956 -0.8923901 0.6922703 -0.2577969 -0.6740198 0.422877 -0.1023926 -0.9003838 0.3514259 0.017762 -0.9360473 0.2515081 -0.3147743 -0.9152382 0.08185106 -0.6908514 -0.7183488 0.1384657 -0.5120822 -0.8477022 0.4291625 -0.2022209 -0.880299 0.4534504 -0.05624639 -0.889505 0.5726948 -0.07696968 -0.8161473 0.6664466 -0.2282527 -0.7097532 0.6479318 -0.5128825 -0.5631483 0.6105635 -0.7063931 -0.3580796 0.6289725 -0.7693613 0.1117007 0.5007323 -0.8553987 0.1325153 0.7420502 -0.4247699 0.5185868 0.762639 -0.4234205 0.4889752 0.5520328 -0.470058 0.6886982 0.5988827 -0.2794359 0.7505032 0.2743349 -0.3443455 0.8978679 0.3885657 -0.06985753 0.9187691 0.1472837 0.08551365 0.9853908 0.09384727 -0.2767197 0.9563571 0.0786789 -0.145028 0.9862945 0.3127953 -0.176922 0.9331976 0.08700847 0.2837008 0.9549573 0.354851 0.1932498 0.9147324 0.6007073 -0.298141 0.741797 0.5768811 0.08405089 0.8124923 0.1511006 0.9811927 -0.1201236 0.1570511 0.9819814 -0.1051076 0.174751 0.9845693 0.009247183 0.1713625 0.9852049 0.002471983 0.2459194 0.9535861 0.1737732 0.2610651 0.9441562 0.2010329 0.4566019 0.854698 0.2469941 0.479214 0.8383345 0.2599023 0.352554 0.9304288 0.1000408 0.3433393 0.9342186 0.09671485 0.3157848 0.9480562 0.0383324 0.3327815 0.9425554 0.0290848 -0.01117008 0.9768029 0.2138492 -0.03305256 0.9718011 0.233474 -0.08353036 0.9007367 0.4262583 -0.0872237 0.8990944 0.4289773 -0.02191311 0.9303 0.3661442 -0.02011215 0.9337659 0.3573189 -0.4407004 -0.8611359 -0.2534332 -0.1010808 -0.9844698 0.1435335 -0.4731992 -0.8751057 -0.101354 -0.07763987 -0.9845682 0.1568363 0.0855444 -0.9772145 0.1942527 0.08368384 -0.9767697 0.1972766 0.1804592 -0.9434965 0.277937 0.1829623 -0.9397154 0.2888944 -0.3510009 -0.8748623 -0.333788 -0.6743938 -0.6345046 -0.3776202 -0.6891533 -0.620943 -0.3734936 -0.7876169 -0.5481914 -0.2813288 -0.7916124 -0.5428487 -0.2804734 -0.7433271 -0.5635381 -0.3604019 -0.7398536 -0.5662587 -0.3632736 -0.6886098 -0.622932 -0.3711772 -0.6861722 -0.6255602 -0.371271 -0.6402375 -0.6911135 -0.335348 -0.641033 -0.6918786 -0.332236 -0.6883029 -0.6905614 -0.2221809 -0.6855111 -0.6911265 -0.2289513 -0.7931305 -0.5979913 0.1155453 -0.7955163 -0.5905792 0.1355363 -0.7347074 -0.612541 -0.2915452 -0.7891689 -0.6100814 0.07080483 -0.6936783 -0.6656919 -0.2750725 -0.6922703 -0.2577969 -0.6740198 -0.5462577 -0.7455766 -0.3817303 -0.5037808 -0.3935759 -0.7689623 -0.4228757 -0.1024228 -0.9003809 -0.3472509 -0.2881956 -0.8923901 -0.1523823 -0.6761832 -0.7208023 -0.7168713 -0.3159679 -0.6214981 -0.4734402 -0.07348954 -0.877755 -0.3127611 -0.1153627 -0.9428001 -0.3514259 0.017762 -0.9360473 -0.2515081 -0.3147743 -0.9152382 -0.08185106 -0.6908514 -0.7183488 -0.217295 -0.4652921 -0.8580712 -0.1384657 -0.5120822 -0.8477022 -0.2477877 -0.2467805 -0.9368568 -0.3407159 0.3358634 -0.8781278 -0.5161082 0.394154 -0.760444 -0.7886826 0.1822619 -0.587163 -0.9064264 -0.2551727 -0.3365681 -0.9319261 -0.359574 0.04712122 -0.733675 -0.51107 0.4478042 -0.7564862 -0.4712206 0.4535194 -0.7454096 -0.651623 0.1405425 -0.6019825 -0.7908937 0.1100201 -0.4455243 -0.8241499 -0.349693 -0.4675235 -0.5686947 -0.6767631 -0.4715523 -0.3324152 -0.8167856 -0.4157577 -0.1529602 -0.8965204 -0.3969008 -0.1435313 -0.9065697 -0.4291625 -0.2022209 -0.880299 -0.4534504 -0.05624639 -0.889505 -0.5726948 -0.07696968 -0.8161473 -0.6664466 -0.2282527 -0.7097532 -0.6479318 -0.5128825 -0.5631483 -0.6105635 -0.7063931 -0.3580796 -0.6289725 -0.7693613 0.1117007 -0.5007323 -0.8553987 0.1325153 -0.7420502 -0.4247699 0.5185868 -0.762639 -0.4234205 0.4889752 -0.5520328 -0.470058 0.6886982 -0.5988827 -0.2794359 0.7505032 -0.2743349 -0.3443455 0.8978679 -0.3885657 -0.06985753 0.9187691 -0.1472837 0.08551365 0.9853908 -0.09384727 -0.2767197 0.9563571 -0.0786789 -0.145028 0.9862945 -0.3127953 -0.176922 0.9331976 -0.08700847 0.2837008 0.9549573 -0.354851 0.1932498 0.9147324 -0.6007073 -0.298141 0.741797 -0.5768811 0.08405089 0.8124923 -0.4060228 0.4944359 0.7685562 -0.6181007 0.7714586 0.1510078 -0.3112654 0.04474115 0.9492694 -0.3146187 0.5361548 0.7832964 -0.2289541 0.06354069 0.9713613 -0.3155385 0.0528593 0.9474394 -0.3464241 0.6049833 0.7169279 -0.9928569 0.1060854 0.05459916 -0.425229 0.905027 -0.01031559 -0.183757 0.2823345 0.9415522 -0.1857719 0.5567358 0.8096505 0.01852524 0.313068 0.9495501 -0.003784298 0.6185865 0.7857077 0.1052902 0.603023 0.7907448 -0.05606305 0.9263689 0.3724214 -0.004364252 0.9368885 0.3496012 -0.00927788 0.9996004 0.02670443 -0.07571703 0.9937214 0.0823701 0.02481228 0.9696641 -0.243179 -0.1134712 0.9925836 -0.04361224 -0.02728432 0.9732334 -0.2281936 -0.07626724 0.9896125 -0.1218628 -0.1597386 0.9860209 -0.0473966 -0.315476 0.9489306 -0.00238049 -0.4012607 0.9159293 -0.007965385 -0.2932587 0.6006174 -0.7438133 -0.2042941 0.2552303 -0.945051 -0.237957 0.6299741 -0.7392627 -0.1360226 -0.001831114 -0.990704 -0.04236006 -0.1081281 -0.9932342 -0.09341853 -0.9579901 -0.2711609 -0.02816897 -0.9564944 -0.2903878 0.02002054 -0.1034293 -0.9944354 -0.1496351 -0.8888996 -0.4329746 0.0497772 -0.04898369 -0.9975585 -0.05478191 -0.7504665 -0.6586343 0.003326535 -0.3507235 -0.9364732 -0.06039708 -0.669862 -0.7400252 -0.1439894 -0.9618726 -0.2325255 -0.02807772 -0.8867685 -0.4613601 -0.124579 -0.9723695 -0.1974281 -0.09112936 -0.9466649 -0.3090646 -0.09253317 -0.9954947 -0.02069175 -0.1788116 -0.9838761 0.003784358 0.03326594 -0.9531462 0.3006755 -0.1728275 -0.9065281 0.3851462 0.09067302 -0.56647 0.8190789 -0.1808885 -0.5654025 0.8047357 -0.1800613 -0.2723504 0.9452002 0.04043745 -0.2361855 0.9708663 0.3202421 -0.3156946 0.8931864 0.2909725 -0.6908079 0.661906 0.2817261 -0.4244661 0.8604993 0.22062 -0.7856746 0.577964 0.1847003 -0.605037 0.774478 0.08929884 -0.9141688 0.3953748 0.2374389 -0.7062436 0.6669654 0.2287993 -0.9425727 0.2433263 0.2516933 -0.7807772 0.5718721 0.2332575 -0.9584528 0.1641928 0.1864095 -0.9707455 0.1513432 -0.02679586 -0.6991047 -0.714517 -0.04584062 -0.7272857 -0.6848022 -0.2077135 -0.2617325 -0.9425238 -0.2164099 -0.3038772 -0.9278068 -0.03170919 -0.8997306 -0.4352924 0.1999033 -0.8304685 0.5199623 0.1747839 0.2214784 0.9593737 0.09903591 0.7175145 -0.6894671 0.1208864 0.6958369 -0.707953 0.04690837 0.9553202 -0.2918271 -0.1578786 0.90079 0.4045391 -0.1411493 0.9899374 0.01004064 -0.06579977 0.9978312 0.001831114 -0.04770141 0.9460633 -0.3204512 -0.01144474 0.6626688 -0.7488251 0.1558316 0.3994063 -0.903433 0.1109967 0.4246381 -0.8985335 0.07104921 0.7063415 -0.7042967 0.03445637 0.6869002 -0.7259345 -0.08798527 0.6730889 -0.7343093 -0.1345295 0.9243718 -0.3569855 -0.1566861 0.6089214 -0.7776016 0.00802654 0.3497204 -0.9368197 -0.1923636 -0.008209705 -0.9812895 -0.1690159 0.9045617 0.3914101 -0.09543311 0.9834467 0.1540297 0.113897 0.1046803 0.9879624 0.1177421 0.1900721 0.9746843 0.003662288 0.5267325 0.8500233 0.01922708 0.5571587 0.8301835 -0.07870811 0.9286888 0.3624114 -0.265271 0.8485497 0.4578152 -0.1968194 -0.6162165 -0.7625873 -0.0303356 -0.672541 -0.739438 0.009888291 -0.3234454 -0.9461952 0.07696962 -0.5208423 -0.8501759 0.1253718 -0.1942225 -0.972913 -0.1854372 -0.9208686 -0.342949 -0.205061 -0.9389958 -0.2761106 -0.1033373 -0.5349982 -0.8385096 -0.1328817 -0.5265219 -0.8397126 -0.2607537 -0.9335739 -0.2458604 -0.1866564 -0.8920809 0.411523 -0.08023542 -0.9028854 0.4223272 -0.1452713 -0.9236631 0.3546023 -0.5028066 -0.8560072 -0.1201547 -0.2868174 -0.9435859 -0.1654739 -0.1787213 -0.9818379 -0.06366336 -0.09680581 -0.981395 -0.165809 0.1676106 -0.9811876 0.09579926 -0.1095023 -0.9764263 -0.1860135 -0.1564422 -0.8561593 -0.4924602 -0.01525938 -0.7539675 -0.6567345 -0.3646437 -0.1486286 -0.9192086 -0.5633898 -0.7415017 -0.3643723 -0.8512361 -0.151008 0.502587 -0.3346411 -0.5935339 0.7319377 -0.2411009 -0.9684018 -0.06378489 -0.128026 -0.991767 0.002746641 -0.2459217 -0.7764633 -0.5801959 -0.09488326 -0.7507955 -0.6536844 -0.2300186 -0.9731768 -0.004303097 -0.1585792 -0.7418369 -0.6515603 -0.2815429 -0.9595045 -0.009216904 -0.2052418 -0.7395421 0.6410565 -0.1189049 -0.7507246 0.6498264 -0.3029968 -0.9024288 -0.306293 -0.1649873 -0.9862005 -0.01370316 -0.3177649 -0.9422163 -0.1060844 0.07266575 -0.1036121 0.9919598 -0.04477107 0.3483722 0.9362865 -0.5738234 0.7691773 0.2812351 -0.5704077 0.7002678 0.4292554 -0.1694746 0.854026 0.4918516 -0.1098076 0.9878721 0.1097771 -0.3639414 0.6316863 -0.6844846 -0.3620814 0.06982821 -0.9295274 -0.2617613 0.5513864 -0.7921201 -0.1709696 0.07336854 -0.9825409 -0.1844556 0.0672329 -0.9805387 -0.3027839 0.5187399 -0.7995192 -0.6460662 0.7626199 -0.0317707 -0.3939742 0.9191207 0.001281797 -0.3579586 0.5021615 0.7872099 -0.3177374 0.9481766 0.002044796 -0.2899072 0.5395589 0.7904619 -0.1669692 0.985671 0.02395737 -0.2781879 0.6515366 0.7057702 -0.3353475 0.07333821 0.9392357 -0.2060033 0.06674504 0.9762725 -0.2556876 0.05340808 0.9652832 -0.6944867 0.5167755 -0.500631 -0.6801789 0.7309016 0.05603301 -0.602609 0.4953632 -0.6256818 -0.7473329 0.6642891 0.01461887 -0.609136 0.4637417 -0.6433482 -0.753386 0.4235087 0.5030406 -0.3193567 0.1998115 0.9263297 -0.0332964 -0.1868078 0.981832 -0.2143951 0.2494918 0.9443456 0.05227869 -0.1390742 0.9889011 -0.2349953 0.2155547 0.947794 -0.4114924 0.151498 0.8987338 -0.3621998 0.1903471 0.9124578 -0.4341005 0.05801635 0.8989945 -0.4049328 0.2032294 0.8914748 -0.5671457 0.4479057 -0.6911774 -0.7641195 0.423307 -0.4867573 -0.761463 0.4678953 -0.448607 -0.7425122 0.6546462 -0.1418247 -0.6074954 0.7873177 -0.1052625 -0.7634757 0.5278957 -0.3720632 -0.4898651 0.8611018 -0.1361466 -0.4329481 0.8316839 0.3476464 -0.6228014 0.7742062 -0.1127982 -0.602568 0.7110022 0.3624747 -0.6430467 0.5184659 0.5636349 -0.4648628 0.5722891 0.6755648 -0.6638659 0.2329268 0.7106527 -0.4721928 0.3319572 0.8166018 -0.5711945 0.07941055 0.8169645 -0.4061811 0.0139473 0.9136862 -0.7123163 0.306412 -0.6314406 -0.6047766 0.2940259 -0.7401311 -0.3153572 0.1785081 -0.9320327 -0.2587144 0.3113606 -0.9143968 -0.5797344 -0.06204462 -0.8124399 -0.352037 -0.1698079 -0.9204539 -0.09332817 -0.2459554 -0.9647777 -0.08246213 0.1515874 -0.9849982 -0.1019335 0.2290454 -0.968064 -0.1546412 -0.1588222 -0.9751213 -0.369003 0.06616479 -0.9270702 -0.6249345 0.2996341 -0.7208858 -0.733743 0.5119293 -0.4467098 -0.7926432 0.60492 -0.07608419 -0.7067798 0.6557505 0.2654315 -0.5553942 0.734086 0.3907109 -0.5094022 0.3836921 0.770253 -0.1460639 0.6904622 0.7084684 -0.217667 0.4637785 0.858796 -0.2545927 0.3072081 0.9169547 -0.7461056 0.6062966 0.2751926 -0.9455381 0.3230431 -0.04001033 -0.9217757 0.1947134 0.3352855 -0.7277002 0.2774807 0.6272614 -0.7159232 0.2063108 0.6670006 -0.7913823 -0.2440891 0.5604773 -0.4739947 0.0515775 0.8790159 -0.4260447 0.08163821 0.9010112 -0.3396512 0.2950928 0.8930608 -0.2500761 0.3133123 0.9161318 -0.07819068 0.71333 0.6964529 -0.1360222 0.5114946 0.8484523 -0.5010005 -0.4503389 0.739049 -0.3011023 0.07455837 0.9506727 -0.3396152 -0.06152623 0.9385501 -0.325549 -0.3801479 0.8657399 0.8502063 0.5231922 -0.05847495 0.8563452 0.5102851 -0.07925897 0.8535578 0.5167797 -0.06616538 0.8525468 0.520287 -0.0496543 0.8534582 0.5187585 -0.04998975 -0.1511006 0.9811927 -0.1201236 -0.174751 0.9845693 0.009247183 -0.1570511 0.9819814 -0.1051076 -0.1713625 0.9852049 0.002471983 -0.2459194 0.9535861 0.1737732 -0.2610651 0.9441562 0.2010329 -0.4566019 0.854698 0.2469941 -0.479214 0.8383345 0.2599023 -0.352554 0.9304288 0.1000408 -0.3433393 0.9342186 0.09671485 -0.3157848 0.9480562 0.0383324 -0.3327815 0.9425554 0.0290848 0.01117008 0.9768029 0.2138492 0.03305256 0.9718011 0.233474 0.08353036 0.9007367 0.4262583 0.0872237 0.8990944 0.4289773 0.02191311 0.9303 0.3661442 0.02011215 0.9337659 0.3573189 -0.6430147 0.1857109 0.7429965 -0.6343742 0.327411 0.7002654 -0.8928775 0.204633 0.4011173 -0.8992488 0.01803684 0.4370657 -0.9994956 -0.001068115 -0.03173971 -0.9828671 -0.1784145 -0.04626691 -0.859914 -0.2322219 -0.4545556 -0.380674 -0.7058629 -0.5973649 -0.5296598 -0.5478798 -0.6475248 -0.2004821 -0.6023314 -0.7726603 -0.4746952 -0.4903514 -0.7309036 -0.6218404 -0.2727247 -0.7341226 -0.7884231 -0.4198168 -0.4496031 -0.9393223 -0.3384588 -0.05585026 -0.8808514 -0.1638892 0.4441185 -0.6392789 -0.02133268 0.768679 -0.3127903 0.1926977 0.9300699 -0.3024143 0.322679 0.8968968 -0.6176816 0.3774636 0.6899209 -0.279345 0.377862 0.8827156 -0.5603674 0.3844228 0.7336263 -0.2502557 0.4210399 0.8718358 -0.4253479 0.4876683 0.7624033 -0.2193413 0.5016437 0.8368052 -0.1681325 0.7164479 0.6770776 -0.3589694 0.736281 0.5736125 -0.1634308 0.8881417 0.4295284 -0.2957955 0.9255055 0.2365265 -0.5106763 0.6735262 0.5343896 -0.7929306 0.6092635 -0.007690906 -0.300703 0.9531977 -0.03149551 -0.3441035 0.889786 -0.2997896 -0.4068259 0.7307606 -0.5481621 -0.3669049 0.5437346 -0.7548071 -0.4019394 0.163614 -0.9009302 -0.1742948 0.1356881 -0.9753 -0.2034385 0.01431328 -0.9789831 -0.09448719 0.01867771 -0.9953508 -0.116218 0.2080509 -0.9711892 -0.2166272 0.1847344 -0.9586167 -0.252029 0.398644 -0.8817962 -0.5245035 0.1973068 -0.8282307 -0.5526992 0.344407 -0.7588857 -0.8126291 0.2679872 -0.5175105 -0.8100584 0.3256775 -0.4875854 -0.9350252 0.3483188 -0.06634932 -0.9436233 0.3294548 -0.03216719 -0.8569842 0.3635469 0.3652559 -0.8631736 0.3315603 0.3807877 -0.9786642 0.2035641 -0.02789467 -0.8659755 0.2119236 -0.4529624 -0.8866795 -0.01953238 -0.4619718 -0.6116408 0.2763844 -0.7412876 -0.6488907 -0.005157649 -0.7608641 -0.4198487 0.2827273 -0.862434 -0.6676457 -0.01721298 -0.7442803 -0.441093 0.4893742 -0.7522965 -0.8589064 -0.02060055 -0.5117181 -0.5022513 0.7086514 -0.4955371 -0.2241672 0.6513211 -0.7249346 -0.4016898 0.8763199 -0.2659112 -0.7119689 -0.4970872 -0.4959886 -0.5999737 0.4044077 0.6902796 -0.8535526 0.2188816 0.4727988 -0.5251141 -0.7526655 -0.3971774 -0.3511291 -0.8387118 -0.4162582 -0.169472 -0.7584581 -0.6293017 -0.1116682 -0.8234881 -0.5562352 -0.2121683 -0.7969132 -0.5656094 -0.6873375 -0.5437416 -0.4815727 -0.8984274 -0.4354495 -0.05667436 -0.8052886 -0.3884832 0.4478743 -0.5953608 -0.2608137 0.7599487 -0.3228324 -0.03021401 0.9459738 -0.1409991 -0.03460884 0.9894047 -0.1405698 0.1884843 0.971964 -0.1379169 0.3108701 0.9403928 -0.1342826 0.3676902 0.9202022 -0.1279974 0.4187536 0.899034 -0.1167953 0.5087782 0.8529382 -0.07730507 0.7290421 0.6800894 -0.04629796 0.8694992 0.4917599 -0.2845914 0.3984891 0.8719027 -0.7263547 -0.08304244 0.682285 -0.9993667 -0.001495361 -0.03555428 -0.4883989 0.6651661 -0.564819 -0.6632393 0.03216701 -0.7477159 -0.2263913 0.4285198 -0.8747102 -0.3509969 -0.153479 -0.9237129 -0.02569693 -0.9381213 -0.3453522 -0.3624114 -0.41997 0.8320357 -0.3857976 0.81887 0.4249847 -0.2136024 0.9764553 -0.03015273 -0.1466117 0.4408423 -0.8855299 -0.1812551 0.7509315 -0.6350185 -0.08414167 0.1331862 -0.9875129 -0.05554497 0.4537599 -0.8893913 -0.0476405 0.6796329 -0.7320039 -0.4837358 0.02435463 -0.8748752 -0.524139 0.1250987 -0.8423946 -0.3364179 0.7313113 -0.5933016 -0.1505189 0.9884749 -0.01617497 -0.3216423 0.8342742 0.4478089 -0.5598784 0.3336991 0.758407 -0.8577175 -0.02148562 0.5136722 -0.9925891 0.1197552 -0.02063059 -0.7867776 -0.04193294 -0.6158106 -0.7730882 -0.2695783 -0.5741624 -0.4523514 -0.01385557 -0.8917323 -0.9994536 -0.02029484 0.02609336 -0.0562461 -0.8463472 -0.5296537 -0.02084445 -0.9618682 -0.272718 -0.01043736 -0.9999453 -7.93486e-4 -0.007416129 -0.9999602 0.004974603 -0.03677606 -0.9515695 0.3052262 -0.007110893 -0.9375774 0.3477041 -0.1001642 -0.8110801 0.5762954 -0.06964373 -0.8413403 0.5360004 -0.1073653 -0.630672 0.7685867 -0.2345429 -0.5995265 0.7652173 -0.1340101 -0.3149589 0.9395969 -0.304185 -0.308183 0.9013849 -0.5093077 -0.4820538 0.7129025 -0.7312844 -0.4927724 0.4715916 -0.8981213 -0.4379211 -0.04004126 -0.7074702 -0.5223701 0.4760416 -0.3770971 -0.6349858 0.6742336 -0.1832708 -0.7757804 0.6038019 0.7229976 -0.1266542 0.6791416 0.01864683 -0.06009107 0.9980188 0.7213125 -0.04797559 0.6909462 0.9999845 -0.005188167 -0.002044737 0.7106645 -0.06521898 0.7005016 0.011994 -0.1636744 0.9864416 -0.7113807 -0.07822161 0.6984404 -0.6999768 0.02279746 0.7138018 -0.9980766 0.06177127 0.005249321 -0.6998827 -0.02090519 0.7139518 -0.9998413 0.01611411 -0.007599294 -0.7116213 0.08401995 -0.6975213 -0.7379229 0.02758932 -0.6743209 -0.997991 -0.05682575 0.02801609 -0.7073556 -0.1596792 -0.6885861 -0.9813165 -0.1896772 -0.03225886 -0.6892725 -0.1657183 0.705295 -0.7028615 -0.2571563 0.6632168 -0.01452702 -0.2736641 0.9617156 -0.00476104 -0.2242573 0.9745184 0.6767368 -0.2775738 0.6818946 0.712096 -0.2116175 0.6694306 0.008056938 -0.0612514 0.99809 0.7345316 -0.05874907 0.6760267 0.01013237 -0.06274747 0.9979781 -0.9913846 0.1309577 0.00262463 -0.7172912 0.1456983 -0.6813702 -0.7008655 0.2393593 -0.6719335 -0.7180855 -0.02148544 0.6956233 0.9997652 -0.01760929 -0.01263475 0.9933122 -0.113898 -0.01892197 0.9693723 -0.2451584 -0.01464903 0.9425899 -0.332905 -0.02642971 0.63541 -0.2833709 0.7183002 -0.09650194 -0.2705839 0.9578475 -0.752296 -0.2457703 0.6112673 -0.9727016 -0.2263594 -0.05111932 -0.6915056 -0.2934733 -0.6600708 -0.4127427 -0.1802163 -0.8928413 -0.3999205 0.06305217 -0.9143786 -0.3816365 0.1057168 -0.9182471 -0.3776101 0.1577826 -0.9124228 -0.3579581 0.2501342 -0.8996104 -0.3463039 0.3149911 -0.8836596 -0.6889913 0.3067134 -0.656672 -0.9848704 0.1727055 -0.01425224 -0.7222161 0.08844584 0.6859893 0.01184123 0.01995921 0.9997307 0.7243765 -0.002136349 0.6894013 0.999454 0.03186142 -0.008758783 0.698034 0.1016898 -0.7088072 0.6935434 0.05279779 -0.7184775 0.3128786 0.08691751 -0.9458078 0.3026238 0.04058986 -0.9522455 0.6881266 -0.004913628 -0.7255742 0.6642597 -0.3304665 -0.6704857 0.4975301 -0.550451 -0.6704235 0.224711 -0.2663084 -0.9373286 0.1276013 -0.4349919 -0.8913474 -0.4274275 -0.3783519 -0.8210698 0.3138269 0.1398075 -0.9391308 0.9983689 0.04745703 -0.03173977 0.6898872 0.1768894 -0.7019728 0.2908424 0.2357258 -0.9272778 0.6562633 0.2308809 -0.7183402 0.2821466 0.2867855 -0.915504 -0.1829623 -0.9397154 0.2888944 -0.1804592 -0.9434965 0.277937 -0.0855444 -0.9772145 0.1942527 -0.08368384 -0.9767697 0.1972766 0.1010808 -0.9844698 0.1435335 0.07763987 -0.9845682 0.1568363 0.4731992 -0.8751057 -0.101354 0.4407004 -0.8611359 -0.2534332 0.3510009 -0.8748623 -0.333788 0.6743938 -0.6345046 -0.3776202 0.6891533 -0.620943 -0.3734936 0.7876169 -0.5481914 -0.2813288 0.7916124 -0.5428487 -0.2804734 0.7433271 -0.5635381 -0.3604019 0.7398536 -0.5662587 -0.3632736 0.6886098 -0.622932 -0.3711772 0.6861722 -0.6255602 -0.371271 0.6402375 -0.6911135 -0.335348 0.641033 -0.6918786 -0.332236 0.6883029 -0.6905614 -0.2221809 0.6855159 -0.6911314 -0.2289224 0.7931305 -0.5979913 0.1155453 0.7955306 -0.5905593 0.1355386 1.22077e-4 0.6971804 -0.7168958 -0.003631711 0.9998275 -0.0182197 -0.006470024 0.698186 -0.7158872 -0.007812798 0.8024008 0.5967345 -0.06625711 0.8204471 0.5678704 -0.03823983 0.9991503 -0.01538139 -0.06390762 0.7112547 -0.7000235 -0.07651191 -0.08575928 -0.9933738 -0.007934868 -0.0905494 -0.9958604 -0.002472043 -0.09006214 -0.9959331 -0.001678526 -0.08990818 -0.9959486 -1.83117e-4 0.6965457 -0.7175125 0.001648008 0.999836 -0.01803678 -9.15577e-5 0.8004283 0.5994285 -0.002838253 0.1994712 0.9798997 -0.01367264 0.2008788 0.9795207 -0.1190553 0.2296568 0.9659625 -0.001159727 -0.7770546 -0.6294322 -0.001220762 -0.09039807 -0.9959051 4.27261e-4 0.6935976 -0.7203626 0.001739561 0.9998309 -0.01831132 4.27272e-4 0.7971379 0.6037971 -0.001709043 0.1967555 0.9804512 -0.001983702 -0.6629084 0.748698 -0.002838194 -0.6632315 0.748409 -0.01190233 -0.6646388 0.7470701 -0.1281521 -0.6616055 0.7388203 -0.2093927 0.2506854 0.9451516 -0.1150873 0.8265169 0.5510215 -0.06647121 0.9977092 -0.01257395 -0.107887 0.7153812 -0.6903551 -0.1397169 -0.06811887 -0.9878456 -0.07867753 -0.7821059 -0.6181588 -0.005157709 -0.7789672 -0.6270436 -0.001617491 -0.7783216 -0.6278638 -0.001159727 -0.7780377 -0.6282167 -7.6298e-4 -0.9595851 -0.2814177 -7.6297e-4 -0.9599077 -0.2803152 -0.003235042 -0.9599899 -0.2800161 -0.06515824 -0.9602222 -0.2715284 -0.1323021 -0.9563289 -0.2606366 -0.153146 -0.7485783 -0.6451178 -0.1348012 -0.006531 -0.9908512 -0.1029419 0.7396988 -0.6650178 -0.06613367 0.9977431 -0.01162755 -0.1125867 0.8356874 0.5375415 -0.1982808 0.2861444 0.9374467 -0.2419577 -0.5630522 0.7902081 -0.1704475 -0.9403455 0.2944455 -0.08645987 -0.9498684 0.300458 -0.006256341 -0.9511495 0.3086673 -0.001525938 -0.951018 0.309132 -0.001037597 -0.9506539 0.3102519 -0.63941 -0.46545 0.6119732 -0.6724504 0.001434326 0.740141 -0.7159498 -0.6975772 0.0283218 -0.5785546 -0.7567873 0.3042165 -0.5722408 -0.8199677 -0.01391685 -0.6253983 -0.7049922 -0.3344593 -0.6924819 -0.3965672 -0.6026637 -0.6982269 -0.2056104 -0.6857139 -0.6974286 0.3993154 -0.5950972 -0.701025 0.2041426 -0.6832934 -0.7215359 0.6918713 0.02646017 -0.6318972 0.70438 -0.3233495 -0.5804417 0.8141871 -0.01367253 -0.5874898 0.754581 0.292341 -0.646422 0.4677945 0.6027494 0.04583966 -0.7272706 -0.6848185 0.2077135 -0.2617325 -0.9425238 0.2164099 -0.3038772 -0.9278068 0.03170919 -0.8997306 -0.4352924 0.1189049 -0.7507246 0.6498264 0.2300186 -0.9731768 -0.004303097 0.2052418 -0.7395421 0.6410565 0.2815429 -0.9595045 -0.009216904 0.1585792 -0.7418369 -0.6515603 0.09488326 -0.7507955 -0.6536844 0.128026 -0.991767 0.002746641 0.2459217 -0.7764633 -0.5801959 0.2411009 -0.9684018 -0.06378489 0.3346411 -0.5935339 0.7319377 0.5633898 -0.7415017 -0.3643723 0.8512361 -0.151008 0.502587 0.3646437 -0.1486286 -0.9192086 0.01525938 -0.7539675 -0.6567345 0.02679586 -0.6991047 -0.714517 -0.1864095 -0.9707455 0.1513432 -0.1999033 -0.8304685 0.5199623 -0.2516933 -0.7807772 0.5718721 -0.2332575 -0.9584528 0.1641928 -0.2287993 -0.9425727 0.2433263 0.1564422 -0.8561593 -0.4924602 -0.2374389 -0.7062436 0.6669654 -0.08929884 -0.9141688 0.3953748 -0.1847003 -0.605037 0.774478 0.3177649 -0.9422163 -0.1060844 0.5028066 -0.8560072 -0.1201547 0.04236006 -0.1081281 -0.9932342 -0.02002054 -0.1034293 -0.9944354 -0.03445637 0.6869002 -0.7259345 0.08798527 0.6730889 -0.7343093 0.1597386 0.9860209 -0.0473966 0.315476 0.9489306 -0.00238049 0.3146187 0.5361548 0.7832964 0.4060228 0.4944359 0.7685562 0.3112654 0.04474115 0.9492694 0.6181007 0.7714586 0.1510078 0.4012607 0.9159293 -0.007965385 0.2932587 0.6006174 -0.7438133 0.237957 0.6299741 -0.7392627 0.2042941 0.2552303 -0.945051 0.1360226 -0.001831114 -0.990704 0.09341853 -0.9579901 -0.2711609 0.02816897 -0.9564944 -0.2903878 0.1452713 -0.9236631 0.3546023 0.1496351 -0.8888996 -0.4329746 0.2868174 -0.9435859 -0.1654739 0.1649873 -0.9862005 -0.01370316 0.3029968 -0.9024288 -0.306293 0.1095023 -0.9764263 -0.1860135 -0.22062 -0.7856746 0.577964 -0.2817261 -0.4244661 0.8604993 -0.2909725 -0.6908079 0.661906 -0.3202421 -0.3156946 0.8931864 -0.09067302 -0.56647 0.8190789 -0.04043745 -0.2361855 0.9708663 0.1800613 -0.2723504 0.9452002 0.1808885 -0.5654025 0.8047357 0.1728275 -0.9065281 0.3851462 -0.03326594 -0.9531462 0.3006755 0.1788116 -0.9838761 0.003784358 0.09253317 -0.9954947 -0.02069175 0.09112936 -0.9466649 -0.3090646 0.124579 -0.9723695 -0.1974281 0.02807772 -0.8867685 -0.4613601 0.1439894 -0.9618726 -0.2325255 0.06039708 -0.669862 -0.7400252 0.05478191 -0.7504665 -0.6586343 -0.003326535 -0.3507235 -0.9364732 -0.0497772 -0.04898369 -0.9975585 0.1787213 -0.9818379 -0.06366336 0.09680581 -0.981395 -0.165809 -0.1676106 -0.9811876 0.09579926 0.1854372 -0.9208686 -0.342949 0.0303356 -0.672541 -0.739438 -0.07696962 -0.5208423 -0.8501759 -0.1254017 -0.1942217 -0.9729092 -0.009888291 -0.3234454 -0.9461952 0.1968194 -0.6162165 -0.7625873 0.1923636 -0.008209705 -0.9812895 0.1566861 0.6089214 -0.7776016 -0.00802654 0.3497204 -0.9368197 -0.1558316 0.3994063 -0.903433 0.01144474 0.6626688 -0.7488251 0.1345295 0.9243718 -0.3569855 -0.1109967 0.4246381 -0.8985335 -0.1208864 0.6958369 -0.707953 -0.04690837 0.9553202 -0.2918271 0.04770141 0.9460633 -0.3204512 0.1411493 0.9899374 0.01004064 0.1690159 0.9045617 0.3914101 0.265271 0.8485497 0.4578152 0.5704077 0.7002678 0.4292554 0.5738234 0.7691773 0.2812351 0.6944867 0.5167755 -0.500631 0.6801789 0.7309016 0.05603301 0.602609 0.4953632 -0.6256818 0.7473329 0.6642891 0.01461887 0.609136 0.4637417 -0.6433482 0.753386 0.4235087 0.5030406 0.3193567 0.1998115 0.9263297 0.0332964 -0.1868078 0.981832 0.2143951 0.2494918 0.9443456 -0.05227869 -0.1390742 0.9889011 -0.07266575 -0.1036121 0.9919598 0.04477107 0.3483722 0.9362865 -0.113897 0.1046803 0.9879624 -0.003662288 0.5267325 0.8500233 -0.1177421 0.1900721 0.9746843 -0.01922708 0.5571587 0.8301835 -0.1747839 0.2214784 0.9593737 -0.1052902 0.603023 0.7907448 -0.01852524 0.313068 0.9495501 0.003784298 0.6185865 0.7857077 0.1857719 0.5567358 0.8096505 0.1578786 0.90079 0.4045391 0.05606305 0.9263689 0.3724214 0.06579977 0.9978312 0.001831114 0.00927788 0.9996004 0.02670443 -0.02481228 0.9696641 -0.243179 -0.09903591 0.7175145 -0.6894671 -0.07104921 0.7063415 -0.7042967 0.07870811 0.9286888 0.3624114 0.004364252 0.9368885 0.3496012 0.183757 0.2823345 0.9415522 0.07571703 0.9937214 0.0823701 0.9928569 0.1060854 0.05459916 0.425229 0.905027 -0.01031559 0.3639414 0.6316863 -0.6844846 0.3620814 0.06982821 -0.9295274 0.2617613 0.5513864 -0.7921201 0.1709696 0.07336854 -0.9825409 0.1844556 0.0672329 -0.9805387 0.3027839 0.5187399 -0.7995192 0.3939742 0.9191207 0.001281797 0.6460662 0.7626199 -0.0317707 0.3579586 0.5021615 0.7872099 0.2556871 0.05343854 0.9652816 0.2899072 0.5395589 0.7904619 0.2060033 0.06674504 0.9762725 0.3353475 0.07333821 0.9392357 0.2781879 0.6515366 0.7057702 0.1694701 0.8540343 0.4918388 0.09543311 0.9834467 0.1540297 0.1134712 0.9925836 -0.04361224 0.02728432 0.9732334 -0.2281936 0.07626724 0.9896125 -0.1218628 0.3464241 0.6049833 0.7169279 0.3155385 0.0528593 0.9474394 0.2289541 0.06354069 0.9713613 0.1098076 0.9878721 0.1097771 0.1669692 0.985671 0.02395737 0.3177374 0.9481766 0.002044796 0.08023542 -0.9028854 0.4223272 0.205061 -0.9389958 -0.2761106 0.1866564 -0.8920809 0.411523 0.2607557 -0.9335809 -0.2458317 0.1328817 -0.5265219 -0.8397126 0.1033373 -0.5349982 -0.8385096 -0.8525468 0.520287 -0.0496543 -0.8534582 0.5187585 -0.04998975 -0.8535578 0.5167797 -0.06616538 -0.8502063 0.5231922 -0.05847495 -0.8563452 0.5102851 -0.07925897 0.7126806 0.700412 -0.03885072 0.9993284 -0.01767075 -0.03210639 0.9983851 -0.03805667 -0.04217666 0.7179709 0.6957527 -0.02111947 0.794543 0.5213941 0.3112067 0.3948568 0.9181078 -0.03415089 0.7116137 0.7017256 -0.03445601 0.395008 0.9180741 -0.03329628 0.7091467 0.7037448 -0.04306274 0.3954964 0.9175553 -0.04092603 0.7060934 0.7057881 -0.05740666 0.3956798 0.9167624 -0.05462914 0.7018138 0.7071241 -0.08621603 0.3956817 0.914722 -0.08197462 0.9966335 -0.01928806 -0.0796855 0.9984568 -0.01812821 -0.05249249 0.9990859 -0.01687675 -0.03927737 0.3993107 0.9124267 -0.08960378 0.6962311 0.7115517 -0.09463953 0.9957425 -0.01818931 -0.09036666 0.6539966 -0.7537334 -0.06460916 0.6571325 -0.7514053 -0.0597254 0.6616251 -0.7487878 -0.03961384 0.6656627 -0.7456545 -0.02987867 0.6666607 -0.7446982 -0.03143471 0.6594293 -0.7511091 -0.03143477 0.997784 -0.05090546 -0.04284846 0.9982883 -0.01876938 0.05539262 0.9063649 -0.3885729 0.1658729 0.9920642 -0.1125861 -0.05597257 0.427209 0.8993424 -0.09314483 0.6838726 0.724402 -0.08694899 0.9967893 0.009521961 -0.07950264 0.6614114 -0.7475975 -0.06027531 0.315235 -0.947811 -0.04776287 0.3122076 -0.9489221 -0.04553407 0.3120257 -0.949597 -0.03009164 0.3119968 -0.9498155 -0.02255362 0.3117806 -0.9497163 -0.0288403 0.3113867 -0.9500607 -0.02056986 0.6747744 -0.7370026 -0.03882008 0.9902274 -0.128486 -0.05423265 0.957067 -0.2823286 -0.06567627 0.9440824 -0.3116015 -0.1077634 0.6285631 -0.7752971 -0.06183087 0.3098031 -0.9495522 -0.04870903 0.6775895 -0.7338977 -0.0476101 0.3109019 -0.9496135 -0.03967529 0.3115991 -0.9499652 -0.02172952 0.3338845 -0.9414079 -0.04767161 -0.3115991 -0.9499652 -0.02172952 -0.3113867 -0.9500607 -0.02056986 -0.6747744 -0.7370026 -0.03882008 -0.9967893 0.009521961 -0.07950264 -0.9957425 -0.01818931 -0.09036666 -0.6614114 -0.7475975 -0.06027531 -0.6539966 -0.7537334 -0.06460916 -0.315235 -0.947811 -0.04776287 -0.6571325 -0.7514053 -0.0597254 -0.3122076 -0.9489221 -0.04553407 -0.6616251 -0.7487878 -0.03961384 -0.3120257 -0.949597 -0.03009164 -0.6656627 -0.7456545 -0.02987867 -0.3119692 -0.9498246 -0.0225538 -0.6666607 -0.7446982 -0.03143471 -0.3117806 -0.9497163 -0.0288403 -0.6594293 -0.7511091 -0.03143477 -0.997784 -0.05090546 -0.04284846 -0.9902274 -0.128486 -0.05423265 -0.6775895 -0.7338977 -0.0476101 -0.3109019 -0.9496135 -0.03967529 -0.3098031 -0.9495522 -0.04870903 -0.3338845 -0.9414079 -0.04767161 -0.9966335 -0.01928806 -0.0796855 -0.9984568 -0.01812821 -0.05249249 -0.9990859 -0.01687675 -0.03927737 -0.9993284 -0.01767075 -0.03210639 -0.9983851 -0.03805667 -0.04217666 -0.6838726 0.724402 -0.08694899 -0.6962311 0.7115517 -0.09463953 -0.7018138 0.7071241 -0.08621603 -0.7060934 0.7057881 -0.05740666 -0.7091467 0.7037448 -0.04306274 -0.7116137 0.7017256 -0.03445601 -0.7126806 0.700412 -0.03885072 -0.7179709 0.6957527 -0.02111947 -0.9982883 -0.01876938 0.05539262 -0.957067 -0.2823286 -0.06567627 -0.6285631 -0.7752971 -0.06183087 -0.9440824 -0.3116015 -0.1077634 -0.9920642 -0.1125861 -0.05597257 -0.9063649 -0.3885729 0.1658729 -0.794543 0.5213941 0.3112067 -0.3948568 0.9181078 -0.03415089 -0.395008 0.9180741 -0.03329628 -0.3954964 0.9175553 -0.04092603 -0.3956798 0.9167624 -0.05462914 -0.3956817 0.914722 -0.08197462 -0.3993107 0.9124267 -0.08960378 -0.427209 0.8993424 -0.09314483 0.7116213 0.08401995 -0.6975213 0.7379229 0.02758932 -0.6743209 0.9998413 0.01611411 -0.007599294 0.9980766 0.06177127 0.005249321 0.6998827 -0.02090519 0.7139518 0.7113807 -0.07822161 0.6984404 -0.011994 -0.1636744 0.9864416 0.7172912 0.1456983 -0.6813702 0.9913846 0.1309577 0.00262463 0.6999768 0.02279746 0.7138018 -0.01864683 -0.06009107 0.9980188 -0.7229976 -0.1266542 0.6791416 -0.7213125 -0.04797559 0.6909462 0.7008655 0.2393593 -0.6719335 -0.7243765 -0.002136349 0.6894013 -0.01184123 0.01995921 0.9997307 0.7222161 0.08844584 0.6859893 0.9848704 0.1727055 -0.01425224 0.6889913 0.3067134 -0.656672 0.3463039 0.3149911 -0.8836596 0.3579581 0.2501342 -0.8996104 0.3776101 0.1577826 -0.9124228 0.3816365 0.1057168 -0.9182471 0.3999205 0.06305217 -0.9143786 0.4127427 -0.1802163 -0.8928413 0.7073556 -0.1596792 -0.6885861 0.6915056 -0.2934733 -0.6600708 0.9813165 -0.1896772 -0.03225886 0.9727016 -0.2263594 -0.05111932 0.752296 -0.2457703 0.6112673 0.7028615 -0.2571563 0.6632168 0.09650194 -0.2705839 0.9578475 0.01452714 -0.2736359 0.9617237 -0.63541 -0.2833709 0.7183002 -0.6767368 -0.2775738 0.6818946 -0.9425899 -0.332905 -0.02642971 -0.9693723 -0.2451584 -0.01464903 -0.6642597 -0.3304665 -0.6704857 -0.9933122 -0.113898 -0.01892197 -0.6881266 -0.004913628 -0.7255742 -0.9997652 -0.01760929 -0.01263475 -0.6935434 0.05279779 -0.7184775 -0.9999845 -0.005188167 -0.002044737 -0.698034 0.1016898 -0.7088072 -0.999454 0.03186142 -0.008758783 -0.6898872 0.1768894 -0.7019728 -0.9983689 0.04745703 -0.03173977 -0.6562633 0.2308809 -0.7183402 -0.2908424 0.2357258 -0.9272778 -0.2821466 0.2867855 -0.915504 -0.4975301 -0.550451 -0.6704235 0.4274275 -0.3783519 -0.8210698 -0.7106645 -0.06521898 0.7005016 -0.01013237 -0.06274747 0.9979781 0.7180855 -0.02148544 0.6956233 0.997991 -0.05682575 0.02801609 0.6892725 -0.1657183 0.705295 0.00476104 -0.2242573 0.9745184 -0.712096 -0.2116175 0.6694306 -0.7345316 -0.05874907 0.6760267 -0.008056938 -0.0612514 0.99809 -0.3138269 0.1398075 -0.9391308 -0.3128786 0.08691751 -0.9458078 -0.3026238 0.04058986 -0.9522455 -0.224711 -0.2663084 -0.9373286 -0.1276013 -0.4349919 -0.8913474 0.3352791 -0.884098 -0.3255131 0.1550363 -0.956251 -0.2480887 0.07846456 -0.9219821 -0.3791998 0.0150457 -0.9935076 -0.1127668 0.3481349 -0.9367324 0.03653168 0.153542 -0.9700523 0.1882117 0.4636804 -0.8499332 0.2502281 0.2350583 -0.8921655 0.3857312 0.2155259 -0.9020839 0.3738896 0.4509515 -0.8638457 0.2245296 0.1237553 -0.967947 0.2185479 0.3672949 -0.9275302 0.06915581 0.3003048 -0.9529185 -0.04199379 0.5775715 -0.8113162 -0.09042769 0.6582405 -0.7493101 0.07248336 0.6589344 -0.7459134 0.09705018 0.5444034 -0.8351914 -0.07797682 0.5472677 -0.2781812 0.7893754 0.5459578 -0.279098 0.7899586 -0.2506552 -0.4167108 0.8737987 -0.2555398 -0.4143022 0.8735291 -0.4907236 -0.3926033 0.7778515 -0.4956362 -0.3916259 0.7752252 -0.6533247 -0.5031703 0.5656736 -0.6533948 -0.5032077 0.5655593 -0.7279763 -0.608707 0.3154777 -0.7262125 -0.6097804 0.3174642 -0.7967372 -0.5788293 0.1736854 -0.8013859 -0.5721526 0.1744199 -0.516354 -0.1619347 -0.8409255 -0.5274957 -0.1295849 -0.8396167 0.6108381 -0.08502596 -0.787177 0.6118777 -0.09296119 -0.7854705 0.7287411 -0.1060853 -0.6765224 0.7304793 -0.1071532 -0.6744763 0.8783823 0.02459871 -0.4773253 0.8784646 0.02472054 -0.4771677 0.9696173 0.1129506 -0.2169896 0.9681704 0.1153027 -0.2221515 0.9962516 0.009582817 0.08597105 0.9956291 0.004303157 0.0932973 -0.3204541 0.5985777 0.7341757 0.2434225 0.9010234 0.3590299 -0.4946601 0.6578174 0.567968 -0.7768951 -0.01187193 0.6295182 -0.670574 -0.002929866 0.741837 -0.5572835 -0.7325562 0.390892 -0.5320994 -0.6670547 0.5214483 -0.2408862 -0.9602795 0.140845 -0.2168673 -0.9622001 0.164741 0.4139312 -0.3542663 0.8385441 0.3070849 0.7961869 0.5213303 0.7884976 0.5709557 0.2286508 0.7904477 0.6117271 0.03134322 0.9917682 0.02908432 -0.1246997 0.9993506 -0.02160757 -0.0288406 0.7027452 -0.6937724 -0.1575729 0.7198843 -0.6894872 -0.07983791 0.303606 -0.9483263 -0.09219878 0.2907564 -0.9547932 -0.06189292 0.6924819 -0.3965672 -0.6026637 0.6982269 -0.2056104 -0.6857139 0.7159498 -0.6975772 0.0283218 0.6253983 -0.7049922 -0.3344593 0.5722408 -0.8199677 -0.01391685 0.5785546 -0.7567873 0.3042165 0.63941 -0.46545 0.6119732 0.6724504 0.001434326 0.740141 0.646422 0.4677945 0.6027494 0.7215359 0.6918713 0.02646017 0.5874898 0.754581 0.292341 0.5804417 0.8141871 -0.01367253 0.6318972 0.70438 -0.3233495 0.6974286 0.3993154 -0.5950972 0.701025 0.2041426 -0.6832934 -0.3356198 0.8851182 0.3223744 -0.07928979 0.9224229 0.3779541 -0.1553133 0.9563869 0.2473903 -0.01800596 0.993627 0.111271 -0.3480989 0.9367482 -0.03647011 -0.1556767 0.9698896 -0.1872943 -0.4633707 0.8502912 -0.2495847 -0.237195 0.8923501 -0.3839922 -0.2183647 0.9022082 -0.3719373 -0.4507051 0.8640854 -0.2241013 -0.1299791 0.9676871 -0.2160724 -0.3666586 0.9278473 -0.06827163 -0.2998837 0.9530295 0.04248297 -0.5735486 0.8146508 0.0859422 -0.655816 0.7512785 -0.07406884 -0.6568984 0.7475715 -0.09808915 -0.5430046 0.8362368 0.07651257 0.2530615 0.7954103 0.5507109 0.334127 0.6084054 0.7198625 0.4146961 0.6776503 0.6073033 0.5783683 0.5710437 0.5825799 0.518189 0.7997611 0.3030882 0.7087516 0.6437148 0.2886218 0.5590133 0.8276095 0.0506612 0.7569003 0.6500534 0.06732475 0.7623293 0.6409865 0.08938956 0.5560268 0.827097 0.08212673 0.735404 0.6184829 0.2768753 0.5263348 0.8072949 0.2669212 0.4944977 0.7762787 0.3909776 0.2752849 0.9316959 0.236983 0.3086994 0.9498419 0.05005109 0.321549 0.9464272 0.02969503 0.3069028 0.9172599 0.2538602 -0.2503828 -0.7949137 -0.552649 -0.4142133 -0.6774457 -0.6078608 -0.3332374 -0.6076036 -0.7209513 -0.57837 -0.5686954 -0.5848706 -0.518186 -0.7997869 -0.3030254 -0.71021 -0.6419693 -0.2889243 -0.5590776 -0.8276144 -0.04986804 -0.7587403 -0.6479552 -0.06683725 -0.7645802 -0.6383507 -0.08902603 -0.5560575 -0.8271278 -0.08160799 -0.7395633 -0.6130931 -0.2777825 -0.5266666 -0.8074415 -0.2658206 -0.4948052 -0.7764043 -0.3903385 -0.2688136 -0.9335839 -0.2369819 -0.305406 -0.9509489 -0.04922747 -0.3190434 -0.9473031 -0.0287792 -0.3047031 -0.9179851 -0.2538887 -0.5039747 -0.5318699 0.6805322 -0.5056743 -0.5309748 0.67997 -0.9398108 0.06366318 0.3357121 -0.9397877 0.06906569 0.3347076 -0.9478324 0.2668592 0.1743558 -0.9472427 0.2713427 0.1706001 -0.9409837 0.3200907 -0.1099625 -0.9409393 0.3201165 -0.110266 -0.873381 0.3012595 -0.382686 -0.8747186 0.2994265 -0.3810661 -0.7858945 0.3598189 -0.5028919 -0.7836399 0.3674198 -0.5009105 0.2577336 0.2599615 -0.9305877 0.2747674 0.2867616 -0.9177531 0.6820088 -0.6286921 -0.3736445 0.6760443 -0.6337438 -0.375943 0.638131 -0.7275835 -0.2518159 0.6367534 -0.7294098 -0.2500136 0.6475149 -0.7615632 0.02731418 0.6474923 -0.7615725 0.0275892 0.5676845 -0.7643797 0.3057091 0.5720523 -0.7624312 0.302415 0.3108092 -0.8135547 0.4914533 0.3023529 -0.8152266 0.4939519</float_array>
          <technique_common>
            <accessor source="#chr081_0-mesh-normals-array" count="2707" stride="3">
              <param name="X" type="float"/>
              <param name="Y" type="float"/>
              <param name="Z" type="float"/>
            </accessor>
          </technique_common>
        </source>
        <source id="chr081_0-mesh-map-0">
          <float_array id="chr081_0-mesh-map-0-array" count="23958">0.8251953 0.3076172 0.7954102 0.3085938 0.7954102 0.3422852 0.7954102 0.2729492 0.7954102 0.3085938 0.8271484 0.2705078 0.7954102 0.3085938 0.8251953 0.3076172 0.8271484 0.2705078 0.8271484 0.2705078 0.8251953 0.3076172 0.8544922 0.2739258 0.8271484 0.2705078 0.8544922 0.2739258 0.8481445 0.2314453 0.8481445 0.2314453 0.8544922 0.2739258 0.8789063 0.234375 0.8481445 0.2314453 0.8789063 0.234375 0.8637695 0.1938475 0.8637695 0.1938475 0.8789063 0.234375 0.9013672 0.1977539 0.8637695 0.1938475 0.9013672 0.1977539 0.9091797 0.1508789 0.9091797 0.1508789 0.9013672 0.1977539 0.9194336 0.1655273 0.9091797 0.1508789 0.9194336 0.1655273 0.9379883 0.1474609 0.9091797 0.1508789 0.9379883 0.1474609 0.9321289 0.1362304 0.9091797 0.1508789 0.9321289 0.1362304 0.9306641 0.1240234 0.9306641 0.1240234 0.9321289 0.1362304 0.9492188 0.1254882 0.9306641 0.1240234 0.9492188 0.1254882 0.949707 0.1054687 0.9306641 0.1240234 0.949707 0.1054687 0.9291992 0.105957 0.9291992 0.105957 0.949707 0.1054687 0.9492188 0.09326171 0.9291992 0.105957 0.9492188 0.09326171 0.9257813 0.0961914 0.9257813 0.0961914 0.9492188 0.09326171 0.9506836 0.08300781 0.9257813 0.0961914 0.9506836 0.08300781 0.9243164 0.0883789 0.9257813 0.0961914 0.9243164 0.0883789 0.894043 0.1098632 0.894043 0.1098632 0.9243164 0.0883789 0.8881836 0.1015625 0.894043 0.1098632 0.8881836 0.1015625 0.8588867 0.1264648 0.8588867 0.1264648 0.8881836 0.1015625 0.8530274 0.1157226 0.8588867 0.1264648 0.8530274 0.1157226 0.8271484 0.13916 0.8271484 0.13916 0.8530274 0.1157226 0.8237305 0.1279296 0.8271484 0.13916 0.8237305 0.1279296 0.7954102 0.1469725 0.7954102 0.1469725 0.8237305 0.1279296 0.7954102 0.1333007 0.9321289 0.1362304 0.9379883 0.1474609 0.9492188 0.1254882 0.8608399 0.1655273 0.8637695 0.1938475 0.9091797 0.1508789 0.8608399 0.1655273 0.9091797 0.1508789 0.9003906 0.1386718 0.9003906 0.1386718 0.9091797 0.1508789 0.9306641 0.1240234 0.9003906 0.1386718 0.9306641 0.1240234 0.8989258 0.1206054 0.8989258 0.1206054 0.9306641 0.1240234 0.9291992 0.105957 0.8989258 0.1206054 0.9291992 0.105957 0.9257813 0.0961914 0.8989258 0.1206054 0.9257813 0.0961914 0.894043 0.1098632 0.8989258 0.1206054 0.894043 0.1098632 0.8588867 0.1264648 0.8989258 0.1206054 0.8588867 0.1264648 0.8613281 0.1420898 0.8613281 0.1420898 0.8588867 0.1264648 0.8271484 0.13916 0.8613281 0.1420898 0.8271484 0.13916 0.828125 0.15625 0.828125 0.15625 0.8271484 0.13916 0.7954102 0.1469725 0.828125 0.15625 0.7954102 0.1469725 0.7954102 0.1665039 0.828125 0.15625 0.7954102 0.1665039 0.828125 0.1762695 0.828125 0.1762695 0.7954102 0.1665039 0.7954102 0.186035 0.828125 0.1762695 0.7954102 0.186035 0.8266602 0.1992187 0.8266602 0.1992187 0.7954102 0.186035 0.7954102 0.2011718 0.8266602 0.1992187 0.7954102 0.2011718 0.8178711 0.2333984 0.8178711 0.2333984 0.7954102 0.2011718 0.7954102 0.2324218 0.8178711 0.2333984 0.7954102 0.2324218 0.7954102 0.2729492 0.7954102 0.2729492 0.8271484 0.2705078 0.8178711 0.2333984 0.8178711 0.2333984 0.8271484 0.2705078 0.8481445 0.2314453 0.8178711 0.2333984 0.8481445 0.2314453 0.8266602 0.1992187 0.8266602 0.1992187 0.8481445 0.2314453 0.8637695 0.1938475 0.8266602 0.1992187 0.8637695 0.1938475 0.8608399 0.1655273 0.8266602 0.1992187 0.8608399 0.1655273 0.828125 0.1762695 0.828125 0.1762695 0.8608399 0.1655273 0.828125 0.15625 0.828125 0.15625 0.8608399 0.1655273 0.8613281 0.1420898 0.8613281 0.1420898 0.8608399 0.1655273 0.9003906 0.1386718 0.8613281 0.1420898 0.9003906 0.1386718 0.8989258 0.1206054 0.9492188 0.09326171 0.949707 0.1054687 0.9648438 0.09228515 0.9648438 0.09228515 0.949707 0.1054687 0.9633789 0.1054687 0.9648438 0.09228515 0.9633789 0.1054687 0.9755859 0.1054687 0.9648438 0.09228515 0.9755859 0.1054687 0.9785156 0.09130859 0.9492188 0.09326171 0.9648438 0.09228515 0.9506836 0.08300781 0.9506836 0.08300781 0.9648438 0.09228515 0.965332 0.08105468 0.965332 0.08105468 0.9648438 0.09228515 0.9780274 0.08105468 0.9780274 0.08105468 0.9648438 0.09228515 0.9785156 0.09130859 0.9780274 0.08105468 0.9785156 0.09130859 0.9926759 0.0859375 0.9926759 0.0859375 0.9785156 0.09130859 0.9926759 0.09472656 0.9926759 0.09472656 0.9785156 0.09130859 0.9926759 0.1049804 0.9926759 0.1049804 0.9785156 0.09130859 0.9755859 0.1054687 0.9926759 0.1049804 0.9755859 0.1054687 0.9926759 0.1206054 0.9926759 0.1206054 0.9755859 0.1054687 0.9746094 0.1289062 0.9746094 0.1289062 0.9755859 0.1054687 0.9633789 0.1054687 0.9746094 0.1289062 0.9633789 0.1054687 0.9628906 0.1289062 0.9628906 0.1289062 0.9633789 0.1054687 0.9492188 0.1254882 0.9492188 0.1254882 0.9633789 0.1054687 0.949707 0.1054687 0.1647949 0.9249268 0.1619873 0.8927002 0.1785888 0.9051514 0.1647949 0.9249268 0.1785888 0.9051514 0.1926269 0.9137573 0.1647949 0.9249268 0.1926269 0.9137573 0.1871337 0.9345093 0.2092285 0.899231 0.1926269 0.9137573 0.2037353 0.8865357 0.2037353 0.8865357 0.1926269 0.9137573 0.1785888 0.9051514 0.2037353 0.8865357 0.1785888 0.9051514 0.1950682 0.8720703 0.1950682 0.8720703 0.1785888 0.9051514 0.1619873 0.8927002 0.1950682 0.8720703 0.1619873 0.8927002 0.1861572 0.8537598 0.1861572 0.8537598 0.1619873 0.8927002 0.147583 0.8739014 0.147583 0.8739014 0.1619873 0.8927002 0.1467285 0.9155274 0.1467285 0.9155274 0.1619873 0.8927002 0.1647949 0.9249268 0.1467285 0.9155274 0.1647949 0.9249268 0.1411132 0.9480286 0.1411132 0.9480286 0.1647949 0.9249268 0.1651611 0.9534302 0.1651611 0.9534302 0.1647949 0.9249268 0.1871337 0.9345093 0.1651611 0.9534302 0.1871337 0.9345093 0.206665 0.9605103 0.1290283 0.8197022 0.1734619 0.8048096 0.1370849 0.8497315 0.1370849 0.8497315 0.1734619 0.8048096 0.1785888 0.8312988 0.1370849 0.8497315 0.1785888 0.8312988 0.147583 0.8739014 0.147583 0.8739014 0.1785888 0.8312988 0.1861572 0.8537598 0.2578125 0.8630371 0.2250975 0.8656006 0.2558594 0.8409424 0.2558594 0.8409424 0.2250975 0.8656006 0.2207031 0.8452149 0.2558594 0.8409424 0.2207031 0.8452149 0.253418 0.8175049 0.253418 0.8175049 0.2207031 0.8452149 0.2163085 0.8223877 0.253418 0.8175049 0.2163085 0.8223877 0.2514649 0.7919922 0.2514649 0.7919922 0.2163085 0.8223877 0.2128906 0.796875 0.2514649 0.7919922 0.2128906 0.796875 0.2509766 0.7607422 0.2509766 0.7607422 0.2128906 0.796875 0.2109375 0.7647705 0.2509766 0.7607422 0.2109375 0.7647705 0.2114257 0.7214356 0.2114257 0.7214356 0.2109375 0.7647705 0.1696777 0.7702637 0.2114257 0.7214356 0.1696777 0.7702637 0.1674804 0.7243652 0.1674804 0.7243652 0.1696777 0.7702637 0.121643 0.7797852 0.1674804 0.7243652 0.121643 0.7797852 0.1177978 0.7197266 0.1177978 0.7197266 0.121643 0.7797852 0.08624267 0.7858887 0.1177978 0.7197266 0.08624267 0.7858887 0.07775878 0.7133789 0.07775878 0.7133789 0.08624267 0.7858887 0.05578613 0.7923584 0.07775878 0.7133789 0.05578613 0.7923584 0.0424804 0.7075195 0.0424804 0.7075195 0.05578613 0.7923584 0.02139282 0.706543 0.0424804 0.7075195 0.02139282 0.706543 0.05459588 0.630127 0.05459588 0.630127 0.02139282 0.706543 0.03329461 0.6203613 0.05459588 0.630127 0.03329461 0.6203613 0.08026123 0.579834 0.08026123 0.579834 0.03329461 0.6203613 0.06149286 0.5761719 0.08026123 0.579834 0.06149286 0.5761719 0.1106567 0.5480957 0.1106567 0.5480957 0.06149286 0.5761719 0.09936523 0.5351563 0.1106567 0.5480957 0.09936523 0.5351563 0.1241455 0.5219727 0.1106567 0.5480957 0.1241455 0.5219727 0.1341552 0.5397949 0.1341552 0.5397949 0.1241455 0.5219727 0.1496582 0.512207 0.1341552 0.5397949 0.1496582 0.512207 0.1689453 0.5307617 0.1689453 0.5307617 0.1496582 0.512207 0.1898193 0.5068359 0.1689453 0.5307617 0.1898193 0.5068359 0.2120361 0.5209961 0.1689453 0.5307617 0.2120361 0.5209961 0.2020263 0.5417481 0.2020263 0.5417481 0.2120361 0.5209961 0.2687988 0.5351563 0.2020263 0.5417481 0.2687988 0.5351563 0.2646484 0.5556641 0.2646484 0.5556641 0.2687988 0.5351563 0.3303223 0.5532227 0.2646484 0.5556641 0.3303223 0.5532227 0.2836914 0.5805664 0.2836914 0.5805664 0.3303223 0.5532227 0.3303223 0.5766602 0.2836914 0.5805664 0.3303223 0.5766602 0.2941895 0.6025391 0.2941895 0.6025391 0.3303223 0.5766602 0.3303223 0.6015625 0.2941895 0.6025391 0.3303223 0.6015625 0.2963867 0.6357422 0.2963867 0.6357422 0.3303223 0.6015625 0.3303223 0.6359863 0.2963867 0.6357422 0.3303223 0.6359863 0.3303223 0.6743164 0.2963867 0.6357422 0.3303223 0.6743164 0.2944336 0.6743164 0.2944336 0.6743164 0.3303223 0.6743164 0.3303223 0.7175293 0.2944336 0.6743164 0.3303223 0.7175293 0.2919922 0.7185059 0.2919922 0.7185059 0.3303223 0.7175293 0.3303223 0.7562256 0.2919922 0.7185059 0.3303223 0.7562256 0.2900391 0.7575684 0.2900391 0.7575684 0.3303223 0.7562256 0.3303223 0.7880859 0.2900391 0.7575684 0.3303223 0.7880859 0.2895508 0.7891846 0.2895508 0.7891846 0.3303223 0.7880859 0.3303223 0.8154297 0.2895508 0.7891846 0.3303223 0.8154297 0.2902832 0.815918 0.2902832 0.815918 0.3303223 0.8154297 0.2912598 0.8405762 0.2902832 0.815918 0.2912598 0.8405762 0.2558594 0.8409424 0.2558594 0.8409424 0.2912598 0.8405762 0.2578125 0.8630371 0.2578125 0.8630371 0.2912598 0.8405762 0.2922363 0.8648682 0.2578125 0.8630371 0.2922363 0.8648682 0.2602539 0.8833008 0.2602539 0.8833008 0.2922363 0.8648682 0.2900391 0.8876343 0.2602539 0.8833008 0.2900391 0.8876343 0.2609863 0.9018555 0.2609863 0.9018555 0.2900391 0.8876343 0.2854004 0.920105 0.2854004 0.920105 0.2900391 0.8876343 0.3303223 0.9317017 0.2854004 0.920105 0.3303223 0.9317017 0.2644043 0.9521179 0.2644043 0.9521179 0.3303223 0.9317017 0.2858887 0.9650269 0.2644043 0.9521179 0.2858887 0.9650269 0.2248535 0.9840088 0.2644043 0.9521179 0.2248535 0.9840088 0.206665 0.9605103 0.206665 0.9605103 0.2248535 0.9840088 0.1735839 0.9841004 0.206665 0.9605103 0.1735839 0.9841004 0.1651611 0.9534302 0.1651611 0.9534302 0.1735839 0.9841004 0.145996 0.9858017 0.1651611 0.9534302 0.145996 0.9858017 0.1411132 0.9480286 0.1411132 0.9480286 0.145996 0.9858017 0.1126708 0.9416199 0.1411132 0.9480286 0.1126708 0.9416199 0.1467285 0.9155274 0.1467285 0.9155274 0.1126708 0.9416199 0.1269531 0.8951416 0.1467285 0.9155274 0.1269531 0.8951416 0.147583 0.8739014 0.147583 0.8739014 0.1269531 0.8951416 0.1105957 0.8686524 0.147583 0.8739014 0.1105957 0.8686524 0.1370849 0.8497315 0.1370849 0.8497315 0.1105957 0.8686524 0.09674072 0.833374 0.1370849 0.8497315 0.09674072 0.833374 0.1290283 0.8197022 0.1290283 0.8197022 0.09674072 0.833374 0.08624267 0.7858887 0.1290283 0.8197022 0.08624267 0.7858887 0.121643 0.7797852 0.1290283 0.8197022 0.121643 0.7797852 0.1696777 0.7702637 0.1290283 0.8197022 0.1696777 0.7702637 0.1734619 0.8048096 0.1734619 0.8048096 0.1696777 0.7702637 0.2109375 0.7647705 0.1734619 0.8048096 0.2109375 0.7647705 0.2128906 0.796875 0.1734619 0.8048096 0.2128906 0.796875 0.1785888 0.8312988 0.1785888 0.8312988 0.2128906 0.796875 0.2163085 0.8223877 0.1785888 0.8312988 0.2163085 0.8223877 0.1861572 0.8537598 0.1861572 0.8537598 0.2163085 0.8223877 0.2207031 0.8452149 0.1861572 0.8537598 0.2207031 0.8452149 0.1950682 0.8720703 0.1950682 0.8720703 0.2207031 0.8452149 0.2250975 0.8656006 0.1950682 0.8720703 0.2250975 0.8656006 0.2037353 0.8865357 0.2037353 0.8865357 0.2250975 0.8656006 0.2304687 0.8814087 0.2037353 0.8865357 0.2304687 0.8814087 0.2092285 0.899231 0.2092285 0.899231 0.2304687 0.8814087 0.234375 0.8959351 0.234375 0.8959351 0.2304687 0.8814087 0.2602539 0.8833008 0.234375 0.8959351 0.2602539 0.8833008 0.2609863 0.9018555 0.2602539 0.8833008 0.2304687 0.8814087 0.2578125 0.8630371 0.2578125 0.8630371 0.2304687 0.8814087 0.2250975 0.8656006 0.3303223 0.5532227 0.2687988 0.5351563 0.3303223 0.5395508 0.2509766 0.7607422 0.2114257 0.7214356 0.2529297 0.720459 0.1898193 0.5068359 0.1496582 0.512207 0.175415 0.4970703 0.02139282 0.706543 0.05578613 0.7923584 0.02059936 0.8122559 0.1689453 0.5307617 0.2020263 0.5417481 0.1530761 0.560791 0.1689453 0.5307617 0.1530761 0.560791 0.1341552 0.5397949 0.1341552 0.5397949 0.1530761 0.560791 0.1222534 0.5678711 0.1341552 0.5397949 0.1222534 0.5678711 0.1106567 0.5480957 0.1106567 0.5480957 0.1222534 0.5678711 0.08026123 0.579834 0.2912598 0.8405762 0.3303223 0.8154297 0.3303223 0.8410645 0.2912598 0.8405762 0.3303223 0.8410645 0.2922363 0.8648682 0.2922363 0.8648682 0.3303223 0.8410645 0.3303223 0.8669434 0.2922363 0.8648682 0.3303223 0.8669434 0.2900391 0.8876343 0.2900391 0.8876343 0.3303223 0.8669434 0.3303223 0.8943482 0.2900391 0.8876343 0.3303223 0.8943482 0.3303223 0.9317017 0.03387451 0.878418 0.01519775 0.8518067 0.02059936 0.8122559 0.03387451 0.878418 0.02059936 0.8122559 0.05047607 0.8565674 0.05047607 0.8565674 0.02059936 0.8122559 0.05578613 0.7923584 0.05047607 0.8565674 0.05578613 0.7923584 0.06738281 0.84729 0.06738281 0.84729 0.05578613 0.7923584 0.08624267 0.7858887 0.06738281 0.84729 0.08624267 0.7858887 0.09674072 0.833374 0.06738281 0.84729 0.09674072 0.833374 0.1105957 0.8686524 0.06738281 0.84729 0.1105957 0.8686524 0.08148193 0.9083252 0.08148193 0.9083252 0.1105957 0.8686524 0.1269531 0.8951416 0.08148193 0.9083252 0.1269531 0.8951416 0.1126708 0.9416199 0.06738281 0.84729 0.08148193 0.9083252 0.05047607 0.8565674 0.145996 0.9858017 0.1089477 0.9858017 0.1126708 0.9416199 0.1126708 0.9416199 0.1089477 0.9858017 0.09558105 0.9567261 0.1126708 0.9416199 0.09558105 0.9567261 0.06884765 0.923523 0.1126708 0.9416199 0.06884765 0.923523 0.08148193 0.9083252 0.08148193 0.9083252 0.06884765 0.923523 0.05047607 0.8565674 0.05047607 0.8565674 0.06884765 0.923523 0.03387451 0.878418 0.2902832 0.815918 0.2558594 0.8409424 0.253418 0.8175049 0.2902832 0.815918 0.253418 0.8175049 0.2895508 0.7891846 0.2895508 0.7891846 0.253418 0.8175049 0.2514649 0.7919922 0.2895508 0.7891846 0.2514649 0.7919922 0.2509766 0.7607422 0.2895508 0.7891846 0.2509766 0.7607422 0.2900391 0.7575684 0.2900391 0.7575684 0.2509766 0.7607422 0.2529297 0.720459 0.2900391 0.7575684 0.2529297 0.720459 0.2919922 0.7185059 0.2919922 0.7185059 0.2529297 0.720459 0.2561035 0.6740723 0.2919922 0.7185059 0.2561035 0.6740723 0.2944336 0.6743164 0.2944336 0.6743164 0.2561035 0.6740723 0.2612305 0.6359863 0.2944336 0.6743164 0.2612305 0.6359863 0.2963867 0.6357422 0.2963867 0.6357422 0.2612305 0.6359863 0.2941895 0.6025391 0.2941895 0.6025391 0.2612305 0.6359863 0.2595215 0.6032715 0.2941895 0.6025391 0.2595215 0.6032715 0.2836914 0.5805664 0.2836914 0.5805664 0.2595215 0.6032715 0.2377929 0.5786133 0.2836914 0.5805664 0.2377929 0.5786133 0.2646484 0.5556641 0.2646484 0.5556641 0.2377929 0.5786133 0.2020263 0.5417481 0.2020263 0.5417481 0.2377929 0.5786133 0.1918945 0.5654297 0.2020263 0.5417481 0.1918945 0.5654297 0.1530761 0.560791 0.1530761 0.560791 0.1918945 0.5654297 0.1440429 0.5820313 0.1530761 0.560791 0.1440429 0.5820313 0.1222534 0.5678711 0.1222534 0.5678711 0.1440429 0.5820313 0.1006469 0.5922852 0.1222534 0.5678711 0.1006469 0.5922852 0.08026123 0.579834 0.08026123 0.579834 0.1006469 0.5922852 0.05459588 0.630127 0.05459588 0.630127 0.1006469 0.5922852 0.08526611 0.6418457 0.05459588 0.630127 0.08526611 0.6418457 0.0424804 0.7075195 0.0424804 0.7075195 0.08526611 0.6418457 0.07775878 0.7133789 0.07775878 0.7133789 0.08526611 0.6418457 0.1213989 0.6564942 0.07775878 0.7133789 0.1213989 0.6564942 0.1177978 0.7197266 0.1177978 0.7197266 0.1213989 0.6564942 0.1708984 0.6787109 0.1177978 0.7197266 0.1708984 0.6787109 0.1674804 0.7243652 0.1674804 0.7243652 0.1708984 0.6787109 0.2114257 0.7214356 0.2114257 0.7214356 0.1708984 0.6787109 0.2141113 0.6704102 0.2114257 0.7214356 0.2141113 0.6704102 0.2529297 0.720459 0.2529297 0.720459 0.2141113 0.6704102 0.2561035 0.6740723 0.2561035 0.6740723 0.2141113 0.6704102 0.2302246 0.6350098 0.2561035 0.6740723 0.2302246 0.6350098 0.2612305 0.6359863 0.2612305 0.6359863 0.2302246 0.6350098 0.2595215 0.6032715 0.2595215 0.6032715 0.2302246 0.6350098 0.2238769 0.6008301 0.2595215 0.6032715 0.2238769 0.6008301 0.2377929 0.5786133 0.2377929 0.5786133 0.2238769 0.6008301 0.185791 0.5834961 0.2377929 0.5786133 0.185791 0.5834961 0.1918945 0.5654297 0.1918945 0.5654297 0.185791 0.5834961 0.1440429 0.5820313 0.1440429 0.5820313 0.185791 0.5834961 0.1558837 0.5991211 0.1440429 0.5820313 0.1558837 0.5991211 0.1234741 0.6066895 0.1234741 0.6066895 0.1558837 0.5991211 0.1405029 0.6135254 0.1234741 0.6066895 0.1405029 0.6135254 0.1402587 0.6425781 0.1234741 0.6066895 0.1402587 0.6425781 0.1213989 0.6564942 0.1213989 0.6564942 0.1402587 0.6425781 0.1708984 0.6787109 0.1708984 0.6787109 0.1402587 0.6425781 0.1712646 0.6599121 0.1708984 0.6787109 0.1712646 0.6599121 0.2025146 0.6555176 0.1708984 0.6787109 0.2025146 0.6555176 0.2141113 0.6704102 0.2141113 0.6704102 0.2025146 0.6555176 0.2302246 0.6350098 0.2302246 0.6350098 0.2025146 0.6555176 0.2108154 0.6330567 0.2302246 0.6350098 0.2108154 0.6330567 0.2238769 0.6008301 0.2238769 0.6008301 0.2108154 0.6330567 0.2036132 0.6091309 0.2238769 0.6008301 0.2036132 0.6091309 0.185791 0.5834961 0.185791 0.5834961 0.2036132 0.6091309 0.1812744 0.5969238 0.185791 0.5834961 0.1812744 0.5969238 0.1558837 0.5991211 0.1213989 0.6564942 0.08526611 0.6418457 0.1234741 0.6066895 0.1234741 0.6066895 0.08526611 0.6418457 0.1006469 0.5922852 0.1234741 0.6066895 0.1006469 0.5922852 0.1440429 0.5820313 0.2012939 0.3432617 0.187622 0.3432617 0.2012939 0.2895508 0.1875 0.2661133 0.1767578 0.2895508 0.1767578 0.2661133 0.1875 0.2661133 0.1767578 0.2661133 0.1871337 0.2099609 0.1871337 0.2099609 0.1767578 0.2661133 0.1768798 0.2080078 0.1871337 0.2099609 0.1768798 0.2080078 0.1768798 0.1948242 0.1768798 0.1948242 0.1768798 0.2080078 0.163208 0.2060546 0.1768798 0.1948242 0.163208 0.2060546 0.1638182 0.1923828 0.1638182 0.1923828 0.163208 0.2060546 0.1485595 0.1914062 0.1638182 0.1923828 0.1485595 0.1914062 0.1486816 0.1777343 0.1486816 0.1777343 0.1485595 0.1914062 0.1367187 0.1782225 0.1367187 0.1782225 0.1485595 0.1914062 0.1369628 0.1923828 0.1367187 0.1782225 0.1369628 0.1923828 0.1269531 0.1821289 0.1269531 0.1821289 0.1369628 0.1923828 0.1270751 0.1948242 0.1269531 0.1821289 0.1270751 0.1948242 0.1150512 0.186035 0.1150512 0.186035 0.1270751 0.1948242 0.1155395 0.2099609 0.1150512 0.186035 0.1155395 0.2099609 0.09796142 0.1879882 0.09796142 0.1879882 0.1155395 0.2099609 0.09887695 0.2109375 0.09887695 0.2109375 0.1155395 0.2099609 0.1155395 0.2661133 0.09887695 0.2109375 0.1155395 0.2661133 0.0994873 0.2661133 0.0994873 0.2661133 0.1155395 0.2661133 0.1155395 0.277832 0.0994873 0.2661133 0.1155395 0.277832 0.0994873 0.2895508 0.0994873 0.2895508 0.1155395 0.277832 0.1155395 0.2895508 0.0994873 0.2895508 0.1155395 0.2895508 0.09954833 0.3432617 0.09954833 0.3432617 0.1155395 0.2895508 0.1154785 0.3432617 0.1154785 0.3432617 0.1155395 0.2895508 0.1271972 0.2895508 0.1154785 0.3432617 0.1271972 0.2895508 0.1271972 0.3432617 0.1271972 0.3432617 0.1271972 0.2895508 0.137207 0.2895508 0.1271972 0.3432617 0.137207 0.2895508 0.1373291 0.3432617 0.1373291 0.3432617 0.137207 0.2895508 0.1483154 0.2895508 0.1373291 0.3432617 0.1483154 0.2895508 0.1481932 0.3432617 0.1481932 0.3432617 0.1483154 0.2895508 0.1625975 0.3432617 0.1625975 0.3432617 0.1483154 0.2895508 0.1625975 0.2895508 0.1625975 0.3432617 0.1625975 0.2895508 0.1767578 0.3432617 0.1767578 0.3432617 0.1625975 0.2895508 0.1767578 0.2895508 0.1767578 0.3432617 0.1767578 0.2895508 0.187622 0.3432617 0.187622 0.3432617 0.1767578 0.2895508 0.187622 0.2895508 0.187622 0.3432617 0.187622 0.2895508 0.2012939 0.2895508 0.2012939 0.2895508 0.187622 0.2895508 0.2011718 0.2661133 0.2011718 0.2661133 0.187622 0.2895508 0.1875 0.2661133 0.2011718 0.2661133 0.1875 0.2661133 0.2006835 0.2109375 0.2006835 0.2109375 0.1875 0.2661133 0.1871337 0.2099609 0.2006835 0.2109375 0.1871337 0.2099609 0.199707 0.1879882 0.199707 0.1879882 0.1871337 0.2099609 0.1866455 0.186035 0.1866455 0.186035 0.1871337 0.2099609 0.1768798 0.1948242 0.1866455 0.186035 0.1768798 0.1948242 0.177124 0.1821289 0.177124 0.1821289 0.1768798 0.1948242 0.1638182 0.1923828 0.177124 0.1821289 0.1638182 0.1923828 0.1645507 0.1782225 0.1645507 0.1782225 0.1638182 0.1923828 0.1486816 0.1777343 0.1767578 0.2895508 0.1875 0.2661133 0.187622 0.2895508 0.1485595 0.1914062 0.163208 0.2060546 0.1484375 0.2050781 0.1485595 0.1914062 0.1484375 0.2050781 0.1369628 0.1923828 0.1271972 0.2895508 0.1155395 0.2895508 0.1155395 0.277832 0.1271972 0.2895508 0.1155395 0.277832 0.1271972 0.277832 0.1271972 0.277832 0.1155395 0.277832 0.1155395 0.2661133 0.1271972 0.277832 0.1155395 0.2661133 0.1271972 0.2661133 0.1271972 0.2661133 0.1155395 0.2661133 0.1155395 0.2099609 0.1271972 0.2661133 0.1155395 0.2099609 0.1271972 0.2080078 0.1271972 0.2080078 0.1155395 0.2099609 0.1270751 0.1948242 0.1271972 0.2080078 0.1270751 0.1948242 0.1370849 0.2060546 0.1370849 0.2060546 0.1270751 0.1948242 0.1369628 0.1923828 0.1370849 0.2060546 0.1369628 0.1923828 0.1484375 0.2050781 0.1370849 0.2060546 0.1484375 0.2050781 0.1483154 0.2661133 0.1483154 0.2661133 0.1484375 0.2050781 0.163208 0.2060546 0.1483154 0.2661133 0.163208 0.2060546 0.1627197 0.2661133 0.1627197 0.2661133 0.163208 0.2060546 0.1768798 0.2080078 0.1627197 0.2661133 0.1768798 0.2080078 0.1767578 0.2661133 0.1627197 0.2661133 0.1767578 0.2661133 0.1767578 0.2895508 0.1627197 0.2661133 0.1767578 0.2895508 0.1625975 0.2895508 0.1627197 0.2661133 0.1625975 0.2895508 0.1483154 0.2661133 0.1483154 0.2661133 0.1625975 0.2895508 0.1483154 0.2895508 0.137207 0.2895508 0.1271972 0.2895508 0.137207 0.277832 0.137207 0.277832 0.1271972 0.2895508 0.1271972 0.277832 0.137207 0.277832 0.1271972 0.277832 0.137207 0.2661133 0.137207 0.2661133 0.1271972 0.277832 0.1271972 0.2661133 0.137207 0.2661133 0.1271972 0.2661133 0.1271972 0.2080078 0.137207 0.2661133 0.1271972 0.2080078 0.1370849 0.2060546 0.137207 0.2661133 0.1370849 0.2060546 0.1483154 0.2661133 0.137207 0.2661133 0.1483154 0.2661133 0.137207 0.277832 0.137207 0.277832 0.1483154 0.2661133 0.1483154 0.2895508 0.137207 0.277832 0.1483154 0.2895508 0.137207 0.2895508 0.7319336 0.7943115 0.7163086 0.779419 0.7133789 0.7901611 0.7675781 0.835083 0.7509766 0.8443604 0.7709961 0.8560791 0.7709961 0.8560791 0.7509766 0.8443604 0.7436524 0.8665772 0.7709961 0.8560791 0.7436524 0.8665772 0.7641602 0.8798218 0.7641602 0.8798218 0.7436524 0.8665772 0.7231445 0.8900147 0.7231445 0.8900147 0.7436524 0.8665772 0.7114258 0.8734131 0.7114258 0.8734131 0.7436524 0.8665772 0.7280274 0.850708 0.7114258 0.8734131 0.7280274 0.850708 0.7026367 0.8546143 0.7026367 0.8546143 0.7280274 0.850708 0.7177734 0.8377686 0.7026367 0.8546143 0.7177734 0.8377686 0.699707 0.8411865 0.699707 0.8411865 0.7177734 0.8377686 0.6982422 0.8358154 0.6982422 0.8358154 0.7177734 0.8377686 0.7167969 0.8323975 0.7167969 0.8323975 0.7177734 0.8377686 0.7382813 0.8283692 0.7167969 0.8323975 0.7382813 0.8283692 0.7358399 0.8231201 0.7358399 0.8231201 0.7382813 0.8283692 0.7509766 0.8167725 0.7358399 0.8231201 0.7509766 0.8167725 0.7363281 0.8145752 0.7363281 0.8145752 0.7509766 0.8167725 0.7514649 0.8026123 0.7363281 0.8145752 0.7514649 0.8026123 0.7280274 0.8026123 0.7280274 0.8026123 0.7514649 0.8026123 0.7319336 0.7943115 0.7280274 0.8026123 0.7319336 0.7943115 0.7109375 0.7943115 0.7109375 0.7943115 0.7319336 0.7943115 0.7133789 0.7901611 0.7109375 0.7943115 0.7133789 0.7901611 0.6938477 0.7872315 0.6938477 0.7872315 0.7133789 0.7901611 0.6972656 0.7724609 0.6972656 0.7724609 0.7133789 0.7901611 0.7163086 0.779419 0.6972656 0.7724609 0.7163086 0.779419 0.6992188 0.7539063 0.7280274 0.850708 0.7436524 0.8665772 0.7509766 0.8443604 0.7280274 0.850708 0.7509766 0.8443604 0.7177734 0.8377686 0.7177734 0.8377686 0.7509766 0.8443604 0.7382813 0.8283692 0.7382813 0.8283692 0.7509766 0.8443604 0.7675781 0.835083 0.7382813 0.8283692 0.7675781 0.835083 0.7509766 0.8167725 0.7109375 0.7943115 0.7094727 0.8009033 0.7280274 0.8026123 0.737793 0.9064331 0.7641602 0.8798218 0.7231445 0.8900147 0.6918945 0.8009033 0.7094727 0.8009033 0.6933594 0.7928467 0.6933594 0.7928467 0.7094727 0.8009033 0.7109375 0.7943115 0.6933594 0.7928467 0.7109375 0.7943115 0.6938477 0.7872315 0.8623047 0.6333008 0.8989258 0.6206055 0.8398438 0.5756836 0.8623047 0.6333008 0.8398438 0.5756836 0.8115234 0.6025391 0.8115234 0.6025391 0.8398438 0.5756836 0.7851563 0.578125 0.8115234 0.6025391 0.7851563 0.578125 0.7651367 0.6113281 0.7651367 0.6113281 0.7851563 0.578125 0.7543945 0.5578613 0.7651367 0.6113281 0.7543945 0.5578613 0.7392578 0.5981445 0.7392578 0.5981445 0.7543945 0.5578613 0.7089844 0.5891113 0.7392578 0.5981445 0.7089844 0.5891113 0.7036133 0.630127 0.7036133 0.630127 0.7089844 0.5891113 0.6762695 0.6279297 0.7036133 0.630127 0.6762695 0.6279297 0.7011719 0.6672363 0.7011719 0.6672363 0.6762695 0.6279297 0.6762695 0.6660156 0.7011719 0.6672363 0.6762695 0.6660156 0.7006836 0.7041016 0.7006836 0.7041016 0.6762695 0.6660156 0.6762695 0.703125 0.7006836 0.7041016 0.6762695 0.703125 0.7001953 0.7341309 0.7001953 0.7341309 0.6762695 0.703125 0.6762695 0.7351074 0.7001953 0.7341309 0.6762695 0.7351074 0.6992188 0.7539063 0.6992188 0.7539063 0.6762695 0.7351074 0.6762695 0.7568359 0.6992188 0.7539063 0.6762695 0.7568359 0.6972656 0.7724609 0.6972656 0.7724609 0.6762695 0.7568359 0.6762695 0.7714844 0.6972656 0.7724609 0.6762695 0.7714844 0.6938477 0.7872315 0.6938477 0.7872315 0.6762695 0.7714844 0.6762695 0.7854004 0.6938477 0.7872315 0.6762695 0.7854004 0.6933594 0.7928467 0.6933594 0.7928467 0.6762695 0.7854004 0.6762695 0.793335 0.6933594 0.7928467 0.6762695 0.793335 0.6762695 0.8015137 0.6933594 0.7928467 0.6762695 0.8015137 0.6918945 0.8009033 0.6918945 0.8009033 0.6762695 0.8015137 0.6762695 0.8137207 0.6918945 0.8009033 0.6762695 0.8137207 0.6933594 0.8140869 0.6918945 0.8009033 0.6933594 0.8140869 0.7094727 0.8009033 0.7094727 0.8009033 0.6933594 0.8140869 0.7119141 0.8145752 0.7094727 0.8009033 0.7119141 0.8145752 0.7280274 0.8026123 0.7280274 0.8026123 0.7119141 0.8145752 0.7324219 0.8153076 0.7280274 0.8026123 0.7324219 0.8153076 0.7363281 0.8145752 0.7363281 0.8145752 0.7324219 0.8153076 0.7333984 0.817749 0.7363281 0.8145752 0.7333984 0.817749 0.7358399 0.8231201 0.7358399 0.8231201 0.7333984 0.817749 0.7241211 0.8223877 0.7358399 0.8231201 0.7241211 0.8223877 0.7167969 0.8323975 0.7167969 0.8323975 0.7241211 0.8223877 0.715332 0.8270264 0.7167969 0.8323975 0.715332 0.8270264 0.6967774 0.8304443 0.7167969 0.8323975 0.6967774 0.8304443 0.6982422 0.8358154 0.6982422 0.8358154 0.6967774 0.8304443 0.6762695 0.8319092 0.6982422 0.8358154 0.6762695 0.8319092 0.6762695 0.8371582 0.6982422 0.8358154 0.6762695 0.8371582 0.6762695 0.8425293 0.6982422 0.8358154 0.6762695 0.8425293 0.699707 0.8411865 0.699707 0.8411865 0.6762695 0.8425293 0.6762695 0.8560791 0.699707 0.8411865 0.6762695 0.8560791 0.7026367 0.8546143 0.7026367 0.8546143 0.6762695 0.8560791 0.6762695 0.8759155 0.7026367 0.8546143 0.6762695 0.8759155 0.7114258 0.8734131 0.7114258 0.8734131 0.6762695 0.8759155 0.6762695 0.8937378 0.7114258 0.8734131 0.6762695 0.8937378 0.7231445 0.8900147 0.7231445 0.8900147 0.6762695 0.8937378 0.6762695 0.9118042 0.7231445 0.8900147 0.6762695 0.9118042 0.737793 0.9064331 0.737793 0.9064331 0.6762695 0.9118042 0.6762695 0.9336548 0.737793 0.9064331 0.6762695 0.9336548 0.7587891 0.9256592 0.7587891 0.9256592 0.6762695 0.9336548 0.7275391 0.9379273 0.7587891 0.9256592 0.7275391 0.9379273 0.793457 0.9493103 0.793457 0.9493103 0.7275391 0.9379273 0.762207 0.956604 0.793457 0.9493103 0.762207 0.956604 0.7651367 0.9801025 0.793457 0.9493103 0.7651367 0.9801025 0.8657227 0.9773102 0.793457 0.9493103 0.8657227 0.9773102 0.8632813 0.9209595 0.8632813 0.9209595 0.8657227 0.9773102 0.9291992 0.9371338 0.8632813 0.9209595 0.9291992 0.9371338 0.8994141 0.8887329 0.8994141 0.8887329 0.9291992 0.9371338 0.953125 0.8980103 0.8994141 0.8887329 0.953125 0.8980103 0.9174805 0.8583984 0.9174805 0.8583984 0.953125 0.8980103 0.9628906 0.8634033 0.9174805 0.8583984 0.9628906 0.8634033 0.9267578 0.8305664 0.9267578 0.8305664 0.9628906 0.8634033 0.9682617 0.8336182 0.9267578 0.8305664 0.9682617 0.8336182 0.9311524 0.8027344 0.9311524 0.8027344 0.9682617 0.8336182 0.9716797 0.8043213 0.9311524 0.8027344 0.9716797 0.8043213 0.9311524 0.7720947 0.9311524 0.7720947 0.9716797 0.8043213 0.972168 0.7714844 0.9311524 0.7720947 0.972168 0.7714844 0.9707031 0.7307129 0.9311524 0.7720947 0.9707031 0.7307129 0.9306641 0.7341309 0.9311524 0.7720947 0.9306641 0.7341309 0.8837891 0.7390137 0.8837891 0.7390137 0.9306641 0.7341309 0.8803711 0.6853027 0.8837891 0.7390137 0.8803711 0.6853027 0.8520508 0.6938477 0.8520508 0.6938477 0.8803711 0.6853027 0.8378906 0.6477051 0.8520508 0.6938477 0.8378906 0.6477051 0.8242188 0.6806641 0.8242188 0.6806641 0.8378906 0.6477051 0.8012695 0.6657715 0.8242188 0.6806641 0.8012695 0.6657715 0.8027344 0.6887207 0.8027344 0.6887207 0.8012695 0.6657715 0.7734375 0.6799317 0.8027344 0.6887207 0.7734375 0.6799317 0.7783203 0.7004395 0.7783203 0.7004395 0.7734375 0.6799317 0.7504883 0.704834 0.7783203 0.7004395 0.7504883 0.704834 0.7514649 0.71875 0.7514649 0.71875 0.7504883 0.704834 0.7207031 0.7314453 0.7514649 0.71875 0.7207031 0.7314453 0.7329102 0.7324219 0.7329102 0.7324219 0.7207031 0.7314453 0.7133789 0.746582 0.7329102 0.7324219 0.7133789 0.746582 0.7529297 0.7478027 0.7529297 0.7478027 0.7133789 0.746582 0.7270508 0.7663574 0.7529297 0.7478027 0.7270508 0.7663574 0.7543945 0.7521973 0.7543945 0.7521973 0.7270508 0.7663574 0.7583008 0.7562256 0.7583008 0.7562256 0.7270508 0.7663574 0.7426758 0.7764893 0.7583008 0.7562256 0.7426758 0.7764893 0.765625 0.7589111 0.765625 0.7589111 0.7426758 0.7764893 0.7666016 0.7788086 0.765625 0.7589111 0.7666016 0.7788086 0.7763672 0.7604981 0.7763672 0.7604981 0.7666016 0.7788086 0.784668 0.7767334 0.7763672 0.7604981 0.784668 0.7767334 0.784668 0.7587891 0.784668 0.7587891 0.784668 0.7767334 0.8056641 0.7655029 0.784668 0.7587891 0.8056641 0.7655029 0.7988281 0.7487793 0.7988281 0.7487793 0.8056641 0.7655029 0.8183594 0.7518311 0.7988281 0.7487793 0.8183594 0.7518311 0.8027344 0.7404785 0.8027344 0.7404785 0.8183594 0.7518311 0.8256836 0.7333984 0.8027344 0.7404785 0.8256836 0.7333984 0.8017578 0.7280274 0.8017578 0.7280274 0.8256836 0.7333984 0.8271484 0.7124024 0.8017578 0.7280274 0.8271484 0.7124024 0.7954102 0.7163086 0.7954102 0.7163086 0.8271484 0.7124024 0.8242188 0.6806641 0.7954102 0.7163086 0.8242188 0.6806641 0.8027344 0.6887207 0.7954102 0.7163086 0.8027344 0.6887207 0.7783203 0.7004395 0.7954102 0.7163086 0.7783203 0.7004395 0.7753906 0.7277832 0.7753906 0.7277832 0.7783203 0.7004395 0.7514649 0.71875 0.7753906 0.7277832 0.7514649 0.71875 0.7636719 0.7365723 0.7636719 0.7365723 0.7514649 0.71875 0.7329102 0.7324219 0.7636719 0.7365723 0.7329102 0.7324219 0.7563477 0.7434082 0.7563477 0.7434082 0.7329102 0.7324219 0.7529297 0.7478027 0.8256836 0.7333984 0.8500977 0.7468262 0.8271484 0.7124024 0.7172852 0.5444336 0.7089844 0.5891113 0.7543945 0.5578613 0.7734375 0.6799317 0.7504883 0.6706543 0.7504883 0.704834 0.9707031 0.7307129 0.9604492 0.6682129 0.9306641 0.7341309 0.9306641 0.7341309 0.9604492 0.6682129 0.918457 0.6757813 0.9306641 0.7341309 0.918457 0.6757813 0.8803711 0.6853027 0.8803711 0.6853027 0.918457 0.6757813 0.8989258 0.6206055 0.8803711 0.6853027 0.8989258 0.6206055 0.8623047 0.6333008 0.8803711 0.6853027 0.8623047 0.6333008 0.8378906 0.6477051 0.8378906 0.6477051 0.8623047 0.6333008 0.8115234 0.6025391 0.8378906 0.6477051 0.8115234 0.6025391 0.7851563 0.6254883 0.7851563 0.6254883 0.8115234 0.6025391 0.7651367 0.6113281 0.7851563 0.6254883 0.7651367 0.6113281 0.753418 0.6391602 0.753418 0.6391602 0.7651367 0.6113281 0.7299805 0.6330567 0.753418 0.6391602 0.7299805 0.6330567 0.7270508 0.6687012 0.7270508 0.6687012 0.7299805 0.6330567 0.7011719 0.6672363 0.7270508 0.6687012 0.7011719 0.6672363 0.7260742 0.7036133 0.7260742 0.7036133 0.7011719 0.6672363 0.7006836 0.7041016 0.7260742 0.7036133 0.7006836 0.7041016 0.7207031 0.7314453 0.7207031 0.7314453 0.7006836 0.7041016 0.7001953 0.7341309 0.7207031 0.7314453 0.7001953 0.7341309 0.7133789 0.746582 0.7133789 0.746582 0.7001953 0.7341309 0.6992188 0.7539063 0.7133789 0.746582 0.6992188 0.7539063 0.71875 0.7705078 0.71875 0.7705078 0.6992188 0.7539063 0.7163086 0.779419 0.71875 0.7705078 0.7163086 0.779419 0.7373047 0.7860108 0.7373047 0.7860108 0.7163086 0.779419 0.7319336 0.7943115 0.7373047 0.7860108 0.7319336 0.7943115 0.7666016 0.7904053 0.7666016 0.7904053 0.7319336 0.7943115 0.7514649 0.8026123 0.7666016 0.7904053 0.7514649 0.8026123 0.777832 0.8076172 0.777832 0.8076172 0.7514649 0.8026123 0.7509766 0.8167725 0.777832 0.8076172 0.7509766 0.8167725 0.7749024 0.8217774 0.7749024 0.8217774 0.7509766 0.8167725 0.7675781 0.835083 0.7749024 0.8217774 0.7675781 0.835083 0.7895508 0.8422852 0.7895508 0.8422852 0.7675781 0.835083 0.7709961 0.8560791 0.7895508 0.8422852 0.7709961 0.8560791 0.7958984 0.8651123 0.7958984 0.8651123 0.7709961 0.8560791 0.7641602 0.8798218 0.7958984 0.8651123 0.7641602 0.8798218 0.7885742 0.8919067 0.7885742 0.8919067 0.7641602 0.8798218 0.737793 0.9064331 0.7885742 0.8919067 0.737793 0.9064331 0.7587891 0.9256592 0.7885742 0.8919067 0.7587891 0.9256592 0.8198242 0.9053345 0.8198242 0.9053345 0.7587891 0.9256592 0.793457 0.9493103 0.8198242 0.9053345 0.793457 0.9493103 0.8632813 0.9209595 0.8198242 0.9053345 0.8632813 0.9209595 0.8583984 0.8799439 0.8583984 0.8799439 0.8632813 0.9209595 0.8994141 0.8887329 0.8583984 0.8799439 0.8994141 0.8887329 0.8793945 0.8540039 0.8793945 0.8540039 0.8994141 0.8887329 0.9174805 0.8583984 0.8793945 0.8540039 0.9174805 0.8583984 0.8886719 0.8286133 0.8886719 0.8286133 0.9174805 0.8583984 0.9267578 0.8305664 0.8886719 0.8286133 0.9267578 0.8305664 0.894043 0.8054199 0.894043 0.8054199 0.9267578 0.8305664 0.9311524 0.8027344 0.894043 0.8054199 0.9311524 0.8027344 0.8823242 0.779419 0.8823242 0.779419 0.9311524 0.8027344 0.9311524 0.7720947 0.8823242 0.779419 0.9311524 0.7720947 0.8837891 0.7390137 0.8823242 0.779419 0.8837891 0.7390137 0.8500977 0.7468262 0.8500977 0.7468262 0.8837891 0.7390137 0.8520508 0.6938477 0.8500977 0.7468262 0.8520508 0.6938477 0.8271484 0.7124024 0.8271484 0.7124024 0.8520508 0.6938477 0.8242188 0.6806641 0.7036133 0.630127 0.7011719 0.6672363 0.7299805 0.6330567 0.7036133 0.630127 0.7299805 0.6330567 0.7392578 0.5981445 0.7392578 0.5981445 0.7299805 0.6330567 0.7651367 0.6113281 0.8012695 0.6657715 0.8378906 0.6477051 0.7851563 0.6254883 0.8012695 0.6657715 0.7851563 0.6254883 0.7734375 0.6799317 0.7734375 0.6799317 0.7851563 0.6254883 0.753418 0.6391602 0.7734375 0.6799317 0.753418 0.6391602 0.7504883 0.6706543 0.7504883 0.6706543 0.753418 0.6391602 0.7270508 0.6687012 0.7504883 0.6706543 0.7270508 0.6687012 0.7504883 0.704834 0.7504883 0.704834 0.7270508 0.6687012 0.7260742 0.7036133 0.7504883 0.704834 0.7260742 0.7036133 0.7207031 0.7314453 0.7270508 0.7663574 0.7133789 0.746582 0.71875 0.7705078 0.7270508 0.7663574 0.71875 0.7705078 0.7426758 0.7764893 0.7426758 0.7764893 0.71875 0.7705078 0.7373047 0.7860108 0.7426758 0.7764893 0.7373047 0.7860108 0.7666016 0.7788086 0.7666016 0.7788086 0.7373047 0.7860108 0.7666016 0.7904053 0.7666016 0.7788086 0.7666016 0.7904053 0.784668 0.7767334 0.784668 0.7767334 0.7666016 0.7904053 0.793457 0.7904053 0.784668 0.7767334 0.793457 0.7904053 0.8056641 0.7655029 0.7666016 0.7904053 0.777832 0.8076172 0.793457 0.7904053 0.6762695 0.6279297 0.7089844 0.5891113 0.6762695 0.5859375 0.6762695 0.5859375 0.7089844 0.5891113 0.7172852 0.5444336 0.6762695 0.5859375 0.7172852 0.5444336 0.6762695 0.5395508 0.6762695 0.5395508 0.7172852 0.5444336 0.6762695 0.4907227 0.6762695 0.4907227 0.7172852 0.5444336 0.7299805 0.4975586 0.7299805 0.4975586 0.7172852 0.5444336 0.7543945 0.5578613 0.7299805 0.4975586 0.7543945 0.5578613 0.777832 0.5153809 0.777832 0.5153809 0.7543945 0.5578613 0.7851563 0.578125 0.777832 0.5153809 0.7851563 0.578125 0.8134766 0.5437012 0.8134766 0.5437012 0.7851563 0.578125 0.8398438 0.5756836 0.8134766 0.5437012 0.8398438 0.5756836 0.8740234 0.5537109 0.8740234 0.5537109 0.8398438 0.5756836 0.8989258 0.6206055 0.8740234 0.5537109 0.8989258 0.6206055 0.9375 0.6101074 0.9375 0.6101074 0.8989258 0.6206055 0.918457 0.6757813 0.9375 0.6101074 0.918457 0.6757813 0.9604492 0.6682129 0.9375 0.6101074 0.9140625 0.5495606 0.8740234 0.5537109 0.8740234 0.5537109 0.9140625 0.5495606 0.8500977 0.5153809 0.8740234 0.5537109 0.8500977 0.5153809 0.8134766 0.5437012 0.8134766 0.5437012 0.8500977 0.5153809 0.8178711 0.4736328 0.8134766 0.5437012 0.8178711 0.4736328 0.777832 0.5153809 0.777832 0.5153809 0.8178711 0.4736328 0.75 0.4511719 0.777832 0.5153809 0.75 0.4511719 0.7299805 0.4975586 0.7299805 0.4975586 0.75 0.4511719 0.6762695 0.4423828 0.7299805 0.4975586 0.6762695 0.4423828 0.6762695 0.4907227 0.6762695 0.4072266 0.6762695 0.4423828 0.75 0.4511719 0.6762695 0.4072266 0.75 0.4511719 0.7729492 0.40625 0.7729492 0.40625 0.75 0.4511719 0.8544922 0.4375 0.8544922 0.4375 0.75 0.4511719 0.8178711 0.4736328 0.8544922 0.4375 0.8178711 0.4736328 0.8955078 0.4941406 0.8955078 0.4941406 0.8178711 0.4736328 0.8500977 0.5153809 0.8955078 0.4941406 0.8500977 0.5153809 0.9140625 0.5495606 0.8256836 0.7595215 0.8183594 0.7518311 0.8056641 0.7655029 0.8256836 0.7595215 0.8056641 0.7655029 0.8208008 0.7872315 0.8208008 0.7872315 0.8056641 0.7655029 0.793457 0.7904053 0.8208008 0.7872315 0.793457 0.7904053 0.8027344 0.8098145 0.8027344 0.8098145 0.793457 0.7904053 0.777832 0.8076172 0.8027344 0.8098145 0.777832 0.8076172 0.7749024 0.8217774 0.8027344 0.8098145 0.7749024 0.8217774 0.7993164 0.8261719 0.7993164 0.8261719 0.7749024 0.8217774 0.7895508 0.8422852 0.7993164 0.8261719 0.7895508 0.8422852 0.8164063 0.847168 0.8164063 0.847168 0.7895508 0.8422852 0.7958984 0.8651123 0.8164063 0.847168 0.7958984 0.8651123 0.824707 0.8724365 0.824707 0.8724365 0.7958984 0.8651123 0.7885742 0.8919067 0.824707 0.8724365 0.7885742 0.8919067 0.8198242 0.9053345 0.824707 0.8724365 0.8198242 0.9053345 0.8583984 0.8799439 0.824707 0.8724365 0.8583984 0.8799439 0.8466797 0.8505859 0.8466797 0.8505859 0.8583984 0.8799439 0.8793945 0.8540039 0.8466797 0.8505859 0.8793945 0.8540039 0.8569336 0.8275147 0.8569336 0.8275147 0.8793945 0.8540039 0.8886719 0.8286133 0.8569336 0.8275147 0.8886719 0.8286133 0.8588867 0.8065186 0.8588867 0.8065186 0.8886719 0.8286133 0.894043 0.8054199 0.8588867 0.8065186 0.894043 0.8054199 0.8823242 0.779419 0.8588867 0.8065186 0.8823242 0.779419 0.8525391 0.7827149 0.8525391 0.7827149 0.8823242 0.779419 0.8500977 0.7468262 0.8525391 0.7827149 0.8500977 0.7468262 0.8256836 0.7595215 0.8256836 0.7595215 0.8500977 0.7468262 0.8256836 0.7333984 0.8256836 0.7595215 0.8256836 0.7333984 0.8183594 0.7518311 0.8525391 0.7827149 0.8256836 0.7595215 0.8208008 0.7872315 0.8525391 0.7827149 0.8208008 0.7872315 0.8305664 0.8070068 0.8305664 0.8070068 0.8208008 0.7872315 0.8027344 0.8098145 0.8305664 0.8070068 0.8027344 0.8098145 0.7993164 0.8261719 0.8305664 0.8070068 0.7993164 0.8261719 0.8271484 0.8275147 0.8271484 0.8275147 0.7993164 0.8261719 0.8164063 0.847168 0.8271484 0.8275147 0.8164063 0.847168 0.8466797 0.8505859 0.8466797 0.8505859 0.8164063 0.847168 0.824707 0.8724365 0.8466797 0.8505859 0.8569336 0.8275147 0.8271484 0.8275147 0.8271484 0.8275147 0.8569336 0.8275147 0.8588867 0.8065186 0.8271484 0.8275147 0.8588867 0.8065186 0.8305664 0.8070068 0.8305664 0.8070068 0.8588867 0.8065186 0.8525391 0.7827149 0.7324219 0.8153076 0.7119141 0.8145752 0.7138672 0.8220215 0.7324219 0.8153076 0.7138672 0.8220215 0.7333984 0.817749 0.7333984 0.817749 0.7138672 0.8220215 0.715332 0.8270264 0.6967774 0.8304443 0.715332 0.8270264 0.7138672 0.8220215 0.6967774 0.8304443 0.7138672 0.8220215 0.6953125 0.824585 0.6953125 0.824585 0.7138672 0.8220215 0.7119141 0.8145752 0.6953125 0.824585 0.7119141 0.8145752 0.6933594 0.8140869 0.6953125 0.824585 0.6933594 0.8140869 0.6762695 0.8255615 0.6762695 0.8255615 0.6933594 0.8140869 0.6762695 0.8137207 0.6762695 0.8255615 0.6762695 0.8319092 0.6953125 0.824585 0.6953125 0.824585 0.6762695 0.8319092 0.6967774 0.8304443 0.6459961 0.2080078 0.6621094 0.2148437 0.6459961 0.2192382 0.6459961 0.2192382 0.6621094 0.2148437 0.6611328 0.2226562 0.6611328 0.2226562 0.6621094 0.2148437 0.6791992 0.227539 0.6791992 0.227539 0.6748047 0.2592774 0.6625977 0.2617188 0.6625977 0.2617188 0.6748047 0.2592774 0.6650391 0.2851563 0.6601563 0.2324218 0.6601563 0.239746 0.6455078 0.2294921 0.6455078 0.2294921 0.6601563 0.239746 0.6445313 0.2426757 0.6455078 0.2294921 0.6445313 0.2426757 0.6303711 0.239746 0.6303711 0.239746 0.6445313 0.2426757 0.6381836 0.2504883 0.6303711 0.239746 0.6381836 0.2504883 0.6303711 0.2504883 0.6303711 0.2504883 0.6381836 0.2504883 0.6303711 0.2607422 0.6303711 0.2504883 0.6303711 0.2607422 0.6142578 0.2612305 0.6142578 0.2612305 0.6303711 0.2607422 0.6142578 0.2719727 0.6142578 0.2719727 0.6303711 0.2607422 0.6313477 0.2719727 0.6142578 0.2719727 0.6313477 0.2719727 0.6323242 0.2900391 0.6323242 0.2900391 0.6313477 0.2719727 0.6464844 0.2890625 0.6464844 0.2890625 0.6313477 0.2719727 0.6450195 0.265625 0.6464844 0.2890625 0.6450195 0.265625 0.6650391 0.2851563 0.6650391 0.2851563 0.6450195 0.265625 0.6625977 0.2617188 0.6625977 0.2617188 0.6450195 0.265625 0.6601563 0.239746 0.6625977 0.2617188 0.6601563 0.239746 0.6791992 0.227539 0.6791992 0.227539 0.6601563 0.239746 0.6601563 0.2324218 0.6791992 0.227539 0.6601563 0.2324218 0.6611328 0.2226562 0.6611328 0.2226562 0.6601563 0.2324218 0.6455078 0.2294921 0.6611328 0.2226562 0.6455078 0.2294921 0.6459961 0.2192382 0.6459961 0.2192382 0.6455078 0.2294921 0.6293945 0.21875 0.6459961 0.2192382 0.6293945 0.21875 0.6459961 0.2080078 0.6459961 0.2080078 0.6293945 0.21875 0.6289063 0.203125 0.6289063 0.203125 0.6293945 0.21875 0.6142578 0.21875 0.6289063 0.203125 0.6142578 0.21875 0.6142578 0.2036132 0.6450195 0.265625 0.6313477 0.2719727 0.6303711 0.2607422 0.6450195 0.265625 0.6303711 0.2607422 0.6381836 0.2504883 0.6450195 0.265625 0.6381836 0.2504883 0.6445313 0.2426757 0.6450195 0.265625 0.6445313 0.2426757 0.6601563 0.239746 0.6142578 0.2719727 0.6323242 0.2900391 0.6142578 0.2900391 0.6303711 0.2504883 0.6142578 0.2612305 0.6142578 0.2509766 0.6303711 0.2504883 0.6142578 0.2509766 0.6303711 0.239746 0.6303711 0.239746 0.6142578 0.2509766 0.6142578 0.239746 0.6303711 0.239746 0.6142578 0.239746 0.6298828 0.2294921 0.6303711 0.239746 0.6298828 0.2294921 0.6455078 0.2294921 0.6455078 0.2294921 0.6298828 0.2294921 0.6293945 0.21875 0.6293945 0.21875 0.6298828 0.2294921 0.6142578 0.2290039 0.6293945 0.21875 0.6142578 0.2290039 0.6142578 0.21875 0.6142578 0.2290039 0.6298828 0.2294921 0.6142578 0.239746 0.5268555 0.472168 0.534668 0.472168 0.534668 0.4838867 0.5268555 0.472168 0.534668 0.4838867 0.5429688 0.472168 0.5429688 0.472168 0.534668 0.4838867 0.534668 0.472168 0.5429688 0.472168 0.534668 0.472168 0.534668 0.4575195 0.534668 0.4575195 0.534668 0.472168 0.5268555 0.472168 0.534668 0.4575195 0.5268555 0.472168 0.5249024 0.4575195 0.5454102 0.4575195 0.5429688 0.472168 0.534668 0.4575195 0.5429688 0.472168 0.5454102 0.4575195 0.5268555 0.472168 0.5268555 0.472168 0.5454102 0.4575195 0.5249024 0.4575195 0.5268555 0.472168 0.5249024 0.4575195 0.5429688 0.472168 0.5429688 0.472168 0.5249024 0.4575195 0.5454102 0.4575195 0.5454102 0.4575195 0.534668 0.4575195 0.5429688 0.472168 0.534668 0.4838867 0.534668 0.472168 0.5268555 0.472168 0.534668 0.4838867 0.5268555 0.472168 0.5429688 0.472168 0.534668 0.4838867 0.5429688 0.472168 0.534668 0.472168 0.534668 0.472168 0.5429688 0.472168 0.534668 0.4575195 0.534668 0.472168 0.534668 0.4575195 0.5268555 0.472168 0.5268555 0.472168 0.534668 0.4575195 0.5249024 0.4575195 0.5429688 0.472168 0.5454102 0.4575195 0.5268555 0.472168 0.5268555 0.472168 0.5454102 0.4575195 0.5249024 0.4575195 0.5454102 0.4575195 0.5429688 0.472168 0.534668 0.4575195 0.5268555 0.472168 0.534668 0.472168 0.534668 0.4838867 0.5268555 0.472168 0.534668 0.4838867 0.5429688 0.472168 0.5429688 0.472168 0.534668 0.4838867 0.534668 0.472168 0.5429688 0.472168 0.534668 0.472168 0.534668 0.4575195 0.534668 0.4575195 0.534668 0.472168 0.5268555 0.472168 0.534668 0.4575195 0.5268555 0.472168 0.5249024 0.4575195 0.5268555 0.472168 0.534668 0.472168 0.534668 0.4838867 0.534668 0.4838867 0.534668 0.472168 0.5429688 0.472168 0.5429688 0.472168 0.534668 0.472168 0.534668 0.4575195 0.5429688 0.472168 0.534668 0.4575195 0.5454102 0.4575195 0.534668 0.472168 0.5268555 0.472168 0.534668 0.4575195 0.534668 0.4575195 0.5268555 0.472168 0.5249024 0.4575195 0.5454102 0.4575195 0.534668 0.4575195 0.5429688 0.472168 0.5429688 0.472168 0.534668 0.4575195 0.534668 0.472168 0.5429688 0.472168 0.534668 0.472168 0.534668 0.4838867 0.534668 0.4838867 0.534668 0.472168 0.5268555 0.472168 0.5268555 0.472168 0.534668 0.472168 0.534668 0.4575195 0.5268555 0.472168 0.534668 0.4575195 0.5249024 0.4575195 0.6303711 0.2607422 0.6313477 0.2719727 0.6450195 0.265625 0.6303711 0.2607422 0.6450195 0.265625 0.6381836 0.2504883 0.6381836 0.2504883 0.6450195 0.265625 0.6445313 0.2426757 0.6445313 0.2426757 0.6450195 0.265625 0.6601563 0.239746 0.6142578 0.2509766 0.6303711 0.239746 0.6142578 0.239746 0.6142578 0.239746 0.6303711 0.239746 0.6298828 0.2294921 0.6298828 0.2294921 0.6303711 0.239746 0.6455078 0.2294921 0.6298828 0.2294921 0.6455078 0.2294921 0.6293945 0.21875 0.6293945 0.21875 0.6455078 0.2294921 0.6459961 0.2192382 0.6293945 0.21875 0.6459961 0.2192382 0.6459961 0.2080078 0.6459961 0.2080078 0.6459961 0.2192382 0.6621094 0.2148437 0.6621094 0.2148437 0.6459961 0.2192382 0.6611328 0.2226562 0.6621094 0.2148437 0.6611328 0.2226562 0.6791992 0.227539 0.6791992 0.227539 0.6611328 0.2226562 0.6601563 0.2324218 0.6791992 0.227539 0.6601563 0.2324218 0.6601563 0.239746 0.6601563 0.239746 0.6601563 0.2324218 0.6455078 0.2294921 0.6601563 0.239746 0.6455078 0.2294921 0.6445313 0.2426757 0.6445313 0.2426757 0.6455078 0.2294921 0.6303711 0.239746 0.6445313 0.2426757 0.6303711 0.239746 0.6381836 0.2504883 0.6381836 0.2504883 0.6303711 0.239746 0.6303711 0.2504883 0.6381836 0.2504883 0.6303711 0.2504883 0.6303711 0.2607422 0.6303711 0.2607422 0.6303711 0.2504883 0.6142578 0.2612305 0.6303711 0.2607422 0.6142578 0.2612305 0.6142578 0.2719727 0.6303711 0.2607422 0.6142578 0.2719727 0.6313477 0.2719727 0.6313477 0.2719727 0.6142578 0.2719727 0.6323242 0.2900391 0.6313477 0.2719727 0.6323242 0.2900391 0.6464844 0.2890625 0.6313477 0.2719727 0.6464844 0.2890625 0.6450195 0.265625 0.6450195 0.265625 0.6464844 0.2890625 0.6650391 0.2851563 0.6450195 0.265625 0.6650391 0.2851563 0.6625977 0.2617188 0.6450195 0.265625 0.6625977 0.2617188 0.6601563 0.239746 0.6601563 0.239746 0.6625977 0.2617188 0.6791992 0.227539 0.6791992 0.227539 0.6625977 0.2617188 0.6748047 0.2592774 0.6748047 0.2592774 0.6625977 0.2617188 0.6650391 0.2851563 0.6142578 0.2612305 0.6303711 0.2504883 0.6142578 0.2509766 0.6142578 0.2509766 0.6303711 0.2504883 0.6303711 0.239746 0.6459961 0.2192382 0.6455078 0.2294921 0.6611328 0.2226562 0.6611328 0.2226562 0.6455078 0.2294921 0.6601563 0.2324218 0.6293945 0.21875 0.6459961 0.2080078 0.6289063 0.203125 0.6142578 0.2900391 0.6323242 0.2900391 0.6142578 0.2719727 0.6142578 0.239746 0.6298828 0.2294921 0.6142578 0.2290039 0.6142578 0.2290039 0.6298828 0.2294921 0.6293945 0.21875 0.6142578 0.2290039 0.6293945 0.21875 0.6142578 0.21875 0.6142578 0.21875 0.6293945 0.21875 0.6289063 0.203125 0.6142578 0.21875 0.6289063 0.203125 0.6142578 0.2036132 0.9282227 0.3740234 0.8979492 0.3598633 0.8920899 0.3793945 0.9282227 0.3740234 0.8920899 0.3793945 0.894043 0.3974609 0.9282227 0.3740234 0.894043 0.3974609 0.9003906 0.4116211 0.9282227 0.3740234 0.9003906 0.4116211 0.9150391 0.4282227 0.9282227 0.3740234 0.9150391 0.4282227 0.9331055 0.4355469 0.9282227 0.3740234 0.9331055 0.4355469 0.9575195 0.390625 0.9575195 0.390625 0.9331055 0.4355469 0.9545899 0.4379883 0.9575195 0.390625 0.9545899 0.4379883 0.9697266 0.4350586 0.9575195 0.390625 0.9697266 0.4350586 0.9770509 0.4052734 0.9770509 0.4052734 0.9697266 0.4350586 0.9819336 0.4277344 0.9770509 0.4052734 0.9819336 0.4277344 0.9902344 0.4165039 0.9975586 0.2460937 0.9916992 0.2265625 0.9614259 0.2407225 0.9975586 0.2460937 0.9614259 0.2407225 0.9956055 0.2641602 0.9956055 0.2641602 0.9614259 0.2407225 0.9892578 0.2783203 0.9892578 0.2783203 0.9614259 0.2407225 0.9750977 0.2949219 0.9750977 0.2949219 0.9614259 0.2407225 0.956543 0.3022461 0.956543 0.3022461 0.9614259 0.2407225 0.9321289 0.2573242 0.956543 0.3022461 0.9321289 0.2573242 0.9350586 0.3046875 0.9350586 0.3046875 0.9321289 0.2573242 0.9199219 0.3017578 0.9199219 0.3017578 0.9321289 0.2573242 0.9125977 0.2719727 0.9199219 0.3017578 0.9125977 0.2719727 0.9077149 0.2944336 0.9077149 0.2944336 0.9125977 0.2719727 0.8994141 0.2832031 0.1540527 0.3793945 0.1500244 0.3759766 0.1520996 0.3745117 0.1520996 0.3745117 0.1500244 0.3759766 0.1483154 0.3710938 0.1483154 0.3710938 0.1500244 0.3759766 0.1469725 0.3735352 0.1469725 0.3735352 0.1500244 0.3759766 0.1483154 0.378418 0.1483154 0.378418 0.1500244 0.3759766 0.1517333 0.3808594 0.1517333 0.3808594 0.1500244 0.3759766 0.1540527 0.3793945 0.1517333 0.3808594 0.1540527 0.3793945 0.1590576 0.3955078 0.163208 0.4106445 0.1647949 0.4179688 0.1588134 0.4125977 0.163208 0.4106445 0.1588134 0.4125977 0.1590576 0.3955078 0.1590576 0.3955078 0.1588134 0.4125977 0.1557617 0.3974609 0.1590576 0.3955078 0.1557617 0.3974609 0.1517333 0.3808594 0.1517333 0.3808594 0.1557617 0.3974609 0.1497802 0.3828125 0.1517333 0.3808594 0.1497802 0.3828125 0.1483154 0.378418 0.1483154 0.378418 0.1497802 0.3828125 0.1463623 0.3774414 0.1483154 0.378418 0.1463623 0.3774414 0.1469725 0.3735352 0.1469725 0.3735352 0.1463623 0.3774414 0.144165 0.3701172 0.1469725 0.3735352 0.144165 0.3701172 0.1461181 0.3666992 0.1469725 0.3735352 0.1461181 0.3666992 0.1483154 0.3710938 0.1483154 0.3710938 0.1461181 0.3666992 0.1502684 0.3701172 0.1483154 0.3710938 0.1502684 0.3701172 0.1520996 0.3745117 0.1520996 0.3745117 0.1502684 0.3701172 0.1536865 0.3671875 0.1520996 0.3745117 0.1536865 0.3671875 0.1540527 0.3793945 0.1540527 0.3793945 0.1536865 0.3671875 0.15625 0.3779297 0.1540527 0.3793945 0.15625 0.3779297 0.1590576 0.3955078 0.1590576 0.3955078 0.15625 0.3779297 0.1625975 0.3930664 0.1590576 0.3955078 0.1625975 0.3930664 0.163208 0.4106445 0.163208 0.4106445 0.1625975 0.3930664 0.1679687 0.4082031 0.163208 0.4106445 0.1679687 0.4082031 0.1647949 0.4179688 0.1647949 0.4179688 0.1679687 0.4082031 0.170166 0.4150391 0.1647949 0.4179688 0.170166 0.4150391 0.1671141 0.425293 0.1671141 0.425293 0.170166 0.4150391 0.1727294 0.421875 0.1671141 0.425293 0.1727294 0.421875 0.1712646 0.4355469 0.1712646 0.4355469 0.1727294 0.421875 0.1773681 0.4311524 0.1712646 0.4355469 0.1773681 0.4311524 0.1853027 0.4487305 0.1853027 0.4487305 0.1773681 0.4311524 0.1940917 0.4379883 0.1853027 0.4487305 0.1940917 0.4379883 0.2027587 0.456543 0.1853027 0.4487305 0.2027587 0.456543 0.1942138 0.4702149 0.1853027 0.4487305 0.1942138 0.4702149 0.1782225 0.4541016 0.1782225 0.4541016 0.1942138 0.4702149 0.186035 0.4765625 0.1782225 0.4541016 0.186035 0.4765625 0.1768798 0.480957 0.1782225 0.4541016 0.1768798 0.480957 0.17041 0.4580078 0.17041 0.4580078 0.1768798 0.480957 0.1671141 0.480957 0.17041 0.4580078 0.1671141 0.480957 0.1625975 0.4599609 0.1625975 0.4599609 0.1671141 0.480957 0.1533203 0.4799805 0.1625975 0.4599609 0.1533203 0.4799805 0.1519775 0.4609375 0.1519775 0.4609375 0.1533203 0.4799805 0.1420898 0.4790039 0.1519775 0.4609375 0.1420898 0.4790039 0.1425781 0.4609375 0.1425781 0.4609375 0.1420898 0.4790039 0.1326904 0.4775391 0.1425781 0.4609375 0.1326904 0.4775391 0.1340332 0.4604492 0.1340332 0.4604492 0.1326904 0.4775391 0.1221923 0.4741211 0.1340332 0.4604492 0.1221923 0.4741211 0.1253662 0.4580078 0.1253662 0.4580078 0.1221923 0.4741211 0.1191406 0.4550781 0.1253662 0.4580078 0.1191406 0.4550781 0.123291 0.4394531 0.123291 0.4394531 0.1191406 0.4550781 0.1158447 0.4345703 0.123291 0.4394531 0.1158447 0.4345703 0.1191406 0.4257813 0.1191406 0.4257813 0.1158447 0.4345703 0.1122436 0.4194336 0.1191406 0.4257813 0.1122436 0.4194336 0.114746 0.4135742 0.114746 0.4135742 0.1122436 0.4194336 0.1100463 0.4072266 0.114746 0.4135742 0.1100463 0.4072266 0.1127929 0.4013672 0.114746 0.4135742 0.1127929 0.4013672 0.1168823 0.4067383 0.1168823 0.4067383 0.1127929 0.4013672 0.1222534 0.390625 0.1168823 0.4067383 0.1222534 0.390625 0.1263427 0.3959961 0.1263427 0.3959961 0.1222534 0.390625 0.13208 0.3798828 0.1263427 0.3959961 0.13208 0.3798828 0.1350097 0.3828125 0.1350097 0.3828125 0.13208 0.3798828 0.137207 0.3774414 0.1350097 0.3828125 0.137207 0.3774414 0.1387939 0.3793945 0.1387939 0.3793945 0.137207 0.3774414 0.140747 0.3745117 0.1387939 0.3793945 0.140747 0.3745117 0.1411132 0.378418 0.1411132 0.378418 0.140747 0.3745117 0.1437988 0.3764649 0.1411132 0.378418 0.1437988 0.3764649 0.1434326 0.3852539 0.1434326 0.3852539 0.1437988 0.3764649 0.1467285 0.3847656 0.1434326 0.3852539 0.1467285 0.3847656 0.1478271 0.4008789 0.1478271 0.4008789 0.1467285 0.3847656 0.1525878 0.3989258 0.1478271 0.4008789 0.1525878 0.3989258 0.154785 0.4145508 0.154785 0.4145508 0.1525878 0.3989258 0.1588134 0.4125977 0.154785 0.4145508 0.1588134 0.4125977 0.1553955 0.4223633 0.1553955 0.4223633 0.1588134 0.4125977 0.1599121 0.4204102 0.1553955 0.4223633 0.1599121 0.4204102 0.1567382 0.4301758 0.1567382 0.4301758 0.1599121 0.4204102 0.1617431 0.4282227 0.1567382 0.4301758 0.1617431 0.4282227 0.1589355 0.440918 0.1589355 0.440918 0.1617431 0.4282227 0.1649169 0.4389649 0.1589355 0.440918 0.1649169 0.4389649 0.1625975 0.4599609 0.1625975 0.4599609 0.1649169 0.4389649 0.17041 0.4580078 0.17041 0.4580078 0.1649169 0.4389649 0.1712646 0.4355469 0.17041 0.4580078 0.1712646 0.4355469 0.1782225 0.4541016 0.1782225 0.4541016 0.1712646 0.4355469 0.1853027 0.4487305 0.1588134 0.4125977 0.1647949 0.4179688 0.1599121 0.4204102 0.1599121 0.4204102 0.1647949 0.4179688 0.1617431 0.4282227 0.1617431 0.4282227 0.1647949 0.4179688 0.1671141 0.425293 0.1617431 0.4282227 0.1671141 0.425293 0.1649169 0.4389649 0.1649169 0.4389649 0.1671141 0.425293 0.1712646 0.4355469 0.1127929 0.4013672 0.1194458 0.3862305 0.1222534 0.390625 0.1222534 0.390625 0.1194458 0.3862305 0.1298828 0.375 0.1222534 0.390625 0.1298828 0.375 0.13208 0.3798828 0.13208 0.3798828 0.1298828 0.375 0.1352539 0.3754883 0.13208 0.3798828 0.1352539 0.3754883 0.137207 0.3774414 0.137207 0.3774414 0.1352539 0.3754883 0.1394042 0.371582 0.137207 0.3774414 0.1394042 0.371582 0.140747 0.3745117 0.140747 0.3745117 0.1394042 0.371582 0.144165 0.3701172 0.140747 0.3745117 0.144165 0.3701172 0.1437988 0.3764649 0.1437988 0.3764649 0.144165 0.3701172 0.1463623 0.3774414 0.1437988 0.3764649 0.1463623 0.3774414 0.1467285 0.3847656 0.1467285 0.3847656 0.1463623 0.3774414 0.1497802 0.3828125 0.1467285 0.3847656 0.1497802 0.3828125 0.1525878 0.3989258 0.1525878 0.3989258 0.1497802 0.3828125 0.1557617 0.3974609 0.1525878 0.3989258 0.1557617 0.3974609 0.1588134 0.4125977 0.1071777 0.4125977 0.1100463 0.4072266 0.1122436 0.4194336 0.1502684 0.3701172 0.1461181 0.3666992 0.1488037 0.3647461 0.1502684 0.3701172 0.1488037 0.3647461 0.1536865 0.3671875 0.1168823 0.4067383 0.1263427 0.3959961 0.1224974 0.4125977 0.1168823 0.4067383 0.1224974 0.4125977 0.1211547 0.4199219 0.1168823 0.4067383 0.1211547 0.4199219 0.114746 0.4135742 0.114746 0.4135742 0.1211547 0.4199219 0.1191406 0.4257813 0.1263427 0.3959961 0.1350097 0.3828125 0.1306152 0.3994141 0.1263427 0.3959961 0.1306152 0.3994141 0.1224974 0.4125977 0.1224974 0.4125977 0.1306152 0.3994141 0.1278076 0.4160156 0.1224974 0.4125977 0.1278076 0.4160156 0.1211547 0.4199219 0.1211547 0.4199219 0.1278076 0.4160156 0.1269531 0.4233399 0.1211547 0.4199219 0.1269531 0.4233399 0.1254882 0.4301758 0.1211547 0.4199219 0.1254882 0.4301758 0.1191406 0.4257813 0.1191406 0.4257813 0.1254882 0.4301758 0.123291 0.4394531 0.1567382 0.4301758 0.1497802 0.4316406 0.1553955 0.4223633 0.1553955 0.4223633 0.1497802 0.4316406 0.1491699 0.4238281 0.1553955 0.4223633 0.1491699 0.4238281 0.154785 0.4145508 0.154785 0.4145508 0.1491699 0.4238281 0.1488037 0.4160156 0.154785 0.4145508 0.1488037 0.4160156 0.1478271 0.4008789 0.1478271 0.4008789 0.1488037 0.4160156 0.1429443 0.4018555 0.1478271 0.4008789 0.1429443 0.4018555 0.1434326 0.3852539 0.1434326 0.3852539 0.1429443 0.4018555 0.1400146 0.3857422 0.1434326 0.3852539 0.1400146 0.3857422 0.1411132 0.378418 0.1411132 0.378418 0.1400146 0.3857422 0.1370849 0.3847656 0.1411132 0.378418 0.1370849 0.3847656 0.1387939 0.3793945 0.1387939 0.3793945 0.1370849 0.3847656 0.1350097 0.3828125 0.1350097 0.3828125 0.1370849 0.3847656 0.1335449 0.4013672 0.1350097 0.3828125 0.1335449 0.4013672 0.1306152 0.3994141 0.1306152 0.3994141 0.1335449 0.4013672 0.1313475 0.4169922 0.1306152 0.3994141 0.1313475 0.4169922 0.1278076 0.4160156 0.1278076 0.4160156 0.1313475 0.4169922 0.1306152 0.4243164 0.1278076 0.4160156 0.1306152 0.4243164 0.1269531 0.4233399 0.1269531 0.4233399 0.1306152 0.4243164 0.1296386 0.4316406 0.1269531 0.4233399 0.1296386 0.4316406 0.1254882 0.4301758 0.1254882 0.4301758 0.1296386 0.4316406 0.1280516 0.4414063 0.1254882 0.4301758 0.1280516 0.4414063 0.123291 0.4394531 0.123291 0.4394531 0.1280516 0.4414063 0.1253662 0.4580078 0.1253662 0.4580078 0.1280516 0.4414063 0.1351318 0.4433594 0.1253662 0.4580078 0.1351318 0.4433594 0.1340332 0.4604492 0.1340332 0.4604492 0.1351318 0.4433594 0.1427001 0.4438477 0.1340332 0.4604492 0.1427001 0.4438477 0.1425781 0.4609375 0.1425781 0.4609375 0.1427001 0.4438477 0.1506347 0.4428711 0.1425781 0.4609375 0.1506347 0.4428711 0.1519775 0.4609375 0.1519775 0.4609375 0.1506347 0.4428711 0.1589355 0.440918 0.1519775 0.4609375 0.1589355 0.440918 0.1625975 0.4599609 0.1491699 0.4238281 0.1425781 0.4248047 0.1488037 0.4160156 0.1488037 0.4160156 0.1425781 0.4248047 0.1425781 0.4174805 0.1488037 0.4160156 0.1425781 0.4174805 0.1429443 0.4018555 0.1429443 0.4018555 0.1425781 0.4174805 0.1380615 0.4018555 0.1429443 0.4018555 0.1380615 0.4018555 0.1400146 0.3857422 0.1400146 0.3857422 0.1380615 0.4018555 0.1370849 0.3847656 0.1370849 0.3847656 0.1380615 0.4018555 0.1335449 0.4013672 0.1335449 0.4013672 0.1380615 0.4018555 0.1367187 0.4179688 0.1335449 0.4013672 0.1367187 0.4179688 0.1313475 0.4169922 0.1313475 0.4169922 0.1367187 0.4179688 0.1362304 0.425293 0.1313475 0.4169922 0.1362304 0.425293 0.1306152 0.4243164 0.1306152 0.4243164 0.1362304 0.425293 0.1296386 0.4316406 0.1296386 0.4316406 0.1362304 0.425293 0.1357421 0.4326172 0.1296386 0.4316406 0.1357421 0.4326172 0.1280516 0.4414063 0.1280516 0.4414063 0.1357421 0.4326172 0.1351318 0.4433594 0.1351318 0.4433594 0.1357421 0.4326172 0.1425781 0.4331055 0.1351318 0.4433594 0.1425781 0.4331055 0.1427001 0.4438477 0.1427001 0.4438477 0.1425781 0.4331055 0.1497802 0.4316406 0.1427001 0.4438477 0.1497802 0.4316406 0.1506347 0.4428711 0.1506347 0.4428711 0.1497802 0.4316406 0.1567382 0.4301758 0.1506347 0.4428711 0.1567382 0.4301758 0.1589355 0.440918 0.1380615 0.4018555 0.1425781 0.4174805 0.1367187 0.4179688 0.1367187 0.4179688 0.1425781 0.4174805 0.1425781 0.4248047 0.1367187 0.4179688 0.1425781 0.4248047 0.1362304 0.425293 0.1362304 0.425293 0.1425781 0.4248047 0.1357421 0.4326172 0.1357421 0.4326172 0.1425781 0.4248047 0.1425781 0.4331055 0.1425781 0.4331055 0.1425781 0.4248047 0.1491699 0.4238281 0.1425781 0.4331055 0.1491699 0.4238281 0.1497802 0.4316406 0.1536865 0.3671875 0.1594238 0.3740234 0.15625 0.3779297 0.15625 0.3779297 0.1594238 0.3740234 0.1625975 0.3930664 0.1625975 0.3930664 0.1594238 0.3740234 0.1680908 0.3891602 0.1625975 0.3930664 0.1680908 0.3891602 0.1679687 0.4082031 0.1679687 0.4082031 0.1680908 0.3891602 0.1756591 0.4033203 0.1679687 0.4082031 0.1756591 0.4033203 0.170166 0.4150391 0.170166 0.4150391 0.1756591 0.4033203 0.1787109 0.4091797 0.170166 0.4150391 0.1787109 0.4091797 0.1815184 0.4145508 0.170166 0.4150391 0.1815184 0.4145508 0.1727294 0.421875 0.1727294 0.421875 0.1815184 0.4145508 0.186035 0.4228516 0.1727294 0.421875 0.186035 0.4228516 0.1773681 0.4311524 0.1773681 0.4311524 0.186035 0.4228516 0.1940917 0.4379883 0.1194458 0.3862305 0.1286621 0.3710938 0.1298828 0.375 0.1298828 0.375 0.1286621 0.3710938 0.1348876 0.3710938 0.1298828 0.375 0.1348876 0.3710938 0.1352539 0.3754883 0.1352539 0.3754883 0.1348876 0.3710938 0.1375732 0.3706055 0.1352539 0.3754883 0.1375732 0.3706055 0.1394042 0.371582 0.1394042 0.371582 0.1375732 0.3706055 0.1425781 0.3662109 0.1394042 0.371582 0.1425781 0.3662109 0.144165 0.3701172 0.1425781 0.3662109 0.1375732 0.3706055 0.1398925 0.3642578 0.1398925 0.3642578 0.1375732 0.3706055 0.1348876 0.3710938 0.1398925 0.3642578 0.1348876 0.3710938 0.1352539 0.3652344 0.1352539 0.3652344 0.1348876 0.3710938 0.1286621 0.3710938 0.1221923 0.4741211 0.1141967 0.4702149 0.1191406 0.4550781 0.1191406 0.4550781 0.1141967 0.4702149 0.1097412 0.4487305 0.1191406 0.4550781 0.1097412 0.4487305 0.1158447 0.4345703 0.1158447 0.4345703 0.1097412 0.4487305 0.1079711 0.4272461 0.1158447 0.4345703 0.1079711 0.4272461 0.1122436 0.4194336 0.1122436 0.4194336 0.1079711 0.4272461 0.1071777 0.4125977 0.1071777 0.4125977 0.1079711 0.4272461 0.1023559 0.4204102 0.1023559 0.4204102 0.1079711 0.4272461 0.1002807 0.4404297 0.1023559 0.4204102 0.1002807 0.4404297 0.09356689 0.434082 0.09356689 0.434082 0.1002807 0.4404297 0.09106445 0.4555664 0.09356689 0.434082 0.09106445 0.4555664 0.08306884 0.449707 0.1002807 0.4404297 0.1079711 0.4272461 0.1097412 0.4487305 0.1002807 0.4404297 0.1097412 0.4487305 0.102478 0.4633789 0.102478 0.4633789 0.1097412 0.4487305 0.1141967 0.4702149 0.1002807 0.4404297 0.102478 0.4633789 0.09106445 0.4555664 0.7753906 0.7277832 0.7783203 0.7004395 0.7954102 0.7163086 0.7954102 0.7163086 0.7783203 0.7004395 0.8027344 0.6887207 0.8027344 0.6887207 0.7783203 0.7004395 0.7734375 0.6799317 0.7436524 0.8665772 0.7280274 0.850708 0.7509766 0.8443604 0.7436524 0.8665772 0.7509766 0.8443604 0.7709961 0.8560791 0.7709961 0.8560791 0.7509766 0.8443604 0.7675781 0.835083 0.7709961 0.8560791 0.7675781 0.835083 0.7895508 0.8422852 0.7895508 0.8422852 0.7675781 0.835083 0.7749024 0.8217774 0.7895508 0.8422852 0.7749024 0.8217774 0.7993164 0.8261719 0.7993164 0.8261719 0.7749024 0.8217774 0.8027344 0.8098145 0.7993164 0.8261719 0.8027344 0.8098145 0.8305664 0.8070068 0.8305664 0.8070068 0.8027344 0.8098145 0.8208008 0.7872315 0.8305664 0.8070068 0.8208008 0.7872315 0.8525391 0.7827149 0.8525391 0.7827149 0.8208008 0.7872315 0.8256836 0.7595215 0.8525391 0.7827149 0.8256836 0.7595215 0.8500977 0.7468262 0.8500977 0.7468262 0.8256836 0.7595215 0.8256836 0.7333984 0.8500977 0.7468262 0.8256836 0.7333984 0.8271484 0.7124024 0.8271484 0.7124024 0.8256836 0.7333984 0.8017578 0.7280274 0.8271484 0.7124024 0.8017578 0.7280274 0.7954102 0.7163086 0.8271484 0.7124024 0.7954102 0.7163086 0.8242188 0.6806641 0.8242188 0.6806641 0.7954102 0.7163086 0.8027344 0.6887207 0.8242188 0.6806641 0.8027344 0.6887207 0.8012695 0.6657715 0.8012695 0.6657715 0.8027344 0.6887207 0.7734375 0.6799317 0.8012695 0.6657715 0.7734375 0.6799317 0.7851563 0.6254883 0.7851563 0.6254883 0.7734375 0.6799317 0.753418 0.6391602 0.7851563 0.6254883 0.753418 0.6391602 0.7651367 0.6113281 0.7651367 0.6113281 0.753418 0.6391602 0.7299805 0.6330567 0.7651367 0.6113281 0.7299805 0.6330567 0.7392578 0.5981445 0.7392578 0.5981445 0.7299805 0.6330567 0.7036133 0.630127 0.7392578 0.5981445 0.7036133 0.630127 0.7089844 0.5891113 0.7089844 0.5891113 0.7036133 0.630127 0.6762695 0.6279297 0.7089844 0.5891113 0.6762695 0.6279297 0.6762695 0.5859375 0.7089844 0.5891113 0.6762695 0.5859375 0.7172852 0.5444336 0.7172852 0.5444336 0.6762695 0.5859375 0.6762695 0.5395508 0.7172852 0.5444336 0.6762695 0.5395508 0.6762695 0.4907227 0.7172852 0.5444336 0.6762695 0.4907227 0.7299805 0.4975586 0.7299805 0.4975586 0.6762695 0.4907227 0.6762695 0.4423828 0.7299805 0.4975586 0.6762695 0.4423828 0.75 0.4511719 0.75 0.4511719 0.6762695 0.4423828 0.6762695 0.4072266 0.75 0.4511719 0.6762695 0.4072266 0.7729492 0.40625 0.75 0.4511719 0.7729492 0.40625 0.8544922 0.4375 0.75 0.4511719 0.8544922 0.4375 0.8178711 0.4736328 0.8178711 0.4736328 0.8544922 0.4375 0.8955078 0.4941406 0.8178711 0.4736328 0.8955078 0.4941406 0.8500977 0.5153809 0.8500977 0.5153809 0.8955078 0.4941406 0.9140625 0.5495606 0.8500977 0.5153809 0.9140625 0.5495606 0.8740234 0.5537109 0.8740234 0.5537109 0.9140625 0.5495606 0.9375 0.6101074 0.8740234 0.5537109 0.9375 0.6101074 0.8989258 0.6206055 0.8989258 0.6206055 0.9375 0.6101074 0.918457 0.6757813 0.8989258 0.6206055 0.918457 0.6757813 0.8803711 0.6853027 0.8803711 0.6853027 0.918457 0.6757813 0.9306641 0.7341309 0.8803711 0.6853027 0.9306641 0.7341309 0.8837891 0.7390137 0.8837891 0.7390137 0.9306641 0.7341309 0.9311524 0.7720947 0.8837891 0.7390137 0.9311524 0.7720947 0.8823242 0.779419 0.8823242 0.779419 0.9311524 0.7720947 0.9311524 0.8027344 0.8823242 0.779419 0.9311524 0.8027344 0.894043 0.8054199 0.894043 0.8054199 0.9311524 0.8027344 0.9267578 0.8305664 0.894043 0.8054199 0.9267578 0.8305664 0.8886719 0.8286133 0.8886719 0.8286133 0.9267578 0.8305664 0.9174805 0.8583984 0.8886719 0.8286133 0.9174805 0.8583984 0.8793945 0.8540039 0.8793945 0.8540039 0.9174805 0.8583984 0.8994141 0.8887329 0.8793945 0.8540039 0.8994141 0.8887329 0.8583984 0.8799439 0.8583984 0.8799439 0.8994141 0.8887329 0.8632813 0.9209595 0.8583984 0.8799439 0.8632813 0.9209595 0.8198242 0.9053345 0.8198242 0.9053345 0.8632813 0.9209595 0.793457 0.9493103 0.8198242 0.9053345 0.793457 0.9493103 0.7587891 0.9256592 0.7587891 0.9256592 0.793457 0.9493103 0.7275391 0.9379273 0.7587891 0.9256592 0.7275391 0.9379273 0.6762695 0.9336548 0.7587891 0.9256592 0.6762695 0.9336548 0.737793 0.9064331 0.737793 0.9064331 0.6762695 0.9336548 0.6762695 0.9118042 0.737793 0.9064331 0.6762695 0.9118042 0.7231445 0.8900147 0.7231445 0.8900147 0.6762695 0.9118042 0.6762695 0.8937378 0.7231445 0.8900147 0.6762695 0.8937378 0.7114258 0.8734131 0.7114258 0.8734131 0.6762695 0.8937378 0.6762695 0.8759155 0.7114258 0.8734131 0.6762695 0.8759155 0.7026367 0.8546143 0.7026367 0.8546143 0.6762695 0.8759155 0.6762695 0.8560791 0.7026367 0.8546143 0.6762695 0.8560791 0.699707 0.8411865 0.699707 0.8411865 0.6762695 0.8560791 0.6762695 0.8425293 0.699707 0.8411865 0.6762695 0.8425293 0.6982422 0.8358154 0.6982422 0.8358154 0.6762695 0.8425293 0.6762695 0.8371582 0.6982422 0.8358154 0.6762695 0.8371582 0.6762695 0.8319092 0.6982422 0.8358154 0.6762695 0.8319092 0.6967774 0.8304443 0.6982422 0.8358154 0.6967774 0.8304443 0.7167969 0.8323975 0.7167969 0.8323975 0.6967774 0.8304443 0.715332 0.8270264 0.7167969 0.8323975 0.715332 0.8270264 0.7241211 0.8223877 0.7167969 0.8323975 0.7241211 0.8223877 0.7358399 0.8231201 0.7358399 0.8231201 0.7241211 0.8223877 0.7333984 0.817749 0.7358399 0.8231201 0.7333984 0.817749 0.7363281 0.8145752 0.7363281 0.8145752 0.7333984 0.817749 0.7324219 0.8153076 0.7363281 0.8145752 0.7324219 0.8153076 0.7280274 0.8026123 0.7280274 0.8026123 0.7324219 0.8153076 0.7119141 0.8145752 0.7280274 0.8026123 0.7119141 0.8145752 0.7094727 0.8009033 0.7094727 0.8009033 0.7119141 0.8145752 0.6933594 0.8140869 0.7094727 0.8009033 0.6933594 0.8140869 0.6918945 0.8009033 0.6918945 0.8009033 0.6933594 0.8140869 0.6762695 0.8137207 0.6918945 0.8009033 0.6762695 0.8137207 0.6762695 0.8015137 0.6918945 0.8009033 0.6762695 0.8015137 0.6933594 0.7928467 0.6933594 0.7928467 0.6762695 0.8015137 0.6762695 0.793335 0.6933594 0.7928467 0.6762695 0.793335 0.6762695 0.7854004 0.6933594 0.7928467 0.6762695 0.7854004 0.6938477 0.7872315 0.6938477 0.7872315 0.6762695 0.7854004 0.6762695 0.7714844 0.6938477 0.7872315 0.6762695 0.7714844 0.6972656 0.7724609 0.6972656 0.7724609 0.6762695 0.7714844 0.6762695 0.7568359 0.6972656 0.7724609 0.6762695 0.7568359 0.6992188 0.7539063 0.6992188 0.7539063 0.6762695 0.7568359 0.6762695 0.7351074 0.6992188 0.7539063 0.6762695 0.7351074 0.7001953 0.7341309 0.7001953 0.7341309 0.6762695 0.7351074 0.6762695 0.703125 0.7001953 0.7341309 0.6762695 0.703125 0.7006836 0.7041016 0.7006836 0.7041016 0.6762695 0.703125 0.6762695 0.6660156 0.7006836 0.7041016 0.6762695 0.6660156 0.7011719 0.6672363 0.7011719 0.6672363 0.6762695 0.6660156 0.6762695 0.6279297 0.7011719 0.6672363 0.6762695 0.6279297 0.7036133 0.630127 0.7011719 0.6672363 0.7036133 0.630127 0.7299805 0.6330567 0.7011719 0.6672363 0.7299805 0.6330567 0.7270508 0.6687012 0.7270508 0.6687012 0.7299805 0.6330567 0.753418 0.6391602 0.7270508 0.6687012 0.753418 0.6391602 0.7504883 0.6706543 0.7504883 0.6706543 0.753418 0.6391602 0.7734375 0.6799317 0.7504883 0.6706543 0.7734375 0.6799317 0.7504883 0.704834 0.7504883 0.704834 0.7734375 0.6799317 0.7783203 0.7004395 0.7504883 0.704834 0.7783203 0.7004395 0.7514649 0.71875 0.7514649 0.71875 0.7783203 0.7004395 0.7753906 0.7277832 0.7514649 0.71875 0.7753906 0.7277832 0.7636719 0.7365723 0.7514649 0.71875 0.7636719 0.7365723 0.7329102 0.7324219 0.7329102 0.7324219 0.7636719 0.7365723 0.7563477 0.7434082 0.7329102 0.7324219 0.7563477 0.7434082 0.7529297 0.7478027 0.7329102 0.7324219 0.7529297 0.7478027 0.7133789 0.746582 0.7133789 0.746582 0.7529297 0.7478027 0.7270508 0.7663574 0.7133789 0.746582 0.7270508 0.7663574 0.71875 0.7705078 0.71875 0.7705078 0.7270508 0.7663574 0.7426758 0.7764893 0.71875 0.7705078 0.7426758 0.7764893 0.7373047 0.7860108 0.7373047 0.7860108 0.7426758 0.7764893 0.7666016 0.7788086 0.7373047 0.7860108 0.7666016 0.7788086 0.7666016 0.7904053 0.7666016 0.7904053 0.7666016 0.7788086 0.784668 0.7767334 0.7666016 0.7904053 0.784668 0.7767334 0.793457 0.7904053 0.793457 0.7904053 0.784668 0.7767334 0.8056641 0.7655029 0.793457 0.7904053 0.8056641 0.7655029 0.8208008 0.7872315 0.8208008 0.7872315 0.8056641 0.7655029 0.8256836 0.7595215 0.8256836 0.7595215 0.8056641 0.7655029 0.8183594 0.7518311 0.8256836 0.7595215 0.8183594 0.7518311 0.8256836 0.7333984 0.8256836 0.7333984 0.8183594 0.7518311 0.8027344 0.7404785 0.8256836 0.7333984 0.8027344 0.7404785 0.8017578 0.7280274 0.7504883 0.6706543 0.7504883 0.704834 0.7270508 0.6687012 0.7270508 0.6687012 0.7504883 0.704834 0.7260742 0.7036133 0.7270508 0.6687012 0.7260742 0.7036133 0.7011719 0.6672363 0.7011719 0.6672363 0.7260742 0.7036133 0.7006836 0.7041016 0.7006836 0.7041016 0.7260742 0.7036133 0.7207031 0.7314453 0.7006836 0.7041016 0.7207031 0.7314453 0.7001953 0.7341309 0.7001953 0.7341309 0.7207031 0.7314453 0.7133789 0.746582 0.7001953 0.7341309 0.7133789 0.746582 0.6992188 0.7539063 0.6992188 0.7539063 0.7133789 0.746582 0.71875 0.7705078 0.6992188 0.7539063 0.71875 0.7705078 0.7163086 0.779419 0.6992188 0.7539063 0.7163086 0.779419 0.6972656 0.7724609 0.6972656 0.7724609 0.7163086 0.779419 0.7133789 0.7901611 0.6972656 0.7724609 0.7133789 0.7901611 0.6938477 0.7872315 0.6938477 0.7872315 0.7133789 0.7901611 0.7109375 0.7943115 0.6938477 0.7872315 0.7109375 0.7943115 0.6933594 0.7928467 0.6933594 0.7928467 0.7109375 0.7943115 0.7094727 0.8009033 0.6933594 0.7928467 0.7094727 0.8009033 0.6918945 0.8009033 0.7260742 0.7036133 0.7504883 0.704834 0.7207031 0.7314453 0.7207031 0.7314453 0.7504883 0.704834 0.7514649 0.71875 0.7207031 0.7314453 0.7514649 0.71875 0.7329102 0.7324219 0.7207031 0.7314453 0.7329102 0.7324219 0.7133789 0.746582 0.71875 0.7705078 0.7373047 0.7860108 0.7163086 0.779419 0.7163086 0.779419 0.7373047 0.7860108 0.7319336 0.7943115 0.7163086 0.779419 0.7319336 0.7943115 0.7133789 0.7901611 0.7133789 0.7901611 0.7319336 0.7943115 0.7109375 0.7943115 0.7109375 0.7943115 0.7319336 0.7943115 0.7280274 0.8026123 0.7109375 0.7943115 0.7280274 0.8026123 0.7094727 0.8009033 0.8027344 0.8098145 0.7749024 0.8217774 0.777832 0.8076172 0.8208008 0.7872315 0.8027344 0.8098145 0.793457 0.7904053 0.793457 0.7904053 0.8027344 0.8098145 0.777832 0.8076172 0.793457 0.7904053 0.777832 0.8076172 0.7666016 0.7904053 0.7666016 0.7904053 0.777832 0.8076172 0.7514649 0.8026123 0.7514649 0.8026123 0.777832 0.8076172 0.7509766 0.8167725 0.7509766 0.8167725 0.777832 0.8076172 0.7749024 0.8217774 0.7509766 0.8167725 0.7749024 0.8217774 0.7675781 0.835083 0.7509766 0.8167725 0.7675781 0.835083 0.7382813 0.8283692 0.7382813 0.8283692 0.7675781 0.835083 0.7509766 0.8443604 0.7382813 0.8283692 0.7509766 0.8443604 0.7177734 0.8377686 0.7177734 0.8377686 0.7509766 0.8443604 0.7280274 0.850708 0.7373047 0.7860108 0.7666016 0.7904053 0.7319336 0.7943115 0.7319336 0.7943115 0.7666016 0.7904053 0.7514649 0.8026123 0.7319336 0.7943115 0.7514649 0.8026123 0.7280274 0.8026123 0.7280274 0.8026123 0.7514649 0.8026123 0.7363281 0.8145752 0.7363281 0.8145752 0.7514649 0.8026123 0.7509766 0.8167725 0.7363281 0.8145752 0.7509766 0.8167725 0.7358399 0.8231201 0.7358399 0.8231201 0.7509766 0.8167725 0.7382813 0.8283692 0.7358399 0.8231201 0.7382813 0.8283692 0.7167969 0.8323975 0.7167969 0.8323975 0.7382813 0.8283692 0.7177734 0.8377686 0.7167969 0.8323975 0.7177734 0.8377686 0.6982422 0.8358154 0.6982422 0.8358154 0.7177734 0.8377686 0.699707 0.8411865 0.699707 0.8411865 0.7177734 0.8377686 0.7026367 0.8546143 0.7026367 0.8546143 0.7177734 0.8377686 0.7280274 0.850708 0.7026367 0.8546143 0.7280274 0.850708 0.7114258 0.8734131 0.7114258 0.8734131 0.7280274 0.850708 0.7436524 0.8665772 0.7114258 0.8734131 0.7436524 0.8665772 0.7231445 0.8900147 0.7231445 0.8900147 0.7436524 0.8665772 0.7641602 0.8798218 0.7231445 0.8900147 0.7641602 0.8798218 0.737793 0.9064331 0.737793 0.9064331 0.7641602 0.8798218 0.7885742 0.8919067 0.737793 0.9064331 0.7885742 0.8919067 0.7587891 0.9256592 0.7587891 0.9256592 0.7885742 0.8919067 0.8198242 0.9053345 0.8198242 0.9053345 0.7885742 0.8919067 0.824707 0.8724365 0.8198242 0.9053345 0.824707 0.8724365 0.8583984 0.8799439 0.8583984 0.8799439 0.824707 0.8724365 0.8466797 0.8505859 0.8583984 0.8799439 0.8466797 0.8505859 0.8793945 0.8540039 0.8793945 0.8540039 0.8466797 0.8505859 0.8569336 0.8275147 0.8793945 0.8540039 0.8569336 0.8275147 0.8886719 0.8286133 0.8886719 0.8286133 0.8569336 0.8275147 0.8588867 0.8065186 0.8886719 0.8286133 0.8588867 0.8065186 0.894043 0.8054199 0.894043 0.8054199 0.8588867 0.8065186 0.8823242 0.779419 0.8823242 0.779419 0.8588867 0.8065186 0.8525391 0.7827149 0.8823242 0.779419 0.8525391 0.7827149 0.8500977 0.7468262 0.8823242 0.779419 0.8500977 0.7468262 0.8837891 0.7390137 0.8837891 0.7390137 0.8500977 0.7468262 0.8520508 0.6938477 0.8837891 0.7390137 0.8520508 0.6938477 0.8803711 0.6853027 0.8803711 0.6853027 0.8520508 0.6938477 0.8378906 0.6477051 0.8803711 0.6853027 0.8378906 0.6477051 0.8623047 0.6333008 0.8623047 0.6333008 0.8378906 0.6477051 0.8115234 0.6025391 0.8623047 0.6333008 0.8115234 0.6025391 0.8398438 0.5756836 0.8398438 0.5756836 0.8115234 0.6025391 0.7851563 0.578125 0.8398438 0.5756836 0.7851563 0.578125 0.8134766 0.5437012 0.8134766 0.5437012 0.7851563 0.578125 0.777832 0.5153809 0.8134766 0.5437012 0.777832 0.5153809 0.8178711 0.4736328 0.8178711 0.4736328 0.777832 0.5153809 0.75 0.4511719 0.75 0.4511719 0.777832 0.5153809 0.7299805 0.4975586 0.7299805 0.4975586 0.777832 0.5153809 0.7543945 0.5578613 0.7299805 0.4975586 0.7543945 0.5578613 0.7172852 0.5444336 0.7172852 0.5444336 0.7543945 0.5578613 0.7089844 0.5891113 0.7089844 0.5891113 0.7543945 0.5578613 0.7392578 0.5981445 0.7392578 0.5981445 0.7543945 0.5578613 0.7651367 0.6113281 0.7651367 0.6113281 0.7543945 0.5578613 0.7851563 0.578125 0.7651367 0.6113281 0.7851563 0.578125 0.8115234 0.6025391 0.7651367 0.6113281 0.8115234 0.6025391 0.7851563 0.6254883 0.7851563 0.6254883 0.8115234 0.6025391 0.8378906 0.6477051 0.7851563 0.6254883 0.8378906 0.6477051 0.8012695 0.6657715 0.8012695 0.6657715 0.8378906 0.6477051 0.8242188 0.6806641 0.8242188 0.6806641 0.8378906 0.6477051 0.8520508 0.6938477 0.8242188 0.6806641 0.8520508 0.6938477 0.8271484 0.7124024 0.8271484 0.7124024 0.8520508 0.6938477 0.8500977 0.7468262 0.777832 0.5153809 0.7851563 0.578125 0.7543945 0.5578613 0.8989258 0.6206055 0.8803711 0.6853027 0.8623047 0.6333008 0.8989258 0.6206055 0.8623047 0.6333008 0.8398438 0.5756836 0.8989258 0.6206055 0.8398438 0.5756836 0.8740234 0.5537109 0.8740234 0.5537109 0.8398438 0.5756836 0.8134766 0.5437012 0.8740234 0.5537109 0.8134766 0.5437012 0.8500977 0.5153809 0.8500977 0.5153809 0.8134766 0.5437012 0.8178711 0.4736328 0.8525391 0.7827149 0.8588867 0.8065186 0.8305664 0.8070068 0.8305664 0.8070068 0.8588867 0.8065186 0.8271484 0.8275147 0.8305664 0.8070068 0.8271484 0.8275147 0.7993164 0.8261719 0.7993164 0.8261719 0.8271484 0.8275147 0.8164063 0.847168 0.7993164 0.8261719 0.8164063 0.847168 0.7895508 0.8422852 0.7895508 0.8422852 0.8164063 0.847168 0.7958984 0.8651123 0.7895508 0.8422852 0.7958984 0.8651123 0.7709961 0.8560791 0.7709961 0.8560791 0.7958984 0.8651123 0.7641602 0.8798218 0.7709961 0.8560791 0.7641602 0.8798218 0.7436524 0.8665772 0.7885742 0.8919067 0.7641602 0.8798218 0.7958984 0.8651123 0.7885742 0.8919067 0.7958984 0.8651123 0.824707 0.8724365 0.824707 0.8724365 0.7958984 0.8651123 0.8164063 0.847168 0.824707 0.8724365 0.8164063 0.847168 0.8466797 0.8505859 0.8466797 0.8505859 0.8164063 0.847168 0.8271484 0.8275147 0.8466797 0.8505859 0.8271484 0.8275147 0.8569336 0.8275147 0.8569336 0.8275147 0.8271484 0.8275147 0.8588867 0.8065186 0.8027344 0.7404785 0.8183594 0.7518311 0.7988281 0.7487793 0.7988281 0.7487793 0.8183594 0.7518311 0.8056641 0.7655029 0.7988281 0.7487793 0.8056641 0.7655029 0.784668 0.7587891 0.784668 0.7587891 0.8056641 0.7655029 0.784668 0.7767334 0.784668 0.7587891 0.784668 0.7767334 0.7763672 0.7604981 0.7763672 0.7604981 0.784668 0.7767334 0.7666016 0.7788086 0.7763672 0.7604981 0.7666016 0.7788086 0.765625 0.7589111 0.765625 0.7589111 0.7666016 0.7788086 0.7426758 0.7764893 0.765625 0.7589111 0.7426758 0.7764893 0.7583008 0.7562256 0.7583008 0.7562256 0.7426758 0.7764893 0.7270508 0.7663574 0.7583008 0.7562256 0.7270508 0.7663574 0.7543945 0.7521973 0.7543945 0.7521973 0.7270508 0.7663574 0.7529297 0.7478027 0.762207 0.956604 0.7275391 0.9379273 0.793457 0.9493103 0.762207 0.956604 0.793457 0.9493103 0.7651367 0.9801025 0.7651367 0.9801025 0.793457 0.9493103 0.8657227 0.9773102 0.8657227 0.9773102 0.793457 0.9493103 0.8632813 0.9209595 0.8657227 0.9773102 0.8632813 0.9209595 0.9291992 0.9371338 0.9291992 0.9371338 0.8632813 0.9209595 0.8994141 0.8887329 0.9291992 0.9371338 0.8994141 0.8887329 0.953125 0.8980103 0.953125 0.8980103 0.8994141 0.8887329 0.9174805 0.8583984 0.953125 0.8980103 0.9174805 0.8583984 0.9628906 0.8634033 0.9628906 0.8634033 0.9174805 0.8583984 0.9267578 0.8305664 0.9628906 0.8634033 0.9267578 0.8305664 0.9682617 0.8336182 0.9682617 0.8336182 0.9267578 0.8305664 0.9311524 0.8027344 0.9682617 0.8336182 0.9311524 0.8027344 0.9716797 0.8043213 0.9716797 0.8043213 0.9311524 0.8027344 0.9311524 0.7720947 0.9716797 0.8043213 0.9311524 0.7720947 0.972168 0.7714844 0.972168 0.7714844 0.9311524 0.7720947 0.9707031 0.7307129 0.9707031 0.7307129 0.9311524 0.7720947 0.9306641 0.7341309 0.9707031 0.7307129 0.9306641 0.7341309 0.9604492 0.6682129 0.9604492 0.6682129 0.9306641 0.7341309 0.918457 0.6757813 0.9604492 0.6682129 0.918457 0.6757813 0.9375 0.6101074 0.7333984 0.817749 0.715332 0.8270264 0.7138672 0.8220215 0.7333984 0.817749 0.7138672 0.8220215 0.7324219 0.8153076 0.7324219 0.8153076 0.7138672 0.8220215 0.7119141 0.8145752 0.7119141 0.8145752 0.7138672 0.8220215 0.6953125 0.824585 0.7119141 0.8145752 0.6953125 0.824585 0.6933594 0.8140869 0.6933594 0.8140869 0.6953125 0.824585 0.6762695 0.8255615 0.6933594 0.8140869 0.6762695 0.8255615 0.6762695 0.8137207 0.715332 0.8270264 0.6967774 0.8304443 0.7138672 0.8220215 0.7138672 0.8220215 0.6967774 0.8304443 0.6953125 0.824585 0.6967774 0.8304443 0.6762695 0.8319092 0.6953125 0.824585 0.6953125 0.824585 0.6762695 0.8319092 0.6762695 0.8255615 0.3466797 0.4672852 0.3288574 0.4560547 0.3337402 0.480957 0.3173828 0.4951172 0.3337402 0.480957 0.3171387 0.4682617 0.3171387 0.4682617 0.3337402 0.480957 0.3288574 0.4560547 0.3171387 0.4682617 0.3288574 0.4560547 0.3129883 0.4467774 0.3129883 0.4467774 0.3288574 0.4560547 0.3171387 0.4365234 0.3171387 0.4365234 0.3288574 0.4560547 0.3361817 0.4443359 0.3361817 0.4443359 0.3288574 0.4560547 0.3466797 0.4672852 0.3361817 0.4443359 0.3466797 0.4672852 0.3562012 0.4541016 0.3361817 0.4443359 0.3562012 0.4541016 0.3410645 0.4316406 0.3410645 0.4316406 0.3562012 0.4541016 0.3632813 0.4404297 0.3410645 0.4316406 0.3632813 0.4404297 0.3452149 0.4165039 0.3452149 0.4165039 0.3632813 0.4404297 0.3693848 0.4248047 0.3410645 0.4316406 0.3452149 0.4165039 0.3183594 0.4248047 0.3410645 0.4316406 0.3183594 0.4248047 0.3361817 0.4443359 0.3361817 0.4443359 0.3183594 0.4248047 0.3171387 0.4365234 0.2546387 0.3662109 0.2377929 0.3920899 0.2558594 0.3916016 0.2546387 0.3662109 0.2558594 0.3916016 0.2680664 0.3662109 0.2680664 0.3662109 0.2558594 0.3916016 0.2736817 0.390625 0.2680664 0.3662109 0.2736817 0.390625 0.2785645 0.3662109 0.2785645 0.3662109 0.2736817 0.390625 0.2941895 0.3862305 0.2785645 0.3662109 0.2941895 0.3862305 0.2841797 0.3632813 0.2841797 0.3632813 0.2941895 0.3862305 0.3010254 0.3808594 0.3010254 0.3808594 0.2941895 0.3862305 0.3208008 0.3925781 0.3010254 0.3808594 0.3208008 0.3925781 0.3217774 0.3867188 0.3217774 0.3867188 0.3208008 0.3925781 0.3522949 0.394043 0.3217774 0.3867188 0.3522949 0.394043 0.3466797 0.3862305 0.3466797 0.3862305 0.3522949 0.394043 0.3691406 0.3735352 0.3691406 0.3735352 0.3522949 0.394043 0.3820801 0.3828125 0.3691406 0.3735352 0.3820801 0.3828125 0.3935547 0.3452149 0.3691406 0.3735352 0.3935547 0.3452149 0.3806152 0.3457031 0.3806152 0.3457031 0.3935547 0.3452149 0.373291 0.3183594 0.373291 0.3183594 0.3935547 0.3452149 0.3840332 0.3125 0.373291 0.3183594 0.3840332 0.3125 0.3583984 0.2890625 0.373291 0.3183594 0.3583984 0.2890625 0.3530274 0.3041992 0.3530274 0.3041992 0.3583984 0.2890625 0.3217774 0.2924805 0.3530274 0.3041992 0.3217774 0.2924805 0.3242188 0.3012695 0.3242188 0.3012695 0.3217774 0.2924805 0.3041992 0.3056641 0.3041992 0.3056641 0.3217774 0.2924805 0.3007813 0.2973633 0.3041992 0.3056641 0.3007813 0.2973633 0.2834473 0.3217774 0.2834473 0.3217774 0.3007813 0.2973633 0.2753906 0.3198242 0.2834473 0.3217774 0.2753906 0.3198242 0.2766113 0.3422852 0.2766113 0.3422852 0.2753906 0.3198242 0.2709961 0.3447266 0.2766113 0.3422852 0.2709961 0.3447266 0.2841797 0.3632813 0.2841797 0.3632813 0.2709961 0.3447266 0.2785645 0.3662109 0.2785645 0.3662109 0.2709961 0.3447266 0.2680664 0.3662109 0.2680664 0.3662109 0.2709961 0.3447266 0.2597656 0.34375 0.2680664 0.3662109 0.2597656 0.34375 0.2546387 0.3662109 0.2546387 0.3662109 0.2597656 0.34375 0.2382812 0.3647461 0.2546387 0.3662109 0.2382812 0.3647461 0.2377929 0.3920899 0.2377929 0.3920899 0.2382812 0.3647461 0.2191162 0.3925781 0.2377929 0.3920899 0.2191162 0.3925781 0.2393798 0.4111328 0.2393798 0.4111328 0.2191162 0.3925781 0.2191162 0.4130859 0.2393798 0.4111328 0.2191162 0.4130859 0.2432861 0.4296875 0.2432861 0.4296875 0.2191162 0.4130859 0.2233886 0.4335938 0.2432861 0.4296875 0.2233886 0.4335938 0.2496337 0.4462891 0.2496337 0.4462891 0.2233886 0.4335938 0.2299804 0.453125 0.2496337 0.4462891 0.2299804 0.453125 0.2446289 0.4799805 0.2496337 0.4462891 0.2446289 0.4799805 0.2641602 0.4702149 0.2641602 0.4702149 0.2446289 0.4799805 0.2631836 0.5058594 0.2641602 0.4702149 0.2631836 0.5058594 0.2834473 0.4936524 0.2834473 0.4936524 0.2631836 0.5058594 0.2980957 0.5090332 0.2834473 0.4936524 0.2980957 0.5090332 0.3173828 0.4951172 0.2834473 0.4936524 0.3173828 0.4951172 0.3015137 0.480957 0.3015137 0.480957 0.3173828 0.4951172 0.3171387 0.4682617 0.3015137 0.480957 0.3171387 0.4682617 0.2963867 0.4516602 0.2963867 0.4516602 0.3171387 0.4682617 0.3129883 0.4467774 0.2963867 0.4516602 0.3129883 0.4467774 0.2995606 0.4326172 0.2995606 0.4326172 0.3129883 0.4467774 0.3171387 0.4365234 0.2995606 0.4326172 0.3171387 0.4365234 0.2973633 0.421875 0.2973633 0.421875 0.3171387 0.4365234 0.3183594 0.4248047 0.2973633 0.421875 0.3183594 0.4248047 0.3195801 0.4106445 0.3195801 0.4106445 0.3183594 0.4248047 0.3452149 0.4165039 0.3195801 0.4106445 0.3452149 0.4165039 0.3208008 0.3925781 0.3208008 0.3925781 0.3452149 0.4165039 0.3522949 0.394043 0.3522949 0.394043 0.3452149 0.4165039 0.3693848 0.4248047 0.3522949 0.394043 0.3693848 0.4248047 0.3769531 0.4057617 0.3522949 0.394043 0.3769531 0.4057617 0.3820801 0.3828125 0.2597656 0.34375 0.2709961 0.3447266 0.2753906 0.3198242 0.2382812 0.3647461 0.2597656 0.34375 0.2449951 0.3369141 0.2449951 0.3369141 0.2597656 0.34375 0.2753906 0.3198242 0.2449951 0.3369141 0.2753906 0.3198242 0.2609863 0.3105469 0.2609863 0.3105469 0.2753906 0.3198242 0.2827149 0.2866211 0.2827149 0.2866211 0.2753906 0.3198242 0.3007813 0.2973633 0.2827149 0.2866211 0.3007813 0.2973633 0.2980957 0.2724609 0.2980957 0.2724609 0.3007813 0.2973633 0.315918 0.2851563 0.315918 0.2851563 0.3007813 0.2973633 0.3217774 0.2924805 0.2736817 0.390625 0.2761231 0.4077149 0.2941895 0.3862305 0.2941895 0.3862305 0.2761231 0.4077149 0.2961426 0.4072266 0.2941895 0.3862305 0.2961426 0.4072266 0.3208008 0.3925781 0.3208008 0.3925781 0.2961426 0.4072266 0.3195801 0.4106445 0.3195801 0.4106445 0.2961426 0.4072266 0.2973633 0.421875 0.2973633 0.421875 0.2961426 0.4072266 0.2790527 0.4228516 0.2973633 0.421875 0.2790527 0.4228516 0.2995606 0.4326172 0.2995606 0.4326172 0.2790527 0.4228516 0.2834473 0.4350586 0.2995606 0.4326172 0.2834473 0.4350586 0.2963867 0.4516602 0.2963867 0.4516602 0.2834473 0.4350586 0.2814942 0.4604492 0.2963867 0.4516602 0.2814942 0.4604492 0.3015137 0.480957 0.3015137 0.480957 0.2814942 0.4604492 0.2834473 0.4936524 0.2834473 0.4936524 0.2814942 0.4604492 0.2641602 0.4702149 0.2641602 0.4702149 0.2814942 0.4604492 0.2670899 0.4404297 0.2641602 0.4702149 0.2670899 0.4404297 0.2496337 0.4462891 0.2496337 0.4462891 0.2670899 0.4404297 0.2614746 0.4257813 0.2496337 0.4462891 0.2614746 0.4257813 0.2432861 0.4296875 0.2432861 0.4296875 0.2614746 0.4257813 0.2578125 0.4091797 0.2432861 0.4296875 0.2578125 0.4091797 0.2393798 0.4111328 0.2393798 0.4111328 0.2578125 0.4091797 0.2558594 0.3916016 0.2393798 0.4111328 0.2558594 0.3916016 0.2377929 0.3920899 0.2790527 0.4228516 0.2961426 0.4072266 0.2761231 0.4077149 0.2814942 0.4604492 0.2834473 0.4350586 0.2670899 0.4404297 0.2670899 0.4404297 0.2834473 0.4350586 0.2790527 0.4228516 0.2670899 0.4404297 0.2790527 0.4228516 0.2614746 0.4257813 0.2614746 0.4257813 0.2790527 0.4228516 0.2761231 0.4077149 0.2614746 0.4257813 0.2761231 0.4077149 0.2578125 0.4091797 0.2578125 0.4091797 0.2761231 0.4077149 0.2736817 0.390625 0.2578125 0.4091797 0.2736817 0.390625 0.2558594 0.3916016 0.2191162 0.3925781 0.2382812 0.3647461 0.2191162 0.3632813 0.2191162 0.3632813 0.2382812 0.3647461 0.2449951 0.3369141 0.2191162 0.3632813 0.2449951 0.3369141 0.2255859 0.3310547 0.2255859 0.3310547 0.2449951 0.3369141 0.2609863 0.3105469 0.2255859 0.3310547 0.2609863 0.3105469 0.2421875 0.300293 0.2421875 0.300293 0.2609863 0.3105469 0.2634277 0.2729492 0.2634277 0.2729492 0.2609863 0.3105469 0.2827149 0.2866211 0.2634277 0.2729492 0.2827149 0.2866211 0.2792969 0.2568359 0.2792969 0.2568359 0.2827149 0.2866211 0.2980957 0.2724609 0.2792969 0.2568359 0.2980957 0.2724609 0.3027344 0.2363281 0.3027344 0.2363281 0.2980957 0.2724609 0.3212891 0.253418 0.3212891 0.253418 0.2980957 0.2724609 0.315918 0.2851563 0.3212891 0.253418 0.315918 0.2851563 0.3378906 0.2714844 0.3378906 0.2714844 0.315918 0.2851563 0.3217774 0.2924805 0.3378906 0.2714844 0.3217774 0.2924805 0.3583984 0.2890625 0.2980957 0.5090332 0.2631836 0.5058594 0.2785645 0.5246582 0.2980957 0.5090332 0.2785645 0.5246582 0.2976074 0.519043 0.1483154 0.378418 0.1500244 0.3759766 0.1469725 0.3735352 0.1483154 0.378418 0.1469725 0.3735352 0.1463623 0.3774414 0.1483154 0.378418 0.1463623 0.3774414 0.1497802 0.3828125 0.1483154 0.378418 0.1497802 0.3828125 0.1517333 0.3808594 0.1517333 0.3808594 0.1497802 0.3828125 0.1557617 0.3974609 0.1517333 0.3808594 0.1557617 0.3974609 0.1590576 0.3955078 0.1517333 0.3808594 0.1590576 0.3955078 0.1540527 0.3793945 0.1540527 0.3793945 0.1590576 0.3955078 0.15625 0.3779297 0.15625 0.3779297 0.1590576 0.3955078 0.1625975 0.3930664 0.1483154 0.378418 0.1517333 0.3808594 0.1500244 0.3759766 0.1500244 0.3759766 0.1517333 0.3808594 0.1540527 0.3793945 0.1625975 0.4599609 0.1589355 0.440918 0.1519775 0.4609375 0.1625975 0.4599609 0.1519775 0.4609375 0.1533203 0.4799805 0.1533203 0.4799805 0.1519775 0.4609375 0.1420898 0.4790039 0.1420898 0.4790039 0.1519775 0.4609375 0.1425781 0.4609375 0.1420898 0.4790039 0.1425781 0.4609375 0.1326904 0.4775391 0.1326904 0.4775391 0.1425781 0.4609375 0.1340332 0.4604492 0.1326904 0.4775391 0.1340332 0.4604492 0.1221923 0.4741211 0.1221923 0.4741211 0.1340332 0.4604492 0.1253662 0.4580078 0.1221923 0.4741211 0.1253662 0.4580078 0.1191406 0.4550781 0.1191406 0.4550781 0.1253662 0.4580078 0.123291 0.4394531 0.1191406 0.4550781 0.123291 0.4394531 0.1158447 0.4345703 0.1158447 0.4345703 0.123291 0.4394531 0.1191406 0.4257813 0.1158447 0.4345703 0.1191406 0.4257813 0.1122436 0.4194336 0.1122436 0.4194336 0.1191406 0.4257813 0.114746 0.4135742 0.1122436 0.4194336 0.114746 0.4135742 0.1100463 0.4072266 0.1100463 0.4072266 0.114746 0.4135742 0.1127929 0.4013672 0.1127929 0.4013672 0.114746 0.4135742 0.1168823 0.4067383 0.1127929 0.4013672 0.1168823 0.4067383 0.1222534 0.390625 0.1222534 0.390625 0.1168823 0.4067383 0.1263427 0.3959961 0.1222534 0.390625 0.1263427 0.3959961 0.13208 0.3798828 0.13208 0.3798828 0.1263427 0.3959961 0.1350097 0.3828125 0.13208 0.3798828 0.1350097 0.3828125 0.137207 0.3774414 0.137207 0.3774414 0.1350097 0.3828125 0.1387939 0.3793945 0.137207 0.3774414 0.1387939 0.3793945 0.140747 0.3745117 0.140747 0.3745117 0.1387939 0.3793945 0.1411132 0.378418 0.140747 0.3745117 0.1411132 0.378418 0.1437988 0.3764649 0.1437988 0.3764649 0.1411132 0.378418 0.1434326 0.3852539 0.1437988 0.3764649 0.1434326 0.3852539 0.1467285 0.3847656 0.1467285 0.3847656 0.1434326 0.3852539 0.1478271 0.4008789 0.1467285 0.3847656 0.1478271 0.4008789 0.1525878 0.3989258 0.1525878 0.3989258 0.1478271 0.4008789 0.154785 0.4145508 0.1525878 0.3989258 0.154785 0.4145508 0.1588134 0.4125977 0.1588134 0.4125977 0.154785 0.4145508 0.1553955 0.4223633 0.1588134 0.4125977 0.1553955 0.4223633 0.1599121 0.4204102 0.1599121 0.4204102 0.1553955 0.4223633 0.1567382 0.4301758 0.1599121 0.4204102 0.1567382 0.4301758 0.1617431 0.4282227 0.1617431 0.4282227 0.1567382 0.4301758 0.1589355 0.440918 0.1617431 0.4282227 0.1589355 0.440918 0.1649169 0.4389649 0.1649169 0.4389649 0.1589355 0.440918 0.1625975 0.4599609 0.1649169 0.4389649 0.1625975 0.4599609 0.17041 0.4580078 0.17041 0.4580078 0.1625975 0.4599609 0.1671141 0.480957 0.17041 0.4580078 0.1671141 0.480957 0.1768798 0.480957 0.17041 0.4580078 0.1768798 0.480957 0.1782225 0.4541016 0.1782225 0.4541016 0.1768798 0.480957 0.186035 0.4765625 0.1782225 0.4541016 0.186035 0.4765625 0.1942138 0.4702149 0.1782225 0.4541016 0.1942138 0.4702149 0.1853027 0.4487305 0.1853027 0.4487305 0.1942138 0.4702149 0.2027587 0.456543 0.1853027 0.4487305 0.2027587 0.456543 0.1940917 0.4379883 0.1853027 0.4487305 0.1940917 0.4379883 0.1773681 0.4311524 0.1773681 0.4311524 0.1940917 0.4379883 0.186035 0.4228516 0.1773681 0.4311524 0.186035 0.4228516 0.1727294 0.421875 0.1727294 0.421875 0.186035 0.4228516 0.1815184 0.4145508 0.1727294 0.421875 0.1815184 0.4145508 0.170166 0.4150391 0.170166 0.4150391 0.1815184 0.4145508 0.1787109 0.4091797 0.170166 0.4150391 0.1787109 0.4091797 0.1756591 0.4033203 0.170166 0.4150391 0.1756591 0.4033203 0.1679687 0.4082031 0.1679687 0.4082031 0.1756591 0.4033203 0.1680908 0.3891602 0.1679687 0.4082031 0.1680908 0.3891602 0.1625975 0.3930664 0.1625975 0.3930664 0.1680908 0.3891602 0.1594238 0.3740234 0.1625975 0.3930664 0.1594238 0.3740234 0.15625 0.3779297 0.15625 0.3779297 0.1594238 0.3740234 0.1536865 0.3671875 0.15625 0.3779297 0.1536865 0.3671875 0.1540527 0.3793945 0.1540527 0.3793945 0.1536865 0.3671875 0.1520996 0.3745117 0.1540527 0.3793945 0.1520996 0.3745117 0.1500244 0.3759766 0.1500244 0.3759766 0.1520996 0.3745117 0.1483154 0.3710938 0.1500244 0.3759766 0.1483154 0.3710938 0.1469725 0.3735352 0.1469725 0.3735352 0.1483154 0.3710938 0.1461181 0.3666992 0.1469725 0.3735352 0.1461181 0.3666992 0.144165 0.3701172 0.1469725 0.3735352 0.144165 0.3701172 0.1463623 0.3774414 0.1463623 0.3774414 0.144165 0.3701172 0.1437988 0.3764649 0.1463623 0.3774414 0.1437988 0.3764649 0.1467285 0.3847656 0.1463623 0.3774414 0.1467285 0.3847656 0.1497802 0.3828125 0.1497802 0.3828125 0.1467285 0.3847656 0.1525878 0.3989258 0.1497802 0.3828125 0.1525878 0.3989258 0.1557617 0.3974609 0.1557617 0.3974609 0.1525878 0.3989258 0.1588134 0.4125977 0.1557617 0.3974609 0.1588134 0.4125977 0.1590576 0.3955078 0.1590576 0.3955078 0.1588134 0.4125977 0.163208 0.4106445 0.1590576 0.3955078 0.163208 0.4106445 0.1625975 0.3930664 0.1625975 0.3930664 0.163208 0.4106445 0.1679687 0.4082031 0.1679687 0.4082031 0.163208 0.4106445 0.1647949 0.4179688 0.1679687 0.4082031 0.1647949 0.4179688 0.170166 0.4150391 0.170166 0.4150391 0.1647949 0.4179688 0.1671141 0.425293 0.170166 0.4150391 0.1671141 0.425293 0.1727294 0.421875 0.1727294 0.421875 0.1671141 0.425293 0.1712646 0.4355469 0.1727294 0.421875 0.1712646 0.4355469 0.1773681 0.4311524 0.1773681 0.4311524 0.1712646 0.4355469 0.1853027 0.4487305 0.1853027 0.4487305 0.1712646 0.4355469 0.1782225 0.4541016 0.1782225 0.4541016 0.1712646 0.4355469 0.17041 0.4580078 0.17041 0.4580078 0.1712646 0.4355469 0.1649169 0.4389649 0.1649169 0.4389649 0.1712646 0.4355469 0.1671141 0.425293 0.1649169 0.4389649 0.1671141 0.425293 0.1617431 0.4282227 0.1617431 0.4282227 0.1671141 0.425293 0.1647949 0.4179688 0.1617431 0.4282227 0.1647949 0.4179688 0.1599121 0.4204102 0.1599121 0.4204102 0.1647949 0.4179688 0.1588134 0.4125977 0.1588134 0.4125977 0.1647949 0.4179688 0.163208 0.4106445 0.1625975 0.4599609 0.1533203 0.4799805 0.1671141 0.480957 0.1158447 0.4345703 0.1122436 0.4194336 0.1079711 0.4272461 0.13208 0.3798828 0.137207 0.3774414 0.1352539 0.3754883 0.1434326 0.3852539 0.1411132 0.378418 0.1400146 0.3857422 0.1400146 0.3857422 0.1411132 0.378418 0.1370849 0.3847656 0.1370849 0.3847656 0.1411132 0.378418 0.1387939 0.3793945 0.1370849 0.3847656 0.1387939 0.3793945 0.1350097 0.3828125 0.137207 0.3774414 0.140747 0.3745117 0.1394042 0.371582 0.137207 0.3774414 0.1394042 0.371582 0.1352539 0.3754883 0.1352539 0.3754883 0.1394042 0.371582 0.1375732 0.3706055 0.1352539 0.3754883 0.1375732 0.3706055 0.1348876 0.3710938 0.1352539 0.3754883 0.1348876 0.3710938 0.1298828 0.375 0.1352539 0.3754883 0.1298828 0.375 0.13208 0.3798828 0.13208 0.3798828 0.1298828 0.375 0.1222534 0.390625 0.1127929 0.4013672 0.1222534 0.390625 0.1194458 0.3862305 0.1194458 0.3862305 0.1222534 0.390625 0.1298828 0.375 0.1194458 0.3862305 0.1298828 0.375 0.1286621 0.3710938 0.1286621 0.3710938 0.1298828 0.375 0.1348876 0.3710938 0.1286621 0.3710938 0.1348876 0.3710938 0.1352539 0.3652344 0.1352539 0.3652344 0.1348876 0.3710938 0.1398925 0.3642578 0.1398925 0.3642578 0.1348876 0.3710938 0.1375732 0.3706055 0.1398925 0.3642578 0.1375732 0.3706055 0.1425781 0.3662109 0.1425781 0.3662109 0.1375732 0.3706055 0.1394042 0.371582 0.1425781 0.3662109 0.1394042 0.371582 0.144165 0.3701172 0.144165 0.3701172 0.1394042 0.371582 0.140747 0.3745117 0.144165 0.3701172 0.140747 0.3745117 0.1437988 0.3764649 0.1519775 0.4609375 0.1589355 0.440918 0.1506347 0.4428711 0.1519775 0.4609375 0.1506347 0.4428711 0.1425781 0.4609375 0.1425781 0.4609375 0.1506347 0.4428711 0.1427001 0.4438477 0.1425781 0.4609375 0.1427001 0.4438477 0.1340332 0.4604492 0.1340332 0.4604492 0.1427001 0.4438477 0.1351318 0.4433594 0.1340332 0.4604492 0.1351318 0.4433594 0.1253662 0.4580078 0.1253662 0.4580078 0.1351318 0.4433594 0.1280516 0.4414063 0.1253662 0.4580078 0.1280516 0.4414063 0.123291 0.4394531 0.123291 0.4394531 0.1280516 0.4414063 0.1254882 0.4301758 0.123291 0.4394531 0.1254882 0.4301758 0.1191406 0.4257813 0.1191406 0.4257813 0.1254882 0.4301758 0.1211547 0.4199219 0.1191406 0.4257813 0.1211547 0.4199219 0.114746 0.4135742 0.114746 0.4135742 0.1211547 0.4199219 0.1168823 0.4067383 0.1168823 0.4067383 0.1211547 0.4199219 0.1224974 0.4125977 0.1168823 0.4067383 0.1224974 0.4125977 0.1263427 0.3959961 0.1263427 0.3959961 0.1224974 0.4125977 0.1306152 0.3994141 0.1263427 0.3959961 0.1306152 0.3994141 0.1350097 0.3828125 0.1350097 0.3828125 0.1306152 0.3994141 0.1335449 0.4013672 0.1350097 0.3828125 0.1335449 0.4013672 0.1370849 0.3847656 0.1370849 0.3847656 0.1335449 0.4013672 0.1380615 0.4018555 0.1370849 0.3847656 0.1380615 0.4018555 0.1400146 0.3857422 0.1400146 0.3857422 0.1380615 0.4018555 0.1429443 0.4018555 0.1400146 0.3857422 0.1429443 0.4018555 0.1434326 0.3852539 0.1434326 0.3852539 0.1429443 0.4018555 0.1478271 0.4008789 0.1478271 0.4008789 0.1429443 0.4018555 0.1488037 0.4160156 0.1478271 0.4008789 0.1488037 0.4160156 0.154785 0.4145508 0.154785 0.4145508 0.1488037 0.4160156 0.1491699 0.4238281 0.154785 0.4145508 0.1491699 0.4238281 0.1553955 0.4223633 0.1553955 0.4223633 0.1491699 0.4238281 0.1497802 0.4316406 0.1553955 0.4223633 0.1497802 0.4316406 0.1567382 0.4301758 0.1567382 0.4301758 0.1497802 0.4316406 0.1506347 0.4428711 0.1567382 0.4301758 0.1506347 0.4428711 0.1589355 0.440918 0.1351318 0.4433594 0.1357421 0.4326172 0.1280516 0.4414063 0.1425781 0.4248047 0.1357421 0.4326172 0.1425781 0.4331055 0.1425781 0.4331055 0.1357421 0.4326172 0.1351318 0.4433594 0.1425781 0.4331055 0.1351318 0.4433594 0.1427001 0.4438477 0.1425781 0.4248047 0.1367187 0.4179688 0.1362304 0.425293 0.1425781 0.4248047 0.1362304 0.425293 0.1357421 0.4326172 0.1357421 0.4326172 0.1362304 0.425293 0.1296386 0.4316406 0.1357421 0.4326172 0.1296386 0.4316406 0.1280516 0.4414063 0.1280516 0.4414063 0.1296386 0.4316406 0.1254882 0.4301758 0.1254882 0.4301758 0.1296386 0.4316406 0.1269531 0.4233399 0.1254882 0.4301758 0.1269531 0.4233399 0.1211547 0.4199219 0.1211547 0.4199219 0.1269531 0.4233399 0.1278076 0.4160156 0.1211547 0.4199219 0.1278076 0.4160156 0.1224974 0.4125977 0.1224974 0.4125977 0.1278076 0.4160156 0.1306152 0.3994141 0.1306152 0.3994141 0.1278076 0.4160156 0.1313475 0.4169922 0.1306152 0.3994141 0.1313475 0.4169922 0.1335449 0.4013672 0.1335449 0.4013672 0.1313475 0.4169922 0.1367187 0.4179688 0.1335449 0.4013672 0.1367187 0.4179688 0.1380615 0.4018555 0.1380615 0.4018555 0.1367187 0.4179688 0.1425781 0.4174805 0.1380615 0.4018555 0.1425781 0.4174805 0.1429443 0.4018555 0.1429443 0.4018555 0.1425781 0.4174805 0.1488037 0.4160156 0.1488037 0.4160156 0.1425781 0.4174805 0.1425781 0.4248047 0.1488037 0.4160156 0.1425781 0.4248047 0.1491699 0.4238281 0.1491699 0.4238281 0.1425781 0.4248047 0.1425781 0.4331055 0.1491699 0.4238281 0.1425781 0.4331055 0.1497802 0.4316406 0.1497802 0.4316406 0.1425781 0.4331055 0.1427001 0.4438477 0.1497802 0.4316406 0.1427001 0.4438477 0.1506347 0.4428711 0.1367187 0.4179688 0.1425781 0.4248047 0.1425781 0.4174805 0.1367187 0.4179688 0.1313475 0.4169922 0.1362304 0.425293 0.1269531 0.4233399 0.1306152 0.4243164 0.1278076 0.4160156 0.1278076 0.4160156 0.1306152 0.4243164 0.1313475 0.4169922 0.1313475 0.4169922 0.1306152 0.4243164 0.1362304 0.425293 0.1362304 0.425293 0.1306152 0.4243164 0.1296386 0.4316406 0.1296386 0.4316406 0.1306152 0.4243164 0.1269531 0.4233399 0.1502684 0.3701172 0.1536865 0.3671875 0.1488037 0.3647461 0.1502684 0.3701172 0.1488037 0.3647461 0.1461181 0.3666992 0.1502684 0.3701172 0.1461181 0.3666992 0.1483154 0.3710938 0.1502684 0.3701172 0.1483154 0.3710938 0.1520996 0.3745117 0.1502684 0.3701172 0.1520996 0.3745117 0.1536865 0.3671875 0.09106445 0.4555664 0.102478 0.4633789 0.1002807 0.4404297 0.1002807 0.4404297 0.102478 0.4633789 0.1097412 0.4487305 0.1002807 0.4404297 0.1097412 0.4487305 0.1079711 0.4272461 0.1079711 0.4272461 0.1097412 0.4487305 0.1158447 0.4345703 0.1158447 0.4345703 0.1097412 0.4487305 0.1191406 0.4550781 0.1191406 0.4550781 0.1097412 0.4487305 0.1141967 0.4702149 0.1191406 0.4550781 0.1141967 0.4702149 0.1221923 0.4741211 0.102478 0.4633789 0.1141967 0.4702149 0.1097412 0.4487305 0.1122436 0.4194336 0.1100463 0.4072266 0.1071777 0.4125977 0.1122436 0.4194336 0.1071777 0.4125977 0.1079711 0.4272461 0.1079711 0.4272461 0.1071777 0.4125977 0.1023559 0.4204102 0.1079711 0.4272461 0.1023559 0.4204102 0.1002807 0.4404297 0.1002807 0.4404297 0.1023559 0.4204102 0.09356689 0.434082 0.1002807 0.4404297 0.09356689 0.434082 0.09106445 0.4555664 0.09106445 0.4555664 0.09356689 0.434082 0.08306884 0.449707 0.2597656 0.34375 0.2753906 0.3198242 0.2709961 0.3447266 0.2597656 0.34375 0.2382812 0.3647461 0.2449951 0.3369141 0.2597656 0.34375 0.2449951 0.3369141 0.2753906 0.3198242 0.2753906 0.3198242 0.2449951 0.3369141 0.2609863 0.3105469 0.2753906 0.3198242 0.2609863 0.3105469 0.2827149 0.2866211 0.2753906 0.3198242 0.2827149 0.2866211 0.3007813 0.2973633 0.3007813 0.2973633 0.2827149 0.2866211 0.2980957 0.2724609 0.3217774 0.2924805 0.3007813 0.2973633 0.315918 0.2851563 0.315918 0.2851563 0.3007813 0.2973633 0.2980957 0.2724609 0.315918 0.2851563 0.2980957 0.2724609 0.3212891 0.253418 0.3212891 0.253418 0.2980957 0.2724609 0.3027344 0.2363281 0.3027344 0.2363281 0.2980957 0.2724609 0.2792969 0.2568359 0.2792969 0.2568359 0.2980957 0.2724609 0.2827149 0.2866211 0.2792969 0.2568359 0.2827149 0.2866211 0.2634277 0.2729492 0.2634277 0.2729492 0.2827149 0.2866211 0.2609863 0.3105469 0.2634277 0.2729492 0.2609863 0.3105469 0.2421875 0.300293 0.2421875 0.300293 0.2609863 0.3105469 0.2255859 0.3310547 0.2255859 0.3310547 0.2609863 0.3105469 0.2449951 0.3369141 0.2255859 0.3310547 0.2449951 0.3369141 0.2191162 0.3632813 0.2191162 0.3632813 0.2449951 0.3369141 0.2382812 0.3647461 0.2191162 0.3632813 0.2382812 0.3647461 0.2191162 0.3925781 0.3583984 0.2890625 0.3217774 0.2924805 0.3378906 0.2714844 0.3378906 0.2714844 0.3217774 0.2924805 0.315918 0.2851563 0.3378906 0.2714844 0.315918 0.2851563 0.3212891 0.253418 0.2841797 0.3632813 0.2709961 0.3447266 0.2766113 0.3422852 0.2766113 0.3422852 0.2709961 0.3447266 0.2753906 0.3198242 0.2766113 0.3422852 0.2753906 0.3198242 0.2834473 0.3217774 0.2834473 0.3217774 0.2753906 0.3198242 0.3007813 0.2973633 0.2834473 0.3217774 0.3007813 0.2973633 0.3041992 0.3056641 0.3041992 0.3056641 0.3007813 0.2973633 0.3217774 0.2924805 0.3041992 0.3056641 0.3217774 0.2924805 0.3242188 0.3012695 0.3242188 0.3012695 0.3217774 0.2924805 0.3530274 0.3041992 0.3530274 0.3041992 0.3217774 0.2924805 0.3583984 0.2890625 0.3530274 0.3041992 0.3583984 0.2890625 0.373291 0.3183594 0.373291 0.3183594 0.3583984 0.2890625 0.3840332 0.3125 0.373291 0.3183594 0.3840332 0.3125 0.3935547 0.3452149 0.373291 0.3183594 0.3935547 0.3452149 0.3806152 0.3457031 0.3806152 0.3457031 0.3935547 0.3452149 0.3691406 0.3735352 0.3691406 0.3735352 0.3935547 0.3452149 0.3820801 0.3828125 0.3691406 0.3735352 0.3820801 0.3828125 0.3522949 0.394043 0.3522949 0.394043 0.3820801 0.3828125 0.3769531 0.4057617 0.3522949 0.394043 0.3769531 0.4057617 0.3693848 0.4248047 0.3466797 0.3862305 0.3691406 0.3735352 0.3522949 0.394043 0.3466797 0.3862305 0.3522949 0.394043 0.3217774 0.3867188 0.3337402 0.480957 0.3288574 0.4560547 0.3466797 0.4672852 0.3466797 0.4672852 0.3288574 0.4560547 0.3361817 0.4443359 0.3466797 0.4672852 0.3361817 0.4443359 0.3562012 0.4541016 0.3562012 0.4541016 0.3361817 0.4443359 0.3410645 0.4316406 0.3562012 0.4541016 0.3410645 0.4316406 0.3632813 0.4404297 0.3632813 0.4404297 0.3410645 0.4316406 0.3452149 0.4165039 0.3632813 0.4404297 0.3452149 0.4165039 0.3693848 0.4248047 0.3693848 0.4248047 0.3452149 0.4165039 0.3522949 0.394043 0.3522949 0.394043 0.3452149 0.4165039 0.3208008 0.3925781 0.3522949 0.394043 0.3208008 0.3925781 0.3217774 0.3867188 0.3217774 0.3867188 0.3208008 0.3925781 0.3010254 0.3808594 0.3010254 0.3808594 0.3208008 0.3925781 0.2941895 0.3862305 0.3010254 0.3808594 0.2941895 0.3862305 0.2841797 0.3632813 0.2841797 0.3632813 0.2941895 0.3862305 0.2785645 0.3662109 0.2841797 0.3632813 0.2785645 0.3662109 0.2709961 0.3447266 0.2709961 0.3447266 0.2785645 0.3662109 0.2680664 0.3662109 0.2709961 0.3447266 0.2680664 0.3662109 0.2597656 0.34375 0.2597656 0.34375 0.2680664 0.3662109 0.2546387 0.3662109 0.2597656 0.34375 0.2546387 0.3662109 0.2382812 0.3647461 0.2382812 0.3647461 0.2546387 0.3662109 0.2377929 0.3920899 0.2382812 0.3647461 0.2377929 0.3920899 0.2191162 0.3925781 0.2191162 0.3925781 0.2377929 0.3920899 0.2393798 0.4111328 0.2191162 0.3925781 0.2393798 0.4111328 0.2191162 0.4130859 0.2191162 0.4130859 0.2393798 0.4111328 0.2432861 0.4296875 0.2191162 0.4130859 0.2432861 0.4296875 0.2233886 0.4335938 0.2233886 0.4335938 0.2432861 0.4296875 0.2496337 0.4462891 0.2233886 0.4335938 0.2496337 0.4462891 0.2299804 0.453125 0.2299804 0.453125 0.2496337 0.4462891 0.2446289 0.4799805 0.2446289 0.4799805 0.2496337 0.4462891 0.2641602 0.4702149 0.2446289 0.4799805 0.2641602 0.4702149 0.2631836 0.5058594 0.2631836 0.5058594 0.2641602 0.4702149 0.2834473 0.4936524 0.2631836 0.5058594 0.2834473 0.4936524 0.2980957 0.5090332 0.2980957 0.5090332 0.2834473 0.4936524 0.3173828 0.4951172 0.3173828 0.4951172 0.2834473 0.4936524 0.3015137 0.480957 0.3173828 0.4951172 0.3015137 0.480957 0.3171387 0.4682617 0.3171387 0.4682617 0.3015137 0.480957 0.2963867 0.4516602 0.3171387 0.4682617 0.2963867 0.4516602 0.3129883 0.4467774 0.3129883 0.4467774 0.2963867 0.4516602 0.2995606 0.4326172 0.3129883 0.4467774 0.2995606 0.4326172 0.3171387 0.4365234 0.3171387 0.4365234 0.2995606 0.4326172 0.2973633 0.421875 0.3171387 0.4365234 0.2973633 0.421875 0.3183594 0.4248047 0.3183594 0.4248047 0.2973633 0.421875 0.3195801 0.4106445 0.3183594 0.4248047 0.3195801 0.4106445 0.3452149 0.4165039 0.3452149 0.4165039 0.3195801 0.4106445 0.3208008 0.3925781 0.3208008 0.3925781 0.3195801 0.4106445 0.2961426 0.4072266 0.3208008 0.3925781 0.2961426 0.4072266 0.2941895 0.3862305 0.2941895 0.3862305 0.2961426 0.4072266 0.2761231 0.4077149 0.2941895 0.3862305 0.2761231 0.4077149 0.2736817 0.390625 0.2736817 0.390625 0.2761231 0.4077149 0.2578125 0.4091797 0.2736817 0.390625 0.2578125 0.4091797 0.2558594 0.3916016 0.2558594 0.3916016 0.2578125 0.4091797 0.2393798 0.4111328 0.2558594 0.3916016 0.2393798 0.4111328 0.2377929 0.3920899 0.2558594 0.3916016 0.2377929 0.3920899 0.2546387 0.3662109 0.2558594 0.3916016 0.2546387 0.3662109 0.2680664 0.3662109 0.2558594 0.3916016 0.2680664 0.3662109 0.2736817 0.390625 0.2736817 0.390625 0.2680664 0.3662109 0.2785645 0.3662109 0.2736817 0.390625 0.2785645 0.3662109 0.2941895 0.3862305 0.3452149 0.4165039 0.3410645 0.4316406 0.3183594 0.4248047 0.3183594 0.4248047 0.3410645 0.4316406 0.3361817 0.4443359 0.3183594 0.4248047 0.3361817 0.4443359 0.3171387 0.4365234 0.3171387 0.4365234 0.3361817 0.4443359 0.3288574 0.4560547 0.3171387 0.4365234 0.3288574 0.4560547 0.3129883 0.4467774 0.3129883 0.4467774 0.3288574 0.4560547 0.3171387 0.4682617 0.3171387 0.4682617 0.3288574 0.4560547 0.3337402 0.480957 0.3171387 0.4682617 0.3337402 0.480957 0.3173828 0.4951172 0.2761231 0.4077149 0.2961426 0.4072266 0.2790527 0.4228516 0.2961426 0.4072266 0.3195801 0.4106445 0.2973633 0.421875 0.2961426 0.4072266 0.2973633 0.421875 0.2790527 0.4228516 0.2790527 0.4228516 0.2973633 0.421875 0.2995606 0.4326172 0.2790527 0.4228516 0.2995606 0.4326172 0.2834473 0.4350586 0.2834473 0.4350586 0.2995606 0.4326172 0.2963867 0.4516602 0.2834473 0.4350586 0.2963867 0.4516602 0.2814942 0.4604492 0.2814942 0.4604492 0.2963867 0.4516602 0.3015137 0.480957 0.2814942 0.4604492 0.3015137 0.480957 0.2834473 0.4936524 0.2814942 0.4604492 0.2834473 0.4936524 0.2641602 0.4702149 0.2814942 0.4604492 0.2641602 0.4702149 0.2670899 0.4404297 0.2670899 0.4404297 0.2641602 0.4702149 0.2496337 0.4462891 0.2670899 0.4404297 0.2496337 0.4462891 0.2614746 0.4257813 0.2614746 0.4257813 0.2496337 0.4462891 0.2432861 0.4296875 0.2614746 0.4257813 0.2432861 0.4296875 0.2578125 0.4091797 0.2578125 0.4091797 0.2432861 0.4296875 0.2393798 0.4111328 0.2834473 0.4350586 0.2814942 0.4604492 0.2670899 0.4404297 0.2834473 0.4350586 0.2670899 0.4404297 0.2790527 0.4228516 0.2790527 0.4228516 0.2670899 0.4404297 0.2614746 0.4257813 0.2790527 0.4228516 0.2614746 0.4257813 0.2761231 0.4077149 0.2761231 0.4077149 0.2614746 0.4257813 0.2578125 0.4091797 0.2785645 0.5246582 0.2631836 0.5058594 0.2980957 0.5090332 0.2785645 0.5246582 0.2980957 0.5090332 0.2976074 0.519043 0.4743652 0.4746094 0.4641113 0.4570313 0.4709473 0.4570313 0.4743652 0.4746094 0.4709473 0.4570313 0.4802246 0.4570313 0.4743652 0.4746094 0.4802246 0.4570313 0.4802246 0.4746094 0.4611817 0.4746094 0.4545899 0.4746094 0.442627 0.4570313 0.4611817 0.4746094 0.442627 0.4570313 0.4541016 0.4570313 0.4611817 0.4746094 0.4541016 0.4570313 0.4677734 0.4746094 0.4677734 0.4746094 0.4541016 0.4570313 0.4641113 0.4570313 0.4677734 0.4746094 0.4641113 0.4570313 0.4743652 0.4746094 0.4677734 0.4746094 0.4743652 0.4746094 0.4799805 0.4873047 0.4799805 0.4873047 0.4743652 0.4746094 0.4802246 0.4746094 0.4799805 0.4873047 0.4802246 0.4746094 0.486084 0.4746094 0.486084 0.4746094 0.4802246 0.4746094 0.4802246 0.4570313 0.486084 0.4746094 0.4802246 0.4570313 0.489502 0.4570313 0.486084 0.4746094 0.489502 0.4570313 0.4960938 0.4570313 0.486084 0.4746094 0.4960938 0.4570313 0.4924317 0.4746094 0.4924317 0.4746094 0.4960938 0.4570313 0.5058594 0.4570313 0.4924317 0.4746094 0.5058594 0.4570313 0.4987793 0.4746094 0.4987793 0.4746094 0.5058594 0.4570313 0.512207 0.4570313 0.4987793 0.4746094 0.512207 0.4570313 0.5048828 0.4746094 0.4987793 0.4746094 0.5048828 0.4746094 0.4799805 0.4873047 0.4987793 0.4746094 0.4799805 0.4873047 0.4924317 0.4746094 0.4924317 0.4746094 0.4799805 0.4873047 0.486084 0.4746094 0.4611817 0.4746094 0.4677734 0.4746094 0.4799805 0.4873047 0.4611817 0.4746094 0.4799805 0.4873047 0.4545899 0.4746094 0.4638672 0.4458008 0.4562988 0.4404297 0.4729004 0.4458008 0.4421387 0.3120117 0.4736328 0.3061524 0.4729004 0.3120117 0.4421387 0.3120117 0.4729004 0.3120117 0.4484863 0.3183594 0.4484863 0.3183594 0.4729004 0.3120117 0.4714356 0.3173828 0.4484863 0.3183594 0.4714356 0.3173828 0.4506836 0.3237305 0.4484863 0.3183594 0.4506836 0.3237305 0.435791 0.3388672 0.435791 0.3388672 0.4506836 0.3237305 0.4401856 0.3408203 0.435791 0.3388672 0.4401856 0.3408203 0.4304199 0.3652344 0.4304199 0.3652344 0.4401856 0.3408203 0.435791 0.3686524 0.4304199 0.3652344 0.435791 0.3686524 0.4274902 0.3920899 0.4274902 0.3920899 0.435791 0.3686524 0.4360352 0.3955078 0.4274902 0.3920899 0.4360352 0.3955078 0.4272461 0.4130859 0.4272461 0.4130859 0.4360352 0.3955078 0.4394531 0.4169922 0.4272461 0.4130859 0.4394531 0.4169922 0.4282227 0.4331055 0.4282227 0.4331055 0.4394531 0.4169922 0.4399414 0.4345703 0.4282227 0.4331055 0.4399414 0.4345703 0.4404297 0.4443359 0.4404297 0.4443359 0.4399414 0.4345703 0.4562988 0.4404297 0.4404297 0.4443359 0.4562988 0.4404297 0.4489746 0.4453125 0.4489746 0.4453125 0.4562988 0.4404297 0.4560547 0.4438477 0.4560547 0.4438477 0.4562988 0.4404297 0.4638672 0.4458008 0.4560547 0.4438477 0.4638672 0.4458008 0.4587402 0.4458008 0.4533692 0.4458008 0.4489746 0.4453125 0.4560547 0.4438477 0.4421387 0.3120117 0.4484863 0.3183594 0.435791 0.3388672 0.4421387 0.3120117 0.435791 0.3388672 0.4265137 0.3344727 0.4265137 0.3344727 0.435791 0.3388672 0.4304199 0.3652344 0.4265137 0.3344727 0.4304199 0.3652344 0.4211426 0.3666992 0.4211426 0.3666992 0.4304199 0.3652344 0.4274902 0.3920899 0.4211426 0.3666992 0.4274902 0.3920899 0.4196777 0.3935547 0.4196777 0.3935547 0.4274902 0.3920899 0.4272461 0.4130859 0.4196777 0.3935547 0.4272461 0.4130859 0.4179688 0.4155274 0.4179688 0.4155274 0.4272461 0.4130859 0.4282227 0.4331055 0.4179688 0.4155274 0.4282227 0.4331055 0.4199219 0.4326172 0.4199219 0.4326172 0.4282227 0.4331055 0.4323731 0.4438477 0.4323731 0.4438477 0.4282227 0.4331055 0.4404297 0.4443359 0.4267578 0.4394531 0.4199219 0.4326172 0.4323731 0.4438477 0.4897461 0.4443359 0.4863281 0.4462891 0.4819336 0.4458008 0.4897461 0.4443359 0.4819336 0.4458008 0.4897461 0.4404297 0.4897461 0.4404297 0.4819336 0.4458008 0.4729004 0.4458008 0.4897461 0.4404297 0.4729004 0.4458008 0.4729004 0.4360352 0.4729004 0.4360352 0.4729004 0.4458008 0.4562988 0.4404297 0.4729004 0.4360352 0.4562988 0.4404297 0.4555664 0.4321289 0.4555664 0.4321289 0.4562988 0.4404297 0.4399414 0.4345703 0.4555664 0.4321289 0.4399414 0.4345703 0.4550781 0.4194336 0.4550781 0.4194336 0.4399414 0.4345703 0.4394531 0.4169922 0.4550781 0.4194336 0.4394531 0.4169922 0.4519043 0.3979492 0.4519043 0.3979492 0.4394531 0.4169922 0.4360352 0.3955078 0.4519043 0.3979492 0.4360352 0.3955078 0.4470215 0.3745117 0.4470215 0.3745117 0.4360352 0.3955078 0.435791 0.3686524 0.4470215 0.3745117 0.435791 0.3686524 0.4445801 0.3442383 0.4445801 0.3442383 0.435791 0.3686524 0.4401856 0.3408203 0.4445801 0.3442383 0.4401856 0.3408203 0.4521484 0.331543 0.4521484 0.331543 0.4401856 0.3408203 0.4506836 0.3237305 0.4521484 0.331543 0.4506836 0.3237305 0.4699707 0.3261719 0.4699707 0.3261719 0.4506836 0.3237305 0.4714356 0.3173828 0.4699707 0.3261719 0.4714356 0.3173828 0.4921875 0.324707 0.4921875 0.324707 0.4714356 0.3173828 0.4729004 0.3120117 0.4921875 0.324707 0.4729004 0.3120117 0.4973145 0.3198242 0.4973145 0.3198242 0.4729004 0.3120117 0.4736328 0.3061524 0.4973145 0.3198242 0.4736328 0.3061524 0.5048828 0.3134766 0.4973145 0.3198242 0.5048828 0.3134766 0.5102539 0.340332 0.5102539 0.340332 0.5048828 0.3134766 0.5205078 0.3359375 0.5102539 0.340332 0.5205078 0.3359375 0.515625 0.3662109 0.515625 0.3662109 0.5205078 0.3359375 0.5258789 0.3676758 0.515625 0.3662109 0.5258789 0.3676758 0.5185547 0.3925781 0.5185547 0.3925781 0.5258789 0.3676758 0.5273438 0.394043 0.5185547 0.3925781 0.5273438 0.394043 0.519043 0.4135742 0.519043 0.4135742 0.5273438 0.394043 0.5288086 0.4160156 0.519043 0.4135742 0.5288086 0.4160156 0.5185547 0.4331055 0.5185547 0.4331055 0.5288086 0.4160156 0.5268555 0.4331055 0.5185547 0.4331055 0.5268555 0.4331055 0.5146484 0.4433594 0.5146484 0.4433594 0.5268555 0.4331055 0.5239258 0.4389649 0.5102539 0.340332 0.4921875 0.324707 0.4973145 0.3198242 0.5063477 0.4345703 0.5063477 0.4443359 0.4897461 0.4404297 0.5063477 0.4345703 0.4897461 0.4404297 0.4902344 0.4321289 0.4902344 0.4321289 0.4897461 0.4404297 0.4729004 0.4360352 0.4902344 0.4321289 0.4729004 0.4360352 0.4724121 0.4189453 0.4724121 0.4189453 0.4729004 0.4360352 0.4555664 0.4321289 0.4724121 0.4189453 0.4555664 0.4321289 0.4550781 0.4194336 0.4724121 0.4189453 0.4550781 0.4194336 0.4711914 0.3989258 0.4711914 0.3989258 0.4550781 0.4194336 0.4519043 0.3979492 0.4711914 0.3989258 0.4519043 0.3979492 0.4699707 0.378418 0.4699707 0.378418 0.4519043 0.3979492 0.4470215 0.3745117 0.4699707 0.378418 0.4470215 0.3745117 0.4682617 0.3642578 0.4682617 0.3642578 0.4470215 0.3745117 0.4533692 0.359375 0.4533692 0.359375 0.4470215 0.3745117 0.4445801 0.3442383 0.4533692 0.359375 0.4445801 0.3442383 0.4477539 0.3466797 0.4477539 0.3466797 0.4445801 0.3442383 0.4536133 0.3349609 0.4536133 0.3349609 0.4445801 0.3442383 0.4521484 0.331543 0.4536133 0.3349609 0.4521484 0.331543 0.4682617 0.3310547 0.4682617 0.3310547 0.4521484 0.331543 0.4699707 0.3261719 0.4682617 0.3310547 0.4699707 0.3261719 0.4880371 0.3325195 0.4880371 0.3325195 0.4699707 0.3261719 0.4921875 0.324707 0.4880371 0.3325195 0.4921875 0.324707 0.5029297 0.3422852 0.5029297 0.3422852 0.4921875 0.324707 0.5102539 0.340332 0.5029297 0.3422852 0.5102539 0.340332 0.515625 0.3662109 0.5029297 0.3422852 0.515625 0.3662109 0.5078125 0.3696289 0.5078125 0.3696289 0.515625 0.3662109 0.5185547 0.3925781 0.5078125 0.3696289 0.5185547 0.3925781 0.5078125 0.3959961 0.5078125 0.3959961 0.5185547 0.3925781 0.519043 0.4135742 0.5078125 0.3959961 0.519043 0.4135742 0.5058594 0.4174805 0.5058594 0.4174805 0.519043 0.4135742 0.5185547 0.4331055 0.5058594 0.4174805 0.5185547 0.4331055 0.5063477 0.4345703 0.5063477 0.4345703 0.5185547 0.4331055 0.5063477 0.4443359 0.5063477 0.4443359 0.5185547 0.4331055 0.5146484 0.4433594 0.4919434 0.4462891 0.4897461 0.4443359 0.4973145 0.4458008 0.4973145 0.4458008 0.4897461 0.4443359 0.4897461 0.4404297 0.4973145 0.4458008 0.4897461 0.4404297 0.5063477 0.4443359 0.4724121 0.4189453 0.4899902 0.4194336 0.4902344 0.4321289 0.4902344 0.4321289 0.4899902 0.4194336 0.5063477 0.4345703 0.5063477 0.4345703 0.4899902 0.4194336 0.5058594 0.4174805 0.5058594 0.4174805 0.4899902 0.4194336 0.4909668 0.3979492 0.5058594 0.4174805 0.4909668 0.3979492 0.5078125 0.3959961 0.5078125 0.3959961 0.4909668 0.3979492 0.4941406 0.375 0.5078125 0.3959961 0.4941406 0.375 0.5078125 0.3696289 0.5078125 0.3696289 0.4941406 0.375 0.4958496 0.3457031 0.5078125 0.3696289 0.4958496 0.3457031 0.5029297 0.3422852 0.5029297 0.3422852 0.4958496 0.3457031 0.4880371 0.3325195 0.4880371 0.3325195 0.4958496 0.3457031 0.4838867 0.3359375 0.4880371 0.3325195 0.4838867 0.3359375 0.4682617 0.3310547 0.4682617 0.3642578 0.4841309 0.3598633 0.4699707 0.378418 0.4699707 0.378418 0.4841309 0.3598633 0.4941406 0.375 0.4699707 0.378418 0.4941406 0.375 0.4909668 0.3979492 0.4699707 0.378418 0.4909668 0.3979492 0.4711914 0.3989258 0.4711914 0.3989258 0.4909668 0.3979492 0.4724121 0.4189453 0.4724121 0.4189453 0.4909668 0.3979492 0.4899902 0.4194336 0.4897461 0.347168 0.4838867 0.3359375 0.4958496 0.3457031 0.4897461 0.347168 0.4958496 0.3457031 0.4841309 0.3598633 0.4841309 0.3598633 0.4958496 0.3457031 0.4941406 0.375 0.4709473 0.4570313 0.4802246 0.4570313 0.4743652 0.4746094 0.4709473 0.4570313 0.4743652 0.4746094 0.4641113 0.4570313 0.4641113 0.4570313 0.4743652 0.4746094 0.4677734 0.4746094 0.4641113 0.4570313 0.4677734 0.4746094 0.4541016 0.4570313 0.4924317 0.4746094 0.4987793 0.4746094 0.4799805 0.4873047 0.4799805 0.4873047 0.4987793 0.4746094 0.5048828 0.4746094 0.5048828 0.4746094 0.4987793 0.4746094 0.512207 0.4570313 0.512207 0.4570313 0.4987793 0.4746094 0.5058594 0.4570313 0.5058594 0.4570313 0.4987793 0.4746094 0.4924317 0.4746094 0.5058594 0.4570313 0.4924317 0.4746094 0.4960938 0.4570313 0.4960938 0.4570313 0.4924317 0.4746094 0.486084 0.4746094 0.4960938 0.4570313 0.486084 0.4746094 0.489502 0.4570313 0.489502 0.4570313 0.486084 0.4746094 0.4802246 0.4570313 0.4802246 0.4570313 0.486084 0.4746094 0.4802246 0.4746094 0.4802246 0.4570313 0.4802246 0.4746094 0.4743652 0.4746094 0.4743652 0.4746094 0.4802246 0.4746094 0.4799805 0.4873047 0.4743652 0.4746094 0.4799805 0.4873047 0.4677734 0.4746094 0.4677734 0.4746094 0.4799805 0.4873047 0.4611817 0.4746094 0.4677734 0.4746094 0.4611817 0.4746094 0.4541016 0.4570313 0.4541016 0.4570313 0.4611817 0.4746094 0.442627 0.4570313 0.442627 0.4570313 0.4611817 0.4746094 0.4545899 0.4746094 0.4545899 0.4746094 0.4611817 0.4746094 0.4799805 0.4873047 0.486084 0.4746094 0.4924317 0.4746094 0.4799805 0.4873047 0.486084 0.4746094 0.4799805 0.4873047 0.4802246 0.4746094 0.4802246 0.4570313 0.4802246 0.4746094 0.4743652 0.4746094 0.4802246 0.4570313 0.4743652 0.4746094 0.4709473 0.4570313 0.4709473 0.4570313 0.4743652 0.4746094 0.4641113 0.4570313 0.4611817 0.4746094 0.4545899 0.4746094 0.442627 0.4570313 0.4611817 0.4746094 0.442627 0.4570313 0.4541016 0.4570313 0.4611817 0.4746094 0.4541016 0.4570313 0.4677734 0.4746094 0.4677734 0.4746094 0.4541016 0.4570313 0.4641113 0.4570313 0.4677734 0.4746094 0.4641113 0.4570313 0.4743652 0.4746094 0.4677734 0.4746094 0.4743652 0.4746094 0.4799805 0.4873047 0.4799805 0.4873047 0.4743652 0.4746094 0.4802246 0.4746094 0.4799805 0.4873047 0.4802246 0.4746094 0.486084 0.4746094 0.486084 0.4746094 0.4802246 0.4746094 0.4802246 0.4570313 0.486084 0.4746094 0.4802246 0.4570313 0.489502 0.4570313 0.486084 0.4746094 0.489502 0.4570313 0.4960938 0.4570313 0.486084 0.4746094 0.4960938 0.4570313 0.4924317 0.4746094 0.4924317 0.4746094 0.4960938 0.4570313 0.5058594 0.4570313 0.4924317 0.4746094 0.5058594 0.4570313 0.4987793 0.4746094 0.4987793 0.4746094 0.5058594 0.4570313 0.512207 0.4570313 0.4987793 0.4746094 0.512207 0.4570313 0.5048828 0.4746094 0.4987793 0.4746094 0.5048828 0.4746094 0.4799805 0.4873047 0.4987793 0.4746094 0.4799805 0.4873047 0.4924317 0.4746094 0.4924317 0.4746094 0.4799805 0.4873047 0.486084 0.4746094 0.4611817 0.4746094 0.4677734 0.4746094 0.4799805 0.4873047 0.4611817 0.4746094 0.4799805 0.4873047 0.4545899 0.4746094 0.5419922 0.4174805 0.5439453 0.4331055 0.5527344 0.4179688 0.5419922 0.4174805 0.5527344 0.4179688 0.5454102 0.3984375 0.5454102 0.3984375 0.5527344 0.4179688 0.5639649 0.3999024 0.5454102 0.3984375 0.5639649 0.3999024 0.5576172 0.3725586 0.5717774 0.4438477 0.5742188 0.4458008 0.5717774 0.4404297 0.5717774 0.4404297 0.5742188 0.4458008 0.5795899 0.4458008 0.5717774 0.4404297 0.5795899 0.4458008 0.5883789 0.4404297 0.5883789 0.4404297 0.5795899 0.4458008 0.5883789 0.4458008 0.5883789 0.4404297 0.5883789 0.4458008 0.5976563 0.4458008 0.5883789 0.4404297 0.5976563 0.4458008 0.6054688 0.440918 0.6054688 0.440918 0.5976563 0.4458008 0.6020508 0.4462891 0.6054688 0.440918 0.6020508 0.4462891 0.6054688 0.4443359 0.6054688 0.440918 0.6054688 0.4443359 0.6074219 0.4462891 0.6054688 0.440918 0.6074219 0.4462891 0.612793 0.4458008 0.6054688 0.440918 0.612793 0.4458008 0.621582 0.4384766 0.621582 0.4384766 0.612793 0.4458008 0.6220703 0.4448242 0.621582 0.4384766 0.6220703 0.4448242 0.6303711 0.4433594 0.621582 0.4384766 0.6303711 0.4433594 0.6342774 0.4335938 0.6342774 0.4335938 0.6303711 0.4433594 0.6396484 0.4389649 0.6342774 0.4335938 0.6396484 0.4389649 0.6430664 0.4331055 0.6342774 0.4335938 0.6430664 0.4331055 0.6367188 0.4179688 0.6367188 0.4179688 0.6430664 0.4331055 0.6450195 0.4160156 0.6367188 0.4179688 0.6450195 0.4160156 0.6328125 0.3989258 0.6328125 0.3989258 0.6450195 0.4160156 0.6435547 0.394043 0.6328125 0.3989258 0.6435547 0.394043 0.6210938 0.3730469 0.6210938 0.3730469 0.6435547 0.394043 0.6416016 0.3676758 0.6210938 0.3730469 0.6416016 0.3676758 0.6166992 0.3422852 0.6166992 0.3422852 0.6416016 0.3676758 0.6367188 0.3359375 0.6166992 0.3422852 0.6367188 0.3359375 0.6206055 0.3134766 0.6166992 0.3422852 0.6206055 0.3134766 0.6113281 0.324707 0.6113281 0.324707 0.6206055 0.3134766 0.5893555 0.3061524 0.6113281 0.324707 0.5893555 0.3061524 0.5893555 0.3222656 0.5893555 0.3222656 0.5893555 0.3061524 0.5673828 0.3237305 0.5893555 0.3222656 0.5673828 0.3237305 0.5893555 0.3417969 0.5893555 0.3417969 0.5673828 0.3237305 0.5620117 0.3413086 0.5893555 0.3417969 0.5620117 0.3413086 0.5893555 0.3691406 0.5893555 0.3691406 0.5620117 0.3413086 0.5576172 0.3725586 0.5893555 0.3691406 0.5576172 0.3725586 0.5888672 0.3969727 0.5888672 0.3969727 0.5576172 0.3725586 0.5639649 0.3999024 0.5888672 0.3969727 0.5639649 0.3999024 0.5693359 0.4199219 0.5693359 0.4199219 0.5639649 0.3999024 0.5527344 0.4179688 0.5693359 0.4199219 0.5527344 0.4179688 0.5561524 0.4384766 0.5561524 0.4384766 0.5527344 0.4179688 0.5439453 0.4331055 0.5561524 0.4384766 0.5439453 0.4331055 0.5483399 0.4438477 0.5483399 0.4438477 0.5439453 0.4331055 0.5424805 0.4394531 0.5424805 0.4394531 0.5439453 0.4331055 0.5356445 0.4326172 0.5356445 0.4326172 0.5439453 0.4331055 0.5419922 0.4174805 0.5356445 0.4326172 0.5419922 0.4174805 0.5336914 0.4155274 0.5336914 0.4155274 0.5419922 0.4174805 0.5454102 0.3984375 0.5336914 0.4155274 0.5454102 0.3984375 0.5351563 0.3935547 0.5351563 0.3935547 0.5454102 0.3984375 0.5576172 0.3725586 0.5351563 0.3935547 0.5576172 0.3725586 0.5371094 0.3666992 0.5371094 0.3666992 0.5576172 0.3725586 0.5620117 0.3413086 0.5371094 0.3666992 0.5620117 0.3413086 0.5419922 0.3344727 0.5419922 0.3344727 0.5620117 0.3413086 0.5673828 0.3237305 0.5419922 0.3344727 0.5673828 0.3237305 0.5576172 0.3120117 0.5576172 0.3120117 0.5673828 0.3237305 0.5893555 0.3061524 0.6113281 0.324707 0.5893555 0.3222656 0.5893555 0.3417969 0.6113281 0.324707 0.5893555 0.3417969 0.6166992 0.3422852 0.6166992 0.3422852 0.5893555 0.3417969 0.5893555 0.3691406 0.6166992 0.3422852 0.5893555 0.3691406 0.6210938 0.3730469 0.6210938 0.3730469 0.5893555 0.3691406 0.5888672 0.3969727 0.6210938 0.3730469 0.5888672 0.3969727 0.6142578 0.3999024 0.6210938 0.3730469 0.6142578 0.3999024 0.6328125 0.3989258 0.5561524 0.4384766 0.5483399 0.4438477 0.5561524 0.4443359 0.5561524 0.4443359 0.5644531 0.4453125 0.5561524 0.4384766 0.5561524 0.4384766 0.5644531 0.4453125 0.5717774 0.4404297 0.5561524 0.4384766 0.5717774 0.4404297 0.5693359 0.4199219 0.5693359 0.4199219 0.5717774 0.4404297 0.5888672 0.4194336 0.5693359 0.4199219 0.5888672 0.4194336 0.5888672 0.3969727 0.5888672 0.3969727 0.5888672 0.4194336 0.6083984 0.4199219 0.5888672 0.3969727 0.6083984 0.4199219 0.6142578 0.3999024 0.6142578 0.3999024 0.6083984 0.4199219 0.6254883 0.4179688 0.6142578 0.3999024 0.6254883 0.4179688 0.6328125 0.3989258 0.6328125 0.3989258 0.6254883 0.4179688 0.6367188 0.4179688 0.6367188 0.4179688 0.6254883 0.4179688 0.6342774 0.4335938 0.6342774 0.4335938 0.6254883 0.4179688 0.621582 0.4384766 0.621582 0.4384766 0.6254883 0.4179688 0.6083984 0.4199219 0.621582 0.4384766 0.6083984 0.4199219 0.6054688 0.440918 0.6054688 0.440918 0.6083984 0.4199219 0.5888672 0.4194336 0.6054688 0.440918 0.5888672 0.4194336 0.5883789 0.4404297 0.5883789 0.4404297 0.5888672 0.4194336 0.5717774 0.4404297 0.5644531 0.4453125 0.5688477 0.4458008 0.5717774 0.4404297 0.5717774 0.4404297 0.5688477 0.4458008 0.5717774 0.4438477 0.5576172 0.3725586 0.5639649 0.3999024 0.5454102 0.3984375 0.5454102 0.3984375 0.5639649 0.3999024 0.5527344 0.4179688 0.5454102 0.3984375 0.5527344 0.4179688 0.5419922 0.4174805 0.5419922 0.4174805 0.5527344 0.4179688 0.5439453 0.4331055 0.5439453 0.4331055 0.5527344 0.4179688 0.5561524 0.4384766 0.5561524 0.4384766 0.5527344 0.4179688 0.5693359 0.4199219 0.5693359 0.4199219 0.5527344 0.4179688 0.5639649 0.3999024 0.5693359 0.4199219 0.5639649 0.3999024 0.5888672 0.3969727 0.5888672 0.3969727 0.5639649 0.3999024 0.5576172 0.3725586 0.5888672 0.3969727 0.5576172 0.3725586 0.5893555 0.3691406 0.5893555 0.3691406 0.5576172 0.3725586 0.5620117 0.3413086 0.5893555 0.3691406 0.5620117 0.3413086 0.5893555 0.3417969 0.5893555 0.3417969 0.5620117 0.3413086 0.5673828 0.3237305 0.5893555 0.3417969 0.5673828 0.3237305 0.5893555 0.3222656 0.5717774 0.4404297 0.5561524 0.4384766 0.5693359 0.4199219 0.5717774 0.4404297 0.5693359 0.4199219 0.5888672 0.4194336 0.5888672 0.4194336 0.5693359 0.4199219 0.5888672 0.3969727 0.5888672 0.4194336 0.5888672 0.3969727 0.6083984 0.4199219 0.6083984 0.4199219 0.5888672 0.3969727 0.6142578 0.3999024 0.6083984 0.4199219 0.6142578 0.3999024 0.6254883 0.4179688 0.6254883 0.4179688 0.6142578 0.3999024 0.6328125 0.3989258 0.6254883 0.4179688 0.6328125 0.3989258 0.6367188 0.4179688 0.6367188 0.4179688 0.6328125 0.3989258 0.6450195 0.4160156 0.6367188 0.4179688 0.6450195 0.4160156 0.6430664 0.4331055 0.6367188 0.4179688 0.6430664 0.4331055 0.6342774 0.4335938 0.6342774 0.4335938 0.6430664 0.4331055 0.6396484 0.4389649 0.6342774 0.4335938 0.6396484 0.4389649 0.6303711 0.4433594 0.6342774 0.4335938 0.6303711 0.4433594 0.621582 0.4384766 0.621582 0.4384766 0.6303711 0.4433594 0.6220703 0.4448242 0.621582 0.4384766 0.6220703 0.4448242 0.612793 0.4458008 0.621582 0.4384766 0.612793 0.4458008 0.6054688 0.440918 0.6054688 0.440918 0.612793 0.4458008 0.6074219 0.4462891 0.6054688 0.440918 0.6074219 0.4462891 0.6054688 0.4443359 0.6054688 0.440918 0.6054688 0.4443359 0.6020508 0.4462891 0.6054688 0.440918 0.6020508 0.4462891 0.5976563 0.4458008 0.6054688 0.440918 0.5976563 0.4458008 0.5883789 0.4404297 0.5883789 0.4404297 0.5976563 0.4458008 0.5883789 0.4458008 0.5883789 0.4404297 0.5883789 0.4458008 0.5795899 0.4458008 0.5883789 0.4404297 0.5795899 0.4458008 0.5717774 0.4404297 0.5717774 0.4404297 0.5795899 0.4458008 0.5742188 0.4458008 0.5717774 0.4404297 0.5742188 0.4458008 0.5717774 0.4438477 0.5717774 0.4404297 0.5717774 0.4438477 0.5688477 0.4458008 0.5717774 0.4404297 0.5688477 0.4458008 0.5644531 0.4453125 0.5717774 0.4404297 0.5644531 0.4453125 0.5561524 0.4384766 0.5561524 0.4384766 0.5644531 0.4453125 0.5561524 0.4443359 0.5561524 0.4384766 0.5561524 0.4443359 0.5483399 0.4438477 0.5561524 0.4384766 0.5483399 0.4438477 0.5439453 0.4331055 0.5439453 0.4331055 0.5483399 0.4438477 0.5424805 0.4394531 0.5439453 0.4331055 0.5424805 0.4394531 0.5356445 0.4326172 0.5439453 0.4331055 0.5356445 0.4326172 0.5419922 0.4174805 0.5419922 0.4174805 0.5356445 0.4326172 0.5336914 0.4155274 0.5419922 0.4174805 0.5336914 0.4155274 0.5454102 0.3984375 0.5454102 0.3984375 0.5336914 0.4155274 0.5351563 0.3935547 0.5454102 0.3984375 0.5351563 0.3935547 0.5576172 0.3725586 0.5576172 0.3725586 0.5351563 0.3935547 0.5371094 0.3666992 0.5576172 0.3725586 0.5371094 0.3666992 0.5620117 0.3413086 0.5620117 0.3413086 0.5371094 0.3666992 0.5419922 0.3344727 0.5620117 0.3413086 0.5419922 0.3344727 0.5673828 0.3237305 0.5673828 0.3237305 0.5419922 0.3344727 0.5576172 0.3120117 0.5673828 0.3237305 0.5576172 0.3120117 0.5893555 0.3061524 0.5673828 0.3237305 0.5893555 0.3061524 0.5893555 0.3222656 0.5893555 0.3222656 0.5893555 0.3061524 0.6113281 0.324707 0.5893555 0.3222656 0.6113281 0.324707 0.5893555 0.3417969 0.5893555 0.3417969 0.6113281 0.324707 0.6166992 0.3422852 0.5893555 0.3417969 0.6166992 0.3422852 0.5893555 0.3691406 0.5893555 0.3691406 0.6166992 0.3422852 0.6210938 0.3730469 0.5893555 0.3691406 0.6210938 0.3730469 0.5888672 0.3969727 0.5888672 0.3969727 0.6210938 0.3730469 0.6142578 0.3999024 0.6142578 0.3999024 0.6210938 0.3730469 0.6328125 0.3989258 0.6328125 0.3989258 0.6210938 0.3730469 0.6435547 0.394043 0.6328125 0.3989258 0.6435547 0.394043 0.6450195 0.4160156 0.6367188 0.4179688 0.6342774 0.4335938 0.6254883 0.4179688 0.6254883 0.4179688 0.6342774 0.4335938 0.621582 0.4384766 0.6254883 0.4179688 0.621582 0.4384766 0.6083984 0.4199219 0.6083984 0.4199219 0.621582 0.4384766 0.6054688 0.440918 0.6083984 0.4199219 0.6054688 0.440918 0.5888672 0.4194336 0.5888672 0.4194336 0.6054688 0.440918 0.5883789 0.4404297 0.5888672 0.4194336 0.5883789 0.4404297 0.5717774 0.4404297 0.6416016 0.3676758 0.6435547 0.394043 0.6210938 0.3730469 0.6416016 0.3676758 0.6210938 0.3730469 0.6166992 0.3422852 0.6416016 0.3676758 0.6166992 0.3422852 0.6367188 0.3359375 0.6367188 0.3359375 0.6166992 0.3422852 0.6206055 0.3134766 0.6206055 0.3134766 0.6166992 0.3422852 0.6113281 0.324707 0.6206055 0.3134766 0.6113281 0.324707 0.5893555 0.3061524 0.4841309 0.3598633 0.4682617 0.3642578 0.4699707 0.378418 0.4699707 0.378418 0.4682617 0.3642578 0.4470215 0.3745117 0.4699707 0.378418 0.4470215 0.3745117 0.4519043 0.3979492 0.4699707 0.378418 0.4519043 0.3979492 0.4711914 0.3989258 0.4711914 0.3989258 0.4519043 0.3979492 0.4550781 0.4194336 0.4477539 0.3466797 0.4536133 0.3349609 0.4445801 0.3442383 0.4477539 0.3466797 0.4445801 0.3442383 0.4533692 0.359375 0.4533692 0.359375 0.4445801 0.3442383 0.4470215 0.3745117 0.4533692 0.359375 0.4470215 0.3745117 0.4682617 0.3642578 0.4399414 0.4345703 0.4550781 0.4194336 0.4394531 0.4169922 0.4394531 0.4169922 0.4550781 0.4194336 0.4519043 0.3979492 0.4394531 0.4169922 0.4519043 0.3979492 0.4360352 0.3955078 0.4360352 0.3955078 0.4519043 0.3979492 0.4470215 0.3745117 0.4360352 0.3955078 0.4470215 0.3745117 0.435791 0.3686524 0.435791 0.3686524 0.4470215 0.3745117 0.4445801 0.3442383 0.435791 0.3686524 0.4445801 0.3442383 0.4401856 0.3408203 0.4401856 0.3408203 0.4445801 0.3442383 0.4521484 0.331543 0.4521484 0.331543 0.4445801 0.3442383 0.4536133 0.3349609 0.4521484 0.331543 0.4536133 0.3349609 0.4682617 0.3310547 0.4533692 0.4458008 0.4560547 0.4438477 0.4489746 0.4453125 0.4489746 0.4453125 0.4560547 0.4438477 0.4562988 0.4404297 0.4489746 0.4453125 0.4562988 0.4404297 0.4404297 0.4443359 0.4404297 0.4443359 0.4562988 0.4404297 0.4399414 0.4345703 0.4404297 0.4443359 0.4399414 0.4345703 0.4282227 0.4331055 0.4282227 0.4331055 0.4399414 0.4345703 0.4394531 0.4169922 0.4282227 0.4331055 0.4394531 0.4169922 0.4272461 0.4130859 0.4272461 0.4130859 0.4394531 0.4169922 0.4360352 0.3955078 0.4272461 0.4130859 0.4360352 0.3955078 0.4274902 0.3920899 0.4274902 0.3920899 0.4360352 0.3955078 0.435791 0.3686524 0.4274902 0.3920899 0.435791 0.3686524 0.4304199 0.3652344 0.4304199 0.3652344 0.435791 0.3686524 0.4401856 0.3408203 0.4304199 0.3652344 0.4401856 0.3408203 0.435791 0.3388672 0.435791 0.3388672 0.4401856 0.3408203 0.4506836 0.3237305 0.4506836 0.3237305 0.4401856 0.3408203 0.4521484 0.331543 0.4506836 0.3237305 0.4521484 0.331543 0.4699707 0.3261719 0.4699707 0.3261719 0.4521484 0.331543 0.4682617 0.3310547 0.4699707 0.3261719 0.4682617 0.3310547 0.4880371 0.3325195 0.4880371 0.3325195 0.4682617 0.3310547 0.4838867 0.3359375 0.4880371 0.3325195 0.4838867 0.3359375 0.4958496 0.3457031 0.4958496 0.3457031 0.4838867 0.3359375 0.4897461 0.347168 0.4958496 0.3457031 0.4897461 0.347168 0.4841309 0.3598633 0.4958496 0.3457031 0.4841309 0.3598633 0.4941406 0.375 0.4941406 0.375 0.4841309 0.3598633 0.4699707 0.378418 0.4941406 0.375 0.4699707 0.378418 0.4909668 0.3979492 0.4909668 0.3979492 0.4699707 0.378418 0.4711914 0.3989258 0.4909668 0.3979492 0.4711914 0.3989258 0.4724121 0.4189453 0.4724121 0.4189453 0.4711914 0.3989258 0.4550781 0.4194336 0.4724121 0.4189453 0.4550781 0.4194336 0.4555664 0.4321289 0.4555664 0.4321289 0.4550781 0.4194336 0.4399414 0.4345703 0.4555664 0.4321289 0.4399414 0.4345703 0.4562988 0.4404297 0.4555664 0.4321289 0.4562988 0.4404297 0.4729004 0.4360352 0.4555664 0.4321289 0.4729004 0.4360352 0.4724121 0.4189453 0.4724121 0.4189453 0.4729004 0.4360352 0.4902344 0.4321289 0.4724121 0.4189453 0.4902344 0.4321289 0.4899902 0.4194336 0.4724121 0.4189453 0.4899902 0.4194336 0.4909668 0.3979492 0.4404297 0.4443359 0.4282227 0.4331055 0.4323731 0.4438477 0.4267578 0.4394531 0.4323731 0.4438477 0.4199219 0.4326172 0.4199219 0.4326172 0.4323731 0.4438477 0.4282227 0.4331055 0.4199219 0.4326172 0.4282227 0.4331055 0.4179688 0.4155274 0.4179688 0.4155274 0.4282227 0.4331055 0.4272461 0.4130859 0.4179688 0.4155274 0.4272461 0.4130859 0.4196777 0.3935547 0.4196777 0.3935547 0.4272461 0.4130859 0.4274902 0.3920899 0.4196777 0.3935547 0.4274902 0.3920899 0.4211426 0.3666992 0.4211426 0.3666992 0.4274902 0.3920899 0.4304199 0.3652344 0.4211426 0.3666992 0.4304199 0.3652344 0.4265137 0.3344727 0.4265137 0.3344727 0.4304199 0.3652344 0.435791 0.3388672 0.4265137 0.3344727 0.435791 0.3388672 0.4421387 0.3120117 0.4421387 0.3120117 0.435791 0.3388672 0.4484863 0.3183594 0.4484863 0.3183594 0.435791 0.3388672 0.4506836 0.3237305 0.4484863 0.3183594 0.4506836 0.3237305 0.4714356 0.3173828 0.4714356 0.3173828 0.4506836 0.3237305 0.4699707 0.3261719 0.4714356 0.3173828 0.4699707 0.3261719 0.4921875 0.324707 0.4921875 0.324707 0.4699707 0.3261719 0.4880371 0.3325195 0.4921875 0.324707 0.4880371 0.3325195 0.5029297 0.3422852 0.5029297 0.3422852 0.4880371 0.3325195 0.4958496 0.3457031 0.5029297 0.3422852 0.4958496 0.3457031 0.5078125 0.3696289 0.5078125 0.3696289 0.4958496 0.3457031 0.4941406 0.375 0.5078125 0.3696289 0.4941406 0.375 0.5078125 0.3959961 0.5078125 0.3959961 0.4941406 0.375 0.4909668 0.3979492 0.5078125 0.3959961 0.4909668 0.3979492 0.5058594 0.4174805 0.5058594 0.4174805 0.4909668 0.3979492 0.4899902 0.4194336 0.5058594 0.4174805 0.4899902 0.4194336 0.5063477 0.4345703 0.5063477 0.4345703 0.4899902 0.4194336 0.4902344 0.4321289 0.5063477 0.4345703 0.4902344 0.4321289 0.4897461 0.4404297 0.4897461 0.4404297 0.4902344 0.4321289 0.4729004 0.4360352 0.4897461 0.4404297 0.4729004 0.4360352 0.4729004 0.4458008 0.4729004 0.4458008 0.4729004 0.4360352 0.4562988 0.4404297 0.4729004 0.4458008 0.4562988 0.4404297 0.4638672 0.4458008 0.4638672 0.4458008 0.4562988 0.4404297 0.4560547 0.4438477 0.4638672 0.4458008 0.4560547 0.4438477 0.4587402 0.4458008 0.4897461 0.4443359 0.4919434 0.4462891 0.4973145 0.4458008 0.4897461 0.4443359 0.4973145 0.4458008 0.4897461 0.4404297 0.4897461 0.4404297 0.4973145 0.4458008 0.5063477 0.4443359 0.4897461 0.4404297 0.5063477 0.4443359 0.5063477 0.4345703 0.5063477 0.4345703 0.5063477 0.4443359 0.5185547 0.4331055 0.5063477 0.4345703 0.5185547 0.4331055 0.5058594 0.4174805 0.5058594 0.4174805 0.5185547 0.4331055 0.519043 0.4135742 0.5058594 0.4174805 0.519043 0.4135742 0.5078125 0.3959961 0.5078125 0.3959961 0.519043 0.4135742 0.5185547 0.3925781 0.5078125 0.3959961 0.5185547 0.3925781 0.5078125 0.3696289 0.5078125 0.3696289 0.5185547 0.3925781 0.515625 0.3662109 0.5078125 0.3696289 0.515625 0.3662109 0.5029297 0.3422852 0.5029297 0.3422852 0.515625 0.3662109 0.5102539 0.340332 0.5029297 0.3422852 0.5102539 0.340332 0.4921875 0.324707 0.4921875 0.324707 0.5102539 0.340332 0.4973145 0.3198242 0.4921875 0.324707 0.4973145 0.3198242 0.4729004 0.3120117 0.4729004 0.3120117 0.4973145 0.3198242 0.4736328 0.3061524 0.4729004 0.3120117 0.4736328 0.3061524 0.4421387 0.3120117 0.4729004 0.3120117 0.4421387 0.3120117 0.4484863 0.3183594 0.4729004 0.3120117 0.4484863 0.3183594 0.4714356 0.3173828 0.4729004 0.3120117 0.4714356 0.3173828 0.4921875 0.324707 0.4863281 0.4462891 0.4897461 0.4443359 0.4819336 0.4458008 0.4819336 0.4458008 0.4897461 0.4443359 0.4897461 0.4404297 0.4819336 0.4458008 0.4897461 0.4404297 0.4729004 0.4458008 0.5063477 0.4443359 0.5146484 0.4433594 0.5185547 0.4331055 0.5185547 0.4331055 0.5146484 0.4433594 0.5268555 0.4331055 0.5185547 0.4331055 0.5268555 0.4331055 0.5288086 0.4160156 0.5185547 0.4331055 0.5288086 0.4160156 0.519043 0.4135742 0.519043 0.4135742 0.5288086 0.4160156 0.5273438 0.394043 0.519043 0.4135742 0.5273438 0.394043 0.5185547 0.3925781 0.5185547 0.3925781 0.5273438 0.394043 0.5258789 0.3676758 0.5185547 0.3925781 0.5258789 0.3676758 0.515625 0.3662109 0.515625 0.3662109 0.5258789 0.3676758 0.5205078 0.3359375 0.515625 0.3662109 0.5205078 0.3359375 0.5102539 0.340332 0.5102539 0.340332 0.5205078 0.3359375 0.5048828 0.3134766 0.5102539 0.340332 0.5048828 0.3134766 0.4973145 0.3198242 0.4973145 0.3198242 0.5048828 0.3134766 0.4736328 0.3061524 0.5268555 0.4331055 0.5146484 0.4433594 0.5239258 0.4389649 0.4743652 0.4746094 0.4799805 0.4873047 0.4802246 0.4746094 0.4611817 0.4746094 0.4541016 0.4570313 0.442627 0.4570313 0.4611817 0.4746094 0.442627 0.4570313 0.4545899 0.4746094 0.4611817 0.4746094 0.4545899 0.4746094 0.4799805 0.4873047 0.4611817 0.4746094 0.4799805 0.4873047 0.4677734 0.4746094 0.4677734 0.4746094 0.4799805 0.4873047 0.4743652 0.4746094 0.4677734 0.4746094 0.4743652 0.4746094 0.4641113 0.4570313 0.4641113 0.4570313 0.4743652 0.4746094 0.4709473 0.4570313 0.4709473 0.4570313 0.4743652 0.4746094 0.4802246 0.4570313 0.4802246 0.4570313 0.4743652 0.4746094 0.4802246 0.4746094 0.4802246 0.4570313 0.4802246 0.4746094 0.486084 0.4746094 0.486084 0.4746094 0.4802246 0.4746094 0.4799805 0.4873047 0.486084 0.4746094 0.4799805 0.4873047 0.4924317 0.4746094 0.4924317 0.4746094 0.4799805 0.4873047 0.4987793 0.4746094 0.4924317 0.4746094 0.4987793 0.4746094 0.5058594 0.4570313 0.5058594 0.4570313 0.4987793 0.4746094 0.512207 0.4570313 0.512207 0.4570313 0.4987793 0.4746094 0.5048828 0.4746094 0.5048828 0.4746094 0.4987793 0.4746094 0.4799805 0.4873047 0.4611817 0.4746094 0.4677734 0.4746094 0.4541016 0.4570313 0.4541016 0.4570313 0.4677734 0.4746094 0.4641113 0.4570313 0.489502 0.4570313 0.4802246 0.4570313 0.486084 0.4746094 0.489502 0.4570313 0.486084 0.4746094 0.4960938 0.4570313 0.4960938 0.4570313 0.486084 0.4746094 0.4924317 0.4746094 0.4960938 0.4570313 0.4924317 0.4746094 0.5058594 0.4570313 0.4799805 0.4873047 0.486084 0.4746094 0.4802246 0.4746094 0.5058594 0.4570313 0.4987793 0.4746094 0.512207 0.4570313 0.512207 0.4570313 0.4987793 0.4746094 0.5048828 0.4746094 0.5048828 0.4746094 0.4987793 0.4746094 0.4799805 0.4873047 0.4799805 0.4873047 0.4987793 0.4746094 0.4924317 0.4746094 0.4799805 0.4873047 0.4924317 0.4746094 0.486084 0.4746094 0.486084 0.4746094 0.4924317 0.4746094 0.4960938 0.4570313 0.486084 0.4746094 0.4960938 0.4570313 0.489502 0.4570313 0.486084 0.4746094 0.489502 0.4570313 0.4802246 0.4570313 0.486084 0.4746094 0.4802246 0.4570313 0.4802246 0.4746094 0.4802246 0.4746094 0.4802246 0.4570313 0.4743652 0.4746094 0.4802246 0.4746094 0.4743652 0.4746094 0.4799805 0.4873047 0.4799805 0.4873047 0.4743652 0.4746094 0.4677734 0.4746094 0.4799805 0.4873047 0.4677734 0.4746094 0.4611817 0.4746094 0.4611817 0.4746094 0.4677734 0.4746094 0.4541016 0.4570313 0.4611817 0.4746094 0.4541016 0.4570313 0.442627 0.4570313 0.4611817 0.4746094 0.442627 0.4570313 0.4545899 0.4746094 0.4611817 0.4746094 0.4545899 0.4746094 0.4799805 0.4873047 0.4960938 0.4570313 0.4924317 0.4746094 0.5058594 0.4570313 0.5058594 0.4570313 0.4924317 0.4746094 0.4987793 0.4746094 0.4541016 0.4570313 0.4677734 0.4746094 0.4641113 0.4570313 0.4641113 0.4570313 0.4677734 0.4746094 0.4743652 0.4746094 0.4641113 0.4570313 0.4743652 0.4746094 0.4709473 0.4570313 0.4709473 0.4570313 0.4743652 0.4746094 0.4802246 0.4570313 0.7954102 0.2729492 0.7954102 0.3085938 0.7636719 0.2705078 0.7954102 0.2729492 0.7636719 0.2705078 0.7729492 0.2333984 0.7729492 0.2333984 0.7636719 0.2705078 0.7426758 0.2314453 0.7729492 0.2333984 0.7426758 0.2314453 0.7641602 0.1992187 0.7641602 0.1992187 0.7426758 0.2314453 0.7270508 0.1938475 0.7641602 0.1992187 0.7270508 0.1938475 0.7299805 0.1655273 0.7299805 0.1655273 0.7270508 0.1938475 0.6816406 0.1508789 0.7299805 0.1655273 0.6816406 0.1508789 0.6904297 0.1386718 0.6904297 0.1386718 0.6816406 0.1508789 0.6601563 0.1240234 0.6904297 0.1386718 0.6601563 0.1240234 0.6914063 0.1206054 0.6914063 0.1206054 0.6601563 0.1240234 0.6616211 0.105957 0.6914063 0.1206054 0.6616211 0.105957 0.6650391 0.0961914 0.6650391 0.0961914 0.6616211 0.105957 0.6416016 0.09326171 0.6650391 0.0961914 0.6416016 0.09326171 0.6401367 0.08300781 0.6650391 0.0961914 0.6401367 0.08300781 0.6665039 0.0883789 0.6650391 0.0961914 0.6665039 0.0883789 0.6967774 0.1098632 0.6967774 0.1098632 0.6665039 0.0883789 0.7026367 0.1015625 0.6967774 0.1098632 0.7026367 0.1015625 0.7319336 0.1264648 0.7319336 0.1264648 0.7026367 0.1015625 0.737793 0.1157226 0.7319336 0.1264648 0.737793 0.1157226 0.7636719 0.13916 0.7636719 0.13916 0.737793 0.1157226 0.7670899 0.1279296 0.7636719 0.13916 0.7670899 0.1279296 0.7954102 0.1469725 0.7954102 0.1469725 0.7670899 0.1279296 0.7954102 0.1333007 0.7626953 0.1762695 0.7641602 0.1992187 0.7299805 0.1655273 0.6650391 0.0961914 0.6967774 0.1098632 0.6914063 0.1206054 0.6914063 0.1206054 0.6967774 0.1098632 0.7294922 0.1420898 0.6914063 0.1206054 0.7294922 0.1420898 0.6904297 0.1386718 0.6904297 0.1386718 0.7294922 0.1420898 0.7299805 0.1655273 0.7299805 0.1655273 0.7294922 0.1420898 0.7626953 0.15625 0.7299805 0.1655273 0.7626953 0.15625 0.7626953 0.1762695 0.7626953 0.1762695 0.7626953 0.15625 0.7954102 0.1665039 0.7626953 0.1762695 0.7954102 0.1665039 0.7954102 0.186035 0.7626953 0.1762695 0.7954102 0.186035 0.7641602 0.1992187 0.7641602 0.1992187 0.7954102 0.186035 0.7954102 0.2011718 0.7641602 0.1992187 0.7954102 0.2011718 0.7729492 0.2333984 0.7729492 0.2333984 0.7954102 0.2011718 0.7954102 0.2324218 0.7729492 0.2333984 0.7954102 0.2324218 0.7954102 0.2729492 0.6967774 0.1098632 0.7319336 0.1264648 0.7294922 0.1420898 0.7294922 0.1420898 0.7319336 0.1264648 0.7636719 0.13916 0.7294922 0.1420898 0.7636719 0.13916 0.7626953 0.15625 0.7626953 0.15625 0.7636719 0.13916 0.7954102 0.1469725 0.7626953 0.15625 0.7954102 0.1469725 0.7954102 0.1665039 0.7954102 0.3085938 0.7954102 0.3422852 0.765625 0.3076172 0.7954102 0.3085938 0.765625 0.3076172 0.7636719 0.2705078 0.7636719 0.2705078 0.765625 0.3076172 0.7363281 0.2739258 0.7636719 0.2705078 0.7363281 0.2739258 0.7426758 0.2314453 0.7426758 0.2314453 0.7363281 0.2739258 0.7119141 0.234375 0.7426758 0.2314453 0.7119141 0.234375 0.7270508 0.1938475 0.7270508 0.1938475 0.7119141 0.234375 0.6894531 0.1977539 0.7270508 0.1938475 0.6894531 0.1977539 0.6816406 0.1508789 0.6816406 0.1508789 0.6894531 0.1977539 0.6713867 0.1655273 0.6816406 0.1508789 0.6713867 0.1655273 0.6523438 0.1474609 0.6816406 0.1508789 0.6523438 0.1474609 0.6586914 0.1362304 0.6816406 0.1508789 0.6586914 0.1362304 0.6601563 0.1240234 0.6601563 0.1240234 0.6586914 0.1362304 0.6416016 0.1254882 0.6601563 0.1240234 0.6416016 0.1254882 0.6616211 0.105957 0.6616211 0.105957 0.6416016 0.1254882 0.640625 0.1054687 0.6616211 0.105957 0.640625 0.1054687 0.6416016 0.09326171 0.6416016 0.09326171 0.640625 0.1054687 0.6259766 0.09228515 0.6416016 0.09326171 0.6259766 0.09228515 0.6401367 0.08300781 0.6401367 0.08300781 0.6259766 0.09228515 0.6254883 0.08105468 0.6254883 0.08105468 0.6259766 0.09228515 0.6123047 0.09130859 0.6254883 0.08105468 0.6123047 0.09130859 0.612793 0.08105468 0.612793 0.08105468 0.6123047 0.09130859 0.5981445 0.0859375 0.5981445 0.0859375 0.6123047 0.09130859 0.5981445 0.09472656 0.5981445 0.09472656 0.6123047 0.09130859 0.5981445 0.1049804 0.5981445 0.1049804 0.6123047 0.09130859 0.6152344 0.1054687 0.5981445 0.1049804 0.6152344 0.1054687 0.5981445 0.1206054 0.5981445 0.1206054 0.6152344 0.1054687 0.6162109 0.1289062 0.6162109 0.1289062 0.6152344 0.1054687 0.6274414 0.1054687 0.6162109 0.1289062 0.6274414 0.1054687 0.6279297 0.1289062 0.6279297 0.1289062 0.6274414 0.1054687 0.6416016 0.1254882 0.6416016 0.1254882 0.6274414 0.1054687 0.640625 0.1054687 0.640625 0.1054687 0.6274414 0.1054687 0.6259766 0.09228515 0.6259766 0.09228515 0.6274414 0.1054687 0.6152344 0.1054687 0.6259766 0.09228515 0.6152344 0.1054687 0.6123047 0.09130859 0.6586914 0.1362304 0.6523438 0.1474609 0.6416016 0.1254882 0.5981445 0.0859375 0.5981445 0.0859375 0.612793 0.08105468 0.612793 0.08105468 0.5981445 0.0859375 0.612793 0.08105468 0.612793 0.08105468 0.612793 0.08105468 0.6254883 0.08105468 0.612793 0.08105468 0.6254883 0.08105468 0.6254883 0.08105468 0.6254883 0.08105468 0.6254883 0.08105468 0.6401367 0.08300781 0.6254883 0.08105468 0.6401367 0.08300781 0.6401367 0.08300781 0.6401367 0.08300781 0.6401367 0.08300781 0.6665039 0.0883789 0.6665039 0.0883789 0.6401367 0.08300781 0.6665039 0.0883789 0.6665039 0.0883789 0.6665039 0.0883789 0.7026367 0.1015625 0.6665039 0.0883789 0.7026367 0.1015625 0.7026367 0.1015625 0.7026367 0.1015625 0.7026367 0.1015625 0.737793 0.1157226 0.737793 0.1157226 0.7026367 0.1015625 0.737793 0.1157226 0.737793 0.1157226 0.737793 0.1157226 0.7670899 0.1279296 0.7670899 0.1279296 0.737793 0.1157226 0.7670899 0.1279296 0.7670899 0.1279296 0.7670899 0.1279296 0.7954102 0.1333007 0.7954102 0.1333007 0.7670899 0.1279296 0.7954102 0.1333007 0.6416016 0.1254882 0.6279297 0.1289062 0.6416016 0.1254882 0.6416016 0.1254882 0.6279297 0.1289062 0.6279297 0.1289062 0.6279297 0.1289062 0.6279297 0.1289062 0.6162109 0.1289062 0.6162109 0.1289062 0.6279297 0.1289062 0.6162109 0.1289062 0.6162109 0.1289062 0.6162109 0.1289062 0.5981445 0.1206054 0.6162109 0.1289062 0.5981445 0.1206054 0.5981445 0.1206054 0.6416016 0.1254882 0.6416016 0.1254882 0.6523438 0.1474609 0.6416016 0.1254882 0.6523438 0.1474609 0.6523438 0.1474609 0.6523438 0.1474609 0.6523438 0.1474609 0.6713867 0.1655273 0.6523438 0.1474609 0.6713867 0.1655273 0.6713867 0.1655273 0.6713867 0.1655273 0.6713867 0.1655273 0.6894531 0.1977539 0.6894531 0.1977539 0.6713867 0.1655273 0.6894531 0.1977539 0.6894531 0.1977539 0.6894531 0.1977539 0.7119141 0.234375 0.7119141 0.234375 0.6894531 0.1977539 0.7119141 0.234375 0.7119141 0.234375 0.7119141 0.234375 0.7363281 0.2739258 0.7363281 0.2739258 0.7119141 0.234375 0.7363281 0.2739258 0.7363281 0.2739258 0.7363281 0.2739258 0.765625 0.3076172 0.765625 0.3076172 0.7363281 0.2739258 0.765625 0.3076172 0.765625 0.3076172 0.765625 0.3076172 0.7954102 0.3422852 0.765625 0.3076172 0.7954102 0.3422852 0.7954102 0.3422852 0.894043 0.1098632 0.9257813 0.0961914 0.8989258 0.1206054 0.894043 0.1098632 0.8989258 0.1206054 0.8613281 0.1420898 0.8613281 0.1420898 0.8989258 0.1206054 0.9003906 0.1386718 0.8613281 0.1420898 0.9003906 0.1386718 0.8608399 0.1655273 0.8613281 0.1420898 0.8608399 0.1655273 0.828125 0.15625 0.828125 0.15625 0.8608399 0.1655273 0.828125 0.1762695 0.828125 0.1762695 0.8608399 0.1655273 0.8266602 0.1992187 0.8588867 0.1264648 0.894043 0.1098632 0.8613281 0.1420898 0.8588867 0.1264648 0.8613281 0.1420898 0.8271484 0.13916 0.8271484 0.13916 0.8613281 0.1420898 0.828125 0.15625 0.8271484 0.13916 0.828125 0.15625 0.7954102 0.1469725 0.7954102 0.1469725 0.828125 0.15625 0.7954102 0.1665039 0.7954102 0.1665039 0.828125 0.15625 0.828125 0.1762695 0.7954102 0.1665039 0.828125 0.1762695 0.7954102 0.186035 0.7954102 0.186035 0.828125 0.1762695 0.8266602 0.1992187 0.7954102 0.186035 0.8266602 0.1992187 0.7954102 0.2011718 0.7954102 0.2011718 0.8266602 0.1992187 0.8178711 0.2333984 0.7954102 0.2011718 0.8178711 0.2333984 0.7954102 0.2324218 0.7954102 0.2324218 0.8178711 0.2333984 0.7954102 0.2729492 0.7954102 0.1469725 0.7954102 0.1333007 0.8237305 0.1279296 0.7954102 0.1469725 0.8237305 0.1279296 0.8271484 0.13916 0.8271484 0.13916 0.8237305 0.1279296 0.8530274 0.1157226 0.8271484 0.13916 0.8530274 0.1157226 0.8588867 0.1264648 0.8588867 0.1264648 0.8530274 0.1157226 0.8881836 0.1015625 0.8588867 0.1264648 0.8881836 0.1015625 0.894043 0.1098632 0.894043 0.1098632 0.8881836 0.1015625 0.9243164 0.0883789 0.894043 0.1098632 0.9243164 0.0883789 0.9257813 0.0961914 0.9257813 0.0961914 0.9243164 0.0883789 0.9506836 0.08300781 0.9257813 0.0961914 0.9506836 0.08300781 0.9492188 0.09326171 0.9257813 0.0961914 0.9492188 0.09326171 0.9291992 0.105957 0.9257813 0.0961914 0.9291992 0.105957 0.8989258 0.1206054 0.8989258 0.1206054 0.9291992 0.105957 0.9306641 0.1240234 0.8989258 0.1206054 0.9306641 0.1240234 0.9003906 0.1386718 0.9003906 0.1386718 0.9306641 0.1240234 0.9091797 0.1508789 0.9003906 0.1386718 0.9091797 0.1508789 0.8608399 0.1655273 0.8608399 0.1655273 0.9091797 0.1508789 0.8637695 0.1938475 0.8608399 0.1655273 0.8637695 0.1938475 0.8266602 0.1992187 0.8266602 0.1992187 0.8637695 0.1938475 0.8481445 0.2314453 0.8266602 0.1992187 0.8481445 0.2314453 0.8178711 0.2333984 0.8178711 0.2333984 0.8481445 0.2314453 0.8271484 0.2705078 0.8178711 0.2333984 0.8271484 0.2705078 0.7954102 0.2729492 0.7954102 0.2729492 0.8271484 0.2705078 0.7954102 0.3085938 0.7954102 0.3422852 0.7954102 0.3085938 0.8251953 0.3076172 0.8251953 0.3076172 0.7954102 0.3085938 0.8271484 0.2705078 0.8251953 0.3076172 0.8271484 0.2705078 0.8544922 0.2739258 0.8544922 0.2739258 0.8271484 0.2705078 0.8481445 0.2314453 0.8544922 0.2739258 0.8481445 0.2314453 0.8789063 0.234375 0.8789063 0.234375 0.8481445 0.2314453 0.8637695 0.1938475 0.8789063 0.234375 0.8637695 0.1938475 0.9013672 0.1977539 0.9013672 0.1977539 0.8637695 0.1938475 0.9091797 0.1508789 0.9013672 0.1977539 0.9091797 0.1508789 0.9194336 0.1655273 0.9194336 0.1655273 0.9091797 0.1508789 0.9379883 0.1474609 0.9379883 0.1474609 0.9091797 0.1508789 0.9321289 0.1362304 0.9321289 0.1362304 0.9091797 0.1508789 0.9306641 0.1240234 0.9321289 0.1362304 0.9306641 0.1240234 0.9492188 0.1254882 0.9492188 0.1254882 0.9306641 0.1240234 0.9291992 0.105957 0.9492188 0.1254882 0.9291992 0.105957 0.949707 0.1054687 0.949707 0.1054687 0.9291992 0.105957 0.9492188 0.09326171 0.949707 0.1054687 0.9492188 0.09326171 0.9648438 0.09228515 0.9648438 0.09228515 0.9492188 0.09326171 0.9506836 0.08300781 0.9648438 0.09228515 0.9506836 0.08300781 0.965332 0.08105468 0.9648438 0.09228515 0.965332 0.08105468 0.9785156 0.09130859 0.9785156 0.09130859 0.965332 0.08105468 0.9780274 0.08105468 0.9785156 0.09130859 0.9780274 0.08105468 0.9926759 0.0859375 0.9785156 0.09130859 0.9926759 0.0859375 0.9926759 0.09472656 0.9785156 0.09130859 0.9926759 0.09472656 0.9926759 0.1049804 0.9785156 0.09130859 0.9926759 0.1049804 0.9755859 0.1054687 0.9755859 0.1054687 0.9926759 0.1049804 0.9926759 0.1206054 0.9755859 0.1054687 0.9926759 0.1206054 0.9746094 0.1289062 0.9755859 0.1054687 0.9746094 0.1289062 0.9633789 0.1054687 0.9633789 0.1054687 0.9746094 0.1289062 0.9628906 0.1289062 0.9633789 0.1054687 0.9628906 0.1289062 0.9492188 0.1254882 0.9633789 0.1054687 0.9492188 0.1254882 0.949707 0.1054687 0.9633789 0.1054687 0.949707 0.1054687 0.9648438 0.09228515 0.9633789 0.1054687 0.9648438 0.09228515 0.9755859 0.1054687 0.9755859 0.1054687 0.9648438 0.09228515 0.9785156 0.09130859 0.9321289 0.1362304 0.9492188 0.1254882 0.9379883 0.1474609 0.5703125 0.1699218 0.5883789 0.1635742 0.5693359 0.1762695 0.5703125 0.1699218 0.5693359 0.1762695 0.5488281 0.1767578 0.5488281 0.1767578 0.5693359 0.1762695 0.5473633 0.1831054 0.5488281 0.1767578 0.5473633 0.1831054 0.5229492 0.1879882 0.5488281 0.1767578 0.5229492 0.1879882 0.5234375 0.1821289 0.5234375 0.1821289 0.5229492 0.1879882 0.519043 0.1884765 0.5234375 0.1821289 0.519043 0.1884765 0.5126953 0.1879882 0.3974609 0.265625 0.3974609 0.2495117 0.4450684 0.2646484 0.4450684 0.2646484 0.3974609 0.2495117 0.4450684 0.2451171 0.4450684 0.2646484 0.4450684 0.2451171 0.4611817 0.2495117 0.4611817 0.2495117 0.4450684 0.2451171 0.4450684 0.2304687 0.4611817 0.2495117 0.4450684 0.2304687 0.4604492 0.2319335 0.4604492 0.2319335 0.4450684 0.2304687 0.4616699 0.2075195 0.4604492 0.2319335 0.4616699 0.2075195 0.4787598 0.2104492 0.4787598 0.2104492 0.4616699 0.2075195 0.4775391 0.1791992 0.4787598 0.2104492 0.4775391 0.1791992 0.4980469 0.1879882 0.4980469 0.1879882 0.4775391 0.1791992 0.4975586 0.1738281 0.4980469 0.1879882 0.4975586 0.1738281 0.5126953 0.1879882 0.5126953 0.1879882 0.4975586 0.1738281 0.5126953 0.1699218 0.5126953 0.1879882 0.5126953 0.1699218 0.5234375 0.1821289 0.5234375 0.1821289 0.5126953 0.1699218 0.5234375 0.1674804 0.5234375 0.1821289 0.5234375 0.1674804 0.5488281 0.1767578 0.5488281 0.1767578 0.5234375 0.1674804 0.5493164 0.1665039 0.5488281 0.1767578 0.5493164 0.1665039 0.5703125 0.1699218 0.5703125 0.1699218 0.5493164 0.1665039 0.5703125 0.1640625 0.5703125 0.1699218 0.5703125 0.1640625 0.5883789 0.1635742 0.5883789 0.1635742 0.5703125 0.1640625 0.5698242 0.1586914 0.5883789 0.1635742 0.5698242 0.1586914 0.5688477 0.1503906 0.5688477 0.1503906 0.5698242 0.1586914 0.5483399 0.1557617 0.5688477 0.1503906 0.5483399 0.1557617 0.5463867 0.1450195 0.5463867 0.1450195 0.5483399 0.1557617 0.5219727 0.1430664 0.5463867 0.1450195 0.5219727 0.1430664 0.5444336 0.1254882 0.5444336 0.1254882 0.5219727 0.1430664 0.5209961 0.1259765 0.5209961 0.1259765 0.5219727 0.1430664 0.5117188 0.1430664 0.5209961 0.1259765 0.5117188 0.1430664 0.5112305 0.1259765 0.5112305 0.1259765 0.5117188 0.1430664 0.4970703 0.1430664 0.5112305 0.1259765 0.4970703 0.1430664 0.4970703 0.1274414 0.4970703 0.1274414 0.4970703 0.1430664 0.4772949 0.140625 0.4970703 0.1274414 0.4772949 0.140625 0.4775391 0.1284179 0.4970703 0.1274414 0.4775391 0.1284179 0.4775391 0.1088867 0.4775391 0.1088867 0.4775391 0.1284179 0.4621582 0.114746 0.4775391 0.1088867 0.4621582 0.114746 0.4614258 0.09765625 0.4614258 0.09765625 0.4621582 0.114746 0.4450684 0.1015625 0.4614258 0.09765625 0.4450684 0.1015625 0.4450684 0.078125 0.4450684 0.078125 0.4450684 0.1015625 0.3974609 0.078125 0.4450684 0.078125 0.3974609 0.078125 0.4450684 0.05517578 0.4450684 0.05517578 0.3974609 0.078125 0.3974609 0.05419915 0.4450684 0.05517578 0.3974609 0.05419915 0.4450684 0.03857415 0.4450684 0.03857415 0.3974609 0.05419915 0.3974609 0.03710937 0.4450684 0.03857415 0.3974609 0.03710937 0.3974609 0.02099609 0.4450684 0.03857415 0.3974609 0.02099609 0.4450684 0.02197265 0.4450684 0.03857415 0.4450684 0.02197265 0.4609375 0.015625 0.4450684 0.03857415 0.4609375 0.015625 0.4606934 0.02832031 0.4606934 0.02832031 0.4609375 0.015625 0.4753418 0.01074212 0.4606934 0.02832031 0.4753418 0.01074212 0.4748535 0.02441406 0.4748535 0.02441406 0.4753418 0.01074212 0.4899902 0.008300781 0.4748535 0.02441406 0.4899902 0.008300781 0.4892578 0.02099609 0.4892578 0.02099609 0.4899902 0.008300781 0.5039063 0.008300781 0.4892578 0.02099609 0.5039063 0.008300781 0.503418 0.01953125 0.503418 0.01953125 0.5039063 0.008300781 0.5239258 0.006835937 0.503418 0.01953125 0.5239258 0.006835937 0.5224609 0.01708984 0.5224609 0.01708984 0.5239258 0.006835937 0.543457 0.015625 0.5224609 0.01708984 0.543457 0.015625 0.5258789 0.02832031 0.5258789 0.02832031 0.543457 0.015625 0.5449219 0.02392578 0.5258789 0.02832031 0.5449219 0.02392578 0.5336914 0.0390625 0.5336914 0.0390625 0.5449219 0.02392578 0.5493164 0.03271484 0.5493164 0.03271484 0.5449219 0.02392578 0.5644531 0.02392578 0.5644531 0.02392578 0.5449219 0.02392578 0.543457 0.015625 0.5644531 0.02392578 0.543457 0.015625 0.5449219 0.008300781 0.5449219 0.008300781 0.543457 0.015625 0.5239258 0.006835937 0.4450684 0.03857415 0.4606934 0.02832031 0.4450684 0.05517578 0.4609375 0.2705078 0.4450684 0.2646484 0.4611817 0.2495117 0.4772949 0.1582031 0.4975586 0.1738281 0.4775391 0.1791992 0.4772949 0.1582031 0.4775391 0.1791992 0.4614258 0.1625975 0.4614258 0.1625975 0.4775391 0.1791992 0.4614258 0.1811523 0.4614258 0.1811523 0.4775391 0.1791992 0.4616699 0.2075195 0.4450684 0.2451171 0.3974609 0.2495117 0.3974609 0.2324218 0.4450684 0.2451171 0.3974609 0.2324218 0.4450684 0.2304687 0.4450684 0.2304687 0.3974609 0.2324218 0.3974609 0.208496 0.4450684 0.2304687 0.3974609 0.208496 0.4450684 0.2070312 0.4450684 0.2304687 0.4450684 0.2070312 0.4616699 0.2075195 0.4616699 0.2075195 0.4450684 0.2070312 0.4450684 0.1831054 0.4616699 0.2075195 0.4450684 0.1831054 0.4614258 0.1811523 0.4614258 0.1811523 0.4450684 0.1831054 0.4450684 0.1655273 0.4614258 0.1811523 0.4450684 0.1655273 0.4614258 0.1625975 0.4614258 0.1625975 0.4450684 0.1655273 0.4616699 0.149414 0.4614258 0.1625975 0.4616699 0.149414 0.4772949 0.145996 0.4614258 0.1625975 0.4772949 0.145996 0.4772949 0.1582031 0.4772949 0.1582031 0.4772949 0.145996 0.4970703 0.1557617 0.4772949 0.1582031 0.4970703 0.1557617 0.4975586 0.1738281 0.4975586 0.1738281 0.4970703 0.1557617 0.5126953 0.1699218 0.5126953 0.1699218 0.4970703 0.1557617 0.5117188 0.1538085 0.5126953 0.1699218 0.5117188 0.1538085 0.5234375 0.1674804 0.5234375 0.1674804 0.5117188 0.1538085 0.5229492 0.1533203 0.5234375 0.1674804 0.5229492 0.1533203 0.5493164 0.1665039 0.5493164 0.1665039 0.5229492 0.1533203 0.5483399 0.1557617 0.5493164 0.1665039 0.5483399 0.1557617 0.5703125 0.1640625 0.5703125 0.1640625 0.5483399 0.1557617 0.5698242 0.1586914 0.5483399 0.1557617 0.5229492 0.1533203 0.5219727 0.1430664 0.5219727 0.1430664 0.5229492 0.1533203 0.5117188 0.1538085 0.5219727 0.1430664 0.5117188 0.1538085 0.5117188 0.1430664 0.5117188 0.1430664 0.5117188 0.1538085 0.4970703 0.1430664 0.4970703 0.1430664 0.5117188 0.1538085 0.4970703 0.1557617 0.4970703 0.1430664 0.4970703 0.1557617 0.4772949 0.145996 0.4450684 0.2070312 0.3974609 0.208496 0.4450684 0.1831054 0.4450684 0.1831054 0.3974609 0.208496 0.3974609 0.1821289 0.4450684 0.1831054 0.3974609 0.1821289 0.4450684 0.1655273 0.4450684 0.1655273 0.3974609 0.1821289 0.3974609 0.1621093 0.4450684 0.1655273 0.3974609 0.1621093 0.4450684 0.1523437 0.4450684 0.1655273 0.4450684 0.1523437 0.4616699 0.149414 0.4450684 0.1523437 0.3974609 0.1621093 0.3974609 0.1430664 0.4943848 0.234375 0.4787598 0.2104492 0.4963379 0.2104492 0.4963379 0.2104492 0.4787598 0.2104492 0.4980469 0.1879882 0.4899902 0.2783203 0.4753418 0.2758789 0.4934082 0.2617188 0.4934082 0.2617188 0.4753418 0.2758789 0.4775391 0.2558594 0.4934082 0.2617188 0.4775391 0.2558594 0.4943848 0.234375 0.4943848 0.234375 0.4775391 0.2558594 0.4780274 0.2333984 0.4943848 0.234375 0.4780274 0.2333984 0.4787598 0.2104492 0.4787598 0.2104492 0.4780274 0.2333984 0.4604492 0.2319335 0.4604492 0.2319335 0.4780274 0.2333984 0.4611817 0.2495117 0.4611817 0.2495117 0.4780274 0.2333984 0.4775391 0.2558594 0.4611817 0.2495117 0.4775391 0.2558594 0.4609375 0.2705078 0.4609375 0.2705078 0.4775391 0.2558594 0.4753418 0.2758789 0.4934082 0.2617188 0.4943848 0.234375 0.5043945 0.2446289 0.3974609 0.1240234 0.4458008 0.1201171 0.4450684 0.133789 0.4450684 0.133789 0.4458008 0.1201171 0.4621582 0.1284179 0.4450684 0.133789 0.4621582 0.1284179 0.4616699 0.137207 0.4616699 0.137207 0.4621582 0.1284179 0.4772949 0.140625 0.4772949 0.140625 0.4621582 0.1284179 0.4775391 0.1284179 0.4775391 0.1284179 0.4621582 0.1284179 0.4621582 0.114746 0.4621582 0.114746 0.4621582 0.1284179 0.4458008 0.1201171 0.4621582 0.114746 0.4458008 0.1201171 0.4450684 0.1015625 0.4450684 0.1015625 0.4458008 0.1201171 0.3974609 0.1040039 0.4450684 0.1015625 0.3974609 0.1040039 0.3974609 0.078125 0.3974609 0.1430664 0.3974609 0.1240234 0.4450684 0.133789 0.3974609 0.1240234 0.3974609 0.1040039 0.4458008 0.1201171 0.5678711 0.125 0.5463867 0.1450195 0.5444336 0.1254882 0.5463867 0.1450195 0.5678711 0.125 0.5688477 0.1362304 0.5688477 0.1362304 0.5678711 0.125 0.5883789 0.1230468 0.5883789 0.1230468 0.5678711 0.125 0.5688477 0.1132812 0.5688477 0.1132812 0.5678711 0.125 0.5463867 0.1064453 0.5463867 0.1064453 0.5678711 0.125 0.5444336 0.1254882 0.5463867 0.1064453 0.5444336 0.1254882 0.5219727 0.1015625 0.5219727 0.1015625 0.5444336 0.1254882 0.5209961 0.1259765 0.5219727 0.1015625 0.5209961 0.1259765 0.5112305 0.1259765 0.5219727 0.1015625 0.5112305 0.1259765 0.515625 0.09863281 0.515625 0.09863281 0.5112305 0.1259765 0.4975586 0.1035156 0.4975586 0.1035156 0.5112305 0.1259765 0.4970703 0.1274414 0.4975586 0.1035156 0.4970703 0.1274414 0.4775391 0.1088867 0.4975586 0.1035156 0.4775391 0.1088867 0.4768067 0.08984375 0.4768067 0.08984375 0.4775391 0.1088867 0.4614258 0.09765625 0.4768067 0.08984375 0.4614258 0.09765625 0.4611817 0.07470703 0.4611817 0.07470703 0.4614258 0.09765625 0.4450684 0.078125 0.4611817 0.07470703 0.4450684 0.078125 0.4450684 0.05517578 0.4611817 0.07470703 0.4450684 0.05517578 0.4609375 0.04736328 0.4609375 0.04736328 0.4450684 0.05517578 0.4606934 0.02832031 0.4609375 0.04736328 0.4606934 0.02832031 0.4760742 0.0424804 0.4760742 0.0424804 0.4606934 0.02832031 0.4748535 0.02441406 0.4760742 0.0424804 0.4748535 0.02441406 0.4892578 0.02099609 0.4760742 0.0424804 0.4892578 0.02099609 0.4956055 0.03613281 0.4956055 0.03613281 0.4892578 0.02099609 0.503418 0.01953125 0.4956055 0.03613281 0.503418 0.01953125 0.5092774 0.03173828 0.5092774 0.03173828 0.503418 0.01953125 0.5224609 0.01708984 0.5092774 0.03173828 0.5224609 0.01708984 0.5258789 0.02832031 0.5092774 0.03173828 0.5258789 0.02832031 0.5336914 0.0390625 0.5092774 0.03173828 0.5336914 0.0390625 0.5175781 0.04345703 0.5092774 0.03173828 0.5175781 0.04345703 0.5029297 0.04833984 0.5029297 0.04833984 0.5175781 0.04345703 0.5195313 0.04833984 0.5029297 0.04833984 0.5195313 0.04833984 0.5219727 0.05664062 0.5029297 0.04833984 0.5219727 0.05664062 0.5205078 0.07666015 0.5205078 0.07666015 0.5219727 0.05664062 0.5444336 0.07666015 0.5205078 0.07666015 0.5444336 0.07666015 0.5219727 0.09423828 0.5219727 0.09423828 0.5444336 0.07666015 0.5458984 0.09033203 0.5458984 0.09033203 0.5444336 0.07666015 0.5683594 0.07763671 0.5458984 0.09033203 0.5683594 0.07763671 0.5693359 0.08544921 0.5693359 0.08544921 0.5683594 0.07763671 0.590332 0.07861328 0.590332 0.07861328 0.5683594 0.07763671 0.5693359 0.06884765 0.5693359 0.06884765 0.5683594 0.07763671 0.5458984 0.06201165 0.5458984 0.06201165 0.5683594 0.07763671 0.5444336 0.07666015 0.5458984 0.06201165 0.5444336 0.07666015 0.5219727 0.05664062 0.4956055 0.03613281 0.4777832 0.06787109 0.4760742 0.0424804 0.496582 0.08447265 0.4777832 0.06787109 0.5029297 0.04833984 0.5029297 0.04833984 0.4777832 0.06787109 0.4956055 0.03613281 0.5029297 0.04833984 0.4956055 0.03613281 0.5092774 0.03173828 0.5112305 0.07861328 0.496582 0.08447265 0.5029297 0.04833984 0.5112305 0.07861328 0.5029297 0.04833984 0.5205078 0.07666015 0.5112305 0.07861328 0.5205078 0.07666015 0.5219727 0.09423828 0.5112305 0.07861328 0.5219727 0.09423828 0.515625 0.09863281 0.5112305 0.07861328 0.515625 0.09863281 0.4975586 0.1035156 0.5112305 0.07861328 0.4975586 0.1035156 0.496582 0.08447265 0.496582 0.08447265 0.4975586 0.1035156 0.4768067 0.08984375 0.496582 0.08447265 0.4768067 0.08984375 0.4777832 0.06787109 0.4777832 0.06787109 0.4768067 0.08984375 0.4611817 0.07470703 0.4777832 0.06787109 0.4611817 0.07470703 0.4760742 0.0424804 0.4760742 0.0424804 0.4611817 0.07470703 0.4609375 0.04736328 0.5039063 0.2783203 0.4899902 0.2783203 0.5102539 0.265625 0.5102539 0.265625 0.4899902 0.2783203 0.4934082 0.2617188 0.5102539 0.265625 0.4934082 0.2617188 0.5161133 0.2495117 0.5161133 0.2495117 0.4934082 0.2617188 0.5043945 0.2446289 0.5161133 0.2495117 0.5043945 0.2446289 0.5083008 0.2382812 0.5083008 0.2382812 0.5043945 0.2446289 0.4943848 0.234375 0.5083008 0.2382812 0.4943848 0.234375 0.5126953 0.2280273 0.5126953 0.2280273 0.4943848 0.234375 0.4963379 0.2104492 0.5126953 0.2280273 0.4963379 0.2104492 0.5126953 0.2099609 0.5126953 0.2099609 0.4963379 0.2104492 0.4980469 0.1879882 0.5126953 0.2099609 0.4980469 0.1879882 0.5126953 0.1879882 0.5126953 0.2099609 0.5126953 0.1879882 0.5234375 0.1953125 0.5234375 0.1953125 0.5126953 0.1879882 0.519043 0.1884765 0.5234375 0.1953125 0.519043 0.1884765 0.5229492 0.1899414 0.5234375 0.1953125 0.5229492 0.1899414 0.5483399 0.1992187 0.5483399 0.1992187 0.5229492 0.1899414 0.546875 0.192871 0.5483399 0.1992187 0.546875 0.192871 0.5698242 0.1982421 0.5483399 0.1992187 0.5698242 0.1982421 0.5708008 0.2036132 0.5708008 0.2036132 0.5698242 0.1982421 0.590332 0.2080078 0.5708008 0.2036132 0.590332 0.2080078 0.5712891 0.2089843 0.5712891 0.2089843 0.590332 0.2080078 0.5708008 0.2143554 0.5712891 0.2089843 0.5708008 0.2143554 0.5493164 0.2099609 0.5493164 0.2099609 0.5708008 0.2143554 0.5483399 0.2207031 0.5493164 0.2099609 0.5483399 0.2207031 0.5239258 0.2104492 0.5239258 0.2104492 0.5483399 0.2207031 0.5239258 0.2246093 0.5239258 0.2104492 0.5239258 0.2246093 0.5126953 0.2099609 0.5126953 0.2099609 0.5239258 0.2246093 0.5126953 0.2280273 0.5126953 0.2280273 0.5239258 0.2246093 0.5083008 0.2382812 0.5083008 0.2382812 0.5239258 0.2246093 0.5229492 0.234375 0.5229492 0.234375 0.5239258 0.2246093 0.5483399 0.2207031 0.5229492 0.234375 0.5483399 0.2207031 0.546875 0.2285156 0.546875 0.2285156 0.5483399 0.2207031 0.5698242 0.2207031 0.5698242 0.2207031 0.5483399 0.2207031 0.5708008 0.2143554 0.5698242 0.2207031 0.5708008 0.2143554 0.590332 0.2080078 0.5708008 0.2036132 0.5712891 0.2089843 0.5483399 0.1992187 0.5483399 0.1992187 0.5712891 0.2089843 0.5493164 0.2099609 0.5483399 0.1992187 0.5493164 0.2099609 0.5239258 0.2104492 0.5483399 0.1992187 0.5239258 0.2104492 0.5234375 0.1953125 0.5234375 0.1953125 0.5239258 0.2104492 0.5126953 0.2099609 0.5161133 0.2495117 0.5083008 0.2382812 0.5185547 0.2402343 0.5161133 0.2495117 0.5185547 0.2402343 0.5361328 0.2539063 0.5361328 0.2539063 0.5185547 0.2402343 0.5356445 0.2446289 0.5361328 0.2539063 0.5356445 0.2446289 0.5522461 0.2573242 0.5522461 0.2573242 0.5356445 0.2446289 0.5507813 0.2519531 0.5522461 0.2573242 0.5507813 0.2519531 0.5644531 0.2626953 0.5522461 0.2573242 0.5644531 0.2626953 0.5493164 0.2675781 0.5493164 0.2675781 0.5644531 0.2626953 0.5449219 0.2783203 0.5493164 0.2675781 0.5449219 0.2783203 0.5307617 0.2680664 0.5307617 0.2680664 0.5449219 0.2783203 0.5239258 0.2797852 0.5307617 0.2680664 0.5239258 0.2797852 0.5039063 0.2783203 0.5307617 0.2680664 0.5039063 0.2783203 0.5102539 0.265625 0.5307617 0.2680664 0.5102539 0.265625 0.5161133 0.2495117 0.5307617 0.2680664 0.5161133 0.2495117 0.5361328 0.2539063 0.5307617 0.2680664 0.5361328 0.2539063 0.5522461 0.2573242 0.5307617 0.2680664 0.5522461 0.2573242 0.5493164 0.2675781 0.7954102 0.2729492 0.7636719 0.2705078 0.7954102 0.3085938 0.765625 0.3076172 0.7954102 0.3422852 0.7954102 0.3085938 0.6259766 0.09228515 0.640625 0.1054687 0.6416016 0.09326171 0.6416016 0.09326171 0.640625 0.1054687 0.6616211 0.105957 0.6616211 0.105957 0.640625 0.1054687 0.6601563 0.1240234 0.6601563 0.1240234 0.640625 0.1054687 0.6416016 0.1254882 0.6601563 0.1240234 0.6416016 0.1254882 0.6586914 0.1362304 0.6601563 0.1240234 0.6586914 0.1362304 0.6816406 0.1508789 0.6816406 0.1508789 0.6586914 0.1362304 0.6523438 0.1474609 0.6816406 0.1508789 0.6523438 0.1474609 0.6713867 0.1655273 0.6816406 0.1508789 0.6713867 0.1655273 0.6894531 0.1977539 0.6816406 0.1508789 0.6894531 0.1977539 0.7270508 0.1938475 0.7270508 0.1938475 0.6894531 0.1977539 0.7119141 0.234375 0.7270508 0.1938475 0.7119141 0.234375 0.7426758 0.2314453 0.7426758 0.2314453 0.7119141 0.234375 0.7363281 0.2739258 0.7426758 0.2314453 0.7363281 0.2739258 0.7636719 0.2705078 0.7636719 0.2705078 0.7363281 0.2739258 0.765625 0.3076172 0.7636719 0.2705078 0.765625 0.3076172 0.7954102 0.3085938 0.6586914 0.1362304 0.6416016 0.1254882 0.6523438 0.1474609 0.6274414 0.1054687 0.6259766 0.09228515 0.6152344 0.1054687 0.6152344 0.1054687 0.6259766 0.09228515 0.6123047 0.09130859 0.6259766 0.09228515 0.6274414 0.1054687 0.640625 0.1054687 0.640625 0.1054687 0.6274414 0.1054687 0.6416016 0.1254882 0.6416016 0.1254882 0.6274414 0.1054687 0.6279297 0.1289062 0.6279297 0.1289062 0.6274414 0.1054687 0.6162109 0.1289062 0.6162109 0.1289062 0.6274414 0.1054687 0.6152344 0.1054687 0.6162109 0.1289062 0.6152344 0.1054687 0.5981445 0.1206054 0.5981445 0.1206054 0.6152344 0.1054687 0.5981445 0.1049804 0.5981445 0.1049804 0.6152344 0.1054687 0.6123047 0.09130859 0.5981445 0.1049804 0.6123047 0.09130859 0.5981445 0.09472656 0.5981445 0.09472656 0.6123047 0.09130859 0.5981445 0.0859375 0.5981445 0.0859375 0.6123047 0.09130859 0.612793 0.08105468 0.612793 0.08105468 0.6123047 0.09130859 0.6259766 0.09228515 0.612793 0.08105468 0.6259766 0.09228515 0.6254883 0.08105468 0.6254883 0.08105468 0.6259766 0.09228515 0.6401367 0.08300781 0.6401367 0.08300781 0.6259766 0.09228515 0.6416016 0.09326171 0.6401367 0.08300781 0.6416016 0.09326171 0.6650391 0.0961914 0.6650391 0.0961914 0.6416016 0.09326171 0.6616211 0.105957 0.6650391 0.0961914 0.6616211 0.105957 0.6914063 0.1206054 0.6914063 0.1206054 0.6616211 0.105957 0.6601563 0.1240234 0.6914063 0.1206054 0.6601563 0.1240234 0.6904297 0.1386718 0.6904297 0.1386718 0.6601563 0.1240234 0.6816406 0.1508789 0.6904297 0.1386718 0.6816406 0.1508789 0.7299805 0.1655273 0.7299805 0.1655273 0.6816406 0.1508789 0.7270508 0.1938475 0.7299805 0.1655273 0.7270508 0.1938475 0.7641602 0.1992187 0.7641602 0.1992187 0.7270508 0.1938475 0.7426758 0.2314453 0.7641602 0.1992187 0.7426758 0.2314453 0.7729492 0.2333984 0.7729492 0.2333984 0.7426758 0.2314453 0.7636719 0.2705078 0.7729492 0.2333984 0.7636719 0.2705078 0.7954102 0.2729492 0.6650391 0.0961914 0.6914063 0.1206054 0.6967774 0.1098632 0.6401367 0.08300781 0.6650391 0.0961914 0.6665039 0.0883789 0.6665039 0.0883789 0.6650391 0.0961914 0.6967774 0.1098632 0.6665039 0.0883789 0.6967774 0.1098632 0.7026367 0.1015625 0.7026367 0.1015625 0.6967774 0.1098632 0.7319336 0.1264648 0.7319336 0.1264648 0.6967774 0.1098632 0.6914063 0.1206054 0.7319336 0.1264648 0.6914063 0.1206054 0.7294922 0.1420898 0.7294922 0.1420898 0.6914063 0.1206054 0.6904297 0.1386718 0.7294922 0.1420898 0.6904297 0.1386718 0.7299805 0.1655273 0.737793 0.1157226 0.7026367 0.1015625 0.7319336 0.1264648 0.737793 0.1157226 0.7319336 0.1264648 0.7636719 0.13916 0.7636719 0.13916 0.7319336 0.1264648 0.7294922 0.1420898 0.7636719 0.13916 0.7294922 0.1420898 0.7626953 0.15625 0.7626953 0.15625 0.7294922 0.1420898 0.7299805 0.1655273 0.7626953 0.15625 0.7299805 0.1655273 0.7626953 0.1762695 0.7626953 0.1762695 0.7299805 0.1655273 0.7641602 0.1992187 0.7626953 0.1762695 0.7641602 0.1992187 0.7954102 0.186035 0.7954102 0.186035 0.7641602 0.1992187 0.7954102 0.2011718 0.7954102 0.2011718 0.7641602 0.1992187 0.7729492 0.2333984 0.7954102 0.2011718 0.7729492 0.2333984 0.7954102 0.2324218 0.7954102 0.2324218 0.7729492 0.2333984 0.7954102 0.2729492 0.7670899 0.1279296 0.737793 0.1157226 0.7636719 0.13916 0.7670899 0.1279296 0.7636719 0.13916 0.7954102 0.1469725 0.7954102 0.1469725 0.7636719 0.13916 0.7626953 0.15625 0.7954102 0.1469725 0.7626953 0.15625 0.7954102 0.1665039 0.7954102 0.1665039 0.7626953 0.15625 0.7626953 0.1762695 0.7954102 0.1665039 0.7626953 0.1762695 0.7954102 0.186035 0.7670899 0.1279296 0.7954102 0.1469725 0.7954102 0.1333007 0.06304931 0.0502929 0.008895874 0.004882812 0.04718011 0.06201165 0.06304931 0.0502929 0.04718011 0.06201165 0.09387207 0.1113281 0.09387207 0.1113281 0.04718011 0.06201165 0.0817871 0.1323242 0.9926759 0.0859375 0.9780274 0.08105468 0.9926759 0.0859375 0.9926759 0.0859375 0.9780274 0.08105468 0.9780274 0.08105468 0.9780274 0.08105468 0.9780274 0.08105468 0.965332 0.08105468 0.965332 0.08105468 0.9780274 0.08105468 0.965332 0.08105468 0.965332 0.08105468 0.965332 0.08105468 0.9506836 0.08300781 0.9506836 0.08300781 0.965332 0.08105468 0.9506836 0.08300781 0.9506836 0.08300781 0.9506836 0.08300781 0.9243164 0.0883789 0.9506836 0.08300781 0.9243164 0.0883789 0.9243164 0.0883789 0.9243164 0.0883789 0.9243164 0.0883789 0.8881836 0.1015625 0.8881836 0.1015625 0.9243164 0.0883789 0.8881836 0.1015625 0.8881836 0.1015625 0.8881836 0.1015625 0.8530274 0.1157226 0.8881836 0.1015625 0.8530274 0.1157226 0.8530274 0.1157226 0.8530274 0.1157226 0.8530274 0.1157226 0.8237305 0.1279296 0.8530274 0.1157226 0.8237305 0.1279296 0.8237305 0.1279296 0.8237305 0.1279296 0.8237305 0.1279296 0.7954102 0.1333007 0.8237305 0.1279296 0.7954102 0.1333007 0.7954102 0.1333007 0.4091797 0.7919922 0.409668 0.7607422 0.4477539 0.796875 0.4091797 0.7919922 0.4477539 0.796875 0.4443359 0.8223877 0.4443359 0.8223877 0.4477539 0.796875 0.4821777 0.8312988 0.4443359 0.8223877 0.4821777 0.8312988 0.4743652 0.8537598 0.4743652 0.8537598 0.4821777 0.8312988 0.5126953 0.8739014 0.4958496 0.9249268 0.5136719 0.9155274 0.5195313 0.9480286 0.5195313 0.9480286 0.5136719 0.9155274 0.5478516 0.9416199 0.5478516 0.9416199 0.5136719 0.9155274 0.5336914 0.8951416 0.5336914 0.8951416 0.5136719 0.9155274 0.5126953 0.8739014 0.5126953 0.8739014 0.5136719 0.9155274 0.4987793 0.8927002 0.5126953 0.8739014 0.4987793 0.8927002 0.4743652 0.8537598 0.4743652 0.8537598 0.4987793 0.8927002 0.4655762 0.8720703 0.4743652 0.8537598 0.4655762 0.8720703 0.4399414 0.8452149 0.4743652 0.8537598 0.4399414 0.8452149 0.4443359 0.8223877 0.4443359 0.8223877 0.4399414 0.8452149 0.4072266 0.8175049 0.4443359 0.8223877 0.4072266 0.8175049 0.4091797 0.7919922 0.4091797 0.7919922 0.4072266 0.8175049 0.3710938 0.7891846 0.4091797 0.7919922 0.3710938 0.7891846 0.409668 0.7607422 0.409668 0.7607422 0.3710938 0.7891846 0.3706055 0.7575684 0.409668 0.7607422 0.3706055 0.7575684 0.4074707 0.720459 0.4074707 0.720459 0.3706055 0.7575684 0.3686524 0.7185059 0.4074707 0.720459 0.3686524 0.7185059 0.404541 0.6740723 0.404541 0.6740723 0.3686524 0.7185059 0.3662109 0.6743164 0.404541 0.6740723 0.3662109 0.6743164 0.3994141 0.6359863 0.3994141 0.6359863 0.3662109 0.6743164 0.3642578 0.6357422 0.3994141 0.6359863 0.3642578 0.6357422 0.3664551 0.6025391 0.3994141 0.6359863 0.3664551 0.6025391 0.4011231 0.6032715 0.4011231 0.6032715 0.3664551 0.6025391 0.3769531 0.5805664 0.4011231 0.6032715 0.3769531 0.5805664 0.4230957 0.5786133 0.4230957 0.5786133 0.3769531 0.5805664 0.3959961 0.5556641 0.4230957 0.5786133 0.3959961 0.5556641 0.4584961 0.5417481 0.4230957 0.5786133 0.4584961 0.5417481 0.46875 0.5654297 0.46875 0.5654297 0.4584961 0.5417481 0.5073242 0.560791 0.46875 0.5654297 0.5073242 0.560791 0.5166016 0.5820313 0.5166016 0.5820313 0.5073242 0.560791 0.5385742 0.5678711 0.5166016 0.5820313 0.5385742 0.5678711 0.5600586 0.5922852 0.5600586 0.5922852 0.5385742 0.5678711 0.5800781 0.579834 0.5600586 0.5922852 0.5800781 0.579834 0.605957 0.630127 0.605957 0.630127 0.5800781 0.579834 0.6274414 0.6203613 0.605957 0.630127 0.6274414 0.6203613 0.6391602 0.706543 0.605957 0.630127 0.6391602 0.706543 0.6181641 0.7075195 0.6181641 0.7075195 0.6391602 0.706543 0.6049805 0.7923584 0.6181641 0.7075195 0.6049805 0.7923584 0.5825195 0.7133789 0.5825195 0.7133789 0.6049805 0.7923584 0.5742188 0.7858887 0.5825195 0.7133789 0.5742188 0.7858887 0.5429688 0.7197266 0.5429688 0.7197266 0.5742188 0.7858887 0.5390625 0.7797852 0.5429688 0.7197266 0.5390625 0.7797852 0.4931641 0.7243652 0.4931641 0.7243652 0.5390625 0.7797852 0.4909668 0.7702637 0.4931641 0.7243652 0.4909668 0.7702637 0.4492188 0.7214356 0.4492188 0.7214356 0.4909668 0.7702637 0.449707 0.7647705 0.449707 0.7647705 0.4909668 0.7702637 0.4873047 0.8048096 0.4873047 0.8048096 0.4909668 0.7702637 0.53125 0.8197022 0.4873047 0.8048096 0.53125 0.8197022 0.5234375 0.8497315 0.5234375 0.8497315 0.53125 0.8197022 0.5639649 0.833374 0.5234375 0.8497315 0.5639649 0.833374 0.550293 0.8686524 0.550293 0.8686524 0.5639649 0.833374 0.5932617 0.84729 0.550293 0.8686524 0.5932617 0.84729 0.5791016 0.9083252 0.5791016 0.9083252 0.5932617 0.84729 0.6098633 0.8565674 0.5791016 0.9083252 0.6098633 0.8565674 0.5917969 0.923523 0.5917969 0.923523 0.6098633 0.8565674 0.6264649 0.878418 0.6264649 0.878418 0.6098633 0.8565674 0.6401367 0.8122559 0.6264649 0.878418 0.6401367 0.8122559 0.6455078 0.8518067 0.4909668 0.7702637 0.5390625 0.7797852 0.53125 0.8197022 0.53125 0.8197022 0.5390625 0.7797852 0.5742188 0.7858887 0.53125 0.8197022 0.5742188 0.7858887 0.5639649 0.833374 0.5639649 0.833374 0.5742188 0.7858887 0.5932617 0.84729 0.5932617 0.84729 0.5742188 0.7858887 0.6049805 0.7923584 0.5932617 0.84729 0.6049805 0.7923584 0.6098633 0.8565674 0.6098633 0.8565674 0.6049805 0.7923584 0.6401367 0.8122559 0.6401367 0.8122559 0.6049805 0.7923584 0.6391602 0.706543 0.4821777 0.9051514 0.4655762 0.8720703 0.4987793 0.8927002 0.4821777 0.9051514 0.4987793 0.8927002 0.4958496 0.9249268 0.4958496 0.9249268 0.4987793 0.8927002 0.5136719 0.9155274 0.3994141 0.6359863 0.4011231 0.6032715 0.4304199 0.6350098 0.3994141 0.6359863 0.4304199 0.6350098 0.404541 0.6740723 0.404541 0.6740723 0.4304199 0.6350098 0.4465332 0.6704102 0.404541 0.6740723 0.4465332 0.6704102 0.4074707 0.720459 0.4074707 0.720459 0.4465332 0.6704102 0.4492188 0.7214356 0.4074707 0.720459 0.4492188 0.7214356 0.409668 0.7607422 0.409668 0.7607422 0.4492188 0.7214356 0.449707 0.7647705 0.409668 0.7607422 0.449707 0.7647705 0.4477539 0.796875 0.4477539 0.796875 0.449707 0.7647705 0.4873047 0.8048096 0.4477539 0.796875 0.4873047 0.8048096 0.4821777 0.8312988 0.4821777 0.8312988 0.4873047 0.8048096 0.5234375 0.8497315 0.4821777 0.8312988 0.5234375 0.8497315 0.5126953 0.8739014 0.5126953 0.8739014 0.5234375 0.8497315 0.550293 0.8686524 0.5126953 0.8739014 0.550293 0.8686524 0.5336914 0.8951416 0.5336914 0.8951416 0.550293 0.8686524 0.5791016 0.9083252 0.5336914 0.8951416 0.5791016 0.9083252 0.5478516 0.9416199 0.5478516 0.9416199 0.5791016 0.9083252 0.5917969 0.923523 0.5478516 0.9416199 0.5917969 0.923523 0.5649414 0.9567261 0.5478516 0.9416199 0.5649414 0.9567261 0.5517578 0.9858017 0.5478516 0.9416199 0.5517578 0.9858017 0.5146484 0.9858017 0.5478516 0.9416199 0.5146484 0.9858017 0.5195313 0.9480286 0.5195313 0.9480286 0.5146484 0.9858017 0.4956055 0.9534302 0.5195313 0.9480286 0.4956055 0.9534302 0.4958496 0.9249268 0.4958496 0.9249268 0.4956055 0.9534302 0.4736328 0.9345093 0.4958496 0.9249268 0.4736328 0.9345093 0.4680176 0.9137573 0.4958496 0.9249268 0.4680176 0.9137573 0.4821777 0.9051514 0.4821777 0.9051514 0.4680176 0.9137573 0.4570313 0.8865357 0.4821777 0.9051514 0.4570313 0.8865357 0.4655762 0.8720703 0.4655762 0.8720703 0.4570313 0.8865357 0.4355469 0.8656006 0.4655762 0.8720703 0.4355469 0.8656006 0.4399414 0.8452149 0.4399414 0.8452149 0.4355469 0.8656006 0.4047852 0.8409424 0.4399414 0.8452149 0.4047852 0.8409424 0.4072266 0.8175049 0.4072266 0.8175049 0.4047852 0.8409424 0.3703613 0.815918 0.4072266 0.8175049 0.3703613 0.815918 0.3710938 0.7891846 0.3710938 0.7891846 0.3703613 0.815918 0.3303223 0.8154297 0.3710938 0.7891846 0.3303223 0.8154297 0.3303223 0.7880859 0.3710938 0.7891846 0.3303223 0.7880859 0.3706055 0.7575684 0.3706055 0.7575684 0.3303223 0.7880859 0.3303223 0.7562256 0.3706055 0.7575684 0.3303223 0.7562256 0.3686524 0.7185059 0.3686524 0.7185059 0.3303223 0.7562256 0.3303223 0.7175293 0.3686524 0.7185059 0.3303223 0.7175293 0.3662109 0.6743164 0.3662109 0.6743164 0.3303223 0.7175293 0.3303223 0.6743164 0.3662109 0.6743164 0.3303223 0.6743164 0.3642578 0.6357422 0.3642578 0.6357422 0.3303223 0.6743164 0.3303223 0.6359863 0.3642578 0.6357422 0.3303223 0.6359863 0.3303223 0.6015625 0.3642578 0.6357422 0.3303223 0.6015625 0.3664551 0.6025391 0.3664551 0.6025391 0.3303223 0.6015625 0.3303223 0.5766602 0.3664551 0.6025391 0.3303223 0.5766602 0.3769531 0.5805664 0.3769531 0.5805664 0.3303223 0.5766602 0.3303223 0.5532227 0.3769531 0.5805664 0.3303223 0.5532227 0.3959961 0.5556641 0.3959961 0.5556641 0.3303223 0.5532227 0.3918457 0.5351563 0.3959961 0.5556641 0.3918457 0.5351563 0.4584961 0.5417481 0.4584961 0.5417481 0.3918457 0.5351563 0.4487305 0.5209961 0.4584961 0.5417481 0.4487305 0.5209961 0.4916992 0.5307617 0.4916992 0.5307617 0.4487305 0.5209961 0.4707031 0.5068359 0.4916992 0.5307617 0.4707031 0.5068359 0.5107422 0.512207 0.5107422 0.512207 0.4707031 0.5068359 0.4853516 0.4970703 0.4538574 0.9605103 0.4736328 0.9345093 0.4956055 0.9534302 0.3303223 0.5395508 0.3918457 0.5351563 0.3303223 0.5532227 0.4304199 0.6350098 0.4011231 0.6032715 0.4367676 0.6008301 0.4367676 0.6008301 0.4011231 0.6032715 0.4230957 0.5786133 0.4367676 0.6008301 0.4230957 0.5786133 0.4748535 0.5834961 0.4748535 0.5834961 0.4230957 0.5786133 0.46875 0.5654297 0.4748535 0.5834961 0.46875 0.5654297 0.5166016 0.5820313 0.5498047 0.5480957 0.5800781 0.579834 0.5385742 0.5678711 0.5498047 0.5480957 0.5385742 0.5678711 0.5263672 0.5397949 0.5263672 0.5397949 0.5385742 0.5678711 0.5073242 0.560791 0.6274414 0.6203613 0.5800781 0.579834 0.5991211 0.5761719 0.5991211 0.5761719 0.5800781 0.579834 0.5498047 0.5480957 0.5991211 0.5761719 0.5498047 0.5480957 0.5610352 0.5351563 0.5610352 0.5351563 0.5498047 0.5480957 0.5366211 0.5219727 0.5366211 0.5219727 0.5498047 0.5480957 0.5263672 0.5397949 0.5366211 0.5219727 0.5263672 0.5397949 0.5107422 0.512207 0.5107422 0.512207 0.5263672 0.5397949 0.4916992 0.5307617 0.4916992 0.5307617 0.5263672 0.5397949 0.5073242 0.560791 0.4916992 0.5307617 0.5073242 0.560791 0.4584961 0.5417481 0.5825195 0.7133789 0.5751953 0.6418457 0.6181641 0.7075195 0.6181641 0.7075195 0.5751953 0.6418457 0.605957 0.630127 0.605957 0.630127 0.5751953 0.6418457 0.5600586 0.5922852 0.5600586 0.5922852 0.5751953 0.6418457 0.5371094 0.6066895 0.5600586 0.5922852 0.5371094 0.6066895 0.5166016 0.5820313 0.5166016 0.5820313 0.5371094 0.6066895 0.5043945 0.5991211 0.5166016 0.5820313 0.5043945 0.5991211 0.4748535 0.5834961 0.4748535 0.5834961 0.5043945 0.5991211 0.4794922 0.5969238 0.4748535 0.5834961 0.4794922 0.5969238 0.4570313 0.6091309 0.4748535 0.5834961 0.4570313 0.6091309 0.4367676 0.6008301 0.4367676 0.6008301 0.4570313 0.6091309 0.449707 0.6330567 0.4367676 0.6008301 0.449707 0.6330567 0.4304199 0.6350098 0.4304199 0.6350098 0.449707 0.6330567 0.458252 0.6555176 0.4304199 0.6350098 0.458252 0.6555176 0.4465332 0.6704102 0.4465332 0.6704102 0.458252 0.6555176 0.4897461 0.6787109 0.4465332 0.6704102 0.4897461 0.6787109 0.4492188 0.7214356 0.4492188 0.7214356 0.4897461 0.6787109 0.4931641 0.7243652 0.4931641 0.7243652 0.4897461 0.6787109 0.5429688 0.7197266 0.5429688 0.7197266 0.4897461 0.6787109 0.5390625 0.6564942 0.5429688 0.7197266 0.5390625 0.6564942 0.5825195 0.7133789 0.5825195 0.7133789 0.5390625 0.6564942 0.5751953 0.6418457 0.5751953 0.6418457 0.5390625 0.6564942 0.5371094 0.6066895 0.5371094 0.6066895 0.5390625 0.6564942 0.5200195 0.6425781 0.5371094 0.6066895 0.5200195 0.6425781 0.5200195 0.6135254 0.5371094 0.6066895 0.5200195 0.6135254 0.5043945 0.5991211 0.5200195 0.6425781 0.5390625 0.6564942 0.4897461 0.6787109 0.5200195 0.6425781 0.4897461 0.6787109 0.489502 0.6599121 0.489502 0.6599121 0.4897461 0.6787109 0.458252 0.6555176 0.4956055 0.9534302 0.5146484 0.9858017 0.4870606 0.9841004 0.4956055 0.9534302 0.4870606 0.9841004 0.4538574 0.9605103 0.4538574 0.9605103 0.4870606 0.9841004 0.435791 0.9840088 0.4538574 0.9605103 0.435791 0.9840088 0.3962402 0.9521179 0.3962402 0.9521179 0.435791 0.9840088 0.375 0.9650269 0.3962402 0.9521179 0.375 0.9650269 0.3303223 0.9317017 0.3962402 0.9521179 0.3303223 0.9317017 0.3752442 0.920105 0.3752442 0.920105 0.3303223 0.9317017 0.3703613 0.8876343 0.3703613 0.8876343 0.3303223 0.9317017 0.3303223 0.8943482 0.3703613 0.8876343 0.3303223 0.8943482 0.3303223 0.8669434 0.3703613 0.8876343 0.3303223 0.8669434 0.3681641 0.8648682 0.3681641 0.8648682 0.3303223 0.8669434 0.3303223 0.8410645 0.3681641 0.8648682 0.3303223 0.8410645 0.3693848 0.8405762 0.3693848 0.8405762 0.3303223 0.8410645 0.3303223 0.8154297 0.3693848 0.8405762 0.3303223 0.8154297 0.3703613 0.815918 0.3693848 0.8405762 0.3703613 0.815918 0.4047852 0.8409424 0.3693848 0.8405762 0.4047852 0.8409424 0.402832 0.8630371 0.402832 0.8630371 0.4047852 0.8409424 0.4355469 0.8656006 0.402832 0.8630371 0.4355469 0.8656006 0.4301758 0.8814087 0.4301758 0.8814087 0.4355469 0.8656006 0.4570313 0.8865357 0.4301758 0.8814087 0.4570313 0.8865357 0.451416 0.899231 0.451416 0.899231 0.4570313 0.8865357 0.4680176 0.9137573 0.451416 0.899231 0.4262695 0.8959351 0.4301758 0.8814087 0.4301758 0.8814087 0.4262695 0.8959351 0.4003906 0.8833008 0.4301758 0.8814087 0.4003906 0.8833008 0.402832 0.8630371 0.402832 0.8630371 0.4003906 0.8833008 0.3681641 0.8648682 0.402832 0.8630371 0.3681641 0.8648682 0.3693848 0.8405762 0.3681641 0.8648682 0.4003906 0.8833008 0.3703613 0.8876343 0.3703613 0.8876343 0.4003906 0.8833008 0.3996582 0.9018555 0.3703613 0.8876343 0.3996582 0.9018555 0.3752442 0.920105 0.4003906 0.8833008 0.4262695 0.8959351 0.3996582 0.9018555 0.1845703 0.05078125 0.1322021 0.0859375 0.1323242 0.04345703 0.1845703 0.05078125 0.1323242 0.04345703 0.1845703 0.03271484 0.1845703 0.05078125 0.2034912 0.05371087 0.1844482 0.07958984 0.1845703 0.05078125 0.1844482 0.07958984 0.1322021 0.0859375 0.1322021 0.0859375 0.1844482 0.07958984 0.1844482 0.1069335 0.1322021 0.0859375 0.1844482 0.1069335 0.13208 0.1137695 0.1844482 0.1245117 0.2034912 0.1035156 0.2269287 0.1186523 0.1844482 0.1245117 0.2269287 0.1186523 0.2269287 0.1347656 0.2269287 0.1347656 0.2269287 0.1186523 0.2670899 0.1279296 0.2670899 0.1279296 0.2269287 0.1186523 0.2675781 0.1108398 0.2670899 0.1279296 0.2675781 0.1108398 0.293457 0.121582 0.293457 0.121582 0.2675781 0.1108398 0.2946777 0.1054687 0.2946777 0.1054687 0.2675781 0.1108398 0.2670899 0.09277343 0.2946777 0.1054687 0.2670899 0.09277343 0.293457 0.09130859 0.293457 0.09130859 0.2670899 0.09277343 0.2907715 0.078125 0.2907715 0.078125 0.2670899 0.09277343 0.2661133 0.078125 0.2907715 0.078125 0.2661133 0.078125 0.2875977 0.06591796 0.2875977 0.06591796 0.2661133 0.078125 0.2651367 0.06347656 0.2651367 0.06347656 0.2661133 0.078125 0.2268066 0.078125 0.2651367 0.06347656 0.2268066 0.078125 0.2266845 0.0571289 0.2266845 0.0571289 0.2268066 0.078125 0.2034912 0.05371087 0.2034912 0.05371087 0.2268066 0.078125 0.2034912 0.07861328 0.2034912 0.05371087 0.2034912 0.07861328 0.1844482 0.07958984 0.1844482 0.07958984 0.2034912 0.07861328 0.2034912 0.1035156 0.1844482 0.07958984 0.2034912 0.1035156 0.1844482 0.1069335 0.1844482 0.1069335 0.2034912 0.1035156 0.1844482 0.1245117 0.1844482 0.1069335 0.1844482 0.1245117 0.13208 0.1137695 0.13208 0.1137695 0.1844482 0.1245117 0.13208 0.1269531 0.13208 0.1269531 0.1844482 0.1245117 0.1844482 0.137207 0.13208 0.1269531 0.1844482 0.137207 0.13208 0.137207 0.1844482 0.1245117 0.2269287 0.1347656 0.1844482 0.137207 0.2268066 0.078125 0.2269287 0.09960937 0.2034912 0.07861328 0.2034912 0.07861328 0.2269287 0.09960937 0.2034912 0.1035156 0.2034912 0.1035156 0.2269287 0.09960937 0.2269287 0.1186523 0.2269287 0.1186523 0.2269287 0.09960937 0.2675781 0.1108398 0.2675781 0.1108398 0.2269287 0.09960937 0.2670899 0.09277343 0.2670899 0.09277343 0.2269287 0.09960937 0.2268066 0.078125 0.2670899 0.09277343 0.2268066 0.078125 0.2661133 0.078125 0.1845703 0.05078125 0.1845703 0.03271484 0.2034912 0.05371087 0.2034912 0.05371087 0.1845703 0.03271484 0.2266845 0.03857415 0.2034912 0.05371087 0.2266845 0.03857415 0.2266845 0.0571289 0.2266845 0.0571289 0.2266845 0.03857415 0.2648926 0.04589837 0.2266845 0.0571289 0.2648926 0.04589837 0.2651367 0.06347656 0.2651367 0.06347656 0.2648926 0.04589837 0.2858887 0.0502929 0.2651367 0.06347656 0.2858887 0.0502929 0.2875977 0.06591796 0.2875977 0.06591796 0.2858887 0.0502929 0.3024902 0.05273437 0.2875977 0.06591796 0.3024902 0.05273437 0.3068848 0.06738281 0.2875977 0.06591796 0.3068848 0.06738281 0.2907715 0.078125 0.2907715 0.078125 0.3068848 0.06738281 0.3103027 0.07910156 0.2907715 0.078125 0.3103027 0.07910156 0.293457 0.09130859 0.293457 0.09130859 0.3103027 0.07910156 0.3122559 0.09082031 0.293457 0.09130859 0.3122559 0.09082031 0.2946777 0.1054687 0.2946777 0.1054687 0.3122559 0.09082031 0.3154297 0.1030273 0.2946777 0.1054687 0.3154297 0.1030273 0.3122559 0.1201171 0.2946777 0.1054687 0.3122559 0.1201171 0.293457 0.121582 0.293457 0.121582 0.3122559 0.1201171 0.2932129 0.1518554 0.293457 0.121582 0.2932129 0.1518554 0.2670899 0.1279296 0.2670899 0.1279296 0.2932129 0.1518554 0.2661133 0.1508789 0.2670899 0.1279296 0.2661133 0.1508789 0.2269287 0.1347656 0.2269287 0.1347656 0.2661133 0.1508789 0.2268066 0.1499023 0.2269287 0.1347656 0.2268066 0.1499023 0.1844482 0.137207 0.1844482 0.137207 0.2268066 0.1499023 0.1844482 0.1489257 0.1844482 0.137207 0.1844482 0.1489257 0.13208 0.137207 0.13208 0.137207 0.1844482 0.1489257 0.1322021 0.1479492 0.13208 0.137207 0.1322021 0.1479492 0.1092529 0.1479492 0.13208 0.137207 0.1092529 0.1479492 0.1089477 0.137207 0.13208 0.137207 0.1089477 0.137207 0.1087646 0.1269531 0.13208 0.137207 0.1087646 0.1269531 0.13208 0.1269531 0.13208 0.1269531 0.1087646 0.1269531 0.1081542 0.1132812 0.13208 0.1269531 0.1081542 0.1132812 0.13208 0.1137695 0.13208 0.1137695 0.1081542 0.1132812 0.1089477 0.08642578 0.13208 0.1137695 0.1089477 0.08642578 0.1322021 0.0859375 0.1322021 0.0859375 0.1089477 0.08642578 0.1086425 0.04443359 0.1322021 0.0859375 0.1086425 0.04443359 0.1323242 0.04345703 0.1323242 0.04345703 0.1086425 0.04443359 0.1324462 0.02880859 0.1323242 0.04345703 0.1324462 0.02880859 0.1845703 0.03271484 0.1845703 0.03271484 0.1324462 0.02880859 0.1845703 0.02050781 0.1845703 0.03271484 0.1845703 0.02050781 0.2266845 0.0234375 0.2266845 0.0234375 0.1845703 0.02050781 0.2268066 0.009765625 0.2266845 0.0234375 0.2268066 0.009765625 0.2661133 0.01074212 0.2266845 0.0234375 0.2661133 0.01074212 0.2651367 0.02880859 0.2651367 0.02880859 0.2661133 0.01074212 0.2900391 0.03369134 0.2651367 0.02880859 0.2900391 0.03369134 0.2648926 0.04589837 0.2648926 0.04589837 0.2900391 0.03369134 0.2858887 0.0502929 0.2858887 0.0502929 0.2900391 0.03369134 0.3024902 0.05273437 0.3024902 0.05273437 0.2900391 0.03369134 0.3073731 0.03417962 0.3073731 0.03417962 0.2900391 0.03369134 0.2932129 0.01171875 0.3073731 0.03417962 0.2932129 0.01171875 0.3100586 0.01220703 0.2932129 0.01171875 0.2900391 0.03369134 0.2661133 0.01074212 0.2648926 0.04589837 0.2266845 0.03857415 0.2651367 0.02880859 0.2651367 0.02880859 0.2266845 0.03857415 0.2266845 0.0234375 0.2266845 0.0234375 0.2266845 0.03857415 0.1845703 0.03271484 0.3100586 0.1523437 0.2932129 0.1518554 0.3122559 0.1201171 0.2268066 0.009765625 0.1845703 0.02050781 0.1844482 0.008789062 0.1086425 0.04443359 0.1095581 0.02832031 0.1324462 0.02880859 0.1324462 0.02880859 0.1095581 0.02832031 0.1323242 0.01855462 0.1324462 0.02880859 0.1323242 0.01855462 0.1845703 0.02050781 0.1845703 0.02050781 0.1323242 0.01855462 0.1844482 0.008789062 0.1844482 0.008789062 0.1323242 0.01855462 0.1322021 0.0078125 0.1322021 0.0078125 0.1323242 0.01855462 0.1095581 0.01757812 0.1322021 0.0078125 0.1095581 0.01757812 0.1092529 0.0078125 0.1095581 0.01757812 0.1323242 0.01855462 0.1095581 0.02832031 0.9926759 0.1206054 0.9926759 0.1206054 0.9746094 0.1289062 0.9746094 0.1289062 0.9926759 0.1206054 0.9746094 0.1289062 0.9746094 0.1289062 0.9746094 0.1289062 0.9628906 0.1289062 0.9746094 0.1289062 0.9628906 0.1289062 0.9628906 0.1289062 0.9628906 0.1289062 0.9628906 0.1289062 0.9492188 0.1254882 0.9492188 0.1254882 0.9628906 0.1289062 0.9492188 0.1254882 0.9492188 0.1254882 0.9492188 0.1254882 0.9379883 0.1474609 0.9379883 0.1474609 0.9492188 0.1254882 0.9379883 0.1474609 0.9379883 0.1474609 0.9379883 0.1474609 0.9194336 0.1655273 0.9194336 0.1655273 0.9379883 0.1474609 0.9194336 0.1655273 0.9194336 0.1655273 0.9194336 0.1655273 0.9013672 0.1977539 0.9194336 0.1655273 0.9013672 0.1977539 0.9013672 0.1977539 0.9013672 0.1977539 0.9013672 0.1977539 0.8789063 0.234375 0.9013672 0.1977539 0.8789063 0.234375 0.8789063 0.234375 0.8789063 0.234375 0.8789063 0.234375 0.8544922 0.2739258 0.8789063 0.234375 0.8544922 0.2739258 0.8544922 0.2739258 0.8544922 0.2739258 0.8544922 0.2739258 0.8251953 0.3076172 0.8544922 0.2739258 0.8251953 0.3076172 0.8251953 0.3076172 0.8251953 0.3076172 0.8251953 0.3076172 0.7954102 0.3422852 0.7954102 0.3422852 0.8251953 0.3076172 0.7954102 0.3422852 0.137207 0.277832 0.1483154 0.2661133 0.137207 0.2661133 0.1627197 0.2661133 0.163208 0.2060546 0.1483154 0.2661133 0.1483154 0.2661133 0.163208 0.2060546 0.1484375 0.2050781 0.1483154 0.2661133 0.1484375 0.2050781 0.1370849 0.2060546 0.1483154 0.2661133 0.1370849 0.2060546 0.137207 0.2661133 0.137207 0.2661133 0.1370849 0.2060546 0.1271972 0.2080078 0.137207 0.2661133 0.1271972 0.2080078 0.1271972 0.2661133 0.137207 0.2661133 0.1271972 0.2661133 0.1271972 0.277832 0.137207 0.2661133 0.1271972 0.277832 0.137207 0.277832 0.137207 0.277832 0.1271972 0.277832 0.1271972 0.2895508 0.137207 0.277832 0.1271972 0.2895508 0.137207 0.2895508 0.137207 0.277832 0.137207 0.2895508 0.1483154 0.2895508 0.137207 0.277832 0.1483154 0.2895508 0.1483154 0.2661133 0.1483154 0.2661133 0.1483154 0.2895508 0.1625975 0.2895508 0.1483154 0.2661133 0.1625975 0.2895508 0.1627197 0.2661133 0.1627197 0.2661133 0.1625975 0.2895508 0.1767578 0.2895508 0.1627197 0.2661133 0.1767578 0.2895508 0.1767578 0.2661133 0.1627197 0.2661133 0.1767578 0.2661133 0.1768798 0.2080078 0.1627197 0.2661133 0.1768798 0.2080078 0.163208 0.2060546 0.1271972 0.2895508 0.1154785 0.3432617 0.1271972 0.3432617 0.1271972 0.2895508 0.1271972 0.3432617 0.137207 0.2895508 0.137207 0.2895508 0.1271972 0.3432617 0.1373291 0.3432617 0.137207 0.2895508 0.1373291 0.3432617 0.1483154 0.2895508 0.1483154 0.2895508 0.1373291 0.3432617 0.1481932 0.3432617 0.1483154 0.2895508 0.1481932 0.3432617 0.1625975 0.3432617 0.1483154 0.2895508 0.1625975 0.3432617 0.1625975 0.2895508 0.1625975 0.2895508 0.1625975 0.3432617 0.1767578 0.3432617 0.1625975 0.2895508 0.1767578 0.3432617 0.1767578 0.2895508 0.1767578 0.2895508 0.1767578 0.3432617 0.187622 0.3432617 0.1767578 0.2895508 0.187622 0.3432617 0.187622 0.2895508 0.1767578 0.2895508 0.187622 0.2895508 0.1875 0.2661133 0.1767578 0.2895508 0.1875 0.2661133 0.1767578 0.2661133 0.1767578 0.2661133 0.1875 0.2661133 0.1871337 0.2099609 0.1767578 0.2661133 0.1871337 0.2099609 0.1768798 0.2080078 0.1768798 0.2080078 0.1871337 0.2099609 0.1768798 0.1948242 0.1768798 0.2080078 0.1768798 0.1948242 0.163208 0.2060546 0.163208 0.2060546 0.1768798 0.1948242 0.1638182 0.1923828 0.163208 0.2060546 0.1638182 0.1923828 0.1485595 0.1914062 0.163208 0.2060546 0.1485595 0.1914062 0.1484375 0.2050781 0.1484375 0.2050781 0.1485595 0.1914062 0.1369628 0.1923828 0.1484375 0.2050781 0.1369628 0.1923828 0.1370849 0.2060546 0.1370849 0.2060546 0.1369628 0.1923828 0.1270751 0.1948242 0.1370849 0.2060546 0.1270751 0.1948242 0.1271972 0.2080078 0.1271972 0.2080078 0.1270751 0.1948242 0.1155395 0.2099609 0.1271972 0.2080078 0.1155395 0.2099609 0.1271972 0.2661133 0.1271972 0.2661133 0.1155395 0.2099609 0.1155395 0.2661133 0.1271972 0.2661133 0.1155395 0.2661133 0.1271972 0.277832 0.1271972 0.277832 0.1155395 0.2661133 0.1155395 0.277832 0.1271972 0.277832 0.1155395 0.277832 0.1271972 0.2895508 0.1271972 0.2895508 0.1155395 0.277832 0.1155395 0.2895508 0.1271972 0.2895508 0.1155395 0.2895508 0.1154785 0.3432617 0.1154785 0.3432617 0.1155395 0.2895508 0.09954833 0.3432617 0.09954833 0.3432617 0.1155395 0.2895508 0.0994873 0.2895508 0.0994873 0.2895508 0.1155395 0.2895508 0.1155395 0.277832 0.0994873 0.2895508 0.1155395 0.277832 0.0994873 0.2661133 0.0994873 0.2661133 0.1155395 0.277832 0.1155395 0.2661133 0.0994873 0.2661133 0.1155395 0.2661133 0.09887695 0.2109375 0.09887695 0.2109375 0.1155395 0.2661133 0.1155395 0.2099609 0.09887695 0.2109375 0.1155395 0.2099609 0.09796142 0.1879882 0.09796142 0.1879882 0.1155395 0.2099609 0.1150512 0.186035 0.1150512 0.186035 0.1155395 0.2099609 0.1270751 0.1948242 0.1150512 0.186035 0.1270751 0.1948242 0.1269531 0.1821289 0.1269531 0.1821289 0.1270751 0.1948242 0.1369628 0.1923828 0.1269531 0.1821289 0.1369628 0.1923828 0.1367187 0.1782225 0.1367187 0.1782225 0.1369628 0.1923828 0.1485595 0.1914062 0.1367187 0.1782225 0.1485595 0.1914062 0.1486816 0.1777343 0.1486816 0.1777343 0.1485595 0.1914062 0.1638182 0.1923828 0.1486816 0.1777343 0.1638182 0.1923828 0.1645507 0.1782225 0.1645507 0.1782225 0.1638182 0.1923828 0.177124 0.1821289 0.177124 0.1821289 0.1638182 0.1923828 0.1768798 0.1948242 0.177124 0.1821289 0.1768798 0.1948242 0.1866455 0.186035 0.1866455 0.186035 0.1768798 0.1948242 0.1871337 0.2099609 0.1866455 0.186035 0.1871337 0.2099609 0.199707 0.1879882 0.199707 0.1879882 0.1871337 0.2099609 0.2006835 0.2109375 0.2006835 0.2109375 0.1871337 0.2099609 0.1875 0.2661133 0.2006835 0.2109375 0.1875 0.2661133 0.2011718 0.2661133 0.2011718 0.2661133 0.1875 0.2661133 0.187622 0.2895508 0.2011718 0.2661133 0.187622 0.2895508 0.2012939 0.2895508 0.2012939 0.2895508 0.187622 0.2895508 0.187622 0.3432617 0.2012939 0.2895508 0.187622 0.3432617 0.2012939 0.3432617 0.3974609 0.1621093 0.3974609 0.1430664 0.3422852 0.20166 0.3974609 0.1621093 0.3422852 0.20166 0.3974609 0.1821289 0.3974609 0.1821289 0.3422852 0.20166 0.3974609 0.208496 0.3974609 0.208496 0.3422852 0.20166 0.3974609 0.2324218 0.3974609 0.2324218 0.3422852 0.20166 0.3974609 0.2495117 0.3974609 0.2495117 0.3422852 0.20166 0.3974609 0.265625 0.3974609 0.03710937 0.3974609 0.02099609 0.3422852 0.08496093 0.3974609 0.03710937 0.3422852 0.08496093 0.3974609 0.05419915 0.3974609 0.05419915 0.3422852 0.08496093 0.3974609 0.078125 0.3974609 0.078125 0.3422852 0.08496093 0.3974609 0.1040039 0.3974609 0.1040039 0.3422852 0.08496093 0.3974609 0.1240234 0.3974609 0.1240234 0.3422852 0.08496093 0.3974609 0.1430664 0.5449219 0.02392578 0.5336914 0.0390625 0.5493164 0.03271484 0.5449219 0.02392578 0.5493164 0.03271484 0.5644531 0.02392578 0.5458984 0.06201165 0.5683594 0.07763671 0.5693359 0.06884765 0.5693359 0.06884765 0.5683594 0.07763671 0.590332 0.07861328 0.590332 0.07861328 0.5683594 0.07763671 0.5693359 0.08544921 0.5693359 0.08544921 0.5683594 0.07763671 0.5458984 0.09033203 0.5458984 0.09033203 0.5683594 0.07763671 0.5444336 0.07666015 0.5458984 0.09033203 0.5444336 0.07666015 0.5219727 0.09423828 0.5219727 0.09423828 0.5444336 0.07666015 0.5205078 0.07666015 0.5205078 0.07666015 0.5444336 0.07666015 0.5219727 0.05664062 0.5205078 0.07666015 0.5219727 0.05664062 0.5029297 0.04833984 0.5029297 0.04833984 0.5219727 0.05664062 0.5195313 0.04833984 0.5029297 0.04833984 0.5195313 0.04833984 0.5175781 0.04345703 0.5029297 0.04833984 0.5175781 0.04345703 0.5092774 0.03173828 0.5092774 0.03173828 0.5175781 0.04345703 0.5336914 0.0390625 0.5092774 0.03173828 0.5336914 0.0390625 0.5258789 0.02832031 0.5258789 0.02832031 0.5336914 0.0390625 0.5449219 0.02392578 0.5258789 0.02832031 0.5449219 0.02392578 0.543457 0.015625 0.543457 0.015625 0.5449219 0.02392578 0.5644531 0.02392578 0.543457 0.015625 0.5644531 0.02392578 0.5449219 0.008300781 0.543457 0.015625 0.5449219 0.008300781 0.5239258 0.006835937 0.543457 0.015625 0.5239258 0.006835937 0.5224609 0.01708984 0.5224609 0.01708984 0.5239258 0.006835937 0.503418 0.01953125 0.5224609 0.01708984 0.503418 0.01953125 0.5092774 0.03173828 0.5092774 0.03173828 0.503418 0.01953125 0.4956055 0.03613281 0.5092774 0.03173828 0.4956055 0.03613281 0.5029297 0.04833984 0.5458984 0.06201165 0.5219727 0.05664062 0.5444336 0.07666015 0.5458984 0.06201165 0.5444336 0.07666015 0.5683594 0.07763671 0.5258789 0.02832031 0.543457 0.015625 0.5224609 0.01708984 0.5258789 0.02832031 0.5224609 0.01708984 0.5092774 0.03173828 0.5239258 0.006835937 0.5039063 0.008300781 0.503418 0.01953125 0.503418 0.01953125 0.5039063 0.008300781 0.4892578 0.02099609 0.503418 0.01953125 0.4892578 0.02099609 0.4956055 0.03613281 0.4892578 0.02099609 0.5039063 0.008300781 0.4899902 0.008300781 0.5029297 0.04833984 0.5112305 0.07861328 0.5205078 0.07666015 0.5205078 0.07666015 0.5112305 0.07861328 0.5219727 0.09423828 0.5219727 0.09423828 0.5112305 0.07861328 0.515625 0.09863281 0.5219727 0.1430664 0.5117188 0.1430664 0.5117188 0.1538085 0.5219727 0.1430664 0.5117188 0.1538085 0.5229492 0.1533203 0.5229492 0.1533203 0.5117188 0.1538085 0.5234375 0.1674804 0.5229492 0.1533203 0.5234375 0.1674804 0.5493164 0.1665039 0.5493164 0.1665039 0.5234375 0.1674804 0.5488281 0.1767578 0.5493164 0.1665039 0.5488281 0.1767578 0.5703125 0.1699218 0.5703125 0.1699218 0.5488281 0.1767578 0.5693359 0.1762695 0.5703125 0.1699218 0.5693359 0.1762695 0.5883789 0.1635742 0.5703125 0.1699218 0.5883789 0.1635742 0.5703125 0.1640625 0.5703125 0.1640625 0.5883789 0.1635742 0.5698242 0.1586914 0.5703125 0.1640625 0.5698242 0.1586914 0.5483399 0.1557617 0.5483399 0.1557617 0.5698242 0.1586914 0.5688477 0.1503906 0.5483399 0.1557617 0.5688477 0.1503906 0.5463867 0.1450195 0.5483399 0.1557617 0.5463867 0.1450195 0.5219727 0.1430664 0.5219727 0.1430664 0.5463867 0.1450195 0.5444336 0.1254882 0.5219727 0.1430664 0.5444336 0.1254882 0.5209961 0.1259765 0.5209961 0.1259765 0.5444336 0.1254882 0.5219727 0.1015625 0.5209961 0.1259765 0.5219727 0.1015625 0.5112305 0.1259765 0.5112305 0.1259765 0.5219727 0.1015625 0.515625 0.09863281 0.5112305 0.1259765 0.515625 0.09863281 0.4975586 0.1035156 0.4975586 0.1035156 0.515625 0.09863281 0.5112305 0.07861328 0.4975586 0.1035156 0.5112305 0.07861328 0.496582 0.08447265 0.496582 0.08447265 0.5112305 0.07861328 0.5029297 0.04833984 0.496582 0.08447265 0.5029297 0.04833984 0.4777832 0.06787109 0.4777832 0.06787109 0.5029297 0.04833984 0.4956055 0.03613281 0.4777832 0.06787109 0.4956055 0.03613281 0.4760742 0.0424804 0.4760742 0.0424804 0.4956055 0.03613281 0.4892578 0.02099609 0.4760742 0.0424804 0.4892578 0.02099609 0.4748535 0.02441406 0.4748535 0.02441406 0.4892578 0.02099609 0.4899902 0.008300781 0.4748535 0.02441406 0.4899902 0.008300781 0.4753418 0.01074212 0.4748535 0.02441406 0.4753418 0.01074212 0.4606934 0.02832031 0.4606934 0.02832031 0.4753418 0.01074212 0.4609375 0.015625 0.4606934 0.02832031 0.4609375 0.015625 0.4450684 0.03857415 0.4450684 0.03857415 0.4609375 0.015625 0.4450684 0.02197265 0.4450684 0.03857415 0.4450684 0.02197265 0.3974609 0.02099609 0.4450684 0.03857415 0.3974609 0.02099609 0.3974609 0.03710937 0.4450684 0.03857415 0.3974609 0.03710937 0.3974609 0.05419915 0.4450684 0.03857415 0.3974609 0.05419915 0.4450684 0.05517578 0.4450684 0.05517578 0.3974609 0.05419915 0.3974609 0.078125 0.4450684 0.05517578 0.3974609 0.078125 0.4450684 0.078125 0.4450684 0.078125 0.3974609 0.078125 0.4450684 0.1015625 0.4450684 0.078125 0.4450684 0.1015625 0.4614258 0.09765625 0.4614258 0.09765625 0.4450684 0.1015625 0.4621582 0.114746 0.4614258 0.09765625 0.4621582 0.114746 0.4775391 0.1088867 0.4775391 0.1088867 0.4621582 0.114746 0.4775391 0.1284179 0.4775391 0.1088867 0.4775391 0.1284179 0.4970703 0.1274414 0.4970703 0.1274414 0.4775391 0.1284179 0.4772949 0.140625 0.4970703 0.1274414 0.4772949 0.140625 0.4970703 0.1430664 0.4970703 0.1274414 0.4970703 0.1430664 0.5112305 0.1259765 0.5112305 0.1259765 0.4970703 0.1430664 0.5117188 0.1430664 0.5112305 0.1259765 0.5117188 0.1430664 0.5209961 0.1259765 0.5209961 0.1259765 0.5117188 0.1430664 0.5219727 0.1430664 0.5703125 0.1699218 0.5703125 0.1640625 0.5493164 0.1665039 0.5493164 0.1665039 0.5703125 0.1640625 0.5483399 0.1557617 0.5493164 0.1665039 0.5483399 0.1557617 0.5229492 0.1533203 0.5229492 0.1533203 0.5483399 0.1557617 0.5219727 0.1430664 0.5698242 0.1586914 0.5883789 0.1635742 0.5688477 0.1503906 0.4450684 0.05517578 0.4606934 0.02832031 0.4450684 0.03857415 0.4970703 0.1274414 0.5112305 0.1259765 0.4975586 0.1035156 0.4970703 0.1274414 0.4975586 0.1035156 0.4775391 0.1088867 0.4775391 0.1088867 0.4975586 0.1035156 0.4768067 0.08984375 0.4775391 0.1088867 0.4768067 0.08984375 0.4614258 0.09765625 0.4614258 0.09765625 0.4768067 0.08984375 0.4611817 0.07470703 0.4614258 0.09765625 0.4611817 0.07470703 0.4450684 0.078125 0.4450684 0.078125 0.4611817 0.07470703 0.4450684 0.05517578 0.4450684 0.05517578 0.4611817 0.07470703 0.4609375 0.04736328 0.4450684 0.05517578 0.4609375 0.04736328 0.4606934 0.02832031 0.4606934 0.02832031 0.4609375 0.04736328 0.4760742 0.0424804 0.4606934 0.02832031 0.4760742 0.0424804 0.4748535 0.02441406 0.4760742 0.0424804 0.4609375 0.04736328 0.4611817 0.07470703 0.4760742 0.0424804 0.4611817 0.07470703 0.4777832 0.06787109 0.4777832 0.06787109 0.4611817 0.07470703 0.4768067 0.08984375 0.4777832 0.06787109 0.4768067 0.08984375 0.496582 0.08447265 0.496582 0.08447265 0.4768067 0.08984375 0.4975586 0.1035156 0.3974609 0.078125 0.3974609 0.1040039 0.4450684 0.1015625 0.4450684 0.1015625 0.3974609 0.1040039 0.4458008 0.1201171 0.4450684 0.1015625 0.4458008 0.1201171 0.4621582 0.114746 0.4621582 0.114746 0.4458008 0.1201171 0.4621582 0.1284179 0.4621582 0.114746 0.4621582 0.1284179 0.4775391 0.1284179 0.4775391 0.1284179 0.4621582 0.1284179 0.4772949 0.140625 0.4772949 0.140625 0.4621582 0.1284179 0.4616699 0.137207 0.4616699 0.137207 0.4621582 0.1284179 0.4450684 0.133789 0.4450684 0.133789 0.4621582 0.1284179 0.4458008 0.1201171 0.4450684 0.133789 0.4458008 0.1201171 0.3974609 0.1240234 0.3974609 0.1240234 0.4458008 0.1201171 0.3974609 0.1040039 0.4450684 0.133789 0.3974609 0.1240234 0.3974609 0.1430664 0.3974609 0.1430664 0.3974609 0.1621093 0.4450684 0.1523437 0.4616699 0.149414 0.4450684 0.1523437 0.4450684 0.1655273 0.4450684 0.1655273 0.4450684 0.1523437 0.3974609 0.1621093 0.4450684 0.1655273 0.3974609 0.1621093 0.3974609 0.1821289 0.4772949 0.145996 0.4616699 0.149414 0.4614258 0.1625975 0.4614258 0.1625975 0.4616699 0.149414 0.4450684 0.1655273 0.4614258 0.1625975 0.4450684 0.1655273 0.4614258 0.1811523 0.4614258 0.1811523 0.4450684 0.1655273 0.4450684 0.1831054 0.4450684 0.1831054 0.4450684 0.1655273 0.3974609 0.1821289 0.4450684 0.1831054 0.3974609 0.1821289 0.3974609 0.208496 0.4943848 0.234375 0.5043945 0.2446289 0.5083008 0.2382812 0.5083008 0.2382812 0.5043945 0.2446289 0.5161133 0.2495117 0.5083008 0.2382812 0.5161133 0.2495117 0.5185547 0.2402343 0.5185547 0.2402343 0.5161133 0.2495117 0.5361328 0.2539063 0.5185547 0.2402343 0.5361328 0.2539063 0.5356445 0.2446289 0.5356445 0.2446289 0.5361328 0.2539063 0.5522461 0.2573242 0.5356445 0.2446289 0.5522461 0.2573242 0.5507813 0.2519531 0.5507813 0.2519531 0.5522461 0.2573242 0.5644531 0.2626953 0.5644531 0.2626953 0.5522461 0.2573242 0.5493164 0.2675781 0.5644531 0.2626953 0.5493164 0.2675781 0.5449219 0.2783203 0.5449219 0.2783203 0.5493164 0.2675781 0.5307617 0.2680664 0.5449219 0.2783203 0.5307617 0.2680664 0.5239258 0.2797852 0.5239258 0.2797852 0.5307617 0.2680664 0.5039063 0.2783203 0.5039063 0.2783203 0.5307617 0.2680664 0.5102539 0.265625 0.5039063 0.2783203 0.5102539 0.265625 0.4899902 0.2783203 0.4899902 0.2783203 0.5102539 0.265625 0.4934082 0.2617188 0.4899902 0.2783203 0.4934082 0.2617188 0.4753418 0.2758789 0.4753418 0.2758789 0.4934082 0.2617188 0.4775391 0.2558594 0.4753418 0.2758789 0.4775391 0.2558594 0.4609375 0.2705078 0.4609375 0.2705078 0.4775391 0.2558594 0.4611817 0.2495117 0.4609375 0.2705078 0.4611817 0.2495117 0.4450684 0.2646484 0.4450684 0.2646484 0.4611817 0.2495117 0.4450684 0.2451171 0.4450684 0.2646484 0.4450684 0.2451171 0.3974609 0.2495117 0.3974609 0.2495117 0.4450684 0.2451171 0.3974609 0.2324218 0.3974609 0.2324218 0.4450684 0.2451171 0.4450684 0.2304687 0.3974609 0.2324218 0.4450684 0.2304687 0.3974609 0.208496 0.3974609 0.208496 0.4450684 0.2304687 0.4450684 0.2070312 0.3974609 0.208496 0.4450684 0.2070312 0.4450684 0.1831054 0.4450684 0.1831054 0.4450684 0.2070312 0.4616699 0.2075195 0.4450684 0.1831054 0.4616699 0.2075195 0.4614258 0.1811523 0.4614258 0.1811523 0.4616699 0.2075195 0.4775391 0.1791992 0.4614258 0.1811523 0.4775391 0.1791992 0.4614258 0.1625975 0.4614258 0.1625975 0.4775391 0.1791992 0.4772949 0.1582031 0.4614258 0.1625975 0.4772949 0.1582031 0.4772949 0.145996 0.4772949 0.145996 0.4772949 0.1582031 0.4970703 0.1557617 0.4772949 0.145996 0.4970703 0.1557617 0.4970703 0.1430664 0.4970703 0.1430664 0.4970703 0.1557617 0.5117188 0.1538085 0.4970703 0.1430664 0.5117188 0.1538085 0.5117188 0.1430664 0.4450684 0.2451171 0.4611817 0.2495117 0.4450684 0.2304687 0.5493164 0.2675781 0.5522461 0.2573242 0.5307617 0.2680664 0.5307617 0.2680664 0.5522461 0.2573242 0.5361328 0.2539063 0.5307617 0.2680664 0.5361328 0.2539063 0.5161133 0.2495117 0.5307617 0.2680664 0.5161133 0.2495117 0.5102539 0.265625 0.5102539 0.265625 0.5161133 0.2495117 0.4934082 0.2617188 0.4934082 0.2617188 0.5161133 0.2495117 0.5043945 0.2446289 0.4934082 0.2617188 0.5043945 0.2446289 0.4943848 0.234375 0.4934082 0.2617188 0.4943848 0.234375 0.4775391 0.2558594 0.4775391 0.2558594 0.4943848 0.234375 0.4780274 0.2333984 0.4775391 0.2558594 0.4780274 0.2333984 0.4611817 0.2495117 0.4611817 0.2495117 0.4780274 0.2333984 0.4604492 0.2319335 0.4611817 0.2495117 0.4604492 0.2319335 0.4450684 0.2304687 0.4450684 0.2304687 0.4604492 0.2319335 0.4616699 0.2075195 0.4450684 0.2304687 0.4616699 0.2075195 0.4450684 0.2070312 0.4450684 0.2646484 0.3974609 0.2495117 0.3974609 0.265625 0.4787598 0.2104492 0.4775391 0.1791992 0.4616699 0.2075195 0.4787598 0.2104492 0.4616699 0.2075195 0.4604492 0.2319335 0.4787598 0.2104492 0.4604492 0.2319335 0.4780274 0.2333984 0.4787598 0.2104492 0.4780274 0.2333984 0.4943848 0.234375 0.519043 0.1884765 0.5126953 0.1879882 0.5234375 0.1953125 0.519043 0.1884765 0.5234375 0.1953125 0.5229492 0.1899414 0.5229492 0.1899414 0.5234375 0.1953125 0.5483399 0.1992187 0.5229492 0.1899414 0.5483399 0.1992187 0.546875 0.192871 0.546875 0.192871 0.5483399 0.1992187 0.5698242 0.1982421 0.5698242 0.1982421 0.5483399 0.1992187 0.5708008 0.2036132 0.5708008 0.2036132 0.5483399 0.1992187 0.5712891 0.2089843 0.5708008 0.2036132 0.5712891 0.2089843 0.590332 0.2080078 0.590332 0.2080078 0.5712891 0.2089843 0.5708008 0.2143554 0.590332 0.2080078 0.5708008 0.2143554 0.5698242 0.2207031 0.5698242 0.2207031 0.5708008 0.2143554 0.5483399 0.2207031 0.5698242 0.2207031 0.5483399 0.2207031 0.546875 0.2285156 0.546875 0.2285156 0.5483399 0.2207031 0.5229492 0.234375 0.5229492 0.234375 0.5483399 0.2207031 0.5239258 0.2246093 0.5229492 0.234375 0.5239258 0.2246093 0.5083008 0.2382812 0.5083008 0.2382812 0.5239258 0.2246093 0.5126953 0.2280273 0.5083008 0.2382812 0.5126953 0.2280273 0.4943848 0.234375 0.4943848 0.234375 0.5126953 0.2280273 0.4963379 0.2104492 0.4943848 0.234375 0.4963379 0.2104492 0.4787598 0.2104492 0.4787598 0.2104492 0.4963379 0.2104492 0.4980469 0.1879882 0.4787598 0.2104492 0.4980469 0.1879882 0.4775391 0.1791992 0.4775391 0.1791992 0.4980469 0.1879882 0.4975586 0.1738281 0.4775391 0.1791992 0.4975586 0.1738281 0.4772949 0.1582031 0.4772949 0.1582031 0.4975586 0.1738281 0.4970703 0.1557617 0.4970703 0.1557617 0.4975586 0.1738281 0.5126953 0.1699218 0.4970703 0.1557617 0.5126953 0.1699218 0.5117188 0.1538085 0.5117188 0.1538085 0.5126953 0.1699218 0.5234375 0.1674804 0.5234375 0.1674804 0.5126953 0.1699218 0.5234375 0.1821289 0.5234375 0.1674804 0.5234375 0.1821289 0.5488281 0.1767578 0.5488281 0.1767578 0.5234375 0.1821289 0.5229492 0.1879882 0.5488281 0.1767578 0.5229492 0.1879882 0.5473633 0.1831054 0.5488281 0.1767578 0.5473633 0.1831054 0.5693359 0.1762695 0.5708008 0.2036132 0.590332 0.2080078 0.5698242 0.1982421 0.5126953 0.2099609 0.4980469 0.1879882 0.4963379 0.2104492 0.5126953 0.2099609 0.4963379 0.2104492 0.5126953 0.2280273 0.5126953 0.2099609 0.5126953 0.2280273 0.5239258 0.2246093 0.5126953 0.2099609 0.5239258 0.2246093 0.5239258 0.2104492 0.5239258 0.2104492 0.5239258 0.2246093 0.5483399 0.2207031 0.5239258 0.2104492 0.5483399 0.2207031 0.5493164 0.2099609 0.5493164 0.2099609 0.5483399 0.2207031 0.5708008 0.2143554 0.5493164 0.2099609 0.5708008 0.2143554 0.5712891 0.2089843 0.5493164 0.2099609 0.5712891 0.2089843 0.5483399 0.1992187 0.5493164 0.2099609 0.5483399 0.1992187 0.5239258 0.2104492 0.5239258 0.2104492 0.5483399 0.1992187 0.5234375 0.1953125 0.5239258 0.2104492 0.5234375 0.1953125 0.5126953 0.2099609 0.5126953 0.2099609 0.5234375 0.1953125 0.5126953 0.1879882 0.5126953 0.2099609 0.5126953 0.1879882 0.4980469 0.1879882 0.4980469 0.1879882 0.5126953 0.1879882 0.4975586 0.1738281 0.4975586 0.1738281 0.5126953 0.1879882 0.5126953 0.1699218 0.5126953 0.1699218 0.5126953 0.1879882 0.5234375 0.1821289 0.5234375 0.1821289 0.5126953 0.1879882 0.519043 0.1884765 0.5234375 0.1821289 0.519043 0.1884765 0.5229492 0.1879882 0.5219727 0.1015625 0.5444336 0.1254882 0.5463867 0.1064453 0.5463867 0.1064453 0.5444336 0.1254882 0.5678711 0.125 0.5463867 0.1064453 0.5678711 0.125 0.5688477 0.1132812 0.5688477 0.1132812 0.5678711 0.125 0.5883789 0.1230468 0.5883789 0.1230468 0.5678711 0.125 0.5688477 0.1362304 0.5688477 0.1362304 0.5678711 0.125 0.5463867 0.1450195 0.5463867 0.1450195 0.5678711 0.125 0.5444336 0.1254882 0.09387207 0.1113281 0.0817871 0.1323242 0.04718011 0.06201165 0.09387207 0.1113281 0.04718011 0.06201165 0.06304931 0.0502929 0.06304931 0.0502929 0.04718011 0.06201165 0.008895874 0.004882812 0.03958123 0.1523437 0.02958679 0.1762695 0.027893 0.1533203 0.03958123 0.1523437 0.027893 0.1533203 0.03598022 0.1269531 0.03958123 0.1523437 0.03598022 0.1269531 0.04449456 0.1264648 0.03958123 0.1523437 0.04449456 0.1264648 0.04919427 0.1513671 0.03958123 0.1523437 0.04919427 0.1513671 0.04208374 0.1748046 0.04208374 0.1748046 0.04919427 0.1513671 0.05218499 0.1738281 0.04208374 0.1748046 0.05218499 0.1738281 0.04568481 0.2055664 0.04568481 0.2055664 0.05218499 0.1738281 0.05657953 0.2045898 0.04568481 0.2055664 0.05657953 0.2045898 0.04998779 0.2426757 0.04998779 0.2426757 0.05657953 0.2045898 0.06207275 0.2416992 0.04998779 0.2426757 0.06207275 0.2416992 0.05578613 0.2880859 0.05578613 0.2880859 0.06207275 0.2416992 0.06939697 0.2866211 0.05578613 0.2880859 0.03829956 0.2900391 0.04998779 0.2426757 0.04998779 0.2426757 0.03829956 0.2900391 0.03469842 0.2446289 0.04998779 0.2426757 0.03469842 0.2446289 0.04568481 0.2055664 0.04568481 0.2055664 0.03469842 0.2446289 0.0318908 0.2075195 0.04568481 0.2055664 0.0318908 0.2075195 0.04208374 0.1748046 0.04208374 0.1748046 0.0318908 0.2075195 0.02958679 0.1762695 0.04208374 0.1748046 0.02958679 0.1762695 0.03958123 0.1523437 0.06939697 0.2866211 0.07885742 0.3452149 0.06317138 0.3452149 0.06939697 0.2866211 0.06317138 0.3452149 0.05578613 0.2880859 0.05578613 0.2880859 0.06317138 0.3452149 0.04269409 0.3461914 0.05578613 0.2880859 0.04269409 0.3461914 0.03829956 0.2900391 0.03829956 0.2900391 0.04269409 0.3461914 0.0243988 0.3476563 0.03829956 0.2900391 0.0243988 0.3476563 0.02249145 0.2919922 0.03829956 0.2900391 0.02249145 0.2919922 0.03469842 0.2446289 0.03469842 0.2446289 0.02249145 0.2919922 0.02088928 0.2460937 0.03469842 0.2446289 0.02088928 0.2460937 0.0318908 0.2075195 0.0318908 0.2075195 0.02088928 0.2460937 0.01939392 0.2089843 0.0318908 0.2075195 0.01939392 0.2089843 0.02958679 0.1762695 0.02958679 0.1762695 0.01939392 0.2089843 0.01818841 0.1777343 0.02958679 0.1762695 0.01818841 0.1777343 0.01719665 0.154785 0.02958679 0.1762695 0.01719665 0.154785 0.027893 0.1533203 0.027893 0.1533203 0.01719665 0.154785 0.02578735 0.1279296 0.027893 0.1533203 0.02578735 0.1279296 0.03598022 0.1269531 0.03598022 0.1269531 0.02578735 0.1279296 0.03408813 0.1132812 0.03598022 0.1269531 0.03408813 0.1132812 0.04449456 0.1264648 0.04449456 0.1264648 0.03408813 0.1132812 0.0817871 0.1323242 0.0817871 0.1323242 0.03408813 0.1132812 0.04718011 0.06201165 0.07885742 0.3452149 0.0881958 0.3867188 0.06958007 0.3867188 0.07885742 0.3452149 0.06958007 0.3867188 0.06317138 0.3452149 0.06317138 0.3452149 0.06958007 0.3867188 0.046875 0.3886719 0.06317138 0.3452149 0.046875 0.3886719 0.04269409 0.3461914 0.04269409 0.3461914 0.046875 0.3886719 0.02598565 0.3916016 0.04269409 0.3461914 0.02598565 0.3916016 0.0243988 0.3476563 0.0243988 0.3476563 0.02598565 0.3916016 0.008895874 0.3491211 0.0243988 0.3476563 0.008895874 0.3491211 0.02249145 0.2919922 0.02249145 0.2919922 0.008895874 0.3491211 0.008895874 0.293457 0.02249145 0.2919922 0.008895874 0.293457 0.02088928 0.2460937 0.02088928 0.2460937 0.008895874 0.293457 0.008895874 0.2475585 0.02088928 0.2460937 0.008895874 0.2475585 0.01939392 0.2089843 0.01939392 0.2089843 0.008895874 0.2475585 0.008895874 0.2099609 0.01939392 0.2089843 0.008895874 0.2099609 0.01818841 0.1777343 0.01818841 0.1777343 0.008895874 0.2099609 0.008895874 0.1787109 0.01818841 0.1777343 0.008895874 0.1787109 0.008895874 0.1557617 0.01818841 0.1777343 0.008895874 0.1557617 0.01719665 0.154785 0.01719665 0.154785 0.008895874 0.1557617 0.01649475 0.1289062 0.01719665 0.154785 0.01649475 0.1289062 0.02578735 0.1279296 0.02578735 0.1279296 0.01649475 0.1289062 0.02468872 0.1142578 0.02578735 0.1279296 0.02468872 0.1142578 0.03408813 0.1132812 0.03408813 0.1132812 0.02468872 0.1142578 0.02128601 0.06542968 0.03408813 0.1132812 0.02128601 0.06542968 0.04718011 0.06201165 0.04718011 0.06201165 0.02128601 0.06542968 0.008895874 0.004882812 0.008895874 0.004882812 0.02128601 0.06542968 0.0143966 0.06591796 0.008895874 0.004882812 0.0143966 0.06591796 0.008895874 0.06689453 0.008895874 0.06689453 0.0143966 0.06591796 0.01599121 0.1152343 0.008895874 0.06689453 0.01599121 0.1152343 0.008895874 0.1162109 0.008895874 0.1162109 0.01599121 0.1152343 0.008895874 0.1298828 0.008895874 0.1298828 0.01599121 0.1152343 0.01649475 0.1289062 0.008895874 0.1298828 0.01649475 0.1289062 0.008895874 0.1557617 0.02468872 0.1142578 0.01649475 0.1289062 0.01599121 0.1152343 0.02468872 0.1142578 0.01599121 0.1152343 0.02128601 0.06542968 0.02128601 0.06542968 0.01599121 0.1152343 0.0143966 0.06591796 0.008895874 0.394043 0.008895874 0.3491211 0.02598565 0.3916016 0.008895874 0.1298828 0.008895874 0.1557617 0.01649475 0.1289062 0.046875 0.3886719 0.04269409 0.3461914 0.02598565 0.3916016 0.02598565 0.3916016 0.04269409 0.3461914 0.0243988 0.3476563 0.02598565 0.3916016 0.0243988 0.3476563 0.008895874 0.3491211 0.008895874 0.3491211 0.0243988 0.3476563 0.02249145 0.2919922 0.008895874 0.3491211 0.02249145 0.2919922 0.008895874 0.293457 0.008895874 0.293457 0.02249145 0.2919922 0.02088928 0.2460937 0.008895874 0.293457 0.02088928 0.2460937 0.008895874 0.2475585 0.008895874 0.2475585 0.02088928 0.2460937 0.01939392 0.2089843 0.008895874 0.2475585 0.01939392 0.2089843 0.008895874 0.2099609 0.008895874 0.2099609 0.01939392 0.2089843 0.01818841 0.1777343 0.008895874 0.2099609 0.01818841 0.1777343 0.008895874 0.1787109 0.008895874 0.1787109 0.01818841 0.1777343 0.008895874 0.1557617 0.008895874 0.1557617 0.01818841 0.1777343 0.01719665 0.154785 0.008895874 0.1557617 0.01719665 0.154785 0.01649475 0.1289062 0.01649475 0.1289062 0.01719665 0.154785 0.02578735 0.1279296 0.01649475 0.1289062 0.02578735 0.1279296 0.02468872 0.1142578 0.01649475 0.1289062 0.02468872 0.1142578 0.01599121 0.1152343 0.01649475 0.1289062 0.01599121 0.1152343 0.008895874 0.1298828 0.008895874 0.1298828 0.01599121 0.1152343 0.008895874 0.1162109 0.008895874 0.1162109 0.01599121 0.1152343 0.008895874 0.06689453 0.02598565 0.3916016 0.008895874 0.3491211 0.008895874 0.394043 0.04269409 0.3461914 0.03829956 0.2900391 0.0243988 0.3476563 0.0243988 0.3476563 0.03829956 0.2900391 0.02249145 0.2919922 0.02249145 0.2919922 0.03829956 0.2900391 0.03469842 0.2446289 0.02249145 0.2919922 0.03469842 0.2446289 0.02088928 0.2460937 0.02088928 0.2460937 0.03469842 0.2446289 0.0318908 0.2075195 0.02088928 0.2460937 0.0318908 0.2075195 0.01939392 0.2089843 0.01939392 0.2089843 0.0318908 0.2075195 0.02958679 0.1762695 0.01939392 0.2089843 0.02958679 0.1762695 0.01818841 0.1777343 0.01818841 0.1777343 0.02958679 0.1762695 0.01719665 0.154785 0.01719665 0.154785 0.02958679 0.1762695 0.027893 0.1533203 0.01719665 0.154785 0.027893 0.1533203 0.02578735 0.1279296 0.046875 0.3886719 0.06958007 0.3867188 0.06317138 0.3452149 0.046875 0.3886719 0.06317138 0.3452149 0.04269409 0.3461914 0.04269409 0.3461914 0.06317138 0.3452149 0.05578613 0.2880859 0.04269409 0.3461914 0.05578613 0.2880859 0.03829956 0.2900391 0.03829956 0.2900391 0.05578613 0.2880859 0.04998779 0.2426757 0.03829956 0.2900391 0.04998779 0.2426757 0.03469842 0.2446289 0.03469842 0.2446289 0.04998779 0.2426757 0.04568481 0.2055664 0.03469842 0.2446289 0.04568481 0.2055664 0.0318908 0.2075195 0.0318908 0.2075195 0.04568481 0.2055664 0.04208374 0.1748046 0.0318908 0.2075195 0.04208374 0.1748046 0.02958679 0.1762695 0.02958679 0.1762695 0.04208374 0.1748046 0.03958123 0.1523437 0.02958679 0.1762695 0.03958123 0.1523437 0.027893 0.1533203 0.027893 0.1533203 0.03958123 0.1523437 0.03598022 0.1269531 0.027893 0.1533203 0.03598022 0.1269531 0.02578735 0.1279296 0.02578735 0.1279296 0.03598022 0.1269531 0.03408813 0.1132812 0.02578735 0.1279296 0.03408813 0.1132812 0.02468872 0.1142578 0.02468872 0.1142578 0.03408813 0.1132812 0.02128601 0.06542968 0.02468872 0.1142578 0.02128601 0.06542968 0.01599121 0.1152343 0.01599121 0.1152343 0.02128601 0.06542968 0.0143966 0.06591796 0.01599121 0.1152343 0.0143966 0.06591796 0.008895874 0.06689453 0.008895874 0.06689453 0.0143966 0.06591796 0.008895874 0.004882812 0.008895874 0.004882812 0.0143966 0.06591796 0.02128601 0.06542968 0.008895874 0.004882812 0.02128601 0.06542968 0.04718011 0.06201165 0.04718011 0.06201165 0.02128601 0.06542968 0.03408813 0.1132812 0.04718011 0.06201165 0.03408813 0.1132812 0.0817871 0.1323242 0.0817871 0.1323242 0.03408813 0.1132812 0.04449456 0.1264648 0.04449456 0.1264648 0.03408813 0.1132812 0.03598022 0.1269531 0.04449456 0.1264648 0.03598022 0.1269531 0.03958123 0.1523437 0.04449456 0.1264648 0.03958123 0.1523437 0.04919427 0.1513671 0.04919427 0.1513671 0.03958123 0.1523437 0.04208374 0.1748046 0.04919427 0.1513671 0.04208374 0.1748046 0.05218499 0.1738281 0.05218499 0.1738281 0.04208374 0.1748046 0.04568481 0.2055664 0.05218499 0.1738281 0.04568481 0.2055664 0.05657953 0.2045898 0.05657953 0.2045898 0.04568481 0.2055664 0.04998779 0.2426757 0.05657953 0.2045898 0.04998779 0.2426757 0.06207275 0.2416992 0.06207275 0.2416992 0.04998779 0.2426757 0.05578613 0.2880859 0.06207275 0.2416992 0.05578613 0.2880859 0.06939697 0.2866211 0.06939697 0.2866211 0.05578613 0.2880859 0.06317138 0.3452149 0.06939697 0.2866211 0.06317138 0.3452149 0.07885742 0.3452149 0.07885742 0.3452149 0.06317138 0.3452149 0.06958007 0.3867188 0.07885742 0.3452149 0.06958007 0.3867188 0.0881958 0.3867188 0.2269287 0.1347656 0.2670899 0.1279296 0.2269287 0.1186523 0.2269287 0.1347656 0.2269287 0.1186523 0.1844482 0.1245117 0.1844482 0.1245117 0.2269287 0.1186523 0.2034912 0.1035156 0.1844482 0.1245117 0.2034912 0.1035156 0.1844482 0.1069335 0.1844482 0.1069335 0.2034912 0.1035156 0.1844482 0.07958984 0.1844482 0.137207 0.2269287 0.1347656 0.1844482 0.1245117 0.1844482 0.137207 0.1844482 0.1245117 0.13208 0.1269531 0.13208 0.1269531 0.1844482 0.1245117 0.13208 0.1137695 0.13208 0.1137695 0.1844482 0.1245117 0.1844482 0.1069335 0.13208 0.1137695 0.1844482 0.1069335 0.1322021 0.0859375 0.1322021 0.0859375 0.1844482 0.1069335 0.1844482 0.07958984 0.1322021 0.0859375 0.1844482 0.07958984 0.1845703 0.05078125 0.1322021 0.0859375 0.1845703 0.05078125 0.1323242 0.04345703 0.1844482 0.137207 0.13208 0.1269531 0.13208 0.137207 0.1323242 0.04345703 0.1086425 0.04443359 0.1322021 0.0859375 0.1322021 0.0859375 0.1086425 0.04443359 0.1089477 0.08642578 0.1322021 0.0859375 0.1089477 0.08642578 0.13208 0.1137695 0.13208 0.1137695 0.1089477 0.08642578 0.1081542 0.1132812 0.13208 0.1137695 0.1081542 0.1132812 0.13208 0.1269531 0.13208 0.1269531 0.1081542 0.1132812 0.1087646 0.1269531 0.13208 0.1269531 0.1087646 0.1269531 0.13208 0.137207 0.13208 0.137207 0.1087646 0.1269531 0.1089477 0.137207 0.13208 0.137207 0.1089477 0.137207 0.1092529 0.1479492 0.13208 0.137207 0.1092529 0.1479492 0.1322021 0.1479492 0.13208 0.137207 0.1322021 0.1479492 0.1844482 0.1489257 0.13208 0.137207 0.1844482 0.1489257 0.1844482 0.137207 0.1844482 0.137207 0.1844482 0.1489257 0.2268066 0.1499023 0.1844482 0.137207 0.2268066 0.1499023 0.2269287 0.1347656 0.2269287 0.1347656 0.2268066 0.1499023 0.2661133 0.1508789 0.2269287 0.1347656 0.2661133 0.1508789 0.2670899 0.1279296 0.2670899 0.1279296 0.2661133 0.1508789 0.2932129 0.1518554 0.2670899 0.1279296 0.2932129 0.1518554 0.293457 0.121582 0.293457 0.121582 0.2932129 0.1518554 0.3122559 0.1201171 0.293457 0.121582 0.3122559 0.1201171 0.2946777 0.1054687 0.2946777 0.1054687 0.3122559 0.1201171 0.3154297 0.1030273 0.2946777 0.1054687 0.3154297 0.1030273 0.3122559 0.09082031 0.2946777 0.1054687 0.3122559 0.09082031 0.293457 0.09130859 0.293457 0.09130859 0.3122559 0.09082031 0.3103027 0.07910156 0.293457 0.09130859 0.3103027 0.07910156 0.2907715 0.078125 0.2907715 0.078125 0.3103027 0.07910156 0.3068848 0.06738281 0.2907715 0.078125 0.3068848 0.06738281 0.2875977 0.06591796 0.2875977 0.06591796 0.3068848 0.06738281 0.3024902 0.05273437 0.2875977 0.06591796 0.3024902 0.05273437 0.2858887 0.0502929 0.2858887 0.0502929 0.3024902 0.05273437 0.2900391 0.03369134 0.2858887 0.0502929 0.2900391 0.03369134 0.2648926 0.04589837 0.2648926 0.04589837 0.2900391 0.03369134 0.2651367 0.02880859 0.2648926 0.04589837 0.2651367 0.02880859 0.2266845 0.03857415 0.2266845 0.03857415 0.2651367 0.02880859 0.2266845 0.0234375 0.2266845 0.03857415 0.2266845 0.0234375 0.1845703 0.03271484 0.1845703 0.03271484 0.2266845 0.0234375 0.1845703 0.02050781 0.1845703 0.03271484 0.1845703 0.02050781 0.1324462 0.02880859 0.1324462 0.02880859 0.1845703 0.02050781 0.1323242 0.01855462 0.1324462 0.02880859 0.1323242 0.01855462 0.1095581 0.02832031 0.1095581 0.02832031 0.1323242 0.01855462 0.1095581 0.01757812 0.1095581 0.01757812 0.1323242 0.01855462 0.1322021 0.0078125 0.1095581 0.01757812 0.1322021 0.0078125 0.1092529 0.0078125 0.3073731 0.03417962 0.2900391 0.03369134 0.3024902 0.05273437 0.3100586 0.1523437 0.3122559 0.1201171 0.2932129 0.1518554 0.1095581 0.02832031 0.1086425 0.04443359 0.1324462 0.02880859 0.1324462 0.02880859 0.1086425 0.04443359 0.1323242 0.04345703 0.1324462 0.02880859 0.1323242 0.04345703 0.1845703 0.03271484 0.1845703 0.03271484 0.1323242 0.04345703 0.1845703 0.05078125 0.1845703 0.03271484 0.1845703 0.05078125 0.2034912 0.05371087 0.2034912 0.05371087 0.1845703 0.05078125 0.1844482 0.07958984 0.2034912 0.05371087 0.1844482 0.07958984 0.2034912 0.07861328 0.2034912 0.07861328 0.1844482 0.07958984 0.2034912 0.1035156 0.2034912 0.07861328 0.2034912 0.1035156 0.2269287 0.09960937 0.2269287 0.09960937 0.2034912 0.1035156 0.2269287 0.1186523 0.2269287 0.09960937 0.2269287 0.1186523 0.2675781 0.1108398 0.2675781 0.1108398 0.2269287 0.1186523 0.2670899 0.1279296 0.2675781 0.1108398 0.2670899 0.1279296 0.293457 0.121582 0.2675781 0.1108398 0.293457 0.121582 0.2946777 0.1054687 0.2675781 0.1108398 0.2946777 0.1054687 0.2670899 0.09277343 0.2670899 0.09277343 0.2946777 0.1054687 0.293457 0.09130859 0.2670899 0.09277343 0.293457 0.09130859 0.2907715 0.078125 0.2670899 0.09277343 0.2907715 0.078125 0.2661133 0.078125 0.2661133 0.078125 0.2907715 0.078125 0.2875977 0.06591796 0.2661133 0.078125 0.2875977 0.06591796 0.2651367 0.06347656 0.2651367 0.06347656 0.2875977 0.06591796 0.2858887 0.0502929 0.2651367 0.06347656 0.2858887 0.0502929 0.2648926 0.04589837 0.2651367 0.06347656 0.2648926 0.04589837 0.2266845 0.0571289 0.2266845 0.0571289 0.2648926 0.04589837 0.2266845 0.03857415 0.2266845 0.0571289 0.2266845 0.03857415 0.2034912 0.05371087 0.2034912 0.05371087 0.2266845 0.03857415 0.1845703 0.03271484 0.2268066 0.078125 0.2670899 0.09277343 0.2661133 0.078125 0.2268066 0.078125 0.2661133 0.078125 0.2651367 0.06347656 0.2268066 0.078125 0.2651367 0.06347656 0.2266845 0.0571289 0.2268066 0.078125 0.2266845 0.0571289 0.2034912 0.05371087 0.2268066 0.078125 0.2034912 0.05371087 0.2034912 0.07861328 0.2268066 0.078125 0.2034912 0.07861328 0.2269287 0.09960937 0.2268066 0.078125 0.2269287 0.09960937 0.2670899 0.09277343 0.2670899 0.09277343 0.2269287 0.09960937 0.2675781 0.1108398 0.1322021 0.0078125 0.1323242 0.01855462 0.1844482 0.008789062 0.1844482 0.008789062 0.1323242 0.01855462 0.1845703 0.02050781 0.1844482 0.008789062 0.1845703 0.02050781 0.2268066 0.009765625 0.2268066 0.009765625 0.1845703 0.02050781 0.2266845 0.0234375 0.2268066 0.009765625 0.2266845 0.0234375 0.2661133 0.01074212 0.2661133 0.01074212 0.2266845 0.0234375 0.2651367 0.02880859 0.2661133 0.01074212 0.2651367 0.02880859 0.2900391 0.03369134 0.2661133 0.01074212 0.2900391 0.03369134 0.2932129 0.01171875 0.2932129 0.01171875 0.2900391 0.03369134 0.3073731 0.03417962 0.2932129 0.01171875 0.3073731 0.03417962 0.3100586 0.01220703 0.7182617 0.03222656 0.7197266 0.06005859 0.6972656 0.05664062 0.6972656 0.05664062 0.7197266 0.06005859 0.7177734 0.08886718 0.7177734 0.08886718 0.7197266 0.06005859 0.7514649 0.06005859 0.7177734 0.08886718 0.7514649 0.06005859 0.7480469 0.109375 0.7480469 0.109375 0.7514649 0.06005859 0.7895508 0.06054687 0.7480469 0.109375 0.7895508 0.06054687 0.7861328 0.1152343 0.7861328 0.1152343 0.7895508 0.06054687 0.8388672 0.1049804 0.8388672 0.1049804 0.7895508 0.06054687 0.8374024 0.06103509 0.8388672 0.1049804 0.8374024 0.06103509 0.8837891 0.08251953 0.8837891 0.08251953 0.8374024 0.06103509 0.8798828 0.06152337 0.8837891 0.08251953 0.8798828 0.06152337 0.9331055 0.06152337 0.9331055 0.06152337 0.8798828 0.06152337 0.8842774 0.04003906 0.8842774 0.04003906 0.8798828 0.06152337 0.8374024 0.06103509 0.8842774 0.04003906 0.8374024 0.06103509 0.8393555 0.0180664 0.8393555 0.0180664 0.8374024 0.06103509 0.7895508 0.06054687 0.8393555 0.0180664 0.7895508 0.06054687 0.7866211 0.006347656 0.7866211 0.006347656 0.7895508 0.06054687 0.7485352 0.0112304 0.7485352 0.0112304 0.7895508 0.06054687 0.7514649 0.06005859 0.7485352 0.0112304 0.7514649 0.06005859 0.7182617 0.03222656 0.7182617 0.03222656 0.7514649 0.06005859 0.7197266 0.06005859 0.6972656 0.05664062 0.6972656 0.05664062 0.7182617 0.03222656 0.7182617 0.03222656 0.6972656 0.05664062 0.7182617 0.03222656 0.7182617 0.03222656 0.7182617 0.03222656 0.7485352 0.0112304 0.7485352 0.0112304 0.7182617 0.03222656 0.7485352 0.0112304 0.7485352 0.0112304 0.7485352 0.0112304 0.7866211 0.006347656 0.7485352 0.0112304 0.7866211 0.006347656 0.7866211 0.006347656 0.7866211 0.006347656 0.7866211 0.006347656 0.8393555 0.0180664 0.7866211 0.006347656 0.8393555 0.0180664 0.8393555 0.0180664 0.8393555 0.0180664 0.8393555 0.0180664 0.8842774 0.04003906 0.8842774 0.04003906 0.8393555 0.0180664 0.8842774 0.04003906 0.8842774 0.04003906 0.8842774 0.04003906 0.9331055 0.06152337 0.9331055 0.06152337 0.8842774 0.04003906 0.9331055 0.06152337 0.9331055 0.06152337 0.9331055 0.06152337 0.8837891 0.08251953 0.9331055 0.06152337 0.8837891 0.08251953 0.8837891 0.08251953 0.8837891 0.08251953 0.8837891 0.08251953 0.8388672 0.1049804 0.8837891 0.08251953 0.8388672 0.1049804 0.8388672 0.1049804 0.8388672 0.1049804 0.8388672 0.1049804 0.7861328 0.1152343 0.7861328 0.1152343 0.8388672 0.1049804 0.7861328 0.1152343 0.7861328 0.1152343 0.7861328 0.1152343 0.7480469 0.109375 0.7480469 0.109375 0.7861328 0.1152343 0.7480469 0.109375 0.7480469 0.109375 0.7480469 0.109375 0.7177734 0.08886718 0.7480469 0.109375 0.7177734 0.08886718 0.7177734 0.08886718 0.7177734 0.08886718 0.7177734 0.08886718 0.6972656 0.05664062 0.7177734 0.08886718 0.6972656 0.05664062 0.6972656 0.05664062 0.4743652 0.4746094 0.4802246 0.4570313 0.4709473 0.4570313 0.4743652 0.4746094 0.4709473 0.4570313 0.4641113 0.4570313 0.4743652 0.4746094 0.4641113 0.4570313 0.4677734 0.4746094 0.4677734 0.4746094 0.4641113 0.4570313 0.4541016 0.4570313 0.4677734 0.4746094 0.4541016 0.4570313 0.4611817 0.4746094 0.4611817 0.4746094 0.4541016 0.4570313 0.442627 0.4570313 0.4611817 0.4746094 0.442627 0.4570313 0.4545899 0.4746094 0.4611817 0.4746094 0.4545899 0.4746094 0.4799805 0.4873047 0.4611817 0.4746094 0.4799805 0.4873047 0.4677734 0.4746094 0.4677734 0.4746094 0.4799805 0.4873047 0.4743652 0.4746094 0.4743652 0.4746094 0.4799805 0.4873047 0.4802246 0.4746094 0.4743652 0.4746094 0.4802246 0.4746094 0.4802246 0.4570313 0.4802246 0.4570313 0.4802246 0.4746094 0.486084 0.4746094 0.4802246 0.4570313 0.486084 0.4746094 0.489502 0.4570313 0.489502 0.4570313 0.486084 0.4746094 0.4960938 0.4570313 0.4960938 0.4570313 0.486084 0.4746094 0.4924317 0.4746094 0.4960938 0.4570313 0.4924317 0.4746094 0.5058594 0.4570313 0.5058594 0.4570313 0.4924317 0.4746094 0.4987793 0.4746094 0.5058594 0.4570313 0.4987793 0.4746094 0.512207 0.4570313 0.512207 0.4570313 0.4987793 0.4746094 0.5048828 0.4746094 0.5048828 0.4746094 0.4987793 0.4746094 0.4799805 0.4873047 0.4799805 0.4873047 0.4987793 0.4746094 0.4924317 0.4746094 0.4799805 0.4873047 0.4924317 0.4746094 0.486084 0.4746094 0.4799805 0.4873047 0.486084 0.4746094 0.4802246 0.4746094 0.3974609 0.2495117 0.3974609 0.265625 0.3422852 0.20166 0.3974609 0.2495117 0.3422852 0.20166 0.3974609 0.2324218 0.3974609 0.2324218 0.3422852 0.20166 0.3974609 0.208496 0.3974609 0.208496 0.3422852 0.20166 0.3974609 0.1821289 0.3974609 0.1821289 0.3422852 0.20166 0.3974609 0.1621093 0.3974609 0.1621093 0.3422852 0.20166 0.3974609 0.1430664 0.3974609 0.1240234 0.3974609 0.1430664 0.3422852 0.08496093 0.3974609 0.1240234 0.3422852 0.08496093 0.3974609 0.1040039 0.3974609 0.1040039 0.3422852 0.08496093 0.3974609 0.078125 0.3974609 0.078125 0.3422852 0.08496093 0.3974609 0.05419915 0.3974609 0.05419915 0.3422852 0.08496093 0.3974609 0.03710937 0.3974609 0.03710937 0.3422852 0.08496093 0.3974609 0.02099609 0.7182617 0.03222656 0.6972656 0.05664062 0.7197266 0.06005859 0.7197266 0.06005859 0.6972656 0.05664062 0.7177734 0.08886718 0.7197266 0.06005859 0.7177734 0.08886718 0.7514649 0.06005859 0.7514649 0.06005859 0.7177734 0.08886718 0.7480469 0.109375 0.7514649 0.06005859 0.7480469 0.109375 0.7895508 0.06054687 0.7895508 0.06054687 0.7480469 0.109375 0.7861328 0.1152343 0.7895508 0.06054687 0.7861328 0.1152343 0.8388672 0.1049804 0.7895508 0.06054687 0.8388672 0.1049804 0.8374024 0.06103509 0.8374024 0.06103509 0.8388672 0.1049804 0.8837891 0.08251953 0.8374024 0.06103509 0.8837891 0.08251953 0.8798828 0.06152337 0.8798828 0.06152337 0.8837891 0.08251953 0.9331055 0.06152337 0.8798828 0.06152337 0.9331055 0.06152337 0.8842774 0.04003906 0.8798828 0.06152337 0.8842774 0.04003906 0.8374024 0.06103509 0.8374024 0.06103509 0.8842774 0.04003906 0.8393555 0.0180664 0.8374024 0.06103509 0.8393555 0.0180664 0.7895508 0.06054687 0.7895508 0.06054687 0.8393555 0.0180664 0.7866211 0.006347656 0.7895508 0.06054687 0.7866211 0.006347656 0.7485352 0.0112304 0.7895508 0.06054687 0.7485352 0.0112304 0.7514649 0.06005859 0.7514649 0.06005859 0.7485352 0.0112304 0.7182617 0.03222656 0.7514649 0.06005859 0.7182617 0.03222656 0.7197266 0.06005859 0.7182617 0.03222656 0.6972656 0.05664062 0.7197266 0.06005859 0.7197266 0.06005859 0.6972656 0.05664062 0.7177734 0.08886718 0.7197266 0.06005859 0.7177734 0.08886718 0.7514649 0.06005859 0.7514649 0.06005859 0.7177734 0.08886718 0.7480469 0.109375 0.7514649 0.06005859 0.7480469 0.109375 0.7895508 0.06054687 0.7895508 0.06054687 0.7480469 0.109375 0.7861328 0.1152343 0.7895508 0.06054687 0.7861328 0.1152343 0.8388672 0.1049804 0.7895508 0.06054687 0.8388672 0.1049804 0.8374024 0.06103509 0.8374024 0.06103509 0.8388672 0.1049804 0.8837891 0.08251953 0.8374024 0.06103509 0.8837891 0.08251953 0.8798828 0.06152337 0.8798828 0.06152337 0.8837891 0.08251953 0.9331055 0.06152337 0.8798828 0.06152337 0.9331055 0.06152337 0.8842774 0.04003906 0.8798828 0.06152337 0.8842774 0.04003906 0.8374024 0.06103509 0.8374024 0.06103509 0.8842774 0.04003906 0.8393555 0.0180664 0.8374024 0.06103509 0.8393555 0.0180664 0.7895508 0.06054687 0.7895508 0.06054687 0.8393555 0.0180664 0.7866211 0.006347656 0.7895508 0.06054687 0.7866211 0.006347656 0.7485352 0.0112304 0.7895508 0.06054687 0.7485352 0.0112304 0.7514649 0.06005859 0.7514649 0.06005859 0.7485352 0.0112304 0.7182617 0.03222656 0.7514649 0.06005859 0.7182617 0.03222656 0.7197266 0.06005859 0.7182617 0.03222656 0.7197266 0.06005859 0.6972656 0.05664062 0.6972656 0.05664062 0.7197266 0.06005859 0.7177734 0.08886718 0.7177734 0.08886718 0.7197266 0.06005859 0.7514649 0.06005859 0.7177734 0.08886718 0.7514649 0.06005859 0.7480469 0.109375 0.7480469 0.109375 0.7514649 0.06005859 0.7895508 0.06054687 0.7480469 0.109375 0.7895508 0.06054687 0.7861328 0.1152343 0.7861328 0.1152343 0.7895508 0.06054687 0.8388672 0.1049804 0.8388672 0.1049804 0.7895508 0.06054687 0.8374024 0.06103509 0.8388672 0.1049804 0.8374024 0.06103509 0.8837891 0.08251953 0.8837891 0.08251953 0.8374024 0.06103509 0.8798828 0.06152337 0.8837891 0.08251953 0.8798828 0.06152337 0.9331055 0.06152337 0.9331055 0.06152337 0.8798828 0.06152337 0.8842774 0.04003906 0.8842774 0.04003906 0.8798828 0.06152337 0.8374024 0.06103509 0.8842774 0.04003906 0.8374024 0.06103509 0.8393555 0.0180664 0.8393555 0.0180664 0.8374024 0.06103509 0.7895508 0.06054687 0.8393555 0.0180664 0.7895508 0.06054687 0.7866211 0.006347656 0.7866211 0.006347656 0.7895508 0.06054687 0.7485352 0.0112304 0.7485352 0.0112304 0.7895508 0.06054687 0.7514649 0.06005859 0.7485352 0.0112304 0.7514649 0.06005859 0.7182617 0.03222656 0.7182617 0.03222656 0.7514649 0.06005859 0.7197266 0.06005859 0.6972656 0.05664062 0.6972656 0.05664062 0.7182617 0.03222656 0.7182617 0.03222656 0.6972656 0.05664062 0.7182617 0.03222656 0.7182617 0.03222656 0.7182617 0.03222656 0.7485352 0.0112304 0.7485352 0.0112304 0.7182617 0.03222656 0.7485352 0.0112304 0.7485352 0.0112304 0.7485352 0.0112304 0.7866211 0.006347656 0.7485352 0.0112304 0.7866211 0.006347656 0.7866211 0.006347656 0.7866211 0.006347656 0.7866211 0.006347656 0.8393555 0.0180664 0.7866211 0.006347656 0.8393555 0.0180664 0.8393555 0.0180664 0.8393555 0.0180664 0.8393555 0.0180664 0.8842774 0.04003906 0.8842774 0.04003906 0.8393555 0.0180664 0.8842774 0.04003906 0.8842774 0.04003906 0.8842774 0.04003906 0.9331055 0.06152337 0.9331055 0.06152337 0.8842774 0.04003906 0.9331055 0.06152337 0.9331055 0.06152337 0.9331055 0.06152337 0.8837891 0.08251953 0.9331055 0.06152337 0.8837891 0.08251953 0.8837891 0.08251953 0.8837891 0.08251953 0.8837891 0.08251953 0.8388672 0.1049804 0.8837891 0.08251953 0.8388672 0.1049804 0.8388672 0.1049804 0.8388672 0.1049804 0.8388672 0.1049804 0.7861328 0.1152343 0.7861328 0.1152343 0.8388672 0.1049804 0.7861328 0.1152343 0.7861328 0.1152343 0.7861328 0.1152343 0.7480469 0.109375 0.7480469 0.109375 0.7861328 0.1152343 0.7480469 0.109375 0.7480469 0.109375 0.7480469 0.109375 0.7177734 0.08886718 0.7480469 0.109375 0.7177734 0.08886718 0.7177734 0.08886718 0.7177734 0.08886718 0.7177734 0.08886718 0.6972656 0.05664062 0.7177734 0.08886718 0.6972656 0.05664062 0.6972656 0.05664062</float_array>
          <technique_common>
            <accessor source="#chr081_0-mesh-map-0-array" count="11979" stride="2">
              <param name="S" type="float"/>
              <param name="T" type="float"/>
            </accessor>
          </technique_common>
        </source>
        <vertices id="chr081_0-mesh-vertices">
          <input semantic="POSITION" source="#chr081_0-mesh-positions"/>
        </vertices>
        <polylist material="chr081_mat_000-material" count="3993">
          <input semantic="VERTEX" source="#chr081_0-mesh-vertices" offset="0"/>
          <input semantic="NORMAL" source="#chr081_0-mesh-normals" offset="1"/>
          <input semantic="TEXCOORD" source="#chr081_0-mesh-map-0" offset="2" set="0"/>
          <vcount>3 3 3 3 3 3 3 3 3 3 3 3 3 3 3 3 3 3 3 3 3 3 3 3 3 3 3 3 3 3 3 3 3 3 3 3 3 3 3 3 3 3 3 3 3 3 3 3 3 3 3 3 3 3 3 3 3 3 3 3 3 3 3 3 3 3 3 3 3 3 3 3 3 3 3 3 3 3 3 3 3 3 3 3 3 3 3 3 3 3 3 3 3 3 3 3 3 3 3 3 3 3 3 3 3 3 3 3 3 3 3 3 3 3 3 3 3 3 3 3 3 3 3 3 3 3 3 3 3 3 3 3 3 3 3 3 3 3 3 3 3 3 3 3 3 3 3 3 3 3 3 3 3 3 3 3 3 3 3 3 3 3 3 3 3 3 3 3 3 3 3 3 3 3 3 3 3 3 3 3 3 3 3 3 3 3 3 3 3 3 3 3 3 3 3 3 3 3 3 3 3 3 3 3 3 3 3 3 3 3 3 3 3 3 3 3 3 3 3 3 3 3 3 3 3 3 3 3 3 3 3 3 3 3 3 3 3 3 3 3 3 3 3 3 3 3 3 3 3 3 3 3 3 3 3 3 3 3 3 3 3 3 3 3 3 3 3 3 3 3 3 3 3 3 3 3 3 3 3 3 3 3 3 3 3 3 3 3 3 3 3 3 3 3 3 3 3 3 3 3 3 3 3 3 3 3 3 3 3 3 3 3 3 3 3 3 3 3 3 3 3 3 3 3 3 3 3 3 3 3 3 3 3 3 3 3 3 3 3 3 3 3 3 3 3 3 3 3 3 3 3 3 3 3 3 3 3 3 3 3 3 3 3 3 3 3 3 3 3 3 3 3 3 3 3 3 3 3 3 3 3 3 3 3 3 3 3 3 3 3 3 3 3 3 3 3 3 3 3 3 3 3 3 3 3 3 3 3 3 3 3 3 3 3 3 3 3 3 3 3 3 3 3 3 3 3 3 3 3 3 3 3 3 3 3 3 3 3 3 3 3 3 3 3 3 3 3 3 3 3 3 3 3 3 3 3 3 3 3 3 3 3 3 3 3 3 3 3 3 3 3 3 3 3 3 3 3 3 3 3 3 3 3 3 3 3 3 3 3 3 3 3 3 3 3 3 3 3 3 3 3 3 3 3 3 3 3 3 3 3 3 3 3 3 3 3 3 3 3 3 3 3 3 3 3 3 3 3 3 3 3 3 3 3 3 3 3 3 3 3 3 3 3 3 3 3 3 3 3 3 3 3 3 3 3 3 3 3 3 3 3 3 3 3 3 3 3 3 3 3 3 3 3 3 3 3 3 3 3 3 3 3 3 3 3 3 3 3 3 3 3 3 3 3 3 3 3 3 3 3 3 3 3 3 3 3 3 3 3 3 3 3 3 3 3 3 3 3 3 3 3 3 3 3 3 3 3 3 3 3 3 3 3 3 3 3 3 3 3 3 3 3 3 3 3 3 3 3 3 3 3 3 3 3 3 3 3 3 3 3 3 3 3 3 3 3 3 3 3 3 3 3 3 3 3 3 3 3 3 3 3 3 3 3 3 3 3 3 3 3 3 3 3 3 3 3 3 3 3 3 3 3 3 3 3 3 3 3 3 3 3 3 3 3 3 3 3 3 3 3 3 3 3 3 3 3 3 3 3 3 3 3 3 3 3 3 3 3 3 3 3 3 3 3 3 3 3 3 3 3 3 3 3 3 3 3 3 3 3 3 3 3 3 3 3 3 3 3 3 3 3 3 3 3 3 3 3 3 3 3 3 3 3 3 3 3 3 3 3 3 3 3 3 3 3 3 3 3 3 3 3 3 3 3 3 3 3 3 3 3 3 3 3 3 3 3 3 3 3 3 3 3 3 3 3 3 3 3 3 3 3 3 3 3 3 3 3 3 3 3 3 3 3 3 3 3 3 3 3 3 3 3 3 3 3 3 3 3 3 3 3 3 3 3 3 3 3 3 3 3 3 3 3 3 3 3 3 3 3 3 3 3 3 3 3 3 3 3 3 3 3 3 3 3 3 3 3 3 3 3 3 3 3 3 3 3 3 3 3 3 3 3 3 3 3 3 3 3 3 3 3 3 3 3 3 3 3 3 3 3 3 3 3 3 3 3 3 3 3 3 3 3 3 3 3 3 3 3 3 3 3 3 3 3 3 3 3 3 3 3 3 3 3 3 3 3 3 3 3 3 3 3 3 3 3 3 3 3 3 3 3 3 3 3 3 3 3 3 3 3 3 3 3 3 3 3 3 3 3 3 3 3 3 3 3 3 3 3 3 3 3 3 3 3 3 3 3 3 3 3 3 3 3 3 3 3 3 3 3 3 3 3 3 3 3 3 3 3 3 3 3 3 3 3 3 3 3 3 3 3 3 3 3 3 3 3 3 3 3 3 3 3 3 3 3 3 3 3 3 3 3 3 3 3 3 3 3 3 3 3 3 3 3 3 3 3 3 3 3 3 3 3 3 3 3 3 3 3 3 3 3 3 3 3 3 3 3 3 3 3 3 3 3 3 3 3 3 3 3 3 3 3 3 3 3 3 3 3 3 3 3 3 3 3 3 3 3 3 3 3 3 3 3 3 3 3 3 3 3 3 3 3 3 3 3 3 3 3 3 3 3 3 3 3 3 3 3 3 3 3 3 3 3 3 3 3 3 3 3 3 3 3 3 3 3 3 3 3 3 3 3 3 3 3 3 3 3 3 3 3 3 3 3 3 3 3 3 3 3 3 3 3 3 3 3 3 3 3 3 3 3 3 3 3 3 3 3 3 3 3 3 3 3 3 3 3 3 3 3 3 3 3 3 3 3 3 3 3 3 3 3 3 3 3 3 3 3 3 3 3 3 3 3 3 3 3 3 3 3 3 3 3 3 3 3 3 3 3 3 3 3 3 3 3 3 3 3 3 3 3 3 3 3 3 3 3 3 3 3 3 3 3 3 3 3 3 3 3 3 3 3 3 3 3 3 3 3 3 3 3 3 3 3 3 3 3 3 3 3 3 3 3 3 3 3 3 3 3 3 3 3 3 3 3 3 3 3 3 3 3 3 3 3 3 3 3 3 3 3 3 3 3 3 3 3 3 3 3 3 3 3 3 3 3 3 3 3 3 3 3 3 3 3 3 3 3 3 3 3 3 3 3 3 3 3 3 3 3 3 3 3 3 3 3 3 3 3 3 3 3 3 3 3 3 3 3 3 3 3 3 3 3 3 3 3 3 3 3 3 3 3 3 3 3 3 3 3 3 3 3 3 3 3 3 3 3 3 3 3 3 3 3 3 3 3 3 3 3 3 3 3 3 3 3 3 3 3 3 3 3 3 3 3 3 3 3 3 3 3 3 3 3 3 3 3 3 3 3 3 3 3 3 3 3 3 3 3 3 3 3 3 3 3 3 3 3 3 3 3 3 3 3 3 3 3 3 3 3 3 3 3 3 3 3 3 3 3 3 3 3 3 3 3 3 3 3 3 3 3 3 3 3 3 3 3 3 3 3 3 3 3 3 3 3 3 3 3 3 3 3 3 3 3 3 3 3 3 3 3 3 3 3 3 3 3 3 3 3 3 3 3 3 3 3 3 3 3 3 3 3 3 3 3 3 3 3 3 3 3 3 3 3 3 3 3 3 3 3 3 3 3 3 3 3 3 3 3 3 3 3 3 3 3 3 3 3 3 3 3 3 3 3 3 3 3 3 3 3 3 3 3 3 3 3 3 3 3 3 3 3 3 3 3 3 3 3 3 3 3 3 3 3 3 3 3 3 3 3 3 3 3 3 3 3 3 3 3 3 3 3 3 3 3 3 3 3 3 3 3 3 3 3 3 3 3 3 3 3 3 3 3 3 3 3 3 3 3 3 3 3 3 3 3 3 3 3 3 3 3 3 3 3 3 3 3 3 3 3 3 3 3 3 3 3 3 3 3 3 3 3 3 3 3 3 3 3 3 3 3 3 3 3 3 3 3 3 3 3 3 3 3 3 3 3 3 3 3 3 3 3 3 3 3 3 3 3 3 3 3 3 3 3 3 3 3 3 3 3 3 3 3 3 3 3 3 3 3 3 3 3 3 3 3 3 3 3 3 3 3 3 3 3 3 3 3 3 3 3 3 3 3 3 3 3 3 3 3 3 3 3 3 3 3 3 3 3 3 3 3 3 3 3 3 3 3 3 3 3 3 3 3 3 3 3 3 3 3 3 3 3 3 3 3 3 3 3 3 3 3 3 3 3 3 3 3 3 3 3 3 3 3 3 3 3 3 3 3 3 3 3 3 3 3 3 3 3 3 3 3 3 3 3 3 3 3 3 3 3 3 3 3 3 3 3 3 3 3 3 3 3 3 3 3 3 3 3 3 3 3 3 3 3 3 3 3 3 3 3 3 3 3 3 3 3 3 3 3 3 3 3 3 3 3 3 3 3 3 3 3 3 3 3 3 3 3 3 3 3 3 3 3 3 3 3 3 3 3 3 3 3 3 3 3 3 3 3 3 3 3 3 3 3 3 3 3 3 3 3 3 3 3 3 3 3 3 3 3 3 3 3 3 3 3 3 3 3 3 3 3 3 3 3 3 3 3 3 3 3 3 3 3 3 3 3 3 3 3 3 3 3 3 3 3 3 3 3 3 3 3 3 3 3 3 3 3 3 3 3 3 3 3 3 3 3 3 3 3 3 3 3 3 3 3 3 3 3 3 3 3 3 3 3 3 3 3 3 3 3 3 3 3 3 3 3 3 3 3 3 3 3 3 3 3 3 3 3 3 3 3 3 3 3 3 3 3 3 3 3 3 3 3 3 3 3 3 3 3 3 3 3 3 3 3 3 3 3 3 3 3 3 3 3 3 3 3 3 3 3 3 3 3 3 3 3 3 3 3 3 3 3 3 3 3 3 3 3 3 3 3 3 3 3 3 3 3 3 3 3 3 3 3 3 3 3 3 3 3 3 3 3 3 3 3 3 3 3 3 3 3 3 3 3 3 3 3 3 3 3 3 3 3 3 3 3 3 3 3 3 3 3 3 3 3 3 3 3 3 3 3 3 3 3 3 3 3 3 3 3 3 3 3 3 3 3 3 3 3 3 3 3 3 3 3 3 3 3 3 3 3 3 3 3 3 3 3 3 3 3 3 3 3 3 3 3 3 3 3 3 3 3 3 3 3 3 3 3 3 3 3 3 3 3 3 3 3 3 3 3 3 3 3 3 3 3 3 3 3 3 3 3 3 3 3 3 3 3 3 3 3 3 3 3 3 3 3 3 3 3 3 3 3 3 3 3 3 3 3 3 3 3 3 3 3 3 3 3 3 3 3 3 3 3 3 3 3 3 3 3 3 3 3 3 3 3 3 3 3 3 3 3 3 3 3 3 3 3 3 3 3 3 3 3 3 3 3 3 3 3 3 3 3 3 3 3 3 3 3 3 3 3 3 3 3 3 3 3 3 3 3 3 3 3 3 3 3 3 3 3 3 3 3 3 3 3 3 3 3 3 3 3 3 3 3 3 3 3 3 3 3 3 3 3 3 3 3 3 3 3 3 3 3 3 3 3 3 3 3 3 3 3 3 3 3 3 3 3 3 3 3 3 3 3 3 3 3 3 3 3 3 3 3 3 3 3 3 3 3 3 3 3 3 3 3 3 3 3 3 3 3 3 3 3 3 3 3 3 3 3 3 3 3 3 3 3 3 3 3 3 3 3 3 3 3 3 3 3 3 3 3 3 3 3 3 3 3 3 3 3 3 3 3 3 3 3 3 3 3 3 3 3 3 3 3 3 3 3 3 3 3 3 3 3 3 3 3 3 3 3 3 3 3 3 3 3 3 3 3 3 3 3 3 3 3 3 3 3 3 3 3 3 3 3 3 3 3 3 3 3 3 3 3 3 3 3 3 3 3 3 3 3 3 3 3 3 3 3 3 3 3 3 3 3 3 3 3 3 3 3 3 3 3 3 3 3 3 3 3 3 3 3 3 3 3 3 3 3 3 3 3 3 3 3 3 3 3 3 3 3 3 3 3 3 3 3 3 3 3 3 3 3 3 3 3 3 3 3 3 3 3 3 3 3 3 3 3 3 3 3 3 3 3 3 3 3 3 3 3 3 3 3 3 3 3 3 3 3 3 3 3 3 3 3 3 3 3 3 3 3 3 3 3 3 3 3 3 3 3 3 3 3 3 3 3 3 3 3 3 3 3 3 3 3 3 3 3 3 3 3 3 3 3 3 3 3 3 3 3 3 3 3 3 3 3 3 3 3 3 3 3 3 3 3 3 3 3 3 3 3 3 3 3 3 3 3 3 3 3 3 3 3 3 3 3 3 3 3 3 3 3 3 3 3 3 3 3 3 3 3 3 3 3 3 3 3 3 3 3 3 3 3 3 3 3 3 3 3 3 3 3 3 3 3 3 3 3 3 3 3 3 3 3 3 3 3 3 3 3 3 3 3 3 3 3 3 3 3 3 3 3 3 3 3 3 3 3 3 3 3 3 3 3 3 3 3 3 3 3 3 3 3 3 3 3 3 3 3 3 3 3 3 3 3 3 3 3 3 3 3 3 3 3 3 3 3 3 3 3 3 3 3 3 3 3 3 3 3 3 3 3 3 3 3 3 3 3 3 3 3 3 3 3 3 3 3 3 3 3 3 3 3 3 3 3 3 3 3 3 3 3 3 3 3 3 3 3 3 3 3 3 3 3 3 3 3 3 3 3 3 3 3 3 3 3 3 3 3 3 3 3 3 3 3 3 3 3 3 3 3 3 3 3 3 3 3 3 3 3 3 3 3 3 3 3 3 3 3 3 3 3 3 3 3 3 3 3 3 3 3 3 3 3 3 3 3 3 3 3 3 3 3 3 3 3 3 3 3 3 3 3 3 3 3 3 3 3 3 3 3 3 3 3 3 3 3 3 3 3 3 3 3 3 3 3 3 3 3 3 3 3 3 3 3 3 3 3 3 3 3 3 3 3 3 3 3 3 3 3 3 3 3 3 3 3 3 3 3 3 3 3 3 3 3 3 3 3 3 3 3 3 3 3 3 3 3 3 3 3 3 3 3 3 3 3 3 3 3 3 3 3 3 3 3 3 3 3 3 3 3 3 3 3 3 3 3 3 3 3 3 3 3 3 3 3 3 3 3 3 3 3 3 3 3 3 3 3 3 3 3 3 3 3 3 3 3 3 3 3 3 3 3 3 3 3 3 3 3 3 3 3 3 3 3 3 3 3 3 3 3 3 3 3 3 3 3 3 3 3 3 3 3 3 3 3 3 3 3 3 3 3 3 3 3 3 3 3 3 3 3 3 3 3 3 3 3 3 3 3 3 3 3 3 3 3 3 3 3 3 3 3 3 3 3 3 3 3 3 3 3 3 3 3 3 3 3 3 3 3 3 3 3 3 3 3 3 3 3 3 3 3 3 3 3 3 3 3 3 3 3 3 3 3 3 3 3 3 3 3 3 3 3 3 3 3 3 3 3 3 3 3 3 3 3 3 3 3 3 3 3 3 3 3 3 3 3 3 3 3 3 3 3 3 3 3 3 3 3 3 3 3 3 3 3 3 3 3 3 3 3 3 3 3 3 3 3 3 3 3 3 3 3 3 3 3 3 3 3 3 3 3 3 3 3 3 3 3 3 3 3 3 3 3 3 3 3 3 3 3 3 3 3 3 3 3 3 3 3 3 3 3 3 3 3 3 3 3 3 3 3 3 3 3 3 3 3 3 3 3 3 3 3 3 3 3 3 3 3 3 3 3 3 3 3 3 3 3 3 3 3 3 3 3 3 3 3 3 3 3 3 3 3 3 3 3 3 3 3 3 3 3 3 3 3 3 3 3 3 3 3 3 3 3 3 3 3 3 3 3 3 3 3 3 3 3 3 3 3 3 3 3 3 3 3 3 3 3 3 3 3 3 3 3 3 3 3 3 3 3 3 3 3 3 3 3 3 3 3 3 3 3 3 3 3 3 3 3 3 3 3 3 3 3 3 3 3 3 3 3 3 3 3 3 3 3 3 3 3 3 3 3 3 3 3 3 3 3 3 3 3 3 3 3 3 3 3 3 3 3 3 3 3 3 3 3 3 3 3 3 3 3 3 3 3 3 3 3 3 3 3 3 3 3 3 3 3 3 3 3 3 3 3 3 3 3 3 3 3 3 3 3 3 3 3 3 3 3 3 3 3 3 3 3 3 3 3 3 3 3 3 3 3 3 3 3 3 3 3 3 3 3 3 3 3 3 3 3 3 3 3 3 3 3 3 3 3 3 3 3 3 3 3 3 3 3 3 3 3 3 3 3 3 3 3 3 3 3 3 3 3 3 3 3 3 3 3 3 3 3 3 3 3 3 3 3 3 3 3 3 3 3 3 3 3 3 3 3 3 3 3 3 3 3 3 3 3 3 3 3 3 3 3 3 3 3 3 3 3 3 3 3 3 3 3 3 3 3 3 3 3 3 3 3 3 3 3 3 3 3 3 3 3 3 3 3 3 3 3 3 3 3 3 3 3 3 3 3 3 3 3 3 3 3 3 3 3 3 3 3 3 3 3 3 3 3 3 3 3 3 3 3 3 3 3 3 3 3 3 3 3 3 3 3 3 3 3 3 3 3 3 3 3 3 3 3 3 3 3 3 3 3 3 3 3 3 3 3 3 3 3 3 3 3 3 3 3 3 3 3 3 3 3 3 3 3 3 3 3 3 3 3 3 3 3 3 3 3 3 3 3 3 3 3 3 3 3 3 3 3 3 3 3 3 3 3 3 3 3 3 3 3 3 3 3 3 3 3 3 3 3 3 3 3 3 3 3 3 3 3 3 3 3 3 3 3 3 3 3 3 3 3 3 3 3 3 3 3 3 3 3 3 3 3 3 3 3 3 3 3 3 3 3 3 3 3 3 3 3 3 3 3 3 3 3 3 3 3 3 3 3 3 3 3 3 3 3 3 3 3 3 3 3 3 3 3 3 3 3 3 3 3 3 3 3 3 3 3 3 3 3 3 3 3 3 3 3 3 3 3 3 3 3 3 3 3 </vcount>
          <p>1125 0 0 1126 1 1 1127 2 2 1128 3 3 1126 1 4 1123 4 5 1124 5 6 1125 0 7 1123 4 8 1123 4 9 1125 0 10 1122 6 11 1123 4 12 1122 6 13 1119 7 14 1119 7 15 1122 6 16 1120 8 17 1119 7 18 1120 8 19 1079 9 20 1079 9 21 1120 8 22 1080 10 23 1079 9 24 1080 10 25 1081 11 26 1081 11 27 1080 10 28 1082 12 29 1081 11 30 1082 12 31 1077 13 32 1081 11 33 1077 13 34 1075 14 35 1081 11 36 1075 14 37 1074 15 38 1074 15 39 1075 14 40 1076 16 41 1074 15 42 1076 16 43 1092 17 44 1074 15 45 1092 17 46 1094 18 47 1094 18 48 1092 17 49 1093 19 50 1094 18 51 1093 19 52 1095 20 53 1095 20 54 1093 19 55 1096 21 56 1095 20 57 1096 21 58 1097 22 59 1095 20 60 1097 22 61 1102 23 62 1102 23 63 1097 22 64 1103 24 65 1102 23 66 1103 24 67 1104 25 68 1104 25 69 1103 24 70 1105 26 71 1104 25 72 1105 26 73 1108 27 74 1108 27 75 1105 26 76 1113 28 77 1108 27 78 1113 28 79 1109 29 80 1109 29 81 1113 28 82 1112 30 83 1075 14 84 1077 13 85 1078 31 86 1114 32 87 1079 9 88 1081 11 89 1114 32 90 1081 11 91 1083 33 92 1083 33 93 1081 11 94 1074 15 95 1083 33 96 1074 15 97 1107 34 98 1107 34 99 1074 15 100 1094 18 101 1107 34 102 1094 18 103 1095 20 104 1107 34 105 1095 20 106 1102 23 107 1107 34 108 1102 23 109 1104 25 110 1107 34 111 1104 25 112 1106 35 113 1106 35 114 1104 25 115 1108 27 116 1106 35 117 1108 27 118 1110 36 119 1110 36 120 1108 27 121 1109 29 122 1110 36 123 1109 29 124 1111 37 125 1110 36 126 1111 37 127 1115 38 128 1115 38 129 1111 37 130 1118 39 131 1115 38 132 1118 39 133 1117 40 134 1117 40 135 1118 39 136 1116 41 137 1117 40 138 1116 41 139 1121 42 140 1121 42 141 1116 41 142 1130 43 143 1121 42 144 1130 43 145 1128 3 146 1129 44 147 1123 4 148 1121 42 149 1121 42 150 1123 4 151 1119 7 152 1121 42 153 1119 7 154 1117 40 155 1117 40 156 1119 7 157 1079 9 158 1117 40 159 1079 9 160 1114 32 161 1117 40 162 1114 32 163 1115 38 164 1115 38 165 1114 32 166 1110 36 167 1110 36 168 1114 32 169 1106 35 170 1106 35 171 1114 32 172 1083 33 173 1106 35 174 1083 33 175 1107 34 176 1093 19 177 1092 17 178 1089 45 179 1089 45 180 1092 17 181 1098 46 182 1089 45 183 1098 46 184 1084 47 185 1089 45 186 1084 47 187 1086 48 188 1093 19 189 1089 45 190 1096 21 191 1096 21 192 1089 45 193 1088 49 194 1088 49 195 1089 45 196 1090 50 197 1090 50 198 1089 45 199 1086 48 200 1090 50 201 1086 48 202 1091 51 203 1091 51 204 1086 48 205 1087 52 206 1087 52 207 1086 48 208 1085 53 209 1085 53 210 1086 48 211 1084 47 212 1085 53 213 1084 47 214 1101 54 215 1101 54 216 1084 47 217 1100 55 218 1100 55 219 1084 47 220 1098 46 221 1100 55 222 1098 46 223 1099 56 224 1099 56 225 1098 46 226 1078 31 227 1078 31 228 1098 46 229 1092 17 230 159 57 231 157 58 232 154 59 233 159 57 234 154 59 235 153 60 236 159 57 237 153 60 238 160 61 239 150 62 240 153 60 241 152 63 242 152 63 243 153 60 244 154 59 245 152 63 246 154 59 247 156 64 248 156 64 249 154 59 250 157 58 251 156 64 252 157 58 253 174 65 254 174 65 255 157 58 256 175 66 257 175 66 258 157 58 259 158 67 260 158 67 261 157 58 262 159 57 263 158 67 264 159 57 265 247 68 266 247 68 267 159 57 268 161 69 269 161 69 270 159 57 271 160 61 272 161 69 273 160 61 274 162 70 275 33 71 276 177 72 277 32 73 278 32 73 279 177 72 280 176 74 281 32 73 282 176 74 283 175 66 284 175 66 285 176 74 286 174 65 287 165 75 288 155 76 289 168 77 290 168 77 291 155 76 292 169 78 293 168 77 294 169 78 295 170 79 296 170 79 297 169 78 298 171 80 299 170 79 300 171 80 301 172 81 302 172 81 303 171 80 304 173 82 305 172 81 306 173 82 307 141 83 308 141 83 309 173 82 310 143 84 311 141 83 312 143 84 313 144 85 314 144 85 315 143 84 316 147 86 317 144 85 318 147 86 319 148 87 320 148 87 321 147 86 322 34 88 323 148 87 324 34 88 325 40 89 326 40 89 327 34 88 328 30 90 329 40 89 330 30 90 331 38 91 332 38 91 333 30 90 334 31 92 335 38 91 336 31 92 337 37 93 338 37 93 339 31 92 340 246 94 341 37 93 342 246 94 343 35 95 344 35 95 345 246 94 346 57 96 347 35 95 348 57 96 349 56 97 350 56 97 351 57 96 352 55 98 353 56 97 354 55 98 355 50 99 356 50 99 357 55 98 358 52 100 359 50 99 360 52 100 361 51 101 362 50 99 363 51 101 364 49 102 365 49 102 366 51 101 367 54 103 368 49 102 369 54 103 370 53 104 371 53 104 372 54 103 373 185 105 374 53 104 375 185 105 376 184 106 377 53 104 378 184 106 379 179 107 380 179 107 381 184 106 382 183 108 383 179 107 384 183 108 385 44 109 386 44 109 387 183 108 388 182 110 389 44 109 390 182 110 391 45 111 392 45 111 393 182 110 394 181 112 395 45 111 396 181 112 397 47 113 398 47 113 399 181 112 400 62 114 401 47 113 402 62 114 403 60 115 404 60 115 405 62 114 406 58 116 407 60 115 408 58 116 409 59 117 410 60 115 411 59 117 412 61 118 413 61 118 414 59 117 415 66 119 416 61 118 417 66 119 418 64 120 419 64 120 420 66 119 421 65 121 422 64 120 423 65 121 424 63 122 425 63 122 426 65 121 427 70 123 428 63 122 429 70 123 430 68 124 431 68 124 432 70 123 433 69 125 434 68 124 435 69 125 436 67 126 437 67 126 438 69 125 439 74 127 440 67 126 441 74 127 442 168 77 443 168 77 444 74 127 445 165 75 446 165 75 447 74 127 448 72 128 449 165 75 450 72 128 451 164 129 452 164 129 453 72 128 454 163 130 455 164 129 456 163 130 457 167 131 458 167 131 459 163 130 460 166 132 461 166 132 462 163 130 463 191 133 464 166 132 465 191 133 466 287 134 467 287 134 468 191 133 469 288 135 470 287 134 471 288 135 472 250 136 473 287 134 474 250 136 475 162 70 476 162 70 477 250 136 478 249 137 479 162 70 480 249 137 481 161 69 482 161 69 483 249 137 484 248 138 485 161 69 486 248 138 487 247 68 488 247 68 489 248 138 490 189 139 491 247 68 492 189 139 493 158 67 494 158 67 495 189 139 496 188 140 497 158 67 498 188 140 499 175 66 500 175 66 501 188 140 502 28 141 503 175 66 504 28 141 505 32 73 506 32 73 507 28 141 508 29 142 509 32 73 510 29 142 511 33 71 512 33 71 513 29 142 514 30 90 515 33 71 516 30 90 517 34 88 518 33 71 519 34 88 520 147 86 521 33 71 522 147 86 523 177 72 524 177 72 525 147 86 526 143 84 527 177 72 528 143 84 529 173 82 530 177 72 531 173 82 532 176 74 533 176 74 534 173 82 535 171 80 536 176 74 537 171 80 538 174 65 539 174 65 540 171 80 541 169 78 542 174 65 543 169 78 544 156 64 545 156 64 546 169 78 547 155 76 548 156 64 549 155 76 550 152 63 551 152 63 552 155 76 553 151 143 554 152 63 555 151 143 556 150 62 557 150 62 558 151 143 559 149 144 560 149 144 561 151 143 562 164 129 563 149 144 564 164 129 565 167 131 566 164 129 567 151 143 568 165 75 569 165 75 570 151 143 571 155 76 572 182 110 573 183 108 574 186 145 575 141 83 576 144 85 577 142 146 578 185 105 579 54 103 580 187 147 581 246 94 582 31 92 583 42 148 584 53 104 585 179 107 586 180 149 587 53 104 588 180 149 589 49 102 590 49 102 591 180 149 592 146 150 593 49 102 594 146 150 595 50 99 596 50 99 597 146 150 598 56 97 599 74 127 600 69 125 601 73 151 602 74 127 603 73 151 604 72 128 605 72 128 606 73 151 607 71 152 608 72 128 609 71 152 610 163 130 611 163 130 612 71 152 613 190 153 614 163 130 615 190 153 616 191 133 617 193 154 618 192 155 619 42 148 620 193 154 621 42 148 622 41 156 623 41 156 624 42 148 625 31 92 626 41 156 627 31 92 628 27 157 629 27 157 630 31 92 631 30 90 632 27 157 633 30 90 634 29 142 635 27 157 636 29 142 637 28 141 638 27 157 639 28 141 640 26 158 641 26 158 642 28 141 643 188 140 644 26 158 645 188 140 646 189 139 647 27 157 648 26 158 649 41 156 650 248 138 651 251 159 652 189 139 653 189 139 654 251 159 655 201 160 656 189 139 657 201 160 658 194 161 659 189 139 660 194 161 661 26 158 662 26 158 663 194 161 664 41 156 665 41 156 666 194 161 667 193 154 668 67 126 669 168 77 670 170 79 671 67 126 672 170 79 673 68 124 674 68 124 675 170 79 676 172 81 677 68 124 678 172 81 679 141 83 680 68 124 681 141 83 682 63 122 683 63 122 684 141 83 685 142 146 686 63 122 687 142 146 688 64 120 689 64 120 690 142 146 691 140 162 692 64 120 693 140 162 694 61 118 695 61 118 696 140 162 697 139 163 698 61 118 699 139 163 700 60 115 701 60 115 702 139 163 703 47 113 704 47 113 705 139 163 706 46 164 707 47 113 708 46 164 709 45 111 710 45 111 711 46 164 712 43 165 713 45 111 714 43 165 715 44 109 716 44 109 717 43 165 718 179 107 719 179 107 720 43 165 721 178 166 722 179 107 723 178 166 724 180 149 725 180 149 726 178 166 727 120 167 728 180 149 729 120 167 730 146 150 731 146 150 732 120 167 733 145 168 734 146 150 735 145 168 736 56 97 737 56 97 738 145 168 739 35 95 740 35 95 741 145 168 742 36 169 743 35 95 744 36 169 745 37 93 746 37 93 747 36 169 748 38 91 749 38 91 750 36 169 751 39 170 752 38 91 753 39 170 754 40 89 755 40 89 756 39 170 757 130 171 758 40 89 759 130 171 760 148 87 761 148 87 762 130 171 763 144 85 764 144 85 765 130 171 766 125 172 767 144 85 768 125 172 769 142 146 770 142 146 771 125 172 772 140 162 773 140 162 774 125 172 775 127 173 776 140 162 777 127 173 778 139 163 779 139 163 780 127 173 781 46 164 782 46 164 783 127 173 784 48 174 785 46 164 786 48 174 787 43 165 788 43 165 789 48 174 790 118 175 791 43 165 792 118 175 793 178 166 794 178 166 795 118 175 796 120 167 797 120 167 798 118 175 799 121 176 800 120 167 801 121 176 802 137 177 803 137 177 804 121 176 805 138 178 806 137 177 807 138 178 808 134 179 809 137 177 810 134 179 811 39 170 812 39 170 813 134 179 814 130 171 815 130 171 816 134 179 817 131 180 818 130 171 819 131 180 820 126 181 821 130 171 822 126 181 823 125 172 824 125 172 825 126 181 826 127 173 827 127 173 828 126 181 829 128 182 830 127 173 831 128 182 832 48 174 833 48 174 834 128 182 835 117 183 836 48 174 837 117 183 838 118 175 839 118 175 840 117 183 841 119 184 842 118 175 843 119 184 844 121 176 845 39 170 846 36 169 847 137 177 848 137 177 849 36 169 850 145 168 851 137 177 852 145 168 853 120 167 854 95 185 855 88 186 856 96 187 857 94 188 858 89 189 859 93 190 860 94 188 861 93 190 862 92 191 863 92 191 864 93 190 865 91 192 866 92 191 867 91 192 868 124 193 869 124 193 870 91 192 871 82 194 872 124 193 873 82 194 874 112 195 875 112 195 876 82 194 877 114 196 878 112 195 879 114 196 880 113 197 881 113 197 882 114 196 883 115 198 884 115 198 885 114 196 886 116 199 887 115 198 888 116 199 889 136 200 890 136 200 891 116 199 892 135 201 893 136 200 894 135 201 895 133 202 896 133 202 897 135 201 898 103 203 899 133 202 900 103 203 901 132 204 902 132 204 903 103 203 904 105 205 905 105 205 906 103 203 907 104 206 908 105 205 909 104 206 910 106 207 911 106 207 912 104 206 913 289 208 914 106 207 915 289 208 916 102 209 917 102 209 918 289 208 919 101 210 920 102 209 921 101 210 922 100 211 923 100 211 924 101 210 925 99 212 926 99 212 927 101 210 928 108 213 929 99 212 930 108 213 931 107 214 932 107 214 933 108 213 934 80 215 935 107 214 936 80 215 937 79 216 938 79 216 939 80 215 940 77 217 941 79 216 942 77 217 943 78 218 944 78 218 945 77 217 946 76 219 947 76 219 948 77 217 949 75 220 950 76 219 951 75 220 952 90 221 953 90 221 954 75 220 955 89 189 956 90 221 957 89 189 958 88 186 959 88 186 960 89 189 961 87 222 962 88 186 963 87 222 964 96 187 965 96 187 966 87 222 967 98 223 968 98 223 969 87 222 970 94 188 971 98 223 972 94 188 973 97 224 974 97 224 975 94 188 976 92 191 977 97 224 978 92 191 979 129 225 980 129 225 981 92 191 982 123 226 983 123 226 984 92 191 985 124 193 986 123 226 987 124 193 988 122 227 989 122 227 990 124 193 991 112 195 992 122 227 993 112 195 994 111 228 995 111 228 996 112 195 997 113 197 998 89 189 999 94 188 1000 87 222 1001 114 196 1002 82 194 1003 81 229 1004 114 196 1005 81 229 1006 116 199 1007 108 213 1008 101 210 1009 289 208 1010 108 213 1011 289 208 1012 290 230 1013 290 230 1014 289 208 1015 104 206 1016 290 230 1017 104 206 1018 110 231 1019 110 231 1020 104 206 1021 103 203 1022 110 231 1023 103 203 1024 109 232 1025 109 232 1026 103 203 1027 135 201 1028 109 232 1029 135 201 1030 85 233 1031 85 233 1032 135 201 1033 116 199 1034 85 233 1035 116 199 1036 81 229 1037 85 233 1038 81 229 1039 83 234 1040 83 234 1041 81 229 1042 82 194 1043 83 234 1044 82 194 1045 84 235 1046 84 235 1047 82 194 1048 91 192 1049 84 235 1050 91 192 1051 93 190 1052 84 235 1053 93 190 1054 89 189 1055 84 235 1056 89 189 1057 75 220 1058 84 235 1059 75 220 1060 83 234 1061 83 234 1062 75 220 1063 77 217 1064 80 215 1065 108 213 1066 291 236 1067 291 236 1068 108 213 1069 290 230 1070 291 236 1071 290 230 1072 86 237 1073 86 237 1074 290 230 1075 110 231 1076 86 237 1077 110 231 1078 109 232 1079 86 237 1080 109 232 1081 85 233 1082 86 237 1083 85 233 1084 83 234 1085 86 237 1086 83 234 1087 291 236 1088 291 236 1089 83 234 1090 77 217 1091 291 236 1092 77 217 1093 80 215 1094 2688 238 1095 1787 239 1096 1788 240 1097 1795 241 1098 1797 242 1099 1796 243 1100 1796 243 1101 1797 242 1102 1798 244 1103 1796 243 1104 1798 244 1105 1838 245 1106 1838 245 1107 1798 244 1108 1839 246 1109 1839 246 1110 1798 244 1111 1802 247 1112 1802 247 1113 1798 244 1114 1799 248 1115 1802 247 1116 1799 248 1117 1803 249 1118 1803 249 1119 1799 248 1120 1801 250 1121 1803 249 1122 1801 250 1123 1804 251 1124 1804 251 1125 1801 250 1126 1809 252 1127 1809 252 1128 1801 250 1129 2657 253 1130 2657 253 1131 1801 250 1132 1800 254 1133 2657 253 1134 1800 254 1135 2680 255 1136 2680 255 1137 1800 254 1138 2656 256 1139 2680 255 1140 2656 256 1141 2678 257 1142 2678 257 1143 2656 256 1144 2690 258 1145 2678 257 1146 2690 258 1147 2691 259 1148 2691 259 1149 2690 258 1150 2688 238 1151 2691 259 1152 2688 238 1153 1879 260 1154 1879 260 1155 2688 238 1156 1788 240 1157 1879 260 1158 1788 240 1159 1784 261 1160 1784 261 1161 1788 240 1162 1786 262 1163 1786 262 1164 1788 240 1165 1787 239 1166 1786 262 1167 1787 239 1168 2105 263 1169 1799 248 1170 1798 244 1171 1797 242 1172 1799 248 1173 1797 242 1174 1801 250 1175 1801 250 1176 1797 242 1177 1800 254 1178 1800 254 1179 1797 242 1180 1795 241 1181 1800 254 1182 1795 241 1183 2656 256 1184 1879 260 1185 1858 264 1186 2691 259 1187 1781 265 1188 1838 245 1189 1839 246 1190 1860 266 1191 1858 264 1192 1878 267 1193 1878 267 1194 1858 264 1195 1879 260 1196 1878 267 1197 1879 260 1198 1784 261 1199 1819 268 1200 1818 269 1201 1821 270 1202 1819 268 1203 1821 270 1204 2113 271 1205 2113 271 1206 1821 270 1207 2115 272 1208 2113 271 1209 2115 272 1210 2103 273 1211 2103 273 1212 2115 272 1213 2118 274 1214 2103 273 1215 2118 274 1216 2116 275 1217 2116 275 1218 2118 274 1219 2119 276 1220 2116 275 1221 2119 276 1222 2120 277 1223 2120 277 1224 2119 276 1225 2122 278 1226 2120 277 1227 2122 278 1228 2134 279 1229 2134 279 1230 2122 278 1231 2135 280 1232 2134 279 1233 2135 280 1234 2127 281 1235 2127 281 1236 2135 280 1237 2126 282 1238 2127 281 1239 2126 282 1240 2124 283 1241 2124 283 1242 2126 282 1243 2123 284 1244 2124 283 1245 2123 284 1246 2105 263 1247 2105 263 1248 2123 284 1249 2104 285 1250 2105 263 1251 2104 285 1252 1786 262 1253 1786 262 1254 2104 285 1255 1785 286 1256 1786 262 1257 1785 286 1258 1784 261 1259 1784 261 1260 1785 286 1261 1783 287 1262 1784 261 1263 1783 287 1264 1878 267 1265 1878 267 1266 1783 287 1267 1880 288 1268 1878 267 1269 1880 288 1270 1862 289 1271 1878 267 1272 1862 289 1273 1860 266 1274 1860 266 1275 1862 289 1276 1861 290 1277 1860 266 1278 1861 290 1279 1859 291 1280 1860 266 1281 1859 291 1282 1858 264 1283 1858 264 1284 1859 291 1285 1857 292 1286 1858 264 1287 1857 292 1288 2691 259 1289 2691 259 1290 1857 292 1291 2154 293 1292 2691 259 1293 2154 293 1294 2678 257 1295 2678 257 1296 2154 293 1297 2679 294 1298 2678 257 1299 2679 294 1300 2680 255 1301 2680 255 1302 2679 294 1303 2681 295 1304 2680 255 1305 2681 295 1306 2657 253 1307 2657 253 1308 2681 295 1309 2658 296 1310 2657 253 1311 2658 296 1312 1807 297 1313 2657 253 1314 1807 297 1315 1809 252 1316 1809 252 1317 1807 297 1318 1808 298 1319 1809 252 1320 1808 298 1321 1810 299 1322 1809 252 1323 1810 299 1324 2094 300 1325 1809 252 1326 2094 300 1327 1804 251 1328 1804 251 1329 2094 300 1330 1806 301 1331 1804 251 1332 1806 301 1333 1803 249 1334 1803 249 1335 1806 301 1336 1805 302 1337 1803 249 1338 1805 302 1339 1802 247 1340 1802 247 1341 1805 302 1342 1840 303 1343 1802 247 1344 1840 303 1345 1839 246 1346 1839 246 1347 1840 303 1348 1782 304 1349 1839 246 1350 1782 304 1351 1781 265 1352 1781 265 1353 1782 304 1354 1776 305 1355 1781 265 1356 1776 305 1357 1775 306 1358 1775 306 1359 1776 305 1360 1774 307 1361 1775 306 1362 1774 307 1363 1777 308 1364 1777 308 1365 1774 307 1366 1778 309 1367 1777 308 1368 1778 309 1369 1780 310 1370 1777 308 1371 1780 310 1372 1779 311 1373 1777 308 1374 1779 311 1375 1843 312 1376 1843 312 1377 1779 311 1378 1877 313 1379 1843 312 1380 1877 313 1381 1847 314 1382 1847 314 1383 1877 313 1384 1876 315 1385 1847 314 1386 1876 315 1387 1831 316 1388 1831 316 1389 1876 315 1390 1874 317 1391 1831 316 1392 1874 317 1393 1830 318 1394 1830 318 1395 1874 317 1396 1872 319 1397 1830 318 1398 1872 319 1399 1833 320 1400 1833 320 1401 1872 319 1402 1873 321 1403 1833 320 1404 1873 321 1405 1837 322 1406 1837 322 1407 1873 321 1408 1875 323 1409 1837 322 1410 1875 323 1411 1871 324 1412 1837 322 1413 1871 324 1414 1816 325 1415 1837 322 1416 1816 325 1417 1817 326 1418 1817 326 1419 1816 325 1420 1815 327 1421 1817 326 1422 1815 327 1423 2110 328 1424 2110 328 1425 1815 327 1426 2112 329 1427 2110 328 1428 2112 329 1429 2149 330 1430 2149 330 1431 2112 329 1432 2100 331 1433 2149 330 1434 2100 331 1435 2150 332 1436 2150 332 1437 2100 331 1438 2099 333 1439 2150 332 1440 2099 333 1441 2151 334 1442 2151 334 1443 2099 333 1444 2131 335 1445 2151 334 1446 2131 335 1447 2130 336 1448 2130 336 1449 2131 335 1450 2128 337 1451 2130 336 1452 2128 337 1453 2142 338 1454 2142 338 1455 2128 337 1456 2125 339 1457 2142 338 1458 2125 339 1459 2143 340 1460 2143 340 1461 2125 339 1462 2132 341 1463 2143 340 1464 2132 341 1465 2148 342 1466 2148 342 1467 2132 341 1468 2693 343 1469 2693 343 1470 2132 341 1471 2692 344 1472 2693 343 1473 2692 344 1474 2694 345 1475 2694 345 1476 2692 344 1477 2695 346 1478 2694 345 1479 2695 346 1480 2147 347 1481 2147 347 1482 2695 346 1483 2114 348 1484 2147 347 1485 2114 348 1486 2137 349 1487 2137 349 1488 2114 348 1489 2109 350 1490 2137 349 1491 2109 350 1492 2138 351 1493 2138 351 1494 2109 350 1495 2108 352 1496 2138 351 1497 2108 352 1498 2145 353 1499 2145 353 1500 2108 352 1501 2139 354 1502 2145 353 1503 2139 354 1504 2146 355 1505 2146 355 1506 2139 354 1507 2144 356 1508 2146 355 1509 2144 356 1510 2153 357 1511 2153 357 1512 2144 356 1513 2149 330 1514 2153 357 1515 2149 330 1516 2150 332 1517 2153 357 1518 2150 332 1519 2151 334 1520 2153 357 1521 2151 334 1522 2152 358 1523 2152 358 1524 2151 334 1525 2130 336 1526 2152 358 1527 2130 336 1528 2141 359 1529 2141 359 1530 2130 336 1531 2142 338 1532 2141 359 1533 2142 338 1534 2140 360 1535 2140 360 1536 2142 338 1537 2143 340 1538 2139 354 1539 2111 361 1540 2144 356 1541 1854 362 1542 2119 276 1543 2118 274 1544 2099 333 1545 2136 363 1546 2131 335 1547 1871 324 1548 1870 364 1549 1816 325 1550 1816 325 1551 1870 364 1552 1814 365 1553 1816 325 1554 1814 365 1555 1815 327 1556 1815 327 1557 1814 365 1558 1818 269 1559 1815 327 1560 1818 269 1561 1819 268 1562 1815 327 1563 1819 268 1564 2112 329 1565 2112 329 1566 1819 268 1567 2113 271 1568 2112 329 1569 2113 271 1570 2101 366 1571 2101 366 1572 2113 271 1573 2103 273 1574 2101 366 1575 2103 273 1576 2102 367 1577 2102 367 1578 2103 273 1579 2117 368 1580 2102 367 1581 2117 368 1582 2133 369 1583 2133 369 1584 2117 368 1585 2134 279 1586 2133 369 1587 2134 279 1588 2129 370 1589 2129 370 1590 2134 279 1591 2127 281 1592 2129 370 1593 2127 281 1594 2128 337 1595 2128 337 1596 2127 281 1597 2124 283 1598 2128 337 1599 2124 283 1600 2125 339 1601 2125 339 1602 2124 283 1603 2105 263 1604 2125 339 1605 2105 263 1606 2106 371 1607 2106 371 1608 2105 263 1609 1787 239 1610 2106 371 1611 1787 239 1612 2687 372 1613 2687 372 1614 1787 239 1615 2688 238 1616 2687 372 1617 2688 238 1618 2689 373 1619 2689 373 1620 2688 238 1621 2690 258 1622 2689 373 1623 2690 258 1624 1790 374 1625 1790 374 1626 2690 258 1627 2656 256 1628 1790 374 1629 2656 256 1630 1793 375 1631 1793 375 1632 2656 256 1633 1795 241 1634 1793 375 1635 1795 241 1636 1794 376 1637 1794 376 1638 1795 241 1639 1796 243 1640 1794 376 1641 1796 243 1642 1844 377 1643 1844 377 1644 1796 243 1645 1838 245 1646 1844 377 1647 1838 245 1648 1841 378 1649 1841 378 1650 1838 245 1651 1781 265 1652 1841 378 1653 1781 265 1654 1775 306 1655 1841 378 1656 1775 306 1657 1842 379 1658 1842 379 1659 1775 306 1660 1777 308 1661 1842 379 1662 1777 308 1663 1843 312 1664 1842 379 1665 1843 312 1666 1846 380 1667 1846 380 1668 1843 312 1669 1847 314 1670 1846 380 1671 1847 314 1672 1829 381 1673 1829 381 1674 1847 314 1675 1831 316 1676 1829 381 1677 1831 316 1678 1828 382 1679 1828 382 1680 1831 316 1681 1830 318 1682 1828 382 1683 1830 318 1684 1832 383 1685 1832 383 1686 1830 318 1687 1833 320 1688 1832 383 1689 1833 320 1690 1836 384 1691 1836 384 1692 1833 320 1693 1837 322 1694 1836 384 1695 1837 322 1696 1817 326 1697 1836 384 1698 1817 326 1699 2111 361 1700 2111 361 1701 1817 326 1702 2110 328 1703 2111 361 1704 2110 328 1705 2144 356 1706 2144 356 1707 2110 328 1708 2149 330 1709 2120 277 1710 2134 279 1711 2117 368 1712 2120 277 1713 2117 368 1714 2116 275 1715 2116 275 1716 2117 368 1717 2103 273 1718 2100 331 1719 2112 329 1720 2101 366 1721 2100 331 1722 2101 366 1723 2099 333 1724 2099 333 1725 2101 366 1726 2102 367 1727 2099 333 1728 2102 367 1729 2136 363 1730 2136 363 1731 2102 367 1732 2133 369 1733 2136 363 1734 2133 369 1735 2131 335 1736 2131 335 1737 2133 369 1738 2129 370 1739 2131 335 1740 2129 370 1741 2128 337 1742 2132 341 1743 2125 339 1744 2106 371 1745 2132 341 1746 2106 371 1747 2692 344 1748 2692 344 1749 2106 371 1750 2687 372 1751 2692 344 1752 2687 372 1753 2695 346 1754 2695 346 1755 2687 372 1756 2689 373 1757 2695 346 1758 2689 373 1759 2114 348 1760 2114 348 1761 2689 373 1762 1789 385 1763 2114 348 1764 1789 385 1765 2109 350 1766 2689 373 1767 1790 374 1768 1789 385 1769 2122 278 1770 2119 276 1771 2121 386 1772 2121 386 1773 2119 276 1774 1854 362 1775 2121 386 1776 1854 362 1777 1855 387 1778 1855 387 1779 1854 362 1780 1853 388 1781 1853 388 1782 1854 362 1783 1852 389 1784 1852 389 1785 1854 362 1786 2118 274 1787 1852 389 1788 2118 274 1789 1850 390 1790 1850 390 1791 2118 274 1792 2115 272 1793 1850 390 1794 2115 272 1795 1849 391 1796 1849 391 1797 2115 272 1798 1821 270 1799 1849 391 1800 1821 270 1801 1820 392 1802 1820 392 1803 1821 270 1804 1818 269 1805 1820 392 1806 1818 269 1807 1869 393 1808 1869 393 1809 1818 269 1810 1814 365 1811 1869 393 1812 1814 365 1813 1870 364 1814 1869 393 1815 1868 394 1816 1820 392 1817 1820 392 1818 1868 394 1819 1848 395 1820 1820 392 1821 1848 395 1822 1849 391 1823 1849 391 1824 1848 395 1825 1812 396 1826 1849 391 1827 1812 396 1828 1850 390 1829 1850 390 1830 1812 396 1831 1851 397 1832 1850 390 1833 1851 397 1834 1852 389 1835 1852 389 1836 1851 397 1837 1856 398 1838 1852 389 1839 1856 398 1840 1853 388 1841 1867 399 1842 1856 398 1843 1851 397 1844 1867 399 1845 1851 397 1846 1866 400 1847 1866 400 1848 1851 397 1849 1811 401 1850 1811 401 1851 1851 397 1852 1812 396 1853 1811 401 1854 1812 396 1855 1813 402 1856 1813 402 1857 1812 396 1858 1848 395 1859 1813 402 1860 1848 395 1861 1868 394 1862 2107 403 1863 2108 352 1864 2109 350 1865 2107 403 1866 2109 350 1867 1834 404 1868 1834 404 1869 2109 350 1870 1789 385 1871 1834 404 1872 1789 385 1873 1791 405 1874 1791 405 1875 1789 385 1876 1790 374 1877 1791 405 1878 1790 374 1879 1793 375 1880 1791 405 1881 1793 375 1882 1792 406 1883 1792 406 1884 1793 375 1885 1794 376 1886 1792 406 1887 1794 376 1888 1823 407 1889 1823 407 1890 1794 376 1891 1844 377 1892 1823 407 1893 1844 377 1894 1845 408 1895 1845 408 1896 1844 377 1897 1841 378 1898 1845 408 1899 1841 378 1900 1842 379 1901 1845 408 1902 1842 379 1903 1846 380 1904 1845 408 1905 1846 380 1906 1825 409 1907 1825 409 1908 1846 380 1909 1829 381 1910 1825 409 1911 1829 381 1912 1824 410 1913 1824 410 1914 1829 381 1915 1828 382 1916 1824 410 1917 1828 382 1918 1827 411 1919 1827 411 1920 1828 382 1921 1832 383 1922 1827 411 1923 1832 383 1924 1836 384 1925 1827 411 1926 1836 384 1927 1835 412 1928 1835 412 1929 1836 384 1930 2111 361 1931 1835 412 1932 2111 361 1933 2107 403 1934 2107 403 1935 2111 361 1936 2139 354 1937 2107 403 1938 2139 354 1939 2108 352 1940 1835 412 1941 2107 403 1942 1834 404 1943 1835 412 1944 1834 404 1945 1826 413 1946 1826 413 1947 1834 404 1948 1791 405 1949 1826 413 1950 1791 405 1951 1792 406 1952 1826 413 1953 1792 406 1954 1822 414 1955 1822 414 1956 1792 406 1957 1823 407 1958 1822 414 1959 1823 407 1960 1825 409 1961 1825 409 1962 1823 407 1963 1845 408 1964 1825 409 1965 1824 410 1966 1822 414 1967 1822 414 1968 1824 410 1969 1827 411 1970 1822 414 1971 1827 411 1972 1826 413 1973 1826 413 1974 1827 411 1975 1835 412 1976 2154 293 1977 1857 292 1978 1863 415 1979 2154 293 1980 1863 415 1981 2679 294 1982 2679 294 1983 1863 415 1984 2682 416 1985 2095 417 1986 2096 418 1987 1863 415 1988 2095 417 1989 1863 415 1990 1864 419 1991 1864 419 1992 1863 415 1993 1857 292 1994 1864 419 1995 1857 292 1996 1859 291 1997 1864 419 1998 1859 291 1999 1865 420 2000 1865 420 2001 1859 291 2002 1861 290 2003 1865 420 2004 2097 421 2005 1864 419 2006 1864 419 2007 2097 421 2008 2098 422 2009 2584 423 2010 2674 424 2011 2586 425 2012 2586 425 2013 2674 424 2014 2593 426 2015 2593 426 2016 2674 424 2017 2598 427 2018 2598 427 2019 2671 428 2020 2663 429 2021 2663 429 2022 2671 428 2023 2675 430 2024 2591 431 2025 2596 432 2026 2592 433 2027 2592 433 2028 2596 432 2029 2597 434 2030 2592 433 2031 2597 434 2032 2601 435 2033 2601 435 2034 2597 434 2035 2608 436 2036 2601 435 2037 2608 436 2038 2606 437 2039 2606 437 2040 2608 436 2041 2589 438 2042 2606 437 2043 2589 438 2044 2590 439 2045 2590 439 2046 2589 438 2047 2581 440 2048 2581 440 2049 2589 438 2050 2579 441 2051 2581 440 2052 2579 441 2053 2580 442 2054 2580 442 2055 2579 441 2056 2672 443 2057 2672 443 2058 2579 441 2059 2662 444 2060 2672 443 2061 2662 444 2062 2673 445 2063 2673 445 2064 2662 444 2065 2663 429 2066 2663 429 2067 2662 444 2068 2596 432 2069 2663 429 2070 2596 432 2071 2598 427 2072 2598 427 2073 2596 432 2074 2591 431 2075 2598 427 2076 2591 431 2077 2593 426 2078 2593 426 2079 2591 431 2080 2592 433 2081 2593 426 2082 2592 433 2083 2586 425 2084 2586 425 2085 2592 433 2086 2585 446 2087 2586 425 2088 2585 446 2089 2584 423 2090 2584 423 2091 2585 446 2092 2583 447 2093 2583 447 2094 2585 446 2095 2588 448 2096 2583 447 2097 2588 448 2098 2587 449 2099 2662 444 2100 2579 441 2101 2589 438 2102 2662 444 2103 2589 438 2104 2608 436 2105 2662 444 2106 2608 436 2107 2597 434 2108 2662 444 2109 2597 434 2110 2596 432 2111 2581 440 2112 2580 442 2113 2582 450 2114 2606 437 2115 2590 439 2116 2605 451 2117 2606 437 2118 2605 451 2119 2601 435 2120 2601 435 2121 2605 451 2122 2600 452 2123 2601 435 2124 2600 452 2125 2594 453 2126 2601 435 2127 2594 453 2128 2592 433 2129 2592 433 2130 2594 453 2131 2585 446 2132 2585 446 2133 2594 453 2134 2595 454 2135 2585 446 2136 2595 454 2137 2588 448 2138 2595 454 2139 2594 453 2140 2600 452 2141 2646 455 2142 2647 456 2143 2645 457 2144 2646 455 2145 2645 457 2146 2648 458 2147 2648 458 2148 2645 457 2149 2647 456 2150 2648 458 2151 2647 456 2152 2650 459 2153 2650 459 2154 2647 456 2155 2646 455 2156 2650 459 2157 2646 455 2158 2649 460 2159 2651 461 2160 2648 458 2161 2650 459 2162 2652 462 2163 2653 463 2164 2654 464 2165 2654 464 2166 2653 463 2167 2655 465 2168 2641 466 2169 2642 467 2170 2643 468 2171 2643 468 2172 2642 467 2173 2644 469 2174 2640 470 2175 2639 471 2176 2637 472 2177 2634 473 2178 2635 474 2179 2636 475 2180 2634 473 2181 2636 475 2182 2637 472 2183 2634 473 2184 2637 472 2185 2635 474 2186 2635 474 2187 2637 472 2188 2639 471 2189 2635 474 2190 2639 471 2191 2636 475 2192 2636 475 2193 2639 471 2194 2638 476 2195 2630 477 2196 2631 478 2197 2632 479 2198 2632 479 2199 2631 478 2200 2633 480 2201 2629 481 2202 2626 482 2203 2628 483 2204 2624 484 2205 2625 485 2206 2623 486 2207 2624 484 2208 2623 486 2209 2626 482 2210 2626 482 2211 2623 486 2212 2625 485 2213 2626 482 2214 2625 485 2215 2628 483 2216 2628 483 2217 2625 485 2218 2624 484 2219 2628 483 2220 2624 484 2221 2627 487 2222 2616 488 2223 2614 489 2224 2613 490 2225 2613 490 2226 2614 489 2227 2615 491 2228 2615 491 2229 2614 489 2230 2621 492 2231 2615 491 2232 2621 492 2233 2620 493 2234 2614 489 2235 2616 488 2236 2621 492 2237 2621 492 2238 2616 488 2239 2622 494 2240 2619 495 2241 2618 496 2242 2612 497 2243 2612 497 2244 2618 496 2245 2610 498 2246 2612 497 2247 2610 498 2248 2609 499 2249 2609 499 2250 2610 498 2251 2611 500 2252 2611 500 2253 2610 498 2254 2618 496 2255 2611 500 2256 2618 496 2257 2617 501 2258 2569 502 2259 2562 503 2260 2607 504 2261 2569 502 2262 2607 504 2263 2603 505 2264 2603 505 2265 2607 504 2266 2574 506 2267 2574 506 2268 2607 504 2269 2578 507 2270 2604 508 2271 2575 509 2272 2599 510 2273 2599 510 2274 2575 509 2275 2576 511 2276 2576 511 2277 2575 509 2278 2571 512 2279 2576 511 2280 2571 512 2281 2565 513 2282 2565 513 2283 2571 512 2284 2563 514 2285 2565 513 2286 2563 514 2287 2564 515 2288 2564 515 2289 2563 514 2290 2685 516 2291 2685 516 2292 2563 514 2293 2572 517 2294 2685 516 2295 2572 517 2296 2676 518 2297 2676 518 2298 2572 517 2299 2573 519 2300 2676 518 2301 2573 519 2302 2578 507 2303 2578 507 2304 2573 519 2305 2571 512 2306 2578 507 2307 2571 512 2308 2574 506 2309 2574 506 2310 2571 512 2311 2575 509 2312 2574 506 2313 2575 509 2314 2603 505 2315 2603 505 2316 2575 509 2317 2602 520 2318 2603 505 2319 2602 520 2320 2569 502 2321 2569 502 2322 2602 520 2323 2570 521 2324 2569 502 2325 2570 521 2326 2561 522 2327 2569 502 2328 2561 522 2329 2562 503 2330 2562 503 2331 2561 522 2332 2560 523 2333 2562 503 2334 2560 523 2335 2659 524 2336 2562 503 2337 2659 524 2338 2607 504 2339 2607 504 2340 2659 524 2341 2684 525 2342 2607 504 2343 2684 525 2344 2677 526 2345 2607 504 2346 2677 526 2347 2578 507 2348 2578 507 2349 2677 526 2350 2676 518 2351 2676 518 2352 2677 526 2353 2683 527 2354 2683 527 2355 2677 526 2356 2686 528 2357 2570 521 2358 2602 520 2359 2604 508 2360 2604 508 2361 2602 520 2362 2575 509 2363 2563 514 2364 2571 512 2365 2572 517 2366 2572 517 2367 2571 512 2368 2573 519 2369 2565 513 2370 2564 515 2371 2566 529 2372 2559 530 2373 2560 523 2374 2561 522 2375 2599 510 2376 2576 511 2377 2577 531 2378 2577 531 2379 2576 511 2380 2565 513 2381 2577 531 2382 2565 513 2383 2567 532 2384 2567 532 2385 2565 513 2386 2566 529 2387 2567 532 2388 2566 529 2389 2568 533 2390 2543 534 2391 2544 535 2392 2545 536 2393 2543 534 2394 2545 536 2395 2557 537 2396 2543 534 2397 2557 537 2398 2558 538 2399 2543 534 2400 2558 538 2401 2553 539 2402 2543 534 2403 2553 539 2404 2546 540 2405 2543 534 2406 2546 540 2407 2548 541 2408 2548 541 2409 2546 540 2410 2547 542 2411 2548 541 2412 2547 542 2413 2549 543 2414 2548 541 2415 2549 543 2416 2550 544 2417 2550 544 2418 2549 543 2419 2551 545 2420 2550 544 2421 2551 545 2422 2552 546 2423 2554 547 2424 2555 548 2425 2535 549 2426 2554 547 2427 2535 549 2428 2556 550 2429 2556 550 2430 2535 549 2431 2534 551 2432 2534 551 2433 2535 549 2434 2533 552 2435 2533 552 2436 2535 549 2437 2537 553 2438 2537 553 2439 2535 549 2440 2536 554 2441 2537 553 2442 2536 554 2443 2542 555 2444 2542 555 2445 2536 554 2446 2539 556 2447 2539 556 2448 2536 554 2449 2538 557 2450 2539 556 2451 2538 557 2452 2541 558 2453 2541 558 2454 2538 557 2455 2540 559 2456 2414 560 2457 2410 561 2458 2413 562 2459 2413 562 2460 2410 561 2461 2371 563 2462 2371 563 2463 2410 561 2464 2370 564 2465 2370 564 2466 2410 561 2467 2407 565 2468 2407 565 2469 2410 561 2470 2412 566 2471 2412 566 2472 2410 561 2473 2414 560 2474 2412 566 2475 2414 560 2476 2415 567 2477 2364 568 2478 2365 569 2479 2361 570 2480 2364 568 2481 2361 570 2482 2415 567 2483 2415 567 2484 2361 570 2485 2411 571 2486 2415 567 2487 2411 571 2488 2412 566 2489 2412 566 2490 2411 571 2491 2408 572 2492 2412 566 2493 2408 572 2494 2407 565 2495 2407 565 2496 2408 572 2497 2369 573 2498 2407 565 2499 2369 573 2500 2370 564 2501 2370 564 2502 2369 573 2503 2368 574 2504 2370 564 2505 2368 574 2506 2372 575 2507 2370 564 2508 2372 575 2509 2371 563 2510 2371 563 2511 2372 575 2512 2380 576 2513 2371 563 2514 2380 576 2515 2413 562 2516 2413 562 2517 2380 576 2518 2382 577 2519 2413 562 2520 2382 577 2521 2414 560 2522 2414 560 2523 2382 577 2524 2399 578 2525 2414 560 2526 2399 578 2527 2415 567 2528 2415 567 2529 2399 578 2530 2400 579 2531 2415 567 2532 2400 579 2533 2364 568 2534 2364 568 2535 2400 579 2536 2350 580 2537 2364 568 2538 2350 580 2539 2365 569 2540 2365 569 2541 2350 580 2542 2347 581 2543 2365 569 2544 2347 581 2545 2366 582 2546 2366 582 2547 2347 581 2548 2346 583 2549 2366 582 2550 2346 583 2551 2265 584 2552 2265 584 2553 2346 583 2554 2268 585 2555 2265 584 2556 2268 585 2557 2267 586 2558 2267 586 2559 2268 585 2560 2269 587 2561 2267 586 2562 2269 587 2563 2293 588 2564 2267 586 2565 2293 588 2566 2294 589 2567 2267 586 2568 2294 589 2569 2266 590 2570 2266 590 2571 2294 589 2572 2295 591 2573 2266 590 2574 2295 591 2575 2296 592 2576 2266 590 2577 2296 592 2578 2264 593 2579 2264 593 2580 2296 592 2581 2297 594 2582 2264 593 2583 2297 594 2584 2262 595 2585 2262 595 2586 2297 594 2587 2285 596 2588 2262 595 2589 2285 596 2590 2261 597 2591 2261 597 2592 2285 596 2593 2286 598 2594 2261 597 2595 2286 598 2596 2283 599 2597 2283 599 2598 2286 598 2599 2287 600 2600 2283 599 2601 2287 600 2602 2282 601 2603 2282 601 2604 2287 600 2605 2288 602 2606 2282 601 2607 2288 602 2608 2279 603 2609 2279 603 2610 2288 602 2611 2277 604 2612 2279 603 2613 2277 604 2614 2278 605 2615 2278 605 2616 2277 604 2617 2276 606 2618 2278 605 2619 2276 606 2620 2341 607 2621 2341 607 2622 2276 606 2623 2356 608 2624 2341 607 2625 2356 608 2626 2352 609 2627 2352 609 2628 2356 608 2629 2354 610 2630 2352 609 2631 2354 610 2632 2355 611 2633 2352 609 2634 2355 611 2635 2353 612 2636 2353 612 2637 2355 611 2638 2405 613 2639 2353 612 2640 2405 613 2641 2395 614 2642 2395 614 2643 2405 613 2644 2396 615 2645 2395 614 2646 2396 615 2647 2392 616 2648 2392 616 2649 2396 615 2650 2390 617 2651 2392 616 2652 2390 617 2653 2389 618 2654 2389 618 2655 2390 617 2656 2373 619 2657 2389 618 2658 2373 619 2659 2376 620 2660 2376 620 2661 2373 619 2662 2367 621 2663 2376 620 2664 2367 621 2665 2384 622 2666 2384 622 2667 2367 621 2668 2383 623 2669 2384 622 2670 2383 623 2671 2385 624 2672 2385 624 2673 2383 623 2674 2409 625 2675 2385 624 2676 2409 625 2677 2358 626 2678 2358 626 2679 2409 625 2680 2361 570 2681 2358 626 2682 2361 570 2683 2359 627 2684 2359 627 2685 2361 570 2686 2362 628 2687 2359 627 2688 2362 628 2689 2360 629 2690 2360 629 2691 2362 628 2692 2363 630 2693 2360 629 2694 2363 630 2695 2260 631 2696 2260 631 2697 2363 630 2698 2263 632 2699 2260 631 2700 2263 632 2701 2262 595 2702 2262 595 2703 2263 632 2704 2264 593 2705 2264 593 2706 2263 632 2707 2265 584 2708 2264 593 2709 2265 584 2710 2266 590 2711 2266 590 2712 2265 584 2713 2267 586 2714 2361 570 2715 2365 569 2716 2362 628 2717 2362 628 2718 2365 569 2719 2363 630 2720 2363 630 2721 2365 569 2722 2366 582 2723 2363 630 2724 2366 582 2725 2263 632 2726 2263 632 2727 2366 582 2728 2265 584 2729 2355 611 2730 2406 633 2731 2405 613 2732 2405 613 2733 2406 633 2734 2404 634 2735 2405 613 2736 2404 634 2737 2396 615 2738 2396 615 2739 2404 634 2740 2397 635 2741 2396 615 2742 2397 635 2743 2390 617 2744 2390 617 2745 2397 635 2746 2374 636 2747 2390 617 2748 2374 636 2749 2373 619 2750 2373 619 2751 2374 636 2752 2368 574 2753 2373 619 2754 2368 574 2755 2367 621 2756 2367 621 2757 2368 574 2758 2369 573 2759 2367 621 2760 2369 573 2761 2383 623 2762 2383 623 2763 2369 573 2764 2408 572 2765 2383 623 2766 2408 572 2767 2409 625 2768 2409 625 2769 2408 572 2770 2411 571 2771 2409 625 2772 2411 571 2773 2361 570 2774 2357 637 2775 2354 610 2776 2356 608 2777 2380 576 2778 2372 575 2779 2381 638 2780 2380 576 2781 2381 638 2782 2382 577 2783 2353 612 2784 2395 614 2785 2337 639 2786 2353 612 2787 2337 639 2788 2339 640 2789 2353 612 2790 2339 640 2791 2352 609 2792 2352 609 2793 2339 640 2794 2341 607 2795 2395 614 2796 2392 616 2797 2391 641 2798 2395 614 2799 2391 641 2800 2337 639 2801 2337 639 2802 2391 641 2803 2338 642 2804 2337 639 2805 2338 642 2806 2339 640 2807 2339 640 2808 2338 642 2809 2340 643 2810 2339 640 2811 2340 643 2812 2342 644 2813 2339 640 2814 2342 644 2815 2341 607 2816 2341 607 2817 2342 644 2818 2278 605 2819 2360 629 2820 2335 645 2821 2359 627 2822 2359 627 2823 2335 645 2824 2334 646 2825 2359 627 2826 2334 646 2827 2358 626 2828 2358 626 2829 2334 646 2830 2336 647 2831 2358 626 2832 2336 647 2833 2385 624 2834 2385 624 2835 2336 647 2836 2386 648 2837 2385 624 2838 2386 648 2839 2384 622 2840 2384 622 2841 2386 648 2842 2388 649 2843 2384 622 2844 2388 649 2845 2376 620 2846 2376 620 2847 2388 649 2848 2394 650 2849 2376 620 2850 2394 650 2851 2389 618 2852 2389 618 2853 2394 650 2854 2392 616 2855 2392 616 2856 2394 650 2857 2393 651 2858 2392 616 2859 2393 651 2860 2391 641 2861 2391 641 2862 2393 651 2863 2344 652 2864 2391 641 2865 2344 652 2866 2338 642 2867 2338 642 2868 2344 652 2869 2343 653 2870 2338 642 2871 2343 653 2872 2340 643 2873 2340 643 2874 2343 653 2875 2345 654 2876 2340 643 2877 2345 654 2878 2342 644 2879 2342 644 2880 2345 654 2881 2280 655 2882 2342 644 2883 2280 655 2884 2278 605 2885 2278 605 2886 2280 655 2887 2279 603 2888 2279 603 2889 2280 655 2890 2281 656 2891 2279 603 2892 2281 656 2893 2282 601 2894 2282 601 2895 2281 656 2896 2284 657 2897 2282 601 2898 2284 657 2899 2283 599 2900 2283 599 2901 2284 657 2902 2259 658 2903 2283 599 2904 2259 658 2905 2261 597 2906 2261 597 2907 2259 658 2908 2260 631 2909 2261 597 2910 2260 631 2911 2262 595 2912 2334 646 2913 2329 659 2914 2336 647 2915 2336 647 2916 2329 659 2917 2328 660 2918 2336 647 2919 2328 660 2920 2386 648 2921 2386 648 2922 2328 660 2923 2387 661 2924 2386 648 2925 2387 661 2926 2388 649 2927 2388 649 2928 2387 661 2929 2394 650 2930 2394 650 2931 2387 661 2932 2393 651 2933 2393 651 2934 2387 661 2935 2330 662 2936 2393 651 2937 2330 662 2938 2344 652 2939 2344 652 2940 2330 662 2941 2331 663 2942 2344 652 2943 2331 663 2944 2343 653 2945 2343 653 2946 2331 663 2947 2345 654 2948 2345 654 2949 2331 663 2950 2332 664 2951 2345 654 2952 2332 664 2953 2280 655 2954 2280 655 2955 2332 664 2956 2281 656 2957 2281 656 2958 2332 664 2959 2333 665 2960 2281 656 2961 2333 665 2962 2284 657 2963 2284 657 2964 2333 665 2965 2335 645 2966 2284 657 2967 2335 645 2968 2259 658 2969 2259 658 2970 2335 645 2971 2360 629 2972 2259 658 2973 2360 629 2974 2260 631 2975 2387 661 2976 2328 660 2977 2330 662 2978 2330 662 2979 2328 660 2980 2329 659 2981 2330 662 2982 2329 659 2983 2331 663 2984 2331 663 2985 2329 659 2986 2332 664 2987 2332 664 2988 2329 659 2989 2333 665 2990 2333 665 2991 2329 659 2992 2334 646 2993 2333 665 2994 2334 646 2995 2335 645 2996 2382 577 2997 2398 666 2998 2399 578 2999 2399 578 3000 2398 666 3001 2400 579 3002 2400 579 3003 2398 666 3004 2401 667 3005 2400 579 3006 2401 667 3007 2350 580 3008 2350 580 3009 2401 667 3010 2351 668 3011 2350 580 3012 2351 668 3013 2347 581 3014 2347 581 3015 2351 668 3016 2349 669 3017 2347 581 3018 2349 669 3019 2348 670 3020 2347 581 3021 2348 670 3022 2346 583 3023 2346 583 3024 2348 670 3025 2270 671 3026 2346 583 3027 2270 671 3028 2268 585 3029 2268 585 3030 2270 671 3031 2269 587 3032 2406 633 3033 2403 672 3034 2404 634 3035 2404 634 3036 2403 672 3037 2379 673 3038 2404 634 3039 2379 673 3040 2397 635 3041 2397 635 3042 2379 673 3043 2377 674 3044 2397 635 3045 2377 674 3046 2374 636 3047 2374 636 3048 2377 674 3049 2375 675 3050 2374 636 3051 2375 675 3052 2368 574 3053 2375 675 3054 2377 674 3055 2378 676 3056 2378 676 3057 2377 674 3058 2379 673 3059 2378 676 3060 2379 673 3061 2402 677 3062 2402 677 3063 2379 673 3064 2403 672 3065 2288 602 3066 2289 678 3067 2277 604 3068 2277 604 3069 2289 678 3070 2275 679 3071 2277 604 3072 2275 679 3073 2276 606 3074 2276 606 3075 2275 679 3076 2274 680 3077 2276 606 3078 2274 680 3079 2356 608 3080 2356 608 3081 2274 680 3082 2357 637 3083 2357 637 3084 2274 680 3085 2272 681 3086 2272 681 3087 2274 680 3088 2273 682 3089 2272 681 3090 2273 682 3091 2271 683 3092 2271 683 3093 2273 682 3094 2291 684 3095 2271 683 3096 2291 684 3097 2292 685 3098 2273 682 3099 2274 680 3100 2275 679 3101 2273 682 3102 2275 679 3103 2290 686 3104 2290 686 3105 2275 679 3106 2289 678 3107 2273 682 3108 2290 686 3109 2291 684 3110 2530 687 3111 2529 688 3112 2531 689 3113 2531 689 3114 2529 688 3115 2527 690 3116 2527 690 3117 2529 688 3118 2477 691 3119 2179 692 3120 2178 693 3121 2176 694 3122 2179 692 3123 2176 694 3124 2177 695 3125 2177 695 3126 2176 694 3127 2174 696 3128 2177 695 3129 2174 696 3130 2175 697 3131 2175 697 3132 2174 696 3133 2171 698 3134 2175 697 3135 2171 698 3136 2170 699 3137 2170 699 3138 2171 698 3139 2172 700 3140 2170 699 3141 2172 700 3142 2205 701 3143 2205 701 3144 2172 700 3145 2214 702 3146 2205 701 3147 2214 702 3148 2213 703 3149 2213 703 3150 2214 702 3151 2485 704 3152 2213 703 3153 2485 704 3154 2488 705 3155 2488 705 3156 2485 704 3157 2516 706 3158 2488 705 3159 2516 706 3160 2522 707 3161 2522 707 3162 2516 706 3163 2526 708 3164 2522 707 3165 2526 708 3166 2531 689 3167 2522 707 3168 2531 689 3169 2528 709 3170 2528 709 3171 2531 689 3172 2527 690 3173 2528 709 3174 2527 690 3175 2479 710 3176 2479 710 3177 2527 690 3178 2477 691 3179 2479 710 3180 2477 691 3181 2478 711 3182 2478 711 3183 2477 691 3184 2480 712 3185 2478 711 3186 2480 712 3187 2481 713 3188 2481 713 3189 2480 712 3190 2493 714 3191 2481 713 3192 2493 714 3193 2494 715 3194 2494 715 3195 2493 714 3196 2496 716 3197 2494 715 3198 2496 716 3199 2497 717 3200 2497 717 3201 2496 716 3202 2498 718 3203 2497 717 3204 2498 718 3205 2499 719 3206 2497 717 3207 2499 719 3208 2232 720 3209 2232 720 3210 2499 719 3211 2234 721 3212 2232 720 3213 2234 721 3214 2233 722 3215 2232 720 3216 2233 722 3217 2230 723 3218 2230 723 3219 2233 722 3220 2235 724 3221 2230 723 3222 2235 724 3223 2231 725 3224 2231 725 3225 2235 724 3226 2246 726 3227 2231 725 3228 2246 726 3229 2245 727 3230 2231 725 3231 2245 727 3232 2190 728 3233 2231 725 3234 2190 728 3235 2192 729 3236 2192 729 3237 2190 728 3238 2191 730 3239 2192 729 3240 2191 730 3241 2228 731 3242 2228 731 3243 2191 730 3244 2247 732 3245 2228 731 3246 2247 732 3247 2200 733 3248 2200 733 3249 2247 732 3250 2248 734 3251 2200 733 3252 2248 734 3253 2197 735 3254 2197 735 3255 2248 734 3256 2196 736 3257 2197 735 3258 2196 736 3259 2194 737 3260 2194 737 3261 2196 736 3262 2195 738 3263 2194 737 3264 2195 738 3265 2193 739 3266 2193 739 3267 2195 738 3268 2216 740 3269 2193 739 3270 2216 740 3271 2215 741 3272 2215 741 3273 2216 740 3274 2212 742 3275 2215 741 3276 2212 742 3277 2211 743 3278 2211 743 3279 2212 742 3280 2210 744 3281 2211 743 3282 2210 744 3283 2208 745 3284 2208 745 3285 2210 744 3286 2209 746 3287 2208 745 3288 2209 746 3289 2207 747 3290 2207 747 3291 2209 746 3292 2226 748 3293 2207 747 3294 2226 748 3295 2225 749 3296 2225 749 3297 2226 748 3298 2222 750 3299 2225 749 3300 2222 750 3301 2221 751 3302 2221 751 3303 2222 750 3304 2159 752 3305 2221 751 3306 2159 752 3307 2157 753 3308 2157 753 3309 2159 752 3310 2155 754 3311 2157 753 3312 2155 754 3313 2156 755 3314 2157 753 3315 2156 755 3316 2163 756 3317 2163 756 3318 2156 755 3319 2162 757 3320 2163 756 3321 2162 757 3322 2217 758 3323 2217 758 3324 2162 757 3325 2219 759 3326 2217 758 3327 2219 759 3328 2181 760 3329 2181 760 3330 2219 759 3331 2185 761 3332 2181 760 3333 2185 761 3334 2180 762 3335 2180 762 3336 2185 761 3337 2184 763 3338 2180 762 3339 2184 763 3340 2182 764 3341 2182 764 3342 2184 763 3343 2472 765 3344 2182 764 3345 2472 765 3346 2187 766 3347 2187 766 3348 2472 765 3349 2189 767 3350 2187 766 3351 2189 767 3352 2188 768 3353 2187 766 3354 2188 768 3355 2186 769 3356 2187 766 3357 2186 769 3358 2669 770 3359 2669 770 3360 2186 769 3361 2670 771 3362 2669 770 3363 2670 771 3364 2667 772 3365 2669 770 3366 2667 772 3367 2665 773 3368 2665 773 3369 2667 772 3370 2666 774 3371 2665 773 3372 2666 774 3373 2664 775 3374 2664 775 3375 2666 774 3376 2532 776 3377 2664 775 3378 2532 776 3379 2701 777 3380 2701 777 3381 2532 776 3382 2239 778 3383 2701 777 3384 2239 778 3385 2237 779 3386 2237 779 3387 2239 778 3388 2238 780 3389 2237 779 3390 2238 780 3391 2236 781 3392 2236 781 3393 2238 780 3394 2241 782 3395 2236 781 3396 2241 782 3397 2240 783 3398 2236 781 3399 2240 783 3400 2257 784 3401 2257 784 3402 2240 783 3403 2258 785 3404 2257 784 3405 2258 785 3406 2167 786 3407 2257 784 3408 2167 786 3409 2165 787 3410 2165 787 3411 2167 786 3412 2166 788 3413 2165 787 3414 2166 788 3415 2164 789 3416 2164 789 3417 2166 788 3418 2483 790 3419 2164 789 3420 2483 790 3421 2482 791 3422 2482 791 3423 2483 790 3424 2501 792 3425 2482 791 3426 2501 792 3427 2500 793 3428 2500 793 3429 2501 792 3430 2504 794 3431 2500 793 3432 2504 794 3433 2503 795 3434 2503 795 3435 2504 794 3436 2512 796 3437 2503 795 3438 2512 796 3439 2511 797 3440 2511 797 3441 2512 796 3442 2498 718 3443 2511 797 3444 2498 718 3445 2496 716 3446 2511 797 3447 2496 716 3448 2493 714 3449 2511 797 3450 2493 714 3451 2510 798 3452 2510 798 3453 2493 714 3454 2480 712 3455 2510 798 3456 2480 712 3457 2513 799 3458 2513 799 3459 2480 712 3460 2477 691 3461 2513 799 3462 2477 691 3463 2507 800 3464 2507 800 3465 2477 691 3466 2529 688 3467 2507 800 3468 2529 688 3469 2508 801 3470 2508 801 3471 2529 688 3472 2530 687 3473 2508 801 3474 2530 687 3475 2519 802 3476 2508 801 3477 2519 802 3478 2518 803 3479 2518 803 3480 2519 802 3481 2517 804 3482 2518 803 3483 2517 804 3484 2521 805 3485 2518 803 3486 2521 805 3487 2502 806 3488 2502 806 3489 2521 805 3490 2509 807 3491 2502 806 3492 2509 807 3493 2484 808 3494 2484 808 3495 2509 807 3496 2520 809 3497 2484 808 3498 2520 809 3499 2697 810 3500 2697 810 3501 2520 809 3502 2704 811 3503 2697 810 3504 2704 811 3505 2698 812 3506 2698 812 3507 2704 811 3508 2705 813 3509 2698 812 3510 2705 813 3511 2700 814 3512 2700 814 3513 2705 813 3514 2486 815 3515 2700 814 3516 2486 815 3517 2214 702 3518 2214 702 3519 2486 815 3520 2485 704 3521 2485 704 3522 2486 815 3523 2487 816 3524 2485 704 3525 2487 816 3526 2516 706 3527 2516 706 3528 2487 816 3529 2523 817 3530 2516 706 3531 2523 817 3532 2526 708 3533 2513 799 3534 2507 800 3535 2510 798 3536 2510 798 3537 2507 800 3538 2505 818 3539 2510 798 3540 2505 818 3541 2511 797 3542 2511 797 3543 2505 818 3544 2503 795 3545 2503 795 3546 2505 818 3547 2506 819 3548 2503 795 3549 2506 819 3550 2500 793 3551 2500 793 3552 2506 819 3553 2502 806 3554 2500 793 3555 2502 806 3556 2482 791 3557 2482 791 3558 2502 806 3559 2484 808 3560 2482 791 3561 2484 808 3562 2169 820 3563 2482 791 3564 2169 820 3565 2164 789 3566 2164 789 3567 2169 820 3568 2168 821 3569 2164 789 3570 2168 821 3571 2165 787 3572 2165 787 3573 2168 821 3574 2702 822 3575 2165 787 3576 2702 822 3577 2257 784 3578 2257 784 3579 2702 822 3580 2237 779 3581 2257 784 3582 2237 779 3583 2236 781 3584 2505 818 3585 2507 800 3586 2506 819 3587 2506 819 3588 2507 800 3589 2508 801 3590 2506 819 3591 2508 801 3592 2518 803 3593 2506 819 3594 2518 803 3595 2502 806 3596 2484 808 3597 2697 810 3598 2169 820 3599 2169 820 3600 2697 810 3601 2696 823 3602 2169 820 3603 2696 823 3604 2168 821 3605 2168 821 3606 2696 823 3607 2702 822 3608 2702 822 3609 2696 823 3610 2701 777 3611 2702 822 3612 2701 777 3613 2237 779 3614 2172 700 3615 2171 698 3616 2173 824 3617 2214 702 3618 2172 700 3619 2700 814 3620 2700 814 3621 2172 700 3622 2173 824 3623 2700 814 3624 2173 824 3625 2698 812 3626 2698 812 3627 2173 824 3628 2699 825 3629 2699 825 3630 2173 824 3631 2661 826 3632 2661 826 3633 2173 824 3634 2171 698 3635 2661 826 3636 2171 698 3637 2174 696 3638 2661 826 3639 2174 696 3640 2660 827 3641 2660 827 3642 2174 696 3643 2176 694 3644 2660 827 3645 2176 694 3646 2183 828 3647 2183 828 3648 2176 694 3649 2178 693 3650 2697 810 3651 2698 812 3652 2696 823 3653 2696 823 3654 2698 812 3655 2699 825 3656 2696 823 3657 2699 825 3658 2701 777 3659 2701 777 3660 2699 825 3661 2664 775 3662 2664 775 3663 2699 825 3664 2661 826 3665 2664 775 3666 2661 826 3667 2665 773 3668 2665 773 3669 2661 826 3670 2660 827 3671 2665 773 3672 2660 827 3673 2669 770 3674 2669 770 3675 2660 827 3676 2183 828 3677 2669 770 3678 2183 828 3679 2187 766 3680 2187 766 3681 2183 828 3682 2182 764 3683 2182 764 3684 2183 828 3685 2180 762 3686 2180 762 3687 2183 828 3688 2178 693 3689 2180 762 3690 2178 693 3691 2181 760 3692 2181 760 3693 2178 693 3694 2179 692 3695 2181 760 3696 2179 692 3697 2217 758 3698 2217 758 3699 2179 692 3700 2218 829 3701 2217 758 3702 2218 829 3703 2163 756 3704 2163 756 3705 2218 829 3706 2220 830 3707 2163 756 3708 2220 830 3709 2157 753 3710 2157 753 3711 2220 830 3712 2221 751 3713 2221 751 3714 2220 830 3715 2224 831 3716 2221 751 3717 2224 831 3718 2225 749 3719 2225 749 3720 2224 831 3721 2203 832 3722 2225 749 3723 2203 832 3724 2207 747 3725 2207 747 3726 2203 832 3727 2204 833 3728 2207 747 3729 2204 833 3730 2208 745 3731 2208 745 3732 2204 833 3733 2206 834 3734 2208 745 3735 2206 834 3736 2211 743 3737 2211 743 3738 2206 834 3739 2215 741 3740 2215 741 3741 2206 834 3742 2213 703 3743 2215 741 3744 2213 703 3745 2488 705 3746 2215 741 3747 2488 705 3748 2193 739 3749 2193 739 3750 2488 705 3751 2489 835 3752 2193 739 3753 2489 835 3754 2194 737 3755 2194 737 3756 2489 835 3757 2490 836 3758 2194 737 3759 2490 836 3760 2198 837 3761 2198 837 3762 2490 836 3763 2491 838 3764 2198 837 3765 2491 838 3766 2199 839 3767 2199 839 3768 2491 838 3769 2492 840 3770 2199 839 3771 2492 840 3772 2227 841 3773 2227 841 3774 2492 840 3775 2229 842 3776 2227 841 3777 2229 842 3778 2192 729 3779 2192 729 3780 2229 842 3781 2231 725 3782 2231 725 3783 2229 842 3784 2230 723 3785 2230 723 3786 2229 842 3787 2495 843 3788 2230 723 3789 2495 843 3790 2232 720 3791 2232 720 3792 2495 843 3793 2497 717 3794 2497 717 3795 2495 843 3796 2494 715 3797 2494 715 3798 2495 843 3799 2481 713 3800 2481 713 3801 2495 843 3802 2492 840 3803 2481 713 3804 2492 840 3805 2491 838 3806 2481 713 3807 2491 838 3808 2478 711 3809 2478 711 3810 2491 838 3811 2490 836 3812 2478 711 3813 2490 836 3814 2479 710 3815 2479 710 3816 2490 836 3817 2528 709 3818 2528 709 3819 2490 836 3820 2489 835 3821 2528 709 3822 2489 835 3823 2522 707 3824 2522 707 3825 2489 835 3826 2488 705 3827 2229 842 3828 2492 840 3829 2495 843 3830 2197 735 3831 2194 737 3832 2198 837 3833 2197 735 3834 2198 837 3835 2199 839 3836 2197 735 3837 2199 839 3838 2200 733 3839 2200 733 3840 2199 839 3841 2227 841 3842 2200 733 3843 2227 841 3844 2228 731 3845 2228 731 3846 2227 841 3847 2192 729 3848 2213 703 3849 2206 834 3850 2205 701 3851 2205 701 3852 2206 834 3853 2202 844 3854 2205 701 3855 2202 844 3856 2170 699 3857 2170 699 3858 2202 844 3859 2201 845 3860 2170 699 3861 2201 845 3862 2175 697 3863 2175 697 3864 2201 845 3865 2223 846 3866 2175 697 3867 2223 846 3868 2177 695 3869 2177 695 3870 2223 846 3871 2218 829 3872 2177 695 3873 2218 829 3874 2179 692 3875 2220 830 3876 2218 829 3877 2223 846 3878 2220 830 3879 2223 846 3880 2224 831 3881 2224 831 3882 2223 846 3883 2201 845 3884 2224 831 3885 2201 845 3886 2203 832 3887 2203 832 3888 2201 845 3889 2202 844 3890 2203 832 3891 2202 844 3892 2204 833 3893 2204 833 3894 2202 844 3895 2206 834 3896 2523 817 3897 2487 816 3898 2515 847 3899 2515 847 3900 2487 816 3901 2486 815 3902 2515 847 3903 2486 815 3904 2514 848 3905 2514 848 3906 2486 815 3907 2705 813 3908 2514 848 3909 2705 813 3910 2706 849 3911 2706 849 3912 2705 813 3913 2704 811 3914 2706 849 3915 2704 811 3916 2703 850 3917 2703 850 3918 2704 811 3919 2520 809 3920 2703 850 3921 2520 809 3922 2525 851 3923 2525 851 3924 2520 809 3925 2509 807 3926 2525 851 3927 2509 807 3928 2524 852 3929 2524 852 3930 2509 807 3931 2521 805 3932 2158 853 3933 2155 754 3934 2159 752 3935 2158 853 3936 2159 752 3937 2160 854 3938 2160 854 3939 2159 752 3940 2161 855 3941 2161 855 3942 2159 752 3943 2222 750 3944 2161 855 3945 2222 750 3946 2256 856 3947 2256 856 3948 2222 750 3949 2226 748 3950 2256 856 3951 2226 748 3952 2255 857 3953 2255 857 3954 2226 748 3955 2209 746 3956 2255 857 3957 2209 746 3958 2253 858 3959 2253 858 3960 2209 746 3961 2210 744 3962 2253 858 3963 2210 744 3964 2252 859 3965 2252 859 3966 2210 744 3967 2212 742 3968 2252 859 3969 2212 742 3970 2251 860 3971 2251 860 3972 2212 742 3973 2216 740 3974 2251 860 3975 2216 740 3976 2254 861 3977 2254 861 3978 2216 740 3979 2250 862 3980 2250 862 3981 2216 740 3982 2195 738 3983 2250 862 3984 2195 738 3985 2249 863 3986 2249 863 3987 2195 738 3988 2196 736 3989 2249 863 3990 2196 736 3991 2248 734 3992 2666 774 3993 2668 864 3994 2243 865 3995 2666 774 3996 2243 865 3997 2532 776 3998 2532 776 3999 2243 865 4000 2239 778 4001 2239 778 4002 2243 865 4003 2242 866 4004 2239 778 4005 2242 866 4006 2238 780 4007 2238 780 4008 2242 866 4009 2244 867 4010 2238 780 4011 2244 867 4012 2241 782 4013 2473 868 4014 2474 869 4015 2243 865 4016 2243 865 4017 2474 869 4018 2242 866 4019 2475 870 4020 2476 871 4021 2242 866 4022 2242 866 4023 2476 871 4024 2244 867 4025 2465 872 4026 2447 873 4027 2467 874 4028 2468 875 4029 2467 874 4030 2452 876 4031 2452 876 4032 2467 874 4033 2447 873 4034 2452 876 4035 2447 873 4036 2300 877 4037 2300 877 4038 2447 873 4039 2444 878 4040 2444 878 4041 2447 873 4042 2446 879 4043 2446 879 4044 2447 873 4045 2465 872 4046 2446 879 4047 2465 872 4048 2464 880 4049 2446 879 4050 2464 880 4051 2448 881 4052 2448 881 4053 2464 880 4054 2463 882 4055 2448 881 4056 2463 882 4057 2460 883 4058 2460 883 4059 2463 882 4060 2466 884 4061 2448 881 4062 2460 883 4063 2445 885 4064 2448 881 4065 2445 885 4066 2446 879 4067 2446 879 4068 2445 885 4069 2444 878 4070 2417 886 4071 2418 887 4072 2416 888 4073 2417 886 4074 2416 888 4075 2461 889 4076 2461 889 4077 2416 888 4078 2441 890 4079 2461 889 4080 2441 890 4081 2316 891 4082 2316 891 4083 2441 890 4084 2319 892 4085 2316 891 4086 2319 892 4087 2317 893 4088 2317 893 4089 2319 892 4090 2318 894 4091 2318 894 4092 2319 892 4093 2321 895 4094 2318 894 4095 2321 895 4096 2320 896 4097 2320 896 4098 2321 895 4099 2323 897 4100 2320 896 4101 2323 897 4102 2322 898 4103 2322 898 4104 2323 897 4105 2325 899 4106 2325 899 4107 2323 897 4108 2324 900 4109 2325 899 4110 2324 900 4111 2303 901 4112 2325 899 4113 2303 901 4114 2302 902 4115 2302 902 4116 2303 901 4117 2304 903 4118 2304 903 4119 2303 901 4120 2305 904 4121 2304 903 4122 2305 904 4123 2307 905 4124 2304 903 4125 2307 905 4126 2306 906 4127 2306 906 4128 2307 905 4129 2308 907 4130 2306 906 4131 2308 907 4132 2309 908 4133 2309 908 4134 2308 907 4135 2310 909 4136 2310 909 4137 2308 907 4138 2311 910 4139 2310 909 4140 2311 910 4141 2313 911 4142 2313 911 4143 2311 910 4144 2312 912 4145 2313 911 4146 2312 912 4147 2315 913 4148 2315 913 4149 2312 912 4150 2314 914 4151 2315 913 4152 2314 914 4153 2317 893 4154 2317 893 4155 2314 914 4156 2316 891 4157 2316 891 4158 2314 914 4159 2461 889 4160 2461 889 4161 2314 914 4162 2422 915 4163 2461 889 4164 2422 915 4165 2417 886 4166 2417 886 4167 2422 915 4168 2419 916 4169 2417 886 4170 2419 916 4171 2418 887 4172 2418 887 4173 2419 916 4174 2421 917 4175 2418 887 4176 2421 917 4177 2442 918 4178 2442 918 4179 2421 917 4180 2443 919 4181 2442 918 4182 2443 919 4183 2433 920 4184 2433 920 4185 2443 919 4186 2436 921 4187 2433 920 4188 2436 921 4189 2432 922 4190 2432 922 4191 2436 921 4192 2435 923 4193 2432 922 4194 2435 923 4195 2437 924 4196 2432 922 4197 2437 924 4198 2434 925 4199 2434 925 4200 2437 924 4201 2451 926 4202 2434 925 4203 2451 926 4204 2450 927 4205 2450 927 4206 2451 926 4207 2469 928 4208 2450 927 4209 2469 928 4210 2468 875 4211 2450 927 4212 2468 875 4213 2449 929 4214 2449 929 4215 2468 875 4216 2452 876 4217 2449 929 4218 2452 876 4219 2299 930 4220 2299 930 4221 2452 876 4222 2300 877 4223 2299 930 4224 2300 877 4225 2298 931 4226 2298 931 4227 2300 877 4228 2444 878 4229 2298 931 4230 2444 878 4231 2430 932 4232 2430 932 4233 2444 878 4234 2445 885 4235 2430 932 4236 2445 885 4237 2459 933 4238 2459 933 4239 2445 885 4240 2460 883 4241 2459 933 4242 2460 883 4243 2321 895 4244 2321 895 4245 2460 883 4246 2323 897 4247 2323 897 4248 2460 883 4249 2466 884 4250 2323 897 4251 2466 884 4252 2462 934 4253 2323 897 4254 2462 934 4255 2324 900 4256 2422 915 4257 2314 914 4258 2312 912 4259 2419 916 4260 2422 915 4261 2423 935 4262 2423 935 4263 2422 915 4264 2312 912 4265 2423 935 4266 2312 912 4267 2425 936 4268 2425 936 4269 2312 912 4270 2453 937 4271 2453 937 4272 2312 912 4273 2311 910 4274 2453 937 4275 2311 910 4276 2455 938 4277 2455 938 4278 2311 910 4279 2326 939 4280 2326 939 4281 2311 910 4282 2308 907 4283 2441 890 4284 2439 940 4285 2319 892 4286 2319 892 4287 2439 940 4288 2438 941 4289 2319 892 4290 2438 941 4291 2321 895 4292 2321 895 4293 2438 941 4294 2459 933 4295 2459 933 4296 2438 941 4297 2430 932 4298 2430 932 4299 2438 941 4300 2429 942 4301 2430 932 4302 2429 942 4303 2298 931 4304 2298 931 4305 2429 942 4306 2301 943 4307 2298 931 4308 2301 943 4309 2299 930 4310 2299 930 4311 2301 943 4312 2427 944 4313 2299 930 4314 2427 944 4315 2449 929 4316 2449 929 4317 2427 944 4318 2450 927 4319 2450 927 4320 2427 944 4321 2434 925 4322 2434 925 4323 2427 944 4324 2428 945 4325 2434 925 4326 2428 945 4327 2432 922 4328 2432 922 4329 2428 945 4330 2431 946 4331 2432 922 4332 2431 946 4333 2433 920 4334 2433 920 4335 2431 946 4336 2440 947 4337 2433 920 4338 2440 947 4339 2442 918 4340 2442 918 4341 2440 947 4342 2416 888 4343 2442 918 4344 2416 888 4345 2418 887 4346 2429 942 4347 2438 941 4348 2439 940 4349 2427 944 4350 2301 943 4351 2428 945 4352 2428 945 4353 2301 943 4354 2429 942 4355 2428 945 4356 2429 942 4357 2431 946 4358 2431 946 4359 2429 942 4360 2439 940 4361 2431 946 4362 2439 940 4363 2440 947 4364 2440 947 4365 2439 940 4366 2441 890 4367 2440 947 4368 2441 890 4369 2416 888 4370 2421 917 4371 2419 916 4372 2420 948 4373 2420 948 4374 2419 916 4375 2423 935 4376 2420 948 4377 2423 935 4378 2424 949 4379 2424 949 4380 2423 935 4381 2425 936 4382 2424 949 4383 2425 936 4384 2426 950 4385 2426 950 4386 2425 936 4387 2454 951 4388 2454 951 4389 2425 936 4390 2453 937 4391 2454 951 4392 2453 937 4393 2456 952 4394 2456 952 4395 2453 937 4396 2455 938 4397 2456 952 4398 2455 938 4399 2458 953 4400 2458 953 4401 2455 938 4402 2457 954 4403 2457 954 4404 2455 938 4405 2326 939 4406 2457 954 4407 2326 939 4408 2327 955 4409 2327 955 4410 2326 939 4411 2308 907 4412 2327 955 4413 2308 907 4414 2307 905 4415 2469 928 4416 2451 926 4417 2470 956 4418 2469 928 4419 2470 956 4420 2471 957 4421 2030 958 4422 2032 959 4423 1992 960 4424 2030 958 4425 1992 960 4426 1990 961 4427 2030 958 4428 1990 961 4429 2029 962 4430 2030 958 4431 2029 962 4432 2033 963 4433 2033 963 4434 2029 962 4435 2034 964 4436 2033 963 4437 2034 964 4438 2036 965 4439 2033 963 4440 2036 965 4441 2037 966 4442 2037 966 4443 2036 965 4444 2020 967 4445 2020 967 4446 2036 965 4447 2023 968 4448 2030 958 4449 2033 963 4450 2032 959 4451 2032 959 4452 2033 963 4453 2037 966 4454 1881 969 4455 1882 970 4456 1883 971 4457 1881 969 4458 1883 971 4459 1908 972 4460 1908 972 4461 1883 971 4462 1907 973 4463 1907 973 4464 1883 971 4465 1905 974 4466 1907 973 4467 1905 974 4468 1909 975 4469 1909 975 4470 1905 974 4471 1903 976 4472 1909 975 4473 1903 976 4474 1910 977 4475 1910 977 4476 1903 976 4477 1901 978 4478 1910 977 4479 1901 978 4480 1900 979 4481 1900 979 4482 1901 978 4483 1899 980 4484 1900 979 4485 1899 980 4486 1897 981 4487 1897 981 4488 1899 980 4489 1963 982 4490 1897 981 4491 1963 982 4492 1978 983 4493 1978 983 4494 1963 982 4495 1974 984 4496 1978 983 4497 1974 984 4498 1976 985 4499 1976 985 4500 1974 984 4501 1977 986 4502 1977 986 4503 1974 984 4504 1975 987 4505 1977 986 4506 1975 987 4507 2027 988 4508 2027 988 4509 1975 987 4510 2017 989 4511 2027 988 4512 2017 989 4513 2018 990 4514 2018 990 4515 2017 989 4516 2015 991 4517 2018 990 4518 2015 991 4519 2011 992 4520 2011 992 4521 2015 991 4522 2012 993 4523 2011 992 4524 2012 993 4525 1997 994 4526 1997 994 4527 2012 993 4528 1998 995 4529 1997 994 4530 1998 995 4531 1989 996 4532 1989 996 4533 1998 995 4534 2005 997 4535 1989 996 4536 2005 997 4537 2006 998 4538 2006 998 4539 2005 997 4540 2008 999 4541 2006 998 4542 2008 999 4543 2031 1000 4544 2031 1000 4545 2008 999 4546 1980 1001 4547 2031 1000 4548 1980 1001 4549 1983 1002 4550 1983 1002 4551 1980 1001 4552 1981 1003 4553 1983 1002 4554 1981 1003 4555 1984 1004 4556 1984 1004 4557 1981 1003 4558 1982 1005 4559 1984 1004 4560 1982 1005 4561 1985 1006 4562 1985 1006 4563 1982 1005 4564 1882 970 4565 1985 1006 4566 1882 970 4567 1886 1007 4568 1886 1007 4569 1882 970 4570 1881 969 4571 1886 1007 4572 1881 969 4573 1885 1008 4574 1885 1008 4575 1881 969 4576 1919 1009 4577 1885 1008 4578 1919 1009 4579 1918 1010 4580 1885 1008 4581 1918 1010 4582 1887 1011 4583 1887 1011 4584 1918 1010 4585 1917 1012 4586 1887 1011 4587 1917 1012 4588 1915 1013 4589 1887 1011 4590 1915 1013 4591 1889 1014 4592 1889 1014 4593 1915 1013 4594 1916 1015 4595 1889 1014 4596 1916 1015 4597 1892 1016 4598 1889 1014 4599 1892 1016 4600 1890 1017 4601 1890 1017 4602 1892 1016 4603 1891 1018 4604 1890 1017 4605 1891 1018 4606 1968 1019 4607 1968 1019 4608 1891 1018 4609 1969 1020 4610 1968 1019 4611 1969 1020 4612 1970 1021 4613 1970 1021 4614 1969 1020 4615 1971 1022 4616 1970 1021 4617 1971 1022 4618 1972 1023 4619 1970 1021 4620 1972 1023 4621 1973 1024 4622 1973 1024 4623 1972 1023 4624 2022 1025 4625 1973 1024 4626 2022 1025 4627 2023 968 4628 2023 968 4629 2022 1025 4630 2021 1026 4631 2023 968 4632 2021 1026 4633 2020 967 4634 2020 967 4635 2021 1026 4636 2003 1027 4637 2020 967 4638 2003 1027 4639 2037 966 4640 2037 966 4641 2003 1027 4642 2035 1028 4643 2037 966 4644 2035 1028 4645 2032 959 4646 2032 959 4647 2035 1028 4648 1993 1029 4649 2032 959 4650 1993 1029 4651 1992 960 4652 1992 960 4653 1993 1029 4654 1994 1030 4655 1992 960 4656 1994 1030 4657 1991 1031 4658 1992 960 4659 1991 1031 4660 1990 961 4661 1990 961 4662 1991 1031 4663 1989 996 4664 1990 961 4665 1989 996 4666 2006 998 4667 1990 961 4668 2006 998 4669 2029 962 4670 2029 962 4671 2006 998 4672 2031 1000 4673 2029 962 4674 2031 1000 4675 2034 964 4676 2034 964 4677 2031 1000 4678 1983 1002 4679 2034 964 4680 1983 1002 4681 2036 965 4682 2036 965 4683 1983 1002 4684 1986 1032 4685 2036 965 4686 1986 1032 4687 2023 968 4688 2023 968 4689 1986 1032 4690 1973 1024 4691 1973 1024 4692 1986 1032 4693 1987 1033 4694 1973 1024 4695 1987 1033 4696 1970 1021 4697 1970 1021 4698 1987 1033 4699 1988 1034 4700 1970 1021 4701 1988 1034 4702 1968 1019 4703 1968 1019 4704 1988 1034 4705 1888 1035 4706 1968 1019 4707 1888 1035 4708 1890 1017 4709 1890 1017 4710 1888 1035 4711 1889 1014 4712 1889 1014 4713 1888 1035 4714 1887 1011 4715 1887 1011 4716 1888 1035 4717 1885 1008 4718 1885 1008 4719 1888 1035 4720 1886 1007 4721 1886 1007 4722 1888 1035 4723 1988 1034 4724 1886 1007 4725 1988 1034 4726 1985 1006 4727 1985 1006 4728 1988 1034 4729 1987 1033 4730 1985 1006 4731 1987 1033 4732 1984 1004 4733 1984 1004 4734 1987 1033 4735 1983 1002 4736 1983 1002 4737 1987 1033 4738 1986 1032 4739 1881 969 4740 1908 972 4741 1919 1009 4742 1897 981 4743 1978 983 4744 1893 1036 4745 2018 990 4746 2011 992 4747 2019 1037 4748 2005 997 4749 1998 995 4750 2010 1038 4751 2010 1038 4752 1998 995 4753 2016 1039 4754 2016 1039 4755 1998 995 4756 2012 993 4757 2016 1039 4758 2012 993 4759 2015 991 4760 2011 992 4761 1997 994 4762 1996 1040 4763 2011 992 4764 1996 1040 4765 2019 1037 4766 2019 1037 4767 1996 1040 4768 1999 1041 4769 2019 1037 4770 1999 1041 4771 2001 1042 4772 2019 1037 4773 2001 1042 4774 2024 1043 4775 2019 1037 4776 2024 1043 4777 2018 990 4778 2018 990 4779 2024 1043 4780 2027 988 4781 1977 986 4782 2027 988 4783 2028 1044 4784 2028 1044 4785 2027 988 4786 2024 1043 4787 2028 1044 4788 2024 1043 4789 2025 1045 4790 2025 1045 4791 2024 1043 4792 2001 1042 4793 2025 1045 4794 2001 1042 4795 2026 1046 4796 2026 1046 4797 2001 1042 4798 2000 1047 4799 2000 1047 4800 2001 1042 4801 1999 1041 4802 2000 1047 4803 1999 1041 4804 1995 1048 4805 1995 1048 4806 1999 1041 4807 1996 1040 4808 1995 1048 4809 1996 1040 4810 1991 1031 4811 1991 1031 4812 1996 1040 4813 1997 994 4814 1991 1031 4815 1997 994 4816 1989 996 4817 1883 971 4818 1882 970 4819 1884 1049 4820 1883 971 4821 1884 1049 4822 1905 974 4823 1905 974 4824 1884 1049 4825 1906 1050 4826 1905 974 4827 1906 1050 4828 1903 976 4829 1903 976 4830 1906 1050 4831 1904 1051 4832 1903 976 4833 1904 1051 4834 1901 978 4835 1901 978 4836 1904 1051 4837 1902 1052 4838 1901 978 4839 1902 1052 4840 1899 980 4841 1899 980 4842 1902 1052 4843 1964 1053 4844 1899 980 4845 1964 1053 4846 1963 982 4847 1963 982 4848 1964 1053 4849 1961 1054 4850 1963 982 4851 1961 1054 4852 1974 984 4853 1974 984 4854 1961 1054 4855 1975 987 4856 1975 987 4857 1961 1054 4858 1962 1055 4859 1975 987 4860 1962 1055 4861 2017 989 4862 2017 989 4863 1962 1055 4864 2013 1056 4865 2017 989 4866 2013 1056 4867 2015 991 4868 2015 991 4869 2013 1056 4870 2014 1057 4871 2015 991 4872 2014 1057 4873 2016 1039 4874 2016 1039 4875 2014 1057 4876 2009 1058 4877 2016 1039 4878 2009 1058 4879 2010 1038 4880 2010 1038 4881 2009 1058 4882 2007 1059 4883 2010 1038 4884 2007 1059 4885 2005 997 4886 2005 997 4887 2007 1059 4888 2008 999 4889 2008 999 4890 2007 1059 4891 1958 1060 4892 2008 999 4893 1958 1060 4894 1980 1001 4895 1980 1001 4896 1958 1060 4897 1956 1061 4898 1980 1001 4899 1956 1061 4900 1981 1003 4901 1981 1003 4902 1956 1061 4903 1957 1062 4904 1981 1003 4905 1957 1062 4906 1982 1005 4907 1982 1005 4908 1957 1062 4909 1884 1049 4910 1982 1005 4911 1884 1049 4912 1882 970 4913 1904 1051 4914 1954 1063 4915 1902 1052 4916 1951 1064 4917 1954 1063 4918 1955 1065 4919 1955 1065 4920 1954 1063 4921 1904 1051 4922 1955 1065 4923 1904 1051 4924 1906 1050 4925 1951 1064 4926 1952 1066 4927 1950 1067 4928 1951 1064 4929 1950 1067 4930 1954 1063 4931 1954 1063 4932 1950 1067 4933 1967 1068 4934 1954 1063 4935 1967 1068 4936 1902 1052 4937 1902 1052 4938 1967 1068 4939 1964 1053 4940 1964 1053 4941 1967 1068 4942 1959 1069 4943 1964 1053 4944 1959 1069 4945 1961 1054 4946 1961 1054 4947 1959 1069 4948 1960 1070 4949 1961 1054 4950 1960 1070 4951 1962 1055 4952 1962 1055 4953 1960 1070 4954 2013 1056 4955 2013 1056 4956 1960 1070 4957 1966 1071 4958 2013 1056 4959 1966 1071 4960 2014 1057 4961 2014 1057 4962 1966 1071 4963 1952 1066 4964 2014 1057 4965 1952 1066 4966 2009 1058 4967 2009 1058 4968 1952 1066 4969 1953 1072 4970 2009 1058 4971 1953 1072 4972 2007 1059 4973 2007 1059 4974 1953 1072 4975 1958 1060 4976 1958 1060 4977 1953 1072 4978 1951 1064 4979 1958 1060 4980 1951 1064 4981 1956 1061 4982 1956 1061 4983 1951 1064 4984 1955 1065 4985 1956 1061 4986 1955 1065 4987 1957 1062 4988 1957 1062 4989 1955 1065 4990 1906 1050 4991 1957 1062 4992 1906 1050 4993 1884 1049 4994 1952 1066 4995 1951 1064 4996 1953 1072 4997 1952 1066 4998 1966 1071 4999 1950 1067 5000 1959 1069 5001 1965 1073 5002 1960 1070 5003 1960 1070 5004 1965 1073 5005 1966 1071 5006 1966 1071 5007 1965 1073 5008 1950 1067 5009 1950 1067 5010 1965 1073 5011 1967 1068 5012 1967 1068 5013 1965 1073 5014 1959 1069 5015 2002 1074 5016 2003 1027 5017 2004 1075 5018 2002 1074 5019 2004 1075 5020 1994 1030 5021 2002 1074 5022 1994 1030 5023 1993 1029 5024 2002 1074 5025 1993 1029 5026 2035 1028 5027 2002 1074 5028 2035 1028 5029 2003 1027 5030 1913 1076 5031 1912 1077 5032 1895 1078 5033 1895 1078 5034 1912 1077 5035 1898 1079 5036 1895 1078 5037 1898 1079 5038 1893 1036 5039 1893 1036 5040 1898 1079 5041 1897 981 5042 1897 981 5043 1898 1079 5044 1900 979 5045 1900 979 5046 1898 1079 5047 1911 1080 5048 1900 979 5049 1911 1080 5050 1910 977 5051 1912 1077 5052 1911 1080 5053 1898 1079 5054 1978 983 5055 1976 985 5056 1979 1081 5057 1978 983 5058 1979 1081 5059 1893 1036 5060 1893 1036 5061 1979 1081 5062 1894 1082 5063 1893 1036 5064 1894 1082 5065 1895 1078 5066 1895 1078 5067 1894 1082 5068 1896 1083 5069 1895 1078 5070 1896 1083 5071 1913 1076 5072 1913 1076 5073 1896 1083 5074 1914 1084 5075 2045 1085 5076 1934 1086 5077 1937 1087 5078 2045 1085 5079 2038 1088 5080 2044 1089 5081 2045 1085 5082 2044 1089 5083 1934 1086 5084 1934 1086 5085 2044 1089 5086 2047 1090 5087 1934 1086 5088 2047 1090 5089 2075 1091 5090 1934 1086 5091 2075 1091 5092 1932 1092 5093 1932 1092 5094 2075 1091 5095 2077 1093 5096 1930 1094 5097 1932 1092 5098 1948 1095 5099 1948 1095 5100 1932 1092 5101 2077 1093 5102 1948 1095 5103 2077 1093 5104 2079 1096 5105 2079 1096 5106 2077 1093 5107 2080 1097 5108 2080 1097 5109 2077 1093 5110 2078 1098 5111 2078 1098 5112 2077 1093 5113 2075 1091 5114 2078 1098 5115 2075 1091 5116 2076 1099 5117 2076 1099 5118 2075 1091 5119 2047 1090 5120 2076 1099 5121 2047 1090 5122 2048 1100 5123 2048 1100 5124 2047 1090 5125 2046 1101 5126 2046 1101 5127 2047 1090 5128 2044 1089 5129 2046 1101 5130 2044 1089 5131 2042 1102 5132 2042 1102 5133 2044 1089 5134 2038 1088 5135 2042 1102 5136 2038 1088 5137 2043 1103 5138 1929 1104 5139 1930 1094 5140 1949 1105 5141 1949 1105 5142 1930 1094 5143 1948 1095 5144 1949 1105 5145 1948 1095 5146 2079 1096 5147 1938 1106 5148 1937 1087 5149 1936 1107 5150 1936 1107 5151 1937 1087 5152 1934 1086 5153 1936 1107 5154 1934 1086 5155 1935 1108 5156 1935 1108 5157 1934 1086 5158 1932 1092 5159 1935 1108 5160 1932 1092 5161 1933 1109 5162 1933 1109 5163 1932 1092 5164 1930 1094 5165 1933 1109 5166 1930 1094 5167 1931 1110 5168 1931 1110 5169 1930 1094 5170 1928 1111 5171 1928 1111 5172 1930 1094 5173 1929 1104 5174 1928 1111 5175 1929 1104 5176 1926 1112 5177 1926 1112 5178 1929 1104 5179 1924 1113 5180 1926 1112 5181 1924 1113 5182 1925 1114 5183 1926 1112 5184 1925 1114 5185 1927 1115 5186 1927 1115 5187 1925 1114 5188 1946 1116 5189 1946 1116 5190 1925 1114 5191 1947 1117 5192 1946 1116 5193 1947 1117 5194 1945 1118 5195 1945 1118 5196 1947 1117 5197 2084 1119 5198 1945 1118 5199 2084 1119 5200 2088 1120 5201 1944 1121 5202 1946 1116 5203 1945 1118 5204 1944 1121 5205 1945 1118 5206 1943 1122 5207 2089 1123 5208 2069 1124 5209 2087 1125 5210 2087 1125 5211 2069 1124 5212 2068 1126 5213 2087 1125 5214 2068 1126 5215 2086 1127 5216 2086 1127 5217 2068 1126 5218 2070 1128 5219 2086 1127 5220 2070 1128 5221 2085 1129 5222 2085 1129 5223 2070 1128 5224 2081 1130 5225 2085 1129 5226 2081 1130 5227 2088 1120 5228 2088 1120 5229 2081 1130 5230 1945 1118 5231 1945 1118 5232 2081 1130 5233 1942 1131 5234 1945 1118 5235 1942 1131 5236 1943 1122 5237 1943 1122 5238 1942 1131 5239 1941 1132 5240 1941 1132 5241 1942 1131 5242 1940 1133 5243 1941 1132 5244 1940 1133 5245 1938 1106 5246 1938 1106 5247 1940 1133 5248 1939 1134 5249 1938 1106 5250 1939 1134 5251 1937 1087 5252 1937 1087 5253 1939 1134 5254 2083 1135 5255 1937 1087 5256 2083 1135 5257 2045 1085 5258 2045 1085 5259 2083 1135 5260 2039 1136 5261 2045 1085 5262 2039 1136 5263 2038 1088 5264 2038 1088 5265 2039 1136 5266 2040 1137 5267 2038 1088 5268 2040 1137 5269 2043 1103 5270 2043 1103 5271 2040 1137 5272 2064 1138 5273 2043 1103 5274 2064 1138 5275 2065 1139 5276 2065 1139 5277 2064 1138 5278 2054 1140 5279 2065 1139 5280 2054 1140 5281 2057 1141 5282 2057 1141 5283 2054 1140 5284 2055 1142 5285 2057 1141 5286 2055 1142 5287 2058 1143 5288 2058 1143 5289 2055 1142 5290 2059 1144 5291 2059 1144 5292 2055 1142 5293 2056 1145 5294 2059 1144 5295 2056 1145 5296 2073 1146 5297 2073 1146 5298 2056 1145 5299 2071 1147 5300 2073 1146 5301 2071 1147 5302 2091 1148 5303 2091 1148 5304 2071 1147 5305 2090 1149 5306 2090 1149 5307 2071 1147 5308 2072 1150 5309 2090 1149 5310 2072 1150 5311 2074 1151 5312 2074 1151 5313 2072 1150 5314 1922 1152 5315 2074 1151 5316 1922 1152 5317 1921 1153 5318 1921 1153 5319 1922 1152 5320 1920 1154 5321 1921 1153 5322 1920 1154 5323 2066 1155 5324 2066 1155 5325 1920 1154 5326 2052 1156 5327 2066 1155 5328 2052 1156 5329 2067 1157 5330 2067 1157 5331 2052 1156 5332 2082 1158 5333 2067 1157 5334 2082 1158 5335 2081 1130 5336 2081 1130 5337 2082 1158 5338 1942 1131 5339 1942 1131 5340 2082 1158 5341 2061 1159 5342 1942 1131 5343 2061 1159 5344 1940 1133 5345 1940 1133 5346 2061 1159 5347 2060 1160 5348 1940 1133 5349 2060 1160 5350 2063 1161 5351 2063 1161 5352 2060 1160 5353 2062 1162 5354 2063 1161 5355 2062 1162 5356 2041 1163 5357 2041 1163 5358 2062 1162 5359 2064 1138 5360 2041 1163 5361 2064 1138 5362 2040 1137 5363 2041 1163 5364 2040 1137 5365 2039 1136 5366 2041 1163 5367 2039 1136 5368 2083 1135 5369 2041 1163 5370 2083 1135 5371 2063 1161 5372 2063 1161 5373 2083 1135 5374 1939 1134 5375 2063 1161 5376 1939 1134 5377 1940 1133 5378 2081 1130 5379 2070 1128 5380 2067 1157 5381 2067 1157 5382 2070 1128 5383 2068 1126 5384 2067 1157 5385 2068 1126 5386 2066 1155 5387 2066 1155 5388 2068 1126 5389 2069 1124 5390 2066 1155 5391 2069 1124 5392 1921 1153 5393 1921 1153 5394 2069 1124 5395 2074 1151 5396 2074 1151 5397 2069 1124 5398 2089 1123 5399 2074 1151 5400 2089 1123 5401 2090 1149 5402 2060 1160 5403 2061 1159 5404 2051 1164 5405 2061 1159 5406 2082 1158 5407 2052 1156 5408 2061 1159 5409 2052 1156 5410 2051 1164 5411 2051 1164 5412 2052 1156 5413 1920 1154 5414 2051 1164 5415 1920 1154 5416 1923 1165 5417 1923 1165 5418 1920 1154 5419 1922 1152 5420 1923 1165 5421 1922 1152 5422 2050 1166 5423 2050 1166 5424 1922 1152 5425 2072 1150 5426 2050 1166 5427 2072 1150 5428 2071 1147 5429 2050 1166 5430 2071 1147 5431 2056 1145 5432 2050 1166 5433 2056 1145 5434 2049 1167 5435 2049 1167 5436 2056 1145 5437 2055 1142 5438 2049 1167 5439 2055 1142 5440 2053 1168 5441 2053 1168 5442 2055 1142 5443 2054 1140 5444 2053 1168 5445 2054 1140 5446 2062 1162 5447 2062 1162 5448 2054 1140 5449 2064 1138 5450 1923 1165 5451 2050 1166 5452 2049 1167 5453 1923 1165 5454 2049 1167 5455 2051 1164 5456 2051 1164 5457 2049 1167 5458 2053 1168 5459 2051 1164 5460 2053 1168 5461 2060 1160 5462 2060 1160 5463 2053 1168 5464 2062 1162 5465 2092 1169 5466 2073 1146 5467 2091 1148 5468 2092 1169 5469 2091 1148 5470 2093 1170 5471 1588 1171 5472 1766 1172 5473 1767 1173 5474 1588 1171 5475 1767 1173 5476 1773 1174 5477 1588 1171 5478 1773 1174 5479 1586 1175 5480 1589 1176 5481 1593 1177 5482 1759 1178 5483 1589 1176 5484 1759 1178 5485 1758 1179 5486 1589 1176 5487 1758 1179 5488 1590 1180 5489 1590 1180 5490 1758 1179 5491 1766 1172 5492 1590 1180 5493 1766 1172 5494 1588 1171 5495 1590 1180 5496 1588 1171 5497 1585 1181 5498 1585 1181 5499 1588 1171 5500 1586 1175 5501 1585 1181 5502 1586 1175 5503 1587 1182 5504 1587 1182 5505 1586 1175 5506 1773 1174 5507 1587 1182 5508 1773 1174 5509 1769 1183 5510 1587 1182 5511 1769 1183 5512 1768 1184 5513 1587 1182 5514 1768 1184 5515 1594 1185 5516 1594 1185 5517 1768 1184 5518 1761 1186 5519 1594 1185 5520 1761 1186 5521 1591 1187 5522 1591 1187 5523 1761 1186 5524 1760 1188 5525 1591 1187 5526 1760 1188 5527 1592 1189 5528 1591 1187 5529 1592 1189 5530 1585 1181 5531 1591 1187 5532 1585 1181 5533 1594 1185 5534 1594 1185 5535 1585 1181 5536 1587 1182 5537 1589 1176 5538 1590 1180 5539 1585 1181 5540 1589 1176 5541 1585 1181 5542 1593 1177 5543 1614 1190 5544 1615 1191 5545 1607 1192 5546 1725 1193 5547 1713 1194 5548 1710 1195 5549 1725 1193 5550 1710 1195 5551 1718 1196 5552 1718 1196 5553 1710 1195 5554 1709 1197 5555 1718 1196 5556 1709 1197 5557 1716 1198 5558 1718 1196 5559 1716 1198 5560 1719 1199 5561 1719 1199 5562 1716 1198 5563 1717 1200 5564 1719 1199 5565 1717 1200 5566 1680 1201 5567 1680 1201 5568 1717 1200 5569 1681 1202 5570 1680 1201 5571 1681 1202 5572 1679 1203 5573 1679 1203 5574 1681 1202 5575 1684 1204 5576 1679 1203 5577 1684 1204 5578 1683 1205 5579 1683 1205 5580 1684 1204 5581 1682 1206 5582 1683 1205 5583 1682 1206 5584 1628 1207 5585 1628 1207 5586 1682 1206 5587 1629 1208 5588 1628 1207 5589 1629 1208 5590 1625 1209 5591 1625 1209 5592 1629 1208 5593 1615 1191 5594 1625 1209 5595 1615 1191 5596 1626 1210 5597 1626 1210 5598 1615 1191 5599 1613 1211 5600 1613 1211 5601 1615 1191 5602 1614 1190 5603 1613 1211 5604 1614 1190 5605 1612 1212 5606 1640 1213 5607 1626 1210 5608 1613 1211 5609 1725 1193 5610 1718 1196 5611 1719 1199 5612 1725 1193 5613 1719 1199 5614 1724 1214 5615 1724 1214 5616 1719 1199 5617 1680 1201 5618 1724 1214 5619 1680 1201 5620 1692 1215 5621 1692 1215 5622 1680 1201 5623 1679 1203 5624 1692 1215 5625 1679 1203 5626 1693 1216 5627 1693 1216 5628 1679 1203 5629 1683 1205 5630 1693 1216 5631 1683 1205 5632 1694 1217 5633 1694 1217 5634 1683 1205 5635 1628 1207 5636 1694 1217 5637 1628 1207 5638 1635 1218 5639 1635 1218 5640 1628 1207 5641 1627 1219 5642 1627 1219 5643 1628 1207 5644 1625 1209 5645 1634 1220 5646 1635 1218 5647 1627 1219 5648 1624 1221 5649 1622 1222 5650 1623 1223 5651 1624 1221 5652 1623 1223 5653 1606 1224 5654 1606 1224 5655 1623 1223 5656 1607 1192 5657 1606 1224 5658 1607 1192 5659 1605 1225 5660 1605 1225 5661 1607 1192 5662 1615 1191 5663 1605 1225 5664 1615 1191 5665 1745 1226 5666 1745 1226 5667 1615 1191 5668 1629 1208 5669 1745 1226 5670 1629 1208 5671 1738 1227 5672 1738 1227 5673 1629 1208 5674 1682 1206 5675 1738 1227 5676 1682 1206 5677 1685 1228 5678 1685 1228 5679 1682 1206 5680 1684 1204 5681 1685 1228 5682 1684 1204 5683 1670 1229 5684 1670 1229 5685 1684 1204 5686 1681 1202 5687 1670 1229 5688 1681 1202 5689 1667 1230 5690 1667 1230 5691 1681 1202 5692 1717 1200 5693 1667 1230 5694 1717 1200 5695 1665 1231 5696 1665 1231 5697 1717 1200 5698 1716 1198 5699 1665 1231 5700 1716 1198 5701 1664 1232 5702 1664 1232 5703 1716 1198 5704 1709 1197 5705 1664 1232 5706 1709 1197 5707 1708 1233 5708 1708 1233 5709 1709 1197 5710 1710 1195 5711 1708 1233 5712 1710 1195 5713 1711 1234 5714 1711 1234 5715 1710 1195 5716 1713 1194 5717 1711 1234 5718 1713 1194 5719 1712 1235 5720 1711 1234 5721 1712 1235 5722 1727 1236 5723 1727 1236 5724 1712 1235 5725 1728 1237 5726 1727 1236 5727 1728 1237 5728 1701 1238 5729 1701 1238 5730 1728 1237 5731 1702 1239 5732 1701 1238 5733 1702 1239 5734 1695 1240 5735 1695 1240 5736 1702 1239 5737 1703 1241 5738 1695 1240 5739 1703 1241 5740 1706 1242 5741 1706 1242 5742 1703 1241 5743 1707 1243 5744 1706 1242 5745 1707 1243 5746 1648 1244 5747 1648 1244 5748 1707 1243 5749 1647 1245 5750 1648 1244 5751 1647 1245 5752 1646 1246 5753 1646 1246 5754 1647 1245 5755 1645 1247 5756 1727 1236 5757 1708 1233 5758 1711 1234 5759 1650 1248 5760 1649 1249 5761 1606 1224 5762 1650 1248 5763 1606 1224 5764 1744 1250 5765 1744 1250 5766 1606 1224 5767 1605 1225 5768 1744 1250 5769 1605 1225 5770 1736 1251 5771 1736 1251 5772 1605 1225 5773 1745 1226 5774 1736 1251 5775 1745 1226 5776 1738 1227 5777 1736 1251 5778 1738 1227 5779 1733 1252 5780 1733 1252 5781 1738 1227 5782 1685 1228 5783 1733 1252 5784 1685 1228 5785 1659 1253 5786 1659 1253 5787 1685 1228 5788 1670 1229 5789 1659 1253 5790 1670 1229 5791 1657 1254 5792 1657 1254 5793 1670 1229 5794 1669 1255 5795 1669 1255 5796 1670 1229 5797 1667 1230 5798 1669 1255 5799 1667 1230 5800 1668 1256 5801 1668 1256 5802 1667 1230 5803 1666 1257 5804 1666 1257 5805 1667 1230 5806 1665 1231 5807 1666 1257 5808 1665 1231 5809 1662 1258 5810 1662 1258 5811 1665 1231 5812 1664 1232 5813 1662 1258 5814 1664 1232 5815 1663 1259 5816 1663 1259 5817 1664 1232 5818 1708 1233 5819 1663 1259 5820 1708 1233 5821 1726 1260 5822 1726 1260 5823 1708 1233 5824 1727 1236 5825 1726 1260 5826 1727 1236 5827 1701 1238 5828 1726 1260 5829 1701 1238 5830 1697 1261 5831 1697 1261 5832 1701 1238 5833 1695 1240 5834 1697 1261 5835 1695 1240 5836 1696 1262 5837 1696 1262 5838 1695 1240 5839 1706 1242 5840 1696 1262 5841 1706 1242 5842 1737 1263 5843 1737 1263 5844 1706 1242 5845 1648 1244 5846 1737 1263 5847 1648 1244 5848 1650 1248 5849 1650 1248 5850 1648 1244 5851 1649 1249 5852 1649 1249 5853 1648 1244 5854 1646 1246 5855 1653 1264 5856 1624 1221 5857 1654 1265 5858 1654 1265 5859 1624 1221 5860 1606 1224 5861 1654 1265 5862 1606 1224 5863 1649 1249 5864 1736 1251 5865 1735 1266 5866 1744 1250 5867 1744 1250 5868 1735 1266 5869 1650 1248 5870 1650 1248 5871 1735 1266 5872 1737 1263 5873 1737 1263 5874 1735 1266 5875 1734 1267 5876 1737 1263 5877 1734 1267 5878 1696 1262 5879 1696 1262 5880 1734 1267 5881 1660 1268 5882 1696 1262 5883 1660 1268 5884 1697 1261 5885 1697 1261 5886 1660 1268 5887 1672 1269 5888 1697 1261 5889 1672 1269 5890 1726 1260 5891 1726 1260 5892 1672 1269 5893 1663 1259 5894 1663 1259 5895 1672 1269 5896 1661 1270 5897 1663 1259 5898 1661 1270 5899 1662 1258 5900 1657 1254 5901 1658 1271 5902 1659 1253 5903 1659 1253 5904 1658 1271 5905 1660 1268 5906 1659 1253 5907 1660 1268 5908 1734 1267 5909 1659 1253 5910 1734 1267 5911 1733 1252 5912 1733 1252 5913 1734 1267 5914 1736 1251 5915 1736 1251 5916 1734 1267 5917 1735 1266 5918 1671 1272 5919 1661 1270 5920 1672 1269 5921 1671 1272 5922 1672 1269 5923 1658 1271 5924 1658 1271 5925 1672 1269 5926 1660 1268 5927 1756 1273 5928 1757 1274 5929 1599 1275 5930 1756 1273 5931 1599 1275 5932 1772 1276 5933 1772 1276 5934 1599 1275 5935 1602 1277 5936 1772 1276 5937 1602 1277 5938 1764 1278 5939 1596 1279 5940 1597 1280 5941 1595 1281 5942 1595 1281 5943 1597 1280 5944 1604 1282 5945 1604 1282 5946 1597 1280 5947 1762 1283 5948 1762 1283 5949 1597 1280 5950 1763 1284 5951 1763 1284 5952 1597 1280 5953 1596 1279 5954 1763 1284 5955 1596 1279 5956 1770 1285 5957 1770 1285 5958 1596 1279 5959 1598 1286 5960 1770 1285 5961 1598 1286 5962 1771 1287 5963 1771 1287 5964 1598 1286 5965 1757 1274 5966 1757 1274 5967 1598 1286 5968 1600 1288 5969 1757 1274 5970 1600 1288 5971 1599 1275 5972 1599 1275 5973 1600 1288 5974 1595 1281 5975 1599 1275 5976 1595 1281 5977 1602 1277 5978 1602 1277 5979 1595 1281 5980 1601 1289 5981 1602 1277 5982 1601 1289 5983 1764 1278 5984 1764 1278 5985 1601 1289 5986 1765 1290 5987 1765 1290 5988 1601 1289 5989 1603 1291 5990 1603 1291 5991 1601 1289 5992 1595 1281 5993 1598 1286 5994 1596 1279 5995 1595 1281 5996 1598 1286 5997 1595 1281 5998 1600 1288 5999 1753 1292 6000 1577 1293 6001 1581 1294 6002 1753 1292 6003 1581 1294 6004 1754 1295 6005 1754 1295 6006 1581 1294 6007 1755 1296 6008 1579 1297 6009 1746 1298 6010 1747 1299 6011 1579 1297 6012 1747 1299 6013 1748 1300 6014 1579 1297 6015 1748 1300 6016 1580 1301 6017 1580 1301 6018 1748 1300 6019 1755 1296 6020 1580 1301 6021 1755 1296 6022 1581 1294 6023 1580 1301 6024 1581 1294 6025 1576 1302 6026 1576 1302 6027 1581 1294 6028 1577 1293 6029 1576 1302 6030 1577 1293 6031 1578 1303 6032 1578 1303 6033 1577 1293 6034 1753 1292 6035 1578 1303 6036 1753 1292 6037 1752 1304 6038 1578 1303 6039 1752 1304 6040 1751 1305 6041 1578 1303 6042 1751 1305 6043 1584 1306 6044 1584 1306 6045 1751 1305 6046 1750 1307 6047 1584 1306 6048 1750 1307 6049 1582 1308 6050 1582 1308 6051 1750 1307 6052 1749 1309 6053 1582 1308 6054 1749 1309 6055 1583 1310 6056 1582 1308 6057 1583 1310 6058 1576 1302 6059 1582 1308 6060 1576 1302 6061 1584 1306 6062 1584 1306 6063 1576 1302 6064 1578 1303 6065 1579 1297 6066 1580 1301 6067 1576 1302 6068 1579 1297 6069 1576 1302 6070 1746 1298 6071 1690 1311 6072 1632 1312 6073 1742 1313 6074 1690 1311 6075 1742 1313 6076 1689 1314 6077 1689 1314 6078 1742 1313 6079 1741 1315 6080 1689 1314 6081 1741 1315 6082 1688 1316 6083 1608 1317 6084 1609 1318 6085 1610 1319 6086 1610 1319 6087 1609 1318 6088 1611 1320 6089 1610 1319 6090 1611 1320 6091 1618 1321 6092 1618 1321 6093 1611 1320 6094 1616 1322 6095 1618 1321 6096 1616 1322 6097 1617 1323 6098 1618 1321 6099 1617 1323 6100 1619 1324 6101 1619 1324 6102 1617 1323 6103 1620 1325 6104 1619 1324 6105 1620 1325 6106 1621 1326 6107 1619 1324 6108 1621 1326 6109 1651 1327 6110 1619 1324 6111 1651 1327 6112 1652 1328 6113 1619 1324 6114 1652 1328 6115 1656 1329 6116 1656 1329 6117 1652 1328 6118 1655 1330 6119 1656 1329 6120 1655 1330 6121 1641 1331 6122 1656 1329 6123 1641 1331 6124 1643 1332 6125 1643 1332 6126 1641 1331 6127 1642 1333 6128 1643 1332 6129 1642 1333 6130 1644 1334 6131 1643 1332 6132 1644 1334 6133 1704 1335 6134 1704 1335 6135 1644 1334 6136 1705 1336 6137 1704 1335 6138 1705 1336 6139 1698 1337 6140 1698 1337 6141 1705 1336 6142 1699 1338 6143 1698 1337 6144 1699 1338 6145 1678 1339 6146 1678 1339 6147 1699 1338 6148 1700 1340 6149 1678 1339 6150 1700 1340 6151 1673 1341 6152 1673 1341 6153 1700 1340 6154 1729 1342 6155 1673 1341 6156 1729 1342 6157 1714 1343 6158 1673 1341 6159 1714 1343 6160 1674 1344 6161 1674 1344 6162 1714 1343 6163 1715 1345 6164 1674 1344 6165 1715 1345 6166 1676 1346 6167 1676 1346 6168 1715 1345 6169 1721 1347 6170 1676 1346 6171 1721 1347 6172 1675 1348 6173 1675 1348 6174 1721 1347 6175 1720 1349 6176 1675 1348 6177 1720 1349 6178 1677 1350 6179 1677 1350 6180 1720 1349 6181 1688 1316 6182 1677 1350 6183 1688 1316 6184 1739 1351 6185 1739 1351 6186 1688 1316 6187 1741 1315 6188 1739 1351 6189 1741 1315 6190 1743 1352 6191 1743 1352 6192 1741 1315 6193 1742 1313 6194 1743 1352 6195 1742 1313 6196 1638 1353 6197 1638 1353 6198 1742 1313 6199 1632 1312 6200 1638 1353 6201 1632 1312 6202 1633 1354 6203 1633 1354 6204 1632 1312 6205 1631 1355 6206 1631 1355 6207 1632 1312 6208 1630 1356 6209 1630 1356 6210 1632 1312 6211 1690 1311 6212 1630 1356 6213 1690 1311 6214 1691 1357 6215 1691 1357 6216 1690 1311 6217 1689 1314 6218 1691 1357 6219 1689 1314 6220 1687 1358 6221 1687 1358 6222 1689 1314 6223 1688 1316 6224 1687 1358 6225 1688 1316 6226 1686 1359 6227 1686 1359 6228 1688 1316 6229 1720 1349 6230 1686 1359 6231 1720 1349 6232 1722 1360 6233 1722 1360 6234 1720 1349 6235 1721 1347 6236 1722 1360 6237 1721 1347 6238 1723 1361 6239 1723 1361 6240 1721 1347 6241 1715 1345 6242 1674 1344 6243 1676 1346 6244 1675 1348 6245 1674 1344 6246 1675 1348 6247 1673 1341 6248 1673 1341 6249 1675 1348 6250 1677 1350 6251 1673 1341 6252 1677 1350 6253 1678 1339 6254 1678 1339 6255 1677 1350 6256 1739 1351 6257 1678 1339 6258 1739 1351 6259 1730 1362 6260 1678 1339 6261 1730 1362 6262 1698 1337 6263 1638 1353 6264 1633 1354 6265 1636 1363 6266 1636 1363 6267 1637 1364 6268 1638 1353 6269 1638 1353 6270 1637 1364 6271 1610 1319 6272 1638 1353 6273 1610 1319 6274 1743 1352 6275 1743 1352 6276 1610 1319 6277 1740 1365 6278 1743 1352 6279 1740 1365 6280 1739 1351 6281 1739 1351 6282 1740 1365 6283 1732 1366 6284 1739 1351 6285 1732 1366 6286 1730 1362 6287 1730 1362 6288 1732 1366 6289 1731 1367 6290 1730 1362 6291 1731 1367 6292 1698 1337 6293 1698 1337 6294 1731 1367 6295 1704 1335 6296 1704 1335 6297 1731 1367 6298 1643 1332 6299 1643 1332 6300 1731 1367 6301 1656 1329 6302 1656 1329 6303 1731 1367 6304 1732 1366 6305 1656 1329 6306 1732 1366 6307 1619 1324 6308 1619 1324 6309 1732 1366 6310 1740 1365 6311 1619 1324 6312 1740 1365 6313 1618 1321 6314 1618 1321 6315 1740 1365 6316 1610 1319 6317 1637 1364 6318 1639 1368 6319 1610 1319 6320 1610 1319 6321 1639 1368 6322 1608 1317 6323 1490 1369 6324 1543 1370 6325 1488 1371 6326 1488 1371 6327 1543 1370 6328 1544 1372 6329 1488 1371 6330 1544 1372 6331 1493 1373 6332 1493 1373 6333 1544 1372 6334 1434 1374 6335 1434 1374 6336 1544 1372 6337 1439 1375 6338 1439 1375 6339 1544 1372 6340 1545 1376 6341 1545 1376 6342 1544 1372 6343 1543 1370 6344 1545 1376 6345 1543 1370 6346 1541 1377 6347 1541 1377 6348 1543 1370 6349 1490 1369 6350 1541 1377 6351 1490 1369 6352 1480 1378 6353 1480 1378 6354 1490 1369 6355 1525 1379 6356 1480 1378 6357 1525 1379 6358 1477 1380 6359 1477 1380 6360 1525 1379 6361 1523 1381 6362 1477 1380 6363 1523 1381 6364 1475 1382 6365 1411 1383 6366 1439 1375 6367 1545 1376 6368 1411 1383 6369 1545 1376 6370 1542 1384 6371 1542 1384 6372 1545 1376 6373 1541 1377 6374 1542 1384 6375 1541 1377 6376 1534 1385 6377 1534 1385 6378 1541 1377 6379 1532 1386 6380 1534 1385 6381 1532 1386 6382 1533 1387 6383 1533 1387 6384 1532 1386 6385 1502 1388 6386 1533 1387 6387 1502 1388 6388 1507 1389 6389 1507 1389 6390 1502 1388 6391 1506 1390 6392 1507 1389 6393 1506 1390 6394 1443 1391 6395 1507 1389 6396 1443 1391 6397 1445 1392 6398 1445 1392 6399 1443 1391 6400 1444 1393 6401 1445 1392 6402 1444 1393 6403 1446 1394 6404 1445 1392 6405 1446 1394 6406 1457 1395 6407 1457 1395 6408 1446 1394 6409 1458 1396 6410 1457 1395 6411 1458 1396 6412 1454 1397 6413 1457 1395 6414 1454 1397 6415 1418 1398 6416 1418 1398 6417 1454 1397 6418 1453 1399 6419 1418 1398 6420 1453 1399 6421 1423 1400 6422 1418 1398 6423 1423 1400 6424 1422 1401 6425 1418 1398 6426 1422 1401 6427 1419 1402 6428 1418 1398 6429 1419 1402 6430 1420 1403 6431 1420 1403 6432 1419 1402 6433 1421 1404 6434 1420 1403 6435 1421 1404 6436 1413 1405 6437 1420 1403 6438 1413 1405 6439 1411 1383 6440 1411 1383 6441 1413 1405 6442 1412 1406 6443 1411 1383 6444 1412 1406 6445 1410 1407 6446 1411 1383 6447 1410 1407 6448 1441 1408 6449 1411 1383 6450 1441 1408 6451 1438 1409 6452 1411 1383 6453 1438 1409 6454 1439 1375 6455 1439 1375 6456 1438 1409 6457 1440 1410 6458 1439 1375 6459 1440 1410 6460 1432 1411 6461 1439 1375 6462 1432 1411 6463 1434 1374 6464 1434 1374 6465 1432 1411 6466 1433 1412 6467 1434 1374 6468 1433 1412 6469 1435 1413 6470 1434 1374 6471 1435 1413 6472 1493 1373 6473 1493 1373 6474 1435 1413 6475 1492 1414 6476 1493 1373 6477 1492 1414 6478 1488 1371 6479 1488 1371 6480 1492 1414 6481 1489 1415 6482 1488 1371 6483 1489 1415 6484 1490 1369 6485 1490 1369 6486 1489 1415 6487 1491 1416 6488 1490 1369 6489 1491 1416 6490 1525 1379 6491 1525 1379 6492 1491 1416 6493 1524 1417 6494 1525 1379 6495 1524 1417 6496 1523 1381 6497 1523 1381 6498 1524 1417 6499 1522 1418 6500 1523 1381 6501 1522 1418 6502 1517 1419 6503 1523 1381 6504 1517 1419 6505 1475 1382 6506 1475 1382 6507 1517 1419 6508 1476 1420 6509 1475 1382 6510 1476 1420 6511 1477 1380 6512 1477 1380 6513 1476 1420 6514 1478 1421 6515 1477 1380 6516 1478 1421 6517 1480 1378 6518 1480 1378 6519 1478 1421 6520 1479 1422 6521 1480 1378 6522 1479 1422 6523 1541 1377 6524 1541 1377 6525 1479 1422 6526 1532 1386 6527 1532 1386 6528 1479 1422 6529 1502 1388 6530 1502 1388 6531 1479 1422 6532 1501 1423 6533 1502 1388 6534 1501 1423 6535 1506 1390 6536 1507 1389 6537 1445 1392 6538 1533 1387 6539 1533 1387 6540 1445 1392 6541 1457 1395 6542 1533 1387 6543 1457 1395 6544 1534 1385 6545 1534 1385 6546 1457 1395 6547 1418 1398 6548 1534 1385 6549 1418 1398 6550 1542 1384 6551 1542 1384 6552 1418 1398 6553 1420 1403 6554 1542 1384 6555 1420 1403 6556 1411 1383 6557 1500 1424 6558 1501 1423 6559 1479 1422 6560 1500 1424 6561 1479 1422 6562 1478 1421 6563 1500 1424 6564 1478 1421 6565 1531 1425 6566 1531 1425 6567 1478 1421 6568 1516 1426 6569 1516 1426 6570 1478 1421 6571 1476 1420 6572 1516 1426 6573 1476 1420 6574 1517 1419 6575 1460 1427 6576 1462 1428 6577 1461 1429 6578 1461 1429 6579 1462 1428 6580 1471 1430 6581 1461 1429 6582 1471 1430 6583 1487 1431 6584 1461 1429 6585 1487 1431 6586 1536 1432 6587 1536 1432 6588 1487 1431 6589 1540 1433 6590 1467 1434 6591 1468 1435 6592 1469 1436 6593 1467 1434 6594 1469 1436 6595 1472 1437 6596 1472 1437 6597 1469 1436 6598 1471 1430 6599 1472 1437 6600 1471 1430 6601 1462 1428 6602 1429 1438 6603 1540 1433 6604 1486 1439 6605 1486 1439 6606 1540 1433 6607 1487 1431 6608 1486 1439 6609 1487 1431 6610 1485 1440 6611 1485 1440 6612 1487 1431 6613 1471 1430 6614 1485 1440 6615 1471 1430 6616 1482 1441 6617 1482 1441 6618 1471 1430 6619 1469 1436 6620 1482 1441 6621 1469 1436 6622 1518 1442 6623 1518 1442 6624 1469 1436 6625 1470 1443 6626 1470 1443 6627 1469 1436 6628 1468 1435 6629 1470 1443 6630 1468 1435 6631 1465 1444 6632 1442 1445 6633 1415 1446 6634 1428 1447 6635 1428 1447 6636 1415 1446 6637 1414 1448 6638 1428 1447 6639 1414 1448 6640 1427 1449 6641 1427 1449 6642 1414 1448 6643 1429 1438 6644 1427 1449 6645 1429 1438 6646 1430 1450 6647 1430 1450 6648 1429 1438 6649 1486 1439 6650 1430 1450 6651 1486 1439 6652 1484 1451 6653 1484 1451 6654 1486 1439 6655 1485 1440 6656 1484 1451 6657 1485 1440 6658 1481 1452 6659 1481 1452 6660 1485 1440 6661 1482 1441 6662 1481 1452 6663 1482 1441 6664 1483 1453 6665 1483 1453 6666 1482 1441 6667 1518 1442 6668 1483 1453 6669 1518 1442 6670 1520 1454 6671 1520 1454 6672 1518 1442 6673 1519 1455 6674 1519 1455 6675 1518 1442 6676 1470 1443 6677 1519 1455 6678 1470 1443 6679 1466 1456 6680 1466 1456 6681 1470 1443 6682 1465 1444 6683 1466 1456 6684 1465 1444 6685 1464 1457 6686 1464 1457 6687 1465 1444 6688 1463 1458 6689 1464 1457 6690 1463 1458 6691 1473 1459 6692 1473 1459 6693 1463 1458 6694 1474 1460 6695 1473 1459 6696 1474 1460 6697 1460 1427 6698 1473 1459 6699 1460 1427 6700 1459 1461 6701 1459 1461 6702 1460 1427 6703 1461 1429 6704 1459 1461 6705 1461 1429 6706 1535 1462 6707 1535 1462 6708 1461 1429 6709 1536 1432 6710 1535 1462 6711 1536 1432 6712 1537 1463 6713 1537 1463 6714 1536 1432 6715 1540 1433 6716 1537 1463 6717 1540 1433 6718 1547 1464 6719 1547 1464 6720 1540 1433 6721 1429 1438 6722 1547 1464 6723 1429 1438 6724 1414 1448 6725 1547 1464 6726 1414 1448 6727 1407 1465 6728 1547 1464 6729 1407 1465 6730 1537 1463 6731 1537 1463 6732 1407 1465 6733 1546 1466 6734 1537 1463 6735 1546 1466 6736 1538 1467 6737 1537 1463 6738 1538 1467 6739 1535 1462 6740 1427 1449 6741 1430 1450 6742 1431 1468 6743 1437 1469 6744 1431 1468 6745 1436 1470 6746 1436 1470 6747 1431 1468 6748 1430 1450 6749 1436 1470 6750 1430 1450 6751 1496 1471 6752 1496 1471 6753 1430 1450 6754 1484 1451 6755 1496 1471 6756 1484 1451 6757 1494 1472 6758 1494 1472 6759 1484 1451 6760 1481 1452 6761 1494 1472 6762 1481 1452 6763 1495 1473 6764 1495 1473 6765 1481 1452 6766 1483 1453 6767 1495 1473 6768 1483 1453 6769 1527 1474 6770 1527 1474 6771 1483 1453 6772 1520 1454 6773 1527 1474 6774 1520 1454 6775 1526 1475 6776 1526 1475 6777 1520 1454 6778 1521 1476 6779 1521 1476 6780 1520 1454 6781 1519 1455 6782 1521 1476 6783 1519 1455 6784 1510 1477 6785 1510 1477 6786 1519 1455 6787 1466 1456 6788 1510 1477 6789 1466 1456 6790 1511 1478 6791 1511 1478 6792 1466 1456 6793 1464 1457 6794 1511 1478 6795 1464 1457 6796 1528 1479 6797 1528 1479 6798 1464 1457 6799 1473 1459 6800 1528 1479 6801 1473 1459 6802 1498 1480 6803 1498 1480 6804 1473 1459 6805 1459 1461 6806 1498 1480 6807 1459 1461 6808 1499 1481 6809 1499 1481 6810 1459 1461 6811 1535 1462 6812 1499 1481 6813 1535 1462 6814 1539 1482 6815 1539 1482 6816 1535 1462 6817 1538 1467 6818 1539 1482 6819 1538 1467 6820 1452 1483 6821 1452 1483 6822 1538 1467 6823 1546 1466 6824 1452 1483 6825 1546 1466 6826 1409 1484 6827 1409 1484 6828 1546 1466 6829 1407 1465 6830 1409 1484 6831 1407 1465 6832 1408 1485 6833 1408 1485 6834 1407 1465 6835 1414 1448 6836 1408 1485 6837 1414 1448 6838 1416 1486 6839 1416 1486 6840 1414 1448 6841 1415 1446 6842 1416 1486 6843 1415 1446 6844 1417 1487 6845 1425 1488 6846 1456 1489 6847 1455 1490 6848 1425 1488 6849 1455 1490 6850 1409 1484 6851 1409 1484 6852 1455 1490 6853 1451 1491 6854 1409 1484 6855 1451 1491 6856 1452 1483 6857 1452 1483 6858 1451 1491 6859 1447 1492 6860 1452 1483 6861 1447 1492 6862 1539 1482 6863 1539 1482 6864 1447 1492 6865 1509 1493 6866 1539 1482 6867 1509 1493 6868 1499 1481 6869 1499 1481 6870 1509 1493 6871 1497 1494 6872 1499 1481 6873 1497 1494 6874 1498 1480 6875 1498 1480 6876 1497 1494 6877 1505 1495 6878 1498 1480 6879 1505 1495 6880 1528 1479 6881 1528 1479 6882 1505 1495 6883 1529 1496 6884 1528 1479 6885 1529 1496 6886 1511 1478 6887 1511 1478 6888 1529 1496 6889 1512 1497 6890 1511 1478 6891 1512 1497 6892 1513 1498 6893 1513 1498 6894 1512 1497 6895 1514 1499 6896 1513 1498 6897 1514 1499 6898 1526 1475 6899 1513 1498 6900 1526 1475 6901 1521 1476 6902 1513 1498 6903 1521 1476 6904 1510 1477 6905 1513 1498 6906 1510 1477 6907 1511 1478 6908 1426 1500 6909 1425 1488 6910 1424 1501 6911 1424 1501 6912 1425 1488 6913 1409 1484 6914 1424 1501 6915 1409 1484 6916 1408 1485 6917 1451 1491 6918 1448 1502 6919 1447 1492 6920 1447 1492 6921 1448 1502 6922 1449 1503 6923 1447 1492 6924 1449 1503 6925 1508 1504 6926 1447 1492 6927 1508 1504 6928 1509 1493 6929 1509 1493 6930 1508 1504 6931 1503 1505 6932 1509 1493 6933 1503 1505 6934 1497 1494 6935 1497 1494 6936 1503 1505 6937 1504 1506 6938 1497 1494 6939 1504 1506 6940 1505 1495 6941 1505 1495 6942 1504 1506 6943 1530 1507 6944 1505 1495 6945 1530 1507 6946 1529 1496 6947 1529 1496 6948 1530 1507 6949 1515 1508 6950 1529 1496 6951 1515 1508 6952 1512 1497 6953 1512 1497 6954 1515 1508 6955 1514 1499 6956 1449 1503 6957 1448 1502 6958 1450 1509 6959 1390 1510 6960 1387 1511 6961 1389 1512 6962 1391 1513 6963 1561 1514 6964 1560 1515 6965 1391 1513 6966 1560 1515 6967 1395 1516 6968 1391 1513 6969 1395 1516 6970 1387 1511 6971 1391 1513 6972 1387 1511 6973 1392 1517 6974 1392 1517 6975 1387 1511 6976 1390 1510 6977 1392 1517 6978 1390 1510 6979 1569 1518 6980 1569 1518 6981 1390 1510 6982 1568 1519 6983 1568 1519 6984 1390 1510 6985 1575 1520 6986 1575 1520 6987 1390 1510 6988 1389 1512 6989 1575 1520 6990 1389 1512 6991 1388 1521 6992 1388 1521 6993 1389 1512 6994 1387 1511 6995 1388 1521 6996 1387 1511 6997 1396 1522 6998 1396 1522 6999 1387 1511 7000 1393 1523 7001 1396 1522 7002 1393 1523 7003 1562 1524 7004 1562 1524 7005 1393 1523 7006 1563 1525 7007 1563 1525 7008 1393 1523 7009 1394 1526 7010 1394 1526 7011 1393 1523 7012 1387 1511 7013 1391 1513 7014 1392 1517 7015 1561 1514 7016 1561 1514 7017 1392 1517 7018 1569 1518 7019 1571 1527 7020 1575 1520 7021 1388 1521 7022 1571 1527 7023 1388 1521 7024 1570 1528 7025 1570 1528 7026 1388 1521 7027 1396 1522 7028 1570 1528 7029 1396 1522 7030 1562 1524 7031 1378 1529 7032 1379 1530 7033 1380 1531 7034 1551 1532 7035 1384 1533 7036 1552 1534 7037 1552 1534 7038 1384 1533 7039 1385 1535 7040 1385 1535 7041 1384 1533 7042 1378 1529 7043 1378 1529 7044 1384 1533 7045 1386 1536 7046 1378 1529 7047 1386 1536 7048 1379 1530 7049 1379 1530 7050 1386 1536 7051 1553 1537 7052 1379 1530 7053 1553 1537 7054 1554 1538 7055 1379 1530 7056 1554 1538 7057 1555 1539 7058 1379 1530 7059 1555 1539 7060 1380 1531 7061 1380 1531 7062 1555 1539 7063 1383 1540 7064 1380 1531 7065 1383 1540 7066 1378 1529 7067 1378 1529 7068 1383 1540 7069 1382 1541 7070 1378 1529 7071 1382 1541 7072 1381 1542 7073 1381 1542 7074 1382 1541 7075 1549 1543 7076 1381 1542 7077 1549 1543 7078 1550 1544 7079 1381 1542 7080 1550 1544 7081 1548 1545 7082 1381 1542 7083 1548 1545 7084 1378 1529 7085 1553 1537 7086 1386 1536 7087 1551 1532 7088 1551 1532 7089 1386 1536 7090 1384 1533 7091 1549 1543 7092 1382 1541 7093 1557 1546 7094 1557 1546 7095 1382 1541 7096 1383 1540 7097 1557 1546 7098 1383 1540 7099 1556 1547 7100 1556 1547 7101 1383 1540 7102 1555 1539 7103 1376 1548 7104 1373 1549 7105 1372 1550 7106 1376 1548 7107 1372 1550 7108 1370 1551 7109 1370 1551 7110 1372 1550 7111 1368 1552 7112 1370 1551 7113 1368 1552 7114 1366 1553 7115 1366 1553 7116 1368 1552 7117 1328 1554 7118 1366 1553 7119 1328 1554 7120 1363 1555 7121 1363 1555 7122 1328 1554 7123 1330 1556 7124 1363 1555 7125 1330 1556 7126 1332 1557 7127 1332 1557 7128 1330 1556 7129 1324 1558 7130 1332 1557 7131 1324 1558 7132 1355 1559 7133 1355 1559 7134 1324 1558 7135 1343 1560 7136 1355 1559 7137 1343 1560 7138 1344 1561 7139 1344 1561 7140 1343 1560 7141 1342 1562 7142 1344 1561 7143 1342 1562 7144 1345 1563 7145 1344 1561 7146 1345 1563 7147 1346 1564 7148 1344 1561 7149 1346 1564 7150 1351 1565 7151 1351 1565 7152 1346 1564 7153 1352 1566 7154 1351 1565 7155 1352 1566 7156 1353 1567 7157 1353 1567 7158 1352 1566 7159 1354 1568 7160 1353 1567 7161 1354 1568 7162 1357 1569 7163 1357 1569 7164 1354 1568 7165 1362 1570 7166 1357 1569 7167 1362 1570 7168 1358 1571 7169 1358 1571 7170 1362 1570 7171 1361 1572 7172 1364 1573 7173 1366 1553 7174 1363 1555 7175 1344 1561 7176 1351 1565 7177 1355 1559 7178 1355 1559 7179 1351 1565 7180 1356 1574 7181 1355 1559 7182 1356 1574 7183 1332 1557 7184 1332 1557 7185 1356 1574 7186 1363 1555 7187 1363 1555 7188 1356 1574 7189 1359 1575 7190 1363 1555 7191 1359 1575 7192 1364 1573 7193 1364 1573 7194 1359 1575 7195 1360 1576 7196 1364 1573 7197 1360 1576 7198 1367 1577 7199 1364 1573 7200 1367 1577 7201 1366 1553 7202 1366 1553 7203 1367 1577 7204 1365 1578 7205 1366 1553 7206 1365 1578 7207 1370 1551 7208 1370 1551 7209 1365 1578 7210 1377 1579 7211 1370 1551 7212 1377 1579 7213 1376 1548 7214 1351 1565 7215 1353 1567 7216 1356 1574 7217 1356 1574 7218 1353 1567 7219 1357 1569 7220 1356 1574 7221 1357 1569 7222 1359 1575 7223 1359 1575 7224 1357 1569 7225 1358 1571 7226 1359 1575 7227 1358 1571 7228 1360 1576 7229 1373 1549 7230 1375 1580 7231 1374 1581 7232 1373 1549 7233 1374 1581 7234 1372 1550 7235 1372 1550 7236 1374 1581 7237 1371 1582 7238 1372 1550 7239 1371 1582 7240 1368 1552 7241 1368 1552 7242 1371 1582 7243 1369 1583 7244 1368 1552 7245 1369 1583 7246 1328 1554 7247 1328 1554 7248 1369 1583 7249 1329 1584 7250 1328 1554 7251 1329 1584 7252 1330 1556 7253 1330 1556 7254 1329 1584 7255 1331 1585 7256 1330 1556 7257 1331 1585 7258 1327 1586 7259 1330 1556 7260 1327 1586 7261 1325 1587 7262 1330 1556 7263 1325 1587 7264 1324 1558 7265 1324 1558 7266 1325 1587 7267 1326 1588 7268 1324 1558 7269 1326 1588 7270 1343 1560 7271 1343 1560 7272 1326 1588 7273 1341 1589 7274 1343 1560 7275 1341 1589 7276 1342 1562 7277 1342 1562 7278 1341 1589 7279 1337 1590 7280 1342 1562 7281 1337 1590 7282 1345 1563 7283 1345 1563 7284 1337 1590 7285 1338 1591 7286 1338 1591 7287 1337 1590 7288 1335 1592 7289 1338 1591 7290 1335 1592 7291 1339 1593 7292 1339 1593 7293 1335 1592 7294 1340 1594 7295 1340 1594 7296 1335 1592 7297 1336 1595 7298 1336 1595 7299 1335 1592 7300 1334 1596 7301 1334 1596 7302 1335 1592 7303 1333 1597 7304 1334 1596 7305 1333 1597 7306 1350 1598 7307 1350 1598 7308 1333 1597 7309 1349 1599 7310 1349 1599 7311 1333 1597 7312 1347 1600 7313 1349 1599 7314 1347 1600 7315 1348 1601 7316 1348 1601 7317 1347 1600 7318 1326 1588 7319 1326 1588 7320 1347 1600 7321 1341 1589 7322 1341 1589 7323 1347 1600 7324 1337 1590 7325 1337 1590 7326 1347 1600 7327 1333 1597 7328 1337 1590 7329 1333 1597 7330 1335 1592 7331 1325 1587 7332 1327 1586 7333 1326 1588 7334 1294 1602 7335 1295 1603 7336 1296 1604 7337 1296 1604 7338 1295 1603 7339 1297 1605 7340 1296 1604 7341 1297 1605 7342 1298 1606 7343 1296 1604 7344 1298 1606 7345 1299 1607 7346 1299 1607 7347 1298 1606 7348 1300 1608 7349 1299 1607 7350 1300 1608 7351 1301 1609 7352 1301 1609 7353 1300 1608 7354 1302 1610 7355 1302 1610 7356 1300 1608 7357 1303 1611 7358 1302 1610 7359 1303 1611 7360 1304 1612 7361 1302 1610 7362 1304 1612 7363 1305 1613 7364 1305 1613 7365 1304 1612 7366 1306 1614 7367 1306 1614 7368 1304 1612 7369 1307 1615 7370 1306 1614 7371 1307 1615 7372 1308 1616 7373 1308 1616 7374 1307 1615 7375 1309 1617 7376 1308 1616 7377 1309 1617 7378 1310 1618 7379 1310 1618 7380 1309 1617 7381 1311 1619 7382 1284 1620 7383 1287 1621 7384 1288 1622 7385 1288 1622 7386 1287 1621 7387 1289 1623 7388 1289 1623 7389 1287 1621 7390 1290 1624 7391 1290 1624 7392 1287 1621 7393 1291 1625 7394 1290 1624 7395 1291 1625 7396 1292 1626 7397 1290 1624 7398 1292 1626 7399 1293 1627 7400 1284 1620 7401 1286 1628 7402 1285 1629 7403 1284 1620 7404 1285 1629 7405 1283 1630 7406 1283 1630 7407 1285 1629 7408 1322 1631 7409 1283 1630 7410 1322 1631 7411 1323 1632 7412 1323 1632 7413 1322 1631 7414 1321 1633 7415 1321 1633 7416 1322 1631 7417 1320 1634 7418 1321 1633 7419 1320 1634 7420 1319 1635 7421 1319 1635 7422 1320 1634 7423 1318 1636 7424 1319 1635 7425 1318 1636 7426 1317 1637 7427 1317 1637 7428 1318 1636 7429 1316 1638 7430 1317 1637 7431 1316 1638 7432 1313 1639 7433 1313 1639 7434 1316 1638 7435 1315 1640 7436 1313 1639 7437 1315 1640 7438 1314 1641 7439 1313 1639 7440 1314 1641 7441 1312 1642 7442 1202 1643 7443 1189 1644 7444 1204 1645 7445 1202 1643 7446 1204 1645 7447 1203 1646 7448 1203 1646 7449 1204 1645 7450 1180 1647 7451 1203 1646 7452 1180 1647 7453 1212 1648 7454 1203 1646 7455 1212 1648 7456 1207 1649 7457 1207 1649 7458 1212 1648 7459 1211 1650 7460 1211 1650 7461 1212 1648 7462 1213 1651 7463 1201 1652 7464 1202 1643 7465 1203 1646 7466 1201 1652 7467 1203 1646 7468 1208 1653 7469 1208 1653 7470 1203 1646 7471 1207 1649 7472 1208 1653 7473 1207 1649 7474 1206 1654 7475 1206 1654 7476 1207 1649 7477 1205 1655 7478 1205 1655 7479 1207 1649 7480 1211 1650 7481 1205 1655 7482 1211 1650 7483 1214 1656 7484 1214 1656 7485 1211 1650 7486 1213 1651 7487 1214 1656 7488 1213 1651 7489 1215 1657 7490 1215 1657 7491 1213 1651 7492 1218 1658 7493 1215 1657 7494 1218 1658 7495 1225 1659 7496 1225 1659 7497 1218 1658 7498 1224 1660 7499 1206 1654 7500 1210 1661 7501 1209 1662 7502 1206 1654 7503 1209 1662 7504 1208 1653 7505 1208 1653 7506 1209 1662 7507 1199 1663 7508 1208 1653 7509 1199 1663 7510 1201 1652 7511 1201 1652 7512 1199 1663 7513 1200 1664 7514 1201 1652 7515 1200 1664 7516 1202 1643 7517 1202 1643 7518 1200 1664 7519 1194 1665 7520 1202 1643 7521 1194 1665 7522 1189 1644 7523 1189 1644 7524 1194 1665 7525 1193 1666 7526 1189 1644 7527 1193 1666 7528 1190 1667 7529 1189 1644 7530 1190 1667 7531 1191 1668 7532 1189 1644 7533 1191 1668 7534 1204 1645 7535 1204 1645 7536 1191 1668 7537 1172 1669 7538 1204 1645 7539 1172 1669 7540 1180 1647 7541 1180 1647 7542 1172 1669 7543 1178 1670 7544 1180 1647 7545 1178 1670 7546 1212 1648 7547 1212 1648 7548 1178 1670 7549 1179 1671 7550 1212 1648 7551 1179 1671 7552 1213 1651 7553 1213 1651 7554 1179 1671 7555 1217 1672 7556 1213 1651 7557 1217 1672 7558 1218 1658 7559 1218 1658 7560 1217 1672 7561 1219 1673 7562 1218 1658 7563 1219 1673 7564 1224 1660 7565 1224 1660 7566 1219 1673 7567 1222 1674 7568 1223 1675 7569 1222 1674 7570 1221 1676 7571 1221 1676 7572 1222 1674 7573 1219 1673 7574 1221 1676 7575 1219 1673 7576 1220 1677 7577 1220 1677 7578 1219 1673 7579 1217 1672 7580 1220 1677 7581 1217 1672 7582 1216 1678 7583 1216 1678 7584 1217 1672 7585 1179 1671 7586 1216 1678 7587 1179 1671 7588 1177 1679 7589 1177 1679 7590 1179 1671 7591 1178 1670 7592 1177 1679 7593 1178 1670 7594 1176 1680 7595 1176 1680 7596 1178 1670 7597 1175 1681 7598 1175 1681 7599 1178 1670 7600 1174 1682 7601 1174 1682 7602 1178 1670 7603 1172 1669 7604 1174 1682 7605 1172 1669 7606 1173 1683 7607 1173 1683 7608 1172 1669 7609 1191 1668 7610 1173 1683 7611 1191 1668 7612 1192 1684 7613 1192 1684 7614 1191 1668 7615 1190 1667 7616 1192 1684 7617 1190 1667 7618 1187 1685 7619 1187 1685 7620 1190 1667 7621 1193 1666 7622 1187 1685 7623 1193 1666 7624 1186 1686 7625 1187 1685 7626 1186 1686 7627 1183 1687 7628 1183 1687 7629 1186 1686 7630 1185 1688 7631 1183 1687 7632 1185 1688 7633 1188 1689 7634 1183 1687 7635 1188 1689 7636 1181 1690 7637 1183 1687 7638 1181 1690 7639 1182 1691 7640 1183 1687 7641 1182 1691 7642 1184 1692 7643 1184 1692 7644 1182 1691 7645 1198 1693 7646 1184 1692 7647 1198 1693 7648 1197 1694 7649 1184 1692 7650 1197 1694 7651 1195 1695 7652 1195 1695 7653 1197 1694 7654 1196 1696 7655 1195 1695 7656 1196 1696 7657 1173 1683 7658 1195 1695 7659 1173 1683 7660 1192 1684 7661 1195 1695 7662 1192 1684 7663 1187 1685 7664 1195 1695 7665 1187 1685 7666 1184 1692 7667 1184 1692 7668 1187 1685 7669 1183 1687 7670 1174 1682 7671 1173 1683 7672 1175 1681 7673 831 1697 7674 835 1698 7675 832 1699 7676 831 1697 7677 832 1699 7678 833 1700 7679 833 1700 7680 832 1699 7681 834 1701 7682 833 1700 7683 834 1701 7684 907 1702 7685 833 1700 7686 907 1702 7687 908 1703 7688 908 1703 7689 907 1702 7690 906 1704 7691 908 1703 7692 906 1704 7693 877 1705 7694 930 1706 7695 929 1707 7696 885 1708 7697 885 1708 7698 929 1707 7699 781 1709 7700 885 1708 7701 781 1709 7702 783 1710 7703 783 1710 7704 781 1709 7705 782 1711 7706 783 1710 7707 782 1711 7708 937 1712 7709 937 1712 7710 782 1711 7711 790 1713 7712 937 1712 7713 790 1713 7714 791 1714 7715 791 1714 7716 790 1713 7717 786 1715 7718 791 1714 7719 786 1715 7720 879 1716 7721 879 1716 7722 786 1715 7723 878 1717 7724 879 1716 7725 878 1717 7726 877 1705 7727 877 1705 7728 878 1717 7729 876 1718 7730 877 1705 7731 876 1718 7732 908 1703 7733 908 1703 7734 876 1718 7735 910 1719 7736 908 1703 7737 910 1719 7738 833 1700 7739 833 1700 7740 910 1719 7741 837 1720 7742 833 1700 7743 837 1720 7744 831 1697 7745 831 1697 7746 837 1720 7747 836 1721 7748 831 1697 7749 836 1721 7750 835 1698 7751 835 1698 7752 836 1721 7753 838 1722 7754 835 1698 7755 838 1722 7756 845 1723 7757 845 1723 7758 838 1722 7759 839 1724 7760 845 1723 7761 839 1724 7762 844 1725 7763 844 1725 7764 839 1724 7765 912 1726 7766 844 1725 7767 912 1726 7768 843 1727 7769 843 1727 7770 912 1726 7771 911 1728 7772 911 1728 7773 912 1726 7774 873 1729 7775 911 1728 7776 873 1729 7777 874 1730 7778 874 1730 7779 873 1729 7780 870 1731 7781 874 1730 7782 870 1731 7783 868 1732 7784 868 1732 7785 870 1731 7786 869 1733 7787 868 1732 7788 869 1733 7789 867 1734 7790 868 1732 7791 867 1734 7792 798 1735 7793 798 1735 7794 867 1734 7795 794 1736 7796 798 1735 7797 794 1736 7798 793 1737 7799 793 1737 7800 794 1736 7801 795 1738 7802 793 1737 7803 795 1738 7804 800 1739 7805 800 1739 7806 795 1738 7807 922 1740 7808 800 1739 7809 922 1740 7810 894 1741 7811 894 1741 7812 922 1740 7813 933 1742 7814 894 1741 7815 933 1742 7816 881 1743 7817 881 1743 7818 933 1742 7819 932 1744 7820 881 1743 7821 932 1744 7822 931 1745 7823 881 1743 7824 931 1745 7825 883 1746 7826 881 1743 7827 883 1746 7828 882 1747 7829 881 1743 7830 882 1747 7831 880 1748 7832 880 1748 7833 882 1747 7834 941 1749 7835 880 1748 7836 941 1749 7837 940 1750 7838 940 1750 7839 941 1749 7840 934 1751 7841 940 1750 7842 934 1751 7843 935 1752 7844 935 1752 7845 934 1751 7846 919 1753 7847 935 1752 7848 919 1753 7849 918 1754 7850 918 1754 7851 919 1753 7852 830 1755 7853 918 1754 7854 830 1755 7855 821 1756 7856 821 1756 7857 830 1755 7858 820 1757 7859 821 1756 7860 820 1757 7861 819 1758 7862 819 1758 7863 820 1757 7864 818 1759 7865 819 1758 7866 818 1759 7867 823 1760 7868 823 1760 7869 818 1759 7870 822 1761 7871 822 1761 7872 818 1759 7873 824 1762 7874 824 1762 7875 818 1759 7876 820 1757 7877 824 1762 7878 820 1757 7879 829 1763 7880 829 1763 7881 820 1757 7882 830 1755 7883 881 1743 7884 880 1748 7885 894 1741 7886 884 1764 7887 885 1708 7888 783 1710 7889 787 1765 7890 878 1717 7891 786 1715 7892 787 1765 7893 786 1715 7894 785 1766 7895 785 1766 7896 786 1715 7897 784 1767 7898 784 1767 7899 786 1715 7900 790 1713 7901 781 1709 7902 929 1707 7903 928 1768 7904 781 1709 7905 928 1768 7906 782 1711 7907 782 1711 7908 928 1768 7909 927 1769 7910 782 1711 7911 927 1769 7912 792 1770 7913 782 1711 7914 792 1770 7915 790 1713 7916 790 1713 7917 792 1770 7918 788 1771 7919 790 1713 7920 788 1771 7921 784 1767 7922 784 1767 7923 788 1771 7924 789 1772 7925 784 1767 7926 789 1772 7927 785 1766 7928 785 1766 7929 789 1772 7930 886 1773 7931 785 1766 7932 886 1773 7933 872 1774 7934 785 1766 7935 872 1774 7936 787 1765 7937 787 1765 7938 872 1774 7939 871 1775 7940 787 1765 7941 871 1775 7942 878 1717 7943 878 1717 7944 871 1775 7945 876 1718 7946 876 1718 7947 871 1775 7948 875 1776 7949 876 1718 7950 875 1776 7951 910 1719 7952 910 1719 7953 875 1776 7954 909 1777 7955 910 1719 7956 909 1777 7957 837 1720 7958 837 1720 7959 909 1777 7960 839 1724 7961 837 1720 7962 839 1724 7963 836 1721 7964 836 1721 7965 839 1724 7966 838 1722 7967 839 1724 7968 909 1777 7969 912 1726 7970 912 1726 7971 909 1777 7972 875 1776 7973 912 1726 7974 875 1776 7975 873 1729 7976 873 1729 7977 875 1776 7978 870 1731 7979 870 1731 7980 875 1776 7981 871 1775 7982 870 1731 7983 871 1775 7984 872 1774 7985 792 1770 7986 927 1769 7987 788 1771 7988 788 1771 7989 927 1769 7990 926 1778 7991 788 1771 7992 926 1778 7993 789 1772 7994 789 1772 7995 926 1778 7996 925 1779 7997 789 1772 7998 925 1779 7999 887 1780 8000 789 1772 8001 887 1780 8002 886 1773 8003 887 1780 8004 925 1779 8005 924 1781 8006 808 1782 8007 791 1714 8008 916 1783 8009 916 1783 8010 791 1714 8011 879 1716 8012 936 1784 8013 938 1785 8014 810 1786 8015 810 1786 8016 938 1785 8017 939 1787 8018 810 1786 8019 939 1787 8020 808 1782 8021 808 1782 8022 939 1787 8023 942 1788 8024 808 1782 8025 942 1788 8026 791 1714 8027 791 1714 8028 942 1788 8029 937 1712 8030 937 1712 8031 942 1788 8032 783 1710 8033 783 1710 8034 942 1788 8035 939 1787 8036 783 1710 8037 939 1787 8038 884 1764 8039 884 1764 8040 939 1787 8041 938 1785 8042 810 1786 8043 808 1782 8044 807 1789 8045 923 1790 8046 796 1791 8047 888 1792 8048 888 1792 8049 796 1791 8050 889 1793 8051 888 1792 8052 889 1793 8053 890 1794 8054 890 1794 8055 889 1793 8056 869 1733 8057 869 1733 8058 889 1793 8059 867 1734 8060 867 1734 8061 889 1793 8062 794 1736 8063 794 1736 8064 889 1793 8065 796 1791 8066 794 1736 8067 796 1791 8068 795 1738 8069 795 1738 8070 796 1791 8071 921 1795 8072 795 1738 8073 921 1795 8074 922 1740 8075 924 1781 8076 923 1790 8077 888 1792 8078 923 1790 8079 921 1795 8080 796 1791 8081 842 1796 8082 841 1797 8083 843 1727 8084 841 1797 8085 842 1796 8086 840 1798 8087 840 1798 8088 842 1796 8089 846 1799 8090 846 1799 8091 842 1796 8092 847 1800 8093 847 1800 8094 842 1796 8095 848 1801 8096 848 1801 8097 842 1796 8098 843 1727 8099 848 1801 8100 843 1727 8101 913 1802 8102 913 1802 8103 843 1727 8104 911 1728 8105 913 1802 8106 911 1728 8107 874 1730 8108 913 1802 8109 874 1730 8110 803 1803 8111 803 1803 8112 874 1730 8113 804 1804 8114 804 1804 8115 874 1730 8116 868 1732 8117 804 1804 8118 868 1732 8119 798 1735 8120 804 1804 8121 798 1735 8122 797 1805 8123 797 1805 8124 798 1735 8125 793 1737 8126 797 1805 8127 793 1737 8128 799 1806 8129 799 1806 8130 793 1737 8131 800 1739 8132 799 1806 8133 800 1739 8134 894 1741 8135 799 1806 8136 894 1741 8137 893 1807 8138 893 1807 8139 894 1741 8140 880 1748 8141 893 1807 8142 880 1748 8143 892 1808 8144 892 1808 8145 880 1748 8146 940 1750 8147 892 1808 8148 940 1750 8149 935 1752 8150 892 1808 8151 935 1752 8152 891 1809 8153 891 1809 8154 935 1752 8155 918 1754 8156 891 1809 8157 918 1754 8158 915 1810 8159 915 1810 8160 918 1754 8161 821 1756 8162 915 1810 8163 821 1756 8164 819 1758 8165 915 1810 8166 819 1758 8167 823 1760 8168 915 1810 8169 823 1760 8170 914 1811 8171 915 1810 8172 914 1811 8173 898 1812 8174 898 1812 8175 914 1811 8176 899 1813 8177 898 1812 8178 899 1813 8179 897 1814 8180 898 1812 8181 897 1814 8182 900 1815 8183 900 1815 8184 897 1814 8185 852 1816 8186 900 1815 8187 852 1816 8188 901 1817 8189 901 1817 8190 852 1816 8191 854 1818 8192 854 1818 8193 852 1816 8194 850 1819 8195 854 1818 8196 850 1819 8197 853 1820 8198 853 1820 8199 850 1819 8200 855 1821 8201 855 1821 8202 850 1819 8203 849 1822 8204 849 1822 8205 850 1819 8206 851 1823 8207 851 1823 8208 850 1819 8209 852 1816 8210 851 1823 8211 852 1816 8212 897 1814 8213 891 1809 8214 801 1824 8215 892 1808 8216 802 1825 8217 801 1824 8218 898 1812 8219 898 1812 8220 801 1824 8221 891 1809 8222 898 1812 8223 891 1809 8224 915 1810 8225 805 1826 8226 802 1825 8227 898 1812 8228 805 1826 8229 898 1812 8230 900 1815 8231 805 1826 8232 900 1815 8233 901 1817 8234 805 1826 8235 901 1817 8236 803 1803 8237 805 1826 8238 803 1803 8239 804 1804 8240 805 1826 8241 804 1804 8242 802 1825 8243 802 1825 8244 804 1804 8245 797 1805 8246 802 1825 8247 797 1805 8248 801 1824 8249 801 1824 8250 797 1805 8251 799 1806 8252 801 1824 8253 799 1806 8254 892 1808 8255 892 1808 8256 799 1806 8257 893 1807 8258 920 1827 8259 936 1784 8260 811 1828 8261 811 1828 8262 936 1784 8263 810 1786 8264 811 1828 8265 810 1786 8266 812 1829 8267 812 1829 8268 810 1786 8269 807 1789 8270 812 1829 8271 807 1789 8272 806 1830 8273 806 1830 8274 807 1789 8275 808 1782 8276 806 1830 8277 808 1782 8278 809 1831 8279 809 1831 8280 808 1782 8281 916 1783 8282 809 1831 8283 916 1783 8284 903 1832 8285 903 1832 8286 916 1783 8287 879 1716 8288 903 1832 8289 879 1716 8290 877 1705 8291 903 1832 8292 877 1705 8293 902 1833 8294 902 1833 8295 877 1705 8296 906 1704 8297 902 1833 8298 906 1704 8299 905 1834 8300 902 1833 8301 905 1834 8302 862 1835 8303 862 1835 8304 905 1834 8305 864 1836 8306 862 1835 8307 864 1836 8308 863 1837 8309 862 1835 8310 863 1837 8311 861 1838 8312 861 1838 8313 863 1837 8314 860 1839 8315 861 1838 8316 860 1839 8317 856 1840 8318 856 1840 8319 860 1839 8320 857 1841 8321 856 1840 8322 857 1841 8323 858 1842 8324 858 1842 8325 857 1841 8326 859 1843 8327 858 1842 8328 859 1843 8329 904 1844 8330 904 1844 8331 859 1843 8332 896 1845 8333 904 1844 8334 896 1845 8335 903 1832 8336 903 1832 8337 896 1845 8338 809 1831 8339 809 1831 8340 896 1845 8341 806 1830 8342 806 1830 8343 896 1845 8344 895 1846 8345 895 1846 8346 896 1845 8347 859 1843 8348 895 1846 8349 859 1843 8350 866 1847 8351 866 1847 8352 859 1843 8353 865 1848 8354 865 1848 8355 859 1843 8356 857 1841 8357 865 1848 8358 857 1841 8359 860 1839 8360 861 1838 8361 856 1840 8362 862 1835 8363 862 1835 8364 856 1840 8365 858 1842 8366 862 1835 8367 858 1842 8368 904 1844 8369 862 1835 8370 904 1844 8371 902 1833 8372 902 1833 8373 904 1844 8374 903 1832 8375 812 1829 8376 806 1830 8377 917 1849 8378 812 1829 8379 917 1849 8380 816 1850 8381 816 1850 8382 917 1849 8383 815 1851 8384 816 1850 8385 815 1851 8386 814 1852 8387 814 1852 8388 815 1851 8389 813 1853 8390 814 1852 8391 813 1853 8392 817 1854 8393 814 1852 8394 817 1854 8395 825 1855 8396 825 1855 8397 817 1854 8398 826 1856 8399 825 1855 8400 826 1856 8401 827 1857 8402 827 1857 8403 826 1856 8404 828 1858 8405 827 1857 8406 828 1858 8407 920 1827 8408 827 1857 8409 920 1827 8410 811 1828 8411 827 1857 8412 811 1828 8413 812 1829 8414 827 1857 8415 812 1829 8416 816 1850 8417 827 1857 8418 816 1850 8419 814 1852 8420 827 1857 8421 814 1852 8422 825 1855 8423 1280 1859 8424 1274 1860 8425 1279 1861 8426 1276 1862 8427 1278 1863 8428 1279 1861 8429 1242 1864 8430 1247 1865 8431 1245 1866 8432 1245 1866 8433 1247 1865 8434 1246 1867 8435 1246 1867 8436 1247 1865 8437 1226 1868 8438 1226 1868 8439 1247 1865 8440 1227 1869 8441 1226 1868 8442 1227 1869 8443 1228 1870 8444 1226 1868 8445 1228 1870 8446 1233 1871 8447 1233 1871 8448 1228 1870 8449 1230 1872 8450 1233 1871 8451 1230 1872 8452 1231 1873 8453 1233 1871 8454 1231 1873 8455 1232 1874 8456 1233 1871 8457 1232 1874 8458 1234 1875 8459 1234 1875 8460 1232 1874 8461 1271 1876 8462 1234 1875 8463 1271 1876 8464 1272 1877 8465 1272 1877 8466 1271 1876 8467 1275 1878 8468 1272 1877 8469 1275 1878 8470 1274 1860 8471 1274 1860 8472 1275 1878 8473 1276 1862 8474 1274 1860 8475 1276 1862 8476 1277 1879 8477 1228 1870 8478 1229 1880 8479 1230 1872 8480 1250 1881 8481 1242 1864 8482 1239 1882 8483 1239 1882 8484 1242 1864 8485 1238 1883 8486 1242 1864 8487 1250 1881 8488 1247 1865 8489 1247 1865 8490 1250 1881 8491 1229 1880 8492 1229 1880 8493 1250 1881 8494 1251 1884 8495 1251 1884 8496 1250 1881 8497 1252 1885 8498 1252 1885 8499 1250 1881 8500 1239 1882 8501 1252 1885 8502 1239 1882 8503 1253 1886 8504 1253 1886 8505 1239 1882 8506 1237 1887 8507 1237 1887 8508 1239 1882 8509 1238 1883 8510 1237 1887 8511 1238 1883 8512 1236 1888 8513 1236 1888 8514 1238 1883 8515 1243 1889 8516 1243 1889 8517 1238 1883 8518 1241 1890 8519 1241 1890 8520 1238 1883 8521 1242 1864 8522 1241 1890 8523 1242 1864 8524 1240 1891 8525 1240 1891 8526 1242 1864 8527 1248 1892 8528 1248 1892 8529 1242 1864 8530 1245 1866 8531 1248 1892 8532 1245 1866 8533 1244 1893 8534 1244 1893 8535 1245 1866 8536 1246 1867 8537 1244 1893 8538 1246 1867 8539 1259 1894 8540 1259 1894 8541 1246 1867 8542 1226 1868 8543 1259 1894 8544 1226 1868 8545 1235 1895 8546 1235 1895 8547 1226 1868 8548 1233 1871 8549 1235 1895 8550 1233 1871 8551 1267 1896 8552 1267 1896 8553 1233 1871 8554 1234 1875 8555 1267 1896 8556 1234 1875 8557 1268 1897 8558 1268 1897 8559 1234 1875 8560 1272 1877 8561 1268 1897 8562 1272 1877 8563 1273 1898 8564 1273 1898 8565 1272 1877 8566 1274 1860 8567 1273 1898 8568 1274 1860 8569 1281 1899 8570 1244 1893 8571 1259 1894 8572 1257 1900 8573 1248 1892 8574 1244 1893 8575 1249 1901 8576 1249 1901 8577 1244 1893 8578 1257 1900 8579 1249 1901 8580 1257 1900 8581 1255 1902 8582 1255 1902 8583 1257 1900 8584 1256 1903 8585 1256 1903 8586 1257 1900 8587 1259 1894 8588 1256 1903 8589 1259 1894 8590 1258 1904 8591 1258 1904 8592 1259 1894 8593 1235 1895 8594 1258 1904 8595 1235 1895 8596 1267 1896 8597 1254 1905 8598 1255 1902 8599 1256 1903 8600 1254 1905 8601 1256 1903 8602 1263 1906 8603 1263 1906 8604 1256 1903 8605 1258 1904 8606 1263 1906 8607 1258 1904 8608 1262 1907 8609 1262 1907 8610 1258 1904 8611 1267 1896 8612 1262 1907 8613 1267 1896 8614 1266 1908 8615 1266 1908 8616 1267 1896 8617 1268 1897 8618 1266 1908 8619 1268 1897 8620 1269 1909 8621 1269 1909 8622 1268 1897 8623 1270 1910 8624 1270 1910 8625 1268 1897 8626 1273 1898 8627 1270 1910 8628 1273 1898 8629 1282 1911 8630 1282 1911 8631 1273 1898 8632 1280 1859 8633 1264 1912 8634 1254 1905 8635 1263 1906 8636 1264 1912 8637 1263 1906 8638 1261 1913 8639 1261 1913 8640 1263 1906 8641 1262 1907 8642 1261 1913 8643 1262 1907 8644 1260 1914 8645 1260 1914 8646 1262 1907 8647 1266 1908 8648 1260 1914 8649 1266 1908 8650 1269 1909 8651 1264 1912 8652 1261 1913 8653 1265 1915 8654 776 1916 8655 777 1917 8656 778 1918 8657 776 1916 8658 778 1918 8659 779 1919 8660 779 1919 8661 778 1918 8662 780 1920 8663 1142 1921 8664 1143 1922 8665 1144 1923 8666 1144 1923 8667 1143 1922 8668 1145 1924 8669 1145 1924 8670 1143 1922 8671 1147 1925 8672 1147 1925 8673 1143 1922 8674 1146 1926 8675 1147 1925 8676 1146 1926 8677 1149 1927 8678 1149 1927 8679 1146 1926 8680 1148 1928 8681 1149 1927 8682 1148 1928 8683 1150 1929 8684 1149 1927 8685 1150 1929 8686 1151 1930 8687 1151 1930 8688 1150 1929 8689 1153 1931 8690 1153 1931 8691 1150 1929 8692 1152 1932 8693 1153 1931 8694 1152 1932 8695 1154 1933 8696 1153 1931 8697 1154 1933 8698 1155 1934 8699 1155 1934 8700 1154 1933 8701 1156 1935 8702 1155 1934 8703 1156 1935 8704 1157 1936 8705 1157 1936 8706 1156 1935 8707 1158 1937 8708 1157 1936 8709 1158 1937 8710 1159 1938 8711 651 1939 8712 621 1940 8713 652 1941 8714 651 1939 8715 652 1941 8716 650 1942 8717 650 1942 8718 652 1941 8719 655 1943 8720 650 1942 8721 655 1943 8722 653 1944 8723 653 1944 8724 655 1943 8725 654 1945 8726 638 1946 8727 637 1947 8728 726 1948 8729 726 1948 8730 637 1947 8731 668 1949 8732 668 1949 8733 637 1947 8734 667 1950 8735 667 1950 8736 637 1947 8737 654 1945 8738 654 1945 8739 637 1947 8740 636 1951 8741 654 1945 8742 636 1951 8743 653 1944 8744 653 1944 8745 636 1951 8746 634 1952 8747 653 1944 8748 634 1952 8749 648 1953 8750 653 1944 8751 648 1953 8752 650 1942 8753 650 1942 8754 648 1953 8755 649 1954 8756 650 1942 8757 649 1954 8758 651 1939 8759 651 1939 8760 649 1954 8761 547 1955 8762 651 1939 8763 547 1955 8764 621 1940 8765 621 1940 8766 547 1955 8767 545 1956 8768 621 1940 8769 545 1956 8770 620 1957 8771 620 1957 8772 545 1956 8773 543 1958 8774 620 1957 8775 543 1958 8776 619 1959 8777 619 1959 8778 543 1958 8779 537 1960 8780 619 1959 8781 537 1960 8782 618 1961 8783 618 1961 8784 537 1960 8785 539 1962 8786 618 1961 8787 539 1962 8788 526 1963 8789 618 1961 8790 526 1963 8791 525 1964 8792 525 1964 8793 526 1963 8794 523 1965 8795 525 1964 8796 523 1965 8797 522 1966 8798 522 1966 8799 523 1965 8800 524 1967 8801 522 1966 8802 524 1967 8803 657 1968 8804 522 1966 8805 657 1968 8806 658 1969 8807 658 1969 8808 657 1968 8809 659 1970 8810 658 1969 8811 659 1970 8812 600 1971 8813 600 1971 8814 659 1970 8815 624 1972 8816 600 1971 8817 624 1972 8818 625 1973 8819 625 1973 8820 624 1972 8821 534 1974 8822 625 1973 8823 534 1974 8824 517 1975 8825 517 1975 8826 534 1974 8827 535 1976 8828 517 1975 8829 535 1976 8830 725 1977 8831 517 1975 8832 725 1977 8833 516 1978 8834 516 1978 8835 725 1977 8836 510 1979 8837 516 1978 8838 510 1979 8839 514 1980 8840 514 1980 8841 510 1979 8842 509 1981 8843 514 1980 8844 509 1981 8845 518 1982 8846 518 1982 8847 509 1981 8848 513 1983 8849 518 1982 8850 513 1983 8851 627 1984 8852 627 1984 8853 513 1983 8854 626 1985 8855 627 1984 8856 626 1985 8857 622 1986 8858 622 1986 8859 626 1985 8860 623 1987 8861 623 1987 8862 626 1985 8863 656 1988 8864 656 1988 8865 626 1985 8866 511 1989 8867 656 1988 8868 511 1989 8869 512 1990 8870 512 1990 8871 511 1989 8872 505 1991 8873 512 1990 8874 505 1991 8875 507 1992 8876 507 1992 8877 505 1991 8878 506 1993 8879 507 1992 8880 506 1993 8881 508 1994 8882 508 1994 8883 506 1993 8884 520 1995 8885 508 1994 8886 520 1995 8887 673 1996 8888 673 1996 8889 520 1995 8890 672 1997 8891 672 1997 8892 520 1995 8893 521 1998 8894 672 1997 8895 521 1998 8896 671 1999 8897 626 1985 8898 513 1983 8899 511 1989 8900 511 1989 8901 513 1983 8902 509 1981 8903 511 1989 8904 509 1981 8905 505 1991 8906 505 1991 8907 509 1981 8908 506 1993 8909 506 1993 8910 509 1981 8911 510 1979 8912 506 1993 8913 510 1979 8914 520 1995 8915 520 1995 8916 510 1979 8917 521 1998 8918 521 1998 8919 510 1979 8920 725 1977 8921 632 2000 8922 634 1952 8923 636 1951 8924 632 2000 8925 636 1951 8926 638 1946 8927 638 1946 8928 636 1951 8929 637 1947 8930 618 1961 8931 525 1964 8932 606 2001 8933 618 1961 8934 606 2001 8935 619 1959 8936 619 1959 8937 606 2001 8938 607 2002 8939 619 1959 8940 607 2002 8941 620 1957 8942 620 1957 8943 607 2002 8944 622 1986 8945 620 1957 8946 622 1986 8947 621 1940 8948 621 1940 8949 622 1986 8950 623 1987 8951 621 1940 8952 623 1987 8953 652 1941 8954 652 1941 8955 623 1987 8956 656 1988 8957 652 1941 8958 656 1988 8959 655 1943 8960 655 1943 8961 656 1988 8962 512 1990 8963 655 1943 8964 512 1990 8965 654 1945 8966 654 1945 8967 512 1990 8968 507 1992 8969 654 1945 8970 507 1992 8971 667 1950 8972 667 1950 8973 507 1992 8974 508 1994 8975 667 1950 8976 508 1994 8977 668 1949 8978 668 1949 8979 508 1994 8980 673 1996 8981 668 1949 8982 673 1996 8983 680 2003 8984 668 1949 8985 680 2003 8986 730 2004 8987 668 1949 8988 730 2004 8989 727 2005 8990 668 1949 8991 727 2005 8992 726 1948 8993 726 1948 8994 727 2005 8995 641 2006 8996 726 1948 8997 641 2006 8998 638 1946 8999 638 1946 9000 641 2006 9001 640 2007 9002 638 1946 9003 640 2007 9004 633 2008 9005 638 1946 9006 633 2008 9007 632 2000 9008 632 2000 9009 633 2008 9010 628 2009 9011 632 2000 9012 628 2009 9013 634 1952 9014 634 1952 9015 628 2009 9016 635 2010 9017 634 1952 9018 635 2010 9019 648 1953 9020 648 1953 9021 635 2010 9022 647 2011 9023 648 1953 9024 647 2011 9025 649 1954 9026 649 1954 9027 647 2011 9028 549 2012 9029 649 1954 9030 549 2012 9031 547 1955 9032 547 1955 9033 549 2012 9034 548 2013 9035 547 1955 9036 548 2013 9037 546 2014 9038 547 1955 9039 546 2014 9040 545 1956 9041 545 1956 9042 546 2014 9043 544 2015 9044 545 1956 9045 544 2015 9046 543 1958 9047 543 1958 9048 544 2015 9049 542 2016 9050 543 1958 9051 542 2016 9052 537 1960 9053 537 1960 9054 542 2016 9055 538 2017 9056 537 1960 9057 538 2017 9058 539 1962 9059 539 1962 9060 538 2017 9061 540 2018 9062 539 1962 9063 540 2018 9064 541 2019 9065 539 1962 9066 541 2019 9067 526 1963 9068 526 1963 9069 541 2019 9070 660 2020 9071 526 1963 9072 660 2020 9073 523 1965 9074 523 1965 9075 660 2020 9076 661 2021 9077 523 1965 9078 661 2021 9079 524 1967 9080 524 1967 9081 661 2021 9082 663 2022 9083 524 1967 9084 663 2022 9085 657 1968 9086 657 1968 9087 663 2022 9088 662 2023 9089 657 1968 9090 662 2023 9091 533 2024 9092 533 2024 9093 662 2023 9094 664 2025 9095 533 2024 9096 664 2025 9097 532 2026 9098 532 2026 9099 664 2025 9100 666 2027 9101 639 2028 9102 640 2007 9103 641 2006 9104 665 2029 9105 663 2022 9106 661 2021 9107 606 2001 9108 525 1964 9109 527 2030 9110 527 2030 9111 525 1964 9112 522 1966 9113 527 2030 9114 522 1966 9115 598 2031 9116 598 2031 9117 522 1966 9118 658 1969 9119 598 2031 9120 658 1969 9121 600 1971 9122 529 2032 9123 534 1974 9124 624 1972 9125 529 2032 9126 624 1972 9127 531 2033 9128 531 2033 9129 624 1972 9130 659 1970 9131 535 1976 9132 534 1974 9133 536 2034 9134 536 2034 9135 534 1974 9136 529 2032 9137 536 2034 9138 529 2032 9139 528 2035 9140 528 2035 9141 529 2032 9142 530 2036 9143 530 2036 9144 529 2032 9145 531 2033 9146 530 2036 9147 531 2033 9148 532 2026 9149 532 2026 9150 531 2033 9151 533 2024 9152 533 2024 9153 531 2033 9154 659 1970 9155 533 2024 9156 659 1970 9157 657 1968 9158 514 1980 9159 515 2037 9160 516 1978 9161 516 1978 9162 515 2037 9163 517 1975 9164 517 1975 9165 515 2037 9166 625 1973 9167 625 1973 9168 515 2037 9169 617 2038 9170 625 1973 9171 617 2038 9172 600 1971 9173 600 1971 9174 617 2038 9175 599 2039 9176 600 1971 9177 599 2039 9178 598 2031 9179 598 2031 9180 599 2039 9181 596 2040 9182 598 2031 9183 596 2040 9184 597 2041 9185 598 2031 9186 597 2041 9187 527 2030 9188 527 2030 9189 597 2041 9190 604 2042 9191 527 2030 9192 604 2042 9193 606 2001 9194 606 2001 9195 604 2042 9196 605 2043 9197 606 2001 9198 605 2043 9199 607 2002 9200 607 2002 9201 605 2043 9202 610 2044 9203 607 2002 9204 610 2044 9205 622 1986 9206 622 1986 9207 610 2044 9208 627 1984 9209 627 1984 9210 610 2044 9211 518 1982 9212 518 1982 9213 610 2044 9214 519 2045 9215 518 1982 9216 519 2045 9217 514 1980 9218 514 1980 9219 519 2045 9220 515 2037 9221 515 2037 9222 519 2045 9223 617 2038 9224 617 2038 9225 519 2045 9226 613 2046 9227 617 2038 9228 613 2046 9229 616 2047 9230 617 2038 9231 616 2047 9232 599 2039 9233 613 2046 9234 519 2045 9235 610 2044 9236 613 2046 9237 610 2044 9238 609 2048 9239 609 2048 9240 610 2044 9241 605 2043 9242 641 2006 9243 727 2005 9244 729 2049 9245 641 2006 9246 729 2049 9247 639 2028 9248 639 2028 9249 729 2049 9250 728 2050 9251 639 2028 9252 728 2050 9253 767 2051 9254 767 2051 9255 728 2050 9256 766 2052 9257 767 2051 9258 766 2052 9259 670 2053 9260 767 2051 9261 670 2053 9262 646 2054 9263 646 2054 9264 670 2053 9265 644 2055 9266 644 2055 9267 670 2053 9268 669 2056 9269 644 2055 9270 669 2056 9271 553 2057 9272 644 2055 9273 553 2057 9274 551 2058 9275 551 2058 9276 553 2057 9277 552 2059 9278 551 2058 9279 552 2059 9280 550 2060 9281 550 2060 9282 552 2059 9283 548 2013 9284 550 2060 9285 548 2013 9286 549 2012 9287 550 2060 9288 549 2012 9289 647 2011 9290 550 2060 9291 647 2011 9292 642 2061 9293 642 2061 9294 647 2011 9295 635 2010 9296 642 2061 9297 635 2010 9298 630 2062 9299 630 2062 9300 635 2010 9301 628 2009 9302 630 2062 9303 628 2009 9304 629 2063 9305 629 2063 9306 628 2009 9307 633 2008 9308 629 2063 9309 631 2064 9310 630 2062 9311 630 2062 9312 631 2064 9313 643 2065 9314 630 2062 9315 643 2065 9316 642 2061 9317 642 2061 9318 643 2065 9319 551 2058 9320 642 2061 9321 551 2058 9322 550 2060 9323 551 2058 9324 643 2065 9325 644 2055 9326 644 2055 9327 643 2065 9328 645 2066 9329 644 2055 9330 645 2066 9331 646 2054 9332 643 2065 9333 631 2064 9334 645 2066 9335 480 2067 9336 502 2068 9337 503 2069 9338 480 2067 9339 503 2069 9340 481 2070 9341 480 2067 9342 479 2071 9343 490 2072 9344 480 2067 9345 490 2072 9346 502 2068 9347 502 2068 9348 490 2072 9349 487 2073 9350 502 2068 9351 487 2073 9352 501 2074 9353 485 2075 9354 486 2076 9355 484 2077 9356 485 2075 9357 484 2077 9358 696 2078 9359 696 2078 9360 484 2077 9361 694 2079 9362 694 2079 9363 484 2077 9364 723 2080 9365 694 2079 9366 723 2080 9367 705 2081 9368 705 2081 9369 723 2080 9370 722 2082 9371 722 2082 9372 723 2080 9373 716 2083 9374 722 2082 9375 716 2083 9376 720 2084 9377 720 2084 9378 716 2083 9379 718 2085 9380 718 2085 9381 716 2083 9382 717 2086 9383 718 2085 9384 717 2086 9385 714 2087 9386 714 2087 9387 717 2086 9388 711 2088 9389 711 2088 9390 717 2086 9391 491 2089 9392 711 2088 9393 491 2089 9394 483 2090 9395 483 2090 9396 491 2089 9397 479 2071 9398 479 2071 9399 491 2089 9400 489 2091 9401 479 2071 9402 489 2091 9403 490 2072 9404 490 2072 9405 489 2091 9406 486 2076 9407 490 2072 9408 486 2076 9409 487 2073 9410 487 2073 9411 486 2076 9412 485 2075 9413 487 2073 9414 485 2075 9415 501 2074 9416 501 2074 9417 485 2075 9418 500 2092 9419 500 2092 9420 485 2075 9421 496 2093 9422 500 2092 9423 496 2093 9424 498 2094 9425 485 2075 9426 696 2078 9427 496 2093 9428 491 2089 9429 488 2095 9430 489 2091 9431 489 2091 9432 488 2095 9433 486 2076 9434 486 2076 9435 488 2095 9436 484 2077 9437 484 2077 9438 488 2095 9439 723 2080 9440 723 2080 9441 488 2095 9442 716 2083 9443 716 2083 9444 488 2095 9445 491 2089 9446 716 2083 9447 491 2089 9448 717 2086 9449 480 2067 9450 481 2070 9451 479 2071 9452 479 2071 9453 481 2070 9454 482 2096 9455 479 2071 9456 482 2096 9457 483 2090 9458 483 2090 9459 482 2096 9460 710 2097 9461 483 2090 9462 710 2097 9463 711 2088 9464 711 2088 9465 710 2097 9466 712 2098 9467 711 2088 9468 712 2098 9469 714 2087 9470 714 2087 9471 712 2098 9472 713 2099 9473 714 2087 9474 713 2099 9475 715 2100 9476 714 2087 9477 715 2100 9478 718 2085 9479 718 2085 9480 715 2100 9481 719 2101 9482 718 2085 9483 719 2101 9484 720 2084 9485 720 2084 9486 719 2101 9487 721 2102 9488 720 2084 9489 721 2102 9490 722 2082 9491 722 2082 9492 721 2102 9493 724 2103 9494 722 2082 9495 724 2103 9496 704 2104 9497 722 2082 9498 704 2104 9499 705 2081 9500 705 2081 9501 704 2104 9502 703 2105 9503 705 2081 9504 703 2105 9505 694 2079 9506 694 2079 9507 703 2105 9508 695 2106 9509 694 2079 9510 695 2106 9511 696 2078 9512 696 2078 9513 695 2106 9514 697 2107 9515 696 2078 9516 697 2107 9517 496 2093 9518 496 2093 9519 697 2107 9520 497 2108 9521 496 2093 9522 497 2108 9523 498 2094 9524 498 2094 9525 497 2108 9526 499 2109 9527 498 2094 9528 499 2109 9529 691 2110 9530 498 2094 9531 691 2110 9532 686 2111 9533 498 2094 9534 686 2111 9535 685 2112 9536 498 2094 9537 685 2112 9538 500 2092 9539 500 2092 9540 685 2112 9541 687 2113 9542 500 2092 9543 687 2113 9544 501 2074 9545 501 2074 9546 687 2113 9547 693 2114 9548 501 2074 9549 693 2114 9550 502 2068 9551 502 2068 9552 693 2114 9553 690 2115 9554 502 2068 9555 690 2115 9556 503 2069 9557 503 2069 9558 690 2115 9559 504 2116 9560 503 2069 9561 504 2116 9562 481 2070 9563 481 2070 9564 504 2116 9565 492 2117 9566 481 2070 9567 492 2117 9568 699 2118 9569 699 2118 9570 492 2117 9571 701 2119 9572 699 2118 9573 701 2119 9574 700 2120 9575 699 2118 9576 700 2120 9577 698 2121 9578 698 2121 9579 700 2120 9580 709 2122 9581 698 2121 9582 709 2122 9583 710 2097 9584 710 2097 9585 709 2122 9586 712 2098 9587 712 2098 9588 709 2122 9589 713 2099 9590 713 2099 9591 709 2122 9592 707 2123 9593 707 2123 9594 709 2122 9595 708 2124 9596 707 2123 9597 708 2124 9598 706 2125 9599 708 2124 9600 709 2122 9601 700 2120 9602 710 2097 9603 482 2096 9604 698 2121 9605 698 2121 9606 482 2096 9607 699 2118 9608 699 2118 9609 482 2096 9610 481 2070 9611 702 2126 9612 703 2105 9613 704 2104 9614 701 2119 9615 492 2117 9616 494 2127 9617 690 2115 9618 689 2128 9619 504 2116 9620 504 2116 9621 689 2128 9622 493 2129 9623 504 2116 9624 493 2129 9625 492 2117 9626 492 2117 9627 493 2129 9628 494 2127 9629 494 2127 9630 493 2129 9631 495 2130 9632 495 2130 9633 493 2129 9634 688 2131 9635 495 2130 9636 688 2131 9637 692 2132 9638 688 2131 9639 493 2129 9640 689 2128 9641 1140 2133 9642 1141 2134 9643 1138 2135 9644 1138 2135 9645 1141 2134 9646 1139 2136 9647 1138 2135 9648 1139 2136 9649 1136 2137 9650 1138 2135 9651 1136 2137 9652 1135 2138 9653 1135 2138 9654 1136 2137 9655 1137 2139 9656 1137 2139 9657 1136 2137 9658 1132 2140 9659 1131 2141 9660 1132 2140 9661 1133 2142 9662 1133 2142 9663 1132 2140 9664 1134 2143 9665 1133 2142 9666 1134 2143 9667 1170 2144 9668 1170 2144 9669 1134 2143 9670 1171 2145 9671 1170 2144 9672 1171 2145 9673 1169 2146 9674 1170 2144 9675 1169 2146 9676 1168 2147 9677 1168 2147 9678 1169 2146 9679 1167 2148 9680 1168 2147 9681 1167 2148 9682 1166 2149 9683 1166 2149 9684 1167 2148 9685 1165 2150 9686 1166 2149 9687 1165 2150 9688 1164 2151 9689 1164 2151 9690 1165 2150 9691 1161 2152 9692 1164 2151 9693 1161 2152 9694 1160 2153 9695 1160 2153 9696 1161 2152 9697 1162 2154 9698 1162 2154 9699 1161 2152 9700 1163 2155 9701 770 2156 9702 562 2157 9703 564 2158 9704 560 2159 9705 561 2160 9706 562 2157 9707 562 2157 9708 561 2160 9709 563 2161 9710 562 2157 9711 563 2161 9712 565 2162 9713 562 2157 9714 565 2162 9715 564 2158 9716 564 2158 9717 565 2162 9718 589 2163 9719 564 2158 9720 589 2163 9721 588 2164 9722 564 2158 9723 588 2164 9724 769 2165 9725 564 2158 9726 769 2165 9727 770 2156 9728 770 2156 9729 769 2165 9730 587 2166 9731 770 2156 9732 587 2166 9733 559 2167 9734 770 2156 9735 559 2167 9736 555 2168 9737 770 2156 9738 555 2168 9739 562 2157 9740 562 2157 9741 555 2168 9742 554 2169 9743 562 2157 9744 554 2169 9745 560 2159 9746 560 2159 9747 554 2169 9748 567 2170 9749 560 2159 9750 567 2170 9751 572 2171 9752 560 2159 9753 572 2171 9754 573 2172 9755 560 2159 9756 573 2172 9757 561 2160 9758 587 2166 9759 578 2173 9760 586 2174 9761 587 2166 9762 586 2174 9763 559 2167 9764 559 2167 9765 586 2174 9766 558 2175 9767 559 2167 9768 558 2175 9769 555 2168 9770 555 2168 9771 558 2175 9772 557 2176 9773 555 2168 9774 557 2176 9775 556 2177 9776 555 2168 9777 556 2177 9778 554 2169 9779 554 2169 9780 556 2177 9781 569 2178 9782 554 2169 9783 569 2178 9784 567 2170 9785 567 2170 9786 569 2178 9787 568 2179 9788 567 2170 9789 568 2179 9790 566 2180 9791 567 2170 9792 566 2180 9793 570 2181 9794 567 2170 9795 570 2181 9796 572 2171 9797 572 2171 9798 570 2181 9799 571 2182 9800 572 2171 9801 571 2182 9802 573 2172 9803 573 2172 9804 571 2182 9805 602 2183 9806 573 2172 9807 602 2183 9808 561 2160 9809 561 2160 9810 602 2183 9811 591 2184 9812 561 2160 9813 591 2184 9814 590 2185 9815 561 2160 9816 590 2185 9817 563 2161 9818 563 2161 9819 590 2185 9820 594 2186 9821 563 2161 9822 594 2186 9823 565 2162 9824 565 2162 9825 594 2186 9826 614 2187 9827 565 2162 9828 614 2187 9829 589 2163 9830 589 2163 9831 614 2187 9832 585 2188 9833 589 2163 9834 585 2188 9835 588 2164 9836 588 2164 9837 585 2188 9838 583 2189 9839 588 2164 9840 583 2189 9841 769 2165 9842 769 2165 9843 583 2189 9844 768 2190 9845 769 2165 9846 768 2190 9847 587 2166 9848 587 2166 9849 768 2190 9850 579 2191 9851 587 2166 9852 579 2191 9853 578 2173 9854 578 2173 9855 579 2191 9856 580 2192 9857 580 2192 9858 579 2191 9859 581 2193 9860 581 2193 9861 579 2191 9862 768 2190 9863 581 2193 9864 768 2190 9865 582 2194 9866 582 2194 9867 768 2190 9868 583 2189 9869 582 2194 9870 583 2189 9871 584 2195 9872 584 2195 9873 583 2189 9874 585 2188 9875 584 2195 9876 585 2188 9877 612 2196 9878 612 2196 9879 585 2188 9880 611 2197 9881 611 2197 9882 585 2188 9883 614 2187 9884 611 2197 9885 614 2187 9886 615 2198 9887 615 2198 9888 614 2187 9889 594 2186 9890 615 2198 9891 594 2186 9892 595 2199 9893 595 2199 9894 594 2186 9895 590 2185 9896 595 2199 9897 590 2185 9898 592 2200 9899 592 2200 9900 590 2185 9901 591 2184 9902 592 2200 9903 591 2184 9904 593 2201 9905 593 2201 9906 591 2184 9907 601 2202 9908 601 2202 9909 591 2184 9910 602 2183 9911 601 2202 9912 602 2183 9913 603 2203 9914 603 2203 9915 602 2183 9916 571 2182 9917 603 2203 9918 571 2182 9919 608 2204 9920 608 2204 9921 571 2182 9922 577 2205 9923 577 2205 9924 571 2182 9925 570 2181 9926 577 2205 9927 570 2181 9928 576 2206 9929 576 2206 9930 570 2181 9931 566 2180 9932 576 2206 9933 566 2180 9934 574 2207 9935 574 2207 9936 566 2180 9937 568 2179 9938 574 2207 9939 568 2179 9940 575 2208 9941 469 2209 9942 468 2210 9943 470 2211 9944 469 2209 9945 470 2211 9946 471 2212 9947 471 2212 9948 470 2211 9949 472 2213 9950 472 2213 9951 470 2211 9952 473 2214 9953 473 2214 9954 470 2211 9955 474 2215 9956 474 2215 9957 470 2211 9958 475 2216 9959 476 2217 9960 477 2218 9961 466 2219 9962 476 2217 9963 466 2219 9964 478 2220 9965 478 2220 9966 466 2219 9967 465 2221 9968 465 2221 9969 466 2219 9970 464 2222 9971 464 2222 9972 466 2219 9973 467 2223 9974 467 2223 9975 466 2219 9976 468 2210 9977 342 2224 9978 343 2225 9979 344 2226 9980 342 2224 9981 344 2226 9982 345 2227 9983 372 2228 9984 371 2229 9985 373 2230 9986 373 2230 9987 371 2229 9988 376 2231 9989 376 2231 9990 371 2229 9991 375 2232 9992 375 2232 9993 371 2229 9994 374 2233 9995 374 2233 9996 371 2229 9997 370 2234 9998 374 2233 9999 370 2234 10000 422 2235 10001 422 2235 10002 370 2234 10003 421 2236 10004 421 2236 10005 370 2234 10006 418 2237 10007 421 2236 10008 418 2237 10009 420 2238 10010 420 2238 10011 418 2237 10012 419 2239 10013 420 2238 10014 419 2239 10015 435 2240 10016 420 2238 10017 435 2240 10018 436 2241 10019 436 2241 10020 435 2240 10021 343 2225 10022 436 2241 10023 343 2225 10024 340 2242 10025 340 2242 10026 343 2225 10027 342 2224 10028 340 2242 10029 342 2224 10030 341 2243 10031 341 2243 10032 342 2224 10033 345 2227 10034 341 2243 10035 345 2227 10036 351 2244 10037 341 2243 10038 351 2244 10039 350 2245 10040 341 2243 10041 350 2245 10042 339 2246 10043 339 2246 10044 350 2245 10045 439 2247 10046 339 2246 10047 439 2247 10048 436 2241 10049 436 2241 10050 439 2247 10051 412 2248 10052 436 2241 10053 412 2248 10054 420 2238 10055 372 2228 10056 418 2237 10057 370 2234 10058 372 2228 10059 370 2234 10060 371 2229 10061 340 2242 10062 341 2243 10063 339 2246 10064 340 2242 10065 339 2246 10066 436 2241 10067 350 2245 10068 440 2249 10069 439 2247 10070 439 2247 10071 440 2249 10072 455 2250 10073 439 2247 10074 455 2250 10075 412 2248 10076 455 2250 10077 440 2249 10078 456 2251 10079 420 2238 10080 325 2252 10081 421 2236 10082 421 2236 10083 325 2252 10084 422 2235 10085 422 2235 10086 325 2252 10087 324 2253 10088 432 2254 10089 395 2255 10090 396 2256 10091 432 2254 10092 396 2256 10093 431 2257 10094 431 2257 10095 396 2256 10096 430 2258 10097 431 2257 10098 430 2258 10099 357 2259 10100 357 2259 10101 430 2258 10102 354 2260 10103 357 2259 10104 354 2260 10105 355 2261 10106 355 2261 10107 354 2260 10108 353 2262 10109 355 2261 10110 353 2262 10111 356 2263 10112 355 2261 10113 356 2263 10114 358 2264 10115 358 2264 10116 356 2263 10117 360 2265 10118 358 2264 10119 360 2265 10120 359 2266 10121 359 2266 10122 360 2265 10123 365 2267 10124 359 2266 10125 365 2267 10126 366 2268 10127 359 2266 10128 366 2268 10129 432 2254 10130 432 2254 10131 366 2268 10132 361 2269 10133 432 2254 10134 361 2269 10135 433 2270 10136 433 2270 10137 361 2269 10138 434 2271 10139 433 2270 10140 434 2271 10141 394 2272 10142 394 2272 10143 434 2271 10144 324 2253 10145 394 2272 10146 324 2253 10147 326 2273 10148 326 2273 10149 324 2253 10150 325 2252 10151 326 2273 10152 325 2252 10153 323 2274 10154 323 2274 10155 325 2252 10156 420 2238 10157 323 2274 10158 420 2238 10159 322 2275 10160 322 2275 10161 420 2238 10162 412 2248 10163 322 2275 10164 412 2248 10165 413 2276 10166 413 2276 10167 412 2248 10168 455 2250 10169 413 2276 10170 455 2250 10171 462 2277 10172 462 2277 10173 455 2250 10174 456 2251 10175 462 2277 10176 456 2251 10177 461 2278 10178 462 2277 10179 461 2278 10180 404 2279 10181 404 2279 10182 461 2278 10183 403 2280 10184 404 2279 10185 403 2280 10186 402 2281 10187 402 2281 10188 403 2280 10189 401 2282 10190 402 2281 10191 401 2282 10192 453 2283 10193 402 2281 10194 453 2283 10195 452 2284 10196 402 2281 10197 452 2284 10198 454 2285 10199 402 2281 10200 454 2285 10201 414 2286 10202 414 2286 10203 454 2285 10204 442 2287 10205 414 2286 10206 442 2287 10207 320 2288 10208 320 2288 10209 442 2287 10210 316 2289 10211 320 2288 10212 316 2289 10213 317 2290 10214 317 2290 10215 316 2289 10216 315 2291 10217 317 2290 10218 315 2291 10219 318 2292 10220 318 2292 10221 315 2291 10222 391 2293 10223 318 2292 10224 391 2293 10225 389 2294 10226 389 2294 10227 391 2293 10228 390 2295 10229 389 2294 10230 390 2295 10231 388 2296 10232 389 2294 10233 388 2296 10234 394 2272 10235 394 2272 10236 388 2296 10237 395 2255 10238 394 2272 10239 395 2255 10240 433 2270 10241 433 2270 10242 395 2255 10243 432 2254 10244 355 2261 10245 358 2264 10246 357 2259 10247 357 2259 10248 358 2264 10249 359 2266 10250 357 2259 10251 359 2266 10252 431 2257 10253 431 2257 10254 359 2266 10255 432 2254 10256 360 2265 10257 356 2263 10258 365 2267 10259 414 2286 10260 404 2279 10261 402 2281 10262 389 2294 10263 394 2272 10264 326 2273 10265 389 2294 10266 326 2273 10267 318 2292 10268 318 2292 10269 326 2273 10270 319 2297 10271 318 2292 10272 319 2297 10273 317 2290 10274 317 2290 10275 319 2297 10276 321 2298 10277 317 2290 10278 321 2298 10279 320 2288 10280 320 2288 10281 321 2298 10282 414 2286 10283 414 2286 10284 321 2298 10285 415 2299 10286 414 2286 10287 415 2299 10288 404 2279 10289 404 2279 10290 415 2299 10291 413 2276 10292 404 2279 10293 413 2276 10294 462 2277 10295 413 2276 10296 415 2299 10297 321 2298 10298 413 2276 10299 321 2298 10300 322 2275 10301 322 2275 10302 321 2298 10303 319 2297 10304 322 2275 10305 319 2297 10306 323 2274 10307 323 2274 10308 319 2297 10309 326 2273 10310 442 2287 10311 443 2300 10312 316 2289 10313 316 2289 10314 443 2300 10315 314 2301 10316 316 2289 10317 314 2301 10318 315 2291 10319 315 2291 10320 314 2301 10321 411 2302 10322 315 2291 10323 411 2302 10324 391 2293 10325 391 2293 10326 411 2302 10327 390 2295 10328 390 2295 10329 411 2302 10330 410 2303 10331 410 2303 10332 411 2302 10333 409 2304 10334 409 2304 10335 411 2302 10336 314 2301 10337 409 2304 10338 314 2301 10339 444 2305 10340 444 2305 10341 314 2301 10342 443 2300 10343 409 2304 10344 444 2305 10345 445 2306 10346 445 2306 10347 446 2307 10348 407 2308 10349 408 2309 10350 407 2308 10351 309 2310 10352 309 2310 10353 407 2308 10354 446 2307 10355 309 2310 10356 446 2307 10357 447 2311 10358 393 2312 10359 408 2309 10360 306 2313 10361 306 2313 10362 408 2309 10363 309 2310 10364 306 2313 10365 309 2310 10366 308 2314 10367 308 2314 10368 309 2310 10369 310 2315 10370 310 2315 10371 309 2310 10372 447 2311 10373 310 2315 10374 447 2311 10375 448 2316 10376 328 2317 10377 329 2318 10378 327 2319 10379 327 2319 10380 329 2318 10381 333 2320 10382 327 2319 10383 333 2320 10384 438 2321 10385 438 2321 10386 333 2320 10387 334 2322 10388 438 2321 10389 334 2322 10390 336 2323 10391 336 2323 10392 334 2322 10393 335 2324 10394 336 2323 10395 335 2324 10396 337 2325 10397 337 2325 10398 335 2324 10399 338 2326 10400 338 2326 10401 335 2324 10402 349 2327 10403 338 2326 10404 349 2327 10405 347 2328 10406 347 2328 10407 349 2327 10408 348 2329 10409 347 2328 10410 348 2329 10411 346 2330 10412 346 2330 10413 348 2329 10414 441 2331 10415 441 2331 10416 348 2329 10417 332 2332 10418 441 2331 10419 332 2332 10420 457 2333 10421 457 2333 10422 332 2332 10423 331 2334 10424 457 2333 10425 331 2334 10426 460 2335 10427 460 2335 10428 331 2334 10429 459 2336 10430 460 2335 10431 459 2336 10432 406 2337 10433 406 2337 10434 459 2336 10435 303 2338 10436 406 2337 10437 303 2338 10438 405 2339 10439 405 2339 10440 303 2338 10441 302 2340 10442 405 2339 10443 302 2340 10444 450 2341 10445 450 2341 10446 302 2340 10447 449 2342 10448 449 2342 10449 302 2340 10450 304 2343 10451 449 2342 10452 304 2343 10453 448 2316 10454 448 2316 10455 304 2343 10456 313 2344 10457 448 2316 10458 313 2344 10459 310 2315 10460 310 2315 10461 313 2344 10462 312 2345 10463 310 2315 10464 312 2345 10465 308 2314 10466 308 2314 10467 312 2345 10468 307 2346 10469 308 2314 10470 307 2346 10471 306 2313 10472 306 2313 10473 307 2346 10474 305 2347 10475 306 2313 10476 305 2347 10477 393 2312 10478 393 2312 10479 305 2347 10480 392 2348 10481 393 2312 10482 392 2348 10483 388 2296 10484 388 2296 10485 392 2348 10486 396 2256 10487 388 2296 10488 396 2256 10489 395 2255 10490 302 2340 10491 303 2338 10492 304 2343 10493 349 2327 10494 335 2324 10495 348 2329 10496 348 2329 10497 335 2324 10498 334 2322 10499 348 2329 10500 334 2322 10501 333 2320 10502 348 2329 10503 333 2320 10504 332 2332 10505 332 2332 10506 333 2320 10507 331 2334 10508 331 2334 10509 333 2320 10510 329 2318 10511 331 2334 10512 329 2318 10513 328 2317 10514 331 2334 10515 328 2317 10516 459 2336 10517 459 2336 10518 328 2317 10519 463 2349 10520 459 2336 10521 463 2349 10522 303 2338 10523 303 2338 10524 463 2349 10525 458 2350 10526 303 2338 10527 458 2350 10528 304 2343 10529 304 2343 10530 458 2350 10531 312 2345 10532 304 2343 10533 312 2345 10534 313 2344 10535 405 2339 10536 450 2341 10537 451 2351 10538 311 2352 10539 307 2346 10540 312 2345 10541 311 2352 10542 312 2345 10543 458 2350 10544 311 2352 10545 458 2350 10546 463 2349 10547 311 2352 10548 463 2349 10549 328 2317 10550 426 2353 10551 398 2354 10552 424 2355 10553 426 2353 10554 424 2355 10555 427 2356 10556 427 2356 10557 424 2355 10558 382 2357 10559 427 2356 10560 382 2357 10561 384 2358 10562 384 2358 10563 382 2357 10564 385 2359 10565 385 2359 10566 382 2357 10567 383 2360 10568 383 2360 10569 382 2357 10570 380 2361 10571 383 2360 10572 380 2361 10573 381 2362 10574 381 2362 10575 380 2361 10576 378 2363 10577 381 2362 10578 378 2363 10579 387 2364 10580 387 2364 10581 378 2363 10582 377 2365 10583 387 2364 10584 377 2365 10585 386 2366 10586 386 2366 10587 377 2365 10588 416 2367 10589 416 2367 10590 377 2365 10591 417 2368 10592 416 2367 10593 417 2368 10594 327 2319 10595 327 2319 10596 417 2368 10597 330 2369 10598 327 2319 10599 330 2369 10600 328 2317 10601 328 2317 10602 330 2369 10603 437 2370 10604 328 2317 10605 437 2370 10606 311 2352 10607 311 2352 10608 437 2370 10609 397 2371 10610 311 2352 10611 397 2371 10612 307 2346 10613 307 2346 10614 397 2371 10615 399 2372 10616 307 2346 10617 399 2372 10618 305 2347 10619 305 2347 10620 399 2372 10621 392 2348 10622 392 2348 10623 399 2372 10624 400 2373 10625 392 2348 10626 400 2373 10627 396 2256 10628 396 2256 10629 400 2373 10630 430 2258 10631 430 2258 10632 400 2373 10633 428 2374 10634 430 2258 10635 428 2374 10636 354 2260 10637 354 2260 10638 428 2374 10639 429 2375 10640 354 2260 10641 429 2375 10642 352 2376 10643 354 2260 10644 352 2376 10645 353 2262 10646 383 2360 10647 381 2362 10648 385 2359 10649 425 2377 10650 397 2371 10651 437 2370 10652 425 2377 10653 437 2370 10654 330 2369 10655 425 2377 10656 330 2369 10657 417 2368 10658 425 2377 10659 417 2368 10660 423 2378 10661 423 2378 10662 417 2368 10663 377 2365 10664 423 2378 10665 377 2365 10666 379 2379 10667 379 2379 10668 377 2365 10669 378 2363 10670 379 2379 10671 378 2363 10672 380 2361 10673 379 2379 10674 380 2361 10675 382 2357 10676 379 2379 10677 382 2357 10678 423 2378 10679 423 2378 10680 382 2357 10681 424 2355 10682 423 2378 10683 424 2355 10684 425 2377 10685 425 2377 10686 424 2355 10687 398 2354 10688 425 2377 10689 398 2354 10690 397 2371 10691 397 2371 10692 398 2354 10693 399 2372 10694 399 2372 10695 398 2354 10696 400 2373 10697 400 2373 10698 398 2354 10699 428 2374 10700 428 2374 10701 398 2354 10702 426 2353 10703 428 2374 10704 426 2353 10705 429 2375 10706 434 2271 10707 361 2269 10708 368 2380 10709 368 2380 10710 361 2269 10711 363 2381 10712 368 2380 10713 363 2381 10714 369 2382 10715 369 2382 10716 363 2381 10717 367 2383 10718 367 2383 10719 363 2381 10720 364 2384 10721 364 2384 10722 363 2381 10723 362 2385 10724 362 2385 10725 363 2381 10726 361 2269 10727 301 2386 10728 300 2387 10729 298 2388 10730 301 2386 10731 298 2388 10732 297 2389 10733 297 2389 10734 298 2388 10735 299 2390 10736 285 2391 10737 279 2392 10738 284 2393 10739 285 2391 10740 284 2393 10741 260 2394 10742 285 2391 10743 260 2394 10744 295 2395 10745 285 2391 10746 295 2395 10747 286 2396 10748 285 2391 10749 286 2396 10750 280 2397 10751 280 2397 10752 286 2396 10753 281 2398 10754 280 2397 10755 281 2398 10756 275 2399 10757 275 2399 10758 281 2398 10759 276 2400 10760 275 2399 10761 276 2400 10762 268 2401 10763 268 2401 10764 276 2400 10765 267 2402 10766 268 2401 10767 267 2402 10768 266 2403 10769 266 2403 10770 267 2402 10771 265 2404 10772 266 2403 10773 262 2405 10774 268 2401 10775 268 2401 10776 262 2405 10777 269 2406 10778 268 2401 10779 269 2406 10780 275 2399 10781 275 2399 10782 269 2406 10783 274 2407 10784 275 2399 10785 274 2407 10786 280 2397 10787 280 2397 10788 274 2407 10789 279 2392 10790 280 2397 10791 279 2392 10792 285 2391 10793 265 2404 10794 197 2408 10795 198 2409 10796 265 2404 10797 198 2409 10798 266 2403 10799 266 2403 10800 198 2409 10801 199 2410 10802 266 2403 10803 199 2410 10804 262 2405 10805 262 2405 10806 199 2410 10807 202 2411 10808 262 2405 10809 202 2411 10810 263 2412 10811 262 2405 10812 263 2412 10813 269 2406 10814 269 2406 10815 263 2412 10816 270 2413 10817 269 2406 10818 270 2413 10819 274 2407 10820 274 2407 10821 270 2413 10822 272 2414 10823 274 2407 10824 272 2414 10825 279 2392 10826 279 2392 10827 272 2414 10828 277 2415 10829 279 2392 10830 277 2415 10831 282 2416 10832 279 2392 10833 282 2416 10834 284 2393 10835 284 2393 10836 282 2416 10837 258 2417 10838 284 2393 10839 258 2417 10840 260 2394 10841 260 2394 10842 258 2417 10843 261 2418 10844 260 2394 10845 261 2418 10846 295 2395 10847 295 2395 10848 261 2418 10849 296 2419 10850 296 2419 10851 261 2418 10852 294 2420 10853 197 2408 10854 195 2421 10855 196 2422 10856 197 2408 10857 196 2422 10858 198 2409 10859 198 2409 10860 196 2422 10861 200 2423 10862 198 2409 10863 200 2423 10864 199 2410 10865 199 2410 10866 200 2423 10867 203 2424 10868 199 2410 10869 203 2424 10870 202 2411 10871 202 2411 10872 203 2424 10873 205 2425 10874 202 2411 10875 205 2425 10876 263 2412 10877 263 2412 10878 205 2425 10879 264 2426 10880 263 2412 10881 264 2426 10882 270 2413 10883 270 2413 10884 264 2426 10885 271 2427 10886 270 2413 10887 271 2427 10888 272 2414 10889 272 2414 10890 271 2427 10891 273 2428 10892 272 2414 10893 273 2428 10894 277 2415 10895 277 2415 10896 273 2428 10897 278 2429 10898 277 2415 10899 278 2429 10900 283 2430 10901 277 2415 10902 283 2430 10903 282 2416 10904 282 2416 10905 283 2430 10906 257 2431 10907 282 2416 10908 257 2431 10909 258 2417 10910 258 2417 10911 257 2431 10912 259 2432 10913 258 2417 10914 259 2432 10915 261 2418 10916 261 2418 10917 259 2432 10918 292 2433 10919 261 2418 10920 292 2433 10921 294 2420 10922 294 2420 10923 292 2433 10924 293 2434 10925 293 2434 10926 292 2433 10927 255 2435 10928 293 2434 10929 255 2435 10930 253 2436 10931 253 2436 10932 255 2435 10933 254 2437 10934 253 2436 10935 254 2437 10936 252 2438 10937 252 2438 10938 254 2437 10939 256 2439 10940 256 2439 10941 254 2437 10942 257 2431 10943 256 2439 10944 257 2431 10945 283 2430 10946 259 2432 10947 257 2431 10948 254 2437 10949 259 2432 10950 254 2437 10951 292 2433 10952 292 2433 10953 254 2437 10954 255 2435 10955 204 2440 10956 205 2425 10957 203 2424 10958 736 2441 10959 761 2442 10960 735 2443 10961 678 2444 10962 679 2445 10963 681 2446 10964 681 2446 10965 679 2445 10966 682 2447 10967 681 2446 10968 682 2447 10969 683 2448 10970 683 2448 10971 682 2447 10972 741 2449 10973 683 2448 10974 741 2449 10975 743 2450 10976 743 2450 10977 741 2449 10978 749 2451 10979 743 2450 10980 749 2451 10981 750 2452 10982 750 2452 10983 749 2451 10984 752 2453 10985 750 2452 10986 752 2453 10987 751 2454 10988 751 2454 10989 752 2453 10990 757 2455 10991 751 2454 10992 757 2455 10993 756 2456 10994 756 2456 10995 757 2455 10996 761 2442 10997 761 2442 10998 757 2455 10999 762 2457 11000 761 2442 11001 762 2457 11002 735 2443 11003 735 2443 11004 762 2457 11005 738 2458 11006 735 2443 11007 738 2458 11008 737 2459 11009 735 2443 11010 737 2459 11011 732 2460 11012 735 2443 11013 732 2460 11014 736 2441 11015 736 2441 11016 732 2460 11017 731 2461 11018 731 2461 11019 732 2460 11020 733 2462 11021 681 2446 11022 683 2448 11023 684 2463 11024 679 2445 11025 742 2464 11026 682 2447 11027 682 2447 11028 742 2464 11029 741 2449 11030 741 2449 11031 742 2464 11032 748 2465 11033 741 2449 11034 748 2465 11035 749 2451 11036 749 2451 11037 748 2465 11038 753 2466 11039 749 2451 11040 753 2466 11041 752 2453 11042 752 2453 11043 753 2466 11044 758 2467 11045 752 2453 11046 758 2467 11047 757 2455 11048 757 2455 11049 758 2467 11050 762 2457 11051 762 2457 11052 758 2467 11053 763 2468 11054 762 2457 11055 763 2468 11056 738 2458 11057 678 2444 11058 675 2469 11059 674 2470 11060 678 2444 11061 674 2470 11062 679 2445 11063 679 2445 11064 674 2470 11065 744 2471 11066 679 2445 11067 744 2471 11068 742 2464 11069 742 2464 11070 744 2471 11071 747 2472 11072 742 2464 11073 747 2472 11074 748 2465 11075 748 2465 11076 747 2472 11077 755 2473 11078 748 2465 11079 755 2473 11080 753 2466 11081 753 2466 11082 755 2473 11083 759 2474 11084 753 2466 11085 759 2474 11086 758 2467 11087 758 2467 11088 759 2474 11089 764 2475 11090 758 2467 11091 764 2475 11092 763 2468 11093 763 2468 11094 764 2475 11095 740 2476 11096 763 2468 11097 740 2476 11098 738 2458 11099 738 2458 11100 740 2476 11101 739 2477 11102 738 2458 11103 739 2477 11104 737 2459 11105 737 2459 11106 739 2477 11107 771 2478 11108 737 2459 11109 771 2478 11110 732 2460 11111 732 2460 11112 771 2478 11113 734 2479 11114 732 2460 11115 734 2479 11116 733 2462 11117 733 2462 11118 734 2479 11119 772 2480 11120 772 2480 11121 734 2479 11122 771 2478 11123 772 2480 11124 771 2478 11125 773 2481 11126 773 2481 11127 771 2478 11128 739 2477 11129 773 2481 11130 739 2477 11131 775 2482 11132 775 2482 11133 739 2477 11134 774 2483 11135 774 2483 11136 739 2477 11137 740 2476 11138 774 2483 11139 740 2476 11140 764 2475 11141 774 2483 11142 764 2475 11143 765 2484 11144 765 2484 11145 764 2475 11146 759 2474 11147 765 2484 11148 759 2474 11149 760 2485 11150 760 2485 11151 759 2474 11152 755 2473 11153 760 2485 11154 755 2473 11155 754 2486 11156 754 2486 11157 755 2473 11158 747 2472 11159 754 2486 11160 747 2472 11161 746 2487 11162 746 2487 11163 747 2472 11164 744 2471 11165 746 2487 11166 744 2471 11167 745 2488 11168 745 2488 11169 744 2471 11170 674 2470 11171 745 2488 11172 674 2470 11173 676 2489 11174 676 2489 11175 674 2470 11176 675 2469 11177 676 2489 11178 675 2469 11179 677 2490 11180 217 2491 11181 218 2492 11182 5 2493 11183 217 2491 11184 5 2493 11185 7 2494 11186 7 2494 11187 5 2493 11188 6 2495 11189 7 2494 11190 6 2495 11191 8 2496 11192 8 2496 11193 6 2495 11194 10 2497 11195 20 2498 11196 217 2491 11197 7 2494 11198 20 2498 11199 7 2494 11200 21 2499 11201 21 2499 11202 7 2494 11203 22 2500 11204 22 2500 11205 7 2494 11206 8 2496 11207 22 2500 11208 8 2496 11209 23 2501 11210 23 2501 11211 8 2496 11212 10 2497 11213 23 2501 11214 10 2497 11215 2 2502 11216 23 2501 11217 2 2502 11218 24 2503 11219 20 2498 11220 21 2499 11221 19 2504 11222 24 2503 11223 211 2505 11224 23 2501 11225 23 2501 11226 211 2505 11227 214 2506 11228 23 2501 11229 214 2506 11230 22 2500 11231 22 2500 11232 214 2506 11233 208 2507 11234 22 2500 11235 208 2507 11236 21 2499 11237 21 2499 11238 208 2507 11239 207 2508 11240 21 2499 11241 207 2508 11242 19 2504 11243 19 2504 11244 207 2508 11245 206 2509 11246 19 2504 11247 206 2509 11248 212 2510 11249 19 2504 11250 212 2510 11251 17 2511 11252 19 2504 11253 17 2511 11254 18 2512 11255 19 2504 11256 18 2512 11257 20 2498 11258 20 2498 11259 18 2512 11260 215 2513 11261 20 2498 11262 215 2513 11263 217 2491 11264 217 2491 11265 215 2513 11266 216 2514 11267 217 2491 11268 216 2514 11269 218 2492 11270 218 2492 11271 216 2514 11272 225 2515 11273 218 2492 11274 225 2515 11275 226 2516 11276 226 2516 11277 225 2515 11278 224 2517 11279 226 2516 11280 224 2517 11281 244 2518 11282 244 2518 11283 224 2517 11284 245 2519 11285 244 2518 11286 245 2519 11287 239 2520 11288 244 2518 11289 239 2520 11290 241 2521 11291 241 2521 11292 239 2520 11293 240 2522 11294 241 2521 11295 240 2522 11296 242 2523 11297 242 2523 11298 240 2522 11299 233 2524 11300 242 2523 11301 233 2524 11302 235 2525 11303 235 2525 11304 233 2524 11305 234 2526 11306 235 2525 11307 234 2526 11308 236 2527 11309 236 2527 11310 234 2526 11311 230 2528 11312 236 2527 11313 230 2528 11314 231 2529 11315 231 2529 11316 230 2528 11317 222 2530 11318 231 2529 11319 222 2530 11320 3 2531 11321 3 2531 11322 222 2530 11323 220 2532 11324 3 2531 11325 220 2532 11326 1 2533 11327 1 2533 11328 220 2532 11329 16 2534 11330 1 2533 11331 16 2534 11332 25 2535 11333 25 2535 11334 16 2534 11335 14 2536 11336 25 2535 11337 14 2536 11338 209 2537 11339 209 2537 11340 14 2536 11341 210 2538 11342 210 2538 11343 14 2536 11344 13 2539 11345 210 2538 11346 13 2539 11347 213 2540 11348 229 2541 11349 230 2528 11350 234 2526 11351 223 2542 11352 224 2517 11353 225 2515 11354 209 2537 11355 211 2505 11356 25 2535 11357 25 2535 11358 211 2505 11359 24 2503 11360 25 2535 11361 24 2503 11362 1 2533 11363 1 2533 11364 24 2503 11365 2 2502 11366 1 2533 11367 2 2502 11368 0 2543 11369 0 2543 11370 2 2502 11371 10 2497 11372 0 2543 11373 10 2497 11374 11 2544 11375 11 2544 11376 10 2497 11377 6 2495 11378 11 2544 11379 6 2495 11380 9 2545 11381 9 2545 11382 6 2495 11383 5 2493 11384 9 2545 11385 5 2493 11386 243 2546 11387 243 2546 11388 5 2493 11389 218 2492 11390 243 2546 11391 218 2492 11392 226 2516 11393 243 2546 11394 226 2516 11395 244 2518 11396 243 2546 11397 244 2518 11398 238 2547 11399 238 2547 11400 244 2518 11401 241 2521 11402 238 2547 11403 241 2521 11404 242 2523 11405 238 2547 11406 242 2523 11407 237 2548 11408 237 2548 11409 242 2523 11410 235 2525 11411 237 2548 11412 235 2525 11413 232 2549 11414 232 2549 11415 235 2525 11416 236 2527 11417 232 2549 11418 236 2527 11419 231 2529 11420 232 2549 11421 231 2529 11422 4 2550 11423 4 2550 11424 231 2529 11425 3 2531 11426 4 2550 11427 3 2531 11428 0 2543 11429 0 2543 11430 3 2531 11431 1 2533 11432 12 2551 11433 238 2547 11434 237 2548 11435 12 2551 11436 237 2548 11437 232 2549 11438 12 2551 11439 232 2549 11440 4 2550 11441 12 2551 11442 4 2550 11443 0 2543 11444 12 2551 11445 0 2543 11446 11 2544 11447 12 2551 11448 11 2544 11449 9 2545 11450 12 2551 11451 9 2545 11452 238 2547 11453 238 2547 11454 9 2545 11455 243 2546 11456 13 2539 11457 14 2536 11458 15 2552 11459 15 2552 11460 14 2536 11461 16 2534 11462 15 2552 11463 16 2534 11464 219 2553 11465 219 2553 11466 16 2534 11467 220 2532 11468 219 2553 11469 220 2532 11470 221 2554 11471 221 2554 11472 220 2532 11473 222 2530 11474 221 2554 11475 222 2530 11476 230 2528 11477 221 2554 11478 230 2528 11479 228 2555 11480 228 2555 11481 230 2528 11482 229 2541 11483 228 2555 11484 229 2541 11485 227 2556 11486 1057 2557 11487 1058 2558 11488 1059 2559 11489 1059 2559 11490 1058 2558 11491 1060 2560 11492 1060 2560 11493 1058 2558 11494 1061 2561 11495 1060 2560 11496 1061 2561 11497 1063 2562 11498 1063 2562 11499 1061 2561 11500 1064 2563 11501 1063 2562 11502 1064 2563 11503 1066 2564 11504 1066 2564 11505 1064 2563 11506 1069 2565 11507 1069 2565 11508 1064 2563 11509 1068 2566 11510 1069 2565 11511 1068 2566 11512 1072 2567 11513 1072 2567 11514 1068 2566 11515 1071 2568 11516 1072 2567 11517 1071 2568 11518 1073 2569 11519 1073 2569 11520 1071 2568 11521 1070 2570 11522 1070 2570 11523 1071 2568 11524 1068 2566 11525 1070 2570 11526 1068 2566 11527 1067 2571 11528 1067 2571 11529 1068 2566 11530 1064 2563 11531 1067 2571 11532 1064 2563 11533 1065 2572 11534 1065 2572 11535 1064 2563 11536 1062 2573 11537 1062 2573 11538 1064 2563 11539 1061 2561 11540 1062 2573 11541 1061 2561 11542 1057 2557 11543 1057 2557 11544 1061 2561 11545 1058 2558 11546 1033 2574 11547 1034 2575 11548 1035 2576 11549 1035 2576 11550 1034 2575 11551 1036 2577 11552 1035 2576 11553 1036 2577 11554 1055 2578 11555 1055 2578 11556 1036 2577 11557 1056 2579 11558 1055 2578 11559 1056 2579 11560 1054 2580 11561 1055 2578 11562 1054 2580 11563 1053 2581 11564 1053 2581 11565 1054 2580 11566 1052 2582 11567 1053 2581 11568 1052 2582 11569 1051 2583 11570 1051 2583 11571 1052 2582 11572 1049 2584 11573 1049 2584 11574 1052 2582 11575 1050 2585 11576 1049 2584 11577 1050 2585 11578 1047 2586 11579 1047 2586 11580 1050 2585 11581 1048 2587 11582 1047 2586 11583 1048 2587 11584 1046 2588 11585 1047 2586 11586 1046 2588 11587 1045 2589 11588 1045 2589 11589 1046 2588 11590 1044 2590 11591 1045 2589 11592 1044 2590 11593 1043 2591 11594 1043 2591 11595 1044 2590 11596 1041 2592 11597 1041 2592 11598 1044 2590 11599 1042 2593 11600 1041 2592 11601 1042 2593 11602 1039 2594 11603 1039 2594 11604 1042 2593 11605 1040 2595 11606 1039 2594 11607 1040 2595 11608 1038 2596 11609 1039 2594 11610 1038 2596 11611 1037 2597 11612 1037 2597 11613 1038 2596 11614 1034 2575 11615 1037 2597 11616 1034 2575 11617 1033 2574 11618 1401 2598 11619 1559 2599 11620 1558 2600 11621 1401 2598 11622 1558 2600 11623 1574 2601 11624 1401 2598 11625 1574 2601 11626 1404 2602 11627 1404 2602 11628 1574 2601 11629 1567 2603 11630 1404 2602 11631 1567 2603 11632 1403 2604 11633 1403 2604 11634 1567 2603 11635 1566 2605 11636 1403 2604 11637 1566 2605 11638 1405 2606 11639 1403 2604 11640 1405 2606 11641 1397 2607 11642 1403 2604 11643 1397 2607 11644 1404 2602 11645 1404 2602 11646 1397 2607 11647 1401 2598 11648 1401 2598 11649 1397 2607 11650 1402 2608 11651 1401 2598 11652 1402 2608 11653 1559 2599 11654 1559 2599 11655 1402 2608 11656 1400 2609 11657 1559 2599 11658 1400 2609 11659 1572 2610 11660 1572 2610 11661 1400 2609 11662 1573 2611 11663 1573 2611 11664 1400 2609 11665 1399 2612 11666 1573 2611 11667 1399 2612 11668 1564 2613 11669 1564 2613 11670 1399 2612 11671 1398 2614 11672 1564 2613 11673 1398 2614 11674 1565 2615 11675 1565 2615 11676 1398 2614 11677 1406 2616 11678 1406 2616 11679 1398 2614 11680 1397 2607 11681 1397 2607 11682 1398 2614 11683 1399 2612 11684 1397 2607 11685 1399 2612 11686 1400 2609 11687 1397 2607 11688 1400 2609 11689 1402 2608 11690 953 2617 11691 954 2618 11692 949 2619 11693 953 2617 11694 949 2619 11695 952 2620 11696 952 2620 11697 949 2619 11698 951 2621 11699 951 2621 11700 949 2619 11701 950 2622 11702 950 2622 11703 949 2619 11704 948 2623 11705 948 2623 11706 949 2619 11707 947 2624 11708 946 2625 11709 947 2624 11710 944 2626 11711 946 2625 11712 944 2626 11713 943 2627 11714 943 2627 11715 944 2626 11716 945 2628 11717 945 2628 11718 944 2626 11719 957 2629 11720 957 2629 11721 944 2626 11722 955 2630 11723 955 2630 11724 944 2626 11725 956 2631 11726 1016 2632 11727 1017 2633 11728 1018 2634 11729 1018 2634 11730 1017 2633 11731 1019 2635 11732 1018 2634 11733 1019 2635 11734 1021 2636 11735 1021 2636 11736 1019 2635 11737 1022 2637 11738 1021 2636 11739 1022 2637 11740 1024 2638 11741 1024 2638 11742 1022 2637 11743 1025 2639 11744 1024 2638 11745 1025 2639 11746 1028 2640 11747 1024 2638 11748 1028 2640 11749 1026 2641 11750 1026 2641 11751 1028 2640 11752 1031 2642 11753 1026 2641 11754 1031 2642 11755 1029 2643 11756 1029 2643 11757 1031 2642 11758 1032 2644 11759 1029 2643 11760 1032 2644 11761 1030 2645 11762 1029 2643 11763 1030 2645 11764 1026 2641 11765 1026 2641 11766 1030 2645 11767 1027 2646 11768 1026 2641 11769 1027 2646 11770 1024 2638 11771 1024 2638 11772 1027 2646 11773 1023 2647 11774 1024 2638 11775 1023 2647 11776 1020 2648 11777 1024 2638 11778 1020 2648 11779 1021 2636 11780 1021 2636 11781 1020 2648 11782 1016 2632 11783 1021 2636 11784 1016 2632 11785 1018 2634 11786 958 2649 11787 959 2650 11788 960 2651 11789 960 2651 11790 959 2650 11791 961 2652 11792 960 2651 11793 961 2652 11794 963 2653 11795 963 2653 11796 961 2652 11797 964 2654 11798 963 2653 11799 964 2654 11800 966 2655 11801 966 2655 11802 964 2654 11803 967 2656 11804 966 2655 11805 967 2656 11806 970 2657 11807 966 2655 11808 970 2657 11809 968 2658 11810 968 2658 11811 970 2657 11812 973 2659 11813 968 2658 11814 973 2659 11815 971 2660 11816 971 2660 11817 973 2659 11818 974 2661 11819 971 2660 11820 974 2661 11821 972 2662 11822 971 2660 11823 972 2662 11824 968 2658 11825 968 2658 11826 972 2662 11827 969 2663 11828 968 2658 11829 969 2663 11830 966 2655 11831 966 2655 11832 969 2663 11833 965 2664 11834 966 2655 11835 965 2664 11836 962 2665 11837 966 2655 11838 962 2665 11839 963 2653 11840 963 2653 11841 962 2665 11842 958 2649 11843 963 2653 11844 958 2649 11845 960 2651 11846 999 2666 11847 1000 2667 11848 1001 2668 11849 1001 2668 11850 1000 2667 11851 1002 2669 11852 1002 2669 11853 1000 2667 11854 1003 2670 11855 1002 2669 11856 1003 2670 11857 1005 2671 11858 1005 2671 11859 1003 2670 11860 1006 2672 11861 1005 2671 11862 1006 2672 11863 1008 2673 11864 1008 2673 11865 1006 2672 11866 1011 2674 11867 1011 2674 11868 1006 2672 11869 1010 2675 11870 1011 2674 11871 1010 2675 11872 1014 2676 11873 1014 2676 11874 1010 2675 11875 1013 2677 11876 1014 2676 11877 1013 2677 11878 1015 2678 11879 1015 2678 11880 1013 2677 11881 1012 2679 11882 1012 2679 11883 1013 2677 11884 1010 2675 11885 1012 2679 11886 1010 2675 11887 1009 2680 11888 1009 2680 11889 1010 2675 11890 1006 2672 11891 1009 2680 11892 1006 2672 11893 1007 2681 11894 1007 2681 11895 1006 2672 11896 1004 2682 11897 1004 2682 11898 1006 2672 11899 1003 2670 11900 1004 2682 11901 1003 2670 11902 999 2666 11903 999 2666 11904 1003 2670 11905 1000 2667 11906 975 2683 11907 976 2684 11908 977 2685 11909 977 2685 11910 976 2684 11911 978 2686 11912 977 2685 11913 978 2686 11914 997 2687 11915 997 2687 11916 978 2686 11917 998 2688 11918 997 2687 11919 998 2688 11920 996 2689 11921 997 2687 11922 996 2689 11923 995 2690 11924 995 2690 11925 996 2689 11926 994 2691 11927 995 2690 11928 994 2691 11929 993 2692 11930 993 2692 11931 994 2691 11932 991 2693 11933 991 2693 11934 994 2691 11935 992 2694 11936 991 2693 11937 992 2694 11938 989 2695 11939 989 2695 11940 992 2694 11941 990 2696 11942 989 2695 11943 990 2696 11944 988 2697 11945 989 2695 11946 988 2697 11947 987 2698 11948 987 2698 11949 988 2697 11950 986 2699 11951 987 2698 11952 986 2699 11953 985 2700 11954 985 2700 11955 986 2699 11956 983 2701 11957 983 2701 11958 986 2699 11959 984 2702 11960 983 2701 11961 984 2702 11962 981 2703 11963 981 2703 11964 984 2702 11965 982 2704 11966 981 2703 11967 982 2704 11968 980 2705 11969 981 2703 11970 980 2705 11971 979 2706 11972 979 2706 11973 980 2705 11974 976 2684 11975 979 2706 11976 976 2684 11977 975 2683 11978</p>
        </polylist>
      </mesh>
    </geometry>
    <geometry id="chr081_1-mesh" name="chr081_1">
      <mesh>
        <source id="chr081_1-mesh-positions">
          <float_array id="chr081_1-mesh-positions-array" count="8121">0.09047669 0.57095 0.07500249 0.09134227 0.528101 0.06646269 0.0707609 0.529015 0.008986294 0.06960117 0.622696 0.01724338 0.08956259 0.622707 0.07270157 0.215359 0.623347 0.02089995 0.220246 0.5291 0.01286059 0.197692 0.571112 0.07635265 0.199615 0.528204 0.06808805 0.195267 0.623296 0.07373666 0.1454409 0.527999 0.08880108 0.1440849 0.5709609 0.09684979 0.1423749 0.6229109 0.09385675 0.151719 0.365568 -0.09603857 0.145873 0.529784 -0.06454187 0.09104919 0.363376 -0.07717555 0.09141409 0.5295839 -0.04619956 0.151719 0.365568 -0.09603857 0.212087 0.363156 -0.07260996 0.145873 0.529784 -0.06454187 0.199818 0.529699 -0.04191541 0.2348629 0.358872 -0.01489305 0.211902 0.358426 0.04349184 0.1512899 0.358247 0.06517076 0.09083878 0.358527 0.04094451 0.06820029 0.358961 -0.01966637 0.120277 1.00367 -0.210323 0.201169 1.01111 -0.167205 0.1256589 1.07295 -0.1982809 0.1962159 1.07791 -0.160396 0.173192 1.1505 -0.134527 0.105509 1.14344 -0.168877 0.2585769 1.01339 -0.09241324 0.25562 1.08008 -0.0844298 0.2348319 1.15157 -0.07429909 0.07290726 1.28354 -0.1502159 0.08771377 1.20665 -0.15069 0.134195 1.28595 -0.1299409 0.153505 1.2123 -0.126327 0.186214 1.29075 -0.08321589 0.2054229 1.2161 -0.07544106 0.09163898 1.07283 -0.21421 6e-7 1.11524 -0.194127 0.106469 1.44325 0.03859186 0.05768299 1.44264 0.0782507 0.05994546 1.45743 0.03455042 0.107195 1.41999 0.09361106 0.05542105 1.41948 0.116315 0.151329 1.4235 0.05085349 0.05767619 1.44203 -0.120886 -3e-7 1.44195 -0.12487 0.0549485 1.41803 -0.138917 0 1.41842 -0.142185 0.06032449 1.45721 -0.08810627 -1.995e-4 1.45893 -0.104866 -2.096e-4 1.36462 -0.159546 -1.769e-4 1.28003 -0.157278 0.06066679 1.36509 -0.153903 -3e-7 1.36793 0.160228 0.06186741 1.36772 0.151889 -1.771e-4 1.29265 0.196241 0.07200795 1.29225 0.186079 -2.176e-4 1.41961 0.121891 0.10177 1.16022 0.234384 0 1.16121 0.249044 0.08696115 1.22779 0.213074 0 1.22863 0.225528 0.113614 1.00247 0.265093 -1.08e-4 1.00147 0.281321 0.110866 1.07808 0.2590939 0 1.07829 0.275045 0 0.865618 0.235197 0 0.929329 0.270166 0.09998744 0.8693659 0.2230539 0.110211 0.931354 0.254884 0.556868 1.41177 0.02271676 0.556793 1.42678 -0.02409857 0.7902719 1.41197 0.02242815 0.7902659 1.42718 -0.02448028 0.7902249 1.41126 -0.06659096 0.556711 1.41141 -0.06647926 0.254881 1.42847 -0.0243116 0.500163 1.4266 -0.02438944 0.256992 1.41307 0.02612292 0.500158 1.41167 0.02287286 0.257007 1.41234 -0.06949108 0.500152 1.41093 -0.06695896 0.556988 1.32858 0.04133498 0.556951 1.37105 0.05011653 0.790284 1.32893 0.04099261 0.790239 1.37114 0.04955291 0.262505 1.3711 0.05590862 0.500207 1.37103 0.05035781 0.267755 1.32732 0.0470851 0.500258 1.32872 0.0417546 0.790279 1.31304 -0.006408393 0.556972 1.31286 -0.006239414 0.269507 1.3109 -0.004113197 0.500295 1.31277 -0.006071507 0.79028 1.32851 -0.05797559 0.556774 1.32835 -0.05814707 0.790279 1.31304 -0.006408393 0.556972 1.31286 -0.006239414 0.267471 1.32683 -0.05998635 0.269507 1.3109 -0.004113197 0.500224 1.32829 -0.05822128 0.500295 1.31277 -0.006071507 0.790237 1.36968 -0.08004158 0.5566689 1.36977 -0.08040159 0.262295 1.36951 -0.08399945 0.500198 1.36956 -0.08053857 0.189211 1.41662 0.03472673 0.186331 1.43272 -0.02386087 0.2229099 1.41486 0.03052556 0.2206789 1.43059 -0.02412128 0.189018 1.41613 -0.076303 0.222953 1.41418 -0.07300949 0.1538969 1.43765 -0.02430677 0.189211 1.41662 0.03472673 0.186331 1.43272 -0.02386087 0.150776 1.42315 -0.09094756 0.189018 1.41613 -0.076303 0.1991159 1.3709 0.06973749 0.230646 1.37076 0.06301069 0.205853 1.32214 0.06204879 0.1900259 1.29286 0.08851808 0.170306 1.36783 0.09306645 0.205853 1.32214 0.06204879 0.1991159 1.3709 0.06973749 0.215828 1.30411 8.905e-4 0.2161329 1.27365 0.006410717 0.215828 1.30411 8.905e-4 0.215828 1.30411 8.905e-4 0.209664 1.32086 -0.06628155 0.209664 1.32086 -0.06628155 0.2302629 1.36917 -0.08843004 0.198623 1.36923 -0.09273004 0.169452 1.36641 -0.107487 0.198623 1.36923 -0.09273004 0.122608 1.36759 0.1273109 0.141673 1.29164 0.1540279 0.1852149 1.15756 0.189513 0.1667799 1.22548 0.1720759 0.2373459 1.15443 0.115842 0.21513 1.22332 0.102259 0.121269 1.36555 -0.1373929 0.106759 1.41917 -0.123862 0.261661 1.15197 0.0143094 0.233954 1.21959 0.009579777 0.211431 0.809297 0.105338 0.224682 0.844262 0.119559 0.2341679 0.8137559 0.03225588 0.251976 0.850833 0.0292508 0.207983 0.808878 -0.02822273 0.2213069 0.8483409 -0.04943948 0.246275 0.886548 0.130268 0.271812 0.8940739 0.02697527 0.2390959 0.8928119 -0.06842267 0.177196 0.887456 -0.141829 0.154151 0.8382399 -0.09819298 0.08404159 0.828381 -0.111797 0.1380969 0.802679 -0.06155788 0.06786727 0.795763 -0.04760575 0.08777236 0.8323249 0.1827909 0.163765 0.836139 0.1635119 0.180772 0.8778109 0.1854259 0.07467287 0.795272 0.110508 0.146506 0.803711 0.135268 0.195164 0.9370949 0.2083489 0.260787 0.9420869 0.1366469 0.200527 1.00539 0.2156 0.26426 1.00708 0.135578 0.1992319 1.07752 0.210424 0.260839 1.07618 0.127283 0.28646 0.9504349 0.02325528 0.251425 0.9507729 -0.08598935 0.292943 1.00888 0.0210216 0.284147 1.07758 0.018278 0.1149049 1.44541 -0.02663755 0.07870918 1.45967 -0.02803468 0.106631 1.44311 -0.08729016 0 1.44301 0.08284056 0 1.45979 0.05101549 0.06230252 1.47441 0.0363608 0.08101946 1.48111 -0.02909857 0.05760598 1.48588 -0.08944416 -2.445e-4 1.46845 0.06099677 -1.03e-5 1.48415 -0.1112329 0.1940569 0.946549 -0.161606 0.09788948 0.934848 -0.204671 -1.42e-4 0.8294019 0.189575 0 0.795399 0.120439 -1.651e-4 1.1043 -0.232277 0.06967908 1.07076 -0.2386339 0.1043 1.00044 -0.2421759 -1.651e-4 1.1043 -0.232277 2e-7 1.08658 -0.4036059 0.06967908 1.07076 -0.2386339 0.06179368 1.05957 -0.407731 0.08978617 0.9959009 -0.413776 0.1043 1.00044 -0.2421759 0.07249408 0.9353979 -0.240372 0.06160461 0.938924 -0.415209 0.07249408 0.9353979 -0.240372 6e-7 0.909576 -0.236748 0 0.9184359 -0.414488 0.218379 0.318563 -0.08746045 0.243272 0.3079119 -0.02314662 0.220254 0.307035 0.0417059 0.06628727 0.308464 -0.0281319 0.09137988 0.319557 -0.09226858 0.08952558 0.3074719 0.03953886 0.15363 0.322524 -0.110776 0.15363 0.322524 -0.110776 0.153353 0.309037 0.06569588 0.14266 0.623593 -0.0537666 0.19541 0.623598 -0.03175759 0.140356 0.709288 -0.04601949 0.199597 0.7113959 -0.0195561 0.14266 0.623593 -0.0537666 0.140356 0.709288 -0.04601949 0.08962434 0.6230549 -0.03611981 0.0868988 0.706847 -0.02892035 0.1380969 0.802679 -0.06155788 0.1393589 0.7677189 -0.04490929 0.207983 0.808878 -0.02822273 0.201085 0.768772 -0.01857888 0.1380969 0.802679 -0.06155788 0.06786727 0.795763 -0.04760575 0.1393589 0.7677189 -0.04490929 0.0797379 0.7603129 -0.02584487 0.06693065 0.705418 0.02690523 0.08699947 0.705844 0.08752036 0.07467287 0.795272 0.110508 0.08087176 0.75502 0.100882 0.0482679 0.784958 0.03016126 0.05731976 0.7516019 0.03244912 0.1403239 0.707992 0.109315 0.193235 0.7105519 0.08850866 0.211431 0.809297 0.105338 0.201498 0.768416 0.1005319 0.146506 0.803711 0.135268 0.1401219 0.7618319 0.123471 0.217966 0.711721 0.031632 0.22434 0.771075 0.03361839 0.2341679 0.8137559 0.03225588 0 1.19693 -0.1625699 0.09362167 0.883817 -0.180323 -1.336e-4 0.8789979 -0.182685 0 0.8230199 -0.1137599 0 0.7938479 -0.04779183 6e-7 0.909576 -0.236748 0 0.9485719 -1.34633 0.0264495 0.957448 -1.34635 0 0.955887 -1.52121 0.01808571 0.9622139 -1.52184 0 0.94657 -1.29832 0.02883768 0.95627 -1.29842 0.04194796 0.9873129 -1.29811 0.03850889 0.986275 -1.34639 0.02877151 1.02349 -1.29679 0.03433358 1.01728 -1.34591 0.0767284 0.993789 -0.546746 0.05266141 0.9435879 -0.5466859 -2.175e-4 0.926105 -0.546607 -2.09e-4 1.07132 -0.54673 0.05248469 1.04874 -0.546774 0 1.05973 -0.708932 0.045497 1.04016 -0.709066 0.0662775 0.991427 -0.709065 0.04529178 0.9472049 -0.708967 -2.551e-4 0.9322589 -0.708856 0.0404514 0.950019 -0.878578 -2.8e-4 0.936571 -0.878565 0.05895179 0.9905209 -0.878623 0.04035639 1.03437 -0.878608 -2.776e-4 1.05163 -0.878524 0.03668808 0.952293 -1.03156 0 0.939952 -1.03152 0.05319166 0.989449 -1.0316 0.03660649 1.02957 -1.03161 0 1.04529 -1.03155 0.0339393 0.9573639 -1.18985 0 0.94608 -1.18981 0.04953408 0.988751 -1.18991 0.03386688 1.02595 -1.1899 -3.338e-4 1.04034 -1.18981 0.0482679 0.784958 0.03016126 0 0.78382 0.0319311 0.52851 1.32823 -0.05806839 0.5283899 1.36977 -0.08047288 0.528517 1.41124 -0.06664848 0.03099822 0.9847149 -1.52122 0 0.9736329 -1.74313 0.0335462 1.06633 -1.52203 -4.891e-4 1.0355 -1.29466 0.07156246 1.15309 -1.25438 -7.4e-6 1.01906 -1.48226 0 0.9736329 -1.74313 0.0335462 1.06633 -1.52203 0.07156246 1.15309 -1.25438 -4.891e-4 1.0355 -1.29466 0.8306619 1.4219 0.08241826 0.830988 1.45012 0.04480963 0.88772 1.41917 0.09842038 0.940639 1.42931 -0.131186 0.9421019 1.45261 -0.07953006 0.8880009 1.42705 -0.124888 0.8883919 1.45273 -0.0749377 0.8306019 1.42324 -0.1174229 0.8307849 1.45054 -0.07070136 0.946362 1.45635 -0.003914177 0.889223 1.45999 -0.01021289 0.8308219 1.4589 -0.0123018 0.832588 1.33005 -0.116269 0.8311149 1.30196 -0.06605595 0.890647 1.3159 -0.101431 0.889141 1.30084 -0.0559858 0.9426969 1.31581 -0.08317327 0.9407659 1.31433 -0.03726708 0.830851 1.29287 -0.009270489 0.8881819 1.29273 -0.001357555 0.944517 1.313 0.01368939 0.9977439 1.31384 -0.0240432 1.05473 1.36316 -0.05790972 1.00046 1.3222 -0.06997805 1.04113 1.3259 -0.01032698 1.03307 1.41355 0.06373196 1.01949 1.41622 0.08713865 0.991114 1.43967 0.05482631 1.04334 1.43395 0.03968578 0.987388 1.38946 0.120909 1.03544 1.36121 0.1392819 1.05964 1.38884 0.106588 1.11377 1.34538 0.111687 1.10435 1.31172 0.0746448 1.15937 1.29883 0.115804 1.1503 1.28053 0.09327185 1.19516 1.24788 0.120395 1.0691 1.266 0.109331 1.13013 1.25459 0.1161569 1.08064 1.27233 0.08022099 1.13562 1.25848 0.09756648 1.10435 1.31172 0.0746448 1.1503 1.28053 0.09327185 1.19516 1.24788 0.120395 1.0736 1.28326 0.135379 1.09586 1.32389 0.1421779 1.13426 1.26429 0.132169 1.14869 1.2865 0.1354849 1.0736 1.28326 0.135379 1.13426 1.26429 0.132169 1.13958 1.36366 -0.07481569 1.14771 1.41352 -0.07963466 1.20459 1.36497 -0.09425806 1.20915 1.39386 -0.09669679 1.2637 1.37273 -0.119767 1.14896 1.42666 -0.108933 1.20951 1.40196 -0.114183 1.14604 1.41367 -0.137562 1.2073 1.39404 -0.130634 1.13445 1.34148 -0.122402 1.20109 1.35234 -0.121281 1.14024 1.38033 -0.147817 1.20394 1.37459 -0.1360729 1.20394 1.37459 -0.1360729 1.14024 1.38033 -0.147817 1.2637 1.37273 -0.119767 1.13958 1.36366 -0.07481569 1.20459 1.36497 -0.09425806 1.13338 1.33526 -0.005161583 1.13816 1.36458 0.02899909 1.20285 1.34845 -0.007358193 1.20548 1.36576 0.01258987 1.13798 1.36458 -0.03938072 1.20496 1.36542 -0.02723693 1.27011 1.37169 -0.01047563 1.14624 1.41375 0.02395468 1.14841 1.4272 -0.005162656 1.21018 1.39419 0.009279787 1.21132 1.40192 -0.00801438 1.27011 1.37169 -0.01047563 1.14617 1.4138 -0.03431427 1.20965 1.39333 -0.02466374 1.13798 1.36458 -0.03938072 1.20496 1.36542 -0.02723693 1.13816 1.36458 0.02899909 1.20548 1.36576 0.01258987 0.997927 1.38979 -0.154605 0.940692 1.38862 -0.150866 0.9981849 1.33952 -0.128714 0.941851 1.33845 -0.13185 0.940692 1.38862 -0.150866 0.9978359 1.43048 -0.136918 1.03973 1.33928 -0.124985 1.03962 1.38904 -0.156268 1.04064 1.4306 -0.1411849 1.00096 1.45439 -0.05675369 0.9993389 1.4512 -0.09131067 1.04468 1.44326 -0.0576561 1.04282 1.44827 -0.100531 0.830196 1.37495 0.100065 0.886026 1.35175 0.114951 0.829953 1.32756 0.08845347 0.8854109 1.30527 0.09653097 0.830196 1.37495 0.100065 0.886026 1.35175 0.114951 0.830739 1.37805 -0.134288 0.8878979 1.38428 -0.1445249 0.830739 1.37805 -0.134288 0.890356 1.3431 -0.136467 0.8878979 1.38428 -0.1445249 0.994476 1.29186 0.0602073 0.938183 1.28073 0.04933774 0.8301329 1.30022 0.0473212 0.886001 1.28317 0.04691761 1.07079 1.36837 0.04104745 1.07615 1.43129 0.03332227 1.07079 1.36837 0.04104745 1.03028 1.33623 0.04318058 1.03307 1.41355 0.06373196 1.06673 1.33118 -0.005708754 1.07187 1.36826 -0.05005306 1.07631 1.44698 -0.003781557 1.04344 1.44892 -0.004585564 1.07597 1.43205 -0.0430383 1.05473 1.36316 -0.05790972 1.07187 1.36826 -0.05005306 1.07599 1.43143 -0.06724357 1.07166 1.36759 -0.06241226 1.07507 1.44599 -0.10607 1.07327 1.4296 -0.142768 1.06988 1.38861 -0.1562989 1.06637 1.33983 -0.124345 1.07166 1.36759 -0.06241226 1.06163 1.34377 0.05646479 1.0326 1.28491 0.06748378 0.995831 1.44985 -0.003415465 1.06163 1.34377 0.05646479 1.01494 1.2812 0.104185 1.01617 1.30589 0.132547 1.01617 1.30589 0.132547 0.680102 1.26804 -0.007757008 0.680159 1.27984 -0.08184057 0.680417 1.31552 -0.139907 0.68048 1.37227 -0.160842 0.680354 1.4289 -0.139671 0.680098 1.46572 -0.0815401 0.680063 1.47812 -0.007560372 0.680216 1.46567 0.06116366 0.680462 1.42915 0.110071 0.680476 1.37217 0.12712 0.680483 1.31499 0.109843 0.680476 1.37217 0.12712 0.680252 1.27983 0.06092149 0.975142 1.2882 0.104 0.97604 1.32006 0.132445 0.97604 1.32006 0.132445 0.8858309 1.45039 0.04822665 0.9414329 1.40616 0.113186 0.9345709 1.33274 0.127202 0.9345709 1.33274 0.127202 0.933191 1.29405 0.106037 0.9436459 1.44664 0.05174463 0.680159 1.27984 -0.08184057 0.8257089 1.37419 -0.02497065 0.680102 1.26804 -0.007757008 0.680417 1.31552 -0.139907 0.68048 1.37227 -0.160842 0.680354 1.4289 -0.139671 0.8257089 1.37419 -0.02497065 0.680098 1.46572 -0.0815401 0.680063 1.47812 -0.007560372 0.680216 1.46567 0.06116366 0.680462 1.42915 0.110071 0.680476 1.37217 0.12712 0.680483 1.31499 0.109843 0.680476 1.37217 0.12712 0.680252 1.27983 0.06092149 -0.09047669 0.57095 0.07500249 -0.0707609 0.529015 0.008986294 -0.09134227 0.528101 0.06646269 -0.06960117 0.622696 0.01724338 -0.08956259 0.622707 0.07270157 -0.215359 0.623347 0.02089995 -0.197692 0.571112 0.07635265 -0.220246 0.5291 0.01286059 -0.199615 0.528204 0.06808805 -0.195267 0.623296 0.07373666 -0.1440849 0.5709609 0.09684979 -0.1454409 0.527999 0.08880108 -0.1423749 0.6229109 0.09385675 -0.09141409 0.5295839 -0.04619956 -0.145873 0.529784 -0.06454187 -0.09104919 0.363376 -0.07717555 -0.151719 0.365568 -0.09603857 -0.199818 0.529699 -0.04191541 -0.212087 0.363156 -0.07260996 -0.145873 0.529784 -0.06454187 -0.151719 0.365568 -0.09603857 -0.2348629 0.358872 -0.01489305 -0.211902 0.358426 0.04349184 -0.1512899 0.358247 0.06517076 -0.09083878 0.358527 0.04094451 -0.06820029 0.358961 -0.01966637 -0.1962159 1.07791 -0.160396 -0.201169 1.01111 -0.167205 -0.1256589 1.07295 -0.1982809 -0.120277 1.00367 -0.210323 -0.173192 1.1505 -0.134527 -0.105509 1.14344 -0.168877 -0.25562 1.08008 -0.0844298 -0.2585769 1.01339 -0.09241324 -0.2348319 1.15157 -0.07429909 -0.153505 1.2123 -0.126327 -0.08771365 1.20665 -0.15069 -0.1341959 1.28595 -0.12994 -0.07303106 1.28351 -0.1501889 -0.2054229 1.2161 -0.07544106 -0.186214 1.29075 -0.08321589 -0.09163898 1.07283 -0.21421 6e-7 1.11524 -0.194127 -0.106469 1.44325 0.03859186 -0.05994546 1.45743 0.03455042 -0.05768299 1.44264 0.0782507 -0.107195 1.41999 0.09361106 -0.05558228 1.41952 0.116243 -0.151329 1.4235 0.05085349 0 1.41842 -0.142185 -3e-7 1.44195 -0.12487 -0.05500334 1.41808 -0.138885 -0.05775779 1.44198 -0.120926 -1.995e-4 1.45893 -0.104866 -0.06045669 1.45719 -0.08799588 -1.769e-4 1.28003 -0.157278 -0.06086623 1.3651 -0.1538609 -2.096e-4 1.36462 -0.159546 -0.07212948 1.29221 0.186061 -0.06195592 1.36771 0.151871 -1.771e-4 1.29265 0.196241 -3e-7 1.36793 0.160228 -2.176e-4 1.41961 0.121891 0 1.22863 0.225528 0 1.16121 0.249044 -0.08696097 1.22779 0.213074 -0.10177 1.16022 0.234384 0 1.07829 0.275045 -1.08e-4 1.00147 0.281321 -0.110897 1.07811 0.2590759 -0.113716 1.00247 0.265057 -0.110243 0.931324 0.254862 0 0.929329 0.270166 -0.09998744 0.8693659 0.2230539 0 0.865618 0.235197 -0.556868 1.41177 0.02271676 -0.7902719 1.41197 0.02242815 -0.556793 1.42678 -0.02409857 -0.7902659 1.42718 -0.02448028 -0.7902249 1.41126 -0.06659096 -0.556711 1.41141 -0.06647926 -0.500158 1.41167 0.02287286 -0.500163 1.4266 -0.02438944 -0.256992 1.41307 0.02612292 -0.254881 1.42847 -0.0243116 -0.500152 1.41093 -0.06695896 -0.257007 1.41234 -0.06949108 -0.556988 1.32858 0.04133498 -0.790284 1.32893 0.04099261 -0.556951 1.37105 0.05011653 -0.790239 1.37114 0.04955291 -0.500258 1.32872 0.0417546 -0.500207 1.37103 0.05035781 -0.267755 1.32732 0.04708528 -0.262505 1.3711 0.05590862 -0.556972 1.31286 -0.006239414 -0.790279 1.31304 -0.006408393 -0.500295 1.31277 -0.006071507 -0.269507 1.3109 -0.004113197 -0.79028 1.32851 -0.05797559 -0.790279 1.31304 -0.006408393 -0.556774 1.32835 -0.05814707 -0.556972 1.31286 -0.006239414 -0.500295 1.31277 -0.006071507 -0.269507 1.3109 -0.004113197 -0.500224 1.32829 -0.05822128 -0.267471 1.32683 -0.05998635 -0.790237 1.36968 -0.08004158 -0.5566689 1.36977 -0.08040159 -0.500198 1.36956 -0.08053857 -0.262295 1.36951 -0.08399945 -0.2206789 1.43059 -0.02412128 -0.186331 1.43272 -0.02386087 -0.2229099 1.41486 0.03052556 -0.189211 1.41662 0.03472673 -0.222953 1.41418 -0.07300949 -0.189018 1.41613 -0.076303 -0.186331 1.43272 -0.02386087 -0.1538969 1.43765 -0.02430677 -0.189211 1.41662 0.03472673 -0.189018 1.41613 -0.076303 -0.150776 1.42315 -0.09094756 -0.1991159 1.3709 0.06973749 -0.205853 1.32214 0.06204879 -0.230646 1.37076 0.06301069 -0.1991159 1.3709 0.06973749 -0.170306 1.36783 0.09306645 -0.205853 1.32214 0.06204879 -0.1900259 1.29286 0.08851796 -0.215828 1.30411 8.905e-4 -0.215828 1.30411 8.905e-4 -0.2161329 1.27365 0.006410717 -0.209664 1.32086 -0.06628155 -0.215828 1.30411 8.905e-4 -0.209664 1.32086 -0.06628155 -0.2302629 1.36917 -0.08843004 -0.198623 1.36923 -0.09273004 -0.198623 1.36923 -0.09273004 -0.169452 1.36641 -0.107487 -0.122608 1.36759 0.12731 -0.1416739 1.29164 0.1540269 -0.1667799 1.22548 0.1720759 -0.1852149 1.15756 0.189513 -0.21513 1.22332 0.102259 -0.2373459 1.15443 0.115842 -0.10676 1.41917 -0.123861 -0.12127 1.36555 -0.1373919 -0.261661 1.15197 0.0143094 -0.233954 1.21959 0.009579777 -0.251976 0.850833 0.0292508 -0.224682 0.844262 0.119559 -0.2341679 0.8137559 0.03225588 -0.211431 0.809297 0.105338 -0.2213069 0.8483409 -0.04943948 -0.207983 0.808878 -0.02822273 -0.271812 0.8940739 0.02697527 -0.246275 0.886548 0.130268 -0.2390959 0.8928119 -0.06842267 -0.177196 0.887456 -0.141829 -0.154151 0.8382399 -0.09819298 -0.06786727 0.795763 -0.04760575 -0.08407926 0.82836 -0.111762 -0.1380969 0.802679 -0.06155788 -0.180772 0.8778109 0.1854259 -0.163765 0.836139 0.1635119 -0.08783137 0.83233 0.182788 -0.146506 0.803711 0.135268 -0.07467287 0.795273 0.110509 -0.195165 0.9370949 0.2083489 -0.260787 0.9420869 0.1366469 -0.200527 1.00539 0.2156 -0.26426 1.00708 0.135578 -0.1992319 1.07752 0.210424 -0.260839 1.07618 0.127283 -0.28646 0.9504349 0.02325528 -0.251425 0.9507729 -0.08598935 -0.292943 1.00888 0.0210216 -0.284147 1.07758 0.018278 -0.07857835 1.45978 -0.02807199 -0.1149049 1.44541 -0.02663755 -0.1066319 1.44311 -0.08729118 0 1.44301 0.08284056 0 1.45979 0.05101549 -0.08091008 1.48088 -0.02886867 -0.06232672 1.47441 0.0363608 -0.05784869 1.48591 -0.08928048 -2.445e-4 1.46845 0.06099677 -1.03e-5 1.48415 -0.1112329 -0.1940569 0.946549 -0.161606 -0.09792518 0.934885 -0.204675 -1.42e-4 0.8294019 0.189575 0 0.795399 0.120439 -1.651e-4 1.1043 -0.232277 -0.06975156 1.07072 -0.23861 -0.1043 1.00043 -0.2421759 -0.0618146 1.05956 -0.407697 2e-7 1.08658 -0.4036059 -0.06975156 1.07072 -0.23861 -1.651e-4 1.1043 -0.232277 -0.1043 1.00043 -0.2421759 -0.08978617 0.9959009 -0.413776 -0.07249379 0.9353979 -0.2403709 -0.07249379 0.9353979 -0.2403709 -0.06160461 0.938924 -0.415209 0 0.9184359 -0.414488 6e-7 0.909576 -0.236748 -0.243279 0.307904 -0.02326375 -0.218364 0.318718 -0.08737009 -0.220254 0.307035 0.04170542 -0.09138029 0.319557 -0.09226906 -0.06628727 0.308464 -0.0281319 -0.08952558 0.3074719 0.03953886 -0.153702 0.322533 -0.11077 -0.153702 0.322533 -0.11077 -0.153353 0.309037 0.06569588 -0.199597 0.7113959 -0.0195561 -0.19541 0.623598 -0.03175759 -0.140356 0.709288 -0.04601949 -0.14266 0.623593 -0.0537666 -0.0868988 0.706847 -0.02892035 -0.140356 0.709288 -0.04601949 -0.08962434 0.6230549 -0.03611981 -0.14266 0.623593 -0.0537666 -0.1380969 0.802679 -0.06155788 -0.207983 0.808878 -0.02822273 -0.1393589 0.7677189 -0.04490929 -0.201085 0.768772 -0.01857888 -0.1380969 0.802679 -0.06155788 -0.1393589 0.7677189 -0.04490929 -0.06786727 0.795763 -0.04760575 -0.0797379 0.7603129 -0.02584487 -0.06693065 0.705418 0.02690523 -0.08699947 0.705844 0.08752036 -0.05731976 0.7516019 0.03244912 -0.08087176 0.75502 0.100882 -0.0482679 0.784958 0.03016126 -0.07467287 0.795273 0.110509 -0.193235 0.7105519 0.08850866 -0.1403239 0.707992 0.109315 -0.1401219 0.7618319 0.123471 -0.201498 0.768416 0.1005319 -0.146506 0.803711 0.135268 -0.211431 0.809297 0.105338 -0.22434 0.771075 0.03361839 -0.217966 0.711721 0.031632 -0.2341679 0.8137559 0.03225588 0 1.19693 -0.1625699 -0.09375166 0.883825 -0.180297 -1.336e-4 0.8789979 -0.182685 0 0.7938479 -0.04779183 0 0.8230199 -0.1137599 6e-7 0.909576 -0.236748 0 0.9485719 -1.34633 0 0.955887 -1.52121 -0.0264495 0.957448 -1.34635 -0.01808571 0.9622139 -1.52184 -0.02883768 0.95627 -1.29842 0 0.94657 -1.29832 -0.03850889 0.986275 -1.34639 -0.04194796 0.9873129 -1.29811 -0.03433388 1.01728 -1.34591 -0.0290687 1.0232 -1.29676 -0.05280613 0.9437159 -0.546646 -0.0767284 0.9937919 -0.546745 -2.175e-4 0.926105 -0.546607 -0.05262297 1.0486 -0.546799 -2.09e-4 1.07132 -0.54673 0 1.05973 -0.708932 -0.04551315 1.04014 -0.709034 -0.06627738 0.991427 -0.709066 -0.04549068 0.9473719 -0.708966 -2.551e-4 0.9322589 -0.708856 -2.8e-4 0.936571 -0.878565 -0.04066616 0.9502199 -0.878577 -0.05895143 0.990529 -0.878623 -2.776e-4 1.05163 -0.878524 -0.04054003 1.03419 -0.8786379 0 0.939952 -1.03152 -0.03670358 0.9523099 -1.0316 -0.0531916 0.9894499 -1.0316 -0.03662222 1.02955 -1.03158 0 1.04529 -1.03155 0 0.94608 -1.18981 -0.0339393 0.9573639 -1.18985 -0.04953414 0.988749 -1.18991 -0.03411 1.02571 -1.18989 -3.338e-4 1.04034 -1.18981 0 0.78382 0.0319311 -0.0482679 0.784958 0.03016126 -0.52851 1.32823 -0.05806839 -0.5283899 1.36977 -0.08047288 -0.528517 1.41124 -0.06664848 -0.03099822 0.9847149 -1.52122 0 0.9736329 -1.74313 -0.03354758 1.06632 -1.52207 -4.891e-4 1.0355 -1.29466 -0.0715869 1.15308 -1.25438 -7.4e-6 1.01906 -1.48226 -0.03354758 1.06632 -1.52207 0 0.9736329 -1.74313 -4.891e-4 1.0355 -1.29466 -0.0715869 1.15308 -1.25438 -0.8306619 1.4219 0.08241826 -0.88772 1.41917 0.09842038 -0.830988 1.45012 0.04480963 -0.8883919 1.45273 -0.0749377 -0.9421019 1.45261 -0.07953006 -0.8880009 1.42705 -0.124888 -0.940639 1.42931 -0.131186 -0.8307849 1.45054 -0.07070136 -0.8306019 1.42324 -0.1174229 -0.889223 1.45999 -0.01021289 -0.946362 1.45635 -0.003914177 -0.8308219 1.4589 -0.0123018 -0.889141 1.30084 -0.0559858 -0.8311149 1.30196 -0.06605589 -0.890647 1.3159 -0.101431 -0.832588 1.33005 -0.116269 -0.9407659 1.31433 -0.03726708 -0.9426969 1.31581 -0.08317327 -0.8881819 1.29273 -0.001357555 -0.830851 1.29287 -0.009270489 -0.944517 1.313 0.01368939 -0.9977439 1.31384 -0.0240432 -1.05473 1.36316 -0.05790978 -1.04113 1.3259 -0.01032698 -1.00046 1.3222 -0.06997805 -1.03307 1.41355 0.06373196 -0.991114 1.43967 0.05482631 -1.01949 1.41622 0.08713865 -1.04334 1.43395 0.03968578 -0.987388 1.38946 0.120909 -1.03544 1.36121 0.1392819 -1.05964 1.38884 0.106588 -1.1503 1.28053 0.09327185 -1.10435 1.31172 0.0746448 -1.15937 1.29883 0.115804 -1.11377 1.34538 0.111687 -1.19516 1.24788 0.120395 -1.13562 1.25848 0.09756648 -1.13013 1.25459 0.1161569 -1.08064 1.27233 0.08022099 -1.0691 1.266 0.109331 -1.1503 1.28053 0.09327185 -1.10435 1.31172 0.0746448 -1.19516 1.24788 0.120395 -1.14869 1.2865 0.1354849 -1.09586 1.32389 0.1421779 -1.13426 1.26429 0.132169 -1.0736 1.28326 0.135379 -1.13426 1.26429 0.132169 -1.0736 1.28326 0.135379 -1.20915 1.39386 -0.09669679 -1.14771 1.41352 -0.07963466 -1.20459 1.36497 -0.09425806 -1.13958 1.36366 -0.07481569 -1.2637 1.37273 -0.119767 -1.20951 1.40196 -0.114183 -1.14896 1.42666 -0.108933 -1.2073 1.39404 -0.130634 -1.14604 1.41367 -0.137562 -1.20394 1.37459 -0.1360729 -1.20109 1.35234 -0.121281 -1.14024 1.38033 -0.147817 -1.13445 1.34148 -0.122402 -1.14024 1.38033 -0.147817 -1.20394 1.37459 -0.1360729 -1.2637 1.37273 -0.119767 -1.20459 1.36497 -0.09425806 -1.13958 1.36366 -0.07481569 -1.20548 1.36576 0.01258987 -1.13816 1.36458 0.02899909 -1.20285 1.34845 -0.007358193 -1.13338 1.33526 -0.005161583 -1.20496 1.36542 -0.02723693 -1.13798 1.36458 -0.03938072 -1.27011 1.37169 -0.01047563 -1.21132 1.40192 -0.00801438 -1.14841 1.4272 -0.005162656 -1.21018 1.39419 0.009279787 -1.14624 1.41375 0.02395468 -1.27011 1.37169 -0.01047563 -1.20965 1.39333 -0.02466374 -1.14617 1.4138 -0.03431427 -1.20496 1.36542 -0.02723693 -1.13798 1.36458 -0.03938072 -1.20548 1.36576 0.01258987 -1.13816 1.36458 0.02899909 -0.941851 1.33845 -0.13185 -0.940692 1.38862 -0.150866 -0.9981849 1.33952 -0.128714 -0.997927 1.38979 -0.154605 -0.940692 1.38862 -0.150866 -0.9978359 1.43048 -0.136918 -1.03962 1.38904 -0.156268 -1.03973 1.33928 -0.124985 -1.04064 1.4306 -0.1411849 -1.04282 1.44827 -0.100531 -0.9993389 1.4512 -0.09131067 -1.04468 1.44326 -0.0576561 -1.00096 1.45439 -0.05675369 -0.8854109 1.30527 0.09653097 -0.886026 1.35175 0.114951 -0.829953 1.32756 0.08845347 -0.830196 1.37495 0.100065 -0.886026 1.35175 0.114951 -0.830196 1.37495 0.100065 -0.8878979 1.38428 -0.1445249 -0.830739 1.37805 -0.134288 -0.830739 1.37805 -0.134288 -0.8878979 1.38428 -0.1445249 -0.890356 1.3431 -0.136467 -0.994476 1.29186 0.0602073 -0.938183 1.28073 0.04933774 -0.886001 1.28317 0.04691761 -0.8301329 1.30022 0.0473212 -1.07079 1.36837 0.04104745 -1.07615 1.43129 0.03332227 -1.07079 1.36837 0.04104745 -1.03307 1.41355 0.06373196 -1.03028 1.33623 0.04318058 -1.06673 1.33118 -0.005708754 -1.07187 1.36826 -0.05005306 -1.04344 1.44892 -0.004585564 -1.07597 1.43205 -0.0430383 -1.07631 1.44698 -0.003781557 -1.07187 1.36826 -0.05005306 -1.05473 1.36316 -0.05790978 -1.07166 1.36759 -0.06241226 -1.07599 1.43143 -0.06724357 -1.07327 1.4296 -0.142768 -1.07507 1.44599 -0.10607 -1.06637 1.33983 -0.124345 -1.06988 1.38861 -0.1562989 -1.07166 1.36759 -0.06241226 -1.06163 1.34377 0.05646479 -1.0326 1.28491 0.06748378 -0.995831 1.44985 -0.003415465 -1.06163 1.34377 0.05646479 -1.01494 1.2812 0.104185 -1.01617 1.30589 0.132547 -1.01617 1.30589 0.132547 -0.680159 1.27984 -0.08184057 -0.680102 1.26804 -0.007757008 -0.680417 1.31552 -0.139907 -0.68048 1.37227 -0.160842 -0.680354 1.4289 -0.139671 -0.680098 1.46572 -0.0815401 -0.680063 1.47812 -0.007560372 -0.680216 1.46567 0.06116354 -0.680462 1.42915 0.110071 -0.680476 1.37217 0.12712 -0.680476 1.37217 0.12712 -0.680483 1.31499 0.109843 -0.680252 1.27983 0.06092149 -0.97604 1.32006 0.132445 -0.975142 1.2882 0.104 -0.97604 1.32006 0.132445 -0.8858309 1.45039 0.04822665 -0.9345709 1.33274 0.127202 -0.9414329 1.40616 0.113186 -0.933191 1.29405 0.106037 -0.9345709 1.33274 0.127202 -0.9436459 1.44664 0.05174463 -0.680159 1.27984 -0.08184057 -0.680102 1.26804 -0.007757008 -0.8257089 1.37419 -0.02497065 -0.680417 1.31552 -0.139907 -0.68048 1.37227 -0.160842 -0.680354 1.4289 -0.139671 -0.8257089 1.37419 -0.02497065 -0.680098 1.46572 -0.0815401 -0.680063 1.47812 -0.007560372 -0.680216 1.46567 0.06116354 -0.680462 1.42915 0.110071 -0.680476 1.37217 0.12712 -0.680483 1.31499 0.109843 -0.680476 1.37217 0.12712 -0.680252 1.27983 0.06092149 -0.01727277 1.50893 -0.170876 0.05291342 1.48524 -0.167214 0.007568418 1.44307 -0.112544 0.100225 1.4288 -0.160511 -0.03366458 1.5624 -0.256492 0.08502215 1.52194 -0.250373 0.165926 1.4272 -0.239291 -0.0337336 1.57166 -0.364627 0.09848004 1.52805 -0.357867 0.18722 1.42124 -0.345692 0.10599 1.52232 -0.4893509 -9.8e-5 1.55648 -0.508809 0.177962 1.43459 -0.4935359 0.123107 1.53337 -0.600297 0.06947267 1.55306 -0.620076 0.1629869 1.49008 -0.611764 0.1632419 1.5748 -0.738776 0.001941144 1.43283 -0.123812 -0.02215546 1.49526 -0.180128 0.007568418 1.44307 -0.112544 -0.01727277 1.50893 -0.170876 0.09049457 1.41853 -0.170122 0.100225 1.4288 -0.160511 0.1543099 1.41554 -0.243852 0.165926 1.4272 -0.239291 0.173964 1.41042 -0.346845 0.18722 1.42124 -0.345692 0.164449 1.42417 -0.494877 0.177962 1.43459 -0.4935359 0.150286 1.47924 -0.616689 0.1629869 1.49008 -0.611764 0.1553609 1.56231 -0.744781 0.1632419 1.5748 -0.738776 0.06548488 1.53665 -0.623979 0.06947267 1.55306 -0.620076 -0.005491316 1.54021 -0.50975 -9.8e-5 1.55648 -0.508809 -0.0388453 1.55532 -0.3652549 -0.0337336 1.57166 -0.364627 -0.03888791 1.54668 -0.260864 -0.03366458 1.5624 -0.256492 -0.02215546 1.49526 -0.180128 0.001941144 1.43283 -0.123812 0.04465365 1.47172 -0.179408 0.09049457 1.41853 -0.170122 0.07461726 1.50598 -0.256473 -0.03888791 1.54668 -0.260864 0.1543099 1.41554 -0.243852 0.08731776 1.51149 -0.3589299 -0.0388453 1.55532 -0.3652549 0.173964 1.41042 -0.346845 -0.005491316 1.54021 -0.50975 0.09490334 1.50575 -0.4909309 0.164449 1.42417 -0.494877 0.06548488 1.53665 -0.623979 0.112599 1.51721 -0.6056039 0.150286 1.47924 -0.616689 0.1553609 1.56231 -0.744781 -0.0689404 1.45045 -0.1429089 -0.0222966 1.48579 -0.188494 0.01946049 1.4605 -0.121853 0.04453796 1.48955 -0.2199209 -0.155525 1.42526 -0.191114 -0.07637536 1.48476 -0.268285 0.03627341 1.49199 -0.322156 -0.2090539 1.37514 -0.271136 -0.12211 1.44219 -0.357007 0.003861606 1.44853 -0.416336 -0.170334 1.37694 -0.4609029 -0.2453389 1.31551 -0.4025859 -0.0731883 1.3743 -0.5196509 -0.2202939 1.33774 -0.554118 -0.264446 1.30295 -0.5318369 -0.174764 1.33452 -0.593018 -0.2988359 1.3164 -0.680142 0.02115058 1.4454 -0.1275709 -0.06327235 1.43499 -0.147948 0.01946049 1.4605 -0.121853 -0.0689404 1.45045 -0.1429089 0.04546785 1.47256 -0.221713 0.04453796 1.48955 -0.2199209 0.03983229 1.47557 -0.319068 0.03627341 1.49199 -0.322156 0.007561743 1.43323 -0.409536 0.003861606 1.44853 -0.416336 -0.07001399 1.35895 -0.512781 -0.0731883 1.3743 -0.5196509 -0.172464 1.31766 -0.589405 -0.174764 1.33452 -0.593018 -0.2938489 1.30127 -0.680659 -0.2988359 1.3164 -0.680142 -0.253921 1.28929 -0.533719 -0.264446 1.30295 -0.5318369 -0.234178 1.30254 -0.40131 -0.2453389 1.31551 -0.4025859 -0.1976 1.36246 -0.269805 -0.2090539 1.37514 -0.271136 -0.146229 1.41095 -0.1924769 -0.155525 1.42526 -0.191114 -0.06327235 1.43499 -0.147948 0.02115058 1.4454 -0.1275709 -0.01922959 1.46668 -0.1935009 0.04546785 1.47256 -0.221713 -0.0694741 1.466 -0.267554 -0.146229 1.41095 -0.1924769 0.03983229 1.47557 -0.319068 -0.112848 1.42517 -0.352065 -0.1976 1.36246 -0.269805 0.007561743 1.43323 -0.409536 -0.234178 1.30254 -0.40131 -0.161248 1.3597 -0.4563869 -0.07001399 1.35895 -0.512781 -0.253921 1.28929 -0.533719 -0.2129359 1.3192 -0.552746 -0.172464 1.31766 -0.589405 -0.2938489 1.30127 -0.680659 0.166837 1.46237 -0.02542716 0.147534 1.44001 -0.09288126 0.184472 1.45619 -0.02712005 0.147534 1.44001 -0.09288126 0.19818 1.44299 -0.0291363 0.152442 1.38142 0.161234 0.185083 1.44395 0.05237168 0.2010809 1.37768 0.106078 0.207789 1.4258 0.04743677 0.1657559 1.44714 0.05520695 0.06756979 1.4547 -0.156045 0.05245363 1.47604 -0.1457729 6e-7 1.45441 -0.162786 -2.38e-4 1.46958 -0.15288 0.09079509 1.49721 -0.116038 0.05325579 1.4914 -0.142777 0.09728008 1.48028 -0.120059 -1.511e-4 1.48048 -0.15298 0.1375089 1.46707 -0.08729416 0.155691 1.47783 -0.03156328 0.134302 1.48119 -0.08196955 0.145298 1.48636 -0.0265569 0.120814 1.49976 -0.07848286 0.139661 1.49798 -0.02099549 0.110355 1.45962 -0.127905 0.110199 1.42157 -0.123634 0.07047498 1.41659 -0.1456599 -6.23e-5 1.42655 -0.154928 0.1377969 1.47828 0.0539292 0.109988 1.46102 0.119936 0.130751 1.48927 0.06239759 0.107962 1.47486 0.1270369 0.1277689 1.44034 0.127614 0.156274 1.4679 0.05247753 0.06252855 1.44461 0.156625 0.06793475 1.42343 0.167343 -1.932e-4 1.43399 0.1788499 5.6e-6 1.40728 0.1925169 5.3e-6 1.45698 0.187821 0.06198239 1.46248 0.167874 0.1147699 1.41284 0.130348 0.0608105 1.39943 0.160335 -2.051e-4 1.37627 0.199151 -2.459e-4 1.38881 0.180195 0.06285125 1.37824 0.1912379 0.125275 1.31831 0.2112269 0.176593 1.3037 0.168792 0.05358529 1.3194 0.236478 0.124077 1.22193 0.225569 0.07471525 1.23553 0.258626 -3.88e-5 1.15725 0.292554 0.06230348 1.15185 0.264209 -8.94e-5 1.08222 0.308282 -3.88e-5 1.15725 0.292554 0 1.23568 0.279294 0 1.23568 0.279294 -2e-7 1.32333 0.242662 0.135486 1.43229 -0.0827831 0.187982 1.42988 -0.02743059 0.147534 1.44001 -0.09288126 0.19818 1.44299 -0.0291363 0.100432 1.42265 -0.109663 0.135486 1.43229 -0.0827831 0.110199 1.42157 -0.123634 0.06474739 1.42002 -0.1301299 0.07047498 1.41659 -0.1456599 -2.255e-4 1.43066 -0.1379169 -6.23e-5 1.42655 -0.154928 -2.634e-4 1.48176 -0.136766 -1.511e-4 1.48048 -0.15298 0.04680019 1.48992 -0.127784 0.05325579 1.4914 -0.142777 0.08062499 1.49129 -0.103851 0.09079509 1.49721 -0.116038 0.1082479 1.49075 -0.07104408 0.120814 1.49976 -0.07848286 0.124457 1.49194 -0.02037268 0.139661 1.49798 -0.02099549 0.115508 1.4843 0.05707311 0.130751 1.48927 0.06239759 0.09449446 1.4781 0.117312 0.107962 1.47486 0.1270369 0.05368328 1.47017 0.155086 0.06198239 1.46248 0.167874 1.8e-6 1.46288 0.17241 5.3e-6 1.45698 0.187821 0.05491155 1.14977 0.2486079 -1.307e-4 1.07791 0.2938539 0.06230348 1.15185 0.264209 -8.94e-5 1.08222 0.308282 0.11463 1.2196 0.211318 0.124077 1.22193 0.225569 0.1651419 1.2991 0.1567249 0.176593 1.3037 0.168792 0.189345 1.36911 0.09642356 0.2010809 1.37768 0.106078 0.197856 1.41323 0.04119783 0.207789 1.4258 0.04743677 0.1547999 1.44652 -0.02348065 0.174055 1.43938 -0.024365 0.135486 1.43229 -0.0827831 0.187982 1.42988 -0.02743059 0.197856 1.41323 0.04119783 0.176104 1.42747 0.04549336 0.189345 1.36911 0.09642356 0.14274 1.37037 0.1476799 0.15527 1.43224 0.04724323 -2.554e-4 1.4651 -0.133499 0.04743808 1.46954 -0.127532 0 1.45154 -0.1430439 0.06130188 1.45106 -0.137431 0.04680019 1.48992 -0.127784 0.08062499 1.49129 -0.103851 0.08671075 1.47067 -0.106091 -2.634e-4 1.48176 -0.136766 0.129368 1.47435 -0.02527701 0.141017 1.46461 -0.02857518 0.118966 1.47178 -0.07331418 0.121926 1.4591 -0.07780975 0.1082479 1.49075 -0.07104408 0.124457 1.49194 -0.02037268 0.09771394 1.4541 -0.113516 0.100432 1.42265 -0.109663 0.06474739 1.42002 -0.1301299 -2.255e-4 1.43066 -0.1379169 0.09449446 1.4781 0.117312 0.09579229 1.45471 0.107366 0.115508 1.4843 0.05707311 0.123421 1.46551 0.04845345 0.113261 1.43592 0.114648 0.142309 1.45463 0.04710996 0 1.4077 0.173265 0.05924028 1.42161 0.1494259 0 1.43152 0.1595669 0.0530079 1.44321 0.1391159 0.05368328 1.47017 0.155086 1.8e-6 1.46288 0.17241 0.0540651 1.39354 0.1424869 0.104914 1.40486 0.114897 -4e-7 1.3824 0.161612 0.05990993 1.36459 0.176925 -2.138e-4 1.3626 0.184606 0.1651419 1.2991 0.1567249 0.115575 1.31204 0.1949059 0.04905498 1.31035 0.2192329 0.06634515 1.23272 0.2406899 0.11463 1.2196 0.211318 0.05491155 1.14977 0.2486079 -1.154e-4 1.15434 0.2736049 -1.307e-4 1.07791 0.2938539 -1.1e-6 1.23068 0.26026 -2.42e-4 1.31321 0.225544 -0.166837 1.46237 -0.02542716 -0.184472 1.45619 -0.02712005 -0.147534 1.44001 -0.09288126 -0.19818 1.44299 -0.0291363 -0.147534 1.44001 -0.09288126 -0.207789 1.4258 0.04743677 -0.185083 1.44395 0.05237168 -0.2010809 1.37768 0.106078 -0.152442 1.38142 0.161234 -0.1657559 1.44714 0.05520695 -2.38e-4 1.46958 -0.15288 -0.05257982 1.47598 -0.1457549 6e-7 1.45441 -0.162786 -0.06756919 1.4547 -0.156046 -0.09079509 1.49721 -0.116038 -0.09728014 1.48028 -0.120059 -0.05325335 1.4914 -0.142777 -1.511e-4 1.48048 -0.15298 -0.145298 1.48636 -0.0265569 -0.155691 1.47783 -0.03156328 -0.134302 1.48119 -0.08196955 -0.1375089 1.46707 -0.08729416 -0.120814 1.49976 -0.07848286 -0.139661 1.49798 -0.02099549 -0.110355 1.45962 -0.127905 -0.110199 1.42157 -0.123634 -0.07047498 1.41659 -0.1456599 -6.23e-5 1.42655 -0.154928 -0.107963 1.47486 0.1270369 -0.109988 1.46102 0.119936 -0.130751 1.48927 0.06239759 -0.1377969 1.47828 0.05392932 -0.1277689 1.44034 0.127614 -0.156274 1.4679 0.05247753 5.6e-6 1.40728 0.1925169 -0.06801587 1.42338 0.1673089 -1.932e-4 1.43399 0.1788499 -0.06267446 1.44463 0.156544 -0.06204622 1.46255 0.1678249 5.3e-6 1.45698 0.187821 -0.06089848 1.39947 0.160291 -0.114772 1.41284 0.130348 -2.459e-4 1.38881 0.180195 -0.06302988 1.37822 0.191219 -2.051e-4 1.37627 0.199151 -0.176593 1.3037 0.168792 -0.125275 1.31831 0.2112269 -0.05363488 1.31934 0.2364969 -0.07474637 1.23555 0.258607 -0.124077 1.22193 0.225569 -0.06234288 1.15193 0.264209 -3.88e-5 1.15725 0.292554 -3.88e-5 1.15725 0.292554 -8.94e-5 1.08222 0.308282 0 1.23568 0.279294 0 1.23568 0.279294 -2e-7 1.32333 0.242662 -0.19818 1.44299 -0.0291363 -0.187982 1.42988 -0.02743059 -0.147534 1.44001 -0.09288126 -0.135486 1.43229 -0.0827831 -0.135486 1.43229 -0.0827831 -0.110199 1.42157 -0.123634 -0.100432 1.42265 -0.109663 -0.06486958 1.42 -0.130095 -0.07047498 1.41659 -0.1456599 -6.23e-5 1.42655 -0.154928 -2.255e-4 1.43066 -0.1379169 -2.634e-4 1.48176 -0.136766 -0.04690808 1.48997 -0.12778 -1.511e-4 1.48048 -0.15298 -0.05325335 1.4914 -0.142777 -0.09079509 1.49721 -0.116038 -0.0806244 1.49129 -0.103851 -0.120814 1.49976 -0.07848286 -0.1082479 1.49075 -0.07104408 -0.124457 1.49194 -0.02037262 -0.139661 1.49798 -0.02099549 -0.130751 1.48927 0.06239759 -0.115508 1.4843 0.05707311 -0.09449446 1.4781 0.117312 -0.107963 1.47486 0.1270369 -0.05368328 1.47017 0.155086 -0.06204622 1.46255 0.1678249 1.8e-6 1.46288 0.17241 5.3e-6 1.45698 0.187821 -8.94e-5 1.08222 0.308282 -1.307e-4 1.07791 0.2938539 -0.06234288 1.15193 0.264209 -0.05511814 1.14983 0.2486079 -0.11463 1.2196 0.211318 -0.124077 1.22193 0.225569 -0.1651419 1.2991 0.1567249 -0.176593 1.3037 0.168792 -0.189345 1.36911 0.09642356 -0.2010809 1.37768 0.106078 -0.197856 1.41323 0.04119783 -0.207789 1.4258 0.04743677 -0.1547999 1.44652 -0.02348065 -0.135486 1.43229 -0.0827831 -0.174055 1.43938 -0.024365 -0.187982 1.42988 -0.02743059 -0.14274 1.37037 0.1476799 -0.176104 1.42747 0.04549336 -0.189345 1.36911 0.09642356 -0.197856 1.41323 0.04119783 -0.15527 1.43224 0.04724323 -0.06136447 1.45111 -0.1374009 -0.04755795 1.4695 -0.127516 0 1.45154 -0.1430439 -2.554e-4 1.4651 -0.133499 -0.08671039 1.47067 -0.106091 -0.0806244 1.49129 -0.103851 -0.04690808 1.48997 -0.12778 -2.634e-4 1.48176 -0.136766 -0.121926 1.4591 -0.07780975 -0.141017 1.46461 -0.02857518 -0.118966 1.47178 -0.07331418 -0.129368 1.47435 -0.02527701 -0.1082479 1.49075 -0.07104408 -0.124457 1.49194 -0.02037262 -0.09771317 1.4541 -0.113517 -0.100432 1.42265 -0.109663 -0.06486958 1.42 -0.130095 -2.255e-4 1.43066 -0.1379169 -0.123421 1.46551 0.04845345 -0.09579229 1.45471 0.107366 -0.115508 1.4843 0.05707311 -0.09449446 1.4781 0.117312 -0.142309 1.45463 0.04710996 -0.113261 1.43592 0.114648 -0.0530079 1.44321 0.1391159 -0.05924028 1.42161 0.1494259 0 1.43152 0.1595669 0 1.4077 0.173265 1.8e-6 1.46288 0.17241 -0.05368328 1.47017 0.155086 -0.104914 1.40486 0.114897 -0.0540651 1.39354 0.1424869 -2.138e-4 1.3626 0.184606 -4e-7 1.3824 0.161612 -0.06001925 1.36462 0.176876 -0.115575 1.31204 0.1949059 -0.1651419 1.2991 0.1567249 -0.04925996 1.31028 0.219219 -0.11463 1.2196 0.211318 -0.06634527 1.23272 0.2406899 -1.154e-4 1.15434 0.2736049 -0.05511814 1.14983 0.2486079 -1.307e-4 1.07791 0.2938539 -1.1e-6 1.23068 0.26026 -2.42e-4 1.31321 0.225544 0.1703789 -0.00862497 0.549175 0.1705229 0.06384509 0.484527 0.2004709 0.05554348 0.4842979 0.140711 -0.007317662 0.494301 0.130775 0.01762187 0.488309 0.1409379 0.05554175 0.4837729 0.201314 -0.007210791 0.494893 0.171249 -0.01641213 0.493973 0.210973 0.01764047 0.488995 -0.0251531 -0.01115459 0.506532 0.002718687 0.06151205 0.4484109 0.0299952 0.05334949 0.4611189 -0.02200657 0.0506519 0.437235 -0.02519166 -0.009909391 0.445363 -0.03210538 0.01495158 0.435045 0.02554148 -0.009765684 0.4708439 2.477e-4 -0.01922959 0.457558 2.477e-4 -0.01922959 0.457558 0.03594821 0.01535683 0.46887 0.36647 -0.009001255 0.505373 0.375954 0.01678496 0.433053 0.368669 -0.007537782 0.443722 0.365652 0.05206471 0.4354519 0.311388 0.05551445 0.461063 0.34005 0.06331068 0.4472799 0.316206 -0.007552981 0.470564 0.305074 0.01783025 0.4691269 0.343079 -0.01656955 0.456084 0.343079 -0.01656955 0.456084 0.1713449 0.132995 0.372098 0.239692 0.09296309 0.404594 0.1713849 0.107709 0.403305 0.103189 0.0288639 0.423816 0.113451 0.02633553 0.422814 0.103819 -0.01299333 0.413554 0.12687 -0.005180895 0.4210619 0.103574 0.09388595 0.403448 0.1271139 0.07644736 0.411682 0.103189 0.0288639 0.423816 0.113451 0.02633553 0.422814 0.239506 -0.01314938 0.414834 0.171528 -0.02396476 0.409074 0.215838 -0.00549221 0.4219679 0.171397 -0.01954209 0.419386 0.228376 0.02534759 0.424439 0.238708 0.02799338 0.4252369 0.238708 0.02799338 0.4252369 0.215844 0.0756663 0.412569 0.228376 0.02534759 0.424439 0.03172373 0.105488 0.37494 0.06743109 0.0736832 0.401943 0.03609913 0.119794 0.352711 -0.009574949 0.08690565 0.336012 -0.007780194 0.07331746 0.3640199 -0.01021349 -0.007459998 0.37206 -0.01148468 -4.06e-4 0.341302 -0.02463996 0.02683389 0.366206 -0.02726948 0.0376771 0.333266 -0.02726948 0.0376771 0.333266 -0.02463996 0.02683389 0.366206 0.03115653 -0.02276957 0.376985 0.06443667 -0.008382797 0.410454 0.02725446 -0.0222755 0.389677 0.07565236 0.02341187 0.418081 0.07565236 0.02341187 0.418081 0.37188 0.03710281 0.33647 0.355162 -0.002289295 0.34363 0.368036 0.02904129 0.363262 0.353124 -0.005235791 0.370117 0.353168 0.08592957 0.338279 0.37188 0.03710281 0.33647 0.350579 0.07535129 0.361939 0.368036 0.02904129 0.363262 0.310438 0.107244 0.374647 0.303718 0.121076 0.352172 0.265423 0.02559518 0.42107 0.277061 -0.005877614 0.412799 0.274138 0.0757336 0.404056 0.265423 0.02559518 0.42107 0.311017 -0.02301156 0.379959 0.315927 -0.01935482 0.3909929 0.2496619 0.247758 0.09045004 0.160156 0.271381 0.10993 0.220254 0.307035 0.0417059 0.153353 0.309037 0.06569588 0.218379 0.318563 -0.08746045 0.15363 0.322524 -0.110776 0.234883 0.262892 -0.116464 0.160326 0.263848 -0.1505129 0.06628727 0.308464 -0.0281319 0.0533145 0.2620919 -0.05919945 0.09137988 0.319557 -0.09226858 0.08545589 0.2642869 -0.122942 0.06959265 0.2490389 0.08812439 0.08952558 0.3074719 0.03953886 0.267175 0.2606739 -0.0528301 0.243272 0.3079119 -0.02314662 0.17487 0.008846342 -0.1729509 0.174699 -0.0116285 -0.07328069 0.264711 0.01589548 -0.1595659 0.286612 0.006261587 -0.06974017 0.303883 -4.551e-4 0.08450216 0.174369 -0.01662677 0.06455457 -0.007350087 0.128862 0.17884 0.006442666 0.136781 0.04564595 0.03309309 0.1990389 0.06398385 0.03306698 0.183806 0.197966 -0.01069289 0.109199 0.275248 0.0353235 0.147386 0.301853 0.0868169 0.207054 0.208014 -0.003466188 0.004746735 0.210882 0.0453028 -1.756e-4 0.08193528 -0.02525883 0.05784708 0.186591 -0.004556298 0.05456346 0.05213499 -0.02996701 0.05328893 0.273007 -0.01621127 0.004286587 0.284709 -0.02525883 0.05784708 0.186591 -0.004556298 0.05456346 0.05213499 -0.02996701 0.05328893 0.273007 0.347423 0.1278759 0.1805459 0.301874 0.178725 0.1997349 0.302848 0.197623 0.06639236 0.35371 0.05449813 0.05599772 0.363237 0.05735868 0.188885 0.350259 0.004416227 0.2129489 0.363237 0.05735868 0.188885 0.35371 0.05449813 0.05599772 0.331915 0.136476 0.04926896 0.373754 0.052621 0.2775059 0.35879 0.003880023 0.2880899 0.373754 0.052621 0.2775059 0.353371 0.1079879 0.278205 0.166239 0.205197 -0.184714 0.25204 0.204791 -0.1466619 0.2725239 0.1367599 -0.169197 0.17206 0.1367149 -0.2048169 0.174468 0.05568879 -0.204163 0.279302 0.0567469 -0.16674 0.279302 0.0567469 -0.16674 0.174468 0.05568879 -0.204163 0.03683555 0.2046499 -0.07692939 0.07642078 0.205645 -0.153537 0.01898443 0.136667 -0.08831387 0.07149797 0.136866 -0.1766149 0.06982386 0.05668413 -0.174057 0.0238586 0.05498778 -0.08779627 0.08527988 0.01592469 -0.165582 0.06292939 0.006636798 -0.0746513 0.06982386 0.05668413 -0.174057 0.0238586 0.05498778 -0.08779627 0.291634 0.2033529 -0.07028269 0.311908 0.136744 -0.08118617 0.331194 0.055022 -0.08098977 0.331194 0.055022 -0.08098977 0.274581 -0.02141922 0.2184659 0.315279 -0.02181756 0.293381 0.250165 -0.02543658 0.319553 0.245299 0.205004 0.208769 0.164938 0.2193409 0.212148 0.169277 0.167041 0.319146 0.240669 0.160651 0.313557 0.3017359 0.146007 0.300534 0.09903275 0.161732 0.312618 0.173173 -0.02307128 0.2030929 0.171962 -0.0252552 0.31658 0.07213079 -0.02112329 0.217088 0.03501296 -0.0214982 0.293815 0.09440809 -0.02522826 0.31834 0.2412199 0.128934 0.363726 0.101929 0.129736 0.362708 0.171249 -0.01641213 0.493973 0.12687 -0.005180895 0.4210619 0.171397 -0.01954209 0.419386 0.215838 -0.00549221 0.4219679 0.171397 -0.01954209 0.419386 0.228376 0.02534759 0.424439 0.215844 0.0756663 0.412569 0.1713849 0.107709 0.403305 0.1271139 0.07644736 0.411682 0.113451 0.02633553 0.422814 0.274138 0.0757336 0.404056 0.310438 0.107244 0.374647 0.02725446 -0.0222755 0.389677 -0.01021349 -0.007459998 0.37206 0.06443667 -0.008382797 0.410454 0.02725446 -0.0222755 0.389677 0.353124 -0.005235791 0.370117 0.315927 -0.01935482 0.3909929 0.315927 -0.01935482 0.3909929 0.277061 -0.005877614 0.412799 -0.007780194 0.07331746 0.3640199 -0.02463996 0.02683389 0.366206 0.07565236 0.02341187 0.418081 0.06743109 0.0736832 0.401943 0.350579 0.07535129 0.361939 0.368036 0.02904129 0.363262 0.265423 0.02559518 0.42107 0.03172373 0.105488 0.37494 -0.1703789 -0.00862497 0.549175 -0.2004709 0.05554348 0.4842979 -0.1705229 0.06384509 0.484527 -0.140711 -0.007317662 0.494301 -0.130775 0.01762187 0.488309 -0.1409379 0.05554175 0.4837729 -0.201314 -0.007210791 0.494893 -0.171249 -0.01641213 0.493973 -0.210973 0.01764047 0.488995 0.0251531 -0.01115459 0.506532 -0.0299952 0.05334949 0.4611189 -0.002718687 0.06151205 0.4484109 0.02200657 0.0506519 0.437235 0.02519166 -0.009909391 0.445363 0.03210538 0.01495158 0.435045 -0.02554148 -0.009765684 0.4708439 -2.477e-4 -0.01922959 0.457558 -2.477e-4 -0.01922959 0.457558 -0.03594821 0.01535683 0.46887 -0.36647 -0.009001255 0.505373 -0.368669 -0.007537782 0.443722 -0.375954 0.01678496 0.433053 -0.365652 0.05206471 0.4354519 -0.311388 0.05551445 0.461063 -0.34005 0.06331068 0.4472799 -0.316206 -0.007552981 0.470564 -0.305074 0.01783025 0.4691269 -0.343079 -0.01656955 0.456084 -0.343079 -0.01656955 0.456084 -0.1713449 0.132995 0.372098 -0.1713849 0.107709 0.403305 -0.239692 0.09296309 0.404594 -0.103189 0.0288639 0.423816 -0.103819 -0.01299333 0.413554 -0.113451 0.02633553 0.422814 -0.12687 -0.005180895 0.4210619 -0.113451 0.02633553 0.422814 -0.1271139 0.07644736 0.411682 -0.103189 0.0288639 0.423816 -0.103574 0.09388595 0.403448 -0.171397 -0.01954209 0.419386 -0.171528 -0.02396476 0.409074 -0.215838 -0.00549221 0.4219679 -0.239506 -0.01314938 0.414834 -0.228376 0.02534759 0.424439 -0.238708 0.02799338 0.4252369 -0.228376 0.02534759 0.424439 -0.238708 0.02799338 0.4252369 -0.215844 0.0756663 0.412569 -0.03172373 0.105488 0.37494 -0.06743109 0.0736832 0.401943 0.007780194 0.07331746 0.3640199 0.009574949 0.08690565 0.336012 -0.03609913 0.119794 0.352711 0.02726948 0.0376771 0.333266 0.01148468 -4.06e-4 0.341302 0.02463996 0.02683389 0.366206 0.01021349 -0.007459998 0.37206 0.02463996 0.02683389 0.366206 0.02726948 0.0376771 0.333266 -0.02725446 -0.0222755 0.389677 -0.03115653 -0.02276957 0.376985 -0.06443667 -0.008382797 0.410454 -0.07565236 0.02341187 0.418081 -0.07565236 0.02341187 0.418081 -0.353124 -0.005235791 0.370117 -0.355162 -0.002289295 0.34363 -0.368036 0.02904129 0.363262 -0.37188 0.03710281 0.33647 -0.368036 0.02904129 0.363262 -0.37188 0.03710281 0.33647 -0.350579 0.07535129 0.361939 -0.353168 0.08592957 0.338279 -0.310438 0.107244 0.374647 -0.303718 0.121076 0.352172 -0.265423 0.02559518 0.42107 -0.277061 -0.005877614 0.412799 -0.265423 0.02559518 0.42107 -0.274138 0.0757336 0.404056 -0.315927 -0.01935482 0.3909929 -0.311017 -0.02301156 0.379959 -0.153353 0.309037 0.06569588 -0.160156 0.271381 0.10993 -0.220254 0.307035 0.04170542 -0.2496619 0.247758 0.09045004 -0.218364 0.318718 -0.08737009 -0.234867 0.263001 -0.11638 -0.153702 0.322533 -0.11077 -0.160326 0.263848 -0.1505129 -0.08545619 0.2642869 -0.122942 -0.0533145 0.2620919 -0.05919945 -0.09138029 0.319557 -0.09226906 -0.06628727 0.308464 -0.0281319 -0.08952558 0.3074719 0.03953886 -0.06959265 0.2490389 0.08812439 -0.243279 0.307904 -0.02326375 -0.26713 0.260742 -0.05286532 -0.286612 0.006261587 -0.06974017 -0.174699 -0.0116285 -0.07328069 -0.264711 0.01589548 -0.1595659 -0.17487 0.008846342 -0.1729509 -0.174369 -0.01662677 0.06455457 -0.303883 -4.551e-4 0.08450216 0.007350087 0.128862 0.17884 -0.03309309 0.1990389 0.06398385 -0.006442666 0.136781 0.04564595 -0.0353235 0.147386 0.301853 -0.03306698 0.183806 0.197966 0.01069289 0.109199 0.275248 -0.0868169 0.207054 0.208014 0.004556298 0.05456346 0.05213499 -0.0453028 -1.756e-4 0.08193528 0.02525883 0.05784708 0.186591 0.003466188 0.004746735 0.210882 0.01621127 0.004286587 0.284709 0.02996701 0.05328893 0.273007 0.004556298 0.05456346 0.05213499 0.02525883 0.05784708 0.186591 0.02996701 0.05328893 0.273007 -0.347423 0.1278759 0.1805459 -0.302848 0.197623 0.0663923 -0.301874 0.178725 0.1997349 -0.350259 0.004416227 0.2129489 -0.363237 0.05735868 0.188885 -0.35371 0.05449813 0.05599772 -0.331915 0.136476 0.04926896 -0.35371 0.05449813 0.05599772 -0.363237 0.05735868 0.188885 -0.35879 0.003880023 0.2880899 -0.373754 0.052621 0.2775059 -0.353371 0.1079879 0.278205 -0.373754 0.052621 0.2775059 -0.25204 0.204792 -0.1466619 -0.166239 0.205197 -0.184714 -0.17206 0.1367149 -0.2048169 -0.2725239 0.1367599 -0.169197 -0.279302 0.0567469 -0.16674 -0.174468 0.05568879 -0.204163 -0.279302 0.0567469 -0.16674 -0.174468 0.05568879 -0.204163 -0.07642078 0.205645 -0.153537 -0.03683555 0.2046499 -0.07692939 -0.07149797 0.136866 -0.1766149 -0.01898443 0.136667 -0.08831387 -0.06292939 0.006636798 -0.0746513 -0.0238586 0.05498778 -0.08779627 -0.08527988 0.01592469 -0.165582 -0.06982386 0.05668413 -0.174057 -0.0238586 0.05498778 -0.08779627 -0.06982386 0.05668413 -0.174057 -0.291634 0.2033529 -0.07028245 -0.311908 0.136744 -0.08118617 -0.331194 0.055022 -0.08098977 -0.331194 0.055022 -0.08098977 -0.274581 -0.02141922 0.2184659 -0.315279 -0.02181756 0.293381 -0.250165 -0.02543658 0.319553 -0.164938 0.2193409 0.212148 -0.245299 0.205004 0.208769 -0.240669 0.160651 0.313557 -0.169277 0.167041 0.319146 -0.3017359 0.146007 0.300534 -0.09903275 0.161732 0.312618 -0.173173 -0.02307128 0.2030929 -0.171962 -0.0252552 0.31658 -0.07213079 -0.02112329 0.217088 -0.03501296 -0.0214982 0.293815 -0.09440809 -0.02522826 0.31834 -0.2412199 0.128934 0.363726 -0.101929 0.129736 0.362708 -0.171249 -0.01641213 0.493973 -0.171397 -0.01954209 0.419386 -0.12687 -0.005180895 0.4210619 -0.171397 -0.01954209 0.419386 -0.215838 -0.00549221 0.4219679 -0.228376 0.02534759 0.424439 -0.215844 0.0756663 0.412569 -0.1713849 0.107709 0.403305 -0.1271139 0.07644736 0.411682 -0.113451 0.02633553 0.422814 -0.274138 0.0757336 0.404056 -0.310438 0.107244 0.374647 0.01021349 -0.007459998 0.37206 -0.02725446 -0.0222755 0.389677 -0.02725446 -0.0222755 0.389677 -0.06443667 -0.008382797 0.410454 -0.315927 -0.01935482 0.3909929 -0.353124 -0.005235791 0.370117 -0.277061 -0.005877614 0.412799 -0.315927 -0.01935482 0.3909929 0.02463996 0.02683389 0.366206 0.007780194 0.07331746 0.3640199 -0.07565236 0.02341187 0.418081 -0.06743109 0.0736832 0.401943 -0.368036 0.02904129 0.363262 -0.350579 0.07535129 0.361939 -0.265423 0.02559518 0.42107 -0.03172373 0.105488 0.37494 0.06230252 1.47441 0.0363608 -2.445e-4 1.46845 0.06099677 0.08734315 1.47712 0.03867197 0.09171479 1.48242 -0.02709275 0.08101946 1.48111 -0.02909857 0.09155094 1.49159 -0.103837 0.05760598 1.48588 -0.08944416 0.08005899 1.47437 0.09453737 0 1.46735 0.09510535 0 1.66061 0.335601 5e-7 1.68514 0.314228 0.0420686 1.66263 0.320128 0.0476408 1.6841 0.301735 0.0907104 1.67853 0.2847729 0.0839104 1.65873 0.303842 0.2159129 1.67117 0.2201489 0.242447 1.62897 0.217602 0.1995829 1.62596 0.250725 0.2444829 1.58098 0.2022359 0.200542 1.57583 0.2367889 0.2161549 1.53713 0.184574 0.181962 1.54046 0.223486 0.17119 1.50701 0.1820359 0.146035 1.51982 0.227562 0.118588 1.4887 0.180877 0.101519 1.50593 0.2295629 0.139279 1.54669 0.257958 0.09191995 1.51977 0.263652 0.06121474 1.47304 0.184895 0.05171555 1.49408 0.235686 0.04803228 1.50934 0.266751 0 1.46747 0.186725 -2.457e-4 1.48981 0.237805 0.04377102 1.54159 0.2885169 0.04653942 1.52532 0.283635 3.5e-6 1.53719 0.291282 -2.662e-4 1.52048 0.286689 0.1698679 2.23792 -0.0109238 0.255693 2.19743 -0.003830194 0.1728129 2.20926 0.09309315 0.376373 1.89245 0.0336095 0.36874 1.80931 0.01066017 0.3576999 1.87374 0.103182 0.350612 1.78938 0.08576279 0.361495 1.99395 0.06100589 0.338521 1.97576 0.128094 0.315385 2.09534 0.07637089 0.299522 2.05745 0.147787 0.28244 1.58749 0.156651 0.242757 1.5406 0.145066 0.308176 1.5949 0.107464 0.267794 1.54556 0.09655326 0.283556 1.63566 0.170306 0.31327 1.64524 0.12253 0.329297 1.60721 0.045484 0.291263 1.55189 0.03651803 0.337411 1.61892 -0.02627658 0.299742 1.56349 -0.0309031 0.339128 1.6649 0.05505937 0.351956 1.67973 -0.01538008 0.266184 1.68169 0.176838 0.296946 1.69577 0.134882 0.333284 1.71669 0.06815367 0.356454 1.73767 -0.006374657 0.130735 1.48454 0.141712 0.07116395 1.46976 0.14429 0 1.46326 0.1456689 0.146628 1.48659 0.09256917 0.160649 1.49317 0.03729689 0.16864 1.50121 -0.02769476 0.186935 1.50279 0.1419349 0.205999 1.50701 0.09121584 0.222238 1.51283 0.03658849 0.2330459 1.52337 -0.03072077 0.251893 2.1674 0.08607119 0.2364789 2.13221 0.161014 0.162961 2.1738 0.171992 0.09362459 2.23493 0.09681028 0.08815085 2.19811 0.1799679 0.08102279 2.15181 0.244617 -1.43e-4 2.20776 0.1830419 0 2.16239 0.24761 0 2.24504 0.101071 0.08395129 1.57388 0.312575 0.04134136 1.57061 0.3276619 0.08000266 1.61218 0.3228729 0.03964608 1.61429 0.337723 -3.034e-4 1.56987 0.33183 -3.065e-4 1.61454 0.34487 0.08579665 1.55508 0.299089 0.04356008 1.54097 0.3082799 -2.093e-4 1.53741 0.311359 0.09183585 2.25778 -0.01037842 -1.348e-4 2.2668 -0.008591175 0.325149 2.11468 0.03089177 0.371803 2.00389 0.008063375 0.3830159 1.90365 -0.03211027 0.369615 1.82535 -0.05966794 0.329313 1.63275 -0.101397 0.344244 1.69771 -0.09359568 0.288873 1.57841 -0.104274 0.353529 1.75522 -0.07964617 0.233264 1.53831 -0.1043879 0.1688179 1.51343 -0.103638 0.03995949 1.64177 0.336179 0.08119428 1.6392 0.317488 -2.886e-4 1.64277 0.349889 0.438446 1.96418 -0.105064 0.427581 2.04617 -0.04968017 0.522614 2.0449 -0.160492 0.5099239 2.11976 -0.103046 0.422934 1.91772 -0.1755229 0.512588 2.01551 -0.22359 0.383485 1.90924 -0.249489 0.479076 2.01258 -0.283402 0.3433229 1.96165 -0.309068 0.4234089 2.0423 -0.343118 0.377573 2.10012 -0.369421 0.302725 2.03128 -0.347485 0.345575 2.17514 -0.365508 0.268948 2.10854 -0.346424 0.377573 2.10012 -0.369421 0.302725 2.03128 -0.347485 0.3202 2.26155 -0.323978 0.240531 2.2035 -0.302959 0.33073 2.32291 -0.246311 0.245477 2.25887 -0.219711 0.283093 2.264 -0.129005 0.366091 2.32172 -0.170543 0.328255 2.2246 -0.06238377 0.4168 2.28866 -0.114671 0.384253 2.15162 -0.03297531 0.470655 2.21416 -0.08780604 0.34293 2.12661 -0.002259016 0.387028 2.0164 -0.0234692 0.2850869 2.20154 -0.03535908 0.236481 2.23269 -0.110791 0.1918489 2.22037 -0.206506 0.176977 2.1628 -0.304813 0.2038879 2.05723 -0.3522419 0.2433249 1.97232 -0.343527 0.284543 1.90297 -0.294918 0.2433249 1.97232 -0.343527 0.3358319 1.85486 -0.229771 0.3718839 1.86588 -0.1423389 0.398548 1.92739 -0.07185739 0.247072 1.65444 -0.272185 0.205334 1.58952 -0.233268 0.258202 1.62214 -0.227279 0.2043679 1.64569 -0.30373 0.325149 2.11468 0.03089177 0.34293 2.12661 -0.002259016 0.371803 2.00389 0.008063375 0.387028 2.0164 -0.0234692 0.2850869 2.20154 -0.03535908 0.255693 2.19743 -0.003830194 0.20249 2.22773 -0.104673 0.236481 2.23269 -0.110791 0.151304 2.21445 -0.203706 0.1918489 2.22037 -0.206506 0.1429139 2.15736 -0.314979 0.176977 2.1628 -0.304813 0.2038879 2.05723 -0.3522419 0.180086 2.03977 -0.361432 0.2433249 1.97232 -0.343527 0.219887 1.95403 -0.358825 0.257875 1.87634 -0.311384 0.284543 1.90297 -0.294918 0.3213829 1.82563 -0.231405 0.3358319 1.85486 -0.229771 0.3718839 1.86588 -0.1423389 0.362082 1.83603 -0.125303 0.398548 1.92739 -0.07185739 0.3830159 1.90365 -0.03211027 0.162934 2.24093 -0.1075 0.1698679 2.23792 -0.0109238 0.5432059 2.37897 -0.2001519 0.594505 2.38743 -0.239923 0.594629 2.30648 -0.1795629 0.631781 2.33144 -0.218899 0.483754 2.34075 -0.1596959 0.541224 2.26621 -0.136614 0.624241 2.23373 -0.196452 0.577074 2.18847 -0.156445 0.656136 2.26267 -0.230796 0.460272 2.39918 -0.3030509 0.450873 2.34601 -0.358489 0.5112 2.40427 -0.329692 0.501202 2.35673 -0.376668 0.388966 2.31026 -0.343246 0.4000589 2.36854 -0.273866 0.498318 2.40685 -0.245675 0.55116 2.41075 -0.278551 0.438113 2.37021 -0.209356 0.498381 2.11498 -0.364857 0.549292 2.16738 -0.374456 0.4520429 2.1664 -0.384849 0.502106 2.20993 -0.394982 0.5432879 2.23894 -0.400354 0.583297 2.19788 -0.382688 0.4670979 2.27429 -0.390657 0.511201 2.29457 -0.399255 0.502106 2.20993 -0.394982 0.5432879 2.23894 -0.400354 0.412582 2.23109 -0.382458 0.4520429 2.1664 -0.384849 0.660757 2.20767 -0.267184 0.628624 2.17521 -0.2392579 0.588909 2.12175 -0.205484 0.644191 2.1865 -0.305779 0.614399 2.15636 -0.284963 0.576168 2.09565 -0.2584 0.619803 2.17819 -0.350672 0.592183 2.15055 -0.334406 0.548065 2.0911 -0.316611 0.8635649 2.32333 -0.470564 0.8867589 2.31343 -0.507282 0.867554 2.30311 -0.464726 0.8887789 2.29803 -0.504584 0.8850709 2.28842 -0.5132229 0.887201 2.30287 -0.52237 0.887201 2.30287 -0.52237 0.878499 2.31789 -0.523447 0.8796899 2.32287 -0.513848 0.854873 2.33605 -0.477298 0.869619 2.31012 -0.530266 0.8730019 2.29528 -0.529276 0.83267 2.29738 -0.521399 0.8784859 2.28521 -0.520892 0.8730019 2.29528 -0.529276 0.8413359 2.27749 -0.513756 0.81011 2.33626 -0.4056739 0.820923 2.3041 -0.401194 0.7178969 2.34485 -0.304749 0.7370359 2.28978 -0.307452 0.691227 2.37799 -0.3246949 0.7966279 2.35749 -0.420194 0.8394719 2.33757 -0.508246 0.848449 2.34098 -0.4940969 0.633051 2.39278 -0.398323 0.762663 2.36421 -0.469761 0.662209 2.3959 -0.361401 0.778558 2.36527 -0.443247 0.620058 2.36071 -0.432294 0.7509689 2.33924 -0.490489 0.8335639 2.32056 -0.520137 0.766331 2.27043 -0.4932169 0.777328 2.2579 -0.4805089 0.65279 2.25696 -0.446949 0.68145 2.22697 -0.426578 0.75498 2.2989 -0.500291 0.766331 2.27043 -0.4932169 0.8413359 2.27749 -0.513756 0.629463 2.30357 -0.449733 0.65279 2.25696 -0.446949 0.819357 2.272 -0.417025 0.866514 2.28855 -0.4689469 0.7388929 2.24084 -0.333263 0.8623439 2.27635 -0.479508 0.808179 2.25482 -0.436849 0.725336 2.22105 -0.364636 0.8523859 2.27078 -0.496812 0.708573 2.21294 -0.3958669 0.7974939 2.2498 -0.4576129 0.07459425 1.95884 -0.412899 0.07470595 1.87192 -0.407489 0.132725 1.95485 -0.396404 0.135964 1.87339 -0.38842 -1.653e-4 1.9601 -0.418334 0 1.8713 -0.413457 0.07656717 2.07328 -0.386177 0.134418 2.06139 -0.3753859 0 2.07793 -0.389564 0.08178889 2.17385 -0.317709 -1.518e-4 2.18013 -0.319572 0.140506 1.63664 -0.3217689 0.14879 1.56549 -0.237209 0.205374 1.71683 -0.328458 0.26288 1.72208 -0.28543 0.1393679 1.70659 -0.354737 0.07541525 1.69922 -0.371026 0.07651615 1.6312 -0.334517 0.08154785 1.54822 -0.240687 -1.641e-4 1.69629 -0.375671 -1.626e-4 1.62694 -0.337913 -1.539e-4 1.54221 -0.242596 0.2055119 1.78357 -0.344518 0.265462 1.78714 -0.296769 0.138794 1.77851 -0.375156 0.196808 1.87562 -0.3626149 0.07487088 1.77453 -0.394239 -1.658e-4 1.77284 -0.3999069 0.284608 1.65325 -0.226466 0.304182 1.71797 -0.226647 0.31106 1.64337 -0.164874 0.273812 1.59795 -0.168358 0.329324 1.70801 -0.1578109 0.08860605 1.5123 -0.178265 0.163187 1.53425 -0.176099 -1.425e-4 1.50486 -0.178798 0.221619 1.56228 -0.171669 0.08761256 2.22976 -0.218348 -1.432e-4 2.23739 -0.22092 0.09020906 2.25753 -0.113019 0 2.26539 -0.114425 0.09183585 2.25778 -0.01037842 -1.348e-4 2.2668 -0.008591175 0.34193 1.77002 -0.147284 0.315482 1.78208 -0.2310439 0.183052 1.95418 -0.375992 0.369615 1.82535 -0.05966794 0.344244 1.69771 -0.09359568 0.329313 1.63275 -0.101397 0.288873 1.57841 -0.104274 0.353529 1.75522 -0.07964617 0.233264 1.53831 -0.1043879 0.1688179 1.51343 -0.103638 0.09155094 1.49159 -0.103837 -1.03e-5 1.48415 -0.1112329 0.05760598 1.48588 -0.08944416 -2.58e-4 1.50475 0.268917 0.04447633 1.53375 0.288918 0.0859875 1.54791 0.28314 -1.618e-4 1.52902 0.2917079 0.04447633 1.53375 0.288918 0.218263 1.89289 0.274996 0.237332 1.98389 0.25968 0.265211 1.91962 0.2411929 0.173627 1.9583 0.303502 0.191779 2.03876 0.27682 -8.99e-5 1.71114 0.307658 0.05373221 1.7109 0.29835 0.09870314 1.6967 0.2842839 0.276957 1.72249 0.1860489 0.239444 1.71196 0.217353 0.271223 1.74456 0.200873 0.322303 1.84602 0.166711 0.3136 1.77717 0.1555899 0.307654 1.94884 0.19098 0.272118 2.0209 0.207054 0.21188 1.69726 0.235294 0.213643 2.08795 0.2243739 0.1330879 2.06673 0.291828 0.119945 1.97586 0.321941 0.14851 2.12611 0.23663 0.07317799 2.08515 0.301663 0.0660175 1.9881 0.330774 0 2.09197 0.305063 -1.864e-4 1.99076 0.337928 0 1.76202 0.321071 0.05717355 1.76645 0.313544 0.08585107 1.74049 0.293964 0 1.83227 0.3390899 0.05922102 1.83439 0.332723 0.1024219 1.77157 0.3015 0.109067 1.83713 0.316823 0.164871 1.84113 0.294286 0.162261 1.80476 0.279209 0.108972 1.70992 0.2819499 0.112796 1.90524 0.326749 0.06163948 1.90647 0.341541 -2.036e-4 1.90717 0.346342 0.1671569 1.9019 0.304355 0.2290319 1.72073 0.2243509 0.25656 1.75338 0.214363 0.285121 1.77995 0.1982449 0.126007 1.76543 0.282867 0.118359 1.76852 0.28895 0.160524 1.79435 0.274619 0.103225 1.7432 0.281973 0.294025 1.83151 0.1997849 0.265239 1.78228 0.21464 0.268041 1.81863 0.216359 0.2026799 1.70675 0.236187 0.117389 1.72177 0.27479 0.297994 1.88437 0.2040219 0.267572 1.8691 0.227743 0.214551 1.83932 0.261781 0.213348 1.82801 0.257454 0.2669709 1.85741 0.223751 0.124821 1.57838 0.280764 -0.06232672 1.47441 0.0363608 -0.08738726 1.47713 0.0386545 -2.445e-4 1.46845 0.06099677 -0.08091008 1.48088 -0.02886867 -0.09153014 1.48239 -0.02709937 -0.05784869 1.48591 -0.08928048 -0.09159195 1.49159 -0.1037999 0 1.46735 0.09510535 -0.08008569 1.47437 0.09456598 -0.04773664 1.68401 0.3017359 5e-7 1.68514 0.314228 -0.04206836 1.66263 0.320127 0 1.66061 0.335601 -0.0839104 1.65873 0.303842 -0.0907104 1.67853 0.2847729 -0.2444829 1.58098 0.2022359 -0.242447 1.62897 0.217602 -0.200542 1.57583 0.2367889 -0.1995829 1.62596 0.250725 -0.181962 1.54046 0.223486 -0.2161549 1.53713 0.184574 -0.146035 1.51982 0.227562 -0.17119 1.50701 0.1820359 -0.101519 1.50593 0.2295629 -0.118588 1.4887 0.180877 -0.05189067 1.49408 0.235632 -0.06121474 1.47304 0.184895 -0.04828763 1.50938 0.266746 -0.09191995 1.51977 0.263652 -2.457e-4 1.48981 0.237805 0 1.46747 0.186725 -0.04377102 1.54159 0.2885169 3.5e-6 1.53719 0.291282 -0.046691 1.52542 0.283661 -2.662e-4 1.52048 0.286689 -0.1698679 2.23792 -0.0109238 -0.1728129 2.20926 0.09309315 -0.255693 2.19743 -0.003830194 -0.350612 1.78938 0.08576279 -0.36874 1.80931 0.01066017 -0.3576999 1.87374 0.103182 -0.376373 1.89245 0.0336095 -0.361495 1.99395 0.06100589 -0.338521 1.97576 0.128094 -0.299522 2.05745 0.147787 -0.315385 2.09534 0.07637089 -0.242757 1.5406 0.145066 -0.28244 1.58749 0.156651 -0.267794 1.54556 0.09655326 -0.308176 1.5949 0.107464 -0.283556 1.63566 0.170306 -0.31327 1.64524 0.12253 -0.291263 1.55189 0.03651803 -0.329297 1.60721 0.045484 -0.299742 1.56349 -0.0309031 -0.337411 1.61892 -0.02627658 -0.339128 1.6649 0.05505937 -0.351956 1.67973 -0.01538008 -0.296946 1.69577 0.134882 -0.266184 1.68169 0.176838 -0.333284 1.71669 0.06815367 -0.356454 1.73767 -0.006374657 -0.07116389 1.46976 0.14429 -0.130735 1.48454 0.141712 0 1.46326 0.1456689 -0.146629 1.48659 0.09256917 -0.160649 1.49317 0.03729665 -0.16864 1.50121 -0.02769458 -0.186935 1.50279 0.1419349 -0.205999 1.50701 0.09121584 -0.222238 1.51283 0.03658849 -0.2330459 1.52337 -0.03072077 -0.2364789 2.13221 0.161014 -0.251893 2.1674 0.08607119 -0.162962 2.1738 0.171992 -0.08825296 2.1981 0.17993 -0.09365385 2.23492 0.09683829 -1.43e-4 2.20776 0.1830419 -0.08105838 2.15178 0.244643 0 2.16239 0.24761 0 2.24504 0.101071 -0.03995305 1.6143 0.337652 -0.04156297 1.57056 0.32758 -0.08000266 1.61218 0.3228729 -0.08395296 1.57388 0.312574 -3.065e-4 1.61454 0.34487 -3.034e-4 1.56987 0.33183 -0.04373818 1.54095 0.308181 -0.0857979 1.55508 0.299088 -2.093e-4 1.53741 0.311359 -0.09197086 2.25776 -0.01038277 -1.348e-4 2.2668 -0.008591175 -0.325149 2.11468 0.03089177 -0.371803 2.00389 0.008063375 -0.3830159 1.90365 -0.03211027 -0.369615 1.82535 -0.05966794 -0.344244 1.69771 -0.09359568 -0.329313 1.63275 -0.101397 -0.288873 1.57841 -0.104274 -0.353529 1.75522 -0.07964617 -0.233264 1.53831 -0.1043879 -0.1688179 1.51343 -0.103638 -0.04013943 1.64185 0.336095 -2.886e-4 1.64277 0.349889 -0.5099239 2.11976 -0.103046 -0.427581 2.04617 -0.04968017 -0.522614 2.0449 -0.160492 -0.438446 1.96418 -0.105064 -0.512588 2.01551 -0.22359 -0.422934 1.91772 -0.1755229 -0.479076 2.01258 -0.283402 -0.383485 1.90924 -0.249489 -0.3433229 1.96165 -0.309068 -0.4234089 2.0423 -0.343118 -0.302725 2.03128 -0.347485 -0.377573 2.10012 -0.369421 -0.302725 2.03128 -0.347485 -0.268948 2.10854 -0.346424 -0.377573 2.10012 -0.369421 -0.345575 2.17514 -0.365508 -0.240531 2.2035 -0.302959 -0.3202 2.26155 -0.323978 -0.245477 2.25887 -0.219711 -0.33073 2.32291 -0.246311 -0.283093 2.264 -0.129005 -0.366091 2.32172 -0.170543 -0.4168 2.28866 -0.114671 -0.328255 2.2246 -0.06238377 -0.384253 2.15162 -0.03297531 -0.470655 2.21416 -0.08780604 -0.387028 2.0164 -0.0234692 -0.34293 2.12661 -0.002259016 -0.2850869 2.20154 -0.03535908 -0.236481 2.23269 -0.110791 -0.1918489 2.22037 -0.206506 -0.176977 2.1628 -0.304813 -0.2038879 2.05723 -0.3522419 -0.2433249 1.97232 -0.343527 -0.2433249 1.97232 -0.343527 -0.284543 1.90297 -0.294918 -0.3358319 1.85486 -0.229771 -0.3718839 1.86588 -0.1423389 -0.398548 1.92739 -0.07185739 -0.247072 1.65444 -0.272185 -0.258202 1.62214 -0.227279 -0.205334 1.58952 -0.233268 -0.2043679 1.64569 -0.30373 -0.387028 2.0164 -0.0234692 -0.34293 2.12661 -0.002259016 -0.371803 2.00389 0.008063375 -0.325149 2.11468 0.03089177 -0.2850869 2.20154 -0.03535908 -0.255693 2.19743 -0.003830194 -0.20249 2.22773 -0.104673 -0.236481 2.23269 -0.110791 -0.1918489 2.22037 -0.206506 -0.151304 2.21445 -0.203706 -0.1429139 2.15736 -0.314979 -0.176977 2.1628 -0.304813 -0.180086 2.03977 -0.361432 -0.2038879 2.05723 -0.3522419 -0.219887 1.95403 -0.358825 -0.2433249 1.97232 -0.343527 -0.284543 1.90297 -0.294918 -0.257875 1.87634 -0.311384 -0.3358319 1.85486 -0.229771 -0.3213829 1.82563 -0.231405 -0.3718839 1.86588 -0.1423389 -0.362082 1.83603 -0.125303 -0.3830159 1.90365 -0.03211027 -0.398548 1.92739 -0.07185739 -0.162934 2.24093 -0.1075 -0.1698679 2.23792 -0.0109238 -0.631781 2.33144 -0.218899 -0.594505 2.38743 -0.239923 -0.594629 2.30648 -0.1795629 -0.5432059 2.37897 -0.2001519 -0.483754 2.34075 -0.1596959 -0.541224 2.26621 -0.136614 -0.624241 2.23373 -0.196452 -0.577074 2.18847 -0.156445 -0.656136 2.26267 -0.230796 -0.501202 2.35673 -0.376668 -0.450873 2.34601 -0.358489 -0.5112 2.40427 -0.329692 -0.460272 2.39918 -0.3030509 -0.388966 2.31026 -0.343246 -0.4000589 2.36854 -0.273866 -0.498318 2.40685 -0.245675 -0.55116 2.41075 -0.278551 -0.438113 2.37021 -0.209356 -0.498381 2.11498 -0.364857 -0.4520429 2.1664 -0.384849 -0.549292 2.16738 -0.374456 -0.502106 2.20993 -0.394982 -0.583297 2.19788 -0.382688 -0.5432879 2.23894 -0.400354 -0.4670979 2.27429 -0.390657 -0.511201 2.29457 -0.399255 -0.502106 2.20993 -0.394982 -0.5432879 2.23894 -0.400354 -0.412582 2.23109 -0.382458 -0.4520429 2.1664 -0.384849 -0.660757 2.20767 -0.267184 -0.628624 2.17521 -0.2392579 -0.588909 2.12175 -0.205484 -0.644191 2.1865 -0.305779 -0.614399 2.15636 -0.284963 -0.576168 2.09565 -0.2584 -0.619803 2.17819 -0.350672 -0.592183 2.15055 -0.334406 -0.548065 2.0911 -0.316611 -0.8635649 2.32333 -0.470564 -0.867554 2.30311 -0.464726 -0.8867589 2.31343 -0.507282 -0.8887789 2.29803 -0.504584 -0.8850709 2.28842 -0.5132229 -0.887201 2.30287 -0.52237 -0.8796899 2.32287 -0.513847 -0.878499 2.31789 -0.523447 -0.887201 2.30287 -0.52237 -0.854873 2.33605 -0.477298 -0.869619 2.31012 -0.530266 -0.8730019 2.29528 -0.529276 -0.83267 2.29738 -0.521399 -0.8784859 2.28521 -0.520892 -0.8413359 2.27749 -0.513756 -0.8730019 2.29528 -0.529276 -0.820923 2.3041 -0.401194 -0.81011 2.33626 -0.4056739 -0.7370359 2.28978 -0.307452 -0.7178969 2.34485 -0.304749 -0.691227 2.37799 -0.3246949 -0.7966279 2.35749 -0.420194 -0.848449 2.34098 -0.4940969 -0.8394719 2.33757 -0.508246 -0.633051 2.39278 -0.398323 -0.662209 2.3959 -0.361401 -0.762663 2.36421 -0.469761 -0.778558 2.36527 -0.443247 -0.620058 2.36071 -0.432294 -0.7509689 2.33924 -0.490489 -0.8335639 2.32056 -0.520137 -0.777328 2.2579 -0.4805089 -0.766331 2.27043 -0.4932169 -0.68145 2.22697 -0.426578 -0.65279 2.25696 -0.446949 -0.8413359 2.27749 -0.513756 -0.766331 2.27043 -0.4932169 -0.75498 2.2989 -0.500291 -0.629463 2.30357 -0.449733 -0.65279 2.25696 -0.446949 -0.866514 2.28855 -0.4689469 -0.819357 2.272 -0.417025 -0.7388929 2.24084 -0.333263 -0.8623439 2.27635 -0.479508 -0.725336 2.22105 -0.364636 -0.808179 2.25482 -0.436849 -0.8523859 2.27078 -0.496812 -0.7974939 2.2498 -0.4576129 -0.708573 2.21294 -0.3958669 -0.135964 1.87339 -0.38842 -0.07470595 1.87192 -0.407489 -0.132726 1.95485 -0.396404 -0.07472455 1.95879 -0.4128789 -1.653e-4 1.9601 -0.418334 0 1.8713 -0.413457 -0.134418 2.06139 -0.3753859 -0.0765984 2.07331 -0.38616 0 2.07793 -0.389564 -0.08191275 2.17382 -0.317725 -1.518e-4 2.18013 -0.319572 -0.14879 1.56549 -0.237209 -0.140506 1.63664 -0.3217689 -0.205374 1.71683 -0.328458 -0.26288 1.72208 -0.28543 -0.1393679 1.70659 -0.354737 -0.07668095 1.63122 -0.334502 -0.07558095 1.69923 -0.371002 -0.08169949 1.54824 -0.2406809 -1.626e-4 1.62694 -0.337913 -1.641e-4 1.69629 -0.375671 -1.539e-4 1.54221 -0.242596 -0.265462 1.78714 -0.296769 -0.2055119 1.78357 -0.344518 -0.138794 1.77851 -0.375156 -0.196808 1.87562 -0.3626149 -0.07500267 1.77457 -0.394225 -1.658e-4 1.77284 -0.3999069 -0.284608 1.65325 -0.226466 -0.304182 1.71797 -0.226647 -0.31106 1.64337 -0.164874 -0.273812 1.59795 -0.168358 -0.329324 1.70801 -0.1578109 -0.163187 1.53425 -0.176099 -0.08874368 1.51233 -0.178264 -1.425e-4 1.50486 -0.178798 -0.221619 1.56228 -0.171669 -0.08772206 2.22976 -0.218313 -1.432e-4 2.23739 -0.22092 -0.09024029 2.25752 -0.1130509 0 2.26539 -0.114425 -0.09197086 2.25776 -0.01038277 -1.348e-4 2.2668 -0.008591175 -0.315482 1.78208 -0.2310439 -0.34193 1.77002 -0.147284 -0.183052 1.95418 -0.375992 -0.369615 1.82535 -0.05966794 -0.344244 1.69771 -0.09359568 -0.329313 1.63275 -0.101397 -0.288873 1.57841 -0.104274 -0.353529 1.75522 -0.07964617 -0.233264 1.53831 -0.1043879 -0.1688179 1.51343 -0.103638 -0.09159195 1.49159 -0.1037999 -1.03e-5 1.48415 -0.1112329 -0.05784869 1.48591 -0.08928048 -2.58e-4 1.50475 0.268917 -0.08594787 1.5478 0.283288 -0.04473406 1.53375 0.2889879 -0.04473406 1.53375 0.2889879 -1.618e-4 1.52902 0.2917079 -0.218263 1.89289 0.274996 -0.265211 1.91962 0.2411929 -0.237332 1.98389 0.25968 -0.173627 1.9583 0.303502 -0.191779 2.03876 0.27682 -0.05373352 1.7109 0.29835 -8.99e-5 1.71114 0.307658 -0.09870314 1.6967 0.2842839 -0.276957 1.72249 0.1860489 -0.271223 1.74456 0.200873 -0.239444 1.71196 0.217353 -0.3136 1.77717 0.1555899 -0.322303 1.84602 0.166711 -0.307654 1.94884 0.19098 -0.272118 2.0209 0.207054 -0.213643 2.08795 0.2243739 -0.119945 1.97586 0.321941 -0.1330879 2.06673 0.291828 -0.14851 2.12611 0.23663 -0.0662055 1.98808 0.330752 -0.07321387 2.08518 0.301639 -1.864e-4 1.99076 0.337928 0 2.09197 0.305063 -0.05717355 1.76645 0.313544 0 1.76202 0.321071 -0.08585107 1.74049 0.293964 -0.05926638 1.83434 0.332705 0 1.83227 0.3390899 -0.109067 1.83713 0.316823 -0.1024219 1.77157 0.3015 -0.162261 1.80476 0.279209 -0.164871 1.84113 0.294286 -0.108972 1.70992 0.2819499 -0.112796 1.90524 0.326749 -0.06183993 1.90646 0.341509 -2.036e-4 1.90717 0.346342 -0.1671569 1.9019 0.304355 -0.229192 1.72086 0.224277 -0.256613 1.75309 0.214286 -0.285121 1.77995 0.1982449 -0.126006 1.76543 0.282868 -0.160524 1.79435 0.274619 -0.118359 1.76852 0.28895 -0.135913 1.69383 0.269547 -0.103225 1.7432 0.281973 -0.294025 1.83151 0.1997849 -0.265097 1.78199 0.214677 -0.117381 1.72176 0.274794 -0.13828 1.70774 0.265893 -0.268041 1.81863 0.216359 -0.267572 1.8691 0.227743 -0.297994 1.88437 0.2040219 -0.214551 1.83932 0.261781 -0.213357 1.82794 0.257402 -0.26697 1.85741 0.223751 -0.124821 1.57838 0.280764 0.2290319 1.72073 0.2243509 0.213348 1.82801 0.257454 0.25656 1.75338 0.214363 0.2026799 1.70675 0.236187 0.160524 1.79435 0.274619 0.138651 1.70764 0.265738 0.126007 1.76543 0.282867 0.117389 1.72177 0.27479 0.103225 1.7432 0.281973 0.165576 1.70185 0.254202 -0.213357 1.82794 0.257402 -0.268041 1.81863 0.216359 -0.26697 1.85741 0.223751 -0.20282 1.70669 0.2361609 -0.160524 1.79435 0.274619 -0.165641 1.70199 0.2541379 -0.126006 1.76543 0.282868 -0.13828 1.70774 0.265893 -0.103225 1.7432 0.281973 -0.117381 1.72176 0.274794 -0.229192 1.72086 0.224277 0.268041 1.81863 0.216359 0.2669709 1.85741 0.223751 0.265239 1.78228 0.21464 -0.265097 1.78199 0.214677 -0.256613 1.75309 0.214286 3.5e-6 1.53719 0.291282 6e-7 1.51835 0.252689 0.04377102 1.54159 0.2885169 0.04647815 1.51932 0.2478889 0.06707447 1.61005 0.256818 0.03298056 1.60935 0.261231 0.0859875 1.54791 0.28314 0.04447633 1.53375 0.288918 -3.304e-4 1.60985 0.265219 -1.618e-4 1.52902 0.2917079 0.04811686 1.54799 0.2432079 -1.704e-4 1.55086 0.2440879 0.100563 1.6117 0.245938 0.07314395 1.63125 0.194164 0.107629 1.62773 0.2065079 0.07520675 1.56601 0.18046 0.04692405 1.58062 0.1691409 0.03677469 1.63446 0.182682 -2.787e-4 1.6356 0.1780909 0.108963 1.57649 0.1977339 -0.04647845 1.51932 0.2478899 6e-7 1.51835 0.252689 -0.04377102 1.54159 0.2885169 3.5e-6 1.53719 0.291282 -0.04473406 1.53375 0.2889879 -0.03333646 1.6093 0.261239 -0.08594787 1.5478 0.283288 -0.06705719 1.60997 0.256903 -1.618e-4 1.52902 0.2917079 -3.304e-4 1.60985 0.265219 -0.04829514 1.54801 0.2432159 -1.704e-4 1.55086 0.2440879 -0.107629 1.62773 0.2065079 -0.100564 1.6117 0.245939 -0.0731464 1.63124 0.194162 -0.03704541 1.63442 0.182677 -2.787e-4 1.6356 0.1780909 -0.1089619 1.57649 0.1977339 -0.07520979 1.56601 0.18046 -0.141018 1.62296 0.221435 -1.856e-4 1.58582 0.160245 -1.856e-4 1.58582 0.160245 -0.04710471 1.58057 0.169183 0.06806826 1.55493 0.223806 0.04836088 1.57047 0.2181299 1.7e-6 1.57727 0.220721 1.7e-6 1.57727 0.220721 -0.04836237 1.57052 0.218128 0.09110295 1.53331 0.2315109 -0.06807398 1.55493 0.223801 0.109807 1.54438 0.281116 0.09872967 1.5535 0.282535 0.1071799 1.55652 0.282647 0.114338 1.55778 0.276948 0.109807 1.54438 0.281116 0.114338 1.55778 0.276948 0.105072 1.55397 0.277521 0.09872967 1.5535 0.282535 0.09256869 1.56691 0.282117 0.103826 1.57025 0.282559 0.113036 1.57175 0.274962 0.113036 1.57175 0.274962 0.101206 1.56721 0.274708 0.09256869 1.56691 0.282117 -0.09759718 1.54361 0.264474 -0.09980225 1.55654 0.273722 -0.0859012 1.55723 0.268751 -0.109161 1.5577 0.262512 -0.08387166 1.57092 0.272599 -0.100431 1.5704 0.276966 -0.111602 1.57181 0.263939 -0.109161 1.5577 0.262512 -0.0859012 1.55723 0.268751 -0.111602 1.57181 0.263939 -0.08387166 1.57092 0.272599 0.08299857 1.57114 0.260863 0.09500586 1.56067 0.259011 0.08524286 1.55987 0.264653 0.07637858 1.55712 0.263212 0.09928184 1.5466 0.259745 0.08802944 1.54594 0.267223 0.07675325 1.54254 0.264648 0.09500586 1.56067 0.259011 0.07637858 1.55712 0.263212 0.09928184 1.5466 0.259745 0.07675325 1.54254 0.264648 -0.08299845 1.57114 0.260863 -0.08524286 1.55987 0.264653 -0.09500598 1.56067 0.259011 -0.07636076 1.55731 0.2632679 -0.09928464 1.54659 0.259754 -0.08803468 1.54594 0.267222 -0.07668995 1.54274 0.2645 -0.07636076 1.55731 0.2632679 -0.09500598 1.56067 0.259011 -0.07668995 1.54274 0.2645 -0.09928464 1.54659 0.259754 0.1545209 1.57366 0.263072 0.08784037 1.54182 0.281062 0.08472818 1.55265 0.2834939 0.08472818 1.55265 0.2834939 -0.139279 1.54669 0.257958 -0.1545209 1.57366 0.263072 -0.09110385 1.53331 0.2315109 -0.121791 1.56028 0.210707 -0.135653 1.58281 0.2729099 -0.121031 1.57333 0.272588 -0.127559 1.56995 0.271135 -0.117345 1.57337 0.272333 -0.08594787 1.5478 0.283288 -0.08784174 1.54182 0.281062 -0.08472818 1.55265 0.2834939 -0.121031 1.57333 0.272588 -0.08472818 1.55265 0.2834939 -0.117345 1.57337 0.272333 -0.121031 1.57333 0.272588 -0.117345 1.57337 0.272333 0.141018 1.62296 0.221435 0.121791 1.56028 0.210707 0.135653 1.58281 0.2729099 0.127559 1.56995 0.271135 0.121202 1.5732 0.272513 0.117388 1.57339 0.272311 0.0859875 1.54791 0.28314 0.121202 1.5732 0.272513 0.117388 1.57339 0.272311 0.121202 1.5732 0.272513 0.117388 1.57339 0.272311 0.128934 1.67193 0.269983 0.124238 1.6468 0.287298 0.177273 1.66611 0.249553 0.1557289 1.62489 0.273564 0.119286 1.61432 0.297254 0.135913 1.69383 0.269547 0.138651 1.70764 0.265738 0.165576 1.70185 0.254202 0.168532 1.68982 0.255884 -0.124238 1.6468 0.287298 -0.128934 1.67193 0.269983 -0.1557289 1.62489 0.273564 -0.177273 1.66611 0.249553 -0.2159129 1.67117 0.2201489 -0.119286 1.61432 0.297254 -0.08119428 1.6392 0.317488 -0.165641 1.70199 0.2541379 -0.168532 1.68982 0.255884 -0.21188 1.69726 0.235294 -0.20282 1.70669 0.2361609</float_array>
          <technique_common>
            <accessor source="#chr081_1-mesh-positions-array" count="2707" stride="3">
              <param name="X" type="float"/>
              <param name="Y" type="float"/>
              <param name="Z" type="float"/>
            </accessor>
          </technique_common>
        </source>
        <source id="chr081_1-mesh-normals">
          <float_array id="chr081_1-mesh-normals-array" count="8121">-0.4463152 -0.04406994 -0.8937901 -0.419973 -0.1859222 -0.8882881 -0.3706814 -0.1783519 -0.9114747 -0.2331051 -0.216228 -0.9481073 -0.4176549 -0.1453933 -0.8968975 -0.2923722 -0.08557528 -0.9524681 -0.3150757 0.3473646 -0.8832131 -0.5039367 0.4314835 -0.7482446 -0.4742063 -0.06082463 -0.8783102 -0.803474 0.1893705 -0.5644186 -0.7194862 -0.3049157 -0.6239922 -0.8970861 -0.2906054 -0.3328441 -0.7174385 -0.6393712 -0.2765623 -0.891466 -0.452081 0.03018349 -0.7541613 -0.6535394 0.06424301 -0.7078688 -0.5614363 0.4286155 -0.7525366 -0.4872658 0.4430133 -0.7463476 -0.6492965 0.1462175 -0.7732878 -0.4027578 0.4897062 -0.6170676 -0.7777816 0.1195132 -0.7789384 -0.4937682 0.3865851 -0.5146054 -0.8424978 0.1593073 -0.4476912 -0.8249433 -0.3450235 -0.6660813 -0.7306904 0.1497576 -0.6300331 -0.6927801 -0.3508763 -0.6640672 -0.4958454 -0.5596 -0.4705413 -0.5707351 -0.6729431 -0.6779255 -0.2200442 -0.7014254 -0.4812875 -0.3263416 -0.81355 -0.5848446 -0.06668502 -0.8083997 -0.4138374 6.40898e-4 -0.9103506 -0.7179033 -0.2627398 0.6446571 -0.510164 -0.3829282 -0.7701291 -0.5681155 -0.7217494 -0.3953767 -0.7147067 -0.647228 -0.2651233 -0.7313597 -0.1786588 -0.6581749 -0.4282408 -0.07080376 -0.9008866 -0.3352185 0.09146481 -0.9376901 -0.3360441 -0.3060745 -0.8907261 -0.2509915 -0.303027 -0.9193356 -0.1423435 -0.6999981 -0.699815 -0.07602381 -0.7245002 -0.6850692 -0.2179076 -0.4634657 -0.858904 -0.1354153 -0.5115689 -0.8485047 -0.2543479 -0.3063223 -0.9173188 -0.5536841 -0.4828485 0.6784477 -0.607881 -0.2703389 0.7465907 -0.3205699 -0.1561039 0.9342733 -0.2492227 -0.362664 0.8979772 -0.6035299 -0.3955982 0.6922816 -0.354084 -0.1903483 0.9156375 -0.1374289 -0.0207532 0.9902942 -0.09015399 -0.3068715 0.9474715 -0.084019 -0.1377631 0.9868953 -0.09470182 0.2656413 0.9594094 -0.343985 0.2007571 0.9172628 -0.5680821 0.09409028 0.8175756 -0.3778848 0.6359524 -0.6728802 -0.5101908 0.4812585 -0.7128083 -0.7315871 0.4925875 -0.4713153 -0.8058844 0.3877132 -0.4474694 -0.5961622 0.2598406 -0.7596536 -0.8814632 0.1631571 -0.4431732 -0.6397169 0.02093625 -0.7683255 -0.8996124 -0.01840299 -0.4363015 -0.6433824 -0.1857724 -0.7426626 -0.8931351 -0.2046596 -0.4005298 -0.6348839 -0.3271622 -0.6999196 -0.8634272 -0.3313502 -0.3803951 -0.8570391 -0.3643072 -0.3643683 -0.9436636 -0.3293361 0.03219807 -0.9346143 -0.3493207 0.06686717 -0.8105273 -0.3256697 0.4868108 -0.8132106 -0.2687507 0.5161992 -0.5538402 -0.3443533 0.7580778 -0.525485 -0.197095 0.8276588 -0.2517842 -0.3983988 0.8819769 -0.2167787 -0.1845809 0.958612 -0.1152403 -0.2064926 0.9716382 -0.203931 -0.01428306 0.9788811 -0.09427249 -0.0187385 0.9953701 -0.1747803 -0.1360521 0.9751625 -0.08377552 -0.1327285 0.9876056 -0.1480203 -0.4393916 0.8860164 -0.05612415 -0.4529305 0.8897776 -0.04864752 -0.6796619 0.7319107 -0.1803978 -0.752202 0.6337577 -0.2370094 -0.3947308 0.8877017 -0.5003019 -0.64713 0.5752572 -0.6540753 0.006195247 0.7564042 -0.99564 0.08099645 0.04626625 -0.8165749 -0.5772119 0.005646049 -0.7202958 0.2068931 -0.6620947 -0.5311605 -0.626778 -0.5701034 -0.3292675 -0.2046592 -0.9217904 -0.1634005 -0.8878073 -0.430231 -0.0469076 -0.8689354 -0.4926978 -0.1680684 -0.7150004 -0.6786217 -0.0774275 -0.7278857 -0.6813132 -0.2190977 -0.5017976 -0.8367768 -0.1166455 -0.5091872 -0.8527146 -0.1276306 -0.4188739 -0.8990301 -0.250469 -0.4209783 -0.8718042 -0.1343455 -0.3677871 -0.9201543 -0.2798577 -0.3778842 -0.8825436 -0.1382515 -0.3107454 -0.940385 -0.3031525 -0.3225325 -0.8967003 -0.1408771 -0.1883347 -0.9719485 -0.3131911 -0.192578 -0.9299598 -0.1413026 0.0345779 -0.9893624 -0.3228303 0.03042745 -0.9459677 -0.3042406 0.3080859 -0.9013994 -0.2346612 0.5990285 -0.7655711 -0.100318 0.8114249 -0.575783 -0.1859258 0.7761457 -0.6025193 -0.01348948 0.9382516 -0.3456909 -0.04236018 0.9525551 -0.3014044 -0.0227366 0.9997414 3.96747e-4 -0.02374356 0.9997034 -0.005432307 -0.02618551 0.9628533 0.2687529 -0.02923721 0.9385216 0.3439801 -0.05636906 0.8468489 0.528838 -0.1117926 0.8235664 0.5560943 -0.1691057 0.7586411 0.6291795 -0.1982219 0.6011665 0.7741491 -0.4766482 0.4903208 0.7296521 -0.5302808 0.5473718 0.6474461 -0.6212684 0.2728673 0.7345537 -0.859966 0.2321584 0.4544898 -0.6489551 0.005462884 0.7608071 -0.886968 0.01962357 0.4614138 -0.6127428 -0.2761417 0.7404674 -0.866322 -0.2114074 0.4525408 -0.9786959 -0.2034117 0.02789467 -0.999496 6.40898e-4 0.03173971 -0.9829457 0.1778934 0.04660201 -0.9395609 0.3378464 0.05554473 -0.8985297 0.4352105 0.05688863 -0.8978443 0.4384693 0.04025477 -0.7075169 0.5221763 -0.4761846 -0.314687 0.7131197 -0.6264442 -0.6181761 -0.3775895 -0.689409 -0.3501728 0.2317293 0.9075685 -0.2263913 -0.6541179 0.7217179 -0.3694028 -0.5417135 0.7550418 -0.3450807 -0.8899098 0.2982948 -0.06930834 0.8414053 -0.5359418 -0.1072753 0.6303761 -0.7688421 -0.134285 0.3145628 -0.9396904 -0.2132413 0.7977855 0.563974 -0.3808152 0.7060859 0.5970113 -0.7886777 0.4193646 0.4495786 -0.7118291 0.49673 0.4965468 -0.6861983 0.5443747 0.4824813 -0.6699613 0.01702976 0.7422007 -0.4193961 -0.2805638 0.8633602 -0.4421656 -0.4881584 0.7524567 -0.5004306 -0.7157162 0.4871546 -0.3997397 -0.8806604 0.2542549 -0.8644808 0.02041715 0.502251 -0.5218819 0.7622223 0.3829576 -0.3526815 0.8382748 0.415826 -0.5605408 -0.3840194 -0.7337051 -0.4251016 -0.4880321 -0.762308 -0.3599765 -0.7349075 -0.5747416 -0.295516 -0.9256736 -0.2362175 -0.2998178 -0.953411 0.03341817 -0.407679 -0.7295984 0.5490757 -0.4019663 -0.1655963 0.900556 -0.4844276 -0.02441513 0.8744906 -0.7869727 0.03940051 0.6157284 -0.9905635 -0.1352918 0.02191281 -0.8527952 -0.2223926 -0.4725272 -0.6002306 -0.4047825 -0.6898365 -0.3859434 -0.8185199 -0.4255266 -0.2137846 -0.9762985 0.03372329 -0.3393077 -0.7297651 0.5935598 -0.523658 -0.1284271 0.8421928 -0.4524475 0.01406931 0.8916802 -0.7743018 0.2718037 0.5714715 -0.999745 -0.01330631 -0.0182504 -0.8605422 0.01727366 -0.5090863 -0.5616461 -0.3343386 -0.7568168 -0.3225551 -0.8331683 -0.4492089 -0.1504576 -0.9884729 0.01684635 -9.46103e-4 0.9481474 -0.3178294 -0.002075254 0.9494173 -0.3140106 -0.001983702 0.6626654 -0.748913 -0.003112912 -0.1937024 -0.9810555 -0.01144468 0.6639471 -0.7476921 -0.01373362 -0.1962385 -0.9804601 -0.1214969 0.6650435 -0.7368552 -0.1190864 -0.22508 -0.9670354 -0.2090231 -0.2439365 -0.9469976 -0.06641006 -0.8201156 -0.5683311 -0.1148424 -0.8256567 -0.5523605 -0.06674498 -0.997635 0.01641917 -0.06558519 -0.9977558 0.01348936 -0.1010802 -0.7403395 0.6645904 -0.1080992 -0.7119841 0.6938251 -0.1307439 0.002197325 0.9914138 -0.137914 0.07022351 0.9879517 -0.143075 0.7456503 0.6507959 -0.07303249 0.7825743 0.6182587 -0.1107847 0.9582425 0.263625 -0.05237007 0.9596301 0.2763469 -0.005218625 0.7760866 0.6306048 -0.002838253 0.9585177 0.2850192 -0.001770079 0.7764655 0.6301572 -9.76597e-4 0.9583777 0.2855021 -0.001159727 0.7747001 0.6323279 -7.93489e-4 0.957894 0.287121 -0.001068115 0.7744802 0.6325974 -0.001831114 0.08539146 0.9963459 -6.1038e-4 0.08914601 0.9960185 -5.1883e-4 -0.698834 0.7152839 0.001159727 -0.6902306 0.7235885 0.001861631 -0.9998244 0.01864695 0.001739561 -0.9997071 0.02414041 2.4415e-4 -0.7970569 -0.6039041 9.15583e-5 -0.7997619 -0.6003174 -0.001709043 -0.1924816 -0.9812992 -0.003357112 0.6657816 -0.7461392 -0.005706965 0.9488265 -0.3157465 -0.07751864 0.9483521 -0.3076025 -0.1498165 0.9407402 -0.3042414 -0.2298687 0.5562077 -0.7986197 -0.1934301 -0.2902062 -0.9372113 -0.1105716 -0.8365665 -0.5365916 -0.03851521 -0.9990457 0.02060043 -0.0032655 0.08627748 0.9962658 -0.007965564 0.0906732 0.9958489 -0.07660329 0.0849961 0.9934323 -0.06405997 -0.7075289 0.703775 -0.0032655 -0.9997313 0.02295005 -0.007904529 -0.8020249 -0.5972383 -7.32454e-4 -0.6978453 0.7162482 -0.005707025 -0.6939435 0.7200069 -0.2035593 -0.9706761 0.1278731 0.1293999 -0.2732658 -0.9531954 0.5935682 -0.3629345 -0.7183003 -0.4159072 -0.2009343 -0.886931 0.1468874 -0.1748123 -0.9735835 0.5330232 -0.2052742 -0.8208221 -0.2528228 -0.07584071 -0.9645356 -0.5960428 -0.3651944 -0.7150987 -0.1243357 -0.2729038 -0.9539729 0.2055174 -0.9705462 0.1257092 0.4204632 -0.2039904 -0.8840807 -0.1446622 -0.1782336 -0.9732963 -0.5333787 -0.2049039 -0.8206836 0.2470838 -0.08868891 -0.964927 0.3170022 0.1117305 -0.9418205 0.3817369 -0.236556 -0.8934866 0.3943677 -0.1977942 -0.8974139 0.3152363 0.7148287 -0.6242163 0.2742146 0.8666218 -0.4168611 0.3877496 0.7581336 -0.5242936 0.4353295 0.4801321 -0.761552 0.5092781 0.6167371 -0.6002261 0.4278519 0.3221936 -0.8444727 0.5492618 0.3866227 -0.7408336 0.5433859 -0.04590016 -0.8382273 0.5012748 -0.01529002 -0.8651531 0.4865054 -0.102117 -0.8676893 0.4738991 -0.3340305 -0.8147659 0.4013838 -0.5230625 -0.7518622 0.2970142 -0.3430985 -0.8911039 0.2526657 0.1061751 -0.9617105 0.3985185 0.2440002 -0.884108 0.2214772 0.2794025 -0.9342816 0.3958652 0.354359 -0.847184 0.2028926 0.1913563 -0.9603216 0.3402257 0.1961455 -0.9196594 0.1743882 0.02035647 -0.9844666 0.3200271 0.06744796 -0.9450045 0.4539451 0.2534023 -0.8542372 0.426535 0.09821045 -0.8991233 0.6294841 -9.76607e-4 -0.7770128 0.4885522 0.433526 -0.7572132 0.5040596 0.3888791 -0.7711661 0.7498222 0.04776227 -0.6599131 0.6679714 -0.04223841 -0.7429873 0.2827296 0.9142935 -0.2900542 0.4046849 0.8465728 -0.3457523 0.5737037 0.6947131 -0.4338638 0.6741018 0.4124936 -0.6127282 0.8002276 0.002807676 -0.59969 0.8586903 0.07046896 -0.5076271 0.7514084 0.2950272 -0.590207 0.8459003 0.2296873 -0.4813486 0.7201055 0.1721905 -0.6721595 0.6991387 0.1396568 -0.701214 0.5872433 0.1221363 -0.8001426 0.6247026 0.2149789 -0.7506868 0.7492427 0.06985807 -0.6586011 0.6473368 0.2277321 -0.7273879 0.674629 0.01846414 -0.7379261 0.5606675 0.1198793 -0.8193174 0.6338749 -0.1745674 -0.7534779 0.4449753 -0.07825213 -0.8921175 0.5030543 -0.3554615 -0.7877714 0.285049 -0.1604087 -0.9449953 0.3361767 -0.4310325 -0.8373746 0.1601039 -0.2033191 -0.9659339 0.1849145 -0.4691074 -0.8635653 0.09878939 -0.2038352 -0.9740083 0.08978855 -0.486299 -0.8691671 0.2230634 -0.707522 -0.6705635 0.1201844 -0.7301707 -0.6726116 0.1163695 -0.860579 -0.4958446 0.2198296 -0.8365307 -0.5018879 0.1152697 -0.9455654 -0.3043339 0.2067076 -0.9270868 -0.3127014 0.1062385 -0.9739702 -0.2002387 0.1702025 -0.9643285 -0.2027354 0.3293303 -0.9170036 -0.2250469 0.382717 -0.8578172 -0.3430414 0.5319284 -0.8048359 -0.2632327 0.5905461 -0.7174143 -0.3695567 0.7969468 -0.5010636 -0.3373588 0.8063739 -0.4537875 -0.37926 0.953665 -0.2070425 -0.218304 0.9307914 -0.221444 -0.2908437 0.9832361 0.02832174 -0.1801241 0.933795 0.04547351 -0.3549074 0.9822511 0.1616587 -0.0951274 0.9264038 0.212992 -0.3105002 0.9842119 0.161141 -0.07321542 0.936789 0.1321179 -0.3239926 0.9893059 0.1429207 -0.02911514 0.967911 0.08420199 -0.2367666 0.9174379 0.3924465 0.06552469 0.913137 0.3836579 -0.1377946 0.6991918 0.7030982 0.1295534 0.669708 0.7406035 -0.05475097 0.4215039 0.8981563 0.1250991 0.4113686 0.9113346 0.01565635 0.2802573 0.9529604 0.1154234 0.2667086 0.96197 0.05899387 0.1871101 0.9777579 0.09476053 0.1542716 0.9867585 0.05008101 0.1099297 0.9939149 0.006988823 0.0890839 0.9955796 0.02975565 0.1446608 0.9887598 0.03778266 0.0876199 0.9946128 0.0553919 0.1727388 0.9843367 -0.03524971 0.09140425 0.9957424 -0.0119329 0.1790227 0.9477583 -0.2640173 0.09448677 0.9629048 -0.2527583 0.1713364 0.8889107 -0.4248313 0.09638023 0.9032523 -0.4181463 0.1626671 0.8045768 -0.5711356 0.1118205 0.8253784 -0.5533957 0.1559529 0.5083577 -0.8469069 0.1113335 0.5319472 -0.8394268 0.09000164 0.2646336 -0.9601401 0.125007 0.2578576 -0.9580621 0.3043087 0.3372085 -0.890891 0.2784268 0.1335215 -0.9511312 0.1526263 -0.0180673 -0.9881189 0.2579761 0.2302954 -0.9383029 0.275313 0.6608304 -0.6982163 0.4563814 0.3246613 -0.8284389 0.6282632 0.5554144 -0.5447939 0.5722324 0.05023437 -0.8185517 0.4616323 0.3474298 -0.8162036 0.4502446 0.03341811 -0.8922797 0.2165983 0.3723403 -0.9024676 0.249554 0.08612465 -0.9645234 0.1169806 0.3910747 -0.9128943 0.2230935 0.1789326 -0.958234 0.3212455 -0.3114793 -0.8943054 0.3233494 -0.2246202 -0.919234 0.2559977 -0.6127098 -0.7476977 0.2964063 -0.5733106 -0.7638444 0.2461691 -0.4536703 -0.8564952 0.2003905 0.03225898 -0.9791849 0.1502158 0.2534319 -0.9556189 0.1188707 0.1802135 -0.9764184 0.08536273 0.005188286 -0.9963365 0.5679946 0.298143 -0.767133 0.5497457 0.3527736 -0.757186 0.509551 0.4136287 -0.7544993 0.4662707 0.3995865 -0.7892543 0.56821 0.2296889 -0.7901775 0.433092 0.003814816 -0.9013417 0.4062743 -0.0149545 -0.9136288 0.4044097 -0.05350011 -0.9130119 0.5099765 0.06399881 -0.8578043 0.601404 0.2239776 -0.7669076 0.6645206 0.2304489 -0.7108485 0.6185554 0.1367853 -0.7737435 0.4502215 -0.3194461 -0.8338194 0.2658254 0.958284 -0.1050178 0.257429 0.966297 7.62978e-4 0.4297403 0.9008036 -0.06225907 0.6217421 0.7592628 -0.192242 0.8549941 0.4238195 -0.2989351 0.8964374 0.04348969 -0.4410315 0.8450755 0.1089228 -0.5234341 0.8121455 -0.1271733 -0.5694266 0.8821529 -0.1902251 -0.4308373 0.7262323 -0.3273783 -0.6044916 0.7789769 -0.396691 -0.4856245 0.5674143 -0.5222458 -0.636632 0.5895398 -0.6225616 -0.5146456 0.3991969 -0.7616786 -0.5103799 0.3958004 -0.6396775 -0.6589043 0.4261096 0.888293 -0.1713655 0.608991 0.7379979 -0.29067 0.7782059 0.4295255 -0.4581524 0.5240207 -0.1359646 -0.8407831 0.4533605 -0.1578445 -0.8772396 0.4029115 -0.2152503 -0.8895671 0.3510323 -0.2472669 -0.9031255 0.494476 0.03778302 -0.8683698 0.5899981 0.1845804 -0.7860232 0.9965478 0.04629778 -0.06891262 0.9843386 0.1714574 0.04098737 0.9822123 0.1699278 0.07989782 0.9810076 0.1556171 0.1157897 0.9020441 0.3965917 0.1703864 0.6955332 0.6808534 0.2295045 0.4535126 0.8690595 0.1976411 0.303514 0.9391387 0.160928 0.1950501 0.9724733 0.1274799 0.1190837 0.9855689 0.1203044 0.156928 0.9821277 0.1039167 0.106024 0.7584047 -0.6431028 0.235943 0.7531805 -0.614044 0.4850773 0.6646542 -0.5682736 0.6191062 0.7109986 -0.3334494 0.3449 0.8512479 -0.3955013 0.3604342 0.8623257 -0.3556426 0.1200329 0.9274545 -0.3541473 0.107673 0.9185471 -0.3803652 -0.4738991 -0.3340305 -0.8147659 -0.4014798 -0.5229767 -0.7518706 -0.3817341 -0.2365848 -0.8934801 -0.3042809 0.3372117 -0.8908993 -0.3151118 0.7149147 -0.6241808 -0.1554046 0.5097345 -0.8461799 -0.1617199 0.8051815 -0.5705518 -0.1707235 0.8889587 -0.4249777 -0.2740909 0.8666474 -0.4168892 -0.1790559 0.9477424 -0.2640519 -0.2827322 0.9143016 -0.2900263 -0.172739 0.9843378 -0.03521919 -0.2658185 0.9582896 -0.1049846 -0.4046849 0.8465728 -0.3457523 -0.3877496 0.7581336 -0.5242936 -0.5092781 0.6167371 -0.6002261 -0.4353295 0.4801321 -0.761552 -0.4278519 0.3221936 -0.8444727 -0.2571859 0.2292608 -0.9387731 -0.4571741 0.3241724 -0.8281933 -0.5012748 -0.01529002 -0.8651531 -0.5722324 0.05023437 -0.8185517 -0.4500655 -0.3194437 -0.8339046 -0.2964341 -0.5725729 -0.7643868 -0.2964327 -0.3424251 -0.8915565 -0.2524566 0.1065127 -0.961728 -0.3196594 -0.3096795 -0.8954979 -0.1445065 0.9887788 0.0378738 -0.2474188 0.08676594 -0.9650158 -0.4500375 0.03341859 -0.8923842 -0.9307914 -0.221444 -0.2908437 -0.8821529 -0.1902251 -0.4308373 -0.7789769 -0.396691 -0.4856245 -0.7262323 -0.3273783 -0.6044916 -0.5674143 -0.5222458 -0.636632 -0.5030543 -0.3554615 -0.7877714 -0.3957409 -0.63968 -0.6589375 -0.3361366 -0.4310508 -0.8373813 -0.1848247 -0.4689592 -0.863665 -0.1596464 -0.2033805 -0.9659966 -0.098149 -0.2036836 -0.9741047 -0.1737759 0.02023416 -0.9845774 -0.08472144 0.004913568 -0.9963927 -0.2027719 0.1911439 -0.9603893 -0.1187818 0.1798208 -0.9765017 -0.2215081 0.2793725 -0.9342833 -0.1500918 0.2535508 -0.9556068 -0.2000212 0.03222799 -0.9792614 -0.2460427 -0.4539979 -0.8563579 -0.2555374 -0.6104454 -0.7497046 -0.3195062 -0.2182433 -0.9221093 -0.2195847 0.1798183 -0.9588785 -0.1147211 0.3909797 -0.9132218 -0.2151885 0.3718114 -0.9030228 -0.4615421 0.3474003 -0.816267 -0.6286686 0.5495623 -0.5502338 -0.2699455 0.6569029 -0.7039945 -0.154396 -0.0263074 -0.9876587 -0.2785193 0.133522 -0.9511041 -0.125249 0.2587077 -0.9578012 -0.08960491 0.2668616 -0.9595602 -0.1099929 0.5353152 -0.8374601 -0.1102363 0.8255822 -0.5534095 -0.09531128 0.9031835 -0.4185395 -0.09424203 0.9627767 -0.2533366 -0.09140425 0.9957424 -0.0119329 -0.08762001 0.9945837 0.05591076 -0.0888701 0.9955775 0.03045755 -0.1539993 0.9868041 0.05002075 -0.1089517 0.9940244 0.006714105 -0.1812808 0.9788553 0.09476041 -0.1398674 0.9848399 0.102604 -0.1182296 0.9857866 0.1193588 -0.1950501 0.9724733 0.1274799 -0.2803207 0.9529379 0.1154549 -0.3034499 0.9391596 0.1609264 -0.4215039 0.8981563 0.1250991 -0.4535126 0.8690595 0.1976411 -0.6991918 0.7030982 0.1295534 -0.6955332 0.6808534 0.2295045 -0.9174379 0.3924465 0.06552469 -0.9020441 0.3965917 0.1703864 -0.9893059 0.1429207 -0.02911514 -0.9810076 0.1556171 0.1157897 -0.9842119 0.161141 -0.07321542 -0.9822123 0.1699278 0.07989782 -0.9843386 0.1714574 0.04098737 -0.9822511 0.1616587 -0.0951274 -0.9264038 0.212992 -0.3105002 -0.933795 0.04547351 -0.3549074 -0.8450755 0.1089228 -0.5234341 -0.8121455 -0.1271733 -0.5694266 -0.7492427 0.06985807 -0.6586011 -0.674629 0.01846414 -0.7379261 -0.6473413 0.2277032 -0.727393 -0.5606675 0.1198793 -0.8193174 -0.5679591 0.2978352 -0.7672789 -0.4539451 0.2534023 -0.8542372 -0.504025 0.3888759 -0.7711902 -0.3958395 0.3543633 -0.8471941 -0.4885635 0.4335361 -0.7572003 -0.3985155 0.2440289 -0.8841015 -0.5682002 0.2296544 -0.7901945 -0.4329074 0.003845334 -0.9014302 -0.523537 -0.1362709 -0.8410347 -0.4523301 -0.1573282 -0.8778641 -0.4063283 -0.01443541 -0.9136132 -0.4030669 -0.2153128 -0.8894817 -0.40447 -0.05359154 -0.9129798 -0.3509428 -0.2481533 -0.902917 -0.509892 0.06369453 -0.8578772 -0.4941921 0.03622585 -0.8685977 -0.6012308 0.2239813 -0.7670423 -0.5890886 0.1844602 -0.7867333 -0.6642515 0.2303593 -0.7111291 -0.6190209 0.1361767 -0.7734785 -0.72026 0.172252 -0.6719782 -0.5874294 0.1220148 -0.8000245 -0.6991387 0.1396568 -0.701214 -0.6247006 0.2148867 -0.750715 -0.5494681 0.3521003 -0.7577008 -0.5095167 0.4136256 -0.7545241 -0.466282 0.3995961 -0.7892428 -0.8459003 0.2296873 -0.4813486 -0.2849566 -0.1604082 -0.9450232 -0.426535 0.09821045 -0.8991233 -0.2229759 -0.707596 -0.6705147 -0.9965478 0.04629778 -0.06891262 -0.9832361 0.02832174 -0.1801241 -0.6338749 -0.1745674 -0.7534779 -0.4449753 -0.07825213 -0.8921175 -0.3197802 0.06744742 -0.9450881 -0.3401373 0.1961168 -0.9196982 -0.3170022 0.1117305 -0.9418205 -0.3943677 -0.1977942 -0.8974139 -0.4865054 -0.102117 -0.8676893 -0.5433859 -0.04590016 -0.8382273 -0.5492618 0.3866227 -0.7408336 -0.5737037 0.6947131 -0.4338638 -0.4261096 0.888293 -0.1713655 -0.257429 0.966297 7.32459e-4 -0.2667375 0.9619639 0.058963 -0.4113686 0.9113346 0.01565635 -0.669708 0.7406035 -0.05475097 -0.913137 0.3836579 -0.1377946 -0.967911 0.08420199 -0.2367666 -0.936789 0.1321179 -0.3239926 -0.6294841 -9.76607e-4 -0.7770128 -0.953665 -0.2070425 -0.218304 -0.8063739 -0.4537875 -0.37926 -0.5895398 -0.6225616 -0.5146456 -0.3991619 -0.7617007 -0.5103742 -0.2195559 -0.8365647 -0.501951 -0.1159427 -0.8605827 -0.4959383 -0.1202152 -0.7304169 -0.6723388 -0.0897268 -0.4860507 -0.8693124 -0.7969468 -0.5010636 -0.3373588 -0.5905461 -0.7174143 -0.3695567 -0.3826509 -0.8578364 -0.3430674 -0.2066746 -0.9271366 -0.3125755 -0.115148 -0.9455995 -0.304274 -0.5319284 -0.8048359 -0.2632327 -0.3292758 -0.917022 -0.2250514 -0.1699011 -0.9643808 -0.20274 -0.1060531 -0.9740101 -0.2001428 -0.7514084 0.2950272 -0.590207 -0.7498222 0.04776227 -0.6599131 -0.6679714 -0.04223841 -0.7429873 -0.6741018 0.4124936 -0.6127282 -0.608991 0.7379979 -0.29067 -0.4297403 0.9008036 -0.06225907 -0.6217421 0.7592628 -0.192242 -0.8549941 0.4238195 -0.2989351 -0.8964374 0.04348969 -0.4410315 -0.8586903 0.07046896 -0.5076271 -0.7782059 0.4295255 -0.4581524 -0.8002276 0.002807676 -0.59969 -0.4841341 0.6667946 -0.5665679 -0.6143237 0.7168992 -0.3296393 -0.104407 0.7577977 -0.6440823 -0.2353036 0.7535515 -0.6138342 -0.3596094 0.8643077 -0.3516438 -0.345481 0.8543636 -0.3882084 -0.1070309 0.9187504 -0.3800557 -0.1203354 0.928289 -0.3518508 -0.01950162 0.3748953 0.926862 -0.08243298 0.7485199 0.6579687 -0.1179561 0.5210821 0.8453164 -0.1380705 0.8024817 0.5804823 -0.7969105 0.5980186 -0.08548355 -0.6629356 -0.5813887 -0.471703 -0.4456146 -0.8748403 0.1899531 0.02487337 -0.9782409 0.205976 -0.4753416 -0.1880918 -0.8594602 -0.2771152 0.8571344 -0.434198 -0.2690237 0.8602962 -0.4330321 -0.1459446 -0.5484368 -0.8233572 -0.1075786 -0.4595822 -0.8815959 0.4863543 -0.7481787 -0.4513183 0.3252108 -0.8536171 -0.4069102 0.2150729 -0.4766885 -0.8523566 0.07101863 -0.4958489 -0.8655 -0.03503549 -0.927892 -0.3711995 -0.05816841 -0.9210211 -0.3851448 -0.1852505 -0.8628951 0.4702067 -0.4555927 -0.8003698 0.389671 -0.2690575 -0.9361162 -0.2264832 -0.643221 -0.7109735 0.2842246 -0.06775259 0.7308433 0.6791743 -0.03054922 0.3338139 0.9421439 -0.07822185 0.7126647 0.6971302 -0.02493405 0.3112636 0.9499965 -0.1172245 -0.8924443 0.4356625 -0.09683817 0.8721539 -0.4795519 -0.1617522 0.8701356 -0.4655108 -0.0898475 -0.4558603 -0.8855049 0.130959 -0.8683094 -0.4784231 -0.05038636 0.9609735 0.2720134 0.2470216 0.4007768 -0.8822463 -0.5050929 0.4319384 -0.7472018 0.8567557 0.3637236 -0.3656158 0.2783978 0.2599641 -0.9246153 -0.2522387 0.296308 -0.9211826 0.7549831 0.1939492 -0.6264059 0.1461275 -0.5482528 -0.8234474 0.4753028 -0.188119 -0.8594758 0.2693636 -0.9360279 -0.226484 -0.4851614 -0.7482357 -0.452506 -0.2137587 -0.4770201 -0.8525018 0.05804806 -0.9212918 -0.3845151 0.106939 -0.4590079 -0.8819727 -0.1312636 -0.8677256 -0.4793977 0.08966511 -0.4530256 -0.8869769 0.1602566 0.8705922 -0.4651744 0.2689986 0.860069 -0.4334985 0.06695944 0.7305725 0.6795442 0.08285975 0.7486373 0.6577816 0.02057009 0.3745039 0.9269972 0.1189339 0.5202021 0.8457214 0.1387692 0.8017301 0.5813536 0.7965739 0.5984451 -0.08563601 0.2772351 0.8570973 -0.4341946 -0.3252765 -0.8533855 -0.4073433 -0.07135319 -0.4957188 -0.865547 0.03463876 -0.9263964 -0.3749533 0.1852505 -0.8628951 0.4702067 0.4555574 -0.8003919 0.3896669 0.6431975 -0.7110423 0.2841056 0.6623851 -0.5815707 -0.4722515 0.4212296 -0.8869565 0.1894037 -0.05945128 -0.9772235 0.2037154 0.1172245 -0.8924443 0.4356625 0.03152602 0.3334496 0.9422407 0.09509843 0.8730992 -0.478178 0.07693785 0.7126748 0.6972628 0.0263682 0.3113529 0.9499285 -0.2290781 0.2205938 -0.9480831 -0.1684354 0.2113454 -0.962789 -0.3161777 0.1981299 -0.9277803 -0.3310393 0.1948025 -0.9232904 -0.4022771 0.1872063 -0.8961735 -0.4074599 0.1755456 -0.8961921 -0.4561664 0.183083 -0.8708576 -0.506256 0.1618139 -0.8470663 -0.4973161 0.1885803 -0.846826 -0.5242312 0.177348 -0.8329042 -0.5540677 0.1396232 -0.8206793 -0.585481 0.1069394 -0.8036019 -0.5798938 0.1370613 -0.80308 -0.2067967 0.08707064 0.9745019 -0.193672 0.1008644 0.9758676 -0.1983443 0.09595239 0.9754244 -0.1866527 0.1082195 0.9764474 0.1984341 0.1110889 0.9737983 0.1956274 0.1045889 0.9750852 0.1966633 0.1069685 0.9746186 0.1941314 0.1010789 0.9757541 -0.2591363 -0.1414553 0.955426 -0.2868176 -0.1961151 0.9376964 -0.2726899 -0.1680087 0.947319 -0.2973181 -0.2172356 0.9297369 -0.07254368 0.1337344 0.9883586 0.290639 0.2526115 0.9228848 -0.05386561 0.2183924 0.9743733 0.1961491 0.4276398 0.8824114 0.2714094 0.3661417 0.8900996 0.5657669 0.3832004 0.7301133 0.6139902 0.3047671 0.7281024 0.04263436 -0.011536 -0.9990242 -0.3050696 -0.09021466 -0.9480474 0.005157589 0.04165786 -0.9991187 -0.3438929 0.04385638 -0.9379842 -0.3242318 -0.02221769 -0.9457168 -0.6108438 -0.1130129 -0.783644 -0.6110557 -0.1669401 -0.7737842 0.1683151 0.211256 -0.9628296 0.2283758 0.2204102 -0.9482952 0.3163949 0.1981627 -0.9276992 0.3315654 0.1951121 -0.9230362 0.402213 0.1870829 -0.896228 0.4069112 0.1761868 -0.8963155 0.456048 0.183054 -0.8709256 0.5062548 0.1615083 -0.8471253 0.4982866 0.1881201 -0.8463578 0.5237994 0.1772244 -0.8332021 0.5537422 0.1397479 -0.8208777 0.5850546 0.1074278 -0.8038473 0.579569 0.1370944 -0.8033088 0.3427315 0.1019039 0.9338901 0.186562 0.09973573 0.9773676 0.3274726 -0.05115038 0.9434752 0.3986397 -0.04446619 0.916029 0.331439 -0.3453254 0.8780084 0.1705737 -0.07776379 0.9822716 0.1481392 -0.3918333 0.9080317 0.1358117 -0.990571 -0.0180065 0.1049847 -0.9358897 0.3362867 0.2789791 -0.9497985 0.1416106 0.1648937 -0.9764528 0.1391052 0.1679463 -0.9857962 -3.66229e-4 0.09289878 -0.995641 0.008301019 0.08890253 -0.9868093 0.1352918 0.1892469 -0.908025 0.3737329 0.08908694 -0.9218776 0.3771012 0.1485061 -0.7281258 0.6691628 0.071904 -0.7343612 0.6749396 0.06344902 -0.4090771 0.9102912 0.07092589 -0.08923727 0.9934819 0.07782232 0.09686595 0.9922503 0.1861072 0.2100954 0.9598042 0.3513014 0.1929091 0.9161732 0.5085427 0.1115785 0.8537768 0.513669 0.007416129 0.8579564 0.3285443 -0.2330483 0.9152852 0.1976453 -0.6735385 0.7122375 0.07678526 0.2173853 0.9730611 0.3282046 -0.9442369 -0.02642971 0.3747785 -0.8669958 -0.3284195 0.07025474 0.3898497 0.9181948 0.1740194 0.376208 0.9100466 0.4313664 0.7348855 0.5233225 0.6226565 0.4512291 0.6392896 0.5846834 0.6369015 0.5024957 0.4663144 0.7900397 0.3979803 0.6349199 0.6657137 0.3920487 0.4393522 0.8199857 0.3668695 0.6557969 0.6696221 0.348621 0.8404623 0.4035525 0.3616194 0.8727257 0.3842056 0.301224 0.9336382 0.1757896 0.3121181 0.959316 0.1583956 0.2337175 0.9454776 0.1661757 0.2801031 0.9698076 0.1590659 0.1848546 0.9429198 0.2751302 0.1876317 0.979321 0.1491764 0.1366636 0.9638783 0.2027065 -0.1727675 0.9460436 0.244095 -0.2131177 0.8882535 -0.08261471 -0.4518633 0.8887895 -0.06268709 -0.4540084 0.6886426 -0.4783936 -0.5448956 0.705842 -0.4554951 -0.5425047 0.3026636 -0.8529945 -0.4252001 -0.1001343 -0.9683519 -0.2286213 -0.1570815 -0.9576267 0.2414056 0.06714242 -0.733806 0.676033 0.1897999 -0.2606658 0.9465883 0.5316418 0.002838253 0.8469647 0.6641581 0.1370005 0.734932 0.5263876 0.1582397 0.83539 0.3279322 0.3309842 0.884822 0.1442957 0.6035822 0.7841349 0.06955325 0.6218899 0.7800099 0.07355195 0.8077594 0.584906 0.1485968 0.7998102 0.5815692 0.08490514 0.9153091 0.393701 0.1720668 0.9050142 0.3890273 0.1670649 0.9510554 0.2599669 0.3249098 0.8961417 0.3022643 0.3450844 0.8565614 0.3836916 0.2895375 0.7762303 0.5600309 0.4435979 0.5051858 0.7402759 0.2643859 0.5680192 0.7793936 0.4917817 0.2569387 0.8319455 0.7049269 0.109502 0.7007763 0.8330634 0.2130574 0.5105016 0.6530242 0.2108282 0.7274001 0.7808695 0.3614718 0.509491 0.9010357 0.3963776 0.1761237 0.8726572 0.1474673 0.4655352 0.6973022 0.2145803 0.6839043 0.7667889 0.4072755 0.4961467 0.8603909 0.2057894 0.4662384 0.09329569 0.9815125 0.1671205 0.09988927 0.956807 0.2730246 0.7671661 0.4189703 -0.4857162 0.5988193 0.763654 -0.2413466 0.9607175 0.1693211 -0.2198916 0.7903869 0.6050131 0.09616607 0.277358 0.941882 0.1895544 0.24699 0.9496281 0.1928798 0.5006017 0.8477237 -0.1753922 0.2491289 0.9428628 0.2212343 0.5619809 0.6676995 0.4882159 0.3338169 0.8554173 0.3960146 0.5853272 0.8104671 -0.02313351 0.4851604 0.86149 -0.1498482 0.6963065 0.5498426 -0.4613355 0.8346785 -0.04031628 -0.5492599 0.9049215 -0.411733 -0.1076713 0.9029991 0.2089948 0.3753849 0.4320566 0.7283039 0.531884 0.05935966 0.8793474 0.4724665 -0.01736545 0.8448651 0.5346977 -0.05646014 0.7927927 0.6068708 0.04989898 0.6208229 0.7823613 0.2639901 0.461418 0.8469963 0.5681993 0.6395217 0.5178433 0.2549262 0.4590381 0.8510562 0.5235862 0.6822551 0.5102798 0.2326191 0.5203258 0.8216747 0.2819989 0.5077507 0.8140431 0.1565322 0.3871951 0.9086131 0.2617953 0.3931203 0.8814305 0.3198067 0.5215972 0.7909868 0.5350649 0.6697468 0.5149222 0.5693871 0.6711059 0.4747791 0.725471 0.6881461 0.01211607 0.7219616 0.6915645 0.02258414 0.7803129 0.4607777 -0.4228424 0.7662498 0.4746983 -0.4330393 0.6348716 0.1551013 -0.7568896 0.6284498 0.149208 -0.7634054 0.4237899 -0.3184986 -0.8479155 0.3911079 -0.3050733 -0.8683115 0.05041748 -0.7270257 -0.6847568 0.008972585 -0.6768547 -0.7360619 -0.3931821 -0.8425505 -0.3681256 -0.3822767 -0.8242785 -0.4176478 -0.6036936 -0.7866848 0.1291558 -0.5870888 -0.8022153 0.1085246 -0.5486475 -0.4981684 0.6714271 -0.5128738 -0.5108596 0.6899152 -0.2990884 -0.1256781 0.9459129 -0.2647851 -0.1617521 0.9506446 -0.1378545 0.01995944 0.9902514 -0.2639618 0.123939 0.9565373 -0.3281157 -0.09854757 0.9394832 -0.3796575 0.001861631 0.9251253 -0.3281385 -0.5179351 0.78998 -0.2608461 -0.4508271 0.8536477 0.005737543 -0.8843502 0.4667887 0.06094628 -0.792882 0.6063197 0.3502433 -0.9264539 0.1378877 0.6300938 -0.7495449 0.2028898 0.5798717 -0.7839561 -0.2217246 0.7608426 -0.4892526 -0.4263221 0.6771839 -0.5076514 -0.5326464 0.7768126 -0.01727402 -0.629495 0.7241868 0.04144483 -0.6883574 0.6682103 0.57467 -0.4724929 0.7366839 0.5495067 -0.3941311 0.817342 0.4902343 -0.3026921 0.7490271 0.655456 0.09662306 0.8297903 0.4485427 -0.3320504 0.7833368 0.6139551 0.09717315 0.7788147 0.4931262 -0.3876525 0.7319455 0.677438 0.07303279 0.4787295 -0.5796576 0.6594052 -0.1785075 -0.3584799 0.9163119 -0.31987 0.07519888 0.9444726 -0.3576227 0.2436034 0.901534 -0.325367 -0.1192086 0.9380435 0.2844104 0.5171819 0.8072383 -0.0914672 -0.9111927 0.4016987 -0.4823557 -0.5570971 0.6759999 -0.204571 -0.1550992 0.9664859 -0.1988904 0.04385536 0.9790401 -0.1686483 0.05432385 0.9841783 -0.4409427 -0.5257558 0.7274273 -0.3755145 -0.5098012 0.7740103 -0.2085703 -0.904659 0.3716054 -0.4060263 -0.8808121 0.2435424 -0.5338648 -0.8353292 0.1312001 -0.5776674 -0.797253 0.1751801 -0.3339433 -0.5568265 0.7605435 -0.05493503 -0.1290669 0.9901131 -0.0592671 0.05014204 0.9969821 0.02398794 0.0910077 0.9955613 0.3823199 -0.2796213 -0.8807063 0.0131843 -0.6336098 -0.7735405 -0.3391587 -0.8292648 -0.4441748 -0.2947542 -0.8564292 -0.4238504 -0.1350766 -0.947337 -0.2903568 0.09573793 -0.9879903 -0.1212823 0.2067973 -0.9780754 -0.02456784 0.2617029 -0.9645012 0.03534132 0.4750982 -0.8420656 -0.2553573 0.618883 -0.4766297 -0.6243461 0.7376227 0.07394844 -0.6711515 0.7330387 0.1121882 -0.6708712 0.695141 0.1116095 -0.7101566 0.652811 0.1281816 -0.7465972 0.5159261 -0.307816 -0.7994183 0.5901131 -0.3860333 -0.7090452 0.4252853 -0.8293294 -0.3624157 0.3755635 -0.7819203 -0.4975468 0.1973098 -0.7216076 -0.6635898 0.05588006 -0.6505709 -0.757387 0.4350587 -0.2719002 -0.8583672 0.6612356 -0.2851743 0.693861 0.07812881 -0.260877 0.9622054 -0.2348141 0.1875094 0.9537833 -0.2779437 0.345362 0.8963662 0.06592196 0.1120368 0.9915151 -0.1980682 0.4255871 0.882975 0.07254374 0.352495 0.9329977 0.08902364 0.3043042 0.948406 0.1065129 0.3337 0.9366427 -0.04269677 0.4401524 0.8969075 -0.1851606 0.6473146 0.7393913 -0.124764 0.7456235 0.6545836 -0.5988193 0.763654 -0.2413466 -0.7671661 0.4189703 -0.4857162 -0.9607175 0.1693211 -0.2198916 -0.8346785 -0.04031628 -0.5492599 -0.6963065 0.5498426 -0.4613355 -0.5006017 0.8477237 -0.1753922 -0.4851604 0.86149 -0.1498482 -0.2491289 0.9428628 0.2212343 -0.24699 0.9496281 0.1928798 0.01736545 0.8448651 0.5346977 0.05646014 0.7927927 0.6068708 -0.7788147 0.4931262 -0.3876525 -0.7662498 0.4746983 -0.4330393 -0.6284498 0.149208 -0.7634054 -0.6348716 0.1551013 -0.7568896 -0.4237899 -0.3184986 -0.8479155 -0.3911079 -0.3050733 -0.8683115 -0.05041748 -0.7270257 -0.6847568 -0.008972585 -0.6768547 -0.7360619 0.3931821 -0.8425505 -0.3681256 0.3822767 -0.8242785 -0.4176478 0.6036936 -0.7866848 0.1291558 0.5870888 -0.8022153 0.1085246 0.5486475 -0.4981684 0.6714271 0.5128738 -0.5108596 0.6899152 0.2990884 -0.1256781 0.9459129 0.2647851 -0.1617521 0.9506446 0.1378545 0.01995944 0.9902514 0.2639618 0.123939 0.9565373 0.3281157 -0.09854757 0.9394832 0.3796575 0.001861631 0.9251253 0.3281385 -0.5179351 0.78998 0.2608461 -0.4508271 0.8536477 -0.005737543 -0.8843502 0.4667887 -0.06094777 -0.7928707 0.6063344 -0.3502433 -0.9264539 0.1378877 -0.6300716 -0.7495547 0.202923 -0.5798717 -0.7839561 -0.2217246 -0.7608426 -0.4892526 -0.4263221 -0.6771839 -0.5076514 -0.5326464 -0.7768126 -0.01727402 -0.629495 -0.7241868 0.04144483 -0.6883574 -0.6682103 0.57467 -0.4724929 -0.7366839 0.5495067 -0.3941311 -0.5853272 0.8104671 -0.02313351 -0.817342 0.4902343 -0.3026921 -0.7490271 0.655456 0.09662306 -0.8297903 0.4485427 -0.3320504 -0.7833368 0.6139551 0.09717315 -0.7319455 0.677438 0.07303279 -0.7219616 0.6915645 0.02258414 -0.7803129 0.4607777 -0.4228424 -0.725471 0.6881461 0.01211607 -0.5350649 0.6697468 0.5149222 -0.5693954 0.6711156 0.4747555 -0.3198067 0.5215972 0.7909868 -0.2819989 0.5077507 0.8140431 -0.2617953 0.3931203 0.8814305 -0.1565322 0.3871951 0.9086131 -0.2326191 0.5203258 0.8216747 -0.07254374 0.352495 0.9329977 -0.2549262 0.4590381 0.8510562 -0.08902364 0.3043042 0.948406 -0.2639901 0.461418 0.8469963 -0.1065129 0.3337 0.9366427 0.04269677 0.4401524 0.8969075 -0.04989898 0.6208229 0.7823613 0.1851606 0.6473146 0.7393913 0.124764 0.7456235 0.6545836 -0.05935966 0.8793474 0.4724665 -0.277358 0.941882 0.1895544 -0.7903869 0.6050131 0.09616607 -0.9029991 0.2089948 0.3753849 -0.9049215 -0.411733 -0.1076713 -0.3338169 0.8554173 0.3960146 -0.5619809 0.6676995 0.4882159 -0.5681993 0.6395217 0.5178433 -0.5235862 0.6822551 0.5102798 0.325367 -0.1192086 0.9380435 0.1785075 -0.3584799 0.9163119 0.3755145 -0.5098012 0.7740103 0.4409427 -0.5257558 0.7274273 -0.4787295 -0.5796576 0.6594052 -0.07812881 -0.260877 0.9622054 0.2348141 0.1875094 0.9537833 0.31987 0.07519888 0.9444726 -0.6612356 -0.2851743 0.693861 -0.06592196 0.1120368 0.9915151 0.1980682 0.4255871 0.882975 0.2779437 0.345362 0.8963662 0.3576227 0.2436034 0.901534 0.5338648 -0.8353292 0.1312001 0.4060263 -0.8808121 0.2435424 0.2085703 -0.904659 0.3716054 0.0914672 -0.9111927 0.4016987 -0.652811 0.1281816 -0.7465972 -0.695141 0.1116095 -0.7101566 -0.7330387 0.1121882 -0.6708712 -0.7376227 0.07394844 -0.6711515 -0.618883 -0.4766297 -0.6243461 -0.4750982 -0.8420656 -0.2553573 -0.2617029 -0.9645012 0.03534132 -0.2067973 -0.9780754 -0.02456784 -0.09573793 -0.9879903 -0.1212823 0.1350766 -0.947337 -0.2903568 0.2947542 -0.8564292 -0.4238504 0.3391587 -0.8292648 -0.4441748 -0.0131843 -0.6336098 -0.7735405 -0.3823199 -0.2796213 -0.8807063 -0.5159261 -0.307816 -0.7994183 -0.1973098 -0.7216076 -0.6635898 -0.3755635 -0.7819203 -0.4975468 -0.5901131 -0.3860333 -0.7090452 -0.4252853 -0.8293294 -0.3624157 -0.05588006 -0.6505709 -0.757387 -0.4350587 -0.2719002 -0.8583672 -0.4320566 0.7283039 0.531884 -0.2844104 0.5171819 0.8072383 0.5776674 -0.797253 0.1751801 0.4823557 -0.5570971 0.6759999 0.204571 -0.1550992 0.9664859 0.3339433 -0.5568265 0.7605435 0.05493503 -0.1290669 0.9901131 -0.02398794 0.0910077 0.9955613 0.0592671 0.05014204 0.9969821 0.1988904 0.04385536 0.9790401 0.1686483 0.05432385 0.9841783 -0.07629901 0.2175744 0.973057 -0.06976604 0.389878 0.9182201 -0.1736258 0.3762758 0.9100937 -0.07764059 0.0968371 0.9922674 -0.1858012 0.210247 0.9598304 -0.3511579 0.192914 0.9162273 -0.1048629 -0.9358921 0.3363181 -0.1358117 -0.990571 -0.0180065 -0.2789429 -0.9498096 0.1416077 -0.1648661 -0.9764701 0.1390161 -0.1676693 -0.9858433 -3.96742e-4 -0.09265685 -0.9956646 0.008179187 -0.08880901 -0.9868181 0.1352888 -0.1889756 -0.9080411 0.373831 -0.08874922 -0.9218262 0.3773063 -0.1482337 -0.7282282 0.6691117 -0.07162874 -0.7344773 0.6748426 -0.06338828 -0.4090787 0.9102948 -0.1480789 -0.3917744 0.9080669 -0.07049983 -0.08939135 0.9934985 -0.1702055 -0.077946 0.982321 -0.1866259 0.0997678 0.9773522 -0.3427036 0.1019352 0.933897 -0.5085427 0.1115785 0.8537768 -0.3986397 -0.04446619 0.916029 -0.513669 0.007416129 0.8579564 -0.3285443 -0.2330483 0.9152852 -0.3314084 -0.3453557 0.878008 -0.1975197 -0.6735569 0.7122551 -0.3273814 -0.05115044 0.9435068 -0.3747785 -0.8669958 -0.3284195 -0.3281132 -0.9442678 -0.02646023 -0.6349199 0.6657137 0.3920487 -0.4393522 0.8199857 0.3668695 -0.6557969 0.6696221 0.348621 -0.8404623 0.4035525 0.3616194 -0.8727257 0.3842056 0.301224 -0.9336382 0.1757896 0.3121181 -0.959316 0.1583956 0.2337175 -0.9454776 0.1661757 0.2801031 -0.9698076 0.1590659 0.1848546 -0.9429198 0.2751302 0.1876317 -0.979321 0.1491764 0.1366636 -0.9638783 0.2027065 -0.1727675 -0.9460436 0.244095 -0.2131177 -0.8882535 -0.08261471 -0.4518633 -0.8887895 -0.06268709 -0.4540084 -0.6886426 -0.4783936 -0.5448956 -0.705842 -0.4554951 -0.5425047 -0.3026636 -0.8529945 -0.4252001 0.1001343 -0.9683519 -0.2286213 0.1570815 -0.9576267 0.2414056 -0.06714242 -0.733806 0.676033 -0.1898292 -0.2606643 0.9465829 -0.5316418 0.002838253 0.8469647 -0.6641581 0.1370005 0.734932 -0.5263876 0.1582397 0.83539 -0.3278023 0.3310068 0.8848617 -0.1439915 0.6036475 0.7841405 -0.06909602 0.6218948 0.7800465 -0.07315421 0.8077791 0.5849287 -0.1482957 0.7998322 0.5816158 -0.08456838 0.9152372 0.3939405 -0.1717612 0.9050728 0.3890262 -0.1671224 0.9509133 0.2604498 -0.3248795 0.8961424 0.3022951 -0.3450217 0.8565877 0.3836897 -0.4663144 0.7900397 0.3979803 -0.4313664 0.7348855 0.5233225 -0.5846834 0.6369015 0.5024957 -0.6226565 0.4512291 0.6392896 -0.7667889 0.4072755 0.4961467 -0.6973022 0.2145803 0.6839043 -0.8603909 0.2057894 0.4662384 -0.8726572 0.1474673 0.4655352 -0.8330634 0.2130574 0.5105016 -0.7808695 0.3614718 0.509491 -0.9010357 0.3963776 0.1761237 -0.6530242 0.2108282 0.7274001 -0.2643007 0.5680329 0.7794125 -0.2894467 0.776263 0.5600325 -0.4435979 0.5051858 0.7402759 -0.4917817 0.2569387 0.8319455 -0.7049269 0.109502 0.7007763 -0.09335726 0.9811823 0.1690136 -0.099828 0.9566218 0.2736954 -0.2918843 -0.7911149 -0.5375321 -0.2265135 -0.903582 -0.3636363 -0.7902606 -0.5656403 -0.2356681 -0.7952358 -0.6054071 -0.03289955 -0.9926133 -0.0169993 0.1201244 -0.3224005 0.945289 0.04986768 -0.7264871 0.6826611 0.07867932 -0.3216413 0.9422177 0.09366327 -0.7055686 0.6918351 0.153419 -0.9995365 0.01764011 0.02481216 -0.423881 0.3400448 -0.8394609 0.346544 -0.5845622 -0.7336173 0.5264948 -0.6444533 -0.5545119 0.799238 0.01043754 -0.600924 0.6800057 -0.002899348 -0.7332012 0.5799805 0.7212828 -0.3786475 0.5471497 0.6438653 -0.5348504 0.2714682 0.9503371 -0.1521992 0.2460144 0.9470685 -0.206248 -0.5620727 0.7334076 -0.3823449 -0.6636373 0.001434385 -0.7480531 -0.7842534 0.009705066 -0.6203649 -0.3210893 -0.5949048 -0.7368786 -0.4965432 -0.6634208 -0.5597479 0.2479067 -0.9007715 -0.3565853 0.7217466 0.6889995 0.06604331 0.9995946 0.02432376 0.0148018 0.4151758 0.3446778 -0.8419182 0.3123012 0.9488365 0.04666358 0.303966 0.9482762 0.09152549 0.6995956 0.6970931 0.1569306 0.9918966 -0.0198068 0.1254939 0.7901957 -0.5651187 -0.237132 0.7904124 -0.611754 -0.03170925 0.3080329 -0.7884705 -0.5323816 -0.526333 0.6659581 -0.5286525 -0.2497709 0.9576992 -0.1429224 -0.2201364 0.9572712 -0.1875416 -0.7028961 -0.635692 -0.3191125 -0.9686498 0.001464903 -0.2484265 -0.6104729 -0.5916426 -0.5265759 -8.85048e-4 -0.9122402 -0.409655 -0.00701934 -0.7946535 -0.6070227 -0.2835839 0.9553104 -0.08343935 -0.6931514 0.6767626 -0.2480598 -0.3002781 0.9532967 -0.0325334 -0.690619 0.7128675 -0.1219242 -0.9193828 -0.002075254 -0.3933585 -0.00827068 0.3399223 -0.9404172 0.6010091 -0.5945696 -0.5341116 0.7056298 -0.6283558 -0.3274994 0.9659996 0.004822015 -0.2584992 0.9140817 -0.01379466 -0.4052954 0.6872514 0.7143216 -0.132024 0.6955897 0.668733 -0.2625857 0.2971673 0.9540668 -0.03805768 0.289043 0.953253 -0.08810758 -0.6791827 0.7164166 0.1595563 -0.4424365 0.8903054 0.1077327 -0.1466757 0.9844001 0.09717345 -0.256296 0.9650012 0.05554401 -0.7703633 0.6336377 0.07101792 -0.722942 0.6891571 0.04916661 -0.04956263 0.2173553 -0.9748335 -0.06030589 0.238538 -0.9692589 -0.110206 0.735002 -0.6690493 -0.1457602 0.4794583 -0.8653749 -0.003814816 0.9710512 -0.2388411 -0.007507681 0.9190528 -0.3940629 0.1273555 0.4884859 -0.8632278 0.1024838 0.7372856 -0.6677626 0.06268596 0.2244975 -0.9724564 0.06088531 0.2435718 -0.9679699 0.1132573 0.2312757 -0.9662735 0.1414572 0.6289735 -0.764449 0.1593418 0.9753395 -0.1527191 0.1381593 0.9568608 -0.2555963 0.6201849 0.7841046 0.02346938 0.725168 0.6885449 0.006103813 0.9204832 0.3903074 -0.01925748 0.9314175 0.3639423 0.002746701 0.7834164 0.6180658 0.06521856 0.9482974 0.3040643 0.0909782 0.721262 0.6713936 0.1703281 0.8946406 0.4026706 0.1935834 0.4566887 0.8843538 0.09671521 0.7190667 0.6901038 0.08185291 0.4707363 0.8649596 0.1739319 0.6837837 0.6838752 0.2544695 0.6433704 0.431111 0.6326278 0.5024932 0.6806623 0.5331037 0.02514797 0.4862355 0.873466 0.01855576 0.8225272 0.568423 -0.4259659 0.7047345 0.5673645 0.00112915 0.9945566 0.1041922 -0.4761034 0.8669049 0.1476531 -5.4935e-4 0.9988409 0.04812914 -9.15585e-4 0.9977737 0.06668508 -0.009735643 0.9994143 -0.03280818 -0.126104 0.9913753 -0.03567653 -0.5841587 0.7984611 0.1456658 -0.9177676 0.3933595 0.05450689 -0.9354938 0.3531945 0.01025432 -0.9429286 0.3205761 0.09009337 -0.8486225 0.4992364 0.1749372 -0.7132683 0.6924236 0.1086184 -0.7533198 0.6165912 0.2287457 -0.6043099 0.3752941 0.7028258 0.1422201 0.9849203 0.09851646 0.005493402 0.9991621 -0.04055976 -0.1072146 0.7016104 -0.7044488 -0.001617491 0.9995235 -0.030824 0.005646049 0.9994204 -0.03357136 0.2810228 0.9581572 0.05441612 -0.128304 0.2195268 -0.967133 0.007995903 -0.8744574 -0.4850365 0.1897403 -0.874325 -0.4467151 0.3071131 -0.8792842 -0.3640617 0.01202428 -0.8973696 -0.4411162 -0.001037657 -0.8461789 -0.532898 0.5760304 -0.7611634 -0.2980257 0.6456666 -0.63529 -0.4236996 -0.058474 -0.7475583 -0.6616173 0.1632781 -0.7882521 -0.5932949 0.3894578 -0.8127005 -0.4334057 0.478994 -0.8133285 -0.3302449 0.6186828 -0.7601998 -0.1983129 0.818436 -0.5737018 -0.03207576 0.8605508 -0.4881551 0.1454546 0.8833774 -0.3896688 0.2603896 0.6029469 -0.5079391 0.6151853 0.6056298 -0.5337867 0.5901563 0.01406943 -0.545016 0.8383077 0.9142403 -0.3869559 -0.1201245 0.3511828 -0.8021324 -0.4829641 0.1492081 -0.5365878 -0.8305484 7.62971e-4 -0.8030729 -0.5958805 -0.1625152 -0.7852922 -0.5974153 -0.1839073 -0.8622831 -0.4718539 -0.2967703 -0.8752648 -0.3818888 -0.645478 -0.6985202 -0.3089138 -0.7219017 -0.5387253 -0.434319 -0.9214177 -0.3550958 0.1577864 -0.9739301 -0.1964828 -0.113379 -0.6386106 -0.4575717 0.6187121 -0.5995215 -0.4457957 0.6647107 0.03274679 -0.5351492 0.8441227 0.611816 -0.4339813 0.661318 0.9175747 -0.258746 0.3018398 0.9363882 -0.3353137 0.103643 0.899761 -0.43633 -0.006805717 0.8339364 -0.5371375 -0.126624 0.801347 -0.5415051 -0.2541958 0.808237 -0.501154 -0.3091889 0.6540226 -0.2154948 0.7251319 0.9072681 -0.3487098 -0.2350876 0.918123 -0.3487482 -0.1882147 0.9373397 -0.3474013 -0.0265823 0.9695413 -0.2382957 0.0566135 0.9634478 -0.2388706 0.1212816 0.9206447 -0.2196167 0.3227719 0.6721168 -0.0707122 0.737061 0.03646987 0.007599115 0.999306 0.04538238 -0.1463711 0.9881883 0.04681605 -0.3971124 0.9165751 -0.6051355 -0.3690996 0.7053911 -0.915127 -0.3188371 0.2467501 -0.8778188 -0.4777144 -0.03497475 -0.6541809 -0.7265726 -0.2100947 -0.4956352 -0.78853 -0.3640965 -0.4052331 -0.7851354 -0.4683467 -0.1637039 -0.5313971 -0.8311548 -8.24007e-4 -0.7053802 -0.7088288 0.06830197 -0.3195973 -0.9450887 0.04251295 -0.2582825 -0.9651336 -0.1257705 -0.1979793 -0.972104 -0.07831275 -0.3165472 -0.9453386 0.1728278 -0.2894095 -0.9414737 0.2129011 -0.3946117 -0.8938428 0.1390746 -0.178444 -0.9740719 -0.0744968 -0.2437856 -0.9669637 -0.2446697 -0.3562162 -0.901802 -0.3687614 -0.7712159 -0.5188845 -0.8153411 -0.5182708 -0.2580978 -0.8570773 -0.4952999 -0.1417627 -0.9186546 -0.3950083 0.006500542 -0.9662531 -0.2410978 0.09070163 -0.9482414 -0.1116098 0.2972906 -0.5946303 -0.1310482 0.7932473 -0.6245664 0.0238046 0.7806089 -0.2458952 -0.2595679 -0.9338951 -0.8255438 -0.4887952 -0.2820582 -0.9283617 -0.3326281 -0.165841 -0.9438449 -0.3259479 -0.05398893 -0.9648128 -0.2532508 0.07071363 -0.9786254 -0.1371528 0.1532364 -0.9517351 0.02758914 0.3056783 -0.9207708 -0.342733 -0.186321 0.1466757 0.9844001 0.09717345 0.4424365 0.8903054 0.1077327 0.6791827 0.7164166 0.1595563 0.256296 0.9650012 0.05554401 0.7703633 0.6336377 0.07101792 0.722942 0.6891571 0.04916661 0.126104 0.9913753 -0.03567653 0.009735643 0.9994143 -0.03280818 9.15585e-4 0.9977737 0.06668508 5.4935e-4 0.9988409 0.04812914 0.4761034 0.8669049 0.1476531 -0.00112915 0.9945566 0.1041922 0.4259659 0.7047345 0.5673645 -0.01855576 0.8225272 0.568423 0.110206 0.735002 -0.6690493 0.001617491 0.9995235 -0.030824 -0.005646049 0.9994204 -0.03357136 -0.1422201 0.9849203 0.09851646 -0.2810228 0.9581572 0.05441612 -0.721262 0.6713936 0.1703281 -0.7834164 0.6180658 0.06521856 -0.9482974 0.3040643 0.0909782 -0.9314175 0.3639423 0.002746701 -0.725168 0.6885449 0.006103813 -0.9204832 0.3903074 -0.01925748 -0.6201849 0.7841046 0.02346938 -0.1593418 0.9753395 -0.1527191 -0.1381593 0.9568608 -0.2555963 -0.1414572 0.6289735 -0.764449 -0.1024838 0.7372856 -0.6677626 -0.1132573 0.2312757 -0.9662735 -0.06088531 0.2435718 -0.9679699 -0.06268596 0.2244975 -0.9724564 -0.1273555 0.4884859 -0.8632278 0.003814816 0.9710512 -0.2388411 0.007507681 0.9190528 -0.3940629 0.1457602 0.4794583 -0.8653749 0.04956263 0.2173553 -0.9748335 0.06030589 0.238538 -0.9692589 0.128304 0.2195268 -0.967133 0.1072146 0.7016104 -0.7044488 -0.005493402 0.9991621 -0.04055976 0.5841587 0.7984611 0.1456658 0.9177676 0.3933595 0.05450689 0.9354938 0.3531945 0.01025432 0.9429286 0.3205761 0.09009337 0.8486225 0.4992364 0.1749372 0.7132683 0.6924236 0.1086184 0.7533198 0.6165912 0.2287457 0.6043099 0.3752941 0.7028258 -0.02514797 0.4862355 0.873466 -0.5024932 0.6806623 0.5331037 -0.4707363 0.8649596 0.1739319 -0.4566887 0.8843538 0.09671521 -0.8946406 0.4026706 0.1935834 -0.6433704 0.431111 0.6326278 -0.6837837 0.6838752 0.2544695 -0.7190667 0.6901038 0.08185291 0.058474 -0.7475583 -0.6616173 0.645478 -0.6985202 -0.3089138 0.7219017 -0.5387253 -0.434319 0.9214177 -0.3550958 0.1577864 0.9739301 -0.1964828 -0.113379 0.63874 -0.4575465 0.6185972 -0.01339793 -0.5450425 0.8383015 0.5995492 -0.4457631 0.6647076 0.915127 -0.3188371 0.2467501 0.8778188 -0.4777144 -0.03497475 0.6541809 -0.7265726 -0.2100947 0.2967703 -0.8752648 -0.3818888 0.4956352 -0.78853 -0.3640965 0.1839073 -0.8622831 -0.4718539 0.4052331 -0.7851354 -0.4683467 -0.01202428 -0.8973696 -0.4411162 0.001037657 -0.8461789 -0.532898 -0.6456583 -0.6352207 -0.4238162 0.0744968 -0.2437856 -0.9669637 0.2458952 -0.2595679 -0.9338951 0.2446697 -0.3562162 -0.901802 0.1637039 -0.5313971 -0.8311548 0.3687614 -0.7712159 -0.5188845 0.8153411 -0.5182708 -0.2580978 0.8570773 -0.4952999 -0.1417627 0.9186546 -0.3950083 0.006500542 0.9662531 -0.2410978 0.09070163 0.9482414 -0.1116098 0.2972906 0.6051355 -0.3690996 0.7053911 -0.03277724 -0.5351486 0.8441218 -0.6028185 -0.5080254 0.6152399 -0.6053764 -0.5340839 0.5901474 -0.8604913 -0.488278 0.1453939 -0.9142537 -0.3867351 -0.1207326 -0.5760304 -0.7611634 -0.2980257 -0.3071131 -0.8792842 -0.3640617 -0.007995903 -0.8744574 -0.4850365 0.1625152 -0.7852922 -0.5974153 -7.62971e-4 -0.8030729 -0.5958805 -0.1632781 -0.7882521 -0.5932949 -0.1897403 -0.874325 -0.4467151 0.8255438 -0.4887952 -0.2820582 -0.1390746 -0.178444 -0.9740719 0.07831275 -0.3165472 -0.9453386 8.24007e-4 -0.7053802 -0.7088288 -0.1492081 -0.5365878 -0.8305484 -0.3894578 -0.8127005 -0.4334057 -0.478994 -0.8133285 -0.3302449 -0.6186828 -0.7601998 -0.1983129 -0.818436 -0.5737018 -0.03207576 -0.8833809 -0.3896398 0.2604211 -0.6118432 -0.4339484 0.6613144 -0.04681605 -0.3971124 0.9165751 0.5946303 -0.1310482 0.7932473 0.6245664 0.0238046 0.7806089 0.9517351 0.02758914 0.3056783 0.9786254 -0.1371528 0.1532364 0.9648128 -0.2532508 0.07071363 0.9438449 -0.3259479 -0.05398893 0.9283617 -0.3326281 -0.165841 0.9207708 -0.342733 -0.186321 -0.1728278 -0.2894095 -0.9414737 -0.04251295 -0.2582825 -0.9651336 -0.2129011 -0.3946117 -0.8938428 -0.3511828 -0.8021324 -0.4829641 -0.801347 -0.5415051 -0.2541958 -0.8339364 -0.5371375 -0.126624 -0.899761 -0.43633 -0.006805717 -0.9363882 -0.3353137 0.103643 -0.9175747 -0.258746 0.3018398 -0.6540226 -0.2154948 0.7251319 -0.04538238 -0.1463711 0.9881883 -0.03646987 0.007599115 0.999306 -0.808237 -0.501154 -0.3091889 -0.06830197 -0.3195973 -0.9450887 0.1257404 -0.1979801 -0.9721077 -0.6721168 -0.0707122 0.737061 -0.9206447 -0.2196167 0.3227719 -0.9634478 -0.2388706 0.1212816 -0.9695413 -0.2382957 0.0566135 -0.9373397 -0.3474013 -0.0265823 -0.918123 -0.3487482 -0.1882147 -0.9072681 -0.3487098 -0.2350876 0.7902606 -0.5656403 -0.2356681 0.2918843 -0.7911149 -0.5375321 0.423881 0.3400448 -0.8394609 0.7055686 0.6918351 0.153419 0.7264871 0.6826611 0.07867932 0.3216413 0.9422177 0.09366327 0.3224005 0.945289 0.04986768 0.9995365 0.01764011 0.02481216 0.9926133 -0.0169993 0.1201244 0.7952358 -0.6054071 -0.03289955 0.2265135 -0.903582 -0.3636363 -0.346544 -0.5845622 -0.7336173 -0.6800057 -0.002899348 -0.7332012 -0.5471497 0.6438653 -0.5348504 -0.5799805 0.7212828 -0.3786475 -0.2714682 0.9503371 -0.1521992 -0.2460144 0.9470685 -0.206248 -0.799238 0.01043754 -0.600924 -0.5264948 -0.6444533 -0.5545119 -0.7217788 0.3014685 0.6230187 -0.752767 0.5865265 0.2988789 -0.6860128 0.2700042 0.6756362 -0.4808955 0.04709154 0.8755124 -0.4202539 0.1121593 0.9004483 -0.3153495 0.1063576 0.9429967 -0.3528052 9.15585e-5 0.9356969 -0.2494003 0.246501 0.9365025 -0.1399604 0.5119876 0.847514 -0.217326 0.465049 0.8581952 -0.08322513 0.6840819 0.7246416 -0.1542144 0.6708465 0.7253847 -0.2509303 0.3185612 0.9140858 -0.3471915 0.2906996 0.8916008 -0.5011825 0.396655 0.769078 -0.5560085 0.7384859 0.3814356 -0.6938897 0.665232 0.2756515 -0.8131904 0.5776109 -0.07132393 -0.3883317 0.1627001 0.9070432 -0.4038528 0.1660518 0.8996276 -0.4613931 0.3408412 0.8191115 -0.4584969 0.5724879 0.679734 -0.4272099 0.8297601 0.3591517 -0.6036611 0.7894593 -0.1111188 -0.7442551 0.6535198 -0.1378272 -0.7704572 0.4429252 -0.4584899 -0.7719271 0.4378312 -0.460904 -0.9531177 0.2949385 -0.06766128 -0.92619 0.2006623 0.3192285 -0.7946206 -0.2259314 0.563501 -0.5194965 -0.422171 0.7428964 -0.3304039 -0.3576883 0.8734371 -0.4181434 0.2327088 0.8780676 -0.4396249 0.08411008 0.8942346 -0.5541964 0.09659296 0.8267625 -0.6528457 0.2403727 0.7183409 -0.6299402 0.5244669 0.5728088 -0.5584455 0.7399144 0.375054 -0.5449149 0.8334711 -0.0916177 -0.4528138 0.8850576 -0.1078549 -0.7191659 0.4593213 -0.5213679 -0.7528725 0.4395342 -0.4898905 -0.5584074 0.4559549 -0.693027 -0.6159792 0.2266699 -0.7544471 -0.2907886 0.3159976 -0.9030988 -0.4022751 9.46099e-4 -0.9155184 -0.1533293 -0.145852 -0.9773522 -0.1000413 0.2379567 -0.96611 -0.07996088 0.1730756 -0.9816574 -0.3140715 0.2007542 -0.9279316 -0.08566612 -0.2317289 -0.9690011 -0.350086 -0.1576318 -0.9233591 -0.5916091 0.3193804 -0.7402667 -0.5593596 -0.05301219 -0.8272284 0.00827068 0.3399223 -0.9404172 0.00701934 -0.7946535 -0.6070227 -0.6010091 -0.5945696 -0.5341116 -0.6955897 0.668733 -0.2625857 -0.6872514 0.7143216 -0.132024 -0.2971673 0.9540668 -0.03805768 -0.289043 0.953253 -0.08810758 -0.9140817 -0.01379466 -0.4052954 -0.9659996 0.004822015 -0.2584992 -0.7056298 -0.6283558 -0.3274994 8.85048e-4 -0.9122402 -0.409655 0.6104729 -0.5916426 -0.5265759 0.9193828 -0.002075254 -0.3933585 0.6931514 0.6767626 -0.2480598 0.690619 0.7128675 -0.1219242 0.3002781 0.9532967 -0.0325334 0.2835839 0.9553104 -0.08343935 0.7028961 -0.635692 -0.3191125 0.9686498 0.001464903 -0.2484265 -0.1584847 -0.9843878 0.07657194 -0.1887275 -0.9814503 -0.03372311 -0.1683759 -0.9840087 0.05810904 -0.1856179 -0.9825055 -0.01513749 -0.2635957 -0.9438415 -0.1991998 -0.2816347 -0.9278258 -0.2445839 -0.4350826 -0.870043 -0.2317938 -0.4628834 -0.8508424 -0.2486087 -0.3746525 -0.9214022 -0.1032156 -0.3637226 -0.9260004 -0.1011392 -0.2906973 -0.9558675 -0.04257452 -0.3176155 -0.9479022 -0.02453756 0.02942013 -0.9727267 -0.2300814 0.06494426 -0.9617736 -0.2660335 0.087529 -0.8881998 -0.451043 0.09332829 -0.886924 -0.4523889 0.03277724 -0.9255462 -0.3772134 0.0313732 -0.9334459 -0.3573438 0.3472781 0.2906345 0.8915882 0.1540288 0.6708357 0.725434 0.501154 0.3966261 0.7691116 0.4202539 0.1121593 0.9004483 0.6860128 0.2700042 0.6756362 0.5560085 0.7384859 0.3814356 0.6938897 0.665232 0.2756515 0.752767 0.5865265 0.2988789 0.8131904 0.5776109 -0.07132393 0.1382232 0.5124849 0.8474985 0.2490983 0.2464126 0.9366061 0.2164073 0.4655001 0.8581827 0.08252298 0.6836836 0.7250977 0.2499532 0.3207275 0.9135958 0.3528052 6.1039e-5 0.9356969 0.3153586 0.1063606 0.9429933 0.4808955 0.04709154 0.8755124 0.7217788 0.3014685 0.6230187 0.3304275 -0.3577114 0.8734188 0.5195016 -0.4222056 0.7428731 0.7946206 -0.2259314 0.563501 0.92619 0.2006623 0.3192285 0.9531177 0.2949385 -0.06766128 0.7719271 0.4378312 -0.460904 0.7704572 0.4429252 -0.4584899 0.7442551 0.6535198 -0.1378272 0.6036611 0.7894593 -0.1111188 0.4272099 0.8297601 0.3591517 0.4584633 0.572484 0.6797599 0.4612979 0.3408386 0.8191663 0.4038357 0.1655995 0.8997186 0.388384 0.1621776 0.9071143 0.4181974 0.2325523 0.8780834 0.4394721 0.08328604 0.8943868 0.5541685 0.09619665 0.8268274 0.6528314 0.2403674 0.7183557 0.6299402 0.5244669 0.5728088 0.5584455 0.7399144 0.375054 0.5449149 0.8334711 -0.0916177 0.4528138 0.8850576 -0.1078549 0.7191659 0.4593213 -0.5213679 0.7528725 0.4395342 -0.4898905 0.5581604 0.4558915 -0.6932677 0.6155135 0.22685 -0.754773 0.2900227 0.3155061 -0.903517 0.4007737 0.001190185 -0.9161764 0.1517704 -0.1461549 -0.9775502 0.09909498 0.2349959 -0.9669319 0.07901495 0.1743578 -0.9815071 0.3139818 0.1995957 -0.9282118 0.08493578 -0.2331691 -0.9687199 0.3492313 -0.1584557 -0.9235418 0.5913684 0.3193212 -0.7404846 0.55905 -0.05304229 -0.8274356 -0.4319713 0.9013594 0.03085505 -0.4191843 0.8777081 0.2321918 -0.1200024 0.9854422 -0.1204296 -0.07861757 0.9882131 -0.1313548 0.07996094 0.9806507 -0.1786913 0.07605439 0.9791849 -0.1881827 0.1799412 0.9592796 -0.217724 0.1839973 0.9558464 -0.2291346 -0.3017134 0.8962284 0.3251827 -0.6872019 0.6220738 0.3752036 -0.7152851 0.5934818 0.3689805 -0.8069481 0.5246185 0.2713123 -0.816169 0.5126577 0.2665527 -0.7345376 0.5708017 0.3669331 -0.7248312 0.5788578 0.3735551 -0.6704149 0.6312589 0.3899436 -0.6677569 0.6342775 0.3896062 -0.6498774 0.6893082 0.3201777 -0.6529572 0.6889697 0.3145914 -0.6897644 0.6902527 0.2185785 -0.684799 0.6906893 0.2323763 -0.783247 0.6064488 -0.1369095 -0.7857438 0.5932906 -0.1749657 0.4191843 0.8777081 0.2321918 0.4319713 0.9013594 0.03085505 0.1202772 0.9854124 -0.1203992 0.07889097 0.9881673 -0.1315359 -0.07944107 0.98076 -0.1783227 -0.07620543 0.9793786 -0.1871107 -0.1812533 0.9584541 -0.2202568 -0.1855595 0.9547463 -0.2324376 0.7872782 0.590184 -0.1785384 0.7849573 0.6033062 -0.1409383 0.6933317 0.6884791 0.2128093 0.6886048 0.688971 0.2261472 0.6531061 0.6889965 0.3142234 0.6497825 0.6894268 0.320115 0.6677569 0.6342775 0.3896062 0.6703982 0.6312718 0.3899516 0.7248312 0.5788578 0.3735551 0.7345376 0.5708017 0.3669331 0.8069481 0.5246185 0.2713123 0.816169 0.5126577 0.2665527 0.7152851 0.5934818 0.3689805 0.6872019 0.6220738 0.3752036 0.3017134 0.8962284 0.3251827 0.2331047 -0.2165024 -0.9480448 0.370684 -0.1787804 -0.9113896 0.4177497 -0.1454555 -0.8968433 0.4464312 -0.04437452 -0.8937171 0.4199779 -0.1864432 -0.8881766 0.5537053 -0.4828403 0.6784362 0.7525366 -0.4872658 0.4430133 0.7732878 -0.4027578 0.4897062 0.7463476 -0.6492965 0.1462175 0.6170676 -0.7777816 0.1195132 0.7789384 -0.4937682 0.3865851 0.5146186 -0.842489 0.1593114 0.4476799 -0.8249531 -0.3450148 0.6660813 -0.7306904 0.1497576 0.6300331 -0.6927801 -0.3508763 0.6640672 -0.4958454 -0.5596 0.4705747 -0.5707386 -0.6729168 0.6779255 -0.2200442 -0.7014254 0.4813512 -0.3263129 -0.8135238 0.5848779 -0.06671583 -0.808373 0.4140605 4.27275e-4 -0.9102494 0.7179033 -0.2627398 0.6446571 0.607881 -0.2703389 0.7465907 0.3204497 -0.1563184 0.9342787 0.2501679 -0.3634561 0.8973938 0.5680821 0.09409028 0.8175756 0.3441044 0.200725 0.9172251 0.09476089 0.2653611 0.959481 0.08475208 -0.1343765 0.9872994 0.09128153 -0.3077205 0.9470881 0.1384053 -0.02298104 0.9901091 0.3537749 -0.1912618 0.9155666 0.6035171 -0.3955898 0.6922975 0.7078595 -0.5614289 0.4286404 0.7541613 -0.6535394 0.06424301 0.7147067 -0.647228 -0.2651233 0.5681155 -0.7217494 -0.3953767 0.5103413 -0.3828322 -0.7700593 0.142861 -0.699686 -0.7000218 0.2180899 -0.4631589 -0.859023 0.2544097 -0.3061707 -0.9173523 0.7174385 -0.6393712 -0.2765623 0.7313953 -0.1787211 -0.6581184 0.7196065 -0.3048844 -0.6238686 0.8970861 -0.2906054 -0.3328441 0.891466 -0.452081 0.03018349 0.1355659 -0.5110426 -0.8487976 0.07672506 -0.7238834 -0.6856429 0.2534605 -0.3016501 -0.919111 0.3365985 -0.3049804 -0.8908919 0.428702 -0.06946146 -0.9007717 0.475217 -0.06164908 -0.8777063 0.8035713 0.1891276 -0.5643616 0.3364728 0.08795595 -0.9375766 0.2934362 -0.08581823 -0.9521189 0.5046635 0.4291593 -0.7490909 0.3158757 0.3425191 -0.8848181 0.1556766 -0.9846601 0.07879966 0.1659026 -0.9843375 0.05963456 0.1887019 -0.9814147 -0.03488373 0.1857063 -0.9824583 -0.01699888 0.2639024 -0.9437556 -0.199201 0.2818138 -0.9278126 -0.2444278 0.4350826 -0.870043 -0.2317938 0.4628834 -0.8508424 -0.2486087 0.3746525 -0.9214022 -0.1032156 0.3637226 -0.9260004 -0.1011392 0.2906973 -0.9558675 -0.04257452 0.3176155 -0.9479022 -0.02453756 -0.02942013 -0.9727267 -0.2300814 -0.06509768 -0.9616947 -0.2662812 -0.08862859 -0.8871405 -0.4529092 -0.094181 -0.885808 -0.4543943 -0.03360193 -0.9253517 -0.377618 -0.03216683 -0.9334184 -0.357345 -0.01889127 -0.3495653 0.9367215 0.1742022 0.005554437 0.9846943 0.1381302 -0.615482 0.7759523 -0.01913571 0.3221333 0.946501 0.1779887 0.6207937 0.7635021 0.01873874 0.6712701 0.7409759 0.1645594 0.925067 0.3423031 -0.07712143 0.5190363 0.8512659 -0.1253718 0.1977018 0.9722119 -0.004669427 0.3493564 0.9369784 0.06109946 0.6677301 0.7418918 0.02768075 0.8855721 0.4636764 0.07898473 0.9470237 0.3113001 0.1570199 0.9875926 -0.00238043 -0.1561654 -0.3975703 0.9041848 3.05194e-5 -0.6619052 0.7495875 0.1139278 -0.9280858 0.3545098 0.03625655 -0.9462715 0.3213344 0.1192991 -0.992816 -0.009186208 0.05444556 -0.9985148 -0.001953184 0.4239082 -0.9053142 0.02661252 0.3117867 -0.571721 0.7588968 0.2374402 -0.6227467 0.7455259 0.3151443 -0.949034 0.004333734 0.08804738 -0.6682446 0.738713 0.1613541 -0.9858258 0.04596161 -0.03326624 -0.6859872 0.7268528 0.07870882 -0.9896746 0.1197876 -0.07110995 -0.7059726 0.7046603 0.02688759 -0.9728062 0.2300553 -0.09891307 -0.7139994 0.6931241 -0.1095313 -0.4210043 0.9004212 -0.1210073 -0.6945788 0.7091668 -0.04706108 -0.9548638 0.2932924 0.009460806 -0.9995822 -0.0273143 0.04501521 -0.9271309 -0.3720242 0.1374871 -0.9052481 -0.4020239 -0.0067752 -0.6201445 -0.7844583 0.1667587 -0.560827 -0.8109652 -0.0248118 -0.9690961 0.2454327 -0.04828125 0.04883056 0.9976395 -0.01910483 0.1093494 0.9938198 0.04220771 0.1154533 0.9924158 0.1654759 -0.2827312 -0.944818 -0.02539199 -0.3130661 -0.9493919 -0.1060228 -0.6029326 -0.7907158 0.004242062 -0.9358862 -0.3522772 0.07584089 -0.9936227 -0.08344024 0.1138653 -0.9925292 0.04382485 0.4052556 -0.9141216 0.0122379 0.3194714 -0.5857484 -0.7448738 0.3146535 -0.5317674 -0.7862675 0.4287365 -0.4823286 -0.7639006 0.6783128 -0.7243964 -0.1230521 0.2216301 -0.2311215 0.9473453 0.1351686 0.01699906 0.9906768 0.09103786 0.9598497 0.2653313 0.02475088 0.9583571 0.2844979 0.1485072 0.887534 0.4361525 0.05850422 0.7438923 0.6657339 0.1452427 0.9609702 0.2354586 0.1246693 0.9724511 0.1969683 0.08066302 0.9965531 0.01937985 -0.04590141 0.9523019 -0.3016859 0.1538155 0.9114487 -0.3815785 -0.1016001 0.5650419 -0.8187828 0.1631268 0.5719359 -0.8039149 0.1628518 0.2754687 -0.9474157 -0.05218702 0.2374053 -0.9700078 -0.322708 0.3159938 -0.8921926 -0.291431 0.6923051 -0.6601375 -0.2850514 0.4258374 -0.8587248 -0.2211425 0.7872442 -0.5756237 -0.1889145 0.6017188 -0.7760451 -0.09079515 0.9136893 -0.3961416 -0.2403691 0.7038335 -0.6684618 -0.2285608 0.9430842 -0.2415621 -0.2521172 0.7772265 -0.5765032 -0.233321 0.9582797 -0.1651101 -0.1659004 0.9714449 -0.1696236 0.02575826 0.7021873 0.7115262 0.06012183 0.740109 0.669794 0.202005 0.2697266 0.9415103 0.2248345 0.3283554 0.9174053 0.0746501 0.9204915 0.3835661 -0.1736547 0.8218234 -0.5426329 -0.1717313 -0.2241327 -0.9593087 0.9791724 -0.1742026 -0.1042835 0.2164999 -0.05957257 -0.9744635 0.2291065 -0.05655175 -0.9717573 0.3293296 -0.03006112 -0.9437364 0.1685286 -0.903804 -0.3933656 0.09543293 -0.9832307 -0.1554027 -0.1147513 -0.189706 -0.9751122 -0.1090769 -0.09882235 -0.9891089 -0.001159667 -0.5245313 -0.8513905 -0.0187084 -0.5572555 -0.8301304 0.07831108 -0.9275864 -0.3653092 0.2617321 -0.8457766 -0.4649284 0.2201388 0.9387566 0.2650944 0.103552 0.556428 0.824418 0.1495143 0.5606102 0.8144703 0.3062576 0.9231369 0.2324322 0.201762 0.8970794 -0.393117 0.07758009 0.9069118 -0.4141165 0.1381914 0.9254367 -0.3528031 0.4960872 0.8597217 0.1215574 0.2877057 0.9427418 0.1687108 0.1792092 0.9817746 0.06326645 0.09521818 0.981602 0.1655026 -0.1694703 0.9806267 -0.09823966 0.1081301 0.977383 0.1817429 0.1567451 0.8551402 0.4941318 0.01065105 0.7491458 0.6623197 0.3260369 0.1103575 0.9388936 0.5329255 0.7636197 0.3645207 0.7857143 0.1852204 -0.5902089 0.2866353 0.5946339 -0.7511664 0.2333523 0.970399 0.06222927 0.1247928 0.9921777 -0.003204464 0.2391794 0.7786988 0.5800185 0.09235239 0.7621667 0.6407597 0.2472358 0.9689534 0.001953184 0.1766434 0.7577844 0.6281402 0.3264345 0.9452134 0.003479182 0.2232512 0.7506002 -0.6218988 0.1168267 0.7611742 -0.6379384 0.1639804 0.9864462 0.005859673 0.2967993 0.9062373 0.301072 0.3159311 0.9438868 0.09625643 -0.06949239 0.1015986 -0.9923954 0.04678589 -0.3528017 -0.9345278 0.5741289 -0.7705205 -0.2769015 0.57511 -0.6948992 -0.4316987 0.1728316 -0.8534763 -0.4916377 0.1131053 -0.9874897 -0.1098703 0.3481035 -0.6190847 0.7039589 0.2913964 -0.08200478 0.9530811 0.2584394 -0.5462691 0.7967429 0.169288 -0.07300102 0.9828594 0.2031644 -0.05844372 0.9773989 0.3196014 -0.4892295 0.811486 0.6907124 -0.7219946 0.04049909 0.4158902 -0.9089339 0.02957344 0.3839948 -0.5080256 -0.7710111 0.3162361 -0.948678 -0.002197325 0.2870355 -0.5348536 -0.7946963 0.1691384 -0.9853796 -0.02047848 0.2812345 -0.6514325 -0.704658 0.3208457 -0.08011221 -0.9437373 0.2045707 -0.06656253 -0.9765861 0.2791231 -0.06244105 -0.9582231 0.688956 -0.5245759 0.5001599 0.6802753 -0.7309679 -0.05395811 0.6075593 -0.5014722 0.6159523 0.7606621 -0.6490532 -0.01110899 0.6288287 -0.460085 0.6268144 0.7973708 -0.3883852 -0.4619055 0.349138 -0.2022193 -0.9149919 0.05734455 0.1876288 -0.9805647 0.2196462 -0.2541939 -0.9418817 -0.05157768 0.1372455 -0.9891934 -0.8448241 -0.5326463 0.05060029 -0.8467171 -0.5295644 0.05130231 -0.8434302 -0.5322558 0.07300204 -0.8377885 -0.5424826 0.0618323 -0.8467675 -0.5240833 0.09122318 0.9829457 0.1778934 0.04660201 0.859966 0.2321584 0.4544898 0.999496 6.40898e-4 0.03173971 0.8996124 -0.01840299 -0.4363015 0.8931351 -0.2046596 -0.4005298 0.6434004 -0.1857688 -0.742648 0.6348911 -0.3271964 -0.699897 0.5303571 0.5473561 0.6473969 0.3808482 0.7060906 0.5969847 0.1986809 0.6010482 0.7741234 0.4768019 0.4900778 0.7297148 0.6212823 0.2728735 0.7345396 0.7886777 0.4193646 0.4495786 0.9395609 0.3378464 0.05554473 0.8814632 0.1631571 -0.4431732 0.6397683 0.02090543 -0.7682835 0.3132495 -0.192668 -0.9299214 0.3031495 -0.3225599 -0.8966915 0.6181761 -0.3775895 -0.689409 0.2797982 -0.3779168 -0.8825486 0.5606077 -0.3840234 -0.7336518 0.2509595 -0.42086 -0.8717203 0.4251928 -0.4880012 -0.7622768 0.2194061 -0.5017439 -0.8367282 0.168648 -0.7152127 -0.6782542 0.3601282 -0.7349058 -0.5746487 0.163366 -0.8878777 -0.4300986 0.2956418 -0.9255937 -0.2363731 0.5312522 -0.6268391 -0.5699508 0.8183758 -0.5746484 0.006348013 0.3004347 -0.9532179 0.03338837 0.3452069 -0.8897984 0.2984815 0.407679 -0.7295984 0.5490757 0.3694989 -0.5417201 0.7549901 0.4020652 -0.1655993 0.9005112 0.1753913 -0.1361137 0.9750441 0.2042942 -0.01428288 0.9788054 0.0950374 -0.01864731 0.9952991 0.1154242 -0.2066465 0.9715835 0.2167484 -0.1846116 0.9586129 0.2517842 -0.3983988 0.8819769 0.525485 -0.197095 0.8276588 0.5538402 -0.3443533 0.7580778 0.8132106 -0.2687507 0.5161992 0.8105273 -0.3256697 0.4868108 0.9346143 -0.3493207 0.06686717 0.9436636 -0.3293361 0.03219807 0.8570391 -0.3643072 -0.3643683 0.8634272 -0.3313502 -0.3803951 0.9786959 -0.2034117 0.02789467 0.866322 -0.2114074 0.4525408 0.886968 0.01962357 0.4614138 0.6127428 -0.2761417 0.7404674 0.6489551 0.005462884 0.7608071 0.4193961 -0.2805638 0.8633602 0.6699792 0.01693791 0.7421867 0.4421315 -0.4882459 0.75242 0.8644931 0.02047848 0.5022276 0.5010942 -0.7152777 0.4871165 0.2267277 -0.653662 0.7220253 0.4021221 -0.880573 0.250777 0.7118291 0.49673 0.4965468 0.600218 -0.4047741 -0.6898525 0.8527952 -0.2223926 -0.4725272 0.5217226 0.7624871 0.3826474 0.3529811 0.8377122 0.4167045 0.1694102 0.7582716 0.6295431 0.1118218 0.8235874 0.5560573 0.2132652 0.7977914 0.5639565 0.6861983 0.5443747 0.4824813 0.8985297 0.4352105 0.05688863 0.8058844 0.3877132 -0.4474694 0.5962154 0.2598371 -0.759613 0.3231959 0.03039687 -0.9458438 0.141546 0.03460824 -0.9893266 0.1409089 -0.1885805 -0.9718961 0.1382515 -0.3107454 -0.940385 0.1345606 -0.3676078 -0.9201945 0.1283642 -0.4186334 -0.8990377 0.1168261 -0.5090236 -0.8527877 0.07791584 -0.7279472 -0.6811916 0.04696846 -0.8690542 -0.4924823 0.3290848 -0.2139372 -0.9197468 0.7206892 0.2095168 -0.6608403 0.995576 0.0837149 0.04266619 0.5012738 -0.6475207 0.57397 0.6575035 0.006317436 0.753425 0.2381098 -0.3963818 0.8866708 0.3516145 0.2266678 0.9082891 0.3143177 0.720834 -0.61774 0.0292375 0.9385315 0.3439532 0.2137846 -0.9762985 0.03372329 0.3859434 -0.8185199 -0.4255266 0.08456915 -0.1331254 0.9874846 0.1480801 -0.439571 0.8859174 0.05615514 -0.4533919 0.8895406 0.04867756 -0.6790754 0.7324529 0.1807055 -0.7521209 0.6337665 0.4845239 -0.02438485 0.8744382 0.523658 -0.1284271 0.8421928 0.3393077 -0.7297651 0.5935598 0.1504576 -0.9884729 0.01684635 0.3225551 -0.8331683 -0.4492089 0.5616461 -0.3343386 -0.7568168 0.8605422 0.01727366 -0.5090863 0.9905635 -0.1352918 0.02191281 0.7869727 0.03940051 0.6157284 0.7743018 0.2718037 0.5714715 0.4524475 0.01406931 0.8916802 0.999745 -0.01330631 -0.0182504 0.8978443 0.4384693 0.04025477 0.7315871 0.4925875 -0.4713153 0.5101944 0.4812924 -0.7127828 0.3042736 0.3082106 -0.9013457 0.1343436 0.3148622 -0.9395816 0.2346323 0.5990328 -0.7655766 0.107398 0.6300139 -0.7691217 0.1004076 0.8113785 -0.5758328 0.06955325 0.8413229 -0.5360393 0.04239088 0.9526208 -0.3011922 0.01351982 0.9382413 -0.3457176 0.02276712 0.9997407 3.96747e-4 0.02374356 0.9997034 -0.005432307 0.02618551 0.9628533 0.2687529 0.05633831 0.8469669 0.5286524 0.1859214 0.7761578 -0.602505 0.377926 0.63594 -0.6728689 0.7075169 0.5221763 -0.4761846 0.7096682 0.07852649 -0.7001461 -0.01193279 0.1630311 -0.9865489 -0.02032554 0.06430327 -0.9977234 0.697397 -0.01983755 -0.7164106 -0.9999849 0.004974544 0.00238043 -0.722149 0.04968547 -0.689951 -0.721324 0.1265025 -0.680947 -0.7100086 0.06531196 -0.7011578 0.6986169 0.0209667 -0.7151888 0.9980691 -0.06177079 -0.006531059 0.9998535 -0.01565605 0.006927728 0.7112526 -0.08386707 0.6979156 0.7386907 -0.0285356 0.6734403 0.9979823 0.05679643 -0.02838295 0.7083467 0.1586379 0.6878074 0.9815229 0.1887907 0.03115993 0.6901375 0.1664839 -0.7042681 0.7024351 0.2554781 -0.6643162 0.0122379 0.2676475 -0.9634393 0.006836295 0.2244998 -0.9744502 -0.6814218 0.2640174 -0.682612 -0.7107658 0.211896 -0.6707549 -0.00878942 0.06167852 -0.9980574 -0.7341795 0.05948269 -0.6763449 -0.01025444 0.06268662 -0.9979806 0.9914605 -0.1303758 -0.002868711 0.717502 -0.1448127 0.681337 0.7013917 -0.2422307 0.6703537 0.7169225 0.02185159 -0.6968104 -0.9997519 0.01797586 0.01315379 -0.9932675 0.1145068 0.01754832 -0.9734105 0.2288636 0.009674549 -0.9542475 0.2976854 0.02819985 -0.6374611 0.2601484 -0.7252353 0.1008655 0.2627387 -0.9595805 0.7548912 0.2439396 -0.6087961 0.9728196 0.2256565 0.05197364 0.6936172 0.2907289 0.659069 0.4140267 0.1784471 0.8926021 0.4014168 -0.06412047 0.9136483 0.3832345 -0.1055367 0.917602 0.380118 -0.156442 0.9116119 0.3587267 -0.2541057 0.8981902 0.3475518 -0.3262494 0.8790729 0.6852493 -0.3148978 0.6567137 0.9848684 -0.1725221 0.01644957 0.7260248 -0.08362299 -0.6825652 -0.01226878 -0.009674608 -0.9998781 -0.7281787 0.006042718 -0.6853608 -0.9994404 -0.03170937 0.01065117 -0.696327 -0.1005914 0.7106406 -0.6935756 -0.05276739 0.7184486 -0.3158157 -0.08701103 0.9448226 -0.3079718 -0.0433681 0.9504065 -0.6886654 0.002594113 0.7250747 -0.6744754 0.3219475 0.664404 -0.494956 0.5438168 0.6777034 -0.2303882 0.2624943 0.9370262 -0.1349865 0.4299855 0.8926876 0.4258396 0.3764284 0.8227772 -0.31462 -0.1373963 0.9392213 -0.2846534 -0.2986923 0.9109092 -0.654274 -0.2391496 0.717449 -0.2933825 -0.2401262 0.9253466 -0.691255 -0.1791769 0.7000445 -0.9983301 -0.04754823 0.03280764 7.32454e-4 -0.6978453 0.7162482 0.005707025 -0.6939435 0.7200069 0.0032655 -0.9997313 0.02295005 0.007904529 -0.8020249 -0.5972383 0.06641006 -0.8201156 -0.5683311 0.03851521 -0.9990457 0.02060043 0.06405997 -0.7075289 0.703775 0.07660329 0.0849961 0.9934323 0.007965564 0.0906732 0.9958489 0.0032655 0.08627748 0.9962658 0.001831114 0.08539146 0.9963459 5.1883e-4 -0.698834 0.7152839 -0.001861631 -0.9998244 0.01864695 -9.15583e-5 -0.7997619 -0.6003174 0.003112912 -0.1937024 -0.9810555 0.01373362 -0.1962385 -0.9804601 0.1190864 -0.22508 -0.9670354 0.06674498 -0.997635 0.01641917 0.1148424 -0.8256567 -0.5523605 0.2090231 -0.2439365 -0.9469976 0.1214969 0.6650435 -0.7368552 0.01144468 0.6639471 -0.7476921 0.003357112 0.6657816 -0.7461392 0.001983702 0.6626654 -0.748913 0.001709043 -0.1924816 -0.9812992 -2.4415e-4 -0.7970569 -0.6039041 -0.001739561 -0.9997071 0.02414041 -0.001159727 -0.6902306 0.7235885 6.1038e-4 0.08914601 0.9960185 0.001068115 0.7744802 0.6325974 0.1080992 -0.7119841 0.6938251 0.137914 0.07022351 0.9879517 0.07303249 0.7825743 0.6182587 0.005218625 0.7760866 0.6306048 0.001770079 0.7764655 0.6301572 0.001159727 0.7747001 0.6323279 7.93489e-4 0.957894 0.287121 9.76597e-4 0.9583777 0.2855021 0.002838253 0.9585177 0.2850192 0.05237007 0.9596301 0.2763469 0.1107847 0.9582425 0.263625 0.143075 0.7456503 0.6507959 0.1307439 0.002197325 0.9914138 0.1010802 -0.7403395 0.6645904 0.06558519 -0.9977558 0.01348936 0.1105716 -0.8365665 -0.5365916 0.1934301 -0.2902062 -0.9372113 0.2298687 0.5562077 -0.7986197 0.1498165 0.9407402 -0.3042414 0.07751864 0.9483521 -0.3076025 0.005706965 0.9488265 -0.3157465 0.002075254 0.9494173 -0.3140106 9.46103e-4 0.9481474 -0.3178294 0.3185607 0.9476556 0.02163815 0.677549 0.7344972 0.03796541 0.3159595 0.9485498 0.02056956 0.3178566 0.9473135 0.03955274 0.3273149 0.9431552 0.05765014 0.6779511 0.7335875 0.04724353 0.9897855 0.1318717 0.05417084 0.9979656 0.04834181 0.04156661 0.6635467 0.7474743 0.03143465 0.6712956 0.7405126 0.03167867 0.3188948 0.9473456 0.0290237 0.3199895 0.9471505 0.02264493 0.6706961 0.7411351 0.02975648 0.316915 0.9479677 0.03036695 0.663037 0.7475151 0.04004162 0.3171229 0.9473098 0.04513758 0.6604657 0.7485135 0.05926823 0.3174567 0.94706 0.04794502 0.6552721 0.7526276 0.06457805 0.6606204 0.7483939 0.05905479 0.9957612 0.01995915 0.08978575 0.9969568 -0.007354974 0.07760924 0.3330854 0.9417277 0.04693835 0.996709 0.01757872 0.07913488 0.9983789 0.02072262 0.05301207 0.9991427 0.01422196 0.03888165 0.9993683 0.01504576 0.03219729 0.9985225 0.03415077 0.04226887 0.6830564 -0.7252953 0.08591228 0.6971774 -0.7106974 0.09409022 0.7023723 -0.7065839 0.08609503 0.7069141 -0.704961 0.05746746 0.7096974 -0.7031968 0.04294073 0.7112689 -0.7020827 0.034303 0.7130495 -0.7000178 0.03918659 0.7094254 -0.7038708 0.03579932 0.9985796 -0.005371332 -0.05301135 0.9627915 0.258834 0.07770204 0.6380246 0.7666916 0.07147485 0.9445997 0.3012855 0.1302254 0.9950443 0.06918674 0.07141464 0.9068116 0.3765131 -0.1895536 0.7829654 -0.5133299 -0.3513655 0.3969277 -0.9171821 0.03500503 0.3948608 -0.9181474 0.03302204 0.3968453 -0.916959 0.04123187 0.3949196 -0.9171047 0.05438536 0.3958981 -0.9146064 0.08221936 0.3985177 -0.9127941 0.08939027 0.4257762 -0.8999868 0.09348094 0.7013336 0.3943094 0.5938446 0.7068297 0.2029236 0.6776532 0.7245011 0.6887323 -0.0273149 0.6340451 0.7009747 0.3265294 0.5817888 0.813247 0.01229923 0.5882309 0.7521505 -0.2970758 0.6496098 0.4652408 -0.6012972 0.6831844 5.18836e-4 -0.7302458 0.6571303 -0.4647705 -0.5934377 0.7302603 -0.6826506 -0.02661257 0.5974377 -0.7490556 -0.2863282 0.5899284 -0.8073748 0.01141399 0.6402977 -0.7008177 0.3144417 0.7059659 -0.3985784 0.5854464 0.7093877 -0.2037765 0.6747179 0.09079515 0.9136893 -0.3961416 0.1889145 0.6017188 -0.7760451 0.2403691 0.7038335 -0.6684618 -0.1567451 0.8551402 0.4941318 0.2285608 0.9430842 -0.2415621 0.2521172 0.7772265 -0.5765032 -0.2472358 0.9689534 0.001953184 -0.1168267 0.7611742 -0.6379384 -0.2232512 0.7506002 -0.6218988 -0.3264345 0.9452134 0.003479182 -0.1766434 0.7577844 0.6281402 -0.09235239 0.7621667 0.6407597 -0.1247928 0.9921777 -0.003204464 -0.2391794 0.7786988 0.5800185 -0.2333523 0.970399 0.06222927 -0.2866353 0.5946339 -0.7511664 -0.5329255 0.7636197 0.3645207 -0.7857143 0.1852204 -0.5902089 -0.3260369 0.1103575 0.9388936 -0.01065105 0.7491458 0.6623197 -0.202005 0.2697266 0.9415103 -0.02575826 0.7021873 0.7115262 -0.06012183 0.740109 0.669794 0.1659004 0.9714449 -0.1696236 -0.0746501 0.9204915 0.3835661 0.1736547 0.8218234 -0.5426329 0.233321 0.9582797 -0.1651101 -0.2248345 0.3283554 0.9174053 -0.3159311 0.9438868 0.09625643 -0.4960872 0.8597217 0.1215574 0.01910483 0.1093494 0.9938198 -0.04220771 0.1154533 0.9924158 0.03326624 -0.6859872 0.7268528 -0.08804738 -0.6682446 0.738713 -0.1613541 -0.9858258 0.04596161 -0.3151443 -0.949034 0.004333734 -0.3146535 -0.5317674 -0.7862675 -0.4287365 -0.4823286 -0.7639006 -0.3293296 -0.03006112 -0.9437364 -0.6783128 -0.7243964 -0.1230521 -0.4239082 -0.9053142 0.02661252 -0.3117867 -0.571721 0.7588968 -0.2374448 -0.6227279 0.74554 -0.2216317 -0.2310927 0.9473519 -0.1351686 0.01699906 0.9906768 -0.09103786 0.9598497 0.2653313 -0.02475088 0.9583571 0.2844979 -0.1381914 0.9254367 -0.3528031 -0.1485072 0.887534 0.4361525 -0.2877057 0.9427418 0.1687108 -0.1639804 0.9864462 0.005859673 -0.2967993 0.9062373 0.301072 -0.1081301 0.977383 0.1817429 0.2211425 0.7872442 -0.5756237 0.2850514 0.4258374 -0.8587248 0.291431 0.6923051 -0.6601375 0.322708 0.3159938 -0.8921926 0.1016001 0.5650419 -0.8187828 0.05218702 0.2374053 -0.9700078 -0.1628518 0.2754687 -0.9474157 -0.1631268 0.5719359 -0.8039149 -0.1538155 0.9114487 -0.3815785 0.04590141 0.9523019 -0.3016859 -0.1570199 0.9875926 -0.00238043 -0.08066302 0.9965531 0.01937985 -0.07898473 0.9470237 0.3113001 -0.1246693 0.9724511 0.1969683 -0.02768075 0.8855721 0.4636764 -0.1452427 0.9609702 0.2354586 -0.06109946 0.6677301 0.7418918 -0.05850422 0.7438923 0.6657339 0.004669427 0.3493564 0.9369784 0.04828125 0.04883056 0.9976395 0.1694703 0.9806267 -0.09823966 -0.09521818 0.981602 0.1655026 -0.1792092 0.9817746 0.06326645 -0.1645594 0.925067 0.3423031 -0.01873874 0.6712701 0.7409759 0.07712143 0.5190363 0.8512659 0.1253718 0.1977018 0.9722119 0.01913571 0.3221333 0.946501 -0.1779887 0.6207937 0.7635021 -0.1742022 0.005554437 0.9846943 0.01889127 -0.3495653 0.9367215 -0.1381302 -0.615482 0.7759523 0.1561654 -0.3975703 0.9041848 -3.05194e-5 -0.6619052 0.7495875 -0.1139278 -0.9280858 0.3545098 -0.1192991 -0.992816 -0.009186208 -0.03625655 -0.9462715 0.3213344 0.04706108 -0.9548638 0.2932924 0.1210073 -0.6945788 0.7091668 0.1095313 -0.4210043 0.9004212 0.1090769 -0.09882235 -0.9891089 -0.04678589 -0.3528017 -0.9345278 0.06949239 0.1015986 -0.9923954 -0.2196462 -0.2541939 -0.9418817 0.05157768 0.1372455 -0.9891934 -0.05734455 0.1876288 -0.9805647 -0.349138 -0.2022193 -0.9149919 -0.7973708 -0.3883852 -0.4619055 -0.7606621 -0.6490532 -0.01110899 -0.6288287 -0.460085 0.6268144 -0.6075501 -0.5014951 0.6159429 -0.6802753 -0.7309679 -0.05395811 -0.688956 -0.5245759 0.5001599 -0.5741289 -0.7705205 -0.2769015 -0.57511 -0.6948992 -0.4316987 -0.2617321 -0.8457766 -0.4649284 -0.1685286 -0.903804 -0.3933656 0.001159667 -0.5245313 -0.8513905 0.0187084 -0.5572555 -0.8301304 0.1147513 -0.189706 -0.9751122 0.1717313 -0.2241327 -0.9593087 0.1060228 -0.6029326 -0.7907158 0.02539199 -0.3130661 -0.9493919 0.0067752 -0.6201445 -0.7844583 -0.1667587 -0.560827 -0.8109652 -0.1374871 -0.9052481 -0.4020239 -0.04501521 -0.9271309 -0.3720242 -0.05444556 -0.9985148 -0.001953184 -0.009460806 -0.9995822 -0.0273143 0.0248118 -0.9690961 0.2454327 0.09891307 -0.7139994 0.6931241 0.07110995 -0.7059726 0.7046603 -0.1654759 -0.2827312 -0.944818 -0.004242062 -0.9358862 -0.3522772 -0.07584089 -0.9936227 -0.08344024 -0.07831108 -0.9275864 -0.3653092 -0.4052556 -0.9141216 0.0122379 -0.9791724 -0.1742026 -0.1042835 -0.3481035 -0.6190847 0.7039589 -0.2913964 -0.08200478 0.9530811 -0.2584394 -0.5462691 0.7967429 -0.169288 -0.07300102 0.9828594 -0.2031644 -0.05844372 0.9773989 -0.3196014 -0.4892295 0.811486 -0.4158902 -0.9089339 0.02957344 -0.6907124 -0.7219946 0.04049909 -0.3839948 -0.5080256 -0.7710111 -0.2791231 -0.06244105 -0.9582231 -0.2870355 -0.5348536 -0.7946963 -0.2045707 -0.06656253 -0.9765861 -0.3208457 -0.08011221 -0.9437373 -0.2812345 -0.6514325 -0.704658 -0.1728316 -0.8534763 -0.4916377 -0.09543293 -0.9832307 -0.1554027 -0.1138653 -0.9925292 0.04382485 -0.02688759 -0.9728062 0.2300553 -0.07870882 -0.9896746 0.1197876 -0.3194714 -0.5857484 -0.7448738 -0.2164999 -0.05957257 -0.9744635 -0.2291065 -0.05655175 -0.9717573 -0.1131053 -0.9874897 -0.1098703 -0.1691384 -0.9853796 -0.02047848 -0.3162361 -0.948678 -0.002197325 -0.07758009 0.9069118 -0.4141165 -0.2201388 0.9387566 0.2650944 -0.103552 0.556428 0.824418 -0.1495143 0.5606102 0.8144703 -0.3062554 0.9231303 0.232461 -0.201762 0.8970794 -0.393117 0.8385752 -0.5409523 0.06451749 0.8466913 -0.524196 0.0912826 0.8430688 -0.5326252 0.07446742 0.8418961 -0.5370116 0.05319452 0.8431482 -0.5349979 0.05365234 -0.7004771 -0.7085036 0.08575898 -0.7067266 -0.7051091 0.05795538 -0.996706 0.01760917 0.07916516 -0.9983506 0.02166873 0.05316478 -0.7065161 -0.7064245 0.04242146 -0.999141 0.01458817 0.03878998 -0.7110552 -0.7022659 0.03497439 -0.9993669 0.01507622 0.03222775 -0.7080212 -0.7050913 0.03940063 -0.9985756 0.03244149 0.04236006 -0.7006652 -0.7125372 0.03686743 -0.7718617 -0.5255715 -0.3577768 -0.3880171 -0.9209685 0.03549343 -0.3939687 -0.9184972 0.03393703 -0.390943 -0.9195249 0.04046761 -0.3942749 -0.91734 0.05508679 -0.392665 -0.9160454 0.08170092 -0.9047017 0.379075 -0.1944663 -0.9950506 0.06909561 0.07141506 -0.9984733 -0.006317496 -0.05487388 -0.998077 0.04642003 0.0410791 -0.6635783 0.747445 0.03146523 -0.6710649 0.740741 0.0312215 -0.6670631 0.7443993 0.02993953 -0.6602177 0.7500046 0.04007142 -0.6585713 0.7501591 0.05954271 -0.6553597 0.7525618 0.06445556 -0.9957529 0.01980698 0.08990979 -0.6970028 -0.7108281 0.09439659 -0.3981856 -0.912894 0.08984887 -0.4241528 -0.9008288 0.09274715 -0.6822924 -0.7260572 0.08554595 -0.9969596 -0.007599174 0.07754838 -0.6606388 0.7483801 0.0590232 -0.3170001 0.947216 0.04788416 -0.3133062 0.9485555 0.04562562 -0.3117205 0.9496886 0.0303663 -0.3138278 0.9492048 0.02285879 -0.3186532 0.9474446 0.02844405 -0.3159317 0.9485583 0.02060025 -0.677549 0.7344972 0.03796541 -0.9897855 0.1318717 0.05417084 -0.9627991 0.2588055 0.07770264 -0.9446084 0.3012577 0.1302266 -0.6380246 0.7666916 0.07147485 -0.3273149 0.9431552 0.05765014 -0.6779511 0.7335875 0.04724353 -0.3178566 0.9473135 0.03955274 -0.3185607 0.9476556 0.02163815 -0.3330854 0.9417277 0.04693835 -0.7096682 0.07852649 -0.7001461 0.01193279 0.1630311 -0.9865489 -0.6986169 0.0209667 -0.7151888 -0.9980691 -0.06177079 -0.006531059 -0.9998535 -0.01565605 0.006927728 -0.7112526 -0.08386707 0.6979156 -0.7386907 -0.0285356 0.6734403 0.722149 0.04968547 -0.689951 0.721324 0.1265025 -0.680947 0.02032554 0.06430327 -0.9977234 -0.697397 -0.01983755 -0.7164106 -0.9914729 -0.1302859 -0.002685666 -0.717502 -0.1448127 0.681337 -0.7014566 -0.2422015 0.6702963 0.7281787 0.006042718 -0.6853608 0.01226878 -0.009674608 -0.9998781 -0.7258991 -0.08374464 -0.682684 -0.9848766 -0.1725235 0.01593089 -0.6849772 -0.3153569 0.6567773 -0.3472496 -0.3262218 0.8792026 -0.358753 -0.2538892 0.8982408 -0.380118 -0.156442 0.9116119 -0.3832345 -0.1055367 0.917602 -0.4014168 -0.06412047 0.9136483 -0.4140267 0.1784471 0.8926021 -0.7083467 0.1586379 0.6878074 -0.6936172 0.2907289 0.659069 -0.9815229 0.1887907 0.03115993 -0.9728196 0.2256565 0.05197364 -0.7548912 0.2439396 -0.6087961 -0.7024351 0.2554781 -0.6643162 -0.1008655 0.2627387 -0.9595805 -0.0122075 0.2676192 -0.9634475 0.6374611 0.2601484 -0.7252353 0.6814274 0.263989 -0.6826176 0.9542475 0.2976854 0.02819985 0.9734105 0.2288636 0.009674549 0.6744754 0.3219475 0.664404 0.9932675 0.1145068 0.01754832 0.6886654 0.002594113 0.7250747 0.9997519 0.01797586 0.01315379 0.6935756 -0.05276739 0.7184486 0.9999849 0.004974544 0.00238043 0.696327 -0.1005914 0.7106406 0.9994404 -0.03170937 0.01065117 0.691255 -0.1791769 0.7000445 0.9983301 -0.04754823 0.03280764 0.6543232 -0.2392369 0.717375 0.2934741 -0.2402483 0.9252858 0.2849888 -0.2991192 0.9106642 0.494956 0.5438168 0.6777034 -0.4258396 0.3764284 0.8227772 0.7100086 0.06531196 -0.7011578 0.01025444 0.06268662 -0.9979806 -0.7169225 0.02185159 -0.6968104 -0.9979823 0.05679643 -0.02838295 -0.6901375 0.1664839 -0.7042681 -0.006836295 0.2244998 -0.9744502 0.7107658 0.211896 -0.6707549 0.7341795 0.05948269 -0.6763449 0.00878942 0.06167852 -0.9980574 0.1349865 0.4299855 0.8926876 0.2303882 0.2624943 0.9370262 0.3079718 -0.0433681 0.9504065 0.3158157 -0.08701103 0.9448226 0.31462 -0.1373963 0.9392213 0.4965432 -0.6634208 -0.5597479 -0.2479067 -0.9007715 -0.3565853 0.3210893 -0.5949048 -0.7368786 0.7842534 0.009705066 -0.6203649 0.6636373 0.001434385 -0.7480531 0.5620727 0.7334076 -0.3823449 0.526333 0.6659581 -0.5286525 0.2497709 0.9576992 -0.1429224 0.2201364 0.9572712 -0.1875416 -0.4151758 0.3446778 -0.8419182 -0.3080329 -0.7884705 -0.5323816 -0.7901957 -0.5651187 -0.237132 -0.7904124 -0.611754 -0.03170925 -0.9918966 -0.0198068 0.1254939 -0.9995946 0.02432376 0.0148018 -0.6995956 0.6970931 0.1569306 -0.7217466 0.6889995 0.06604331 -0.303966 0.9482762 0.09152549 -0.3123012 0.9488365 0.04666358 -0.3266167 0.8929313 0.3098311 -0.09399861 0.9291824 0.3574694 -0.1648347 0.9573602 0.2372571 -0.03689771 0.992333 0.1179568 -0.3509074 0.9356514 -0.03769093 -0.1656582 0.9689239 -0.1836951 -0.4638622 0.8497173 -0.2506242 -0.2431776 0.8904611 -0.3846345 -0.2210819 0.903433 -0.3673306 -0.4492757 0.8647971 -0.2242258 -0.133796 0.9698383 -0.203746 -0.3680847 0.9276124 -0.06363123 -0.2956656 0.9538025 0.05331623 -0.5664346 0.8192244 0.08957356 -0.6502144 0.7558419 -0.07696974 -0.6534854 0.7501103 -0.1014471 -0.538656 0.8395404 0.07086449 -0.6496098 0.4652408 -0.6012972 -0.6831844 5.18836e-4 -0.7302458 -0.7245011 0.6887323 -0.0273149 -0.5882309 0.7521505 -0.2970758 -0.5817888 0.813247 0.01229923 -0.6340451 0.7009747 0.3265294 -0.7013336 0.3943094 0.5938446 -0.7068297 0.2029236 0.6776532 -0.7059659 -0.3985784 0.5854464 -0.7093877 -0.2037765 0.6747179 -0.7302603 -0.6826506 -0.02661257 -0.6402977 -0.7008177 0.3144417 -0.5899284 -0.8073748 0.01141399 -0.5974377 -0.7490556 -0.2863282 -0.6571303 -0.4647705 -0.5934377 -0.2408921 -0.7960151 -0.5552756 -0.412564 -0.6748496 -0.6118571 -0.3256716 -0.5986059 -0.7318533 -0.5810555 -0.5606687 -0.5899366 -0.5169032 -0.8003042 -0.3038489 -0.7135711 -0.637273 -0.2910318 -0.5590219 -0.8276223 -0.0503568 -0.763902 -0.6420683 -0.06482332 -0.7707318 -0.6308928 -0.08914655 -0.5572446 -0.8264214 -0.08066141 -0.7472643 -0.6068756 -0.2707364 -0.5243489 -0.8108014 -0.2601144 -0.4940205 -0.7832242 -0.3774968 -0.2569382 -0.9395229 -0.2264499 -0.2993965 -0.9529721 -0.04696953 -0.3117189 -0.9497141 -0.02957266 -0.2969471 -0.9201697 -0.255167 0.4879492 0.5107474 -0.7078437 0.9290947 -0.08853608 -0.3590884 0.4935576 0.5054296 -0.7077724 0.9289239 -0.09558725 -0.3577198 0.9493835 -0.2622799 -0.1728593 0.9483256 -0.2677456 -0.1702671 0.9470787 -0.3011656 0.1110907 0.9467963 -0.3013158 0.1130735 0.8702396 -0.3106298 0.3823512 0.8708373 -0.3106863 0.3809417 0.7964324 -0.3153562 0.5159903 0.793596 -0.3262524 0.5135805 -0.2409811 -0.2284376 0.9432627 -0.2684142 -0.2745485 0.9233509 -0.6881243 0.6201267 0.3767333 -0.6774719 0.6297699 0.3800288 -0.610957 0.7498179 0.253978 -0.606478 0.7540385 0.2522109 -0.6302188 0.7760693 -0.02325552 -0.6334648 0.7733667 -0.02502602 -0.5979588 0.7350806 -0.319534 -0.6068701 0.7287018 -0.3173364 -0.3323895 0.787529 -0.5189561 -0.319411 0.7914472 -0.5211411 0.2697017 0.7910376 0.5491088 0.3466688 0.6224108 0.7017304 0.4184849 0.6851654 0.5961701 0.566251 0.5867292 0.5788859 0.517233 0.8013938 0.3003968 0.7021592 0.6518023 0.2865769 0.5591121 0.8276203 0.04938006 0.7539195 0.6539076 0.06332761 0.7591655 0.6443217 0.0922901 0.5571011 0.8262822 0.08304327 0.7274285 0.6239374 0.2855695 0.5228 0.8086766 0.2696708 0.4896188 0.7741184 0.4012659 0.2786726 0.9285833 0.2451013 0.315571 0.9474455 0.05255442 0.3266777 0.9446615 0.02993935 0.314314 0.9149256 0.2532151 -0.547065 0.2421735 -0.8012939 0.2576426 0.3836867 -0.8867948 -0.5408605 0.2429935 -0.805248 0.2640225 0.3804537 -0.8863111 0.4882106 0.396715 -0.7773466 0.4933383 0.3943044 -0.7753331 0.6403205 0.5181222 -0.5670443 0.6411488 0.5188276 -0.565461 0.7346857 0.6010732 -0.3145601 0.7342914 0.60077 -0.3160566 0.7692749 0.6168299 -0.166545 0.7762634 0.6077347 -0.167552 0.501583 0.1966962 0.8424519 0.5221201 0.143348 0.840739 -0.6045865 0.0777325 0.7927377 -0.6073601 0.09183186 0.7891012 -0.7364356 0.1374598 0.6623953 -0.7390176 0.1419133 0.6585695 -0.882422 -0.003204464 0.470448 -0.8820778 -0.007782459 0.4710396 -0.9620707 -0.1561335 0.2237018 -0.9590468 -0.1644699 0.2306058 -0.9941084 -0.05234074 -0.09491533 -0.993587 -0.04266595 -0.1047118 0.3385792 -0.8797442 -0.3337877 0.1518039 -0.9557789 -0.2518774 0.06906443 -0.9175838 -0.3914975 0.005310297 -0.9934608 -0.1140502 0.3487401 -0.9365656 0.03500521 0.1475892 -0.9707744 0.1892474 0.4635019 -0.8501554 0.2498033 0.2291064 -0.8913084 0.391254 0.2070409 -0.9021114 0.3785883 0.4503096 -0.8637827 0.2260551 0.1185677 -0.9660295 0.2296277 0.3730981 -0.9250087 0.07181185 0.3114525 -0.9496783 -0.03329688 0.5911318 -0.8014414 -0.09085649 0.663066 -0.7452855 0.06995058 0.6631895 -0.7428454 0.0914365 0.548493 -0.8318954 -0.08429431</float_array>
          <technique_common>
            <accessor source="#chr081_1-mesh-normals-array" count="2707" stride="3">
              <param name="X" type="float"/>
              <param name="Y" type="float"/>
              <param name="Z" type="float"/>
            </accessor>
          </technique_common>
        </source>
        <vertices id="chr081_1-mesh-vertices">
          <input semantic="POSITION" source="#chr081_1-mesh-positions"/>
        </vertices>
        <polylist material="chr081_mat_001-material" count="3993">
          <input semantic="VERTEX" source="#chr081_1-mesh-vertices" offset="0"/>
          <input semantic="NORMAL" source="#chr081_1-mesh-normals" offset="1"/>
          <vcount>3 3 3 3 3 3 3 3 3 3 3 3 3 3 3 3 3 3 3 3 3 3 3 3 3 3 3 3 3 3 3 3 3 3 3 3 3 3 3 3 3 3 3 3 3 3 3 3 3 3 3 3 3 3 3 3 3 3 3 3 3 3 3 3 3 3 3 3 3 3 3 3 3 3 3 3 3 3 3 3 3 3 3 3 3 3 3 3 3 3 3 3 3 3 3 3 3 3 3 3 3 3 3 3 3 3 3 3 3 3 3 3 3 3 3 3 3 3 3 3 3 3 3 3 3 3 3 3 3 3 3 3 3 3 3 3 3 3 3 3 3 3 3 3 3 3 3 3 3 3 3 3 3 3 3 3 3 3 3 3 3 3 3 3 3 3 3 3 3 3 3 3 3 3 3 3 3 3 3 3 3 3 3 3 3 3 3 3 3 3 3 3 3 3 3 3 3 3 3 3 3 3 3 3 3 3 3 3 3 3 3 3 3 3 3 3 3 3 3 3 3 3 3 3 3 3 3 3 3 3 3 3 3 3 3 3 3 3 3 3 3 3 3 3 3 3 3 3 3 3 3 3 3 3 3 3 3 3 3 3 3 3 3 3 3 3 3 3 3 3 3 3 3 3 3 3 3 3 3 3 3 3 3 3 3 3 3 3 3 3 3 3 3 3 3 3 3 3 3 3 3 3 3 3 3 3 3 3 3 3 3 3 3 3 3 3 3 3 3 3 3 3 3 3 3 3 3 3 3 3 3 3 3 3 3 3 3 3 3 3 3 3 3 3 3 3 3 3 3 3 3 3 3 3 3 3 3 3 3 3 3 3 3 3 3 3 3 3 3 3 3 3 3 3 3 3 3 3 3 3 3 3 3 3 3 3 3 3 3 3 3 3 3 3 3 3 3 3 3 3 3 3 3 3 3 3 3 3 3 3 3 3 3 3 3 3 3 3 3 3 3 3 3 3 3 3 3 3 3 3 3 3 3 3 3 3 3 3 3 3 3 3 3 3 3 3 3 3 3 3 3 3 3 3 3 3 3 3 3 3 3 3 3 3 3 3 3 3 3 3 3 3 3 3 3 3 3 3 3 3 3 3 3 3 3 3 3 3 3 3 3 3 3 3 3 3 3 3 3 3 3 3 3 3 3 3 3 3 3 3 3 3 3 3 3 3 3 3 3 3 3 3 3 3 3 3 3 3 3 3 3 3 3 3 3 3 3 3 3 3 3 3 3 3 3 3 3 3 3 3 3 3 3 3 3 3 3 3 3 3 3 3 3 3 3 3 3 3 3 3 3 3 3 3 3 3 3 3 3 3 3 3 3 3 3 3 3 3 3 3 3 3 3 3 3 3 3 3 3 3 3 3 3 3 3 3 3 3 3 3 3 3 3 3 3 3 3 3 3 3 3 3 3 3 3 3 3 3 3 3 3 3 3 3 3 3 3 3 3 3 3 3 3 3 3 3 3 3 3 3 3 3 3 3 3 3 3 3 3 3 3 3 3 3 3 3 3 3 3 3 3 3 3 3 3 3 3 3 3 3 3 3 3 3 3 3 3 3 3 3 3 3 3 3 3 3 3 3 3 3 3 3 3 3 3 3 3 3 3 3 3 3 3 3 3 3 3 3 3 3 3 3 3 3 3 3 3 3 3 3 3 3 3 3 3 3 3 3 3 3 3 3 3 3 3 3 3 3 3 3 3 3 3 3 3 3 3 3 3 3 3 3 3 3 3 3 3 3 3 3 3 3 3 3 3 3 3 3 3 3 3 3 3 3 3 3 3 3 3 3 3 3 3 3 3 3 3 3 3 3 3 3 3 3 3 3 3 3 3 3 3 3 3 3 3 3 3 3 3 3 3 3 3 3 3 3 3 3 3 3 3 3 3 3 3 3 3 3 3 3 3 3 3 3 3 3 3 3 3 3 3 3 3 3 3 3 3 3 3 3 3 3 3 3 3 3 3 3 3 3 3 3 3 3 3 3 3 3 3 3 3 3 3 3 3 3 3 3 3 3 3 3 3 3 3 3 3 3 3 3 3 3 3 3 3 3 3 3 3 3 3 3 3 3 3 3 3 3 3 3 3 3 3 3 3 3 3 3 3 3 3 3 3 3 3 3 3 3 3 3 3 3 3 3 3 3 3 3 3 3 3 3 3 3 3 3 3 3 3 3 3 3 3 3 3 3 3 3 3 3 3 3 3 3 3 3 3 3 3 3 3 3 3 3 3 3 3 3 3 3 3 3 3 3 3 3 3 3 3 3 3 3 3 3 3 3 3 3 3 3 3 3 3 3 3 3 3 3 3 3 3 3 3 3 3 3 3 3 3 3 3 3 3 3 3 3 3 3 3 3 3 3 3 3 3 3 3 3 3 3 3 3 3 3 3 3 3 3 3 3 3 3 3 3 3 3 3 3 3 3 3 3 3 3 3 3 3 3 3 3 3 3 3 3 3 3 3 3 3 3 3 3 3 3 3 3 3 3 3 3 3 3 3 3 3 3 3 3 3 3 3 3 3 3 3 3 3 3 3 3 3 3 3 3 3 3 3 3 3 3 3 3 3 3 3 3 3 3 3 3 3 3 3 3 3 3 3 3 3 3 3 3 3 3 3 3 3 3 3 3 3 3 3 3 3 3 3 3 3 3 3 3 3 3 3 3 3 3 3 3 3 3 3 3 3 3 3 3 3 3 3 3 3 3 3 3 3 3 3 3 3 3 3 3 3 3 3 3 3 3 3 3 3 3 3 3 3 3 3 3 3 3 3 3 3 3 3 3 3 3 3 3 3 3 3 3 3 3 3 3 3 3 3 3 3 3 3 3 3 3 3 3 3 3 3 3 3 3 3 3 3 3 3 3 3 3 3 3 3 3 3 3 3 3 3 3 3 3 3 3 3 3 3 3 3 3 3 3 3 3 3 3 3 3 3 3 3 3 3 3 3 3 3 3 3 3 3 3 3 3 3 3 3 3 3 3 3 3 3 3 3 3 3 3 3 3 3 3 3 3 3 3 3 3 3 3 3 3 3 3 3 3 3 3 3 3 3 3 3 3 3 3 3 3 3 3 3 3 3 3 3 3 3 3 3 3 3 3 3 3 3 3 3 3 3 3 3 3 3 3 3 3 3 3 3 3 3 3 3 3 3 3 3 3 3 3 3 3 3 3 3 3 3 3 3 3 3 3 3 3 3 3 3 3 3 3 3 3 3 3 3 3 3 3 3 3 3 3 3 3 3 3 3 3 3 3 3 3 3 3 3 3 3 3 3 3 3 3 3 3 3 3 3 3 3 3 3 3 3 3 3 3 3 3 3 3 3 3 3 3 3 3 3 3 3 3 3 3 3 3 3 3 3 3 3 3 3 3 3 3 3 3 3 3 3 3 3 3 3 3 3 3 3 3 3 3 3 3 3 3 3 3 3 3 3 3 3 3 3 3 3 3 3 3 3 3 3 3 3 3 3 3 3 3 3 3 3 3 3 3 3 3 3 3 3 3 3 3 3 3 3 3 3 3 3 3 3 3 3 3 3 3 3 3 3 3 3 3 3 3 3 3 3 3 3 3 3 3 3 3 3 3 3 3 3 3 3 3 3 3 3 3 3 3 3 3 3 3 3 3 3 3 3 3 3 3 3 3 3 3 3 3 3 3 3 3 3 3 3 3 3 3 3 3 3 3 3 3 3 3 3 3 3 3 3 3 3 3 3 3 3 3 3 3 3 3 3 3 3 3 3 3 3 3 3 3 3 3 3 3 3 3 3 3 3 3 3 3 3 3 3 3 3 3 3 3 3 3 3 3 3 3 3 3 3 3 3 3 3 3 3 3 3 3 3 3 3 3 3 3 3 3 3 3 3 3 3 3 3 3 3 3 3 3 3 3 3 3 3 3 3 3 3 3 3 3 3 3 3 3 3 3 3 3 3 3 3 3 3 3 3 3 3 3 3 3 3 3 3 3 3 3 3 3 3 3 3 3 3 3 3 3 3 3 3 3 3 3 3 3 3 3 3 3 3 3 3 3 3 3 3 3 3 3 3 3 3 3 3 3 3 3 3 3 3 3 3 3 3 3 3 3 3 3 3 3 3 3 3 3 3 3 3 3 3 3 3 3 3 3 3 3 3 3 3 3 3 3 3 3 3 3 3 3 3 3 3 3 3 3 3 3 3 3 3 3 3 3 3 3 3 3 3 3 3 3 3 3 3 3 3 3 3 3 3 3 3 3 3 3 3 3 3 3 3 3 3 3 3 3 3 3 3 3 3 3 3 3 3 3 3 3 3 3 3 3 3 3 3 3 3 3 3 3 3 3 3 3 3 3 3 3 3 3 3 3 3 3 3 3 3 3 3 3 3 3 3 3 3 3 3 3 3 3 3 3 3 3 3 3 3 3 3 3 3 3 3 3 3 3 3 3 3 3 3 3 3 3 3 3 3 3 3 3 3 3 3 3 3 3 3 3 3 3 3 3 3 3 3 3 3 3 3 3 3 3 3 3 3 3 3 3 3 3 3 3 3 3 3 3 3 3 3 3 3 3 3 3 3 3 3 3 3 3 3 3 3 3 3 3 3 3 3 3 3 3 3 3 3 3 3 3 3 3 3 3 3 3 3 3 3 3 3 3 3 3 3 3 3 3 3 3 3 3 3 3 3 3 3 3 3 3 3 3 3 3 3 3 3 3 3 3 3 3 3 3 3 3 3 3 3 3 3 3 3 3 3 3 3 3 3 3 3 3 3 3 3 3 3 3 3 3 3 3 3 3 3 3 3 3 3 3 3 3 3 3 3 3 3 3 3 3 3 3 3 3 3 3 3 3 3 3 3 3 3 3 3 3 3 3 3 3 3 3 3 3 3 3 3 3 3 3 3 3 3 3 3 3 3 3 3 3 3 3 3 3 3 3 3 3 3 3 3 3 3 3 3 3 3 3 3 3 3 3 3 3 3 3 3 3 3 3 3 3 3 3 3 3 3 3 3 3 3 3 3 3 3 3 3 3 3 3 3 3 3 3 3 3 3 3 3 3 3 3 3 3 3 3 3 3 3 3 3 3 3 3 3 3 3 3 3 3 3 3 3 3 3 3 3 3 3 3 3 3 3 3 3 3 3 3 3 3 3 3 3 3 3 3 3 3 3 3 3 3 3 3 3 3 3 3 3 3 3 3 3 3 3 3 3 3 3 3 3 3 3 3 3 3 3 3 3 3 3 3 3 3 3 3 3 3 3 3 3 3 3 3 3 3 3 3 3 3 3 3 3 3 3 3 3 3 3 3 3 3 3 3 3 3 3 3 3 3 3 3 3 3 3 3 3 3 3 3 3 3 3 3 3 3 3 3 3 3 3 3 3 3 3 3 3 3 3 3 3 3 3 3 3 3 3 3 3 3 3 3 3 3 3 3 3 3 3 3 3 3 3 3 3 3 3 3 3 3 3 3 3 3 3 3 3 3 3 3 3 3 3 3 3 3 3 3 3 3 3 3 3 3 3 3 3 3 3 3 3 3 3 3 3 3 3 3 3 3 3 3 3 3 3 3 3 3 3 3 3 3 3 3 3 3 3 3 3 3 3 3 3 3 3 3 3 3 3 3 3 3 3 3 3 3 3 3 3 3 3 3 3 3 3 3 3 3 3 3 3 3 3 3 3 3 3 3 3 3 3 3 3 3 3 3 3 3 3 3 3 3 3 3 3 3 3 3 3 3 3 3 3 3 3 3 3 3 3 3 3 3 3 3 3 3 3 3 3 3 3 3 3 3 3 3 3 3 3 3 3 3 3 3 3 3 3 3 3 3 3 3 3 3 3 3 3 3 3 3 3 3 3 3 3 3 3 3 3 3 3 3 3 3 3 3 3 3 3 3 3 3 3 3 3 3 3 3 3 3 3 3 3 3 3 3 3 3 3 3 3 3 3 3 3 3 3 3 3 3 3 3 3 3 3 3 3 3 3 3 3 3 3 3 3 3 3 3 3 3 3 3 3 3 3 3 3 3 3 3 3 3 3 3 3 3 3 3 3 3 3 3 3 3 3 3 3 3 3 3 3 3 3 3 3 3 3 3 3 3 3 3 3 3 3 3 3 3 3 3 3 3 3 3 3 3 3 3 3 3 3 3 3 3 3 3 3 3 3 3 3 3 3 3 3 3 3 3 3 3 3 3 3 3 3 3 3 3 3 3 3 3 3 3 3 3 3 3 3 3 3 3 3 3 3 3 3 3 3 3 3 3 3 3 3 3 3 3 3 3 3 3 3 3 3 3 3 3 3 3 3 3 3 3 3 3 3 3 3 3 3 3 3 3 3 3 3 3 3 3 3 3 3 3 3 3 3 3 3 3 3 3 3 3 3 3 3 3 3 3 3 3 3 3 3 3 3 3 3 3 3 3 3 3 3 3 3 3 3 3 3 3 3 3 3 3 3 3 3 3 3 3 3 3 3 3 3 3 3 3 3 3 3 3 3 3 3 3 3 3 3 3 3 3 3 3 3 3 3 3 3 3 3 3 3 3 3 3 3 3 3 3 3 3 3 3 3 3 3 3 3 3 3 3 3 3 3 3 3 3 3 3 3 3 3 3 3 3 3 3 3 3 3 3 3 3 3 3 3 3 3 3 3 3 3 3 3 3 3 3 3 3 3 3 3 3 3 3 3 3 3 3 3 3 3 3 3 3 3 3 3 3 3 3 3 3 3 3 3 3 3 3 3 3 3 3 3 3 3 3 3 3 3 3 3 3 3 3 3 3 3 3 3 3 3 3 3 3 3 3 3 3 3 3 3 3 3 3 3 3 3 3 3 3 3 3 3 3 3 3 3 3 3 3 3 3 3 3 3 3 3 3 3 3 3 3 3 3 3 3 3 3 3 3 3 3 3 3 3 3 3 3 3 3 3 3 3 3 3 3 3 3 3 3 3 3 3 3 3 3 3 3 3 3 3 3 3 3 3 3 3 3 3 3 3 3 3 3 3 3 3 3 3 3 3 3 3 3 3 3 3 3 3 3 3 3 3 3 3 3 3 3 3 3 3 3 3 3 3 3 3 3 3 3 3 3 3 3 3 3 3 3 3 3 3 3 3 3 3 3 3 3 3 3 3 3 3 3 3 3 3 3 3 3 3 3 3 3 3 3 3 3 3 3 3 3 3 3 3 3 3 3 3 3 3 3 3 3 3 3 3 3 3 3 3 3 3 3 3 3 3 3 3 3 3 3 3 3 3 3 3 3 3 3 3 3 3 3 3 3 3 3 3 3 3 3 3 3 3 3 3 3 3 3 3 3 3 3 3 3 3 3 3 3 3 3 3 3 3 3 3 3 3 3 3 3 3 3 3 3 3 3 3 3 3 3 3 3 3 3 3 3 3 3 3 3 3 3 3 3 3 3 3 3 3 3 3 3 3 3 3 3 3 3 3 3 3 3 3 3 3 3 3 3 3 3 3 3 3 3 3 3 3 3 3 3 3 3 3 3 3 3 3 3 3 3 3 3 3 3 3 3 3 3 3 3 3 3 3 3 3 3 3 3 3 3 3 3 3 3 3 3 3 3 3 3 3 3 3 3 3 3 3 3 3 3 3 3 3 3 3 3 3 3 3 3 3 3 3 3 3 3 3 3 3 3 3 3 3 3 3 3 3 3 3 3 3 3 3 3 3 3 3 3 3 3 3 3 3 3 3 3 3 3 3 3 3 3 3 3 3 3 3 3 3 3 3 3 3 3 3 3 3 3 3 3 3 3 3 3 3 3 3 3 3 3 3 3 3 3 3 3 3 3 3 3 3 3 3 3 3 3 3 3 3 3 3 3 3 3 3 3 3 3 3 3 3 3 3 3 3 3 3 3 3 3 3 3 3 3 3 3 3 3 3 3 3 3 3 3 3 3 3 3 3 3 3 3 3 3 3 3 3 3 3 3 3 3 3 3 3 3 3 3 3 3 3 3 3 3 3 3 3 3 3 3 3 3 3 3 3 3 3 3 3 3 3 3 3 3 3 3 3 3 3 3 3 3 3 3 3 3 3 3 3 3 3 3 3 3 3 3 3 3 3 3 3 3 3 3 3 3 3 3 3 3 3 3 3 3 3 3 3 3 3 3 3 3 3 3 3 3 3 3 3 3 3 3 3 3 3 3 3 3 3 3 3 3 3 3 3 3 3 3 3 3 3 3 3 3 3 3 3 3 3 3 3 3 3 3 3 3 3 3 3 3 3 3 3 3 3 3 3 3 3 3 3 3 3 3 3 3 3 3 3 3 3 3 3 3 3 3 3 3 3 3 3 3 3 3 3 3 3 3 3 3 3 3 3 3 3 3 3 3 3 3 3 3 3 3 3 3 3 3 3 3 3 3 3 3 3 3 3 3 3 3 3 3 3 3 3 3 3 3 3 3 3 3 3 3 3 3 3 3 3 3 3 3 3 3 3 3 3 3 3 3 3 3 3 3 3 3 3 3 3 3 3 3 3 3 3 3 3 3 3 3 3 3 3 3 3 3 3 3 3 3 3 3 3 3 3 3 3 3 3 3 3 3 3 3 3 3 3 3 3 3 3 3 3 3 3 3 3 3 3 3 3 3 3 3 3 3 3 3 3 3 3 3 3 3 3 3 3 3 3 3 3 3 3 3 3 3 3 3 3 3 3 3 3 3 3 3 3 3 3 3 3 3 3 3 3 3 3 3 3 3 3 3 3 3 3 3 3 3 3 3 3 3 3 3 3 3 3 3 3 3 3 3 3 3 3 3 3 3 3 3 3 3 3 3 3 3 3 3 3 3 3 3 3 3 3 3 3 3 3 3 3 3 3 3 3 3 3 3 3 3 3 3 3 3 3 3 3 3 3 3 3 3 3 3 3 3 3 3 3 3 3 3 3 3 3 3 3 3 3 3 3 3 3 3 3 3 3 3 3 3 3 3 3 3 3 3 3 3 3 3 3 3 3 3 3 3 3 3 3 3 3 3 3 3 3 3 3 3 3 3 3 3 3 3 3 3 3 3 3 3 3 3 3 3 3 3 3 3 3 3 3 3 3 3 3 </vcount>
          <p>1125 0 1126 1 1127 2 1128 3 1123 4 1127 2 1110 5 1112 6 1113 7 1110 5 1113 7 1108 8 1108 8 1113 7 1105 9 1108 8 1105 9 1103 10 1103 10 1105 9 1104 11 1103 10 1104 11 1102 12 1102 12 1104 11 1097 13 1102 12 1097 13 1095 14 1095 14 1097 13 1096 15 1095 14 1096 15 1094 16 1095 14 1094 16 1093 17 1093 17 1094 16 1092 18 1093 17 1092 18 1074 19 1074 19 1092 18 1075 20 1074 19 1075 20 1076 21 1074 19 1076 21 1080 22 1080 22 1076 21 1078 23 1080 22 1078 23 1082 24 1080 22 1082 24 1081 25 1080 22 1081 25 1079 26 1079 26 1081 25 1120 27 1079 26 1120 27 1119 28 1119 28 1120 27 1122 29 1119 28 1122 29 1123 4 1123 4 1122 29 1125 0 1123 4 1125 0 1124 30 1076 21 1077 31 1078 23 1079 26 1114 32 1080 22 1080 22 1114 32 1083 33 1080 22 1083 33 1074 19 1074 19 1083 33 1107 34 1074 19 1107 34 1093 17 1093 17 1107 34 1095 14 1095 14 1107 34 1102 12 1102 12 1107 34 1103 10 1103 10 1107 34 1106 35 1103 10 1106 35 1108 8 1108 8 1106 35 1109 36 1108 8 1109 36 1110 5 1110 5 1109 36 1111 37 1111 37 1109 36 1115 38 1111 37 1115 38 1117 39 1117 39 1115 38 1118 40 1117 39 1118 40 1116 41 1116 41 1118 40 1121 42 1116 41 1121 42 1130 43 1130 43 1121 42 1128 3 1107 34 1083 33 1106 35 1106 35 1083 33 1114 32 1106 35 1114 32 1109 36 1109 36 1114 32 1115 38 1115 38 1114 32 1118 40 1118 40 1114 32 1079 26 1118 40 1079 26 1119 28 1118 40 1119 28 1121 42 1121 42 1119 28 1123 4 1121 42 1123 4 1129 44 1094 16 1090 45 1092 18 1092 18 1090 45 1098 46 1098 46 1090 45 1084 47 1084 47 1090 45 1085 48 1090 45 1094 16 1096 15 1090 45 1096 15 1088 49 1090 45 1088 49 1089 50 1090 45 1089 50 1085 48 1085 48 1089 50 1091 51 1085 48 1091 51 1087 52 1085 48 1087 52 1086 53 1085 48 1086 53 1084 47 1084 47 1086 53 1101 54 1084 47 1101 54 1100 55 1084 47 1100 55 1098 46 1098 46 1100 55 1099 56 1098 46 1099 56 1077 31 1098 46 1077 31 1092 18 164 57 165 58 150 59 150 59 165 58 155 60 155 60 165 58 168 61 155 60 168 61 169 62 169 62 168 61 170 63 169 62 170 63 171 64 171 64 170 63 172 65 171 64 172 65 173 66 173 66 172 65 141 67 173 66 141 67 143 68 143 68 141 67 144 69 143 68 144 69 147 70 147 70 144 69 148 71 147 70 148 71 34 72 34 72 148 71 40 73 34 72 40 73 30 74 30 74 40 73 38 75 30 74 38 75 31 76 31 76 38 75 36 77 31 76 36 77 246 78 246 78 36 77 35 79 246 78 35 79 56 80 56 80 35 79 57 81 56 80 57 81 55 82 55 82 57 81 51 83 55 82 51 83 52 84 52 84 51 83 50 85 50 85 51 83 49 86 50 85 49 86 54 87 54 87 49 86 53 88 54 87 53 88 185 89 185 89 53 88 184 90 184 90 53 88 179 91 184 90 179 91 183 92 183 92 179 91 45 93 183 92 45 93 182 94 182 94 45 93 44 95 182 94 44 95 181 96 181 96 44 95 47 97 181 96 47 97 62 98 62 98 47 97 59 99 62 98 59 99 58 100 58 100 59 99 60 101 60 101 59 99 61 102 60 101 61 102 66 103 66 103 61 102 65 104 66 103 65 104 64 105 64 105 65 104 63 106 64 105 63 106 70 107 70 107 63 106 69 108 70 107 69 108 68 109 68 109 69 108 67 110 68 109 67 110 74 111 74 111 67 110 168 61 74 111 168 61 165 58 74 111 165 58 73 112 73 112 165 58 164 57 73 112 164 57 163 113 163 113 164 57 167 114 163 113 167 114 166 115 163 113 166 115 191 116 191 116 166 115 287 117 191 116 287 117 288 118 288 118 287 117 250 119 250 119 287 117 162 120 250 119 162 120 249 121 249 121 162 120 160 122 249 121 160 122 248 123 248 123 160 122 247 124 248 123 247 124 189 125 189 125 247 124 158 126 189 125 158 126 188 127 188 127 158 126 175 128 188 127 175 128 27 129 27 129 175 128 32 130 27 129 32 130 29 131 29 131 32 130 33 132 29 131 33 132 30 74 30 74 33 132 34 72 34 72 33 132 147 70 147 70 33 132 177 133 147 70 177 133 143 68 143 68 177 133 173 66 173 66 177 133 176 134 173 66 176 134 171 64 171 64 176 134 174 135 171 64 174 135 169 62 169 62 174 135 156 136 169 62 156 136 155 60 155 60 156 136 152 137 155 60 152 137 150 59 150 59 152 137 151 138 150 59 151 138 149 139 150 59 149 139 164 57 164 57 149 139 167 114 175 128 174 135 176 134 175 128 176 134 32 130 32 130 176 134 177 133 32 130 177 133 33 132 182 94 186 140 183 92 141 67 142 141 144 69 185 89 187 142 54 87 246 78 42 143 31 76 51 83 57 81 146 144 51 83 146 144 49 86 49 86 146 144 180 145 49 86 180 145 53 88 53 88 180 145 179 91 191 116 190 146 163 113 163 113 190 146 71 147 163 113 71 147 73 112 73 112 71 147 72 148 73 112 72 148 74 111 74 111 72 148 68 109 162 120 161 149 160 122 160 122 161 149 159 150 160 122 159 150 247 124 247 124 159 150 158 126 158 126 159 150 157 151 158 126 157 151 175 128 175 128 157 151 174 135 174 135 157 151 156 136 156 136 157 151 154 152 156 136 154 152 152 137 152 137 154 152 153 153 152 137 153 153 151 138 161 149 153 153 159 150 159 150 153 153 154 152 159 150 154 152 157 151 189 125 188 127 26 154 26 154 188 127 27 129 26 154 27 129 28 155 28 155 27 129 29 131 28 155 29 131 30 74 28 155 30 74 31 76 28 155 31 76 41 156 41 156 31 76 42 143 41 156 42 143 193 157 193 157 42 143 192 158 41 156 193 157 194 159 28 155 41 156 26 154 26 154 41 156 194 159 26 154 194 159 189 125 189 125 194 159 201 160 189 125 201 160 251 161 189 125 251 161 248 123 170 63 168 61 67 110 170 63 67 110 69 108 170 63 69 108 172 65 172 65 69 108 141 67 141 67 69 108 63 106 141 67 63 106 142 141 142 141 63 106 65 104 142 141 65 104 140 162 140 162 65 104 61 102 140 162 61 102 139 163 139 163 61 102 59 99 139 163 59 99 47 97 139 163 47 97 46 164 46 164 47 97 44 95 46 164 44 95 43 165 43 165 44 95 45 93 43 165 45 93 179 91 43 165 179 91 178 166 178 166 179 91 180 145 178 166 180 145 120 167 120 167 180 145 146 144 120 167 146 144 145 168 145 168 146 144 57 81 145 168 57 81 35 79 145 168 35 79 37 169 37 169 35 79 36 77 37 169 36 77 38 75 37 169 38 75 39 170 39 170 38 75 40 73 39 170 40 73 130 171 130 171 40 73 148 71 130 171 148 71 144 69 130 171 144 69 125 172 125 172 144 69 142 141 125 172 142 141 140 162 125 172 140 162 126 173 126 173 140 162 139 163 126 173 139 163 46 164 126 173 46 164 48 174 48 174 46 164 43 165 48 174 43 165 117 175 117 175 43 165 178 166 117 175 178 166 120 167 117 175 120 167 121 176 121 176 120 167 137 177 121 176 137 177 138 178 138 178 137 177 134 179 134 179 137 177 39 170 134 179 39 170 130 171 134 179 130 171 131 180 131 180 130 171 127 181 127 181 130 171 125 172 127 181 125 172 126 173 127 181 126 173 128 182 128 182 126 173 48 174 128 182 48 174 118 183 118 183 48 174 117 175 118 183 117 175 119 184 119 184 117 175 121 176 137 177 120 167 145 168 137 177 145 168 37 169 137 177 37 169 39 170 95 185 96 186 89 187 88 188 94 189 92 190 92 190 94 189 93 191 92 190 93 191 91 192 91 192 93 191 123 193 91 192 123 193 83 194 83 194 123 193 113 195 83 194 113 195 114 196 114 196 113 195 112 197 114 196 112 197 115 198 114 196 115 198 116 199 116 199 115 198 136 200 116 199 136 200 135 201 135 201 136 200 133 202 135 201 133 202 103 203 103 203 133 202 132 204 103 203 132 204 104 205 103 203 104 205 105 206 105 206 104 205 106 207 105 206 106 207 289 208 289 208 106 207 102 209 289 208 102 209 100 210 100 210 102 209 101 211 100 210 101 211 99 212 100 210 99 212 108 213 108 213 99 212 107 214 108 213 107 214 80 215 80 215 107 214 79 216 80 215 79 216 76 217 76 217 79 216 78 218 76 217 78 218 77 219 76 217 77 219 75 220 75 220 77 219 90 221 75 220 90 221 88 188 88 188 90 221 89 187 88 188 89 187 87 222 87 222 89 187 96 186 87 222 96 186 98 223 87 222 98 223 94 189 94 189 98 223 97 224 94 189 97 224 93 191 93 191 97 224 129 225 93 191 129 225 124 226 93 191 124 226 123 193 123 193 124 226 122 227 123 193 122 227 113 195 113 195 122 227 111 228 113 195 111 228 112 197 88 188 87 222 94 189 114 196 116 199 81 229 114 196 81 229 83 194 100 210 108 213 289 208 289 208 108 213 290 230 289 208 290 230 105 206 105 206 290 230 110 231 105 206 110 231 103 203 103 203 110 231 109 232 103 203 109 232 135 201 135 201 109 232 85 233 135 201 85 233 116 199 116 199 85 233 81 229 81 229 85 233 82 234 81 229 82 234 83 194 83 194 82 234 84 235 83 194 84 235 91 192 91 192 84 235 92 190 92 190 84 235 88 188 88 188 84 235 75 220 84 235 82 234 75 220 75 220 82 234 76 217 80 215 291 236 108 213 108 213 291 236 290 230 290 230 291 236 86 237 290 230 86 237 110 231 110 231 86 237 109 232 109 232 86 237 85 233 85 233 86 237 82 234 82 234 86 237 291 236 82 234 291 236 76 217 76 217 291 236 80 215 2645 238 2646 239 2647 240 2645 238 2647 240 2648 241 2645 238 2648 241 2646 239 2646 239 2648 241 2650 242 2646 239 2650 242 2647 240 2647 240 2650 242 2649 243 2651 244 2650 242 2648 241 2635 245 2636 246 2634 247 2635 245 2634 247 2637 248 2637 248 2634 247 2636 246 2637 248 2636 246 2639 249 2639 249 2636 246 2635 245 2639 249 2635 245 2638 250 2640 251 2637 248 2639 249 2484 252 2169 253 2697 254 2183 255 2178 256 2176 257 2183 255 2176 257 2660 258 2660 258 2176 257 2174 259 2660 258 2174 259 2661 260 2661 260 2174 259 2172 261 2661 260 2172 261 2173 262 2661 260 2173 262 2698 263 2698 263 2173 262 2699 264 2698 263 2699 264 2696 265 2696 265 2699 264 2697 254 2696 265 2697 254 2169 253 2696 265 2169 253 2168 266 2168 266 2169 253 2164 267 2164 267 2169 253 2482 268 2482 268 2169 253 2484 252 2482 268 2484 252 2502 269 2482 268 2502 269 2500 270 2500 270 2502 269 2506 271 2500 270 2506 271 2503 272 2503 272 2506 271 2505 273 2503 272 2505 273 2511 274 2511 274 2505 273 2510 275 2510 275 2505 273 2508 276 2510 275 2508 276 2513 277 2699 264 2173 262 2700 278 2502 269 2519 279 2506 271 2506 271 2519 279 2507 280 2506 271 2507 280 2508 276 2506 271 2508 276 2505 273 2214 281 2700 278 2171 282 2171 282 2700 278 2173 262 2171 282 2173 262 2172 261 2178 256 2179 283 2176 257 2176 257 2179 283 2177 284 2176 257 2177 284 2174 259 2174 259 2177 284 2175 285 2174 259 2175 285 2172 261 2172 261 2175 285 2170 286 2172 261 2170 286 2171 282 2171 282 2170 286 2205 287 2171 282 2205 287 2214 281 2214 281 2205 287 2213 288 2214 281 2213 288 2485 289 2485 289 2213 288 2488 290 2485 289 2488 290 2516 291 2516 291 2488 290 2522 292 2516 291 2522 292 2526 293 2526 293 2522 292 2531 294 2531 294 2522 292 2528 295 2531 294 2528 295 2527 296 2527 296 2528 295 2478 297 2527 296 2478 297 2477 298 2477 298 2478 297 2479 299 2477 298 2479 299 2480 300 2480 300 2479 299 2481 301 2480 300 2481 301 2493 302 2493 302 2481 301 2494 303 2493 302 2494 303 2496 304 2496 304 2494 303 2497 305 2496 304 2497 305 2498 306 2498 306 2497 305 2499 307 2499 307 2497 305 2233 308 2499 307 2233 308 2234 309 2234 309 2233 308 2232 310 2232 310 2233 308 2230 311 2232 310 2230 311 2235 312 2235 312 2230 311 2231 313 2235 312 2231 313 2246 314 2246 314 2231 313 2245 315 2245 315 2231 313 2190 316 2190 316 2231 313 2191 317 2190 316 2191 317 2192 318 2192 318 2191 317 2228 319 2192 318 2228 319 2247 320 2247 320 2228 319 2200 321 2247 320 2200 321 2248 322 2248 322 2200 321 2197 323 2248 322 2197 323 2196 324 2196 324 2197 323 2195 325 2196 324 2195 325 2194 326 2194 326 2195 325 2193 327 2194 326 2193 327 2216 328 2216 328 2193 327 2215 329 2216 328 2215 329 2212 330 2212 330 2215 329 2211 331 2212 330 2211 331 2210 332 2210 332 2211 331 2208 333 2210 332 2208 333 2209 334 2209 334 2208 333 2207 335 2209 334 2207 335 2226 336 2226 336 2207 335 2225 337 2226 336 2225 337 2222 338 2222 338 2225 337 2221 339 2222 338 2221 339 2159 340 2159 340 2221 339 2156 341 2159 340 2156 341 2155 342 2155 342 2156 341 2157 343 2157 343 2156 341 2163 344 2157 343 2163 344 2162 345 2162 345 2163 344 2217 346 2162 345 2217 346 2219 347 2219 347 2217 346 2181 348 2219 347 2181 348 2185 349 2185 349 2181 348 2180 350 2185 349 2180 350 2184 351 2184 351 2180 350 2182 352 2184 351 2182 352 2472 353 2472 353 2182 352 2188 354 2472 353 2188 354 2189 355 2189 355 2188 354 2187 356 2187 356 2188 354 2186 357 2186 357 2188 354 2669 358 2186 357 2669 358 2670 359 2670 359 2669 358 2667 360 2667 360 2669 358 2666 361 2667 360 2666 361 2665 362 2665 362 2666 361 2664 363 2665 362 2664 363 2532 364 2532 364 2664 363 2701 365 2532 364 2701 365 2239 366 2239 366 2701 365 2238 367 2239 366 2238 367 2237 368 2237 368 2238 367 2236 369 2237 368 2236 369 2241 370 2241 370 2236 369 2240 371 2240 371 2236 369 2257 372 2240 371 2257 372 2258 373 2258 373 2257 372 2167 374 2167 374 2257 372 2166 375 2167 374 2166 375 2165 376 2165 376 2166 375 2164 267 2165 376 2164 267 2483 377 2483 377 2164 267 2482 268 2483 377 2482 268 2501 378 2501 378 2482 268 2500 270 2501 378 2500 270 2504 379 2504 379 2500 270 2503 272 2504 379 2503 272 2512 380 2512 380 2503 272 2511 274 2512 380 2511 274 2498 306 2498 306 2511 274 2496 304 2496 304 2511 274 2493 302 2493 302 2511 274 2510 275 2493 302 2510 275 2480 300 2480 300 2510 275 2513 277 2480 300 2513 277 2477 298 2477 298 2513 277 2508 276 2477 298 2508 276 2529 381 2529 381 2508 276 2507 280 2529 381 2507 280 2530 382 2530 382 2507 280 2518 383 2518 383 2507 280 2519 279 2518 383 2519 279 2517 384 2517 384 2519 279 2521 385 2521 385 2519 279 2502 269 2521 385 2502 269 2509 386 2509 386 2502 269 2484 252 2509 386 2484 252 2520 387 2520 387 2484 252 2697 254 2520 387 2697 254 2704 388 2704 388 2697 254 2699 264 2704 388 2699 264 2705 389 2705 389 2699 264 2700 278 2705 389 2700 278 2487 390 2487 390 2700 278 2214 281 2487 390 2214 281 2485 289 2487 390 2485 289 2486 391 2486 391 2485 289 2516 291 2486 391 2516 291 2523 392 2523 392 2516 291 2526 293 2530 382 2531 294 2529 381 2529 381 2531 294 2527 296 2529 381 2527 296 2477 298 2257 372 2236 369 2238 367 2166 375 2257 372 2702 393 2702 393 2257 372 2238 367 2702 393 2238 367 2701 365 2164 267 2166 375 2168 266 2168 266 2166 375 2702 393 2168 266 2702 393 2696 265 2696 265 2702 393 2701 365 2696 265 2701 365 2698 263 2698 263 2701 365 2664 363 2698 263 2664 363 2661 260 2661 260 2664 363 2666 361 2661 260 2666 361 2660 258 2660 258 2666 361 2669 358 2660 258 2669 358 2183 255 2183 255 2669 358 2188 354 2183 255 2188 354 2182 352 2183 255 2182 352 2180 350 2183 255 2180 350 2178 256 2178 256 2180 350 2181 348 2178 256 2181 348 2179 283 2179 283 2181 348 2217 346 2179 283 2217 346 2218 394 2218 394 2217 346 2163 344 2218 394 2163 344 2220 395 2220 395 2163 344 2156 341 2220 395 2156 341 2221 339 2220 395 2221 339 2224 396 2224 396 2221 339 2225 337 2224 396 2225 337 2203 397 2203 397 2225 337 2207 335 2203 397 2207 335 2204 398 2204 398 2207 335 2208 333 2204 398 2208 333 2206 399 2206 399 2208 333 2211 331 2206 399 2211 331 2215 329 2206 399 2215 329 2213 288 2213 288 2215 329 2488 290 2488 290 2215 329 2193 327 2488 290 2193 327 2489 400 2489 400 2193 327 2195 325 2489 400 2195 325 2490 401 2490 401 2195 325 2198 402 2490 401 2198 402 2491 403 2491 403 2198 402 2199 404 2491 403 2199 404 2492 405 2492 405 2199 404 2227 406 2492 405 2227 406 2229 407 2229 407 2227 406 2191 317 2229 407 2191 317 2231 313 2229 407 2231 313 2230 311 2229 407 2230 311 2495 408 2495 408 2230 311 2233 308 2495 408 2233 308 2497 305 2495 408 2497 305 2494 303 2495 408 2494 303 2481 301 2495 408 2481 301 2492 405 2492 405 2481 301 2491 403 2491 403 2481 301 2479 299 2491 403 2479 299 2490 401 2490 401 2479 299 2478 297 2490 401 2478 297 2528 295 2490 401 2528 295 2489 400 2489 400 2528 295 2522 292 2489 400 2522 292 2488 290 2229 407 2495 408 2492 405 2228 319 2191 317 2227 406 2228 319 2227 406 2200 321 2200 321 2227 406 2199 404 2200 321 2199 404 2197 323 2197 323 2199 404 2198 402 2197 323 2198 402 2195 325 2179 283 2218 394 2177 284 2177 284 2218 394 2223 409 2177 284 2223 409 2175 285 2175 285 2223 409 2201 410 2175 285 2201 410 2170 286 2170 286 2201 410 2202 411 2170 286 2202 411 2205 287 2205 287 2202 411 2206 399 2205 287 2206 399 2213 288 2218 394 2220 395 2223 409 2223 409 2220 395 2224 396 2223 409 2224 396 2201 410 2201 410 2224 396 2203 397 2201 410 2203 397 2202 411 2202 411 2203 397 2204 398 2202 411 2204 398 2206 399 2524 412 2521 385 2509 386 2524 412 2509 386 2525 413 2525 413 2509 386 2520 387 2525 413 2520 387 2703 414 2703 414 2520 387 2704 388 2703 414 2704 388 2706 415 2706 415 2704 388 2705 389 2706 415 2705 389 2514 416 2514 416 2705 389 2487 390 2514 416 2487 390 2515 417 2515 417 2487 390 2486 391 2515 417 2486 391 2523 392 2248 322 2196 324 2249 418 2249 418 2196 324 2194 326 2249 418 2194 326 2250 419 2250 419 2194 326 2216 328 2250 419 2216 328 2254 420 2254 420 2216 328 2251 421 2251 421 2216 328 2212 330 2251 421 2212 330 2252 422 2252 422 2212 330 2210 332 2252 422 2210 332 2253 423 2253 423 2210 332 2209 334 2253 423 2209 334 2255 424 2255 424 2209 334 2226 336 2255 424 2226 336 2256 425 2256 425 2226 336 2222 338 2256 425 2222 338 2161 426 2161 426 2222 338 2159 340 2161 426 2159 340 2160 427 2160 427 2159 340 2158 428 2158 428 2159 340 2155 342 2241 370 2244 429 2237 368 2237 368 2244 429 2242 430 2237 368 2242 430 2239 366 2239 366 2242 430 2243 431 2239 366 2243 431 2532 364 2532 364 2243 431 2665 362 2665 362 2243 431 2668 432 2473 433 2243 431 2474 434 2474 434 2243 431 2242 430 2475 435 2242 430 2476 436 2476 436 2242 430 2244 429 2688 437 1788 438 1787 439 2657 440 1801 441 1808 442 1808 442 1801 441 1804 443 1804 443 1801 441 1803 444 1803 444 1801 441 1799 445 1803 444 1799 445 1802 446 1802 446 1799 445 1798 447 1802 446 1798 447 1839 448 1839 448 1798 447 1838 449 1838 449 1798 447 1796 450 1796 450 1798 447 1797 451 1796 450 1797 451 1795 452 1795 452 1797 451 1800 453 1795 452 1800 453 2656 454 2656 454 1800 453 2679 455 2656 454 2679 455 2678 456 2656 454 2678 456 2690 457 2690 457 2678 456 2691 458 2690 457 2691 458 2688 437 2688 437 2691 458 1879 459 2688 437 1879 459 1788 438 1788 438 1879 459 1785 460 1788 438 1785 460 1786 461 1788 438 1786 461 1787 439 1787 439 1786 461 2105 462 1798 447 1799 445 1797 451 1797 451 1799 445 1801 441 1797 451 1801 441 1800 453 1800 453 1801 441 2657 440 1800 453 2657 440 2679 455 1878 463 1785 460 1879 459 1781 464 1839 448 1838 449 1860 465 1878 463 1859 466 1859 466 1878 463 1879 459 1859 466 1879 459 2691 458 1818 467 1819 468 1821 469 1821 469 1819 468 2113 470 1821 469 2113 470 2115 471 2115 471 2113 470 2103 472 2115 471 2103 472 2118 473 2118 473 2103 472 2116 474 2118 473 2116 474 2119 475 2119 475 2116 474 2120 476 2119 475 2120 476 2122 477 2122 477 2120 476 2134 478 2122 477 2134 478 2135 479 2135 479 2134 478 2127 480 2135 479 2127 480 2126 481 2126 481 2127 480 2124 482 2126 481 2124 482 2123 483 2123 483 2124 482 2105 462 2123 483 2105 462 2104 484 2104 484 2105 462 1786 461 2104 484 1786 461 1784 485 1784 485 1786 461 1785 460 1784 485 1785 460 1783 486 1783 486 1785 460 1878 463 1783 486 1878 463 1880 487 1880 487 1878 463 1862 488 1862 488 1878 463 1860 465 1862 488 1860 465 1861 489 1861 489 1860 465 1858 490 1858 490 1860 465 1859 466 1858 490 1859 466 1857 491 1857 491 1859 466 2691 458 1857 491 2691 458 2154 492 2154 492 2691 458 2678 456 2154 492 2678 456 2680 493 2680 493 2678 456 2679 455 2680 493 2679 455 2681 494 2681 494 2679 455 2657 440 2681 494 2657 440 2658 495 2658 495 2657 440 1807 496 1807 496 2657 440 1808 442 1807 496 1808 442 1809 497 1809 497 1808 442 1810 498 1810 498 1808 442 2094 499 2094 499 1808 442 1804 443 2094 499 1804 443 1806 500 1806 500 1804 443 1803 444 1806 500 1803 444 1805 501 1805 501 1803 444 1802 446 1805 501 1802 446 1840 502 1840 502 1802 446 1839 448 1840 502 1839 448 1782 503 1782 503 1839 448 1781 464 1782 503 1781 464 1775 504 1775 504 1781 464 1776 505 1775 504 1776 505 1774 506 1774 506 1776 505 1777 507 1774 506 1777 507 1778 508 1778 508 1777 507 1780 509 1780 509 1777 507 1779 510 1779 510 1777 507 1843 511 1779 510 1843 511 1877 512 1877 512 1843 511 1847 513 1877 512 1847 513 1876 514 1876 514 1847 513 1831 515 1876 514 1831 515 1874 516 1874 516 1831 515 1830 517 1874 516 1830 517 1872 518 1872 518 1830 517 1833 519 1872 518 1833 519 1873 520 1873 520 1833 519 1837 521 1873 520 1837 521 1875 522 1875 522 1837 521 1871 523 1871 523 1837 521 1815 524 1815 524 1837 521 1817 525 1815 524 1817 525 1816 526 1816 526 1817 525 2110 527 1816 526 2110 527 2112 528 2112 528 2110 527 2149 529 2112 528 2149 529 2101 530 2101 530 2149 529 2150 531 2101 530 2150 531 2099 532 2099 532 2150 531 2151 533 2099 532 2151 533 2130 534 2130 534 2151 533 2131 535 2130 534 2131 535 2128 536 2128 536 2131 535 2141 537 2128 536 2141 537 2125 538 2125 538 2141 537 2143 539 2125 538 2143 539 2132 540 2132 540 2143 539 2148 541 2132 540 2148 541 2693 542 2132 540 2693 542 2692 543 2692 543 2693 542 2694 544 2692 543 2694 544 2695 545 2695 545 2694 544 2147 546 2695 545 2147 546 2114 547 2114 547 2147 546 2137 548 2114 547 2137 548 2108 549 2108 549 2137 548 2138 550 2108 549 2138 550 2109 551 2109 551 2138 550 2145 552 2109 551 2145 552 2139 553 2139 553 2145 552 2146 554 2139 553 2146 554 2144 555 2144 555 2146 554 2153 556 2144 555 2153 556 2149 529 2149 529 2153 556 2150 531 2150 531 2153 556 2151 533 2151 533 2153 556 2152 557 2151 533 2152 557 2131 535 2131 535 2152 557 2142 558 2131 535 2142 558 2141 537 2141 537 2142 558 2140 559 2141 537 2140 559 2143 539 2139 553 2144 555 2111 560 2116 474 2103 472 2117 561 2116 474 2117 561 2120 476 2120 476 2117 561 2134 478 2099 532 2130 534 2136 562 1853 563 2118 473 2119 475 1870 564 1871 523 1815 524 1870 564 1815 524 1814 565 1814 565 1815 524 1816 526 1814 565 1816 526 1818 467 1818 467 1816 526 1819 468 1819 468 1816 526 2112 528 1819 468 2112 528 2113 470 2113 470 2112 528 2100 566 2113 470 2100 566 2103 472 2103 472 2100 566 2102 567 2103 472 2102 567 2117 561 2117 561 2102 567 2133 568 2117 561 2133 568 2134 478 2134 478 2133 568 2129 569 2134 478 2129 569 2127 480 2127 480 2129 569 2128 536 2127 480 2128 536 2124 482 2124 482 2128 536 2125 538 2124 482 2125 538 2105 462 2105 462 2125 538 2106 570 2105 462 2106 570 1787 439 1787 439 2106 570 2687 571 1787 439 2687 571 2688 437 2688 437 2687 571 2689 572 2688 437 2689 572 2690 457 2690 457 2689 572 1791 573 2690 457 1791 573 2656 454 2656 454 1791 573 1793 574 2656 454 1793 574 1795 452 1795 452 1793 574 1794 575 1795 452 1794 575 1796 450 1796 450 1794 575 1844 576 1796 450 1844 576 1838 449 1838 449 1844 576 1841 577 1838 449 1841 577 1781 464 1781 464 1841 577 1776 505 1776 505 1841 577 1842 578 1776 505 1842 578 1777 507 1777 507 1842 578 1843 511 1843 511 1842 578 1846 579 1843 511 1846 579 1847 513 1847 513 1846 579 1829 580 1847 513 1829 580 1831 515 1831 515 1829 580 1828 581 1831 515 1828 581 1830 517 1830 517 1828 581 1832 582 1830 517 1832 582 1833 519 1833 519 1832 582 1836 583 1833 519 1836 583 1837 521 1837 521 1836 583 1817 525 1817 525 1836 583 2111 560 1817 525 2111 560 2110 527 2110 527 2111 560 2144 555 2110 527 2144 555 2149 529 2128 536 2129 569 2130 534 2130 534 2129 569 2133 568 2130 534 2133 568 2136 562 2136 562 2133 568 2102 567 2136 562 2102 567 2099 532 2099 532 2102 567 2100 566 2099 532 2100 566 2101 530 2101 530 2100 566 2112 528 2695 545 2114 547 2689 572 2695 545 2689 572 2687 571 2695 545 2687 571 2692 543 2692 543 2687 571 2106 570 2692 543 2106 570 2132 540 2132 540 2106 570 2125 538 2114 547 2108 549 1789 584 2114 547 1789 584 2689 572 2689 572 1789 584 1791 573 1870 564 1814 565 1869 585 1869 585 1814 565 1818 467 1869 585 1818 467 1820 586 1820 586 1818 467 1821 469 1820 586 1821 469 1849 587 1849 587 1821 469 2115 471 1849 587 2115 471 1850 588 1850 588 2115 471 2118 473 1850 588 2118 473 1852 589 1852 589 2118 473 1853 563 1852 589 1853 563 1854 590 1854 590 1853 563 1855 591 1855 591 1853 563 2121 592 2121 592 1853 563 2119 475 2121 592 2119 475 2122 477 1868 593 1869 585 1820 586 1868 593 1820 586 1848 594 1848 594 1820 586 1849 587 1848 594 1849 587 1813 595 1813 595 1849 587 1850 588 1813 595 1850 588 1851 596 1851 596 1850 588 1852 589 1851 596 1852 589 1856 597 1856 597 1852 589 1854 590 1868 593 1848 594 1812 598 1812 598 1848 594 1813 595 1812 598 1813 595 1811 599 1811 599 1813 595 1851 596 1811 599 1851 596 1866 600 1866 600 1851 596 1867 601 1867 601 1851 596 1856 597 2109 551 2107 602 2108 549 2108 549 2107 602 1834 603 2108 549 1834 603 1789 584 1789 584 1834 603 1790 604 1789 584 1790 604 1791 573 1791 573 1790 604 1793 574 1793 574 1790 604 1792 605 1793 574 1792 605 1794 575 1794 575 1792 605 1823 606 1794 575 1823 606 1844 576 1844 576 1823 606 1845 607 1844 576 1845 607 1841 577 1841 577 1845 607 1842 578 1842 578 1845 607 1846 579 1846 579 1845 607 1825 608 1846 579 1825 608 1829 580 1829 580 1825 608 1824 609 1829 580 1824 609 1828 581 1828 581 1824 609 1827 610 1828 581 1827 610 1832 582 1832 582 1827 610 1836 583 1836 583 1827 610 1835 611 1836 583 1835 611 2111 560 2111 560 1835 611 2107 602 2111 560 2107 602 2139 553 2139 553 2107 602 2109 551 1825 608 1845 607 1823 606 1825 608 1823 606 1822 612 1822 612 1823 606 1792 605 1822 612 1792 605 1826 613 1826 613 1792 605 1790 604 1826 613 1790 604 1834 603 1826 613 1834 603 1835 611 1835 611 1834 603 2107 602 1824 609 1825 608 1822 612 1824 609 1822 612 1827 610 1827 610 1822 612 1826 613 1827 610 1826 613 1835 611 1857 491 2154 492 1863 614 1863 614 2154 492 2680 493 1863 614 2680 493 2682 615 1865 616 1861 489 1858 490 1865 616 1858 490 1864 617 1864 617 1858 490 1857 491 1864 617 1857 491 1863 614 1864 617 1863 614 2095 618 2095 618 1863 614 2096 619 1865 616 1864 617 2097 620 2097 620 1864 617 2098 621 2585 622 2586 623 2674 624 2674 624 2586 623 2592 625 2674 624 2592 625 2598 626 2598 626 2663 627 2671 628 2671 628 2663 627 2675 629 2596 630 2591 631 2593 632 2596 630 2593 632 2597 633 2597 633 2593 632 2601 634 2597 633 2601 634 2608 635 2608 635 2601 634 2606 636 2608 635 2606 636 2589 637 2589 637 2606 636 2590 638 2589 637 2590 638 2580 639 2589 637 2580 639 2579 640 2579 640 2580 639 2581 641 2579 640 2581 641 2672 642 2579 640 2672 642 2662 643 2662 643 2672 642 2673 644 2662 643 2673 644 2663 627 2662 643 2663 627 2596 630 2596 630 2663 627 2598 626 2596 630 2598 626 2591 631 2591 631 2598 626 2592 625 2591 631 2592 625 2593 632 2593 632 2592 625 2586 623 2593 632 2586 623 2584 645 2584 645 2586 623 2585 622 2584 645 2585 622 2583 646 2584 645 2583 646 2588 647 2588 647 2583 646 2587 648 2596 630 2597 633 2662 643 2662 643 2597 633 2608 635 2662 643 2608 635 2589 637 2662 643 2589 637 2579 640 2580 639 2582 649 2581 641 2588 647 2595 650 2584 645 2584 645 2595 650 2594 651 2584 645 2594 651 2593 632 2593 632 2594 651 2601 634 2601 634 2594 651 2600 652 2601 634 2600 652 2605 653 2601 634 2605 653 2606 636 2606 636 2605 653 2590 638 2595 650 2600 652 2594 651 2623 654 2624 655 2625 656 2623 654 2625 656 2626 657 2623 654 2626 657 2624 655 2624 655 2626 657 2628 658 2624 655 2628 658 2625 656 2625 656 2628 658 2627 659 2629 660 2628 658 2626 657 2574 661 2578 662 2607 663 2574 661 2607 663 2602 664 2602 664 2607 663 2569 665 2569 665 2607 663 2562 666 2575 667 2604 668 2599 669 2575 667 2599 669 2576 670 2575 667 2576 670 2572 671 2572 671 2576 670 2564 672 2572 671 2564 672 2563 673 2563 673 2564 672 2565 674 2563 673 2565 674 2685 675 2563 673 2685 675 2571 676 2571 676 2685 675 2676 677 2571 676 2676 677 2573 678 2573 678 2676 677 2578 662 2573 678 2578 662 2572 671 2572 671 2578 662 2574 661 2572 671 2574 661 2575 667 2575 667 2574 661 2602 664 2575 667 2602 664 2603 679 2603 679 2602 664 2569 665 2603 679 2569 665 2570 680 2570 680 2569 665 2560 681 2560 681 2569 665 2562 666 2560 681 2562 666 2561 682 2561 682 2562 666 2659 683 2659 683 2562 666 2607 663 2659 683 2607 663 2684 684 2684 684 2607 663 2677 685 2677 685 2607 663 2578 662 2677 685 2578 662 2676 677 2677 685 2676 677 2683 686 2677 685 2683 686 2686 687 2563 673 2571 676 2572 671 2572 671 2571 676 2573 678 2570 680 2604 668 2603 679 2603 679 2604 668 2575 667 2559 688 2560 681 2561 682 2564 672 2566 689 2565 674 2599 669 2577 690 2576 670 2576 670 2577 690 2564 672 2564 672 2577 690 2567 691 2564 672 2567 691 2566 689 2566 689 2567 691 2568 692 2540 693 2541 694 2539 695 2540 693 2539 695 2538 696 2538 696 2539 695 2537 697 2538 696 2537 697 2542 698 2542 698 2537 697 2536 699 2536 699 2537 697 2534 700 2536 699 2534 700 2533 701 2533 701 2534 700 2535 702 2535 702 2534 700 2556 703 2556 703 2534 700 2554 704 2554 704 2534 700 2555 705 2652 706 2653 707 2654 708 2654 708 2653 707 2655 709 2641 710 2642 711 2643 712 2643 712 2642 711 2644 713 2630 714 2631 715 2632 716 2632 716 2631 715 2633 717 2620 718 2621 719 2614 720 2613 721 2614 720 2615 722 2615 722 2614 720 2621 719 2615 722 2621 719 2616 723 2616 723 2621 719 2622 724 2613 721 2615 722 2616 723 2617 725 2618 726 2610 727 2609 728 2610 727 2611 729 2611 729 2610 727 2618 726 2611 729 2618 726 2612 730 2612 730 2618 726 2619 731 2609 728 2611 729 2612 730 2551 732 2552 733 2549 734 2549 734 2552 733 2550 735 2549 734 2550 735 2547 736 2547 736 2550 735 2548 737 2547 736 2548 737 2546 738 2547 736 2546 738 2543 739 2543 739 2546 738 2553 740 2543 739 2553 740 2558 741 2543 739 2558 741 2557 742 2543 739 2557 742 2544 743 2543 739 2544 743 2545 744 2416 745 2417 746 2418 747 2416 745 2418 747 2461 748 2461 748 2418 747 2422 749 2422 749 2418 747 2419 750 2422 749 2419 750 2423 751 2417 746 2419 750 2418 747 2308 752 2311 753 2326 754 2326 754 2311 753 2455 755 2326 754 2455 755 2457 756 2457 756 2455 755 2458 757 2458 757 2455 755 2456 758 2456 758 2455 755 2453 759 2456 758 2453 759 2454 760 2454 760 2453 759 2425 761 2454 760 2425 761 2426 762 2426 762 2425 761 2424 763 2424 763 2425 761 2423 751 2424 763 2423 751 2420 764 2420 764 2423 751 2419 750 2420 764 2419 750 2421 765 2421 765 2419 750 2417 746 2421 765 2417 746 2442 766 2442 766 2417 746 2416 745 2442 766 2416 745 2440 767 2440 767 2416 745 2441 768 2441 768 2416 745 2461 748 2441 768 2461 748 2316 769 2316 769 2461 748 2314 770 2314 770 2461 748 2422 749 2314 770 2422 749 2312 771 2312 771 2422 749 2423 751 2312 771 2423 751 2425 761 2312 771 2425 761 2453 759 2312 771 2453 759 2311 753 2311 753 2453 759 2455 755 2443 772 2421 765 2442 766 2326 754 2457 756 2327 773 2326 754 2327 773 2308 752 2308 752 2327 773 2307 774 2436 775 2443 772 2433 776 2433 776 2443 772 2442 766 2433 776 2442 766 2440 767 2300 777 2298 778 2299 779 2300 777 2299 779 2452 780 2452 780 2299 779 2447 781 2452 780 2447 781 2467 782 2467 782 2447 781 2465 783 2465 783 2447 781 2446 784 2465 783 2446 784 2464 785 2464 785 2446 784 2448 786 2464 785 2448 786 2463 787 2463 787 2448 786 2460 788 2463 787 2460 788 2466 789 2466 789 2460 788 2323 790 2466 789 2323 790 2462 791 2462 791 2323 790 2324 792 2324 792 2323 790 2325 793 2324 792 2325 793 2304 794 2304 794 2325 793 2302 795 2304 794 2302 795 2303 796 2304 794 2303 796 2305 797 2305 797 2303 796 2307 774 2307 774 2303 796 2306 798 2307 774 2306 798 2308 752 2308 752 2306 798 2309 799 2308 752 2309 799 2310 800 2308 752 2310 800 2311 753 2311 753 2310 800 2313 801 2311 753 2313 801 2312 771 2312 771 2313 801 2315 802 2312 771 2315 802 2314 770 2314 770 2315 802 2317 803 2314 770 2317 803 2316 769 2316 769 2317 803 2319 804 2316 769 2319 804 2441 768 2441 768 2319 804 2439 805 2441 768 2439 805 2440 767 2440 767 2439 805 2431 806 2440 767 2431 806 2433 776 2433 776 2431 806 2432 807 2433 776 2432 807 2436 775 2436 775 2432 807 2435 808 2435 808 2432 807 2437 809 2437 809 2432 807 2434 810 2437 809 2434 810 2451 811 2451 811 2434 810 2450 812 2451 811 2450 812 2469 813 2469 813 2450 812 2468 814 2468 814 2450 812 2449 815 2468 814 2449 815 2452 780 2452 780 2449 815 2300 777 2300 777 2449 815 2427 816 2300 777 2427 816 2301 817 2301 817 2427 816 2428 818 2301 817 2428 818 2429 819 2429 819 2428 818 2431 806 2429 819 2431 806 2439 805 2429 819 2439 805 2438 820 2438 820 2439 805 2319 804 2438 820 2319 804 2321 821 2321 821 2319 804 2318 822 2321 821 2318 822 2320 823 2321 821 2320 823 2323 790 2323 790 2320 823 2322 824 2323 790 2322 824 2325 793 2318 822 2319 804 2317 803 2467 782 2468 814 2452 780 2449 815 2450 812 2427 816 2427 816 2450 812 2434 810 2427 816 2434 810 2428 818 2428 818 2434 810 2432 807 2428 818 2432 807 2431 806 2323 790 2460 788 2321 821 2321 821 2460 788 2459 825 2321 821 2459 825 2438 820 2438 820 2459 825 2430 826 2438 820 2430 826 2429 819 2429 819 2430 826 2298 778 2429 819 2298 778 2301 817 2301 817 2298 778 2300 777 2444 827 2298 778 2430 826 2444 827 2430 826 2445 828 2445 828 2430 826 2459 825 2445 828 2459 825 2460 788 2445 828 2460 788 2448 786 2445 828 2448 786 2446 784 2445 828 2446 784 2444 827 2444 827 2446 784 2447 781 2444 827 2447 781 2299 779 2444 827 2299 779 2298 778 2471 829 2470 830 2469 813 2469 813 2470 830 2451 811 2407 831 2410 832 2370 833 2370 833 2410 832 2371 834 2371 834 2410 832 2413 835 2413 835 2410 832 2414 836 2414 836 2410 832 2412 837 2414 836 2412 837 2415 838 2410 832 2407 831 2412 837 2365 839 2364 840 2361 841 2361 841 2364 840 2415 838 2361 841 2415 838 2411 842 2411 842 2415 838 2412 837 2411 842 2412 837 2408 843 2408 843 2412 837 2407 831 2408 843 2407 831 2368 844 2368 844 2407 831 2370 833 2368 844 2370 833 2369 845 2369 845 2370 833 2372 846 2372 846 2370 833 2371 834 2372 846 2371 834 2380 847 2380 847 2371 834 2413 835 2380 847 2413 835 2381 848 2381 848 2413 835 2414 836 2381 848 2414 836 2398 849 2398 849 2414 836 2415 838 2398 849 2415 838 2400 850 2400 850 2415 838 2364 840 2400 850 2364 840 2350 851 2350 851 2364 840 2365 839 2350 851 2365 839 2348 852 2348 852 2365 839 2366 853 2348 852 2366 853 2346 854 2346 854 2366 853 2265 855 2346 854 2265 855 2268 856 2268 856 2265 855 2267 857 2268 856 2267 857 2269 858 2269 858 2267 857 2293 859 2293 859 2267 857 2294 860 2294 860 2267 857 2266 861 2294 860 2266 861 2295 862 2295 862 2266 861 2296 863 2296 863 2266 861 2264 864 2296 863 2264 864 2297 865 2297 865 2264 864 2262 866 2297 865 2262 866 2285 867 2285 867 2262 866 2260 868 2285 867 2260 868 2286 869 2286 869 2260 868 2283 870 2286 869 2283 870 2287 871 2287 871 2283 870 2282 872 2287 871 2282 872 2288 873 2288 873 2282 872 2279 874 2288 873 2279 874 2277 875 2277 875 2279 874 2278 876 2277 875 2278 876 2276 877 2276 877 2278 876 2341 878 2276 877 2341 878 2356 879 2356 879 2341 878 2352 880 2356 879 2352 880 2354 881 2354 881 2352 880 2355 882 2355 882 2352 880 2353 883 2355 882 2353 883 2405 884 2405 884 2353 883 2395 885 2405 884 2395 885 2396 886 2396 886 2395 885 2393 887 2396 886 2393 887 2390 888 2390 888 2393 887 2389 889 2390 888 2389 889 2373 890 2373 890 2389 889 2376 891 2373 890 2376 891 2367 892 2367 892 2376 891 2384 893 2367 892 2384 893 2383 894 2383 894 2384 893 2385 895 2383 894 2385 895 2409 896 2409 896 2385 895 2358 897 2409 896 2358 897 2361 841 2361 841 2358 897 2359 898 2361 841 2359 898 2362 899 2362 899 2359 898 2360 900 2362 899 2360 900 2363 901 2363 901 2360 900 2261 902 2363 901 2261 902 2263 903 2263 903 2261 902 2262 866 2263 903 2262 866 2264 864 2263 903 2264 864 2265 855 2265 855 2264 864 2266 861 2265 855 2266 861 2267 857 2361 841 2362 899 2365 839 2365 839 2362 899 2363 901 2365 839 2363 901 2366 853 2366 853 2363 901 2263 903 2366 853 2263 903 2265 855 2361 841 2411 842 2409 896 2409 896 2411 842 2408 843 2409 896 2408 843 2383 894 2383 894 2408 843 2368 844 2383 894 2368 844 2367 892 2367 892 2368 844 2369 845 2367 892 2369 845 2373 890 2373 890 2369 845 2374 904 2373 890 2374 904 2390 888 2390 888 2374 904 2397 905 2390 888 2397 905 2396 886 2396 886 2397 905 2404 906 2396 886 2404 906 2405 884 2405 884 2404 906 2406 907 2405 884 2406 907 2355 882 2274 908 2276 877 2356 879 2380 847 2381 848 2382 909 2380 847 2382 909 2372 846 2395 885 2391 910 2393 887 2277 875 2276 877 2275 911 2275 911 2276 877 2274 908 2275 911 2274 908 2272 912 2272 912 2274 908 2273 913 2273 913 2274 908 2357 914 2357 914 2274 908 2356 879 2357 914 2356 879 2354 881 2352 880 2341 878 2338 915 2352 880 2338 915 2353 883 2353 883 2338 915 2337 916 2353 883 2337 916 2395 885 2395 885 2337 916 2391 910 2391 910 2337 916 2339 917 2339 917 2337 916 2338 915 2339 917 2338 915 2340 918 2340 918 2338 915 2342 919 2342 919 2338 915 2341 878 2342 919 2341 878 2278 876 2288 873 2277 875 2289 920 2289 920 2277 875 2275 911 2289 920 2275 911 2290 921 2290 921 2275 911 2272 912 2290 921 2272 912 2291 922 2291 922 2272 912 2271 923 2271 923 2272 912 2273 913 2271 923 2292 924 2291 922 2283 870 2284 925 2282 872 2282 872 2284 925 2281 926 2282 872 2281 926 2279 874 2279 874 2281 926 2280 927 2279 874 2280 927 2278 876 2278 876 2280 927 2342 919 2342 919 2280 927 2345 928 2342 919 2345 928 2340 918 2340 918 2345 928 2343 929 2340 918 2343 929 2339 917 2339 917 2343 929 2344 930 2339 917 2344 930 2391 910 2391 910 2344 930 2392 931 2391 910 2392 931 2393 887 2393 887 2392 931 2394 932 2393 887 2394 932 2389 889 2389 889 2394 932 2376 891 2376 891 2394 932 2388 933 2376 891 2388 933 2384 893 2384 893 2388 933 2386 934 2384 893 2386 934 2385 895 2385 895 2386 934 2336 935 2385 895 2336 935 2358 897 2358 897 2336 935 2334 936 2358 897 2334 936 2359 898 2359 898 2334 936 2335 937 2359 898 2335 937 2360 900 2360 900 2335 937 2259 938 2360 900 2259 938 2261 902 2261 902 2259 938 2260 868 2261 902 2260 868 2262 866 2330 939 2334 936 2336 935 2330 939 2336 935 2328 940 2328 940 2336 935 2386 934 2328 940 2386 934 2387 941 2387 941 2386 934 2388 933 2387 941 2388 933 2394 932 2387 941 2394 932 2392 931 2387 941 2392 931 2329 942 2329 942 2392 931 2344 930 2329 942 2344 930 2331 943 2331 943 2344 930 2343 929 2331 943 2343 929 2345 928 2331 943 2345 928 2332 944 2332 944 2345 928 2280 927 2332 944 2280 927 2281 926 2332 944 2281 926 2333 945 2333 945 2281 926 2284 925 2333 945 2284 925 2335 937 2335 937 2284 925 2259 938 2259 938 2284 925 2283 870 2259 938 2283 870 2260 868 2387 941 2329 942 2328 940 2328 940 2329 942 2330 939 2330 939 2329 942 2331 943 2330 939 2331 943 2332 944 2330 939 2332 944 2333 945 2330 939 2333 945 2334 936 2334 936 2333 945 2335 937 2369 845 2375 946 2374 904 2374 904 2375 946 2377 947 2374 904 2377 947 2397 905 2397 905 2377 947 2379 948 2397 905 2379 948 2404 906 2404 906 2379 948 2403 949 2404 906 2403 949 2406 907 2375 946 2378 950 2377 947 2377 947 2378 950 2379 948 2379 948 2378 950 2402 951 2379 948 2402 951 2403 949 2269 858 2270 952 2268 856 2268 856 2270 952 2346 854 2346 854 2270 952 2347 953 2346 854 2347 953 2348 852 2348 852 2347 953 2349 954 2348 852 2349 954 2351 955 2348 852 2351 955 2350 851 2350 851 2351 955 2401 956 2350 851 2401 956 2400 850 2400 850 2401 956 2399 957 2400 850 2399 957 2398 849 2398 849 2399 957 2381 848 2032 958 2030 959 1992 960 1992 960 2030 959 1991 961 1991 961 2030 959 2029 962 2029 962 2030 959 2033 963 2029 962 2033 963 2034 964 2034 964 2033 963 2036 965 2036 965 2033 963 2037 966 2036 965 2037 966 2021 967 2036 965 2021 967 2023 968 2030 959 2032 958 2033 963 2033 963 2032 958 2037 966 1883 969 1881 970 1882 971 1882 971 1881 970 1908 972 1882 971 1908 972 1907 973 1882 971 1907 973 1905 974 1905 974 1907 973 1909 975 1905 974 1909 975 1903 976 1903 976 1909 975 1910 977 1903 976 1910 977 1901 978 1901 978 1910 977 1900 979 1901 978 1900 979 1899 980 1899 980 1900 979 1897 981 1899 980 1897 981 1963 982 1963 982 1897 981 1978 983 1963 982 1978 983 1974 984 1974 984 1978 983 1976 985 1974 984 1976 985 1977 986 1974 984 1977 986 1975 987 1975 987 1977 986 2027 988 1975 987 2027 988 2017 989 2017 989 2027 988 2018 990 2017 989 2018 990 2014 991 2014 991 2018 990 2011 992 2014 991 2011 992 2012 993 2012 993 2011 992 1997 994 2012 993 1997 994 1998 995 1998 995 1997 994 1989 996 1998 995 1989 996 2005 997 2005 997 1989 996 2006 998 2005 997 2006 998 2008 999 2008 999 2006 998 2031 1000 2008 999 2031 1000 1980 1001 1980 1001 2031 1000 1983 1002 1980 1001 1983 1002 1981 1003 1981 1003 1983 1002 1984 1004 1981 1003 1984 1004 1982 1005 1982 1005 1984 1004 1985 1006 1982 1005 1985 1006 1883 969 1883 969 1985 1006 1886 1007 1883 969 1886 1007 1881 970 1881 970 1886 1007 1885 1008 1881 970 1885 1008 1919 1009 1919 1009 1885 1008 1918 1010 1918 1010 1885 1008 1887 1011 1918 1010 1887 1011 1917 1012 1917 1012 1887 1011 1915 1013 1915 1013 1887 1011 1889 1014 1915 1013 1889 1014 1916 1015 1916 1015 1889 1014 1892 1016 1892 1016 1889 1014 1890 1017 1892 1016 1890 1017 1891 1018 1891 1018 1890 1017 1968 1019 1891 1018 1968 1019 1970 1020 1970 1020 1968 1019 1969 1021 1970 1020 1969 1021 1971 1022 1971 1022 1969 1021 1972 1023 1972 1023 1969 1021 1973 1024 1972 1023 1973 1024 2022 1025 2022 1025 1973 1024 2023 968 2022 1025 2023 968 2020 1026 2020 1026 2023 968 2021 967 2020 1026 2021 967 2004 1027 2004 1027 2021 967 2037 966 2004 1027 2037 966 2035 1028 2035 1028 2037 966 2032 958 2035 1028 2032 958 1993 1029 1993 1029 2032 958 1992 960 1993 1029 1992 960 1994 1030 1994 1030 1992 960 1990 1031 1990 1031 1992 960 1991 961 1990 1031 1991 961 1989 996 1989 996 1991 961 2006 998 2006 998 1991 961 2029 962 2006 998 2029 962 2031 1000 2031 1000 2029 962 2034 964 2031 1000 2034 964 1983 1002 1983 1002 2034 964 2036 965 1983 1002 2036 965 1986 1032 1986 1032 2036 965 2023 968 1986 1032 2023 968 1973 1024 1986 1032 1973 1024 1987 1033 1987 1033 1973 1024 1969 1021 1987 1033 1969 1021 1988 1034 1988 1034 1969 1021 1968 1019 1988 1034 1968 1019 1888 1035 1888 1035 1968 1019 1890 1017 1888 1035 1890 1017 1889 1014 1888 1035 1889 1014 1887 1011 1888 1035 1887 1011 1885 1008 1888 1035 1885 1008 1886 1007 1888 1035 1886 1007 1988 1034 1988 1034 1886 1007 1985 1006 1988 1034 1985 1006 1987 1033 1987 1033 1985 1006 1984 1004 1987 1033 1984 1004 1983 1002 1987 1033 1983 1002 1986 1032 1881 970 1919 1009 1908 972 1897 981 1893 1036 1978 983 2018 990 2019 1037 2011 992 2017 989 1962 1038 1975 987 1975 987 1962 1038 1960 1039 1975 987 1960 1039 1974 984 1974 984 1960 1039 1963 982 1997 994 2011 992 1996 1040 1996 1040 2011 992 2019 1037 1996 1040 2019 1037 1999 1041 1999 1041 2019 1037 2001 1042 2001 1042 2019 1037 2024 1043 2024 1043 2019 1037 2018 990 2024 1043 2018 990 2027 988 1989 996 1997 994 1990 1031 1990 1031 1997 994 1996 1040 1990 1031 1996 1040 1995 1044 1995 1044 1996 1040 1999 1041 1995 1044 1999 1041 2000 1045 2000 1045 1999 1041 2001 1042 2000 1045 2001 1042 2026 1046 2026 1046 2001 1042 2025 1047 2025 1047 2001 1042 2024 1043 2025 1047 2024 1043 2028 1048 2028 1048 2024 1043 2027 988 2028 1048 2027 988 1977 986 1899 980 1963 982 1964 1049 1964 1049 1963 982 1960 1039 1964 1049 1960 1039 1959 1050 1959 1050 1960 1039 1961 1051 1961 1051 1960 1039 1962 1038 1961 1051 1962 1038 2013 1052 2013 1052 1962 1038 2017 989 2013 1052 2017 989 2014 991 1882 971 1884 1053 1883 969 1883 969 1884 1053 1982 1005 1982 1005 1884 1053 1957 1054 1982 1005 1957 1054 1981 1003 1981 1003 1957 1054 1956 1055 1981 1003 1956 1055 1980 1001 1980 1001 1956 1055 1958 1056 1980 1001 1958 1056 2008 999 2008 999 1958 1056 2007 1057 2008 999 2007 1057 2005 997 2005 997 2007 1057 2010 1058 2005 997 2010 1058 1998 995 1998 995 2010 1058 2016 1059 1998 995 2016 1059 2012 993 2012 993 2016 1059 2014 991 2014 991 2016 1059 2015 1060 2014 991 2015 1060 2013 1052 2013 1052 2015 1060 1966 1061 2013 1052 1966 1061 1961 1051 1961 1051 1966 1061 1965 1062 1961 1051 1965 1062 1959 1050 1959 1050 1965 1062 1967 1063 1959 1050 1967 1063 1964 1049 1964 1049 1967 1063 1902 1064 1964 1049 1902 1064 1899 980 1899 980 1902 1064 1901 978 1901 978 1902 1064 1904 1065 1901 978 1904 1065 1903 976 1903 976 1904 1065 1906 1066 1903 976 1906 1066 1905 974 1905 974 1906 1066 1884 1053 1905 974 1884 1053 1882 971 1958 1056 1956 1055 1952 1067 1950 1068 1951 1069 1952 1067 1952 1067 1951 1069 1953 1070 1952 1067 1953 1070 1958 1056 1958 1056 1953 1070 2007 1057 2007 1057 1953 1070 2009 1071 2007 1057 2009 1071 2010 1058 2010 1058 2009 1071 2016 1059 2016 1059 2009 1071 2015 1060 2015 1060 2009 1071 1951 1069 2015 1060 1951 1069 1966 1061 1966 1061 1951 1069 1950 1068 1966 1061 1950 1068 1965 1062 1965 1062 1950 1068 1967 1063 1967 1063 1950 1068 1954 1072 1967 1063 1954 1072 1902 1064 1902 1064 1954 1072 1904 1065 1904 1065 1954 1072 1955 1073 1904 1065 1955 1073 1906 1066 1906 1066 1955 1073 1957 1054 1906 1066 1957 1054 1884 1053 1951 1069 2009 1071 1953 1070 1956 1055 1957 1054 1955 1073 1956 1055 1955 1073 1952 1067 1952 1067 1955 1073 1954 1072 1952 1067 1954 1072 1950 1068 2002 1074 2003 1075 2004 1027 2002 1074 2004 1027 2035 1028 2002 1074 2035 1028 1993 1029 2002 1074 1993 1029 1994 1030 2002 1074 1994 1030 2003 1075 1910 977 1911 1076 1900 979 1900 979 1911 1076 1898 1077 1900 979 1898 1077 1897 981 1897 981 1898 1077 1893 1036 1893 1036 1898 1077 1894 1078 1894 1078 1898 1077 1912 1079 1894 1078 1912 1079 1913 1080 1912 1079 1898 1077 1911 1076 1913 1080 1914 1081 1896 1082 1913 1080 1896 1082 1894 1078 1894 1078 1896 1082 1895 1083 1894 1078 1895 1083 1893 1036 1893 1036 1895 1083 1979 1084 1893 1036 1979 1084 1978 983 1978 983 1979 1084 1976 985 2065 1085 2057 1086 2054 1087 2043 1088 2065 1085 2064 1089 2064 1089 2065 1085 2054 1087 2064 1089 2054 1087 2062 1090 1932 1091 1930 1092 1948 1093 1932 1091 1948 1093 2077 1094 2077 1094 1948 1093 2079 1095 2077 1094 2079 1095 2080 1096 2077 1094 2080 1096 2078 1097 2077 1094 2078 1097 2075 1098 2075 1098 2078 1097 2076 1099 2075 1098 2076 1099 2047 1100 2047 1100 2076 1099 2048 1101 2047 1100 2048 1101 2046 1102 2047 1100 2046 1102 2044 1103 2044 1103 2046 1102 2042 1104 2044 1103 2042 1104 2038 1105 2038 1105 2042 1104 2043 1088 2038 1105 2043 1088 2039 1106 2039 1106 2043 1088 2064 1089 2039 1106 2064 1089 2041 1107 2041 1107 2064 1089 2062 1090 2041 1107 2062 1090 2063 1108 2041 1107 2063 1108 2083 1109 2083 1109 2063 1108 1939 1110 2083 1109 1939 1110 1937 1111 2083 1109 1937 1111 2045 1112 2045 1112 1937 1111 1934 1113 2045 1112 1934 1113 2044 1103 2044 1103 1934 1113 2047 1100 2047 1100 1934 1113 2075 1098 2075 1098 1934 1113 1932 1091 2075 1098 1932 1091 2077 1094 2038 1105 2039 1106 2040 1114 2040 1114 2039 1106 2041 1107 2040 1114 2041 1107 2083 1109 2040 1114 2083 1109 2045 1112 2040 1114 2045 1112 2038 1105 2038 1105 2045 1112 2044 1103 1929 1115 1949 1116 1930 1092 1930 1092 1949 1116 1948 1093 1948 1093 1949 1116 2079 1095 2069 1117 2089 1118 2087 1119 2069 1117 2087 1119 2068 1120 2068 1120 2087 1119 2086 1121 2068 1120 2086 1121 2070 1122 2070 1122 2086 1121 2085 1123 2070 1122 2085 1123 2081 1124 2081 1124 2085 1123 2088 1125 2081 1124 2088 1125 1945 1126 1945 1126 2088 1125 2084 1127 1945 1126 2084 1127 1947 1128 1945 1126 1947 1128 1946 1129 1946 1129 1947 1128 1926 1130 1946 1129 1926 1130 1927 1131 1927 1131 1926 1130 1925 1132 1925 1132 1926 1130 1924 1133 1925 1132 1924 1133 1929 1115 1925 1132 1929 1115 1928 1134 1928 1134 1929 1115 1930 1092 1928 1134 1930 1092 1931 1135 1931 1135 1930 1092 1933 1136 1933 1136 1930 1092 1932 1091 1933 1136 1932 1091 1935 1137 1935 1137 1932 1091 1934 1113 1935 1137 1934 1113 1936 1138 1936 1138 1934 1113 1937 1111 1936 1138 1937 1111 1938 1139 1938 1139 1937 1111 1939 1110 1938 1139 1939 1110 1940 1140 1940 1140 1939 1110 2063 1108 1940 1140 2063 1108 2060 1141 2060 1141 2063 1108 2062 1090 2060 1141 2062 1090 2053 1142 2053 1142 2062 1090 2054 1087 2053 1142 2054 1087 2055 1143 2055 1143 2054 1087 2057 1086 2055 1143 2057 1086 2058 1144 2055 1143 2058 1144 2059 1145 2055 1143 2059 1145 2056 1146 2056 1146 2059 1145 2073 1147 2056 1146 2073 1147 2071 1148 2071 1148 2073 1147 2091 1149 2071 1148 2091 1149 2090 1150 2071 1148 2090 1150 2072 1151 2072 1151 2090 1150 2074 1152 2072 1151 2074 1152 1921 1153 1921 1153 2074 1152 1922 1154 1921 1153 1922 1154 1920 1155 1920 1155 1922 1154 2066 1156 1920 1155 2066 1156 2052 1157 2052 1157 2066 1156 2067 1158 2052 1157 2067 1158 2082 1159 2082 1159 2067 1158 2081 1124 2082 1159 2081 1124 1942 1160 1942 1160 2081 1124 1945 1126 1942 1160 1945 1126 1943 1161 1943 1161 1945 1126 1944 1162 1944 1162 1945 1126 1946 1129 2090 1150 2089 1118 2074 1152 2074 1152 2089 1118 2069 1117 2074 1152 2069 1117 1922 1154 1922 1154 2069 1117 2066 1156 2066 1156 2069 1117 2068 1120 2066 1156 2068 1120 2067 1158 2067 1158 2068 1120 2070 1122 2067 1158 2070 1122 2081 1124 1942 1160 1943 1161 1941 1163 2049 1164 2053 1142 2055 1143 2049 1164 2055 1143 2056 1146 2049 1164 2056 1146 2050 1165 2050 1165 2056 1146 2071 1148 2050 1165 2071 1148 2072 1151 2050 1165 2072 1151 1921 1153 2050 1165 1921 1153 1923 1166 1923 1166 1921 1153 1920 1155 1923 1166 1920 1155 2051 1167 2051 1167 1920 1155 2052 1157 2051 1167 2052 1157 2061 1168 2061 1168 2052 1157 2082 1159 2061 1168 2082 1159 1942 1160 2061 1168 1942 1160 1940 1140 1940 1140 1942 1160 1941 1163 1940 1140 1941 1163 1938 1139 2050 1165 1923 1166 2049 1164 2049 1164 1923 1166 2051 1167 2049 1164 2051 1167 2053 1142 2053 1142 2051 1167 2060 1141 2060 1141 2051 1167 2061 1168 2060 1141 2061 1168 1940 1140 2093 1169 2091 1149 2092 1170 2092 1170 2091 1149 2073 1147 1587 1171 1773 1172 1588 1173 1588 1173 1773 1172 1767 1174 1588 1173 1767 1174 1766 1175 1593 1176 1589 1177 1759 1178 1759 1178 1589 1177 1758 1179 1758 1179 1589 1177 1590 1180 1758 1179 1590 1180 1766 1175 1766 1175 1590 1180 1588 1173 1588 1173 1590 1180 1585 1181 1588 1173 1585 1181 1587 1171 1587 1171 1585 1181 1586 1182 1587 1171 1586 1182 1773 1172 1773 1172 1586 1182 1769 1183 1769 1183 1586 1182 1768 1184 1768 1184 1586 1182 1594 1185 1768 1184 1594 1185 1761 1186 1761 1186 1594 1185 1591 1187 1761 1186 1591 1187 1760 1188 1760 1188 1591 1187 1592 1189 1592 1189 1591 1187 1585 1181 1585 1181 1591 1187 1594 1185 1585 1181 1594 1185 1586 1182 1589 1177 1593 1176 1585 1181 1589 1177 1585 1181 1590 1180 1764 1190 1602 1191 1772 1192 1772 1192 1602 1191 1599 1193 1772 1192 1599 1193 1756 1194 1756 1194 1599 1193 1757 1195 1596 1196 1597 1197 1595 1198 1596 1196 1595 1198 1604 1199 1596 1196 1604 1199 1762 1200 1596 1196 1762 1200 1763 1201 1596 1196 1763 1201 1597 1197 1597 1197 1763 1201 1770 1202 1597 1197 1770 1202 1598 1203 1598 1203 1770 1202 1771 1204 1598 1203 1771 1204 1757 1195 1598 1203 1757 1195 1600 1205 1600 1205 1757 1195 1599 1193 1600 1205 1599 1193 1595 1198 1595 1198 1599 1193 1602 1191 1595 1198 1602 1191 1601 1206 1601 1206 1602 1191 1764 1190 1601 1206 1764 1190 1765 1207 1601 1206 1765 1207 1603 1208 1601 1206 1603 1208 1595 1198 1598 1203 1600 1205 1595 1198 1598 1203 1595 1198 1597 1197 1754 1209 1755 1210 1581 1211 1754 1209 1581 1211 1753 1212 1753 1212 1581 1211 1578 1213 1746 1214 1579 1215 1747 1216 1747 1216 1579 1215 1748 1217 1748 1217 1579 1215 1580 1218 1748 1217 1580 1218 1755 1210 1755 1210 1580 1218 1581 1211 1581 1211 1580 1218 1576 1219 1581 1211 1576 1219 1578 1213 1578 1213 1576 1219 1577 1220 1578 1213 1577 1220 1753 1212 1753 1212 1577 1220 1752 1221 1752 1221 1577 1220 1751 1222 1751 1222 1577 1220 1584 1223 1751 1222 1584 1223 1750 1224 1750 1224 1584 1223 1582 1225 1750 1224 1582 1225 1749 1226 1749 1226 1582 1225 1583 1227 1583 1227 1582 1225 1576 1219 1576 1219 1582 1225 1584 1223 1576 1219 1584 1223 1577 1220 1579 1215 1746 1214 1576 1219 1579 1215 1576 1219 1580 1218 1689 1228 1687 1229 1741 1230 1689 1228 1741 1230 1742 1231 1689 1228 1742 1231 1690 1232 1690 1232 1742 1231 1631 1233 1610 1234 1608 1235 1609 1236 1610 1234 1609 1236 1611 1237 1611 1237 1609 1236 1617 1238 1611 1237 1617 1238 1616 1239 1616 1239 1617 1238 1618 1240 1618 1240 1617 1238 1619 1241 1618 1240 1619 1241 1620 1242 1620 1242 1619 1241 1621 1243 1621 1243 1619 1241 1651 1244 1651 1244 1619 1241 1652 1245 1652 1245 1619 1241 1656 1246 1652 1245 1656 1246 1655 1247 1655 1247 1656 1246 1641 1248 1641 1248 1656 1246 1642 1249 1641 1248 1642 1249 1643 1250 1643 1250 1642 1249 1644 1251 1644 1251 1642 1249 1704 1252 1644 1251 1704 1252 1705 1253 1705 1253 1704 1252 1698 1254 1705 1253 1698 1254 1699 1255 1699 1255 1698 1254 1678 1256 1699 1255 1678 1256 1700 1257 1700 1257 1678 1256 1673 1258 1700 1257 1673 1258 1729 1259 1729 1259 1673 1258 1714 1260 1714 1260 1673 1258 1675 1261 1714 1260 1675 1261 1715 1262 1715 1262 1675 1261 1676 1263 1715 1262 1676 1263 1722 1264 1722 1264 1676 1263 1674 1265 1722 1264 1674 1265 1720 1266 1720 1266 1674 1265 1677 1267 1720 1266 1677 1267 1687 1229 1687 1229 1677 1267 1739 1268 1687 1229 1739 1268 1741 1230 1741 1230 1739 1268 1743 1269 1741 1230 1743 1269 1742 1231 1742 1231 1743 1269 1637 1270 1742 1231 1637 1270 1631 1233 1631 1233 1637 1270 1633 1271 1631 1233 1633 1271 1632 1272 1631 1233 1632 1272 1630 1273 1631 1233 1630 1273 1690 1232 1690 1232 1630 1273 1691 1274 1690 1232 1691 1274 1689 1228 1689 1228 1691 1274 1688 1275 1689 1228 1688 1275 1687 1229 1687 1229 1688 1275 1686 1276 1687 1229 1686 1276 1720 1266 1720 1266 1686 1276 1721 1277 1720 1266 1721 1277 1722 1264 1722 1264 1721 1277 1723 1278 1722 1264 1723 1278 1715 1262 1698 1254 1730 1279 1678 1256 1678 1256 1730 1279 1739 1268 1678 1256 1739 1268 1677 1267 1678 1256 1677 1267 1673 1258 1673 1258 1677 1267 1674 1265 1673 1258 1674 1265 1675 1261 1675 1261 1674 1265 1676 1263 1637 1270 1636 1280 1633 1271 1638 1281 1636 1280 1637 1270 1638 1281 1637 1270 1609 1236 1609 1236 1637 1270 1743 1269 1609 1236 1743 1269 1740 1282 1740 1282 1743 1269 1739 1268 1740 1282 1739 1268 1732 1283 1732 1283 1739 1268 1730 1279 1732 1283 1730 1279 1731 1284 1731 1284 1730 1279 1698 1254 1731 1284 1698 1254 1704 1252 1731 1284 1704 1252 1642 1249 1731 1284 1642 1249 1656 1246 1731 1284 1656 1246 1732 1283 1732 1283 1656 1246 1619 1241 1732 1283 1619 1241 1740 1282 1740 1282 1619 1241 1617 1238 1740 1282 1617 1238 1609 1236 1638 1281 1609 1236 1639 1285 1639 1285 1609 1236 1608 1235 1736 1286 1735 1287 1734 1288 1736 1286 1734 1288 1733 1289 1733 1289 1734 1288 1658 1290 1658 1290 1734 1288 1660 1291 1658 1290 1660 1291 1659 1292 1658 1290 1659 1292 1657 1293 1735 1287 1736 1286 1744 1294 1735 1287 1744 1294 1650 1295 1735 1287 1650 1295 1737 1296 1735 1287 1737 1296 1734 1288 1734 1288 1737 1296 1697 1297 1734 1288 1697 1297 1660 1291 1660 1291 1697 1297 1696 1298 1660 1291 1696 1298 1672 1299 1672 1299 1696 1298 1726 1300 1672 1299 1726 1300 1662 1301 1672 1299 1662 1301 1661 1302 1661 1302 1662 1301 1663 1303 1661 1302 1671 1304 1672 1299 1672 1299 1671 1304 1659 1292 1672 1299 1659 1292 1660 1291 1649 1305 1650 1295 1607 1306 1607 1306 1650 1295 1744 1294 1607 1306 1744 1294 1605 1307 1605 1307 1744 1294 1736 1286 1605 1307 1736 1286 1745 1308 1745 1308 1736 1286 1738 1309 1738 1309 1736 1286 1733 1289 1738 1309 1733 1289 1685 1310 1685 1310 1733 1289 1658 1290 1685 1310 1658 1290 1670 1311 1670 1311 1658 1290 1657 1293 1670 1311 1657 1293 1669 1312 1670 1311 1669 1312 1666 1313 1666 1313 1669 1312 1668 1314 1666 1313 1668 1314 1667 1315 1666 1313 1667 1315 1665 1316 1665 1316 1667 1315 1663 1303 1665 1316 1663 1303 1664 1317 1664 1317 1663 1303 1662 1301 1664 1317 1662 1301 1708 1318 1708 1318 1662 1301 1726 1300 1708 1318 1726 1300 1727 1319 1727 1319 1726 1300 1701 1320 1701 1320 1726 1300 1696 1298 1701 1320 1696 1298 1695 1321 1695 1321 1696 1298 1697 1297 1695 1321 1697 1297 1706 1322 1706 1322 1697 1297 1737 1296 1706 1322 1737 1296 1648 1323 1648 1323 1737 1296 1650 1295 1648 1323 1650 1295 1649 1305 1648 1323 1649 1305 1647 1324 1727 1319 1711 1325 1708 1318 1647 1324 1645 1326 1646 1327 1647 1324 1646 1327 1648 1323 1648 1323 1646 1327 1707 1328 1648 1323 1707 1328 1706 1322 1706 1322 1707 1328 1703 1329 1706 1322 1703 1329 1695 1321 1695 1321 1703 1329 1702 1330 1695 1321 1702 1330 1701 1320 1701 1320 1702 1330 1728 1331 1701 1320 1728 1331 1727 1319 1727 1319 1728 1331 1712 1332 1727 1319 1712 1332 1711 1325 1711 1325 1712 1332 1713 1333 1711 1325 1713 1333 1710 1334 1711 1325 1710 1334 1708 1318 1708 1318 1710 1334 1709 1335 1708 1318 1709 1335 1664 1317 1664 1317 1709 1335 1716 1336 1664 1317 1716 1336 1665 1316 1665 1316 1716 1336 1717 1337 1665 1316 1717 1337 1666 1313 1666 1313 1717 1337 1680 1338 1666 1313 1680 1338 1670 1311 1670 1311 1680 1338 1683 1339 1670 1311 1683 1339 1685 1310 1685 1310 1683 1339 1682 1340 1685 1310 1682 1340 1738 1309 1738 1309 1682 1340 1629 1341 1738 1309 1629 1341 1745 1308 1745 1308 1629 1341 1615 1342 1745 1308 1615 1342 1605 1307 1605 1307 1615 1342 1606 1343 1605 1307 1606 1343 1607 1306 1607 1306 1606 1343 1624 1344 1607 1306 1624 1344 1623 1345 1623 1345 1624 1344 1622 1346 1613 1347 1606 1343 1615 1342 1653 1348 1654 1349 1623 1345 1623 1345 1654 1349 1607 1306 1607 1306 1654 1349 1649 1305 1612 1350 1613 1347 1614 1351 1614 1351 1613 1347 1615 1342 1614 1351 1615 1342 1626 1352 1626 1352 1615 1342 1625 1353 1625 1353 1615 1342 1629 1341 1625 1353 1629 1341 1628 1354 1628 1354 1629 1341 1682 1340 1628 1354 1682 1340 1684 1355 1684 1355 1682 1340 1683 1339 1684 1355 1683 1339 1679 1356 1679 1356 1683 1339 1680 1338 1679 1356 1680 1338 1681 1357 1681 1357 1680 1338 1717 1337 1681 1357 1717 1337 1719 1358 1719 1358 1717 1337 1716 1336 1719 1358 1716 1336 1718 1359 1718 1359 1716 1336 1709 1335 1718 1359 1709 1335 1710 1334 1718 1359 1710 1334 1725 1360 1725 1360 1710 1334 1713 1333 1640 1361 1614 1351 1626 1352 1627 1362 1625 1353 1628 1354 1627 1362 1628 1354 1635 1363 1635 1363 1628 1354 1694 1364 1694 1364 1628 1354 1684 1355 1694 1364 1684 1355 1693 1365 1693 1365 1684 1355 1679 1356 1693 1365 1679 1356 1692 1366 1692 1366 1679 1356 1681 1357 1692 1366 1681 1357 1724 1367 1724 1367 1681 1357 1719 1358 1724 1367 1719 1358 1725 1360 1725 1360 1719 1358 1718 1359 1634 1368 1627 1362 1635 1363 1543 1369 1489 1370 1488 1371 1543 1369 1488 1371 1544 1372 1544 1372 1488 1371 1493 1373 1544 1372 1493 1373 1433 1374 1544 1372 1433 1374 1438 1375 1544 1372 1438 1375 1545 1376 1544 1372 1545 1376 1543 1369 1543 1369 1545 1376 1541 1377 1543 1369 1541 1377 1489 1370 1489 1370 1541 1377 1480 1378 1489 1370 1480 1378 1525 1379 1525 1379 1480 1378 1476 1380 1525 1379 1476 1380 1524 1381 1524 1381 1476 1380 1475 1382 1438 1375 1412 1383 1545 1376 1545 1376 1412 1383 1542 1384 1545 1376 1542 1384 1541 1377 1541 1377 1542 1384 1534 1385 1541 1377 1534 1385 1532 1386 1532 1386 1534 1385 1533 1387 1532 1386 1533 1387 1502 1388 1502 1388 1533 1387 1507 1389 1502 1388 1507 1389 1506 1390 1506 1390 1507 1389 1443 1391 1443 1391 1507 1389 1444 1392 1443 1391 1444 1392 1445 1393 1445 1393 1444 1392 1446 1394 1446 1394 1444 1392 1457 1395 1446 1394 1457 1395 1458 1396 1458 1396 1457 1395 1454 1397 1454 1397 1457 1395 1418 1398 1454 1397 1418 1398 1453 1399 1453 1399 1418 1398 1423 1400 1423 1400 1418 1398 1422 1401 1422 1401 1418 1398 1420 1402 1420 1402 1418 1398 1419 1403 1420 1402 1419 1403 1421 1404 1421 1404 1419 1403 1413 1405 1413 1405 1419 1403 1412 1383 1413 1405 1412 1383 1411 1406 1411 1406 1412 1383 1410 1407 1410 1407 1412 1383 1441 1408 1441 1408 1412 1383 1439 1409 1439 1409 1412 1383 1438 1375 1439 1409 1438 1375 1440 1410 1440 1410 1438 1375 1432 1411 1432 1411 1438 1375 1433 1374 1432 1411 1433 1374 1434 1412 1434 1412 1433 1374 1435 1413 1435 1413 1433 1374 1493 1373 1435 1413 1493 1373 1492 1414 1492 1414 1493 1373 1488 1371 1492 1414 1488 1371 1490 1415 1490 1415 1488 1371 1489 1370 1490 1415 1489 1370 1491 1416 1491 1416 1489 1370 1525 1379 1491 1416 1525 1379 1523 1417 1523 1417 1525 1379 1524 1381 1523 1417 1524 1381 1522 1418 1522 1418 1524 1381 1517 1419 1517 1419 1524 1381 1475 1382 1517 1419 1475 1382 1477 1420 1477 1420 1475 1382 1476 1380 1477 1420 1476 1380 1478 1421 1478 1421 1476 1380 1480 1378 1478 1421 1480 1378 1479 1422 1479 1422 1480 1378 1541 1377 1479 1422 1541 1377 1532 1386 1479 1422 1532 1386 1502 1388 1479 1422 1502 1388 1501 1423 1501 1423 1502 1388 1506 1390 1412 1383 1419 1403 1542 1384 1542 1384 1419 1403 1418 1398 1542 1384 1418 1398 1534 1385 1534 1385 1418 1398 1457 1395 1534 1385 1457 1395 1533 1387 1533 1387 1457 1395 1444 1392 1533 1387 1444 1392 1507 1389 1517 1419 1477 1420 1516 1424 1516 1424 1477 1420 1478 1421 1516 1424 1478 1421 1531 1425 1531 1425 1478 1421 1500 1426 1500 1426 1478 1421 1479 1422 1500 1426 1479 1422 1501 1423 1462 1427 1471 1428 1472 1429 1472 1429 1471 1428 1468 1430 1472 1429 1468 1430 1467 1431 1467 1431 1468 1430 1469 1432 1464 1433 1469 1432 1470 1434 1470 1434 1469 1432 1468 1430 1470 1434 1468 1430 1518 1435 1518 1435 1468 1430 1483 1436 1483 1436 1468 1430 1471 1428 1483 1436 1471 1428 1484 1437 1484 1437 1471 1428 1487 1438 1484 1437 1487 1438 1486 1439 1486 1439 1487 1438 1540 1440 1486 1439 1540 1440 1429 1441 1536 1442 1540 1440 1487 1438 1536 1442 1487 1438 1460 1443 1460 1443 1487 1438 1471 1428 1460 1443 1471 1428 1462 1427 1460 1443 1462 1427 1461 1444 1416 1445 1442 1446 1428 1447 1416 1445 1428 1447 1414 1448 1414 1448 1428 1447 1427 1449 1414 1448 1427 1449 1429 1441 1429 1441 1427 1449 1430 1450 1429 1441 1430 1450 1486 1439 1486 1439 1430 1450 1485 1451 1486 1439 1485 1451 1484 1437 1484 1437 1485 1451 1481 1452 1484 1437 1481 1452 1483 1436 1483 1436 1481 1452 1482 1453 1483 1436 1482 1453 1518 1435 1518 1435 1482 1453 1520 1454 1518 1435 1520 1454 1519 1455 1518 1435 1519 1455 1470 1434 1470 1434 1519 1455 1466 1456 1470 1434 1466 1456 1464 1433 1464 1433 1466 1456 1465 1457 1464 1433 1465 1457 1463 1458 1463 1458 1465 1457 1473 1459 1463 1458 1473 1459 1474 1460 1474 1460 1473 1459 1461 1444 1461 1444 1473 1459 1459 1461 1461 1444 1459 1461 1460 1443 1460 1443 1459 1461 1535 1462 1460 1443 1535 1462 1536 1442 1536 1442 1535 1462 1537 1463 1536 1442 1537 1463 1540 1440 1540 1440 1537 1463 1547 1464 1540 1440 1547 1464 1429 1441 1429 1441 1547 1464 1414 1448 1414 1448 1547 1464 1407 1465 1407 1465 1547 1464 1537 1463 1407 1465 1537 1463 1546 1466 1546 1466 1537 1463 1538 1467 1538 1467 1537 1463 1535 1462 1427 1449 1431 1468 1430 1450 1417 1469 1416 1445 1415 1470 1415 1470 1416 1445 1414 1448 1415 1470 1414 1448 1409 1471 1409 1471 1414 1448 1407 1465 1409 1471 1407 1465 1408 1472 1408 1472 1407 1465 1546 1466 1408 1472 1546 1466 1452 1473 1452 1473 1546 1466 1538 1467 1452 1473 1538 1467 1539 1474 1539 1474 1538 1467 1535 1462 1539 1474 1535 1462 1498 1475 1498 1475 1535 1462 1459 1461 1498 1475 1459 1461 1499 1476 1499 1476 1459 1461 1473 1459 1499 1476 1473 1459 1528 1477 1528 1477 1473 1459 1465 1457 1528 1477 1465 1457 1511 1478 1511 1478 1465 1457 1466 1456 1511 1478 1466 1456 1510 1479 1510 1479 1466 1456 1519 1455 1510 1479 1519 1455 1521 1480 1521 1480 1519 1455 1520 1454 1521 1480 1520 1454 1526 1481 1526 1481 1520 1454 1527 1482 1527 1482 1520 1454 1482 1453 1527 1482 1482 1453 1495 1483 1495 1483 1482 1453 1481 1452 1495 1483 1481 1452 1494 1484 1494 1484 1481 1452 1485 1451 1494 1484 1485 1451 1496 1485 1496 1485 1485 1451 1430 1450 1496 1485 1430 1450 1436 1486 1436 1486 1430 1450 1431 1468 1436 1486 1431 1468 1437 1487 1456 1488 1424 1489 1455 1490 1455 1490 1424 1489 1408 1472 1455 1490 1408 1472 1451 1491 1451 1491 1408 1472 1452 1473 1451 1491 1452 1473 1447 1492 1447 1492 1452 1473 1539 1474 1447 1492 1539 1474 1509 1493 1509 1493 1539 1474 1498 1475 1509 1493 1498 1475 1497 1494 1497 1494 1498 1475 1499 1476 1497 1494 1499 1476 1505 1495 1505 1495 1499 1476 1528 1477 1505 1495 1528 1477 1529 1496 1529 1496 1528 1477 1511 1478 1529 1496 1511 1478 1512 1497 1512 1497 1511 1478 1513 1498 1512 1497 1513 1498 1514 1499 1514 1499 1513 1498 1526 1481 1526 1481 1513 1498 1521 1480 1521 1480 1513 1498 1510 1479 1510 1479 1513 1498 1511 1478 1447 1492 1449 1500 1451 1491 1409 1471 1408 1472 1425 1501 1425 1501 1408 1472 1424 1489 1425 1501 1424 1489 1426 1502 1512 1497 1514 1499 1515 1503 1512 1497 1515 1503 1529 1496 1529 1496 1515 1503 1530 1504 1529 1496 1530 1504 1505 1495 1505 1495 1530 1504 1504 1505 1505 1495 1504 1505 1497 1494 1497 1494 1504 1505 1503 1506 1497 1494 1503 1506 1509 1493 1509 1493 1503 1506 1508 1507 1509 1493 1508 1507 1447 1492 1447 1492 1508 1507 1448 1508 1447 1492 1448 1508 1449 1500 1449 1500 1448 1508 1450 1509 1390 1510 1388 1511 1387 1512 1561 1513 1391 1514 1560 1515 1560 1515 1391 1514 1395 1516 1395 1516 1391 1514 1387 1512 1387 1512 1391 1514 1392 1517 1387 1512 1392 1517 1390 1510 1390 1510 1392 1517 1569 1518 1390 1510 1569 1518 1568 1519 1390 1510 1568 1519 1575 1520 1390 1510 1575 1520 1388 1511 1388 1511 1575 1520 1389 1521 1388 1511 1389 1521 1387 1512 1387 1512 1389 1521 1396 1522 1387 1512 1396 1522 1393 1523 1393 1523 1396 1522 1562 1524 1393 1523 1562 1524 1563 1525 1393 1523 1563 1525 1394 1526 1393 1523 1394 1526 1387 1512 1391 1514 1561 1513 1392 1517 1392 1517 1561 1513 1569 1518 1570 1527 1562 1524 1396 1522 1570 1527 1396 1522 1389 1521 1570 1527 1389 1521 1571 1528 1571 1528 1389 1521 1575 1520 1352 1529 1351 1530 1356 1531 1352 1529 1356 1531 1357 1532 1357 1532 1356 1531 1358 1533 1357 1532 1358 1533 1359 1534 1359 1534 1358 1533 1360 1535 1376 1536 1377 1537 1370 1538 1370 1538 1377 1537 1365 1539 1370 1538 1365 1539 1367 1540 1367 1540 1365 1539 1366 1541 1367 1540 1366 1541 1364 1542 1364 1542 1366 1541 1360 1535 1364 1542 1360 1535 1358 1533 1364 1542 1358 1533 1363 1543 1363 1543 1358 1533 1356 1531 1363 1543 1356 1531 1332 1544 1332 1544 1356 1531 1355 1545 1355 1545 1356 1531 1351 1530 1355 1545 1351 1530 1344 1546 1364 1542 1363 1543 1367 1540 1373 1547 1376 1536 1372 1548 1372 1548 1376 1536 1370 1538 1372 1548 1370 1538 1368 1549 1368 1549 1370 1538 1367 1540 1368 1549 1367 1540 1328 1550 1328 1550 1367 1540 1363 1543 1328 1550 1363 1543 1329 1551 1329 1551 1363 1543 1332 1544 1329 1551 1332 1544 1324 1552 1324 1552 1332 1544 1355 1545 1324 1552 1355 1545 1342 1553 1342 1553 1355 1545 1344 1546 1342 1553 1344 1546 1343 1554 1343 1554 1344 1546 1345 1555 1345 1555 1344 1546 1346 1556 1346 1556 1344 1546 1351 1530 1346 1556 1351 1530 1353 1557 1353 1557 1351 1530 1352 1529 1353 1557 1352 1529 1354 1558 1354 1558 1352 1529 1357 1532 1354 1558 1357 1532 1362 1559 1362 1559 1357 1532 1359 1534 1362 1559 1359 1534 1361 1560 1375 1561 1373 1547 1374 1562 1374 1562 1373 1547 1372 1548 1374 1562 1372 1548 1371 1563 1371 1563 1372 1548 1368 1549 1371 1563 1368 1549 1369 1564 1369 1564 1368 1549 1328 1550 1369 1564 1328 1550 1330 1565 1330 1565 1328 1550 1329 1551 1330 1565 1329 1551 1331 1566 1331 1566 1329 1551 1327 1567 1327 1567 1329 1551 1326 1568 1326 1568 1329 1551 1324 1552 1326 1568 1324 1552 1325 1569 1325 1569 1324 1552 1342 1553 1325 1569 1342 1553 1341 1570 1341 1570 1342 1553 1343 1554 1341 1570 1343 1554 1337 1571 1337 1571 1343 1554 1345 1555 1337 1571 1345 1555 1338 1572 1337 1571 1338 1572 1334 1573 1334 1573 1338 1572 1339 1574 1334 1573 1339 1574 1340 1575 1334 1573 1340 1575 1336 1576 1334 1573 1336 1576 1335 1577 1334 1573 1335 1577 1333 1578 1333 1578 1335 1577 1350 1579 1333 1578 1350 1579 1349 1580 1333 1578 1349 1580 1347 1581 1347 1581 1349 1580 1348 1582 1347 1581 1348 1582 1325 1569 1347 1581 1325 1569 1341 1570 1347 1581 1341 1570 1337 1571 1347 1581 1337 1571 1333 1578 1333 1578 1337 1571 1334 1573 1326 1568 1325 1569 1327 1567 1378 1583 1379 1584 1380 1585 1384 1586 1551 1587 1552 1588 1384 1586 1552 1588 1385 1589 1384 1586 1385 1589 1378 1583 1384 1586 1378 1583 1386 1590 1386 1590 1378 1583 1380 1585 1386 1590 1380 1585 1553 1591 1553 1591 1380 1585 1554 1592 1554 1592 1380 1585 1555 1593 1555 1593 1380 1585 1379 1584 1555 1593 1379 1584 1383 1594 1383 1594 1379 1584 1378 1583 1383 1594 1378 1583 1382 1595 1382 1595 1378 1583 1381 1596 1382 1595 1381 1596 1549 1597 1549 1597 1381 1596 1550 1598 1550 1598 1381 1596 1548 1599 1548 1599 1381 1596 1378 1583 1553 1591 1551 1587 1386 1590 1386 1590 1551 1587 1384 1586 1556 1600 1555 1593 1383 1594 1556 1600 1383 1594 1557 1601 1557 1601 1383 1594 1382 1595 1557 1601 1382 1595 1549 1597 1294 1602 1295 1603 1296 1604 1296 1604 1295 1603 1297 1605 1297 1605 1295 1603 1298 1606 1298 1606 1295 1603 1299 1607 1298 1606 1299 1607 1300 1608 1300 1608 1299 1607 1301 1609 1300 1608 1301 1609 1302 1610 1300 1608 1302 1610 1303 1611 1303 1611 1302 1610 1304 1612 1304 1612 1302 1610 1305 1613 1304 1612 1305 1613 1306 1614 1304 1612 1306 1614 1307 1615 1307 1615 1306 1614 1308 1616 1307 1615 1308 1616 1309 1617 1309 1617 1308 1616 1310 1618 1309 1617 1310 1618 1311 1619 1211 1620 1214 1621 1212 1622 1211 1620 1212 1622 1206 1623 1206 1623 1212 1622 1203 1624 1203 1624 1212 1622 1180 1625 1203 1624 1180 1625 1204 1626 1203 1624 1204 1626 1202 1627 1202 1627 1204 1626 1189 1628 1225 1629 1224 1630 1218 1631 1225 1629 1218 1631 1215 1632 1215 1632 1218 1631 1214 1621 1215 1632 1214 1621 1213 1633 1213 1633 1214 1621 1211 1620 1213 1633 1211 1620 1205 1634 1205 1634 1211 1620 1206 1623 1205 1634 1206 1623 1207 1635 1207 1635 1206 1623 1208 1636 1208 1636 1206 1623 1203 1624 1208 1636 1203 1624 1200 1637 1200 1637 1203 1624 1202 1627 1210 1638 1207 1635 1209 1639 1209 1639 1207 1635 1208 1636 1209 1639 1208 1636 1199 1640 1199 1640 1208 1636 1200 1637 1199 1640 1200 1637 1201 1641 1201 1641 1200 1637 1202 1627 1201 1641 1202 1627 1194 1642 1194 1642 1202 1627 1189 1628 1194 1642 1189 1628 1193 1643 1193 1643 1189 1628 1191 1644 1191 1644 1189 1628 1190 1645 1190 1645 1189 1628 1204 1626 1190 1645 1204 1626 1172 1646 1172 1646 1204 1626 1180 1625 1172 1646 1180 1625 1177 1647 1177 1647 1180 1625 1212 1622 1177 1647 1212 1622 1179 1648 1179 1648 1212 1622 1214 1621 1179 1648 1214 1621 1217 1649 1217 1649 1214 1621 1218 1631 1217 1649 1218 1631 1219 1650 1219 1650 1218 1631 1224 1630 1219 1650 1224 1630 1222 1651 1222 1651 1223 1652 1221 1653 1222 1651 1221 1653 1219 1650 1219 1650 1221 1653 1220 1654 1219 1650 1220 1654 1217 1649 1217 1649 1220 1654 1216 1655 1217 1649 1216 1655 1179 1648 1179 1648 1216 1655 1178 1656 1179 1648 1178 1656 1177 1647 1177 1647 1178 1656 1176 1657 1177 1647 1176 1657 1175 1658 1177 1647 1175 1658 1173 1659 1177 1647 1173 1659 1172 1646 1172 1646 1173 1659 1174 1660 1172 1646 1174 1660 1190 1645 1190 1645 1174 1660 1192 1661 1190 1645 1192 1661 1191 1644 1191 1644 1192 1661 1187 1662 1191 1644 1187 1662 1193 1643 1193 1643 1187 1662 1186 1663 1186 1663 1187 1662 1182 1664 1186 1663 1182 1664 1185 1665 1185 1665 1182 1664 1188 1666 1188 1666 1182 1664 1181 1667 1181 1667 1182 1664 1183 1668 1183 1668 1182 1664 1184 1669 1183 1668 1184 1669 1198 1670 1198 1670 1184 1669 1197 1671 1197 1671 1184 1669 1195 1672 1197 1671 1195 1672 1196 1673 1196 1673 1195 1672 1174 1660 1174 1660 1195 1672 1192 1661 1192 1661 1195 1672 1187 1662 1187 1662 1195 1672 1184 1669 1187 1662 1184 1669 1182 1664 1173 1659 1175 1658 1174 1660 1136 1674 1133 1675 1137 1676 1136 1674 1137 1676 1135 1677 1135 1677 1137 1676 1138 1678 1138 1678 1137 1676 1139 1679 1138 1678 1139 1679 1141 1680 1138 1678 1141 1680 1140 1681 1131 1682 1132 1683 1133 1675 1133 1675 1132 1683 1134 1684 1134 1684 1132 1683 1170 1685 1134 1684 1170 1685 1171 1686 1171 1686 1170 1685 1169 1687 1169 1687 1170 1685 1168 1688 1169 1687 1168 1688 1167 1689 1167 1689 1168 1688 1166 1690 1167 1689 1166 1690 1165 1691 1165 1691 1166 1690 1164 1692 1165 1691 1164 1692 1162 1693 1162 1693 1164 1692 1160 1694 1162 1693 1160 1694 1161 1695 1162 1693 1161 1695 1163 1696 1285 1697 1287 1698 1288 1699 1288 1699 1287 1698 1289 1700 1288 1699 1289 1700 1290 1701 1288 1699 1290 1701 1291 1702 1291 1702 1290 1701 1292 1703 1292 1703 1290 1701 1293 1704 1312 1705 1313 1706 1314 1707 1314 1707 1313 1706 1315 1708 1314 1707 1315 1708 1316 1709 1314 1707 1316 1709 1317 1710 1317 1710 1316 1709 1318 1711 1317 1710 1318 1711 1319 1712 1319 1712 1318 1711 1320 1713 1319 1712 1320 1713 1321 1714 1321 1714 1320 1713 1322 1715 1321 1714 1322 1715 1323 1716 1323 1716 1322 1715 1283 1717 1283 1717 1322 1715 1284 1718 1283 1717 1284 1718 1285 1697 1285 1697 1284 1718 1286 1719 1280 1720 1278 1721 1274 1722 1276 1723 1278 1721 1279 1724 1241 1725 1246 1726 1247 1727 1247 1727 1246 1726 1245 1728 1247 1727 1245 1728 1226 1729 1247 1727 1226 1729 1228 1730 1228 1730 1226 1729 1227 1731 1227 1731 1226 1729 1232 1732 1227 1731 1232 1732 1229 1733 1229 1733 1232 1732 1231 1734 1231 1734 1232 1732 1233 1735 1233 1735 1232 1732 1234 1736 1233 1735 1234 1736 1271 1737 1271 1737 1234 1736 1272 1738 1271 1737 1272 1738 1275 1739 1275 1739 1272 1738 1274 1722 1275 1739 1274 1722 1276 1723 1276 1723 1274 1722 1277 1740 1227 1731 1229 1733 1230 1741 1250 1742 1239 1743 1241 1725 1241 1725 1239 1743 1237 1744 1250 1742 1241 1725 1247 1727 1250 1742 1247 1727 1230 1741 1250 1742 1230 1741 1251 1745 1250 1742 1251 1745 1252 1746 1250 1742 1252 1746 1239 1743 1239 1743 1252 1746 1253 1747 1239 1743 1253 1747 1238 1748 1239 1743 1238 1748 1237 1744 1237 1744 1238 1748 1236 1749 1237 1744 1236 1749 1243 1750 1237 1744 1243 1750 1242 1751 1237 1744 1242 1751 1241 1725 1241 1725 1242 1751 1240 1752 1241 1725 1240 1752 1248 1753 1241 1725 1248 1753 1246 1726 1246 1726 1248 1753 1244 1754 1246 1726 1244 1754 1245 1728 1245 1728 1244 1754 1259 1755 1245 1728 1259 1755 1226 1729 1226 1729 1259 1755 1235 1756 1226 1729 1235 1756 1232 1732 1232 1732 1235 1756 1267 1757 1232 1732 1267 1757 1234 1736 1234 1736 1267 1757 1269 1758 1234 1736 1269 1758 1272 1738 1272 1738 1269 1758 1273 1759 1272 1738 1273 1759 1274 1722 1274 1722 1273 1759 1281 1760 1244 1754 1257 1761 1259 1755 1267 1757 1235 1756 1258 1762 1258 1762 1235 1756 1259 1755 1258 1762 1259 1755 1255 1763 1255 1763 1259 1755 1257 1761 1255 1763 1257 1761 1256 1764 1256 1764 1257 1761 1249 1765 1249 1765 1257 1761 1244 1754 1249 1765 1244 1754 1248 1753 1282 1766 1280 1720 1273 1759 1282 1766 1273 1759 1270 1767 1270 1767 1273 1759 1269 1758 1270 1767 1269 1758 1268 1768 1268 1768 1269 1758 1266 1769 1266 1769 1269 1758 1267 1757 1266 1769 1267 1757 1261 1770 1261 1770 1267 1757 1258 1762 1261 1770 1258 1762 1263 1771 1263 1771 1258 1762 1255 1763 1263 1771 1255 1763 1254 1772 1254 1772 1255 1763 1256 1764 1268 1768 1266 1769 1260 1773 1260 1773 1266 1769 1261 1770 1260 1773 1261 1770 1262 1774 1262 1774 1261 1770 1263 1771 1262 1774 1263 1771 1264 1775 1264 1775 1263 1771 1254 1772 1264 1775 1265 1776 1262 1774 1142 1777 1143 1778 1144 1779 1144 1779 1143 1778 1145 1780 1144 1779 1145 1780 1147 1781 1144 1779 1147 1781 1146 1782 1146 1782 1147 1781 1149 1783 1146 1782 1149 1783 1148 1784 1148 1784 1149 1783 1150 1785 1150 1785 1149 1783 1151 1786 1150 1785 1151 1786 1153 1787 1150 1785 1153 1787 1152 1788 1152 1788 1153 1787 1154 1789 1154 1789 1153 1787 1155 1790 1154 1789 1155 1790 1156 1791 1156 1791 1155 1790 1157 1792 1156 1791 1157 1792 1158 1793 1158 1793 1157 1792 1159 1794 887 1795 924 1796 925 1797 924 1796 888 1798 923 1799 923 1799 796 1800 921 1801 796 1800 923 1799 888 1798 796 1800 888 1798 890 1802 890 1802 888 1798 889 1803 890 1802 889 1803 868 1804 890 1802 868 1804 867 1805 890 1802 867 1805 795 1806 890 1802 795 1806 796 1800 796 1800 795 1806 794 1807 796 1800 794 1807 921 1801 921 1801 794 1807 922 1808 886 1809 887 1795 789 1810 789 1810 887 1795 925 1797 789 1810 925 1797 926 1811 789 1810 926 1811 788 1812 788 1812 926 1811 927 1813 788 1812 927 1813 792 1814 836 1815 838 1816 839 1817 836 1815 839 1817 837 1818 837 1818 839 1817 909 1819 837 1818 909 1819 910 1820 910 1820 909 1819 875 1821 910 1820 875 1821 876 1822 876 1822 875 1821 872 1823 876 1822 872 1823 877 1824 877 1824 872 1823 787 1825 787 1825 872 1823 871 1826 787 1825 871 1826 786 1827 786 1827 871 1826 886 1809 786 1827 886 1809 789 1810 786 1827 789 1810 784 1828 784 1828 789 1810 788 1812 784 1828 788 1812 790 1829 790 1829 788 1812 792 1814 790 1829 792 1814 783 1830 783 1830 792 1814 927 1813 783 1830 927 1813 928 1831 783 1830 928 1831 781 1832 781 1832 928 1831 929 1833 784 1828 790 1829 785 1834 784 1828 785 1834 786 1827 786 1827 785 1834 787 1825 787 1825 785 1834 877 1824 870 1835 871 1826 872 1823 870 1835 872 1823 875 1821 870 1835 875 1821 873 1836 873 1836 875 1821 912 1837 912 1837 875 1821 909 1819 912 1837 909 1819 839 1817 929 1833 930 1838 885 1839 929 1833 885 1839 781 1832 781 1832 885 1839 782 1840 781 1832 782 1840 783 1830 783 1830 782 1840 937 1841 783 1830 937 1841 790 1829 790 1829 937 1841 791 1842 790 1829 791 1842 785 1834 785 1834 791 1842 879 1843 785 1834 879 1843 877 1824 877 1824 879 1843 878 1844 877 1824 878 1844 876 1822 876 1822 878 1844 908 1845 876 1822 908 1845 910 1820 910 1820 908 1845 832 1846 910 1820 832 1846 837 1818 837 1818 832 1846 831 1847 837 1818 831 1847 836 1815 836 1815 831 1847 835 1848 836 1815 835 1848 838 1816 838 1816 835 1848 845 1849 838 1816 845 1849 839 1817 839 1817 845 1849 844 1850 839 1817 844 1850 912 1837 912 1837 844 1850 843 1851 912 1837 843 1851 911 1852 912 1837 911 1852 873 1836 873 1836 911 1852 874 1853 873 1836 874 1853 870 1835 870 1835 874 1853 869 1854 870 1835 869 1854 868 1804 868 1804 869 1854 867 1805 867 1805 869 1854 798 1855 867 1805 798 1855 795 1806 795 1806 798 1855 793 1856 795 1806 793 1856 794 1807 794 1807 793 1856 800 1857 794 1807 800 1857 922 1808 922 1808 800 1857 894 1858 922 1808 894 1858 933 1859 933 1859 894 1858 882 1860 933 1859 882 1860 932 1861 932 1861 882 1860 931 1862 931 1862 882 1860 883 1863 883 1863 882 1860 881 1864 881 1864 882 1860 880 1865 881 1864 880 1865 941 1866 941 1866 880 1865 940 1867 941 1866 940 1867 934 1868 934 1868 940 1867 935 1869 934 1868 935 1869 919 1870 919 1870 935 1869 918 1871 919 1870 918 1871 830 1872 830 1872 918 1871 821 1873 830 1872 821 1873 819 1874 819 1874 821 1873 820 1875 819 1874 820 1875 818 1876 818 1876 820 1875 823 1877 818 1876 823 1877 822 1878 818 1876 822 1878 824 1879 818 1876 824 1879 819 1874 819 1874 824 1879 829 1880 819 1874 829 1880 830 1872 882 1860 894 1858 880 1865 884 1881 782 1840 885 1839 878 1844 906 1882 908 1845 908 1845 906 1882 907 1883 908 1845 907 1883 832 1846 832 1846 907 1883 834 1884 832 1846 834 1884 833 1885 832 1846 833 1885 831 1847 831 1847 833 1885 835 1848 807 1886 916 1887 791 1842 791 1842 916 1887 879 1843 938 1888 936 1889 810 1890 938 1888 810 1890 939 1891 939 1891 810 1890 807 1886 939 1891 807 1886 942 1892 942 1892 807 1886 791 1842 942 1892 791 1842 937 1841 942 1892 937 1841 782 1840 942 1892 782 1840 939 1891 939 1891 782 1840 884 1881 939 1891 884 1881 938 1888 810 1890 808 1893 807 1886 841 1894 843 1851 842 1895 841 1894 842 1895 840 1896 841 1894 840 1896 846 1897 841 1894 846 1897 847 1898 841 1894 847 1898 848 1899 841 1894 848 1899 843 1851 843 1851 848 1899 913 1900 843 1851 913 1900 911 1852 911 1852 913 1900 874 1853 874 1853 913 1900 803 1901 874 1853 803 1901 805 1902 874 1853 805 1902 869 1854 869 1854 805 1902 798 1855 798 1855 805 1902 797 1903 798 1855 797 1903 793 1856 793 1856 797 1903 799 1904 793 1856 799 1904 800 1857 800 1857 799 1904 894 1858 894 1858 799 1904 893 1905 894 1858 893 1905 880 1865 880 1865 893 1905 892 1906 880 1865 892 1906 940 1867 940 1867 892 1906 935 1869 935 1869 892 1906 891 1907 935 1869 891 1907 918 1871 918 1871 891 1907 915 1908 918 1871 915 1908 821 1873 821 1873 915 1908 820 1875 820 1875 915 1908 823 1877 823 1877 915 1908 914 1909 914 1909 915 1908 899 1910 914 1909 899 1910 898 1911 898 1911 899 1910 897 1912 897 1912 899 1910 900 1913 897 1912 900 1913 852 1914 852 1914 900 1913 901 1915 852 1914 901 1915 854 1916 852 1914 854 1916 851 1917 851 1917 854 1916 853 1918 851 1917 853 1918 855 1919 851 1917 855 1919 849 1920 851 1917 849 1920 850 1921 851 1917 850 1921 852 1914 852 1914 850 1921 897 1912 891 1907 899 1910 915 1908 802 1922 899 1910 801 1923 801 1923 899 1910 891 1907 801 1923 891 1907 892 1906 802 1922 804 1924 899 1910 899 1910 804 1924 900 1913 900 1913 804 1924 901 1915 901 1915 804 1924 803 1901 803 1901 804 1924 805 1902 805 1902 804 1924 802 1922 805 1902 802 1922 797 1903 797 1903 802 1922 801 1923 797 1903 801 1923 799 1904 799 1904 801 1923 892 1906 799 1904 892 1906 893 1905 936 1889 920 1925 811 1926 936 1889 811 1926 810 1890 810 1890 811 1926 812 1927 810 1890 812 1927 808 1893 808 1893 812 1927 806 1928 808 1893 806 1928 807 1886 807 1886 806 1928 809 1929 807 1886 809 1929 916 1887 916 1887 809 1929 902 1930 916 1887 902 1930 879 1843 879 1843 902 1930 878 1844 878 1844 902 1930 903 1931 878 1844 903 1931 906 1882 906 1882 903 1931 905 1932 905 1932 903 1931 862 1933 905 1932 862 1933 864 1934 864 1934 862 1933 863 1935 863 1935 862 1933 861 1936 863 1935 861 1936 860 1937 860 1937 861 1936 856 1938 860 1937 856 1938 858 1939 858 1939 856 1938 857 1940 858 1939 857 1940 859 1941 859 1941 857 1940 904 1942 859 1941 904 1942 896 1943 896 1943 904 1942 902 1930 896 1943 902 1930 809 1929 896 1943 809 1929 806 1928 896 1943 806 1928 895 1944 896 1943 895 1944 859 1941 859 1941 895 1944 866 1945 859 1941 866 1945 865 1946 859 1941 865 1946 858 1939 858 1939 865 1946 860 1937 861 1936 862 1933 856 1938 856 1938 862 1933 857 1940 857 1940 862 1933 904 1942 904 1942 862 1933 903 1931 904 1942 903 1931 902 1930 806 1928 812 1927 917 1947 917 1947 812 1927 816 1948 917 1947 816 1948 814 1949 814 1949 816 1948 815 1950 814 1949 815 1950 813 1951 813 1951 815 1950 817 1952 817 1952 815 1950 825 1953 817 1952 825 1953 827 1954 827 1954 825 1953 826 1955 827 1954 826 1955 828 1956 828 1956 826 1955 920 1925 920 1925 826 1955 811 1926 811 1926 826 1955 812 1927 812 1927 826 1955 816 1948 816 1948 826 1955 815 1950 815 1950 826 1955 825 1953 779 1957 780 1958 777 1959 779 1957 777 1959 776 1960 776 1960 777 1959 778 1961 653 1962 654 1963 655 1964 653 1962 655 1964 650 1965 650 1965 655 1964 652 1966 650 1965 652 1966 651 1967 651 1967 652 1966 621 1968 637 1969 638 1970 726 1971 637 1969 726 1971 668 1972 637 1969 668 1972 667 1973 637 1969 667 1973 654 1963 637 1969 654 1963 636 1974 636 1974 654 1963 653 1962 636 1974 653 1962 634 1975 634 1975 653 1962 648 1976 648 1976 653 1962 650 1965 648 1976 650 1965 649 1977 649 1977 650 1965 651 1967 649 1977 651 1967 548 1978 548 1978 651 1967 621 1968 548 1978 621 1968 545 1979 545 1979 621 1968 620 1980 545 1979 620 1980 544 1981 544 1981 620 1980 619 1982 544 1981 619 1982 537 1983 537 1983 619 1982 618 1984 537 1983 618 1984 538 1985 538 1985 618 1984 526 1986 526 1986 618 1984 525 1987 526 1986 525 1987 524 1988 524 1988 525 1987 522 1989 524 1988 522 1989 523 1990 523 1990 522 1989 657 1991 657 1991 522 1989 658 1992 657 1991 658 1992 659 1993 659 1993 658 1992 600 1994 659 1993 600 1994 624 1995 624 1995 600 1994 625 1996 624 1995 625 1996 535 1997 535 1997 625 1996 517 1998 535 1997 517 1998 534 1999 534 1999 517 1998 725 2000 725 2000 517 1998 515 2001 725 2000 515 2001 510 2002 510 2002 515 2001 514 2003 510 2002 514 2003 509 2004 509 2004 514 2003 518 2005 509 2004 518 2005 513 2006 513 2006 518 2005 627 2007 513 2006 627 2007 626 2008 626 2008 627 2007 622 2009 626 2008 622 2009 623 2010 626 2008 623 2010 656 2011 626 2008 656 2011 511 2012 511 2012 656 2011 512 2013 511 2012 512 2013 505 2014 505 2014 512 2013 506 2015 505 2014 506 2015 507 2016 507 2016 506 2015 508 2017 507 2016 508 2017 520 2018 520 2018 508 2017 673 2019 520 2018 673 2019 672 2020 520 2018 672 2020 521 2021 521 2021 672 2020 671 2022 521 2021 725 2000 510 2002 521 2021 510 2002 520 2018 520 2018 510 2002 507 2016 507 2016 510 2002 509 2004 507 2016 509 2004 505 2014 505 2014 509 2004 511 2012 511 2012 509 2004 513 2006 511 2012 513 2006 626 2008 638 1970 637 1969 636 1974 638 1970 636 1974 632 2023 632 2023 636 1974 634 1975 525 1987 618 1984 605 2024 605 2024 618 1984 619 1982 605 2024 619 1982 607 2025 607 2025 619 1982 620 1980 607 2025 620 1980 622 2009 622 2009 620 1980 621 1968 622 2009 621 1968 623 2010 623 2010 621 1968 652 1966 623 2010 652 1966 656 2011 656 2011 652 1966 655 1964 656 2011 655 1964 512 2013 512 2013 655 1964 654 1963 512 2013 654 1963 506 2015 506 2015 654 1963 667 1973 506 2015 667 1973 508 2017 508 2017 667 1973 668 1972 508 2017 668 1972 673 2019 673 2019 668 1972 680 2026 680 2026 668 1972 730 2027 730 2027 668 1972 727 2028 727 2028 668 1972 726 1971 727 2028 726 1971 640 2029 640 2029 726 1971 638 1970 640 2029 638 1970 641 2030 641 2030 638 1970 633 2031 633 2031 638 1970 632 2023 633 2031 632 2023 628 2032 628 2032 632 2023 634 1975 628 2032 634 1975 635 2033 635 2033 634 1975 648 1976 635 2033 648 1976 647 2034 647 2034 648 1976 649 1977 647 2034 649 1977 549 2035 549 2035 649 1977 548 1978 549 2035 548 1978 547 2036 547 2036 548 1978 546 2037 546 2037 548 1978 545 1979 546 2037 545 1979 543 2038 543 2038 545 1979 544 1981 543 2038 544 1981 542 2039 542 2039 544 1981 537 1983 542 2039 537 1983 539 2040 539 2040 537 1983 538 1985 539 2040 538 1985 540 2041 540 2041 538 1985 541 2042 541 2042 538 1985 526 1986 541 2042 526 1986 660 2043 660 2043 526 1986 524 1988 660 2043 524 1988 661 2044 661 2044 524 1988 523 1990 661 2044 523 1990 663 2045 663 2045 523 1990 657 1991 663 2045 657 1991 662 2046 662 2046 657 1991 533 2047 662 2046 533 2047 664 2048 664 2048 533 2047 532 2049 664 2048 532 2049 666 2050 665 2051 661 2044 663 2045 639 2052 640 2029 641 2030 600 1994 658 1992 597 2053 597 2053 658 1992 522 1989 597 2053 522 1989 527 2054 527 2054 522 1989 525 1987 527 2054 525 1987 605 2024 534 1999 536 2055 535 1997 535 1997 536 2055 530 2056 535 1997 530 2056 624 1995 536 2055 528 2057 530 2056 528 2057 529 2058 530 2056 530 2056 529 2058 531 2059 530 2056 531 2059 624 1995 624 1995 531 2059 659 1993 659 1993 531 2059 533 2047 659 1993 533 2047 657 1991 529 2058 532 2049 531 2059 531 2059 532 2049 533 2047 514 2003 515 2001 516 2060 516 2060 515 2001 517 1998 516 2060 517 1998 625 1996 516 2060 625 1996 617 2061 617 2061 625 1996 600 1994 617 2061 600 1994 599 2062 599 2062 600 1994 597 2053 599 2062 597 2053 596 2063 596 2063 597 2053 598 2064 598 2064 597 2053 527 2054 598 2064 527 2054 604 2065 604 2065 527 2054 605 2024 604 2065 605 2024 606 2066 606 2066 605 2024 607 2025 606 2066 607 2025 610 2067 610 2067 607 2025 622 2009 610 2067 622 2009 627 2007 610 2067 627 2007 518 2005 610 2067 518 2005 519 2068 519 2068 518 2005 514 2003 519 2068 514 2003 516 2060 519 2068 516 2060 617 2061 519 2068 617 2061 613 2069 613 2069 617 2061 616 2070 616 2070 617 2061 599 2062 609 2071 606 2066 610 2067 609 2071 610 2067 613 2069 613 2069 610 2067 519 2068 630 2072 633 2031 628 2032 630 2072 628 2032 629 2073 629 2073 628 2032 635 2033 629 2073 635 2033 642 2074 642 2074 635 2033 647 2034 642 2074 647 2034 550 2075 550 2075 647 2034 549 2035 550 2075 549 2035 547 2036 550 2075 547 2036 551 2076 550 2075 551 2076 552 2077 552 2077 551 2076 553 2078 552 2077 553 2078 644 2079 644 2079 553 2078 669 2080 644 2079 669 2080 670 2081 644 2079 670 2081 646 2082 646 2082 670 2081 767 2083 767 2083 670 2081 766 2084 767 2083 766 2084 728 2085 767 2083 728 2085 639 2052 639 2052 728 2085 729 2086 639 2052 729 2086 640 2029 640 2029 729 2086 727 2028 644 2079 646 2082 645 2087 550 2075 552 2077 642 2074 642 2074 552 2077 643 2088 642 2074 643 2088 629 2073 629 2073 643 2088 631 2089 629 2073 631 2089 630 2072 552 2077 644 2079 643 2088 643 2088 644 2079 645 2087 643 2088 645 2087 631 2089 487 2090 490 2091 502 2092 487 2090 502 2092 501 2093 480 2094 503 2095 481 2096 481 2096 503 2095 502 2092 481 2096 502 2092 490 2091 481 2096 490 2091 479 2097 485 2098 486 2099 484 2100 484 2100 486 2099 695 2101 484 2100 695 2101 694 2102 484 2100 694 2102 723 2103 723 2103 694 2102 705 2104 723 2103 705 2104 722 2105 723 2103 722 2105 716 2106 716 2106 722 2105 719 2107 716 2106 719 2107 718 2108 716 2106 718 2108 717 2109 717 2109 718 2108 713 2110 717 2109 713 2110 711 2111 717 2109 711 2111 491 2112 491 2112 711 2111 483 2113 491 2112 483 2113 479 2097 491 2112 479 2097 489 2114 489 2114 479 2097 490 2091 489 2114 490 2091 485 2098 485 2098 490 2091 487 2090 485 2098 487 2090 486 2099 486 2099 487 2090 501 2093 486 2099 501 2093 500 2115 486 2099 500 2115 496 2116 496 2116 500 2115 497 2117 486 2099 496 2116 695 2101 716 2106 488 2118 723 2103 723 2103 488 2118 484 2100 484 2100 488 2118 485 2098 485 2098 488 2118 489 2114 489 2114 488 2118 491 2112 491 2112 488 2118 716 2106 491 2112 716 2106 717 2109 480 2094 481 2096 479 2097 480 2094 479 2097 482 2119 482 2119 479 2097 483 2113 482 2119 483 2113 710 2120 710 2120 483 2113 711 2111 710 2120 711 2111 712 2121 712 2121 711 2111 713 2110 712 2121 713 2110 714 2122 714 2122 713 2110 715 2123 715 2123 713 2110 718 2108 715 2123 718 2108 720 2124 720 2124 718 2108 719 2107 720 2124 719 2107 721 2125 721 2125 719 2107 722 2105 721 2125 722 2105 724 2126 724 2126 722 2105 703 2127 703 2127 722 2105 705 2104 703 2127 705 2104 704 2128 704 2128 705 2104 694 2102 704 2128 694 2102 696 2129 696 2129 694 2102 695 2101 696 2129 695 2101 697 2130 697 2130 695 2101 496 2116 697 2130 496 2116 498 2131 498 2131 496 2116 497 2117 498 2131 497 2117 499 2132 499 2132 497 2117 691 2133 691 2133 497 2117 686 2134 686 2134 497 2117 685 2135 685 2135 497 2117 500 2115 685 2135 500 2115 687 2136 687 2136 500 2115 501 2093 687 2136 501 2093 693 2137 693 2137 501 2093 502 2092 693 2137 502 2092 690 2138 690 2138 502 2092 503 2095 690 2138 503 2095 504 2139 504 2139 503 2095 480 2094 504 2139 480 2094 492 2140 492 2140 480 2094 700 2141 492 2140 700 2141 701 2142 701 2142 700 2141 699 2143 699 2143 700 2141 698 2144 699 2143 698 2144 709 2145 709 2145 698 2144 710 2120 709 2145 710 2120 712 2121 709 2145 712 2121 714 2122 709 2145 714 2122 708 2146 709 2145 708 2146 707 2147 707 2147 708 2146 706 2148 710 2120 698 2144 482 2119 482 2119 698 2144 700 2141 482 2119 700 2141 480 2094 707 2147 699 2143 709 2145 702 2149 703 2127 704 2128 701 2142 493 2150 492 2140 692 2151 688 2152 495 2153 495 2153 688 2152 494 2154 495 2153 494 2154 493 2150 493 2150 494 2154 492 2140 492 2140 494 2154 504 2139 504 2139 494 2154 689 2155 504 2139 689 2155 690 2138 688 2152 689 2155 494 2154 770 2156 564 2157 561 2158 560 2159 561 2158 562 2160 562 2160 561 2158 563 2161 563 2161 561 2158 565 2162 565 2162 561 2158 564 2157 565 2162 564 2157 589 2163 589 2163 564 2157 588 2164 588 2164 564 2157 769 2165 769 2165 564 2157 770 2156 769 2165 770 2156 587 2166 587 2166 770 2156 559 2167 559 2167 770 2156 556 2168 556 2168 770 2156 561 2158 556 2168 561 2158 554 2169 554 2169 561 2158 560 2159 554 2169 560 2159 568 2170 568 2170 560 2159 571 2171 571 2171 560 2159 573 2172 573 2172 560 2159 562 2160 590 2173 592 2174 562 2160 562 2160 592 2174 603 2175 562 2160 603 2175 573 2172 573 2172 603 2175 572 2176 573 2172 572 2176 571 2171 571 2171 572 2176 570 2177 571 2171 570 2177 568 2170 568 2170 570 2177 566 2178 568 2170 566 2178 567 2179 568 2170 567 2179 569 2180 568 2170 569 2180 554 2169 554 2169 569 2180 555 2181 554 2169 555 2181 556 2168 556 2168 555 2181 557 2182 556 2168 557 2182 558 2183 556 2168 558 2183 559 2167 559 2167 558 2183 586 2184 559 2167 586 2184 587 2166 587 2166 586 2184 578 2185 590 2173 562 2160 563 2161 590 2173 563 2161 594 2186 594 2186 563 2161 565 2162 594 2186 565 2162 614 2187 614 2187 565 2162 589 2163 614 2187 589 2163 585 2188 585 2188 589 2163 588 2164 585 2188 588 2164 584 2189 584 2189 588 2164 769 2165 584 2189 769 2165 768 2190 768 2190 769 2165 587 2166 768 2190 587 2166 580 2191 580 2191 587 2166 578 2185 580 2191 578 2185 579 2192 580 2191 579 2192 581 2193 580 2191 581 2193 768 2190 768 2190 581 2193 582 2194 768 2190 582 2194 584 2189 584 2189 582 2194 583 2195 584 2189 583 2195 585 2188 585 2188 583 2195 612 2196 585 2188 612 2196 611 2197 585 2188 611 2197 614 2187 614 2187 611 2197 615 2198 614 2187 615 2198 594 2186 594 2186 615 2198 595 2199 594 2186 595 2199 590 2173 590 2173 595 2199 591 2200 590 2173 591 2200 592 2174 592 2174 591 2200 593 2201 592 2174 593 2201 601 2202 592 2174 601 2202 603 2175 603 2175 601 2202 602 2203 603 2175 602 2203 572 2176 572 2176 602 2203 608 2204 572 2176 608 2204 577 2205 572 2176 577 2205 570 2177 570 2177 577 2205 576 2206 570 2177 576 2206 566 2178 566 2178 576 2206 574 2207 566 2178 574 2207 567 2179 567 2179 574 2207 575 2208 736 2209 735 2210 761 2211 731 2212 732 2213 733 2214 731 2212 733 2214 736 2209 736 2209 733 2214 735 2210 735 2210 733 2214 737 2215 735 2210 737 2215 738 2216 735 2210 738 2216 762 2217 735 2210 762 2217 761 2211 761 2211 762 2217 757 2218 761 2211 757 2218 756 2219 756 2219 757 2218 751 2220 751 2220 757 2218 752 2221 751 2220 752 2221 750 2222 750 2222 752 2221 749 2223 750 2222 749 2223 743 2224 743 2224 749 2223 741 2225 743 2224 741 2225 683 2226 683 2226 741 2225 682 2227 683 2226 682 2227 681 2228 681 2228 682 2227 679 2229 681 2228 679 2229 678 2230 681 2228 684 2231 683 2226 742 2232 679 2229 682 2227 742 2232 682 2227 741 2225 742 2232 741 2225 748 2233 748 2233 741 2225 749 2223 748 2233 749 2223 753 2234 753 2234 749 2223 752 2221 753 2234 752 2221 758 2235 758 2235 752 2221 757 2218 758 2235 757 2218 762 2217 758 2235 762 2217 763 2236 763 2236 762 2217 738 2216 676 2237 678 2230 674 2238 674 2238 678 2230 679 2229 674 2238 679 2229 744 2239 744 2239 679 2229 742 2232 744 2239 742 2232 747 2240 747 2240 742 2232 748 2233 747 2240 748 2233 755 2241 755 2241 748 2233 753 2234 755 2241 753 2234 759 2242 759 2242 753 2234 758 2235 759 2242 758 2235 764 2243 764 2243 758 2235 763 2236 764 2243 763 2236 740 2244 740 2244 763 2236 738 2216 740 2244 738 2216 739 2245 739 2245 738 2216 737 2215 739 2245 737 2215 771 2246 771 2246 737 2215 733 2214 771 2246 733 2214 734 2247 734 2247 733 2214 732 2213 734 2247 732 2213 772 2248 734 2247 772 2248 771 2246 771 2246 772 2248 773 2249 771 2246 773 2249 739 2245 739 2245 773 2249 775 2250 739 2245 775 2250 774 2251 739 2245 774 2251 740 2244 740 2244 774 2251 764 2243 764 2243 774 2251 765 2252 764 2243 765 2252 759 2242 759 2242 765 2252 760 2253 759 2242 760 2253 755 2241 755 2241 760 2253 754 2254 755 2241 754 2254 747 2240 747 2240 754 2254 746 2255 747 2240 746 2255 744 2239 744 2239 746 2255 745 2256 744 2239 745 2256 674 2238 674 2238 745 2256 675 2257 674 2238 675 2257 676 2237 676 2237 675 2257 677 2258 474 2259 475 2260 470 2261 474 2259 470 2261 473 2262 473 2262 470 2261 472 2263 472 2263 470 2261 471 2264 471 2264 470 2261 469 2265 469 2265 470 2261 468 2266 467 2267 468 2266 465 2268 467 2267 465 2268 464 2269 464 2269 465 2268 466 2270 466 2270 465 2268 478 2271 478 2271 465 2268 476 2272 476 2272 465 2268 477 2273 455 2274 456 2275 440 2276 412 2277 455 2274 439 2278 439 2278 455 2274 440 2276 439 2278 440 2276 350 2279 372 2280 371 2281 373 2282 372 2280 373 2282 376 2283 372 2280 376 2283 375 2284 372 2280 375 2284 374 2285 372 2280 374 2285 370 2286 370 2286 374 2285 422 2287 370 2286 422 2287 421 2288 370 2286 421 2288 418 2289 418 2289 421 2288 419 2290 418 2289 419 2290 420 2291 420 2291 419 2290 435 2292 435 2292 419 2290 436 2293 435 2292 436 2293 343 2294 343 2294 436 2293 341 2295 343 2294 341 2295 342 2296 342 2296 341 2295 340 2297 342 2296 340 2297 345 2298 345 2298 340 2297 351 2299 351 2299 340 2297 350 2279 350 2279 340 2297 339 2300 350 2279 339 2300 439 2278 439 2278 339 2300 436 2293 439 2278 436 2293 412 2277 412 2277 436 2293 419 2290 341 2295 436 2293 339 2300 341 2295 339 2300 340 2297 371 2281 372 2280 370 2286 371 2281 370 2286 418 2289 342 2296 345 2298 344 2301 342 2296 344 2301 343 2294 326 2302 419 2290 421 2288 326 2302 421 2288 422 2287 326 2302 422 2287 324 2303 395 2304 432 2305 396 2306 396 2306 432 2305 431 2307 396 2306 431 2307 430 2308 430 2308 431 2307 357 2309 430 2308 357 2309 353 2310 353 2310 357 2309 355 2311 353 2310 355 2311 354 2312 354 2312 355 2311 356 2313 356 2313 355 2311 358 2314 356 2313 358 2314 360 2315 360 2315 358 2314 359 2316 360 2315 359 2316 365 2317 365 2317 359 2316 366 2318 366 2318 359 2316 432 2305 366 2318 432 2305 361 2319 361 2319 432 2305 433 2320 361 2319 433 2320 434 2321 434 2321 433 2320 394 2322 434 2321 394 2322 324 2303 324 2303 394 2322 325 2323 324 2303 325 2323 326 2302 326 2302 325 2323 323 2324 326 2302 323 2324 419 2290 419 2290 323 2324 322 2325 419 2290 322 2325 412 2277 412 2277 322 2325 413 2326 412 2277 413 2326 455 2274 455 2274 413 2326 462 2327 455 2274 462 2327 456 2275 456 2275 462 2327 461 2328 461 2328 462 2327 404 2329 461 2328 404 2329 402 2330 402 2330 404 2329 403 2331 402 2330 403 2331 401 2332 401 2332 403 2331 453 2333 453 2333 403 2331 452 2334 452 2334 403 2331 454 2335 454 2335 403 2331 414 2336 454 2335 414 2336 442 2337 442 2337 414 2336 320 2338 442 2337 320 2338 315 2339 315 2339 320 2338 317 2340 315 2339 317 2340 316 2341 316 2341 317 2340 318 2342 316 2341 318 2342 391 2343 391 2343 318 2342 390 2344 391 2343 390 2344 389 2345 389 2345 390 2344 388 2346 388 2346 390 2344 394 2322 388 2346 394 2322 395 2304 395 2304 394 2322 433 2320 395 2304 433 2320 432 2305 414 2336 403 2331 404 2329 431 2307 432 2305 359 2316 431 2307 359 2316 357 2309 357 2309 359 2316 358 2314 357 2309 358 2314 355 2311 360 2315 365 2317 356 2313 462 2327 413 2326 404 2329 404 2329 413 2326 415 2347 404 2329 415 2347 414 2336 414 2336 415 2347 321 2348 414 2336 321 2348 320 2338 320 2338 321 2348 317 2340 317 2340 321 2348 319 2349 317 2340 319 2349 318 2342 318 2342 319 2349 325 2323 318 2342 325 2323 390 2344 390 2344 325 2323 394 2322 415 2347 413 2326 321 2348 321 2348 413 2326 322 2325 321 2348 322 2325 319 2349 319 2349 322 2325 323 2324 319 2349 323 2324 325 2323 443 2350 442 2337 315 2339 443 2350 315 2339 314 2351 314 2351 315 2339 316 2341 314 2351 316 2341 410 2352 410 2352 316 2341 391 2343 410 2352 391 2343 389 2345 410 2352 389 2345 411 2353 410 2352 411 2353 409 2354 410 2352 409 2354 314 2351 314 2351 409 2354 444 2355 314 2351 444 2355 443 2350 409 2354 445 2356 444 2355 445 2356 407 2357 446 2358 407 2357 408 2359 309 2360 407 2357 309 2360 446 2358 446 2358 309 2360 447 2361 448 2362 447 2361 310 2363 310 2363 447 2361 309 2360 310 2363 309 2360 308 2364 308 2364 309 2360 307 2365 307 2365 309 2360 408 2359 307 2365 408 2359 392 2366 457 2367 332 2368 441 2369 441 2369 332 2368 347 2370 441 2369 347 2370 346 2371 346 2371 347 2370 348 2372 348 2372 347 2370 349 2373 348 2372 349 2373 338 2374 338 2374 349 2373 336 2375 338 2374 336 2375 337 2376 337 2376 336 2375 335 2377 335 2377 336 2375 334 2378 335 2377 334 2378 438 2379 438 2379 334 2378 333 2380 438 2379 333 2380 327 2381 327 2381 333 2380 328 2382 327 2381 328 2382 329 2383 329 2383 328 2382 331 2384 329 2383 331 2384 459 2385 459 2385 331 2384 460 2386 459 2385 460 2386 406 2387 459 2385 406 2387 304 2388 304 2388 406 2387 405 2389 304 2388 405 2389 302 2390 302 2390 405 2389 450 2391 302 2390 450 2391 449 2392 302 2390 449 2392 303 2393 303 2393 449 2392 448 2362 303 2393 448 2362 313 2394 313 2394 448 2362 310 2363 313 2394 310 2363 312 2395 312 2395 310 2363 308 2364 312 2395 308 2364 306 2396 306 2396 308 2364 307 2365 306 2396 307 2365 305 2397 305 2397 307 2365 392 2366 305 2397 392 2366 393 2398 393 2398 392 2366 388 2346 393 2398 388 2346 396 2306 396 2306 388 2346 395 2304 457 2367 460 2386 331 2384 457 2367 331 2384 332 2368 332 2368 331 2384 333 2380 332 2368 333 2380 347 2370 347 2370 333 2380 334 2378 347 2370 334 2378 336 2375 347 2370 336 2375 349 2373 333 2380 331 2384 328 2382 405 2389 451 2399 450 2391 303 2393 313 2394 312 2395 303 2393 312 2395 458 2400 458 2400 312 2395 311 2401 311 2401 312 2395 306 2396 302 2390 303 2393 304 2388 304 2388 303 2393 458 2400 304 2388 458 2400 463 2402 463 2402 458 2400 311 2401 463 2402 311 2401 329 2383 463 2402 329 2383 459 2385 463 2402 459 2385 304 2388 399 2403 426 2404 425 2405 425 2405 426 2404 427 2406 425 2405 427 2406 382 2407 382 2407 427 2406 384 2408 382 2407 384 2408 385 2409 382 2407 385 2409 383 2410 382 2407 383 2410 380 2411 380 2411 383 2410 381 2412 380 2411 381 2412 379 2413 379 2413 381 2412 387 2414 379 2413 387 2414 377 2415 377 2415 387 2414 386 2416 377 2415 386 2416 416 2417 377 2415 416 2417 417 2418 417 2418 416 2417 327 2381 417 2418 327 2381 330 2419 330 2419 327 2381 329 2383 330 2419 329 2383 437 2420 437 2420 329 2383 311 2401 437 2420 311 2401 397 2421 397 2421 311 2401 306 2396 397 2421 306 2396 398 2422 398 2422 306 2396 305 2397 398 2422 305 2397 393 2398 398 2422 393 2398 400 2423 400 2423 393 2398 396 2306 400 2423 396 2306 430 2308 400 2423 430 2308 428 2424 428 2424 430 2308 353 2310 428 2424 353 2310 429 2425 429 2425 353 2310 352 2426 352 2426 353 2310 354 2312 383 2410 385 2409 381 2412 437 2420 397 2421 424 2427 437 2420 424 2427 330 2419 330 2419 424 2427 417 2418 417 2418 424 2427 423 2428 417 2418 423 2428 377 2415 377 2415 423 2428 378 2429 377 2415 378 2429 379 2413 379 2413 378 2429 380 2411 380 2411 378 2429 382 2407 382 2407 378 2429 423 2428 382 2407 423 2428 425 2405 425 2405 423 2428 424 2427 425 2405 424 2427 399 2403 399 2403 424 2427 397 2421 399 2403 397 2421 398 2422 399 2403 398 2422 400 2423 399 2403 400 2423 428 2424 399 2403 428 2424 426 2404 426 2404 428 2424 429 2425 434 2321 368 2430 361 2319 361 2319 368 2430 362 2431 361 2319 362 2431 363 2432 363 2432 362 2431 364 2433 364 2433 362 2431 367 2434 367 2434 362 2431 369 2435 369 2435 362 2431 368 2430 297 2436 298 2437 299 2438 297 2436 299 2438 301 2439 301 2439 299 2438 300 2440 266 2441 268 2442 262 2443 262 2443 268 2442 269 2444 269 2444 268 2442 275 2445 269 2444 275 2445 274 2446 274 2446 275 2445 280 2447 274 2446 280 2447 279 2448 279 2448 280 2447 285 2449 279 2448 285 2449 284 2450 284 2450 285 2449 260 2451 260 2451 285 2449 295 2452 295 2452 285 2449 286 2453 286 2453 285 2449 280 2447 286 2453 280 2447 281 2454 281 2454 280 2447 275 2445 281 2454 275 2445 276 2455 276 2455 275 2445 268 2442 276 2455 268 2442 267 2456 267 2456 268 2442 266 2441 267 2456 266 2441 265 2457 296 2458 294 2459 261 2460 296 2458 261 2460 295 2452 295 2452 261 2460 260 2451 260 2451 261 2460 258 2461 260 2451 258 2461 284 2450 284 2450 258 2461 282 2462 284 2450 282 2462 279 2448 279 2448 282 2462 277 2463 279 2448 277 2463 272 2464 279 2448 272 2464 274 2446 274 2446 272 2464 270 2465 274 2446 270 2465 269 2444 269 2444 270 2465 263 2466 269 2444 263 2466 262 2443 262 2443 263 2466 202 2467 262 2443 202 2467 199 2468 262 2443 199 2468 266 2441 266 2441 199 2468 198 2469 266 2441 198 2469 265 2457 265 2457 198 2469 196 2470 195 2471 196 2470 197 2472 197 2472 196 2470 198 2469 197 2472 198 2469 200 2473 200 2473 198 2469 199 2468 200 2473 199 2468 203 2474 203 2474 199 2468 202 2467 203 2474 202 2467 205 2475 205 2475 202 2467 263 2466 205 2475 263 2466 264 2476 264 2476 263 2466 270 2465 264 2476 270 2465 271 2477 271 2477 270 2465 272 2464 271 2477 272 2464 273 2478 273 2478 272 2464 277 2463 273 2478 277 2463 278 2479 278 2479 277 2463 283 2480 283 2480 277 2463 282 2462 283 2480 282 2462 257 2481 257 2481 282 2462 258 2461 257 2481 258 2461 259 2482 259 2482 258 2461 261 2460 259 2482 261 2460 292 2483 292 2483 261 2460 294 2459 292 2483 294 2459 293 2484 292 2483 293 2484 255 2485 255 2485 293 2484 254 2486 255 2485 254 2486 253 2487 253 2487 254 2486 252 2488 253 2487 252 2488 256 2489 253 2487 256 2489 257 2481 257 2481 256 2489 283 2480 292 2483 255 2485 253 2487 292 2483 253 2487 259 2482 259 2482 253 2487 257 2481 204 2490 203 2474 205 2475 8 2491 10 2492 7 2493 8 2491 7 2493 6 2494 6 2494 7 2493 5 2495 6 2494 5 2495 216 2496 216 2496 5 2495 218 2497 24 2498 1 2499 23 2500 23 2500 1 2499 10 2492 23 2500 10 2492 8 2491 23 2500 8 2491 22 2501 22 2501 8 2491 6 2494 22 2501 6 2494 21 2502 21 2502 6 2494 20 2503 20 2503 6 2494 216 2496 20 2503 18 2504 21 2502 211 2505 24 2498 23 2500 211 2505 23 2500 214 2506 214 2506 23 2500 22 2501 214 2506 22 2501 208 2507 208 2507 22 2501 21 2502 208 2507 21 2502 207 2508 207 2508 21 2502 18 2504 207 2508 18 2504 206 2509 206 2509 18 2504 212 2510 212 2510 18 2504 17 2511 17 2511 18 2504 19 2512 19 2512 18 2504 20 2503 19 2512 20 2503 215 2513 215 2513 20 2503 216 2496 215 2513 216 2496 217 2514 217 2514 216 2496 218 2497 217 2514 218 2497 224 2515 224 2515 218 2497 226 2516 224 2515 226 2516 225 2517 225 2517 226 2516 244 2518 225 2517 244 2518 245 2519 245 2519 244 2518 239 2520 239 2520 244 2518 240 2521 239 2520 240 2521 241 2522 241 2522 240 2521 242 2523 241 2522 242 2523 233 2524 233 2524 242 2523 234 2525 233 2524 234 2525 235 2526 235 2526 234 2525 236 2527 235 2526 236 2527 230 2528 230 2528 236 2527 231 2529 230 2528 231 2529 222 2530 222 2530 231 2529 3 2531 222 2530 3 2531 221 2532 221 2532 3 2531 2 2533 221 2532 2 2533 16 2534 16 2534 2 2533 25 2535 16 2534 25 2535 15 2536 15 2536 25 2535 209 2537 15 2536 209 2537 210 2538 15 2536 210 2538 13 2539 13 2539 210 2538 213 2540 228 2541 235 2526 230 2528 223 2542 224 2515 225 2517 211 2505 209 2537 25 2535 211 2505 25 2535 24 2498 24 2498 25 2535 2 2533 24 2498 2 2533 1 2499 1 2499 2 2533 0 2543 1 2499 0 2543 10 2492 10 2492 0 2543 11 2544 10 2492 11 2544 7 2493 7 2493 11 2544 9 2545 7 2493 9 2545 5 2495 5 2495 9 2545 243 2546 5 2495 243 2546 218 2497 218 2497 243 2546 226 2516 226 2516 243 2546 244 2518 244 2518 243 2546 238 2547 244 2518 238 2547 240 2521 240 2521 238 2547 242 2523 242 2523 238 2547 237 2548 242 2523 237 2548 234 2525 234 2525 237 2548 232 2549 234 2525 232 2549 236 2527 236 2527 232 2549 231 2529 231 2529 232 2549 4 2550 231 2529 4 2550 3 2531 3 2531 4 2550 0 2543 3 2531 0 2543 2 2533 237 2548 238 2547 12 2551 237 2548 12 2551 232 2549 232 2549 12 2551 4 2550 4 2550 12 2551 0 2543 0 2543 12 2551 11 2544 11 2544 12 2551 9 2545 9 2545 12 2551 238 2547 9 2545 238 2547 243 2546 227 2552 228 2541 229 2553 229 2553 228 2541 230 2528 229 2553 230 2528 220 2554 220 2554 230 2528 222 2530 220 2554 222 2530 221 2532 220 2554 221 2532 219 2555 219 2555 221 2532 16 2534 219 2555 16 2534 14 2556 14 2556 16 2534 15 2536 14 2556 15 2536 13 2539 1558 2557 1559 2558 1401 2559 1558 2557 1401 2559 1574 2560 1574 2560 1401 2559 1404 2561 1574 2560 1404 2561 1567 2562 1567 2562 1404 2561 1403 2563 1567 2562 1403 2563 1566 2564 1566 2564 1403 2563 1405 2565 1405 2565 1403 2563 1397 2566 1397 2566 1403 2563 1404 2561 1397 2566 1404 2561 1401 2559 1397 2566 1401 2559 1402 2567 1402 2567 1401 2559 1559 2558 1402 2567 1559 2558 1400 2568 1400 2568 1559 2558 1572 2569 1400 2568 1572 2569 1573 2570 1400 2568 1573 2570 1398 2571 1398 2571 1573 2570 1564 2572 1398 2571 1564 2572 1399 2573 1399 2573 1564 2572 1565 2574 1399 2573 1565 2574 1406 2575 1399 2573 1406 2575 1397 2566 1399 2573 1397 2566 1398 2571 1398 2571 1397 2566 1400 2568 1400 2568 1397 2566 1402 2567 1057 2576 1058 2577 1059 2578 1059 2578 1058 2577 1060 2579 1059 2578 1060 2579 1061 2580 1061 2580 1060 2579 1063 2581 1061 2580 1063 2581 1064 2582 1064 2582 1063 2581 1066 2583 1064 2582 1066 2583 1069 2584 1064 2582 1069 2584 1068 2585 1068 2585 1069 2584 1072 2586 1068 2585 1072 2586 1071 2587 1071 2587 1072 2586 1073 2588 1071 2587 1073 2588 1070 2589 1071 2587 1070 2589 1068 2585 1068 2585 1070 2589 1067 2590 1068 2585 1067 2590 1064 2582 1064 2582 1067 2590 1065 2591 1064 2582 1065 2591 1062 2592 1064 2582 1062 2592 1061 2580 1061 2580 1062 2592 1057 2576 1061 2580 1057 2576 1059 2578 948 2593 947 2594 949 2595 948 2593 949 2595 950 2596 950 2596 949 2595 951 2597 951 2597 949 2595 952 2598 952 2598 949 2595 953 2599 953 2599 949 2595 954 2600 955 2601 956 2602 945 2603 955 2601 945 2603 957 2604 957 2604 945 2603 944 2605 944 2605 945 2603 943 2606 943 2606 945 2603 946 2607 946 2607 945 2603 947 2594 958 2608 959 2609 960 2610 960 2610 959 2609 961 2611 961 2611 959 2609 963 2612 961 2611 963 2612 964 2613 964 2613 963 2612 966 2614 964 2613 966 2614 967 2615 967 2615 966 2614 970 2616 970 2616 966 2614 968 2617 970 2616 968 2617 973 2618 973 2618 968 2617 971 2619 973 2618 971 2619 974 2620 974 2620 971 2619 972 2621 972 2621 971 2619 968 2617 972 2621 968 2617 969 2622 969 2622 968 2617 966 2614 969 2622 966 2614 965 2623 965 2623 966 2614 962 2624 962 2624 966 2614 963 2612 962 2624 963 2612 958 2608 958 2608 963 2612 959 2609 975 2625 976 2626 977 2627 977 2627 976 2626 978 2628 978 2628 976 2626 997 2629 978 2628 997 2629 998 2630 998 2630 997 2629 996 2631 996 2631 997 2629 995 2632 996 2631 995 2632 994 2633 994 2633 995 2632 993 2634 994 2633 993 2634 991 2635 994 2633 991 2635 992 2636 992 2636 991 2635 989 2637 992 2636 989 2637 990 2638 990 2638 989 2637 988 2639 988 2639 989 2637 987 2640 988 2639 987 2640 986 2641 986 2641 987 2640 985 2642 986 2641 985 2642 983 2643 986 2641 983 2643 984 2644 984 2644 983 2643 981 2645 984 2644 981 2645 982 2646 982 2646 981 2645 980 2647 980 2647 981 2645 979 2648 980 2647 979 2648 977 2627 977 2627 979 2648 975 2625 999 2649 1000 2650 1001 2651 1001 2651 1000 2650 1002 2652 1001 2651 1002 2652 1003 2653 1003 2653 1002 2652 1005 2654 1003 2653 1005 2654 1006 2655 1006 2655 1005 2654 1008 2656 1006 2655 1008 2656 1011 2657 1006 2655 1011 2657 1010 2658 1010 2658 1011 2657 1014 2659 1010 2658 1014 2659 1013 2660 1013 2660 1014 2659 1015 2661 1013 2660 1015 2661 1012 2662 1013 2660 1012 2662 1010 2658 1010 2658 1012 2662 1009 2663 1010 2658 1009 2663 1006 2655 1006 2655 1009 2663 1007 2664 1006 2655 1007 2664 1004 2665 1006 2655 1004 2665 1003 2653 1003 2653 1004 2665 999 2649 1003 2653 999 2649 1001 2651 1033 2666 1034 2667 1035 2668 1035 2668 1034 2667 1036 2669 1036 2669 1034 2667 1055 2670 1036 2669 1055 2670 1056 2671 1056 2671 1055 2670 1054 2672 1054 2672 1055 2670 1053 2673 1054 2672 1053 2673 1052 2674 1052 2674 1053 2673 1051 2675 1052 2674 1051 2675 1049 2676 1052 2674 1049 2676 1050 2677 1050 2677 1049 2676 1047 2678 1050 2677 1047 2678 1048 2679 1048 2679 1047 2678 1046 2680 1046 2680 1047 2678 1045 2681 1046 2680 1045 2681 1044 2682 1044 2682 1045 2681 1043 2683 1044 2682 1043 2683 1041 2684 1044 2682 1041 2684 1042 2685 1042 2685 1041 2684 1039 2686 1042 2685 1039 2686 1040 2687 1040 2687 1039 2686 1038 2688 1038 2688 1039 2686 1037 2689 1038 2688 1037 2689 1035 2668 1035 2668 1037 2689 1033 2666 1016 2690 1017 2691 1018 2692 1018 2692 1017 2691 1019 2693 1019 2693 1017 2691 1021 2694 1019 2693 1021 2694 1022 2695 1022 2695 1021 2694 1024 2696 1022 2695 1024 2696 1025 2697 1025 2697 1024 2696 1028 2698 1028 2698 1024 2696 1026 2699 1028 2698 1026 2699 1031 2700 1031 2700 1026 2699 1029 2701 1031 2700 1029 2701 1032 2702 1032 2702 1029 2701 1030 2703 1030 2703 1029 2701 1026 2699 1030 2703 1026 2699 1027 2704 1027 2704 1026 2699 1024 2696 1027 2704 1024 2696 1023 2705 1023 2705 1024 2696 1020 2706 1020 2706 1024 2696 1021 2694 1020 2706 1021 2694 1016 2690 1016 2690 1021 2694 1017 2691</p>
        </polylist>
      </mesh>
    </geometry>
  </library_geometries>
  <library_controllers>
    <controller id="chr081_armature_chr081_0-skin" name="chr081_armature">
      <skin source="#chr081_0-mesh">
        <bind_shape_matrix>1 0 0 0 0 1 0 0 0 0 1 0 0 0 0 1</bind_shape_matrix>
        <source id="chr081_armature_chr081_0-skin-joints">
          <Name_array id="chr081_armature_chr081_0-skin-joints-array" count="24">J_center J_spine2 J_head J_mouth J_ear_l J_ear_r J_arm_l J_ancon_l J_hand_l J_arm_r J_ancon_r J_hand_r J_scarf J_leg_l J_knee_l J_foot_l J_foot_ball_l J_leg_r J_knee_r J_foot_r J_foot_ball_r J_tail J_tail1 J_tail_end</Name_array>
          <technique_common>
            <accessor source="#chr081_armature_chr081_0-skin-joints-array" count="24" stride="1">
              <param name="JOINT" type="name"/>
            </accessor>
          </technique_common>
        </source>
        <source id="chr081_armature_chr081_0-skin-bind_poses">
          <float_array id="chr081_armature_chr081_0-skin-bind_poses-array" count="384">1 0 0 0 0 1 0 -1.03659 0 0 1 0 0 0 0 1 1 0 0 0 0 1 0 -1.17876 0 0 1 0.03226125 0 0 0 1 1 0 0 0 0 1 0 -1.56217 0 0 1 0.006049752 0 0 0 1 1 0 0 0 0 1 0 -1.61288 0 0 1 -0.166952 0 0 0 1 1 0 0 -0.282308 0 1 0 -2.06696 0 0 1 0.196348 0 0 0 1 1 0 1.50996e-7 0.282308 0 -1 0 2.06696 1.50996e-7 0 -1 -0.1963479 0 0 0 1 -0.01944065 -0.9983115 0.05473846 1.368489 0.9983114 -0.02237987 -0.05360394 -0.1962316 0.05473846 0.05360394 0.9970608 -0.07075929 0 0 0 1 -0.006913602 -0.9957161 -0.09220409 1.353848 0.9957162 -0.01535689 0.09117871 -0.49887 -0.09220409 -0.09117871 0.9915568 0.2029303 0 0 0 1 1 0 0 -0.8729889 -1.73226e-7 1 0 -1.35352 0 0 1 -9.83263e-4 0 0 0 1 -0.01944065 0.9983115 -0.05473846 -1.368489 -0.9983114 -0.02237987 -0.05360394 -0.1962316 -0.05473846 0.05360394 0.9970608 -0.07075929 0 0 0 1 -0.006913602 0.9957161 0.09220409 -1.353848 -0.9957162 -0.01535689 0.09117871 -0.49887 0.09220409 -0.09117871 0.9915568 0.2029303 0 0 0 1 1 0 0 0.8729889 1.73226e-7 1 0 -1.35352 0 0 1 -9.83263e-4 0 0 0 1 1 0 0 0 0 1 0 -1.45883 0 0 1 0.163477 0 0 0 1 0.9999832 3.95148e-4 0.005779325 -0.1581335 -3.95148e-4 -0.9906941 0.1361066 0.8806056 0.005779325 -0.1361066 -0.9906686 0.1290421 0 0 0 1 0.9999881 -4.13068e-4 0.004874408 -0.1576211 4.13058e-4 -0.9857404 -0.1682702 0.5771223 0.004874408 0.1682729 -0.98572 -0.04659855 0 0 0 1 0.9999552 -0.004887163 -0.008108377 -0.1565647 0.004887282 -0.467051 0.8842098 0.1185281 -0.008108437 -0.8842169 -0.4670011 0.2179968 0 0 0 1 1 0 0 -0.159217 0 1 -1.22188e-6 -0.1067746 0 0 0.9999914 -0.2618677 0 0 0 1 0.9999832 -3.95148e-4 -0.005779325 0.1581335 3.95148e-4 -0.9906941 0.1361066 0.8806056 -0.005779325 -0.1361066 -0.9906686 0.1290421 0 0 0 1 0.9999881 4.13068e-4 -0.004874408 0.1576211 -4.13058e-4 -0.9857404 -0.1682702 0.5771223 -0.004874408 0.1682729 -0.98572 -0.04659855 0 0 0 1 0.9999552 0.004887163 0.008108377 0.1565647 -0.004887282 -0.467051 0.8842098 0.1185281 0.008108437 -0.8842169 -0.4670011 0.2179968 0 0 0 1 1 0 0 0.159217 0 1 -1.22188e-6 -0.1067746 0 0 0.9999914 -0.2618677 0 0 0 1 1 0 0 0 0 -0.0368852 -0.9993195 -0.1837652 0 0.9993196 -0.03688526 -1.04578 0 0 0 1 1 0 0 0 0 0 -1 -0.7177391 0 1 0 -1.02 0 0 0 1 1 0 0 0 0 1 0 -1.02 0 0 1 1.29548 0 0 0 1</float_array>
          <technique_common>
            <accessor source="#chr081_armature_chr081_0-skin-bind_poses-array" count="24" stride="16">
              <param name="TRANSFORM" type="float4x4"/>
            </accessor>
          </technique_common>
        </source>
        <source id="chr081_armature_chr081_0-skin-weights">
          <float_array id="chr081_armature_chr081_0-skin-weights-array" count="3756">0.5 0.5 0.1999999 0.8 0.1999999 0.8 1 1 1 0.5 0.5 0.1999999 0.8 0.1999999 0.8 1 0.1999999 0.8 0.5 0.5 1 1 1 0.1999999 0.8 0.1999999 0.8 1 0.1999999 0.8 1 0.1999999 0.8 1 1 1 1 1 0.9000123 0.09998774 1 0.9000123 0.09998774 0.9000123 0.09998774 0.7000489 0.2999511 0.7000489 0.2999511 0.9000123 0.09998774 0.8 0.1999999 0.5999023 0.4000977 1 1 0.1999999 0.8 0.1999999 0.8 1 0.1999999 0.8 1 0.7000489 0.2999511 1 0.8 0.1999999 1 1 1 1 1 1 1 1 1 1 1 1 1 1 1 1 1 1 0.5 0.5 0.1999999 0.8 0.5 0.5 0.1999999 0.8 0.9000123 0.09998774 0.7000489 0.2999511 0.9000123 0.09998774 0.7000489 0.2999511 1 1 1 1 1 1 1 1 1 1 1 1 1 1 1 1 1 1 1 1 1 1 1 1 1 1 1 1 1 1 1 1 1 1 1 1 1 1 1 1 1 0.5 0.5 1 0.5 0.5 1 0.5 0.5 1 1 1 1 1 1 1 0.5 0.5 1 1 1 1 1 1 1 1 1 1 0.5 0.5 1 1 1 1 1 0.5 0.5 0.1999999 0.8 0.5 0.5 0.1999999 0.8 0.9000123 0.09998774 1 0.5 0.5 0.1999999 0.8 0.1999999 0.8 0.1999999 0.8 0.8 0.1999999 0.8 0.1999999 0.1999999 0.8 0.8 0.1999999 1 1 1 1 0.8 0.1999999 0.5999023 0.4000977 0.8 0.1999999 0.8 0.1999999 1 0.8 0.1999999 1 0.7000489 0.2999511 0.5999023 0.4000977 1 1 0.9000123 0.09998774 0.9000123 0.09998774 0.7000489 0.2999511 0.7000489 0.2999511 1 1 0.9000123 0.09998774 0.7000489 0.2999511 1 0.8 0.1999999 1 1 0.8 0.1999999 0.5 0.5 0.4000977 0.5999023 0.5 0.5 0.5 0.5 0.5 0.5 1 1 1 1 0.5999023 0.4000977 0.5999023 0.4000977 0.7000489 0.2999511 0.5999023 0.4000977 0.5999023 0.4000977 0.2999511 0.5500733 0.1499755 0.2999511 0.5500733 0.1499755 0.2999511 0.5500733 0.1499755 0.7000489 0.2999511 0.7000489 0.2999511 0.2999511 0.5500733 0.1499755 0.7000489 0.2999511 0.7000489 0.2999511 0.2999511 0.5500733 0.1499755 0.8 0.1999999 0.7000489 0.2999511 0.7000489 0.2999511 0.7000489 0.2999511 0.8 0.1999999 0.7000489 0.2999511 0.8 0.1999999 0.8 0.1999999 0.9000123 0.09998774 0.9000123 0.09998774 1 0.9000123 0.09998774 1 0.9000123 0.09998774 0.9000123 0.09998774 1 1 0.5999023 0.4000977 0.1999999 0.8 1 1 0.5999023 0.4000977 1 0.8 0.1999999 1 1 1 0.7000489 0.2999511 0.8 0.1999999 0.1999999 0.8 0.1999999 0.8 1 1 0.1999999 0.8 0.5999023 0.4000977 0.09998774 0.9000123 0.1999999 0.8 1 1 0.1999999 0.8 0.1999999 0.8 1 1 1 1 0.7000489 0.2999511 0.4000977 0.5999023 0.2999511 0.7000489 0.4000977 0.5999023 0.2999511 0.7000489 0.5 0.5 0.5 0.5 0.5 0.5 0.4000977 0.5999023 0.5 0.5 0.4000977 0.5999023 0.1000366 0.5999756 0.2999878 0.1000366 0.5999756 0.2999878 0.1000366 0.5999756 0.2999878 0.1000366 0.5999756 0.2999878 0.1000366 0.5999756 0.2999878 0.5 0.5 0.5 0.5 0.5 0.5 0.5 0.5 0.5 0.5 0.3499389 0.6500611 0.3499389 0.6500611 0.3499389 0.6500611 0.3499389 0.6500611 0.3499389 0.6500611 0.1999999 0.8 0.1999999 0.8 0.1999999 0.8 0.1999999 0.8 0.1999999 0.8 0.03001433 0.7699307 0.200055 0.03001433 0.7699307 0.200055 0.03001433 0.7699307 0.200055 0.03001433 0.7699307 0.200055 0.03001433 0.7699307 0.200055 0.8 0.1999999 1 0.5 0.5 0.5 0.5 0.5 0.5 0.2999511 0.7000489 0.1499755 0.8500245 0.2999511 0.7000489 0.5 0.5 0.5 0.5 0.2999511 0.7000489 0.2999511 0.7000489 0.1499755 0.8500245 0.5 0.5 0.5 0.5 1 0.5 0.5 1 0.1999999 0.8 0.5 0.5 0.1999999 0.8 0.5 0.5 1 1 0.1999999 0.8 0.5 0.5 1 1 0.5 0.5 1 0.5 0.5 0.1999999 0.8 0.1999999 0.8 1 0.5 0.5 0.1999999 0.8 0.09998774 0.9000123 1 1 0.09998774 0.9000123 1 0.09998774 0.9000123 1 1 0.09998774 0.9000123 1 1 1 1 1 1 1 1 1 1 1 1 1 1 1 1 1 1 1 1 1 1 1 1 1 1 1 1 1 1 1 1 1 1 1 1 1 1 1 1 1 1 1 1 1 1 1 1 1 1 1 1 1 1 1 1 0.09998774 0.9000123 0.09998774 0.9000123 0.1999999 0.8 0.1999999 0.8 0.09998774 0.9000123 0.1999999 0.8 1 1 1 0.09998774 0.9000123 1 0.09998774 0.9000123 1 1 1 0.5 0.5 0.5 0.5 1 0.5 0.5 1 0.5 0.5 1 0.5 0.5 0.5 0.5 0.09998774 0.9000123 0.1999999 0.8 1 0.5 0.5 1 1 1 1 1 1 1 1 1 1 1 1 1 1 1 1 1 1 1 1 1 0.09998774 0.9000123 1 1 1 1 1 1 1 1 1 1 1 1 1 1 1 1 1 0.09998774 0.9000123 0.09998774 0.9000123 0.09998774 0.9000123 0.5 0.5 0.1999999 0.8 0.1999999 0.8 0.1999999 0.8 0.1999999 0.8 0.1999999 0.8 1 1 1 1 1 1 1 1 1 1 1 1 1 1 1 0.5 0.5 0.1999999 0.8 0.1999999 0.8 1 1 1 0.1999999 0.8 0.5 0.5 0.1999999 0.8 1 0.5 0.5 0.1999999 0.8 1 0.1999999 0.8 1 0.1999999 0.8 1 0.1999999 0.8 0.1999999 0.8 1 1 1 1 1 1 1 0.9000123 0.09998774 1 0.9000123 0.09998774 1 0.7000489 0.2999511 0.7000489 0.2999511 0.8 0.1999999 0.9000123 0.09998774 0.5999023 0.4000977 0.1999999 0.8 1 0.1999999 0.8 1 0.1999999 0.8 1 1 0.7000489 0.2999511 1 1 0.8 0.1999999 1 1 1 1 1 1 1 1 1 1 1 1 1 1 1 1 1 0.1999999 0.8 0.1999999 0.8 0.5 0.5 0.5 0.5 0.7000489 0.2999511 0.7000489 0.2999511 0.9000123 0.09998774 0.9000123 0.09998774 1 1 1 1 1 1 1 1 1 1 1 1 1 1 1 1 1 1 1 1 1 1 1 1 1 1 1 1 1 1 1 1 1 1 1 1 1 1 1 1 0.5 0.5 0.5 0.5 1 1 0.5 0.5 1 1 1 1 1 1 1 0.5 0.5 1 1 1 1 1 1 1 1 1 1 1 0.5 0.5 1 1 1 1 1 0.1999999 0.8 0.5 0.5 0.1999999 0.8 0.5 0.5 1 0.9000123 0.09998774 0.5 0.5 0.1999999 0.8 0.8 0.1999999 0.1999999 0.8 0.8 0.1999999 0.1999999 0.8 0.8 0.1999999 0.1999999 0.8 1 1 1 1 0.8 0.1999999 0.8 0.1999999 0.5999023 0.4000977 0.8 0.1999999 1 0.8 0.1999999 1 0.5999023 0.4000977 0.7000489 0.2999511 1 1 0.9000123 0.09998774 0.9000123 0.09998774 0.7000489 0.2999511 0.7000489 0.2999511 1 1 0.9000123 0.09998774 0.7000489 0.2999511 0.8 0.1999999 1 1 1 0.8 0.1999999 0.4000977 0.5999023 0.5 0.5 0.5 0.5 0.5 0.5 0.5 0.5 1 1 1 1 0.5999023 0.4000977 0.5999023 0.4000977 0.7000489 0.2999511 0.2999511 0.5500733 0.1499755 0.5999023 0.4000977 0.2999511 0.5500733 0.1499755 0.5999023 0.4000977 0.7000489 0.2999511 0.2999511 0.5500733 0.1499755 0.7000489 0.2999511 0.7000489 0.2999511 0.2999511 0.5500733 0.1499755 0.2999511 0.5500733 0.1499755 0.7000489 0.2999511 0.7000489 0.2999511 0.8 0.1999999 0.7000489 0.2999511 0.8 0.1999999 0.7000489 0.2999511 0.7000489 0.2999511 0.8 0.1999999 0.8 0.1999999 0.9000123 0.09998774 1 1 0.9000123 0.09998774 0.9000123 0.09998774 1 0.9000123 0.09998774 1 0.9000123 0.09998774 0.5999023 0.4000977 1 0.1999999 0.8 1 0.5999023 0.4000977 0.8 0.1999999 1 1 1 1 0.1999999 0.8 0.8 0.1999999 0.1999999 0.8 0.7000489 0.2999511 1 1 0.1999999 0.8 0.5999023 0.4000977 0.09998774 0.9000123 0.1999999 0.8 1 1 0.1999999 0.8 0.1999999 0.8 1 1 1 1 0.7000489 0.2999511 0.4000977 0.5999023 0.4000977 0.5999023 0.2999511 0.7000489 0.2999511 0.7000489 0.5 0.5 0.5 0.5 0.4000977 0.5999023 0.5 0.5 0.4000977 0.5999023 0.5 0.5 0.1000366 0.5999756 0.2999878 0.1000366 0.5999756 0.2999878 0.1000366 0.5999756 0.2999878 0.1000366 0.5999756 0.2999878 0.1000366 0.5999756 0.2999878 0.5 0.5 0.5 0.5 0.5 0.5 0.5 0.5 0.5 0.5 0.3499389 0.6500611 0.3499389 0.6500611 0.3499389 0.6500611 0.3499389 0.6500611 0.3499389 0.6500611 0.1999999 0.8 0.1999999 0.8 0.1999999 0.8 0.1999999 0.8 0.1999999 0.8 0.03001433 0.7699307 0.200055 0.03001433 0.7699307 0.200055 0.03001433 0.7699307 0.200055 0.03001433 0.7699307 0.200055 0.03001433 0.7699307 0.200055 1 0.8 0.1999999 0.5 0.5 0.5 0.5 0.5 0.5 0.2999511 0.7000489 0.1499755 0.8500245 0.2999511 0.7000489 0.5 0.5 0.5 0.5 0.2999511 0.7000489 0.1499755 0.8500245 0.2999511 0.7000489 0.5 0.5 0.5 0.5 1 1 0.5 0.5 0.5 0.5 0.5 0.5 0.1999999 0.8 0.1999999 0.8 1 1 0.5 0.5 0.1999999 0.8 1 0.5 0.5 0.5 0.5 1 1 0.1999999 0.8 0.1999999 0.8 0.5 0.5 1 0.1999999 0.8 1 1 1 1 1 1 1 1 1 1 1 1 1 1 1 1 1 1 1 1 1 1 1 1 1 1 1 1 1 1 1 1 1 1 1 1 1 1 1 1 1 1 1 1 1 1 1 1 1 1 1 1 1 1 1 1 1 1 1 1 1 1 1 1 1 0.1999999 0.8 1 0.1999999 0.8 1 1 0.1999999 0.8 1 1 1 1 1 1 1 0.5 0.5 1 0.5 0.5 1 0.5 0.5 1 0.5 0.5 1 1 0.5 0.5 0.5 0.5 1 0.1999999 0.8 0.5 0.5 1 1 1 1 1 1 1 1 1 1 1 1 1 1 1 1 1 1 1 1 1 1 1 1 1 1 1 1 1 1 1 1 1 1 1 1 1 1 1 1 1 1 1 0.5 0.5 0.1999999 0.8 0.1999999 0.8 0.1999999 0.8 0.1999999 0.8 0.1999999 0.8 1 1 1 1 1 1 1 1 1 1 1 1 1 1 1 0.8 0.1999999 1 0.8 0.1999999 0.8 0.1999999 0.5999023 0.4000977 0.5999023 0.4000977 0.5999023 0.4000977 0.5 0.5 0.5 0.5 0.5 0.5 0.4000977 0.5999023 0.4000977 0.5999023 0.4000977 0.5999023 0.1999999 0.8 0.1999999 0.8 0.1999999 0.8 0.09998774 0.9000123 1 1 0.8 0.1999999 0.8 0.1999999 0.8 0.1999999 0.8 0.1999999 0.5999023 0.4000977 0.5999023 0.4000977 0.5 0.5 0.5 0.5 0.4000977 0.5999023 0.4000977 0.5999023 0.1999999 0.8 0.1999999 0.8 0.09998774 0.9000123 0.09998774 0.9000123 0.1999999 0.8 0.1999999 0.8 0.4000977 0.5999023 0.4000977 0.5999023 0.5 0.5 0.5 0.5 0.5999023 0.4000977 0.5999023 0.4000977 0.8 0.1999999 0.8 0.1999999 1 0.8 0.1999999 0.5999023 0.4000977 0.5999023 0.4000977 0.5999023 0.4000977 0.5 0.5 0.5 0.5 0.5 0.5 0.4000977 0.5999023 0.4000977 0.5999023 0.4000977 0.5999023 0.1999999 0.8 0.1999999 0.8 0.1999999 0.8 0.09998774 0.9000123 0.8 0.1999999 1 0.8 0.1999999 0.8 0.1999999 0.5999023 0.4000977 0.5999023 0.4000977 0.5999023 0.4000977 0.5 0.5 0.5 0.5 0.5 0.5 0.4000977 0.5999023 0.4000977 0.5999023 0.4000977 0.5999023 0.1999999 0.8 0.1999999 0.8 0.1999999 0.8 0.09998774 0.9000123 1 1 0.8 0.1999999 0.8 0.1999999 0.8 0.1999999 0.8 0.1999999 0.5999023 0.4000977 0.5999023 0.4000977 0.5 0.5 0.5 0.5 0.4000977 0.5999023 0.4000977 0.5999023 0.1999999 0.8 0.1999999 0.8 0.09998774 0.9000123 0.09998774 0.9000123 0.1999999 0.8 0.1999999 0.8 0.4000977 0.5999023 0.4000977 0.5999023 0.5 0.5 0.5 0.5 0.5999023 0.4000977 0.5999023 0.4000977 0.8 0.1999999 0.8 0.1999999 1 0.8 0.1999999 0.5999023 0.4000977 0.5999023 0.4000977 0.5999023 0.4000977 0.5 0.5 0.5 0.5 0.5 0.5 0.4000977 0.5999023 0.4000977 0.5999023 0.4000977 0.5999023 0.1999999 0.8 0.1999999 0.8 0.1999999 0.8 0.09998774 0.9000123 1 1 1 1 1 1 1 1 1 1 1 1 1 1 1 1 1 1 1 1 1 1 1 1 1 1 1 1 1 0.9000123 0.09998774 1 0.8 0.1999999 1 1 0.949997 0.05000305 0.9000123 0.09998774 1 1 0.75 0.25 0.75 0.25 1 1 1 1 1 1 1 1 0.1999999 0.8 0.1999999 0.8 0.5 0.5 0.5 0.5 0.5 0.5 0.7000489 0.2999511 0.1999999 0.8 0.1999999 0.8 1 1 1 1 1 1 1 1 1 1 1 1 1 1 1 1 1 1 1 1 1 1 0.9000123 0.09998774 0.9000123 0.09998774 0.8 0.1999999 0.8 0.1999999 0.75 0.25 0.75 0.25 0.75 0.25 0.75 0.25 0.5 0.5 0.5 0.5 0.7000489 0.2999511 0.7000489 0.2999511 0.1999999 0.8 0.1999999 0.8 1 1 1 1 1 1 1 1 1 1 1 1 1 1 1 1 1 1 1 1 1 1 1 1 1 1 1 1 1 1 1 1 1 0.8 0.1999999 0.9000123 0.09998774 1 1 1 1 1 0.9000123 0.09998774 1 0.949997 0.05000305 0.75 0.25 0.75 0.25 1 1 1 1 1 1 1 1 0.1999999 0.8 0.1999999 0.8 0.5 0.5 0.5 0.5 0.7000489 0.2999511 0.1999999 0.8 1 1 1 1 1 1 1 1 1 1 1 1 1 1 1 1 1 1 1 1 1 1 1 1 1 1 1 1 1 0.8 0.1999999 0.9000123 0.09998774 1 1 1 1 1 0.9000123 0.09998774 1 0.949997 0.05000305 0.75 0.25 0.75 0.25 1 1 1 1 1 1 1 1 0.1999999 0.8 0.1999999 0.8 0.5 0.5 0.5 0.5 0.7000489 0.2999511 0.5 0.5 0.1999999 0.8 0.1999999 0.8 1 1 1 1 1 1 1 1 1 1 1 1 1 1 1 1 1 1 1 1 1 1 0.9000123 0.09998774 0.9000123 0.09998774 0.8 0.1999999 0.8 0.1999999 0.75 0.25 0.75 0.25 0.75 0.25 0.75 0.25 0.7000489 0.2999511 0.5 0.5 0.7000489 0.2999511 0.5 0.5 0.1999999 0.8 0.1999999 0.8 1 1 1 1 1 1 1 1 1 1 1 1 1 1 1 1 1 1 1 1 1 1 1 1 1 1 1 1 1 1 1 1 1 1 0.9000123 0.09998774 1 0.8 0.1999999 1 1 0.949997 0.05000305 0.9000123 0.09998774 1 1 0.75 0.25 0.75 0.25 1 1 1 1 1 1 1 1 0.1999999 0.8 0.1999999 0.8 0.5 0.5 0.5 0.5 0.7000489 0.2999511 0.1999999 0.8 1 1 1 1 1 1 1 1 1 1 1 1 1 1 1 1 1 1 1 1 1 1 1 1 1 1 1 1 1 1 1 1 1 1 1 1 1 1 1 1 1 1 1 1 1 1 1 1 1 1 1 1 1 1 1 1 1 1 1 1 1 1 1 1 1 1 1 1 1 1 1 1 1 1 1 1 1 1 1 1 1 1 0.1999999 0.8 0.7000489 0.2999511 0.1999999 0.8 0.9000123 0.09998774 0.8 0.1999999 0.1999999 0.8 0.8 0.1999999 0.1999999 0.8 0.7000489 0.2999511 0.8 0.1999999 0.1999999 0.8 0.1999999 0.8 0.1999999 0.8 0.7000489 0.2999511 0.1999999 0.8 0.7000489 0.2999511 1 1 1 1 1 1 0.7000489 0.2999511 1 1 0.1999999 0.8 0.7000489 0.2999511 0.1999999 0.8 0.7000489 0.2999511 0.7000489 0.2999511 0.7000489 0.2999511 1 1 0.1999999 0.8 0.1999999 0.8 0.7000489 0.2999511 1 0.1999999 0.8 0.7000489 0.2999511 1 0.7000489 0.2999511 1 0.7000489 0.2999511 0.7000489 0.2999511 0.7000489 0.2999511 1 1 0.1999999 0.8 0.1999999 0.8 0.1999999 0.8 0.1999999 0.8 1 1 1 1 1 1 1 1 1 1 1 1 1 1 1 1 1 1 1 1 1 1 0.7000489 0.2999511 0.1999999 0.8 0.1999999 0.8 0.7000489 0.2999511 0.7000489 0.2999511 0.1999999 0.8 0.1999999 0.8 0.1999999 0.8 0.1999999 0.8 0.7000489 0.2999511 0.1999999 0.8 0.7000489 0.2999511 0.1999999 0.8 0.1999999 0.8 1 1 1 1 1 1 1 1 1 1 1 1 1 1 1 1 1 1 1 1 1 1 1 1 1 1 1 1 1 1 1 1 1 1 1 1 1 1 1 1 1 1 1 1 1 1 1 1 1 1 1 1 1 1 1 1 1 1 1 1 1 1 1 1 1 1 1 1 1 1 1 1 1 1 1 1 1 1 1 1 1 1 1 1 1 1 1 1 1 1 1 1 1 1 1 1 1 1 1 1 1 1 1 1 1 1 1 1 1 1 1 0.9000123 0.09998774 0.7000489 0.2999511 0.1999999 0.8 0.1999999 0.8 0.8 0.1999999 0.8 0.1999999 0.1999999 0.8 0.1999999 0.8 0.1999999 0.8 0.8 0.1999999 0.1999999 0.8 0.7000489 0.2999511 0.7000489 0.2999511 0.1999999 0.8 0.7000489 0.2999511 0.1999999 0.8 1 1 1 1 1 1 0.7000489 0.2999511 1 1 0.1999999 0.8 0.1999999 0.8 0.7000489 0.2999511 0.7000489 0.2999511 1 0.7000489 0.2999511 1 0.7000489 0.2999511 0.1999999 0.8 0.1999999 0.8 1 0.7000489 0.2999511 0.1999999 0.8 0.7000489 0.2999511 0.7000489 0.2999511 1 0.7000489 0.2999511 0.7000489 0.2999511 1 1 1 0.7000489 0.2999511 0.1999999 0.8 0.1999999 0.8 0.1999999 0.8 0.1999999 0.8 1 1 1 1 1 1 1 1 1 1 1 1 1 1 1 1 1 1 1 1 1 1 0.7000489 0.2999511 0.1999999 0.8 0.1999999 0.8 0.7000489 0.2999511 0.7000489 0.2999511 0.1999999 0.8 0.1999999 0.8 0.1999999 0.8 0.1999999 0.8 0.7000489 0.2999511 0.1999999 0.8 0.7000489 0.2999511 0.1999999 0.8 0.1999999 0.8 1 1 1 1 1 1 1 1 1 1 1 1 1 1 1 1 1 1 1 1 1 1 1 1 1 1 1 1 1 1 0.5 0.5 0.1999999 0.8 0.5 0.5 0.1999999 0.8 0.4000977 0.5999023 1 0.5 0.5 0.1999999 0.8 0.1999999 0.8 1 1 1 1 1 1 1 1 1 1 1 1 0.8 0.1999999 1 0.5 0.5 1 0.5 0.5 0.7000489 0.2999511 0.1999999 0.8 1 0.5 0.5 0.09998774 0.9000123 1 0.5 0.5 0.09998774 0.9000123 1 0.09998774 0.9000123 1 1 1 1 1 1 1 1 1 1 1 1 1 1 1 1 1 1 1 1 1 1 1 1 1 1 1 1 1 1 1 1 1 1 1 0.1999999 0.8 1 1 1 1 1 1 1 1 1 1 1 1 1 1 1 1 1 1 1 1 1 1 1 1 1 1 1 1 1 1 1 1 1 1 1 0.7000489 0.2999511 0.5999023 0.4000977 0.7000489 0.2999511 0.5999023 0.4000977 0.7000489 0.2999511 0.5999023 0.4000977 0.7000489 0.2999511 0.5999023 0.4000977 0.7000489 0.2999511 0.5999023 0.4000977 0.5999023 0.4000977 0.7000489 0.2999511 0.5999023 0.4000977 0.5999023 0.4000977 0.7000489 0.2999511 0.7000489 0.2999511 0.5999023 0.4000977 0.7000489 0.2999511 0.5999023 0.4000977 0.7000489 0.2999511 0.7000489 0.2999511 0.5999023 0.4000977 0.7000489 0.2999511 0.5999023 0.4000977 0.7000489 0.2999511 0.5999023 0.4000977 0.9000123 0.09998774 0.9000123 0.09998774 0.9000123 0.09998774 0.9000123 0.09998774 0.9000123 0.09998774 0.9000123 0.09998774 0.9000123 0.09998774 0.9000123 0.09998774 0.9000123 0.09998774 0.9000123 0.09998774 0.9000123 0.09998774 0.9000123 0.09998774 0.9000123 0.09998774 1 1 1 1 1 1 0.9000123 0.09998774 0.9000123 0.09998774 0.9000123 0.09998774 1 1 0.9000123 0.09998774 1 0.9000123 0.09998774 1 0.9000123 0.09998774 0.9000123 0.09998774 1 0.9000123 0.09998774 1 1 0.9000123 0.09998774 1 0.9000123 0.09998774 0.9000123 0.09998774 1 0.9000123 0.09998774 1 1 1 0.4000977 0.5999023 0.4000977 0.5999023 0.1999999 0.8 0.1999999 0.8 0.5 0.5 0.5 0.5 0.4000977 0.5999023 0.5 0.5 0.1999999 0.8 0.4000977 0.5999023 0.1999999 0.8 0.4000977 0.5999023 0.1999999 0.8 0.5 0.5 0.5 0.5 0.4000977 0.5999023 0.1999999 0.8 0.5 0.5 0.5 0.5 0.5 0.5 0.4000977 0.5999023 0.4000977 0.5999023 0.1999999 0.8 0.1999999 0.8 0.4000977 0.5999023 0.1999999 0.8 0.4000977 0.5999023 0.1999999 0.8 0.5 0.5 0.5 0.5 0.1999999 0.8 0.4000977 0.5999023 0.5 0.5 0.1999999 0.8 0.4000977 0.5999023 0.5 0.5 0.1999999 0.8 0.4000977 0.5999023 0.5 0.5 0.09998774 0.9000123 0.09998774 0.9000123 0.09998774 0.9000123 0.09998774 0.9000123 0.09998774 0.9000123 0.09998774 0.9000123 0.09998774 0.9000123 0.09998774 0.9000123 0.09998774 0.9000123 0.09998774 0.9000123 0.09998774 0.9000123 0.09998774 0.9000123 0.09998774 0.9000123 0.09998774 0.9000123 0.09998774 0.9000123 0.09998774 0.9000123 0.09998774 0.9000123 0.09998774 0.9000123 0.09998774 0.9000123 0.09998774 0.9000123 0.09998774 0.9000123 0.09998774 0.9000123 0.09998774 0.9000123 0.09998774 0.9000123 0.09998774 0.9000123 0.09998774 0.9000123 0.09998774 0.9000123 0.09998774 0.9000123 0.09998774 0.9000123 0.09998774 0.9000123 0.09998774 0.9000123 0.09998774 0.9000123 0.09998774 0.9000123 0.09998774 0.9000123 0.09998774 0.9000123 0.09998774 0.9000123 0.09998774 0.9000123 0.09998774 0.9000123 0.09998774 0.9000123 0.09998774 0.9000123 0.09998774 0.9000123 0.09998774 0.9000123 0.09998774 0.9000123 0.09998774 0.9000123 0.09998774 0.9000123 0.09998774 0.9000123 0.09998774 0.9000123 0.09998774 0.9000123 0.09998774 0.9000123 1 1 1 1 1 1 1 1 1 1 1 1 1 1 1 1 1 1 1 1 1 1 1 1 1 1 1 1 1 1 1 1 1 1 1 1 1 1 1 1 1 1 1 1 1 1 1 1 1 1 1 1 1 1 0.5 0.5 0.5 0.5 1 1 1 1 1 1 1 1 1 1 1 1 1 1 1 1 1 1 1 1 1 1 1 1 1 1 1 1 1 1 1 1 1 1 1 1 1 1 1 1 1 1 1 1 1 1 1 1 1 1 1 1 1 1 1 1 1 1 1 1 1 0.5 0.5 0.5 0.5 0.1999999 0.8 0.4000977 0.5999023 0.1999999 0.8 0.5 0.5 1 0.1999999 0.8 0.1999999 0.8 1 1 1 1 1 1 1 1 1 1 0.8 0.1999999 1 0.5 0.5 1 0.5 0.5 1 0.5 0.5 1 0.09998774 0.9000123 0.1999999 0.8 0.5 0.5 1 0.09998774 0.9000123 0.09998774 0.9000123 1 1 1 1 1 1 1 1 1 1 1 1 1 1 1 1 1 1 1 1 1 1 1 1 1 1 1 1 1 1 1 1 1 1 1 1 1 1 1 1 1 1 1 1 1 1 1 1 1 1 1 1 1 1 1 1 1 1 1 1 1 1 1 1 1 1 1 1 1 1 1 0.5999023 0.4000977 0.5999023 0.4000977 0.7000489 0.2999511 0.7000489 0.2999511 0.5999023 0.4000977 0.7000489 0.2999511 0.5999023 0.4000977 0.7000489 0.2999511 0.7000489 0.2999511 0.5999023 0.4000977 0.7000489 0.2999511 0.5999023 0.4000977 0.7000489 0.2999511 0.5999023 0.4000977 0.7000489 0.2999511 0.5999023 0.4000977 0.7000489 0.2999511 0.5999023 0.4000977 0.7000489 0.2999511 0.5999023 0.4000977 0.7000489 0.2999511 0.5999023 0.4000977 0.5999023 0.4000977 0.7000489 0.2999511 0.7000489 0.2999511 0.5999023 0.4000977 0.9000123 0.09998774 0.9000123 0.09998774 0.9000123 0.09998774 0.9000123 0.09998774 0.9000123 0.09998774 0.9000123 0.09998774 0.9000123 0.09998774 0.9000123 0.09998774 0.9000123 0.09998774 0.9000123 0.09998774 0.9000123 0.09998774 0.9000123 0.09998774 0.9000123 0.09998774 1 1 1 1 0.9000123 0.09998774 1 0.9000123 0.09998774 1 0.9000123 0.09998774 1 1 0.9000123 0.09998774 0.9000123 0.09998774 1 1 0.9000123 0.09998774 1 0.9000123 0.09998774 1 0.9000123 0.09998774 0.9000123 0.09998774 1 0.9000123 0.09998774 1 0.9000123 0.09998774 1 1 0.9000123 0.09998774 1 1 0.1999999 0.8 0.4000977 0.5999023 0.1999999 0.8 0.4000977 0.5999023 0.5 0.5 0.5 0.5 0.4000977 0.5999023 0.5 0.5 0.1999999 0.8 0.1999999 0.8 0.1999999 0.8 0.4000977 0.5999023 0.4000977 0.5999023 0.5 0.5 0.5 0.5 0.4000977 0.5999023 0.1999999 0.8 0.5 0.5 0.5 0.5 0.4000977 0.5999023 0.5 0.5 0.4000977 0.5999023 0.1999999 0.8 0.1999999 0.8 0.4000977 0.5999023 1 0.4000977 0.5999023 0.1999999 0.8 0.5 0.5 0.5 0.5 0.1999999 0.8 0.4000977 0.5999023 0.5 0.5 0.1999999 0.8 0.4000977 0.5999023 0.5 0.5 0.1999999 0.8 0.4000977 0.5999023 0.5 0.5 0.09998774 0.9000123 0.09998774 0.9000123 0.09998774 0.9000123 0.09998774 0.9000123 0.09998774 0.9000123 0.09998774 0.9000123 0.09998774 0.9000123 0.09998774 0.9000123 0.09998774 0.9000123 0.09998774 0.9000123 0.09998774 0.9000123 0.09998774 0.9000123 0.09998774 0.9000123 0.09998774 0.9000123 0.09998774 0.9000123 0.09998774 0.9000123 0.09998774 0.9000123 0.09998774 0.9000123 0.09998774 0.9000123 0.09998774 0.9000123 0.09998774 0.9000123 0.09998774 0.9000123 0.09998774 0.9000123 0.09998774 0.9000123 0.09998774 0.9000123 0.09998774 0.9000123 0.09998774 0.9000123 0.09998774 0.9000123 0.09998774 0.9000123 0.09998774 0.9000123 0.09998774 0.9000123 0.09998774 0.9000123 0.09998774 0.9000123 0.09998774 0.9000123 0.09998774 0.9000123 0.09998774 0.9000123 0.09998774 0.9000123 0.09998774 0.9000123 0.09998774 0.9000123 0.09998774 0.9000123 0.09998774 0.9000123 0.09998774 0.9000123 0.09998774 0.9000123 0.09998774 0.9000123 0.09998774 0.9000123 0.09998774 0.9000123 0.09998774 0.9000123 0.09998774 0.9000123 0.09998774 0.9000123 1 1 1 1 1 1 1 1 1 1 1 1 1 1 1 1 1 1 1 1 1 1 1 1 1 1 1 1 1 1 1 1 1 1 1 1 1 1 1 1 1 1 1 1 1 1 1 1 1 1 1 1 1 1 0.5 0.5 0.5 0.5 1 1 1 1 1 1 1 1 1 1 1 1 1 1 1 1 1 1 1 1 1 1 1 1 1 1 1 1 1 1 1 1 1 1 1 1 1 1 1 1 1 1 1 1 1 1 1 1 1 1 1 1 1 1 1 1 1 1 1 1 1 1 1 1 1 1 1 1 1 1 1 1 1 1 1 1 1 1 1 1 1 1 1 1 1 1 1 1 0.09998774 0.9000123 1 1 1 1 1 1 1 1 1 1 1 1 1 1 1 1 1 1 1 0.09998774 0.9000123 1 1 1 1 1 1 1 1 1 1 1 1 1 1 1 1 1 1 1 1 1 1 1 1 1 1 1 1 1 1 1 1 1 1 1 1 1 1 1 1 1 1 1 1 1 1 1 1 1 1 1 1 1 1 1 1 1 1 1 1 1 1 1 1 1 1 1 1 1 1 1 1 1 1 1 1 0.1999999 0.8 0.1999999 0.8 0.1999999 0.8 0.7000489 0.2999511 1 1 1 1 0.7000489 0.2999511 1 0.7000489 0.2999511 1 0.1999999 0.8 0.1999999 0.8 1 0.1999999 0.8 0.7000489 0.2999511 1 0.7000489 0.2999511 1 1 1 1 0.7000489 0.2999511 0.7000489 0.2999511 1 1 0.7000489 0.2999511 1 0.7000489 0.2999511 1 1 1 1 1 1 1 1 1 1 1 1 1 1 1 1 1 1 1 1</float_array>
          <technique_common>
            <accessor source="#chr081_armature_chr081_0-skin-weights-array" count="3756" stride="1">
              <param name="WEIGHT" type="float"/>
            </accessor>
          </technique_common>
        </source>
        <joints>
          <input semantic="JOINT" source="#chr081_armature_chr081_0-skin-joints"/>
          <input semantic="INV_BIND_MATRIX" source="#chr081_armature_chr081_0-skin-bind_poses"/>
        </joints>
        <vertex_weights count="2707">
          <input semantic="JOINT" source="#chr081_armature_chr081_0-skin-joints" offset="0"/>
          <input semantic="WEIGHT" source="#chr081_armature_chr081_0-skin-weights" offset="1"/>
          <vcount>2 2 2 1 1 1 2 2 2 1 2 2 1 1 1 2 2 1 2 1 2 1 1 1 1 1 2 1 2 2 2 2 2 2 2 1 1 2 2 1 2 1 2 1 2 1 1 1 1 1 1 1 1 1 1 1 1 1 1 1 1 1 1 2 2 2 2 2 2 2 2 1 1 1 1 1 1 1 1 1 1 1 1 1 1 1 1 1 1 1 1 1 1 1 1 1 1 1 1 1 1 1 1 1 1 1 1 1 1 1 1 1 2 1 2 1 2 1 1 1 1 1 1 1 2 1 1 1 1 1 1 1 1 1 1 2 1 1 1 1 1 2 2 2 2 2 1 2 2 2 2 2 2 2 2 1 1 1 1 2 2 2 2 1 2 1 2 2 1 1 2 2 2 2 1 1 2 2 1 2 1 1 2 2 2 2 2 2 1 1 1 1 2 2 2 2 2 3 3 3 2 2 3 2 2 3 2 2 2 2 2 2 2 2 2 2 1 2 1 2 2 1 1 2 2 1 1 2 1 2 1 1 1 2 2 2 2 1 1 2 2 2 2 1 1 2 2 1 1 1 1 2 2 2 2 2 2 2 2 2 2 2 3 3 3 3 3 2 2 2 2 2 2 2 2 2 2 2 2 2 2 2 3 3 3 3 3 2 1 2 2 2 2 2 2 2 2 2 2 2 2 2 1 2 1 2 2 2 2 1 1 2 2 1 1 2 1 2 2 2 1 2 2 2 1 1 2 1 2 1 1 2 1 1 1 1 1 1 1 1 1 1 1 1 1 1 1 1 1 1 1 1 1 1 1 1 1 1 1 1 1 1 1 1 1 1 1 1 1 1 1 1 1 1 1 1 1 1 1 1 1 1 1 1 1 1 1 1 2 2 2 2 2 2 1 1 1 2 1 2 1 1 1 2 2 1 2 1 2 1 2 2 2 2 1 2 1 1 1 1 1 1 1 1 1 1 1 1 1 1 1 1 1 1 1 1 1 2 1 1 1 1 1 1 1 1 1 1 1 1 1 1 1 1 1 2 2 2 2 2 2 2 2 2 1 1 1 1 1 1 1 1 1 1 1 1 1 1 1 2 2 2 1 1 1 2 2 2 1 2 2 1 2 1 2 1 2 2 1 1 1 1 1 1 1 2 1 2 1 2 2 2 2 2 2 1 2 1 2 1 1 2 1 1 2 1 1 1 1 1 1 1 1 1 1 1 1 1 1 1 1 1 2 2 2 2 2 2 2 2 1 1 1 1 1 1 1 1 1 1 1 1 1 1 1 1 1 1 1 1 1 1 1 1 1 1 1 1 1 1 1 1 1 1 1 1 1 1 1 1 2 2 1 1 2 1 1 1 1 1 1 1 2 1 1 1 1 1 1 1 1 1 1 1 2 1 1 1 1 1 2 2 2 2 1 2 2 2 2 2 2 2 2 2 1 1 1 1 2 2 2 2 1 2 1 2 2 1 1 2 2 2 2 1 1 2 2 2 1 1 1 2 2 2 2 2 2 1 1 1 1 2 2 2 3 2 3 2 2 3 2 2 3 3 2 2 2 2 2 2 2 2 2 2 1 1 2 2 1 2 1 2 2 1 2 1 2 2 1 1 1 1 2 2 2 2 1 1 2 2 2 2 1 1 2 2 1 1 1 1 2 2 2 2 2 2 2 2 2 2 2 3 3 3 3 3 2 2 2 2 2 2 2 2 2 2 2 2 2 2 2 3 3 3 3 3 1 2 2 2 2 2 2 2 2 2 2 2 2 2 2 1 1 2 2 2 2 2 1 1 2 2 1 2 2 1 1 2 2 2 1 2 1 1 1 1 1 1 1 1 1 1 1 1 1 1 1 1 1 1 1 1 1 1 1 1 1 1 1 1 1 1 1 1 1 1 1 1 1 1 1 1 1 1 1 1 1 1 1 1 1 1 1 1 1 1 1 1 1 1 1 1 1 1 1 1 1 2 1 2 1 1 2 1 1 1 1 1 1 1 2 1 2 1 2 1 2 1 1 2 2 1 2 2 1 1 1 1 1 1 1 1 1 1 1 1 1 1 1 1 1 1 1 1 1 1 1 1 1 1 1 1 1 1 1 1 1 1 1 1 1 1 1 1 1 1 1 2 2 2 2 2 2 1 1 1 1 1 1 1 1 1 1 1 1 1 1 1 2 1 2 2 2 2 2 2 2 2 2 2 2 2 2 2 2 1 1 2 2 2 2 2 2 2 2 2 2 2 2 2 2 2 2 2 2 2 2 2 2 2 2 1 2 2 2 2 2 2 2 2 2 2 2 2 2 2 2 1 2 2 2 2 2 2 2 2 2 2 2 2 2 2 2 1 1 2 2 2 2 2 2 2 2 2 2 2 2 2 2 2 2 2 2 2 2 2 2 2 2 1 2 2 2 2 2 2 2 2 2 2 2 2 2 2 1 1 1 1 1 1 1 1 1 1 1 1 1 1 1 1 1 1 1 1 1 1 1 1 1 1 1 1 1 2 1 2 1 1 2 2 1 1 2 2 1 1 1 1 1 1 1 1 2 2 2 2 2 2 2 2 1 1 1 1 1 1 1 1 1 1 1 1 1 1 1 1 1 1 1 1 1 1 2 2 2 2 2 2 2 2 2 2 2 2 2 2 1 1 1 1 1 1 1 1 1 1 1 1 1 1 1 1 1 1 1 1 1 1 1 1 1 1 1 1 1 1 1 1 1 2 2 1 1 1 1 1 2 1 2 2 2 1 1 1 1 1 1 1 1 2 2 2 2 2 2 1 1 1 1 1 1 1 1 1 1 1 1 1 1 1 1 1 1 1 1 1 1 1 1 1 1 1 1 1 2 2 1 1 1 1 1 2 1 2 2 2 1 1 1 1 1 1 1 1 2 2 2 2 2 2 2 2 1 1 1 1 1 1 1 1 1 1 1 1 1 1 1 1 1 1 1 1 1 1 2 2 2 2 2 2 2 2 2 2 2 2 2 2 1 1 1 1 1 1 1 1 1 1 1 1 1 1 1 1 1 1 1 1 1 1 1 1 1 1 1 1 1 1 1 1 1 1 2 1 2 1 1 2 2 1 1 2 2 1 1 1 1 1 1 1 1 2 2 2 2 2 2 1 1 1 1 1 1 1 1 1 1 1 1 1 1 1 1 1 1 1 1 1 1 1 1 1 1 1 1 1 1 1 1 1 1 1 1 1 1 1 1 1 1 1 1 1 1 1 1 1 1 1 1 1 1 1 1 1 1 1 1 1 1 1 1 1 1 1 1 1 1 1 1 1 1 1 1 1 1 1 1 1 1 2 2 2 2 2 2 2 2 2 2 2 2 2 2 2 2 1 1 1 1 1 1 2 1 1 2 2 2 2 2 2 1 1 2 2 2 1 2 2 1 2 1 2 2 2 1 1 2 2 2 2 1 1 1 1 1 1 1 1 1 1 1 1 1 1 1 1 1 1 1 1 1 1 2 2 2 2 2 2 2 2 2 2 2 2 2 2 1 1 1 1 1 1 1 1 1 1 1 1 1 1 1 1 1 1 1 1 1 1 1 1 1 1 1 1 1 1 1 1 1 1 1 1 1 1 1 1 1 1 1 1 1 1 1 1 1 1 1 1 1 1 1 1 1 1 1 1 1 1 1 1 1 1 1 1 1 1 1 1 1 1 1 1 1 1 1 1 1 1 1 1 1 1 1 1 1 1 1 1 1 1 1 1 1 1 1 1 1 1 1 1 1 1 1 1 1 1 1 2 2 2 2 2 2 2 2 2 2 2 2 2 2 2 2 1 1 1 1 1 1 2 1 1 2 2 2 2 1 2 1 2 2 2 1 2 2 2 2 1 2 2 1 1 1 2 2 2 2 2 1 1 1 1 1 1 1 1 1 1 1 1 1 1 1 1 1 1 1 1 1 1 2 2 2 2 2 2 2 2 2 2 2 2 2 2 1 1 1 1 1 1 1 1 1 1 1 1 1 1 1 1 1 1 1 1 1 1 1 1 1 1 1 1 1 1 2 2 2 2 2 1 2 2 2 1 1 1 1 1 1 1 1 1 1 1 1 2 1 2 1 2 2 2 1 2 2 1 2 2 1 2 1 1 1 1 1 1 1 1 1 1 1 1 1 1 1 1 1 1 1 1 1 1 1 1 1 1 1 1 1 1 1 1 1 1 1 2 1 1 1 1 1 1 1 1 1 1 1 1 1 1 1 1 1 1 1 1 1 1 1 1 1 1 1 1 1 1 1 1 1 1 1 2 2 2 2 2 2 2 2 2 2 2 2 2 2 2 2 2 2 2 2 2 2 2 2 2 2 2 2 2 2 2 2 2 2 2 2 2 2 2 1 1 1 1 1 1 2 2 2 1 1 2 1 2 1 2 2 1 2 1 1 2 1 2 2 1 2 1 1 1 2 2 2 2 2 2 2 2 2 2 2 2 2 2 2 2 2 2 2 2 2 2 2 2 2 2 2 2 2 2 2 2 2 2 2 2 2 2 2 2 2 2 2 2 2 2 2 2 2 2 2 2 2 2 2 2 2 2 2 2 2 2 2 2 2 2 2 2 2 2 2 2 2 2 2 2 2 2 2 2 2 2 2 2 2 2 2 2 1 1 1 1 1 1 1 1 1 1 1 1 1 1 1 1 1 1 1 1 1 1 1 1 1 1 1 1 1 1 1 1 1 1 1 1 1 1 1 1 1 1 1 1 1 1 1 1 1 1 1 1 1 1 2 2 1 1 1 1 1 1 1 1 1 1 1 1 1 1 1 1 1 1 1 1 1 1 1 1 1 1 1 1 1 1 1 1 1 1 1 1 1 1 1 1 1 1 1 1 1 1 1 1 1 1 1 1 1 1 1 1 1 1 1 1 1 2 2 2 2 2 2 1 2 2 1 1 1 1 1 1 1 1 1 1 2 1 2 1 2 1 2 1 2 2 2 1 2 2 1 1 1 1 1 1 1 1 1 1 1 1 1 1 1 1 1 1 1 1 1 1 1 1 1 1 1 1 1 1 1 1 1 1 1 1 1 1 1 1 1 1 1 1 1 1 1 1 1 1 1 1 1 1 1 1 1 1 1 1 1 1 1 1 1 1 1 1 1 1 1 2 2 2 2 2 2 2 2 2 2 2 2 2 2 2 2 2 2 2 2 2 2 2 2 2 2 2 2 2 2 2 2 2 2 2 2 2 2 2 1 1 1 1 2 1 2 1 2 1 1 2 2 1 1 2 1 2 1 2 2 1 2 1 2 1 1 2 1 1 2 2 2 2 2 2 2 2 2 2 2 2 2 2 2 2 2 2 2 2 2 2 2 2 2 1 2 2 2 2 2 2 2 2 2 2 2 2 2 2 2 2 2 2 2 2 2 2 2 2 2 2 2 2 2 2 2 2 2 2 2 2 2 2 2 2 2 2 2 2 2 2 2 2 2 2 2 2 2 2 2 2 2 2 2 2 2 2 1 1 1 1 1 1 1 1 1 1 1 1 1 1 1 1 1 1 1 1 1 1 1 1 1 1 1 1 1 1 1 1 1 1 1 1 1 1 1 1 1 1 1 1 1 1 1 1 1 1 1 1 1 1 2 2 1 1 1 1 1 1 1 1 1 1 1 1 1 1 1 1 1 1 1 1 1 1 1 1 1 1 1 1 1 1 1 1 1 1 1 1 1 1 1 1 1 1 1 1 1 1 1 1 1 1 1 1 1 1 1 1 1 1 1 1 1 1 1 1 1 1 1 1 1 1 1 1 1 1 1 1 1 1 1 1 1 1 1 1 1 1 1 1 2 1 1 1 1 1 1 1 1 1 1 1 1 1 1 1 1 1 1 1 2 1 1 1 1 1 1 1 1 1 1 1 1 1 1 1 1 1 1 1 1 1 1 1 1 1 1 1 1 1 1 1 1 1 1 1 1 1 1 1 1 1 1 1 1 1 1 1 1 1 1 1 1 1 1 1 1 1 1 1 1 1 1 1 1 1 1 1 1 1 1 1 1 1 1 1 1 2 2 2 2 1 1 1 1 2 1 2 1 2 2 1 2 2 1 2 1 1 1 1 2 2 1 1 2 1 2 1 1 1 1 1 1 1 1 1 1 1 1 1 1 1 1 1 1 1 1 </vcount>
          <v>13 0 14 1 13 2 14 3 13 4 14 5 13 6 13 7 13 8 13 9 14 10 13 11 14 12 13 13 14 14 13 15 13 16 14 17 13 18 14 19 13 20 14 21 14 22 13 23 14 24 13 25 14 26 14 27 13 28 14 29 14 30 13 31 14 32 14 33 14 34 14 35 14 36 14 37 0 38 1 39 0 40 0 41 1 42 0 43 1 44 0 45 1 46 0 47 1 48 0 49 1 50 0 51 1 52 0 53 1 54 1 55 1 56 0 57 1 58 0 59 1 60 1 61 0 62 1 63 0 64 0 65 1 66 1 67 1 68 2 69 1 70 1 71 1 72 1 73 1 74 1 75 1 76 1 77 1 78 1 79 1 80 1 81 1 82 1 83 1 84 1 85 1 86 1 87 0 88 1 89 0 90 1 91 0 92 1 93 0 94 1 95 0 96 1 97 0 98 1 99 0 100 1 101 0 102 1 103 0 104 0 105 0 106 0 107 7 108 7 109 7 110 7 111 7 112 7 113 6 114 6 115 6 116 6 117 6 118 6 119 7 120 7 121 7 122 7 123 6 124 6 125 6 126 6 127 7 128 7 129 6 130 6 131 7 132 7 133 7 134 7 135 6 136 6 137 6 138 6 139 7 140 7 141 6 142 6 143 1 144 1 145 6 146 1 147 1 148 6 149 1 150 1 151 6 152 1 153 1 154 1 155 1 156 1 157 1 158 1 159 1 160 6 161 1 162 1 163 1 164 1 165 1 166 1 167 1 168 1 169 1 170 1 171 1 172 6 173 1 174 1 175 1 176 1 177 1 178 0 179 1 180 0 181 1 182 0 183 1 184 0 185 1 186 1 187 2 188 1 189 0 190 1 191 0 192 1 193 0 194 13 195 0 196 13 197 0 198 13 199 0 200 13 201 0 202 13 203 0 204 13 205 0 206 0 207 0 208 0 209 0 210 13 211 0 212 13 213 0 214 13 215 0 216 13 217 0 218 0 219 13 220 0 221 0 222 13 223 0 224 13 225 0 226 0 227 0 228 1 229 0 230 1 231 0 232 1 233 0 234 1 235 0 236 0 237 0 238 1 239 0 240 1 241 1 242 1 243 2 244 1 245 1 246 1 247 2 248 1 249 2 250 1 251 2 252 1 253 2 254 1 255 2 256 1 257 2 258 0 259 0 260 0 261 0 262 0 263 21 264 0 265 21 266 0 267 21 268 0 269 21 270 0 271 21 272 0 273 21 274 22 275 0 276 21 277 22 278 0 279 21 280 22 281 0 282 21 283 0 284 21 285 0 286 21 287 22 288 0 289 21 290 0 291 21 292 0 293 21 294 22 295 14 296 15 297 14 298 15 299 14 300 15 301 14 302 15 303 14 304 15 305 14 306 15 307 14 308 15 309 14 310 15 311 14 312 15 313 13 314 14 315 13 316 13 317 14 318 13 319 13 320 14 321 13 322 14 323 13 324 13 325 0 326 13 327 0 328 13 329 13 330 13 331 0 332 13 333 13 334 0 335 13 336 13 337 13 338 13 339 0 340 13 341 0 342 13 343 0 344 13 345 0 346 13 347 13 348 13 349 0 350 13 351 0 352 13 353 0 354 13 355 0 356 13 357 13 358 13 359 0 360 13 361 0 362 1 363 0 364 0 365 0 366 0 367 0 368 21 369 22 370 23 371 22 372 23 373 22 374 23 375 22 376 23 377 22 378 23 379 22 380 23 381 22 382 23 383 22 384 23 385 22 386 23 387 22 388 23 389 0 390 21 391 22 392 0 393 21 394 22 395 0 396 21 397 22 398 0 399 21 400 22 401 0 402 21 403 22 404 21 405 22 406 21 407 22 408 21 409 22 410 21 411 22 412 21 413 22 414 21 415 22 416 21 417 22 418 21 419 22 420 21 421 22 422 21 423 22 424 21 425 22 426 21 427 22 428 21 429 22 430 21 431 22 432 21 433 22 434 21 435 22 436 23 437 21 438 22 439 23 440 21 441 22 442 23 443 21 444 22 445 23 446 21 447 22 448 23 449 0 450 13 451 0 452 6 453 7 454 6 455 7 456 6 457 7 458 22 459 23 460 22 461 23 462 22 463 23 464 22 465 23 466 22 467 23 468 22 469 23 470 22 471 23 472 22 473 23 474 22 475 23 476 22 477 23 478 7 479 7 480 8 481 7 482 7 483 8 484 7 485 8 486 7 487 8 488 7 489 8 490 7 491 7 492 7 493 8 494 7 495 8 496 7 497 7 498 7 499 8 500 7 501 7 502 8 503 7 504 8 505 7 506 8 507 7 508 7 509 8 510 7 511 8 512 7 513 8 514 8 515 8 516 7 517 8 518 8 519 7 520 8 521 8 522 8 523 7 524 8 525 8 526 8 527 8 528 8 529 8 530 8 531 8 532 8 533 8 534 8 535 8 536 8 537 8 538 8 539 8 540 8 541 8 542 8 543 8 544 8 545 8 546 8 547 8 548 8 549 8 550 8 551 8 552 8 553 8 554 8 555 8 556 8 557 8 558 8 559 8 560 8 561 8 562 8 563 8 564 8 565 8 566 8 567 8 568 8 569 8 570 8 571 8 572 8 573 8 574 8 575 8 576 8 577 8 578 8 579 8 580 8 581 7 582 8 583 7 584 8 585 7 586 8 587 7 588 8 589 7 590 8 591 7 592 8 593 8 594 8 595 8 596 7 597 8 598 8 599 7 600 8 601 8 602 7 603 7 604 7 605 8 606 7 607 8 608 7 609 7 610 8 611 7 612 7 613 8 614 7 615 7 616 8 617 7 618 8 619 7 620 8 621 7 622 8 623 7 624 7 625 8 626 8 627 8 628 8 629 8 630 8 631 8 632 8 633 8 634 8 635 8 636 8 637 8 638 8 639 8 640 8 641 8 642 8 643 8 644 8 645 8 646 8 647 7 648 8 649 8 650 8 651 8 652 8 653 7 654 7 655 7 656 7 657 7 658 7 659 7 660 7 661 7 662 7 663 7 664 7 665 7 666 7 667 8 668 7 669 8 670 7 671 8 672 7 673 8 674 7 675 8 676 7 677 8 678 7 679 8 680 7 681 8 682 7 683 8 684 7 685 7 686 7 687 7 688 7 689 7 690 7 691 7 692 7 693 7 694 7 695 7 696 7 697 7 698 7 699 17 700 18 701 17 702 18 703 17 704 18 705 17 706 17 707 17 708 17 709 18 710 17 711 18 712 17 713 18 714 17 715 17 716 18 717 17 718 18 719 17 720 17 721 18 722 18 723 17 724 18 725 18 726 17 727 18 728 17 729 18 730 18 731 18 732 18 733 18 734 18 735 18 736 18 737 0 738 1 739 0 740 0 741 1 742 0 743 0 744 1 745 0 746 1 747 0 748 1 749 0 750 1 751 0 752 1 753 0 754 1 755 1 756 0 757 1 758 1 759 0 760 1 761 1 762 0 763 0 764 1 765 1 766 1 767 1 768 2 769 1 770 1 771 1 772 1 773 1 774 1 775 1 776 1 777 1 778 1 779 1 780 1 781 1 782 1 783 1 784 1 785 1 786 0 787 1 788 0 789 1 790 0 791 1 792 0 793 1 794 0 795 1 796 0 797 1 798 0 799 1 800 0 801 1 802 0 803 0 804 0 805 0 806 10 807 10 808 10 809 10 810 10 811 10 812 9 813 9 814 9 815 9 816 9 817 9 818 10 819 10 820 10 821 10 822 9 823 9 824 9 825 9 826 10 827 10 828 9 829 9 830 10 831 10 832 10 833 10 834 9 835 9 836 9 837 9 838 10 839 10 840 9 841 9 842 1 843 9 844 1 845 9 846 1 847 1 848 1 849 9 850 1 851 1 852 1 853 1 854 1 855 1 856 1 857 1 858 9 859 1 860 1 861 1 862 1 863 1 864 1 865 1 866 1 867 1 868 1 869 1 870 1 871 9 872 1 873 1 874 1 875 1 876 1 877 0 878 1 879 0 880 1 881 0 882 1 883 0 884 1 885 1 886 1 887 2 888 0 889 1 890 0 891 1 892 0 893 17 894 0 895 17 896 0 897 17 898 0 899 17 900 0 901 17 902 0 903 17 904 0 905 0 906 0 907 0 908 0 909 17 910 0 911 17 912 0 913 17 914 0 915 17 916 0 917 0 918 17 919 0 920 0 921 17 922 0 923 17 924 0 925 0 926 0 927 1 928 0 929 1 930 0 931 1 932 0 933 1 934 0 935 0 936 0 937 1 938 0 939 1 940 1 941 2 942 1 943 1 944 1 945 1 946 2 947 1 948 2 949 1 950 2 951 1 952 2 953 1 954 2 955 1 956 2 957 0 958 0 959 0 960 0 961 0 962 21 963 0 964 21 965 0 966 21 967 0 968 21 969 22 970 0 971 21 972 0 973 21 974 22 975 0 976 21 977 0 978 21 979 0 980 21 981 22 982 0 983 21 984 0 985 21 986 0 987 21 988 22 989 0 990 21 991 22 992 0 993 21 994 18 995 19 996 18 997 19 998 18 999 19 1000 18 1001 19 1002 18 1003 19 1004 18 1005 19 1006 18 1007 19 1008 18 1009 19 1010 18 1011 19 1012 17 1013 17 1014 17 1015 18 1016 17 1017 18 1018 17 1019 17 1020 18 1021 17 1022 17 1023 18 1024 0 1025 17 1026 17 1027 0 1028 17 1029 17 1030 0 1031 17 1032 0 1033 17 1034 17 1035 17 1036 17 1037 17 1038 0 1039 17 1040 0 1041 17 1042 0 1043 17 1044 0 1045 17 1046 17 1047 17 1048 0 1049 17 1050 0 1051 17 1052 0 1053 17 1054 0 1055 17 1056 17 1057 17 1058 0 1059 17 1060 0 1061 1 1062 0 1063 0 1064 0 1065 0 1066 0 1067 21 1068 22 1069 23 1070 22 1071 23 1072 22 1073 23 1074 22 1075 23 1076 22 1077 23 1078 22 1079 23 1080 22 1081 23 1082 22 1083 23 1084 22 1085 23 1086 22 1087 23 1088 0 1089 21 1090 22 1091 0 1092 21 1093 22 1094 0 1095 21 1096 22 1097 0 1098 21 1099 22 1100 0 1101 21 1102 22 1103 21 1104 22 1105 21 1106 22 1107 21 1108 22 1109 21 1110 22 1111 21 1112 22 1113 21 1114 22 1115 21 1116 22 1117 21 1118 22 1119 21 1120 22 1121 21 1122 22 1123 21 1124 22 1125 21 1126 22 1127 21 1128 22 1129 21 1130 22 1131 21 1132 22 1133 21 1134 22 1135 23 1136 21 1137 22 1138 23 1139 21 1140 22 1141 23 1142 21 1143 22 1144 23 1145 21 1146 22 1147 23 1148 0 1149 0 1150 17 1151 9 1152 10 1153 9 1154 10 1155 9 1156 10 1157 22 1158 23 1159 22 1160 23 1161 22 1162 23 1163 22 1164 23 1165 22 1166 23 1167 22 1168 23 1169 22 1170 23 1171 22 1172 23 1173 22 1174 23 1175 22 1176 23 1177 10 1178 10 1179 10 1180 11 1181 10 1182 11 1183 10 1184 11 1185 10 1186 11 1187 10 1188 11 1189 10 1190 10 1191 10 1192 11 1193 10 1194 11 1195 10 1196 10 1197 11 1198 10 1199 11 1200 10 1201 10 1202 10 1203 11 1204 10 1205 11 1206 10 1207 11 1208 10 1209 10 1210 11 1211 11 1212 11 1213 11 1214 11 1215 11 1216 11 1217 11 1218 11 1219 11 1220 11 1221 11 1222 11 1223 11 1224 11 1225 11 1226 11 1227 11 1228 11 1229 11 1230 11 1231 11 1232 11 1233 11 1234 11 1235 11 1236 11 1237 11 1238 11 1239 11 1240 11 1241 11 1242 11 1243 11 1244 11 1245 11 1246 11 1247 11 1248 11 1249 11 1250 11 1251 11 1252 11 1253 11 1254 11 1255 11 1256 11 1257 11 1258 11 1259 11 1260 11 1261 11 1262 11 1263 11 1264 11 1265 11 1266 11 1267 11 1268 11 1269 11 1270 11 1271 11 1272 11 1273 11 1274 11 1275 11 1276 10 1277 11 1278 11 1279 10 1280 11 1281 11 1282 11 1283 10 1284 11 1285 11 1286 11 1287 11 1288 11 1289 11 1290 11 1291 11 1292 10 1293 11 1294 10 1295 10 1296 11 1297 10 1298 10 1299 11 1300 10 1301 10 1302 11 1303 10 1304 10 1305 10 1306 11 1307 10 1308 11 1309 11 1310 10 1311 11 1312 10 1313 11 1314 10 1315 11 1316 11 1317 11 1318 11 1319 11 1320 11 1321 11 1322 11 1323 11 1324 11 1325 11 1326 11 1327 11 1328 11 1329 11 1330 11 1331 11 1332 11 1333 11 1334 11 1335 11 1336 11 1337 11 1338 11 1339 11 1340 11 1341 10 1342 10 1343 10 1344 10 1345 10 1346 10 1347 10 1348 10 1349 10 1350 10 1351 10 1352 10 1353 10 1354 11 1355 11 1356 11 1357 10 1358 11 1359 10 1360 11 1361 10 1362 11 1363 10 1364 11 1365 10 1366 11 1367 10 1368 11 1369 10 1370 10 1371 10 1372 10 1373 10 1374 10 1375 10 1376 10 1377 10 1378 10 1379 10 1380 10 1381 10 1382 10 1383 10 1384 1 1385 12 1386 1 1387 1 1388 12 1389 1 1390 12 1391 1 1392 12 1393 1 1394 12 1395 1 1396 12 1397 1 1398 12 1399 1 1400 12 1401 1 1402 12 1403 1 1404 12 1405 1 1406 12 1407 1 1408 12 1409 1 1410 12 1411 1 1412 12 1413 1 1414 12 1415 1 1416 12 1417 1 1418 1 1419 1 1420 12 1421 1 1422 12 1423 1 1424 12 1425 1 1426 12 1427 1 1428 12 1429 1 1430 12 1431 1 1432 12 1433 1 1434 12 1435 1 1436 12 1437 1 1438 12 1439 1 1440 12 1441 1 1442 12 1443 1 1444 12 1445 1 1446 12 1447 1 1448 12 1449 1 1450 12 1451 1 1452 12 1453 1 1454 12 1455 1 1456 12 1457 1 1458 12 1459 1 1460 12 1461 1 1462 12 1463 1 1464 12 1465 1 1466 12 1467 1 1468 1 1469 12 1470 1 1471 12 1472 1 1473 12 1474 1 1475 12 1476 1 1477 12 1478 1 1479 12 1480 1 1481 12 1482 1 1483 12 1484 1 1485 12 1486 1 1487 12 1488 1 1489 12 1490 1 1491 12 1492 1 1493 12 1494 1 1495 12 1496 1 1497 12 1498 1 1499 1 1500 12 1501 1 1502 12 1503 1 1504 12 1505 1 1506 12 1507 1 1508 12 1509 1 1510 12 1511 1 1512 12 1513 1 1514 12 1515 1 1516 12 1517 1 1518 12 1519 1 1520 12 1521 1 1522 12 1523 1 1524 12 1525 1 1526 12 1527 1 1528 12 1529 1 1530 1 1531 1 1532 12 1533 1 1534 12 1535 1 1536 12 1537 1 1538 12 1539 1 1540 12 1541 1 1542 12 1543 1 1544 12 1545 1 1546 12 1547 1 1548 12 1549 1 1550 12 1551 1 1552 12 1553 1 1554 12 1555 1 1556 12 1557 1 1558 12 1559 1 1560 12 1561 1 1562 12 1563 1 1564 12 1565 1 1566 12 1567 1 1568 12 1569 1 1570 12 1571 1 1572 12 1573 1 1574 12 1575 1 1576 12 1577 1 1578 12 1579 1 1580 1 1581 12 1582 1 1583 12 1584 1 1585 12 1586 1 1587 12 1588 1 1589 12 1590 1 1591 12 1592 1 1593 12 1594 1 1595 12 1596 1 1597 12 1598 1 1599 12 1600 1 1601 12 1602 1 1603 12 1604 1 1605 12 1606 1 1607 12 1608 1 1609 1 1610 1 1611 1 1612 1 1613 1 1614 1 1615 1 1616 1 1617 1 1618 1 1619 1 1620 1 1621 1 1622 1 1623 1 1624 1 1625 1 1626 1 1627 1 1628 1 1629 1 1630 1 1631 1 1632 1 1633 1 1634 1 1635 1 1636 1 1637 1 1638 2 1639 1 1640 1 1641 2 1642 1 1643 1 1644 1 1645 2 1646 1 1647 2 1648 1 1649 1 1650 1 1651 2 1652 1 1653 2 1654 1 1655 1 1656 1 1657 1 1658 1 1659 1 1660 1 1661 1 1662 0 1663 1 1664 0 1665 1 1666 0 1667 1 1668 0 1669 1 1670 0 1671 1 1672 0 1673 1 1674 0 1675 1 1676 0 1677 1 1678 1 1679 1 1680 1 1681 1 1682 1 1683 1 1684 1 1685 1 1686 1 1687 1 1688 1 1689 1 1690 1 1691 1 1692 1 1693 1 1694 1 1695 1 1696 1 1697 1 1698 1 1699 1 1700 1 1701 2 1702 1 1703 2 1704 1 1705 2 1706 1 1707 2 1708 1 1709 2 1710 1 1711 2 1712 1 1713 2 1714 1 1715 2 1716 0 1717 1 1718 0 1719 1 1720 0 1721 1 1722 0 1723 1 1724 0 1725 1 1726 0 1727 1 1728 1 1729 1 1730 1 1731 1 1732 1 1733 1 1734 1 1735 1 1736 1 1737 1 1738 1 1739 1 1740 1 1741 1 1742 1 1743 1 1744 1 1745 1 1746 1 1747 1 1748 1 1749 1 1750 1 1751 1 1752 1 1753 1 1754 1 1755 1 1756 1 1757 1 1758 1 1759 1 1760 1 1761 1 1762 2 1763 1 1764 2 1765 1 1766 1 1767 1 1768 1 1769 1 1770 1 1771 2 1772 1 1773 1 1774 2 1775 1 1776 2 1777 1 1778 2 1779 1 1780 1 1781 1 1782 1 1783 1 1784 1 1785 1 1786 1 1787 0 1788 1 1789 0 1790 1 1791 0 1792 1 1793 0 1794 1 1795 0 1796 1 1797 0 1798 1 1799 1 1800 1 1801 1 1802 1 1803 1 1804 1 1805 1 1806 1 1807 1 1808 1 1809 1 1810 1 1811 1 1812 1 1813 1 1814 1 1815 1 1816 1 1817 1 1818 1 1819 1 1820 1 1821 1 1822 1 1823 1 1824 1 1825 1 1826 1 1827 1 1828 1 1829 2 1830 1 1831 2 1832 1 1833 1 1834 1 1835 1 1836 1 1837 1 1838 2 1839 1 1840 1 1841 2 1842 1 1843 2 1844 1 1845 2 1846 1 1847 1 1848 1 1849 1 1850 1 1851 1 1852 1 1853 1 1854 0 1855 1 1856 0 1857 1 1858 0 1859 1 1860 0 1861 1 1862 0 1863 1 1864 0 1865 1 1866 0 1867 1 1868 0 1869 1 1870 1 1871 1 1872 1 1873 1 1874 1 1875 1 1876 1 1877 1 1878 1 1879 1 1880 1 1881 1 1882 1 1883 1 1884 1 1885 1 1886 1 1887 1 1888 1 1889 1 1890 1 1891 1 1892 1 1893 2 1894 1 1895 2 1896 1 1897 2 1898 1 1899 2 1900 1 1901 2 1902 1 1903 2 1904 1 1905 2 1906 1 1907 2 1908 0 1909 1 1910 0 1911 1 1912 0 1913 1 1914 0 1915 1 1916 0 1917 1 1918 0 1919 1 1920 1 1921 1 1922 1 1923 1 1924 1 1925 1 1926 1 1927 1 1928 1 1929 1 1930 1 1931 1 1932 1 1933 1 1934 1 1935 1 1936 1 1937 1 1938 1 1939 1 1940 1 1941 1 1942 1 1943 1 1944 1 1945 1 1946 1 1947 1 1948 1 1949 1 1950 1 1951 1 1952 1 1953 1 1954 1 1955 2 1956 1 1957 1 1958 2 1959 1 1960 1 1961 1 1962 2 1963 1 1964 2 1965 1 1966 1 1967 1 1968 2 1969 1 1970 2 1971 1 1972 1 1973 1 1974 1 1975 1 1976 1 1977 1 1978 1 1979 0 1980 1 1981 0 1982 1 1983 0 1984 1 1985 0 1986 1 1987 0 1988 1 1989 0 1990 1 1991 1 1992 16 1993 16 1994 16 1995 16 1996 16 1997 16 1998 16 1999 16 2000 16 2001 16 2002 16 2003 16 2004 16 2005 16 2006 16 2007 16 2008 16 2009 16 2010 16 2011 16 2012 16 2013 16 2014 16 2015 16 2016 16 2017 16 2018 16 2019 16 2020 16 2021 16 2022 16 2023 16 2024 16 2025 16 2026 16 2027 16 2028 16 2029 16 2030 16 2031 16 2032 16 2033 16 2034 16 2035 16 2036 16 2037 16 2038 16 2039 16 2040 16 2041 16 2042 16 2043 16 2044 16 2045 16 2046 16 2047 16 2048 16 2049 16 2050 16 2051 16 2052 16 2053 16 2054 16 2055 16 2056 16 2057 16 2058 16 2059 16 2060 16 2061 16 2062 16 2063 16 2064 16 2065 16 2066 16 2067 16 2068 16 2069 16 2070 16 2071 16 2072 16 2073 14 2074 15 2075 14 2076 15 2077 14 2078 15 2079 14 2080 15 2081 14 2082 15 2083 14 2084 15 2085 14 2086 15 2087 14 2088 15 2089 14 2090 15 2091 14 2092 15 2093 14 2094 15 2095 14 2096 15 2097 14 2098 15 2099 14 2100 15 2101 14 2102 15 2103 14 2104 15 2105 15 2106 15 2107 15 2108 15 2109 15 2110 15 2111 15 2112 16 2113 15 2114 15 2115 15 2116 16 2117 15 2118 16 2119 15 2120 16 2121 15 2122 16 2123 15 2124 16 2125 15 2126 16 2127 15 2128 15 2129 15 2130 16 2131 15 2132 16 2133 15 2134 16 2135 15 2136 15 2137 16 2138 15 2139 16 2140 15 2141 15 2142 16 2143 15 2144 15 2145 16 2146 15 2147 16 2148 15 2149 16 2150 15 2151 15 2152 15 2153 16 2154 15 2155 16 2156 15 2157 16 2158 15 2159 16 2160 15 2161 15 2162 15 2163 15 2164 15 2165 15 2166 15 2167 15 2168 15 2169 15 2170 15 2171 15 2172 15 2173 15 2174 15 2175 15 2176 15 2177 15 2178 15 2179 15 2180 15 2181 15 2182 15 2183 16 2184 15 2185 16 2186 15 2187 16 2188 15 2189 16 2190 15 2191 16 2192 15 2193 16 2194 15 2195 16 2196 15 2197 16 2198 15 2199 16 2200 15 2201 16 2202 15 2203 16 2204 15 2205 16 2206 15 2207 16 2208 15 2209 16 2210 16 2211 16 2212 16 2213 16 2214 16 2215 16 2216 16 2217 16 2218 16 2219 16 2220 16 2221 16 2222 16 2223 16 2224 16 2225 16 2226 16 2227 16 2228 16 2229 16 2230 16 2231 16 2232 16 2233 16 2234 16 2235 16 2236 16 2237 16 2238 16 2239 16 2240 20 2241 20 2242 20 2243 20 2244 20 2245 20 2246 20 2247 20 2248 20 2249 20 2250 20 2251 20 2252 20 2253 20 2254 20 2255 20 2256 20 2257 20 2258 20 2259 20 2260 20 2261 20 2262 20 2263 20 2264 20 2265 20 2266 20 2267 20 2268 20 2269 20 2270 20 2271 20 2272 20 2273 20 2274 20 2275 20 2276 20 2277 20 2278 20 2279 20 2280 20 2281 20 2282 20 2283 20 2284 20 2285 20 2286 20 2287 20 2288 20 2289 20 2290 20 2291 20 2292 20 2293 20 2294 20 2295 20 2296 20 2297 20 2298 20 2299 20 2300 20 2301 20 2302 20 2303 20 2304 20 2305 20 2306 20 2307 20 2308 20 2309 20 2310 20 2311 20 2312 20 2313 20 2314 20 2315 20 2316 20 2317 20 2318 20 2319 20 2320 20 2321 18 2322 19 2323 18 2324 19 2325 18 2326 19 2327 18 2328 19 2329 18 2330 19 2331 18 2332 19 2333 18 2334 19 2335 18 2336 19 2337 18 2338 19 2339 18 2340 19 2341 18 2342 19 2343 18 2344 19 2345 18 2346 19 2347 18 2348 19 2349 18 2350 19 2351 18 2352 19 2353 19 2354 19 2355 19 2356 19 2357 19 2358 19 2359 19 2360 20 2361 19 2362 19 2363 19 2364 20 2365 19 2366 20 2367 19 2368 20 2369 19 2370 20 2371 19 2372 19 2373 20 2374 19 2375 19 2376 20 2377 19 2378 20 2379 19 2380 20 2381 19 2382 19 2383 20 2384 19 2385 20 2386 19 2387 20 2388 19 2389 20 2390 19 2391 19 2392 20 2393 19 2394 20 2395 19 2396 19 2397 19 2398 19 2399 20 2400 19 2401 20 2402 19 2403 20 2404 19 2405 20 2406 19 2407 20 2408 19 2409 19 2410 19 2411 19 2412 19 2413 19 2414 19 2415 19 2416 19 2417 19 2418 19 2419 19 2420 19 2421 19 2422 19 2423 19 2424 19 2425 19 2426 19 2427 19 2428 19 2429 19 2430 19 2431 20 2432 19 2433 20 2434 19 2435 20 2436 19 2437 20 2438 19 2439 20 2440 19 2441 20 2442 19 2443 20 2444 19 2445 20 2446 19 2447 20 2448 19 2449 20 2450 19 2451 20 2452 19 2453 20 2454 19 2455 20 2456 19 2457 20 2458 20 2459 20 2460 20 2461 20 2462 20 2463 20 2464 20 2465 20 2466 20 2467 20 2468 20 2469 20 2470 20 2471 20 2472 20 2473 20 2474 20 2475 20 2476 20 2477 20 2478 20 2479 20 2480 20 2481 20 2482 20 2483 20 2484 20 2485 20 2486 20 2487 20 2488 1 2489 2 2490 1 2491 2 2492 1 2493 2 2494 1 2495 2 2496 1 2497 2 2498 2 2499 1 2500 2 2501 1 2502 2 2503 1 2504 2 2505 2 2506 2 2507 2 2508 2 2509 2 2510 2 2511 2 2512 2 2513 2 2514 2 2515 2 2516 2 2517 2 2518 3 2519 2 2520 2 2521 3 2522 2 2523 2 2524 3 2525 2 2526 3 2527 2 2528 3 2529 2 2530 2 2531 3 2532 2 2533 3 2534 2 2535 2 2536 3 2537 2 2538 3 2539 3 2540 2 2541 3 2542 3 2543 2 2544 2 2545 2 2546 2 2547 2 2548 2 2549 2 2550 2 2551 2 2552 2 2553 2 2554 2 2555 2 2556 2 2557 2 2558 2 2559 2 2560 2 2561 2 2562 2 2563 2 2564 2 2565 2 2566 2 2567 2 2568 2 2569 2 2570 2 2571 2 2572 2 2573 2 2574 2 2575 2 2576 2 2577 1 2578 2 2579 2 2580 2 2581 2 2582 2 2583 2 2584 2 2585 2 2586 2 2587 2 2588 2 2589 2 2590 2 2591 2 2592 2 2593 2 2594 2 2595 2 2596 2 2597 2 2598 2 2599 2 2600 2 2601 2 2602 2 2603 2 2604 2 2605 2 2606 2 2607 2 2608 2 2609 2 2610 2 2611 2 2612 2 2613 2 2614 2 2615 4 2616 2 2617 4 2618 2 2619 4 2620 2 2621 4 2622 2 2623 4 2624 2 2625 4 2626 2 2627 4 2628 2 2629 4 2630 2 2631 4 2632 2 2633 4 2634 2 2635 4 2636 2 2637 4 2638 2 2639 4 2640 2 2641 4 2642 2 2643 4 2644 2 2645 4 2646 2 2647 4 2648 2 2649 4 2650 2 2651 4 2652 2 2653 4 2654 2 2655 4 2656 2 2657 4 2658 2 2659 4 2660 2 2661 4 2662 2 2663 4 2664 2 2665 4 2666 2 2667 4 2668 2 2669 4 2670 2 2671 4 2672 2 2673 4 2674 2 2675 4 2676 2 2677 4 2678 2 2679 4 2680 2 2681 4 2682 2 2683 4 2684 2 2685 4 2686 2 2687 4 2688 2 2689 4 2690 2 2691 4 2692 2 2693 2 2694 2 2695 2 2696 2 2697 2 2698 2 2699 4 2700 2 2701 4 2702 2 2703 4 2704 2 2705 2 2706 2 2707 4 2708 2 2709 2 2710 4 2711 2 2712 2 2713 4 2714 2 2715 4 2716 2 2717 2 2718 4 2719 2 2720 2 2721 2 2722 4 2723 2 2724 2 2725 4 2726 2 2727 4 2728 2 2729 2 2730 4 2731 2 2732 2 2733 2 2734 2 2735 4 2736 2 2737 4 2738 2 2739 4 2740 2 2741 4 2742 2 2743 4 2744 2 2745 4 2746 2 2747 4 2748 2 2749 4 2750 2 2751 4 2752 2 2753 4 2754 2 2755 4 2756 2 2757 4 2758 2 2759 4 2760 2 2761 4 2762 2 2763 4 2764 2 2765 4 2766 2 2767 4 2768 2 2769 4 2770 2 2771 4 2772 2 2773 4 2774 2 2775 4 2776 2 2777 4 2778 2 2779 4 2780 2 2781 4 2782 2 2783 4 2784 2 2785 4 2786 2 2787 4 2788 2 2789 4 2790 2 2791 4 2792 2 2793 4 2794 2 2795 4 2796 2 2797 4 2798 2 2799 4 2800 2 2801 4 2802 2 2803 4 2804 2 2805 4 2806 2 2807 4 2808 2 2809 4 2810 2 2811 4 2812 2 2813 4 2814 2 2815 4 2816 2 2817 4 2818 2 2819 4 2820 2 2821 4 2822 2 2823 4 2824 2 2825 4 2826 2 2827 4 2828 2 2829 4 2830 2 2831 4 2832 2 2833 4 2834 2 2835 4 2836 2 2837 4 2838 2 2839 4 2840 2 2841 4 2842 2 2843 4 2844 2 2845 4 2846 2 2847 4 2848 2 2849 4 2850 2 2851 4 2852 2 2853 4 2854 2 2855 4 2856 2 2857 4 2858 2 2859 4 2860 2 2861 4 2862 2 2863 4 2864 2 2865 4 2866 2 2867 4 2868 2 2869 4 2870 2 2871 4 2872 2 2873 4 2874 2 2875 4 2876 2 2877 4 2878 2 2879 4 2880 2 2881 4 2882 2 2883 4 2884 2 2885 4 2886 2 2887 4 2888 2 2889 4 2890 2 2891 4 2892 2 2893 4 2894 2 2895 4 2896 2 2897 4 2898 2 2899 4 2900 2 2901 4 2902 2 2903 4 2904 2 2905 4 2906 2 2907 4 2908 2 2909 4 2910 2 2911 2 2912 2 2913 2 2914 2 2915 2 2916 2 2917 2 2918 2 2919 2 2920 2 2921 2 2922 2 2923 2 2924 2 2925 2 2926 2 2927 2 2928 2 2929 2 2930 2 2931 2 2932 2 2933 2 2934 2 2935 2 2936 2 2937 2 2938 2 2939 2 2940 2 2941 2 2942 2 2943 2 2944 2 2945 2 2946 2 2947 2 2948 2 2949 2 2950 2 2951 2 2952 2 2953 2 2954 2 2955 2 2956 2 2957 2 2958 2 2959 2 2960 2 2961 2 2962 2 2963 2 2964 1 2965 2 2966 1 2967 2 2968 3 2969 2 2970 2 2971 2 2972 2 2973 2 2974 2 2975 2 2976 2 2977 2 2978 2 2979 2 2980 2 2981 2 2982 2 2983 2 2984 2 2985 2 2986 2 2987 2 2988 2 2989 2 2990 2 2991 2 2992 2 2993 2 2994 2 2995 2 2996 2 2997 2 2998 2 2999 2 3000 2 3001 2 3002 2 3003 2 3004 2 3005 2 3006 2 3007 2 3008 2 3009 2 3010 2 3011 2 3012 2 3013 2 3014 2 3015 2 3016 2 3017 2 3018 2 3019 2 3020 2 3021 2 3022 2 3023 2 3024 2 3025 2 3026 2 3027 2 3028 2 3029 1 3030 2 3031 1 3032 2 3033 1 3034 2 3035 1 3036 2 3037 1 3038 2 3039 1 3040 2 3041 2 3042 1 3043 2 3044 1 3045 2 3046 2 3047 2 3048 2 3049 2 3050 2 3051 2 3052 2 3053 2 3054 2 3055 2 3056 2 3057 3 3058 2 3059 2 3060 3 3061 2 3062 2 3063 3 3064 2 3065 2 3066 3 3067 2 3068 2 3069 3 3070 2 3071 3 3072 2 3073 3 3074 2 3075 2 3076 3 3077 2 3078 3 3079 3 3080 3 3081 2 3082 2 3083 2 3084 2 3085 2 3086 2 3087 2 3088 2 3089 2 3090 2 3091 2 3092 2 3093 2 3094 2 3095 2 3096 2 3097 2 3098 2 3099 2 3100 2 3101 2 3102 2 3103 2 3104 2 3105 2 3106 2 3107 2 3108 2 3109 2 3110 2 3111 2 3112 2 3113 2 3114 2 3115 2 3116 2 3117 2 3118 2 3119 2 3120 2 3121 2 3122 2 3123 2 3124 2 3125 2 3126 2 3127 2 3128 2 3129 2 3130 2 3131 2 3132 2 3133 2 3134 2 3135 2 3136 2 3137 2 3138 2 3139 2 3140 2 3141 2 3142 2 3143 2 3144 2 3145 2 3146 2 3147 2 3148 2 3149 2 3150 2 3151 5 3152 2 3153 5 3154 2 3155 5 3156 2 3157 5 3158 2 3159 5 3160 2 3161 5 3162 2 3163 5 3164 2 3165 5 3166 2 3167 5 3168 2 3169 5 3170 2 3171 5 3172 2 3173 5 3174 2 3175 5 3176 2 3177 5 3178 2 3179 5 3180 2 3181 5 3182 2 3183 5 3184 2 3185 5 3186 2 3187 5 3188 2 3189 5 3190 2 3191 5 3192 2 3193 5 3194 2 3195 5 3196 2 3197 5 3198 2 3199 5 3200 2 3201 5 3202 2 3203 5 3204 2 3205 5 3206 2 3207 5 3208 2 3209 5 3210 2 3211 5 3212 2 3213 5 3214 2 3215 5 3216 2 3217 5 3218 2 3219 5 3220 2 3221 5 3222 2 3223 5 3224 2 3225 5 3226 2 3227 5 3228 2 3229 2 3230 2 3231 2 3232 2 3233 5 3234 2 3235 2 3236 5 3237 2 3238 2 3239 5 3240 2 3241 2 3242 2 3243 5 3244 2 3245 5 3246 2 3247 2 3248 2 3249 5 3250 2 3251 2 3252 5 3253 2 3254 2 3255 5 3256 2 3257 5 3258 2 3259 2 3260 5 3261 2 3262 2 3263 5 3264 2 3265 2 3266 2 3267 5 3268 2 3269 2 3270 2 3271 5 3272 2 3273 5 3274 2 3275 5 3276 2 3277 5 3278 2 3279 5 3280 2 3281 5 3282 2 3283 5 3284 2 3285 5 3286 2 3287 5 3288 2 3289 5 3290 2 3291 5 3292 2 3293 5 3294 2 3295 5 3296 2 3297 5 3298 2 3299 5 3300 2 3301 5 3302 2 3303 5 3304 2 3305 5 3306 2 3307 5 3308 2 3309 5 3310 2 3311 5 3312 2 3313 5 3314 2 3315 5 3316 2 3317 5 3318 2 3319 5 3320 5 3321 2 3322 5 3323 2 3324 5 3325 2 3326 5 3327 2 3328 5 3329 2 3330 5 3331 2 3332 5 3333 2 3334 5 3335 2 3336 5 3337 2 3338 5 3339 2 3340 5 3341 2 3342 5 3343 2 3344 5 3345 2 3346 5 3347 2 3348 5 3349 2 3350 5 3351 2 3352 5 3353 2 3354 5 3355 2 3356 5 3357 2 3358 5 3359 2 3360 5 3361 2 3362 5 3363 2 3364 5 3365 2 3366 5 3367 2 3368 5 3369 2 3370 5 3371 2 3372 5 3373 2 3374 5 3375 2 3376 5 3377 2 3378 5 3379 2 3380 5 3381 2 3382 5 3383 2 3384 5 3385 2 3386 5 3387 2 3388 5 3389 2 3390 5 3391 2 3392 5 3393 2 3394 5 3395 2 3396 5 3397 2 3398 5 3399 2 3400 5 3401 2 3402 5 3403 2 3404 5 3405 2 3406 5 3407 2 3408 5 3409 2 3410 5 3411 2 3412 5 3413 2 3414 5 3415 2 3416 5 3417 2 3418 5 3419 2 3420 5 3421 2 3422 5 3423 2 3424 5 3425 2 3426 5 3427 2 3428 5 3429 2 3430 5 3431 2 3432 5 3433 2 3434 5 3435 2 3436 5 3437 2 3438 5 3439 2 3440 5 3441 2 3442 5 3443 2 3444 5 3445 2 3446 2 3447 2 3448 2 3449 2 3450 2 3451 2 3452 2 3453 2 3454 2 3455 2 3456 2 3457 2 3458 2 3459 2 3460 2 3461 2 3462 2 3463 2 3464 2 3465 2 3466 2 3467 2 3468 2 3469 2 3470 2 3471 2 3472 2 3473 2 3474 2 3475 2 3476 2 3477 2 3478 2 3479 2 3480 2 3481 2 3482 2 3483 2 3484 2 3485 2 3486 2 3487 2 3488 2 3489 2 3490 2 3491 2 3492 2 3493 2 3494 2 3495 2 3496 2 3497 2 3498 2 3499 1 3500 2 3501 1 3502 2 3503 3 3504 2 3505 2 3506 2 3507 2 3508 2 3509 2 3510 2 3511 2 3512 2 3513 2 3514 2 3515 2 3516 2 3517 2 3518 2 3519 2 3520 2 3521 2 3522 2 3523 2 3524 2 3525 2 3526 2 3527 2 3528 2 3529 2 3530 2 3531 2 3532 2 3533 2 3534 2 3535 2 3536 2 3537 2 3538 2 3539 2 3540 2 3541 2 3542 2 3543 2 3544 2 3545 2 3546 2 3547 2 3548 2 3549 2 3550 2 3551 2 3552 2 3553 2 3554 2 3555 2 3556 2 3557 2 3558 2 3559 2 3560 2 3561 2 3562 2 3563 2 3564 2 3565 2 3566 2 3567 2 3568 2 3569 2 3570 2 3571 2 3572 2 3573 2 3574 2 3575 2 3576 2 3577 2 3578 2 3579 2 3580 2 3581 2 3582 2 3583 2 3584 2 3585 2 3586 2 3587 2 3588 2 3589 2 3590 3 3591 2 3592 3 3593 3 3594 3 3595 2 3596 2 3597 2 3598 2 3599 2 3600 2 3601 3 3602 3 3603 2 3604 2 3605 2 3606 3 3607 3 3608 2 3609 2 3610 3 3611 3 3612 2 3613 3 3614 3 3615 3 3616 2 3617 2 3618 2 3619 2 3620 2 3621 2 3622 3 3623 3 3624 2 3625 2 3626 2 3627 2 3628 2 3629 3 3630 3 3631 2 3632 3 3633 3 3634 3 3635 3 3636 3 3637 3 3638 3 3639 3 3640 3 3641 3 3642 2 3643 2 3644 2 3645 2 3646 2 3647 2 3648 2 3649 2 3650 2 3651 2 3652 2 3653 2 3654 2 3655 2 3656 2 3657 2 3658 2 3659 2 3660 2 3661 2 3662 2 3663 2 3664 2 3665 2 3666 2 3667 3 3668 3 3669 3 3670 3 3671 3 3672 3 3673 3 3674 3 3675 3 3676 3 3677 3 3678 3 3679 3 3680 3 3681 3 3682 3 3683 3 3684 3 3685 3 3686 3 3687 3 3688 3 3689 2 3690 2 3691 3 3692 2 3693 3 3694 2 3695 3 3696 2 3697 3 3698 2 3699 3 3700 3 3701 2 3702 2 3703 3 3704 2 3705 2 3706 3 3707 2 3708 2 3709 3 3710 2 3711 3 3712 2 3713 2 3714 3 3715 2 3716 3 3717 2 3718 2 3719 3 3720 2 3721 3 3722 2 3723 2 3724 2 3725 3 3726 2 3727 3 3728 2 3729 2 3730 2 3731 3 3732 2 3733 2 3734 3 3735 2 3736 2 3737 2 3738 2 3739 2 3740 2 3741 2 3742 2 3743 2 3744 2 3745 2 3746 2 3747 2 3748 2 3749 2 3750 2 3751 2 3752 2 3753 2 3754 2 3755</v>
        </vertex_weights>
      </skin>
    </controller>
    <controller id="chr081_armature_chr081_1-skin" name="chr081_armature">
      <skin source="#chr081_1-mesh">
        <bind_shape_matrix>1 0 0 0 0 1 0 0 0 0 1 0 0 0 0 1</bind_shape_matrix>
        <source id="chr081_armature_chr081_1-skin-joints">
          <Name_array id="chr081_armature_chr081_1-skin-joints-array" count="24">J_center J_spine2 J_head J_mouth J_ear_l J_ear_r J_arm_l J_ancon_l J_hand_l J_arm_r J_ancon_r J_hand_r J_scarf J_leg_l J_knee_l J_foot_l J_foot_ball_l J_leg_r J_knee_r J_foot_r J_foot_ball_r J_tail J_tail1 J_tail_end</Name_array>
          <technique_common>
            <accessor source="#chr081_armature_chr081_1-skin-joints-array" count="24" stride="1">
              <param name="JOINT" type="name"/>
            </accessor>
          </technique_common>
        </source>
        <source id="chr081_armature_chr081_1-skin-bind_poses">
          <float_array id="chr081_armature_chr081_1-skin-bind_poses-array" count="384">1 0 0 0 0 1 0 -1.03659 0 0 1 0 0 0 0 1 1 0 0 0 0 1 0 -1.17876 0 0 1 0.03226125 0 0 0 1 1 0 0 0 0 1 0 -1.56217 0 0 1 0.006049752 0 0 0 1 1 0 0 0 0 1 0 -1.61288 0 0 1 -0.166952 0 0 0 1 1 0 0 -0.282308 0 1 0 -2.06696 0 0 1 0.196348 0 0 0 1 1 0 1.50996e-7 0.282308 0 -1 0 2.06696 1.50996e-7 0 -1 -0.1963479 0 0 0 1 -0.01944065 -0.9983115 0.05473846 1.368489 0.9983114 -0.02237987 -0.05360394 -0.1962316 0.05473846 0.05360394 0.9970608 -0.07075929 0 0 0 1 -0.006913602 -0.9957161 -0.09220409 1.353848 0.9957162 -0.01535689 0.09117871 -0.49887 -0.09220409 -0.09117871 0.9915568 0.2029303 0 0 0 1 1 0 0 -0.8729889 -1.73226e-7 1 0 -1.35352 0 0 1 -9.83263e-4 0 0 0 1 -0.01944065 0.9983115 -0.05473846 -1.368489 -0.9983114 -0.02237987 -0.05360394 -0.1962316 -0.05473846 0.05360394 0.9970608 -0.07075929 0 0 0 1 -0.006913602 0.9957161 0.09220409 -1.353848 -0.9957162 -0.01535689 0.09117871 -0.49887 0.09220409 -0.09117871 0.9915568 0.2029303 0 0 0 1 1 0 0 0.8729889 1.73226e-7 1 0 -1.35352 0 0 1 -9.83263e-4 0 0 0 1 1 0 0 0 0 1 0 -1.45883 0 0 1 0.163477 0 0 0 1 0.9999832 3.95148e-4 0.005779325 -0.1581335 -3.95148e-4 -0.9906941 0.1361066 0.8806056 0.005779325 -0.1361066 -0.9906686 0.1290421 0 0 0 1 0.9999881 -4.13068e-4 0.004874408 -0.1576211 4.13058e-4 -0.9857404 -0.1682702 0.5771223 0.004874408 0.1682729 -0.98572 -0.04659855 0 0 0 1 0.9999552 -0.004887163 -0.008108377 -0.1565647 0.004887282 -0.467051 0.8842098 0.1185281 -0.008108437 -0.8842169 -0.4670011 0.2179968 0 0 0 1 1 0 0 -0.159217 0 1 -1.22188e-6 -0.1067746 0 0 0.9999914 -0.2618677 0 0 0 1 0.9999832 -3.95148e-4 -0.005779325 0.1581335 3.95148e-4 -0.9906941 0.1361066 0.8806056 -0.005779325 -0.1361066 -0.9906686 0.1290421 0 0 0 1 0.9999881 4.13068e-4 -0.004874408 0.1576211 -4.13058e-4 -0.9857404 -0.1682702 0.5771223 -0.004874408 0.1682729 -0.98572 -0.04659855 0 0 0 1 0.9999552 0.004887163 0.008108377 0.1565647 -0.004887282 -0.467051 0.8842098 0.1185281 0.008108437 -0.8842169 -0.4670011 0.2179968 0 0 0 1 1 0 0 0.159217 0 1 -1.22188e-6 -0.1067746 0 0 0.9999914 -0.2618677 0 0 0 1 1 0 0 0 0 -0.0368852 -0.9993195 -0.1837652 0 0.9993196 -0.03688526 -1.04578 0 0 0 1 1 0 0 0 0 0 -1 -0.7177391 0 1 0 -1.02 0 0 0 1 1 0 0 0 0 1 0 -1.02 0 0 1 1.29548 0 0 0 1</float_array>
          <technique_common>
            <accessor source="#chr081_armature_chr081_1-skin-bind_poses-array" count="24" stride="16">
              <param name="TRANSFORM" type="float4x4"/>
            </accessor>
          </technique_common>
        </source>
        <source id="chr081_armature_chr081_1-skin-weights">
          <float_array id="chr081_armature_chr081_1-skin-weights-array" count="3754">0.5 0.5 0.1999999 0.8 0.1999999 0.8 1 1 1 0.1999999 0.8 0.5 0.5 0.1999999 0.8 1 0.1999999 0.8 0.5 0.5 1 1 0.1999999 0.8 1 0.1999999 0.8 1 1 0.1999999 0.8 0.1999999 0.8 1 1 1 1 1 0.9000123 0.09998774 0.9000123 0.09998774 1 0.9000123 0.09998774 0.7000489 0.2999511 0.7000489 0.2999511 0.9000123 0.09998774 0.8 0.1999999 0.5999023 0.4000977 1 0.1999999 0.8 1 0.1999999 0.8 1 0.1999999 0.8 1 0.7000489 0.2999511 1 1 0.8 0.1999999 1 1 1 1 1 1 1 1 1 1 1 1 1 1 1 1 1 0.5 0.5 0.5 0.5 0.1999999 0.8 0.1999999 0.8 0.9000123 0.09998774 0.9000123 0.09998774 0.7000489 0.2999511 0.7000489 0.2999511 1 1 1 1 1 1 1 1 1 1 1 1 1 1 1 1 1 1 1 1 1 1 1 1 1 1 1 1 1 1 1 1 1 1 1 1 1 1 1 1 1 1 0.5 0.5 0.5 0.5 1 0.5 0.5 1 1 1 1 1 1 0.5 0.5 1 1 1 1 1 1 1 1 1 1 1 0.5 0.5 1 1 1 1 1 0.5 0.5 0.1999999 0.8 0.5 0.5 0.1999999 0.8 1 1 0.5 0.5 0.1999999 0.8 0.1999999 0.8 0.8 0.1999999 0.1999999 0.8 0.8 0.1999999 0.1999999 0.8 0.8 0.1999999 1 1 1 1 0.8 0.1999999 0.8 0.1999999 0.5999023 0.4000977 0.8 0.1999999 1 0.8 0.1999999 1 0.7000489 0.2999511 0.5999023 0.4000977 1 1 0.9000123 0.09998774 0.9000123 0.09998774 0.7000489 0.2999511 0.7000489 0.2999511 1 1 0.9000123 0.09998774 0.7000489 0.2999511 1 0.8 0.1999999 1 1 0.8 0.1999999 0.5 0.5 0.4000977 0.5999023 0.5 0.5 0.5 0.5 0.5 0.5 1 1 1 1 0.5999023 0.4000977 0.5999023 0.4000977 0.7000489 0.2999511 0.5999023 0.4000977 0.2999511 0.5500733 0.1499755 0.5999023 0.4000977 0.2999511 0.5500733 0.1499755 0.2999511 0.5500733 0.1499755 0.7000489 0.2999511 0.7000489 0.2999511 0.2999511 0.5500733 0.1499755 0.7000489 0.2999511 0.7000489 0.2999511 0.2999511 0.5500733 0.1499755 0.8 0.1999999 0.7000489 0.2999511 0.7000489 0.2999511 0.7000489 0.2999511 0.8 0.1999999 0.7000489 0.2999511 0.8 0.1999999 0.8 0.1999999 0.9000123 0.09998774 0.9000123 0.09998774 0.9000123 0.09998774 1 1 0.9000123 0.09998774 1 0.9000123 0.09998774 1 0.5999023 0.4000977 1 0.1999999 0.8 1 0.5999023 0.4000977 0.8 0.1999999 1 1 1 1 0.7000489 0.2999511 0.1999999 0.8 0.8 0.1999999 0.1999999 0.8 1 1 0.1999999 0.8 0.09998774 0.9000123 0.5999023 0.4000977 0.1999999 0.8 1 1 0.1999999 0.8 0.1999999 0.8 1 1 1 1 0.7000489 0.2999511 0.4000977 0.5999023 0.4000977 0.5999023 0.2999511 0.7000489 0.2999511 0.7000489 0.5 0.5 0.5 0.5 0.5 0.5 0.4000977 0.5999023 0.5 0.5 0.4000977 0.5999023 0.1000366 0.5999756 0.2999878 0.1000366 0.5999756 0.2999878 0.1000366 0.5999756 0.2999878 0.1000366 0.5999756 0.2999878 0.1000366 0.5999756 0.2999878 0.5 0.5 0.5 0.5 0.5 0.5 0.5 0.5 0.5 0.5 0.3499389 0.6500611 0.3499389 0.6500611 0.3499389 0.6500611 0.3499389 0.6500611 0.3499389 0.6500611 0.1999999 0.8 0.1999999 0.8 0.1999999 0.8 0.1999999 0.8 0.1999999 0.8 0.03001433 0.7699307 0.200055 0.03001433 0.7699307 0.200055 0.03001433 0.7699307 0.200055 0.03001433 0.7699307 0.200055 0.03001433 0.7699307 0.200055 0.8 0.1999999 1 0.5 0.5 0.5 0.5 0.5 0.5 0.2999511 0.7000489 0.1499755 0.8500245 0.2999511 0.7000489 0.5 0.5 0.5 0.5 0.2999511 0.7000489 0.1499755 0.8500245 0.2999511 0.7000489 0.5 0.5 0.5 0.5 1 1 0.5 0.5 0.1999999 0.8 0.1999999 0.8 0.5 0.5 0.5 0.5 1 1 0.1999999 0.8 0.5 0.5 1 1 1 0.5 0.5 0.5 0.5 0.1999999 0.8 0.1999999 0.8 1 0.5 0.5 0.1999999 0.8 0.09998774 0.9000123 1 0.09998774 0.9000123 1 1 1 0.09998774 0.9000123 1 0.09998774 0.9000123 1 1 1 1 1 1 1 1 1 1 1 1 1 1 1 1 1 1 1 1 1 1 1 1 1 1 1 1 1 1 1 1 1 1 1 1 1 1 1 1 1 1 1 1 1 1 1 1 1 1 1 1 1 1 1 1 0.09998774 0.9000123 0.1999999 0.8 0.09998774 0.9000123 0.1999999 0.8 0.1999999 0.8 0.09998774 0.9000123 1 1 1 0.09998774 0.9000123 0.09998774 0.9000123 1 1 1 0.5 0.5 1 0.5 0.5 1 0.5 0.5 1 0.5 0.5 1 0.5 0.5 0.5 0.5 0.09998774 0.9000123 0.1999999 0.8 1 0.5 0.5 1 1 1 1 1 1 1 1 1 1 1 1 1 1 1 1 1 1 1 1 1 0.09998774 0.9000123 1 1 1 1 1 1 1 1 1 1 1 1 1 1 1 1 1 0.09998774 0.9000123 0.09998774 0.9000123 0.09998774 0.9000123 0.5 0.5 0.1999999 0.8 0.1999999 0.8 0.1999999 0.8 0.1999999 0.8 0.1999999 0.8 1 1 1 1 1 1 1 1 1 1 1 1 1 1 1 0.5 0.5 0.1999999 0.8 0.1999999 0.8 1 1 1 0.5 0.5 0.1999999 0.8 0.1999999 0.8 1 0.5 0.5 0.1999999 0.8 1 0.1999999 0.8 0.1999999 0.8 1 1 0.1999999 0.8 1 0.1999999 0.8 1 1 1 1 1 1 0.9000123 0.09998774 0.9000123 0.09998774 1 1 0.7000489 0.2999511 0.7000489 0.2999511 0.8 0.1999999 0.9000123 0.09998774 0.5999023 0.4000977 0.1999999 0.8 0.1999999 0.8 1 1 0.1999999 0.8 1 1 0.7000489 0.2999511 1 0.8 0.1999999 1 1 1 1 1 1 1 1 1 1 1 1 1 1 1 1 1 1 0.1999999 0.8 0.5 0.5 0.1999999 0.8 0.5 0.5 0.7000489 0.2999511 0.9000123 0.09998774 0.7000489 0.2999511 0.9000123 0.09998774 1 1 1 1 1 1 1 1 1 1 1 1 1 1 1 1 1 1 1 1 1 1 1 1 1 1 1 1 1 1 1 1 1 1 1 1 1 1 1 1 0.5 0.5 1 0.5 0.5 1 0.5 0.5 1 1 1 1 1 1 1 1 0.5 0.5 1 1 1 1 1 1 1 1 1 1 0.5 0.5 1 1 1 1 1 0.1999999 0.8 0.5 0.5 0.1999999 0.8 0.5 0.5 1 1 0.5 0.5 0.1999999 0.8 0.8 0.1999999 0.8 0.1999999 0.1999999 0.8 0.1999999 0.8 0.8 0.1999999 0.1999999 0.8 1 1 1 1 0.8 0.1999999 0.8 0.1999999 0.8 0.1999999 0.5999023 0.4000977 1 0.8 0.1999999 1 0.5999023 0.4000977 0.7000489 0.2999511 1 1 0.9000123 0.09998774 0.9000123 0.09998774 0.7000489 0.2999511 0.7000489 0.2999511 1 1 0.9000123 0.09998774 0.7000489 0.2999511 0.8 0.1999999 1 1 1 0.8 0.1999999 0.4000977 0.5999023 0.5 0.5 0.5 0.5 0.5 0.5 0.5 0.5 1 1 1 1 0.5999023 0.4000977 0.5999023 0.4000977 0.7000489 0.2999511 0.2999511 0.5500733 0.1499755 0.2999511 0.5500733 0.1499755 0.5999023 0.4000977 0.5999023 0.4000977 0.7000489 0.2999511 0.2999511 0.5500733 0.1499755 0.7000489 0.2999511 0.7000489 0.2999511 0.2999511 0.5500733 0.1499755 0.2999511 0.5500733 0.1499755 0.7000489 0.2999511 0.7000489 0.2999511 0.8 0.1999999 0.7000489 0.2999511 0.8 0.1999999 0.7000489 0.2999511 0.7000489 0.2999511 0.8 0.1999999 0.8 0.1999999 0.9000123 0.09998774 1 0.9000123 0.09998774 1 0.9000123 0.09998774 1 1 0.9000123 0.09998774 0.9000123 0.09998774 0.5999023 0.4000977 0.1999999 0.8 1 1 0.5999023 0.4000977 1 0.8 0.1999999 1 1 1 0.1999999 0.8 0.1999999 0.8 0.8 0.1999999 0.7000489 0.2999511 1 1 0.1999999 0.8 0.09998774 0.9000123 0.5999023 0.4000977 0.1999999 0.8 1 1 0.1999999 0.8 0.1999999 0.8 1 1 1 1 0.7000489 0.2999511 0.4000977 0.5999023 0.2999511 0.7000489 0.4000977 0.5999023 0.2999511 0.7000489 0.5 0.5 0.5 0.5 0.4000977 0.5999023 0.5 0.5 0.4000977 0.5999023 0.5 0.5 0.1000366 0.5999756 0.2999878 0.1000366 0.5999756 0.2999878 0.1000366 0.5999756 0.2999878 0.1000366 0.5999756 0.2999878 0.1000366 0.5999756 0.2999878 0.5 0.5 0.5 0.5 0.5 0.5 0.5 0.5 0.5 0.5 0.3499389 0.6500611 0.3499389 0.6500611 0.3499389 0.6500611 0.3499389 0.6500611 0.3499389 0.6500611 0.1999999 0.8 0.1999999 0.8 0.1999999 0.8 0.1999999 0.8 0.1999999 0.8 0.03001433 0.7699307 0.200055 0.03001433 0.7699307 0.200055 0.03001433 0.7699307 0.200055 0.03001433 0.7699307 0.200055 0.03001433 0.7699307 0.200055 1 0.8 0.1999999 0.5 0.5 0.5 0.5 0.5 0.5 0.2999511 0.7000489 0.1499755 0.8500245 0.2999511 0.7000489 0.5 0.5 0.5 0.5 0.2999511 0.7000489 0.2999511 0.7000489 0.1499755 0.8500245 0.5 0.5 0.5 0.5 1 0.5 0.5 1 0.5 0.5 0.1999999 0.8 0.5 0.5 0.1999999 0.8 1 1 0.5 0.5 0.1999999 0.8 1 0.5 0.5 1 0.5 0.5 1 0.1999999 0.8 0.1999999 0.8 0.5 0.5 1 0.1999999 0.8 1 1 1 1 1 1 1 1 1 1 1 1 1 1 1 1 1 1 1 1 1 1 1 1 1 1 1 1 1 1 1 1 1 1 1 1 1 1 1 1 1 1 1 1 1 1 1 1 1 1 1 1 1 1 1 1 1 1 1 1 1 1 1 1 1 0.1999999 0.8 0.1999999 0.8 1 1 0.1999999 0.8 1 1 1 1 1 1 1 1 0.5 0.5 0.5 0.5 1 1 0.5 0.5 1 0.5 0.5 1 1 0.5 0.5 0.5 0.5 1 0.1999999 0.8 0.5 0.5 1 1 1 1 1 1 1 1 1 1 1 1 1 1 1 1 1 1 1 1 1 1 1 1 1 1 1 1 1 1 1 1 1 1 1 1 1 1 1 1 1 1 1 0.5 0.5 0.1999999 0.8 0.1999999 0.8 0.1999999 0.8 0.1999999 0.8 0.1999999 0.8 1 1 1 1 1 1 1 1 1 1 1 1 1 1 1 0.8 0.1999999 0.8 0.1999999 1 0.8 0.1999999 0.5999023 0.4000977 0.5999023 0.4000977 0.5999023 0.4000977 0.5 0.5 0.5 0.5 0.5 0.5 0.4000977 0.5999023 0.4000977 0.5999023 0.4000977 0.5999023 0.1999999 0.8 0.1999999 0.8 0.1999999 0.8 0.09998774 0.9000123 1 0.8 0.1999999 1 0.8 0.1999999 0.8 0.1999999 0.8 0.1999999 0.5999023 0.4000977 0.5999023 0.4000977 0.5 0.5 0.5 0.5 0.4000977 0.5999023 0.4000977 0.5999023 0.1999999 0.8 0.1999999 0.8 0.09998774 0.9000123 0.09998774 0.9000123 0.1999999 0.8 0.1999999 0.8 0.4000977 0.5999023 0.4000977 0.5999023 0.5 0.5 0.5 0.5 0.5999023 0.4000977 0.5999023 0.4000977 0.8 0.1999999 1 0.8 0.1999999 0.8 0.1999999 0.5999023 0.4000977 0.5999023 0.4000977 0.5999023 0.4000977 0.5 0.5 0.5 0.5 0.5 0.5 0.4000977 0.5999023 0.4000977 0.5999023 0.4000977 0.5999023 0.1999999 0.8 0.1999999 0.8 0.1999999 0.8 0.09998774 0.9000123 0.8 0.1999999 0.8 0.1999999 1 0.8 0.1999999 0.5999023 0.4000977 0.5999023 0.4000977 0.5999023 0.4000977 0.5 0.5 0.5 0.5 0.5 0.5 0.4000977 0.5999023 0.4000977 0.5999023 0.4000977 0.5999023 0.1999999 0.8 0.1999999 0.8 0.1999999 0.8 0.09998774 0.9000123 1 0.8 0.1999999 1 0.8 0.1999999 0.8 0.1999999 0.8 0.1999999 0.5999023 0.4000977 0.5999023 0.4000977 0.5 0.5 0.5 0.5 0.4000977 0.5999023 0.4000977 0.5999023 0.1999999 0.8 0.1999999 0.8 0.09998774 0.9000123 0.09998774 0.9000123 0.1999999 0.8 0.1999999 0.8 0.4000977 0.5999023 0.4000977 0.5999023 0.5 0.5 0.5 0.5 0.5999023 0.4000977 0.5999023 0.4000977 0.8 0.1999999 1 0.8 0.1999999 0.8 0.1999999 0.5999023 0.4000977 0.5999023 0.4000977 0.5999023 0.4000977 0.5 0.5 0.5 0.5 0.5 0.5 0.4000977 0.5999023 0.4000977 0.5999023 0.4000977 0.5999023 0.1999999 0.8 0.1999999 0.8 0.1999999 0.8 0.09998774 0.9000123 1 1 1 1 1 1 1 1 1 1 1 1 1 1 1 1 1 1 1 1 1 1 1 1 1 1 1 1 1 1 0.9000123 0.09998774 0.8 0.1999999 1 1 0.949997 0.05000305 1 0.9000123 0.09998774 1 0.75 0.25 0.75 0.25 1 1 1 1 1 1 1 1 0.1999999 0.8 0.1999999 0.8 0.5 0.5 0.5 0.5 0.7000489 0.2999511 0.5 0.5 0.1999999 0.8 0.1999999 0.8 1 1 1 1 1 1 1 1 1 1 1 1 1 1 1 1 1 1 1 1 1 1 0.9000123 0.09998774 0.9000123 0.09998774 0.8 0.1999999 0.8 0.1999999 0.75 0.25 0.75 0.25 0.75 0.25 0.75 0.25 0.5 0.5 0.7000489 0.2999511 0.5 0.5 0.7000489 0.2999511 0.1999999 0.8 0.1999999 0.8 1 1 1 1 1 1 1 1 1 1 1 1 1 1 1 1 1 1 1 1 1 1 1 1 1 1 1 1 1 1 1 1 1 0.8 0.1999999 1 0.9000123 0.09998774 1 1 1 1 1 0.9000123 0.09998774 0.949997 0.05000305 0.75 0.25 0.75 0.25 1 1 1 1 1 1 1 1 0.1999999 0.8 0.1999999 0.8 0.5 0.5 0.5 0.5 0.7000489 0.2999511 0.1999999 0.8 1 1 1 1 1 1 1 1 1 1 1 1 1 1 1 1 1 1 1 1 1 1 1 1 1 1 1 1 1 0.8 0.1999999 1 0.9000123 0.09998774 1 1 1 1 1 0.9000123 0.09998774 0.949997 0.05000305 0.75 0.25 0.75 0.25 1 1 1 1 1 1 1 1 0.1999999 0.8 0.1999999 0.8 0.5 0.5 0.5 0.5 0.5 0.5 0.7000489 0.2999511 0.1999999 0.8 0.1999999 0.8 1 1 1 1 1 1 1 1 1 1 1 1 1 1 1 1 1 1 1 1 1 1 0.9000123 0.09998774 0.9000123 0.09998774 0.8 0.1999999 0.8 0.1999999 0.75 0.25 0.75 0.25 0.75 0.25 0.75 0.25 0.7000489 0.2999511 0.7000489 0.2999511 0.5 0.5 0.5 0.5 0.1999999 0.8 0.1999999 0.8 1 1 1 1 1 1 1 1 1 1 1 1 1 1 1 1 1 1 1 1 1 1 1 1 1 1 1 1 1 1 1 1 1 1 1 0.9000123 0.09998774 0.8 0.1999999 1 1 0.949997 0.05000305 1 0.9000123 0.09998774 1 0.75 0.25 0.75 0.25 1 1 1 1 1 1 1 1 0.1999999 0.8 0.1999999 0.8 0.5 0.5 0.5 0.5 0.7000489 0.2999511 0.1999999 0.8 1 1 1 1 1 1 1 1 1 1 1 1 1 1 1 1 1 1 1 1 1 1 1 1 1 1 1 1 1 1 1 1 1 1 1 1 1 1 1 1 1 1 1 1 1 1 1 1 1 1 1 1 1 1 1 1 1 1 1 1 1 1 1 1 1 1 1 1 1 1 1 1 1 1 1 1 1 1 1 1 1 1 0.1999999 0.8 0.1999999 0.8 0.7000489 0.2999511 0.9000123 0.09998774 0.8 0.1999999 0.8 0.1999999 0.1999999 0.8 0.1999999 0.8 0.7000489 0.2999511 0.1999999 0.8 0.8 0.1999999 0.1999999 0.8 0.1999999 0.8 0.7000489 0.2999511 0.1999999 0.8 0.7000489 0.2999511 1 1 1 1 1 1 0.7000489 0.2999511 1 1 0.7000489 0.2999511 0.1999999 0.8 0.1999999 0.8 0.7000489 0.2999511 0.7000489 0.2999511 1 0.7000489 0.2999511 1 0.1999999 0.8 0.1999999 0.8 0.7000489 0.2999511 1 0.1999999 0.8 0.7000489 0.2999511 0.7000489 0.2999511 1 1 0.7000489 0.2999511 0.7000489 0.2999511 0.7000489 0.2999511 1 1 0.1999999 0.8 0.1999999 0.8 0.1999999 0.8 0.1999999 0.8 1 1 1 1 1 1 1 1 1 1 1 1 1 1 1 1 1 1 1 1 1 1 0.7000489 0.2999511 0.1999999 0.8 0.1999999 0.8 0.7000489 0.2999511 0.7000489 0.2999511 0.1999999 0.8 0.1999999 0.8 0.1999999 0.8 0.1999999 0.8 0.7000489 0.2999511 0.1999999 0.8 0.7000489 0.2999511 0.1999999 0.8 0.1999999 0.8 1 1 1 1 1 1 1 1 1 1 1 1 1 1 1 1 1 1 1 1 1 1 1 1 1 1 1 1 1 1 1 1 1 1 1 1 1 1 1 1 1 1 1 1 1 1 1 1 1 1 1 1 1 1 1 1 1 1 1 1 1 1 1 1 1 1 1 1 1 1 1 1 1 1 1 1 1 1 1 1 1 1 1 1 1 1 1 1 1 1 1 1 1 1 1 1 1 1 1 1 1 1 1 1 1 1 1 1 1 1 1 0.9000123 0.09998774 0.1999999 0.8 0.7000489 0.2999511 0.1999999 0.8 0.8 0.1999999 0.1999999 0.8 0.8 0.1999999 0.1999999 0.8 0.1999999 0.8 0.1999999 0.8 0.8 0.1999999 0.7000489 0.2999511 0.7000489 0.2999511 0.1999999 0.8 0.7000489 0.2999511 0.1999999 0.8 1 1 1 1 1 1 0.7000489 0.2999511 1 1 0.1999999 0.8 0.7000489 0.2999511 0.1999999 0.8 0.7000489 0.2999511 1 1 0.7000489 0.2999511 0.7000489 0.2999511 0.1999999 0.8 0.1999999 0.8 1 0.7000489 0.2999511 0.1999999 0.8 0.7000489 0.2999511 1 0.7000489 0.2999511 0.7000489 0.2999511 0.7000489 0.2999511 1 1 1 0.7000489 0.2999511 0.1999999 0.8 0.1999999 0.8 0.1999999 0.8 0.1999999 0.8 1 1 1 1 1 1 1 1 1 1 1 1 1 1 1 1 1 1 1 1 1 1 0.7000489 0.2999511 0.1999999 0.8 0.1999999 0.8 0.7000489 0.2999511 0.7000489 0.2999511 0.1999999 0.8 0.1999999 0.8 0.1999999 0.8 0.1999999 0.8 0.7000489 0.2999511 0.1999999 0.8 0.7000489 0.2999511 0.1999999 0.8 0.1999999 0.8 1 1 1 1 1 1 1 1 1 1 1 1 1 1 1 1 1 1 1 1 1 1 1 1 1 1 1 1 1 1 0.5 0.5 0.5 0.5 0.1999999 0.8 0.1999999 0.8 0.4000977 0.5999023 1 0.5 0.5 0.1999999 0.8 0.1999999 0.8 1 1 1 1 1 1 1 1 1 1 1 1 0.8 0.1999999 1 0.5 0.5 1 0.5 0.5 0.7000489 0.2999511 0.1999999 0.8 1 0.5 0.5 0.09998774 0.9000123 1 0.5 0.5 0.09998774 0.9000123 0.09998774 0.9000123 1 1 1 1 1 1 1 1 1 1 1 1 1 1 1 1 1 1 1 1 1 1 1 1 1 1 1 1 1 1 1 1 1 1 1 1 0.1999999 0.8 1 1 1 1 1 1 1 1 1 1 1 1 1 1 1 1 1 1 1 1 1 1 1 1 1 1 1 1 1 1 1 1 1 1 1 0.7000489 0.2999511 0.7000489 0.2999511 0.5999023 0.4000977 0.5999023 0.4000977 0.7000489 0.2999511 0.5999023 0.4000977 0.7000489 0.2999511 0.5999023 0.4000977 0.7000489 0.2999511 0.5999023 0.4000977 0.5999023 0.4000977 0.7000489 0.2999511 0.5999023 0.4000977 0.7000489 0.2999511 0.5999023 0.4000977 0.7000489 0.2999511 0.5999023 0.4000977 0.7000489 0.2999511 0.5999023 0.4000977 0.7000489 0.2999511 0.7000489 0.2999511 0.5999023 0.4000977 0.7000489 0.2999511 0.5999023 0.4000977 0.7000489 0.2999511 0.5999023 0.4000977 0.9000123 0.09998774 0.9000123 0.09998774 0.9000123 0.09998774 0.9000123 0.09998774 0.9000123 0.09998774 0.9000123 0.09998774 0.9000123 0.09998774 0.9000123 0.09998774 0.9000123 0.09998774 0.9000123 0.09998774 0.9000123 0.09998774 0.9000123 0.09998774 0.9000123 0.09998774 1 1 1 1 1 0.9000123 0.09998774 1 0.9000123 0.09998774 0.9000123 0.09998774 1 1 0.9000123 0.09998774 1 0.9000123 0.09998774 1 0.9000123 0.09998774 0.9000123 0.09998774 1 0.9000123 0.09998774 1 1 0.9000123 0.09998774 1 0.9000123 0.09998774 0.9000123 0.09998774 1 0.9000123 0.09998774 1 1 1 0.4000977 0.5999023 0.1999999 0.8 0.4000977 0.5999023 0.1999999 0.8 0.5 0.5 0.5 0.5 0.4000977 0.5999023 0.5 0.5 0.1999999 0.8 0.4000977 0.5999023 0.4000977 0.5999023 0.1999999 0.8 0.1999999 0.8 0.5 0.5 0.5 0.5 0.4000977 0.5999023 0.1999999 0.8 0.5 0.5 0.5 0.5 0.4000977 0.5999023 0.5 0.5 0.4000977 0.5999023 0.1999999 0.8 0.1999999 0.8 0.4000977 0.5999023 0.1999999 0.8 0.4000977 0.5999023 0.1999999 0.8 0.5 0.5 0.5 0.5 0.1999999 0.8 0.4000977 0.5999023 0.5 0.5 0.1999999 0.8 0.4000977 0.5999023 0.5 0.5 0.1999999 0.8 0.4000977 0.5999023 0.5 0.5 0.09998774 0.9000123 0.09998774 0.9000123 0.09998774 0.9000123 0.09998774 0.9000123 0.09998774 0.9000123 0.09998774 0.9000123 0.09998774 0.9000123 0.09998774 0.9000123 0.09998774 0.9000123 0.09998774 0.9000123 0.09998774 0.9000123 0.09998774 0.9000123 0.09998774 0.9000123 0.09998774 0.9000123 0.09998774 0.9000123 0.09998774 0.9000123 0.09998774 0.9000123 0.09998774 0.9000123 0.09998774 0.9000123 0.09998774 0.9000123 0.09998774 0.9000123 0.09998774 0.9000123 0.09998774 0.9000123 0.09998774 0.9000123 0.09998774 0.9000123 0.09998774 0.9000123 0.09998774 0.9000123 0.09998774 0.9000123 0.09998774 0.9000123 0.09998774 0.9000123 0.09998774 0.9000123 0.09998774 0.9000123 0.09998774 0.9000123 0.09998774 0.9000123 0.09998774 0.9000123 0.09998774 0.9000123 0.09998774 0.9000123 0.09998774 0.9000123 0.09998774 0.9000123 0.09998774 0.9000123 0.09998774 0.9000123 0.09998774 0.9000123 0.09998774 0.9000123 0.09998774 0.9000123 0.09998774 0.9000123 0.09998774 0.9000123 0.09998774 0.9000123 0.09998774 0.9000123 0.09998774 0.9000123 1 1 1 1 1 1 1 1 1 1 1 1 1 1 1 1 1 1 1 1 1 1 1 1 1 1 1 1 1 1 1 1 1 1 1 1 1 1 1 1 1 1 1 1 1 1 1 1 1 1 1 1 1 1 0.5 0.5 0.5 0.5 1 1 1 1 1 1 1 1 1 1 1 1 1 1 1 1 1 1 1 1 1 1 1 1 1 1 1 1 1 1 1 1 1 1 1 1 1 1 1 1 1 1 1 1 1 1 1 1 1 1 1 1 1 1 1 1 1 1 1 1 1 0.5 0.5 0.1999999 0.8 0.5 0.5 0.4000977 0.5999023 0.1999999 0.8 0.5 0.5 1 0.1999999 0.8 0.1999999 0.8 1 1 1 1 1 1 1 1 1 1 0.8 0.1999999 1 0.5 0.5 1 0.5 0.5 1 0.5 0.5 1 0.09998774 0.9000123 0.1999999 0.8 0.5 0.5 1 0.09998774 0.9000123 1 0.09998774 0.9000123 1 1 1 1 1 1 1 1 1 1 1 1 1 1 1 1 1 1 1 1 1 1 1 1 1 1 1 1 1 1 1 1 1 1 1 1 1 1 1 1 1 1 1 1 1 1 1 1 1 1 1 1 1 1 1 1 1 1 1 1 1 1 1 1 1 1 1 1 1 1 0.5999023 0.4000977 0.7000489 0.2999511 0.5999023 0.4000977 0.7000489 0.2999511 0.5999023 0.4000977 0.7000489 0.2999511 0.5999023 0.4000977 0.7000489 0.2999511 0.7000489 0.2999511 0.5999023 0.4000977 0.7000489 0.2999511 0.5999023 0.4000977 0.7000489 0.2999511 0.7000489 0.2999511 0.5999023 0.4000977 0.5999023 0.4000977 0.7000489 0.2999511 0.5999023 0.4000977 0.7000489 0.2999511 0.5999023 0.4000977 0.7000489 0.2999511 0.5999023 0.4000977 0.5999023 0.4000977 0.7000489 0.2999511 0.7000489 0.2999511 0.5999023 0.4000977 0.9000123 0.09998774 0.9000123 0.09998774 0.9000123 0.09998774 0.9000123 0.09998774 0.9000123 0.09998774 0.9000123 0.09998774 0.9000123 0.09998774 0.9000123 0.09998774 0.9000123 0.09998774 0.9000123 0.09998774 0.9000123 0.09998774 0.9000123 0.09998774 0.9000123 0.09998774 1 1 1 1 0.9000123 0.09998774 0.9000123 0.09998774 1 1 0.9000123 0.09998774 1 1 0.9000123 0.09998774 0.9000123 0.09998774 1 1 0.9000123 0.09998774 1 0.9000123 0.09998774 1 0.9000123 0.09998774 0.9000123 0.09998774 1 0.9000123 0.09998774 1 0.9000123 0.09998774 1 1 0.9000123 0.09998774 1 1 0.1999999 0.8 0.1999999 0.8 0.4000977 0.5999023 0.4000977 0.5999023 0.5 0.5 0.5 0.5 0.4000977 0.5999023 0.5 0.5 0.1999999 0.8 0.1999999 0.8 0.4000977 0.5999023 0.1999999 0.8 0.4000977 0.5999023 0.5 0.5 0.5 0.5 0.4000977 0.5999023 0.1999999 0.8 0.5 0.5 0.5 0.5 0.5 0.5 0.4000977 0.5999023 0.4000977 0.5999023 0.1999999 0.8 0.1999999 0.8 0.4000977 0.5999023 1 0.4000977 0.5999023 0.1999999 0.8 0.5 0.5 0.5 0.5 0.1999999 0.8 0.4000977 0.5999023 0.5 0.5 0.1999999 0.8 0.4000977 0.5999023 0.5 0.5 0.1999999 0.8 0.4000977 0.5999023 0.5 0.5 0.09998774 0.9000123 0.09998774 0.9000123 0.09998774 0.9000123 0.09998774 0.9000123 0.09998774 0.9000123 0.09998774 0.9000123 0.09998774 0.9000123 0.09998774 0.9000123 0.09998774 0.9000123 0.09998774 0.9000123 0.09998774 0.9000123 0.09998774 0.9000123 0.09998774 0.9000123 0.09998774 0.9000123 0.09998774 0.9000123 0.09998774 0.9000123 0.09998774 0.9000123 0.09998774 0.9000123 0.09998774 0.9000123 0.09998774 0.9000123 0.09998774 0.9000123 0.09998774 0.9000123 0.09998774 0.9000123 0.09998774 0.9000123 0.09998774 0.9000123 0.09998774 0.9000123 0.09998774 0.9000123 0.09998774 0.9000123 0.09998774 0.9000123 0.09998774 0.9000123 0.09998774 0.9000123 0.09998774 0.9000123 0.09998774 0.9000123 0.09998774 0.9000123 0.09998774 0.9000123 0.09998774 0.9000123 0.09998774 0.9000123 0.09998774 0.9000123 0.09998774 0.9000123 0.09998774 0.9000123 0.09998774 0.9000123 0.09998774 0.9000123 0.09998774 0.9000123 0.09998774 0.9000123 0.09998774 0.9000123 0.09998774 0.9000123 0.09998774 0.9000123 0.09998774 0.9000123 0.09998774 0.9000123 1 1 1 1 1 1 1 1 1 1 1 1 1 1 1 1 1 1 1 1 1 1 1 1 1 1 1 1 1 1 1 1 1 1 1 1 1 1 1 1 1 1 1 1 1 1 1 1 1 1 1 1 1 1 0.5 0.5 0.5 0.5 1 1 1 1 1 1 1 1 1 1 1 1 1 1 1 1 1 1 1 1 1 1 1 1 1 1 1 1 1 1 1 1 1 1 1 1 1 1 1 1 1 1 1 1 1 1 1 1 1 1 1 1 1 1 1 1 1 1 1 1 1 1 1 1 1 1 1 1 1 1 1 1 1 1 1 1 1 1 1 1 1 1 1 1 1 1 1 1 1 0.09998774 0.9000123 1 1 1 1 1 1 1 1 1 1 1 1 1 1 1 1 1 1 1 0.09998774 0.9000123 1 1 1 1 1 1 1 1 1 1 1 1 1 1 1 1 1 1 1 1 1 1 1 1 1 1 1 1 1 1 1 1 1 1 1 1 1 1 1 1 1 1 1 1 1 1 1 1 1 1 1 1 1 1 1 1 1 1 1 1 1 1 1 1 1 1 1 1 1 1 1 1 1 1 1 0.1999999 0.8 0.1999999 0.8 0.1999999 0.8 0.7000489 0.2999511 1 1 1 1 1 0.7000489 0.2999511 0.7000489 0.2999511 1 0.1999999 0.8 0.1999999 0.8 1 0.1999999 0.8 0.7000489 0.2999511 1 0.7000489 0.2999511 1 1 1 0.7000489 0.2999511 1 0.7000489 0.2999511 1 1 0.7000489 0.2999511 1 0.7000489 0.2999511 1 1 1 1 1 1 1 1 1 1 1 1 1 1 1 1 1 1 1 1</float_array>
          <technique_common>
            <accessor source="#chr081_armature_chr081_1-skin-weights-array" count="3754" stride="1">
              <param name="WEIGHT" type="float"/>
            </accessor>
          </technique_common>
        </source>
        <joints>
          <input semantic="JOINT" source="#chr081_armature_chr081_1-skin-joints"/>
          <input semantic="INV_BIND_MATRIX" source="#chr081_armature_chr081_1-skin-bind_poses"/>
        </joints>
        <vertex_weights count="2707">
          <input semantic="JOINT" source="#chr081_armature_chr081_1-skin-joints" offset="0"/>
          <input semantic="WEIGHT" source="#chr081_armature_chr081_1-skin-weights" offset="1"/>
          <vcount>2 2 2 1 1 1 2 2 2 1 2 2 1 1 2 1 2 1 1 2 2 1 1 1 1 1 2 2 1 2 2 2 2 2 2 1 2 1 2 1 2 1 2 1 1 2 1 1 1 1 1 1 1 1 1 1 1 1 1 1 1 1 1 2 2 2 2 2 2 2 2 1 1 1 1 1 1 1 1 1 1 1 1 1 1 1 1 1 1 1 1 1 1 1 1 1 1 1 1 1 1 1 1 1 1 1 1 1 1 1 1 1 1 2 2 1 2 1 1 1 1 1 1 2 1 1 1 1 1 1 1 1 1 1 1 2 1 1 1 1 1 2 2 2 2 1 1 2 2 2 2 2 2 2 2 1 1 1 1 2 2 2 2 1 2 1 2 2 1 1 2 2 2 2 1 1 2 2 1 2 1 1 2 2 2 2 2 2 1 1 1 1 2 2 2 2 3 2 3 3 2 2 3 2 2 3 2 2 2 2 2 2 2 2 2 2 2 1 1 2 1 2 1 2 1 2 1 2 2 1 1 1 1 2 2 2 2 1 1 2 2 2 2 1 1 2 2 1 1 1 1 2 2 2 2 2 2 2 2 2 2 2 3 3 3 3 3 2 2 2 2 2 2 2 2 2 2 2 2 2 2 2 3 3 3 3 3 2 1 2 2 2 2 2 2 2 2 2 2 2 2 2 1 1 2 2 2 2 2 1 1 2 2 1 1 1 2 2 2 2 1 2 2 2 1 2 1 1 1 2 1 2 1 1 1 1 1 1 1 1 1 1 1 1 1 1 1 1 1 1 1 1 1 1 1 1 1 1 1 1 1 1 1 1 1 1 1 1 1 1 1 1 1 1 1 1 1 1 1 1 1 1 1 1 1 1 1 1 2 2 2 2 2 2 1 1 1 2 2 1 1 1 2 1 2 1 2 1 2 1 2 2 2 2 1 2 1 1 1 1 1 1 1 1 1 1 1 1 1 1 1 1 1 1 1 1 1 2 1 1 1 1 1 1 1 1 1 1 1 1 1 1 1 1 1 2 2 2 2 2 2 2 2 2 1 1 1 1 1 1 1 1 1 1 1 1 1 1 1 2 2 2 1 1 1 2 2 2 1 2 2 1 2 2 1 1 2 1 2 1 1 1 1 1 1 2 2 1 1 2 2 2 2 2 2 2 1 1 2 1 1 2 1 2 1 1 1 1 1 1 1 1 1 1 1 1 1 1 1 1 1 1 2 2 2 2 2 2 2 2 1 1 1 1 1 1 1 1 1 1 1 1 1 1 1 1 1 1 1 1 1 1 1 1 1 1 1 1 1 1 1 1 1 1 1 1 1 1 1 1 2 1 2 1 2 1 1 1 1 1 1 1 1 2 1 1 1 1 1 1 1 1 1 1 2 1 1 1 1 1 2 2 2 2 1 1 2 2 2 2 2 2 2 2 1 1 1 1 2 2 2 2 1 2 1 2 2 1 1 2 2 2 2 1 1 2 2 2 1 1 1 2 2 2 2 2 2 1 1 1 1 2 2 2 3 3 2 2 2 3 2 2 3 3 2 2 2 2 2 2 2 2 2 2 1 2 1 2 1 1 2 2 2 2 1 1 2 1 2 1 1 1 2 2 2 2 1 1 2 2 2 2 1 1 2 2 1 1 1 1 2 2 2 2 2 2 2 2 2 2 2 3 3 3 3 3 2 2 2 2 2 2 2 2 2 2 2 2 2 2 2 3 3 3 3 3 1 2 2 2 2 2 2 2 2 2 2 2 2 2 2 1 2 1 2 2 2 2 1 1 2 2 1 2 1 2 1 2 2 2 1 2 1 1 1 1 1 1 1 1 1 1 1 1 1 1 1 1 1 1 1 1 1 1 1 1 1 1 1 1 1 1 1 1 1 1 1 1 1 1 1 1 1 1 1 1 1 1 1 1 1 1 1 1 1 1 1 1 1 1 1 1 1 1 1 1 1 2 2 1 1 2 1 1 1 1 1 1 1 1 2 2 1 1 2 1 2 1 1 2 2 1 2 2 1 1 1 1 1 1 1 1 1 1 1 1 1 1 1 1 1 1 1 1 1 1 1 1 1 1 1 1 1 1 1 1 1 1 1 1 1 1 1 1 1 1 1 2 2 2 2 2 2 1 1 1 1 1 1 1 1 1 1 1 1 1 1 1 2 2 1 2 2 2 2 2 2 2 2 2 2 2 2 2 2 1 2 1 2 2 2 2 2 2 2 2 2 2 2 2 2 2 2 2 2 2 2 2 2 2 1 2 2 2 2 2 2 2 2 2 2 2 2 2 2 2 2 2 1 2 2 2 2 2 2 2 2 2 2 2 2 2 2 1 2 1 2 2 2 2 2 2 2 2 2 2 2 2 2 2 2 2 2 2 2 2 2 2 1 2 2 2 2 2 2 2 2 2 2 2 2 2 2 2 1 1 1 1 1 1 1 1 1 1 1 1 1 1 1 1 1 1 1 1 1 1 1 1 1 1 1 1 1 1 2 2 1 1 2 1 2 1 2 2 1 1 1 1 1 1 1 1 2 2 2 2 2 2 2 2 1 1 1 1 1 1 1 1 1 1 1 1 1 1 1 1 1 1 1 1 1 1 2 2 2 2 2 2 2 2 2 2 2 2 2 2 1 1 1 1 1 1 1 1 1 1 1 1 1 1 1 1 1 1 1 1 1 1 1 1 1 1 1 1 1 1 1 1 1 2 1 2 1 1 1 1 1 2 2 2 2 1 1 1 1 1 1 1 1 2 2 2 2 2 2 1 1 1 1 1 1 1 1 1 1 1 1 1 1 1 1 1 1 1 1 1 1 1 1 1 1 1 1 1 2 1 2 1 1 1 1 1 2 2 2 2 1 1 1 1 1 1 1 1 2 2 2 2 2 2 2 2 1 1 1 1 1 1 1 1 1 1 1 1 1 1 1 1 1 1 1 1 1 1 2 2 2 2 2 2 2 2 2 2 2 2 2 2 1 1 1 1 1 1 1 1 1 1 1 1 1 1 1 1 1 1 1 1 1 1 1 1 1 1 1 1 1 1 1 1 1 1 1 2 2 1 1 2 1 2 1 2 2 1 1 1 1 1 1 1 1 2 2 2 2 2 2 1 1 1 1 1 1 1 1 1 1 1 1 1 1 1 1 1 1 1 1 1 1 1 1 1 1 1 1 1 1 1 1 1 1 1 1 1 1 1 1 1 1 1 1 1 1 1 1 1 1 1 1 1 1 1 1 1 1 1 1 1 1 1 1 1 1 1 1 1 1 1 1 1 1 1 1 1 1 1 1 1 1 2 2 2 2 2 2 2 2 2 2 2 2 2 2 2 2 1 1 1 1 1 1 2 1 1 2 2 2 2 2 1 2 1 2 2 2 1 2 2 2 1 1 2 2 2 1 1 2 2 2 2 1 1 1 1 1 1 1 1 1 1 1 1 1 1 1 1 1 1 1 1 1 1 2 2 2 2 2 2 2 2 2 2 2 2 2 2 1 1 1 1 1 1 1 1 1 1 1 1 1 1 1 1 1 1 1 1 1 1 1 1 1 1 1 1 1 1 1 1 1 1 1 1 1 1 1 1 1 1 1 1 1 1 1 1 1 1 1 1 1 1 1 1 1 1 1 1 1 1 1 1 1 1 1 1 1 1 1 1 1 1 1 1 1 1 1 1 1 1 1 1 1 1 1 1 1 1 1 1 1 1 1 1 1 1 1 1 1 1 1 1 1 1 1 1 1 1 1 2 2 2 2 2 2 2 2 2 2 2 2 2 2 2 2 1 1 1 1 1 1 2 1 1 2 2 2 2 1 1 2 2 2 2 1 2 2 2 1 2 2 2 1 1 1 2 2 2 2 2 1 1 1 1 1 1 1 1 1 1 1 1 1 1 1 1 1 1 1 1 1 1 2 2 2 2 2 2 2 2 2 2 2 2 2 2 1 1 1 1 1 1 1 1 1 1 1 1 1 1 1 1 1 1 1 1 1 1 1 1 1 1 1 1 1 1 2 2 2 2 2 1 2 2 2 1 1 1 1 1 1 1 1 1 1 1 1 2 1 2 1 2 2 2 1 2 2 1 2 2 2 1 1 1 1 1 1 1 1 1 1 1 1 1 1 1 1 1 1 1 1 1 1 1 1 1 1 1 1 1 1 1 1 1 1 1 1 2 1 1 1 1 1 1 1 1 1 1 1 1 1 1 1 1 1 1 1 1 1 1 1 1 1 1 1 1 1 1 1 1 1 1 1 2 2 2 2 2 2 2 2 2 2 2 2 2 2 2 2 2 2 2 2 2 2 2 2 2 2 2 2 2 2 2 2 2 2 2 2 2 2 2 1 1 1 1 1 2 1 2 2 1 1 2 1 2 1 2 2 1 2 1 1 2 1 2 2 1 2 1 1 1 2 2 2 2 2 2 2 2 2 2 2 2 2 2 2 2 2 2 2 2 2 2 2 2 2 2 2 2 2 2 2 2 2 2 2 2 2 2 2 2 2 2 2 2 2 2 2 2 2 2 2 2 2 2 2 2 2 2 2 2 2 2 2 2 2 2 2 2 2 2 2 2 2 2 2 2 2 2 2 2 2 2 2 2 2 2 2 2 1 1 1 1 1 1 1 1 1 1 1 1 1 1 1 1 1 1 1 1 1 1 1 1 1 1 1 1 1 1 1 1 1 1 1 1 1 1 1 1 1 1 1 1 1 1 1 1 1 1 1 1 1 1 2 2 1 1 1 1 1 1 1 1 1 1 1 1 1 1 1 1 1 1 1 1 1 1 1 1 1 1 1 1 1 1 1 1 1 1 1 1 1 1 1 1 1 1 1 1 1 1 1 1 1 1 1 1 1 1 1 1 1 1 1 1 1 2 2 2 2 2 2 1 2 2 1 1 1 1 1 1 1 1 1 1 2 1 2 1 2 1 2 1 2 2 2 1 2 1 2 1 1 1 1 1 1 1 1 1 1 1 1 1 1 1 1 1 1 1 1 1 1 1 1 1 1 1 1 1 1 1 1 1 1 1 1 1 1 1 1 1 1 1 1 1 1 1 1 1 1 1 1 1 1 1 1 1 1 1 1 1 1 1 1 1 1 1 1 1 1 2 2 2 2 2 2 2 2 2 2 2 2 2 2 2 2 2 2 2 2 2 2 2 2 2 2 2 2 2 2 2 2 2 2 2 2 2 2 2 1 1 1 1 2 2 1 1 2 1 1 2 2 1 1 2 1 2 1 2 2 1 2 1 2 1 1 2 1 1 2 2 2 2 2 2 2 2 2 2 2 2 2 2 2 2 2 2 2 2 2 2 2 2 2 1 2 2 2 2 2 2 2 2 2 2 2 2 2 2 2 2 2 2 2 2 2 2 2 2 2 2 2 2 2 2 2 2 2 2 2 2 2 2 2 2 2 2 2 2 2 2 2 2 2 2 2 2 2 2 2 2 2 2 2 2 2 2 1 1 1 1 1 1 1 1 1 1 1 1 1 1 1 1 1 1 1 1 1 1 1 1 1 1 1 1 1 1 1 1 1 1 1 1 1 1 1 1 1 1 1 1 1 1 1 1 1 1 1 1 1 1 2 2 1 1 1 1 1 1 1 1 1 1 1 1 1 1 1 1 1 1 1 1 1 1 1 1 1 1 1 1 1 1 1 1 1 1 1 1 1 1 1 1 1 1 1 1 1 1 1 1 1 1 1 1 1 1 1 1 1 1 1 1 1 1 1 1 1 1 1 1 1 1 1 1 1 1 1 1 1 1 1 1 1 1 1 1 1 1 1 1 1 2 1 1 1 1 1 1 1 1 1 1 1 1 1 1 1 1 1 1 1 2 1 1 1 1 1 1 1 1 1 1 1 1 1 1 1 1 1 1 1 1 1 1 1 1 1 1 1 1 1 1 1 1 1 1 1 1 1 1 1 1 1 1 1 1 1 1 1 1 1 1 1 1 1 1 1 1 1 1 1 1 1 1 1 1 1 1 1 1 1 1 1 1 1 1 1 2 2 2 2 1 1 1 1 1 2 2 1 2 2 1 2 2 1 2 1 1 1 2 1 2 1 1 2 1 2 1 1 1 1 1 1 1 1 1 1 1 1 1 1 1 1 1 1 1 1 </vcount>
          <v>13 0 14 1 13 2 14 3 13 4 14 5 13 6 13 7 13 8 13 9 14 10 13 11 14 12 13 13 14 14 13 15 13 16 14 17 13 18 14 19 13 20 14 21 13 22 14 23 14 24 13 25 14 26 14 27 14 28 13 29 14 30 13 31 14 32 14 33 14 34 14 35 14 36 14 37 0 38 1 39 0 40 1 41 0 42 0 43 1 44 0 45 1 46 0 47 1 48 0 49 1 50 0 51 1 52 0 53 1 54 1 55 0 56 1 57 1 58 0 59 1 60 1 61 0 62 1 63 0 64 0 65 1 66 1 67 1 68 1 69 2 70 1 71 1 72 1 73 1 74 1 75 1 76 1 77 1 78 1 79 1 80 1 81 1 82 1 83 1 84 1 85 1 86 1 87 0 88 1 89 0 90 1 91 0 92 1 93 0 94 1 95 0 96 1 97 0 98 1 99 0 100 1 101 0 102 1 103 0 104 0 105 0 106 0 107 7 108 7 109 7 110 7 111 7 112 7 113 6 114 6 115 6 116 6 117 6 118 6 119 7 120 7 121 7 122 7 123 6 124 6 125 6 126 6 127 7 128 7 129 6 130 6 131 7 132 7 133 7 134 7 135 6 136 6 137 6 138 6 139 7 140 7 141 6 142 6 143 1 144 1 145 1 146 6 147 1 148 6 149 1 150 1 151 6 152 1 153 1 154 1 155 1 156 1 157 1 158 1 159 6 160 1 161 1 162 1 163 1 164 1 165 1 166 1 167 1 168 1 169 1 170 1 171 1 172 6 173 1 174 1 175 1 176 1 177 1 178 0 179 1 180 0 181 1 182 0 183 1 184 0 185 1 186 1 187 1 188 0 189 1 190 0 191 1 192 0 193 13 194 0 195 13 196 0 197 13 198 0 199 13 200 0 201 13 202 0 203 13 204 0 205 0 206 0 207 0 208 0 209 13 210 0 211 13 212 0 213 13 214 0 215 13 216 0 217 0 218 13 219 0 220 0 221 13 222 0 223 13 224 0 225 0 226 0 227 1 228 0 229 1 230 0 231 1 232 0 233 1 234 0 235 0 236 0 237 1 238 0 239 1 240 1 241 1 242 2 243 1 244 1 245 1 246 2 247 1 248 2 249 1 250 2 251 1 252 2 253 1 254 2 255 1 256 2 257 0 258 0 259 0 260 0 261 0 262 21 263 0 264 21 265 0 266 21 267 0 268 21 269 0 270 21 271 22 272 0 273 21 274 0 275 21 276 22 277 0 278 21 279 22 280 0 281 21 282 0 283 21 284 0 285 21 286 22 287 0 288 21 289 0 290 21 291 0 292 21 293 22 294 14 295 15 296 14 297 15 298 14 299 15 300 14 301 15 302 14 303 15 304 14 305 15 306 14 307 15 308 14 309 15 310 14 311 15 312 13 313 14 314 13 315 14 316 13 317 13 318 13 319 14 320 13 321 13 322 14 323 13 324 0 325 13 326 13 327 0 328 13 329 13 330 0 331 13 332 0 333 13 334 13 335 13 336 13 337 13 338 0 339 13 340 0 341 13 342 0 343 13 344 0 345 13 346 13 347 13 348 0 349 13 350 0 351 13 352 0 353 13 354 0 355 13 356 13 357 13 358 0 359 13 360 0 361 1 362 0 363 0 364 0 365 0 366 0 367 21 368 22 369 23 370 22 371 23 372 22 373 23 374 22 375 23 376 22 377 23 378 22 379 23 380 22 381 23 382 22 383 23 384 22 385 23 386 22 387 23 388 0 389 21 390 22 391 0 392 21 393 22 394 0 395 21 396 22 397 0 398 21 399 22 400 0 401 21 402 22 403 21 404 22 405 21 406 22 407 21 408 22 409 21 410 22 411 21 412 22 413 21 414 22 415 21 416 22 417 21 418 22 419 21 420 22 421 21 422 22 423 21 424 22 425 21 426 22 427 21 428 22 429 21 430 22 431 21 432 22 433 21 434 22 435 23 436 21 437 22 438 23 439 21 440 22 441 23 442 21 443 22 444 23 445 21 446 22 447 23 448 0 449 13 450 0 451 6 452 7 453 6 454 7 455 6 456 7 457 22 458 23 459 22 460 23 461 22 462 23 463 22 464 23 465 22 466 23 467 22 468 23 469 22 470 23 471 22 472 23 473 22 474 23 475 22 476 23 477 7 478 7 479 7 480 8 481 7 482 8 483 7 484 8 485 7 486 8 487 7 488 8 489 7 490 7 491 7 492 8 493 7 494 8 495 7 496 7 497 7 498 7 499 8 500 7 501 8 502 7 503 8 504 7 505 8 506 7 507 7 508 8 509 7 510 8 511 7 512 8 513 8 514 7 515 8 516 8 517 8 518 8 519 7 520 8 521 8 522 7 523 8 524 8 525 8 526 8 527 8 528 8 529 8 530 8 531 8 532 8 533 8 534 8 535 8 536 8 537 8 538 8 539 8 540 8 541 8 542 8 543 8 544 8 545 8 546 8 547 8 548 8 549 8 550 8 551 8 552 8 553 8 554 8 555 8 556 8 557 8 558 8 559 8 560 8 561 8 562 8 563 8 564 8 565 8 566 8 567 8 568 8 569 8 570 8 571 8 572 8 573 8 574 8 575 8 576 8 577 8 578 8 579 8 580 7 581 8 582 7 583 8 584 7 585 8 586 7 587 8 588 7 589 8 590 7 591 8 592 8 593 8 594 8 595 7 596 8 597 7 598 8 599 8 600 8 601 7 602 7 603 8 604 7 605 7 606 8 607 7 608 7 609 8 610 7 611 7 612 8 613 7 614 7 615 8 616 7 617 8 618 7 619 8 620 7 621 8 622 7 623 7 624 8 625 8 626 8 627 8 628 8 629 8 630 8 631 8 632 8 633 8 634 8 635 8 636 8 637 8 638 8 639 8 640 8 641 8 642 8 643 8 644 8 645 8 646 7 647 8 648 8 649 8 650 8 651 8 652 7 653 7 654 7 655 7 656 7 657 7 658 7 659 7 660 7 661 7 662 7 663 7 664 7 665 7 666 8 667 7 668 8 669 7 670 8 671 7 672 8 673 7 674 8 675 7 676 8 677 7 678 8 679 7 680 8 681 7 682 8 683 7 684 7 685 7 686 7 687 7 688 7 689 7 690 7 691 7 692 7 693 7 694 7 695 7 696 7 697 7 698 17 699 18 700 17 701 18 702 17 703 18 704 17 705 17 706 17 707 17 708 18 709 17 710 18 711 17 712 18 713 17 714 17 715 18 716 17 717 18 718 17 719 17 720 18 721 17 722 18 723 18 724 18 725 17 726 18 727 18 728 17 729 18 730 18 731 18 732 18 733 18 734 18 735 18 736 0 737 1 738 0 739 1 740 0 741 0 742 0 743 1 744 0 745 1 746 0 747 1 748 0 749 1 750 0 751 1 752 0 753 1 754 0 755 1 756 1 757 1 758 0 759 1 760 1 761 0 762 0 763 1 764 1 765 1 766 2 767 1 768 1 769 1 770 1 771 1 772 1 773 1 774 1 775 1 776 1 777 1 778 1 779 1 780 1 781 1 782 1 783 1 784 1 785 0 786 1 787 0 788 1 789 0 790 1 791 0 792 1 793 0 794 1 795 0 796 1 797 0 798 1 799 0 800 1 801 0 802 0 803 0 804 0 805 10 806 10 807 10 808 10 809 10 810 10 811 9 812 9 813 9 814 9 815 9 816 9 817 10 818 10 819 10 820 10 821 9 822 9 823 9 824 9 825 10 826 10 827 9 828 9 829 10 830 10 831 10 832 10 833 9 834 9 835 9 836 9 837 10 838 10 839 9 840 9 841 1 842 9 843 1 844 1 845 9 846 1 847 1 848 9 849 1 850 1 851 1 852 1 853 1 854 1 855 1 856 1 857 1 858 9 859 1 860 1 861 1 862 1 863 1 864 1 865 1 866 1 867 1 868 1 869 1 870 9 871 1 872 1 873 1 874 1 875 1 876 0 877 1 878 0 879 1 880 0 881 1 882 0 883 1 884 1 885 1 886 0 887 1 888 0 889 1 890 0 891 17 892 0 893 17 894 0 895 17 896 0 897 17 898 0 899 17 900 0 901 17 902 0 903 0 904 0 905 0 906 0 907 17 908 0 909 17 910 0 911 17 912 0 913 17 914 0 915 0 916 17 917 0 918 0 919 17 920 0 921 17 922 0 923 0 924 0 925 1 926 0 927 1 928 0 929 1 930 0 931 1 932 0 933 0 934 0 935 1 936 0 937 1 938 1 939 2 940 1 941 1 942 1 943 1 944 2 945 1 946 2 947 1 948 2 949 1 950 2 951 1 952 2 953 1 954 2 955 0 956 0 957 0 958 0 959 0 960 21 961 0 962 21 963 0 964 21 965 0 966 21 967 22 968 0 969 21 970 22 971 0 972 21 973 0 974 21 975 0 976 21 977 0 978 21 979 22 980 0 981 21 982 0 983 21 984 0 985 21 986 22 987 0 988 21 989 22 990 0 991 21 992 18 993 19 994 18 995 19 996 18 997 19 998 18 999 19 1000 18 1001 19 1002 18 1003 19 1004 18 1005 19 1006 18 1007 19 1008 18 1009 19 1010 17 1011 17 1012 18 1013 17 1014 17 1015 18 1016 17 1017 17 1018 17 1019 18 1020 17 1021 18 1022 0 1023 17 1024 0 1025 17 1026 17 1027 17 1028 0 1029 17 1030 17 1031 0 1032 17 1033 17 1034 17 1035 17 1036 0 1037 17 1038 0 1039 17 1040 0 1041 17 1042 0 1043 17 1044 17 1045 17 1046 0 1047 17 1048 0 1049 17 1050 0 1051 17 1052 0 1053 17 1054 17 1055 17 1056 0 1057 17 1058 0 1059 1 1060 0 1061 0 1062 0 1063 0 1064 0 1065 21 1066 22 1067 23 1068 22 1069 23 1070 22 1071 23 1072 22 1073 23 1074 22 1075 23 1076 22 1077 23 1078 22 1079 23 1080 22 1081 23 1082 22 1083 23 1084 22 1085 23 1086 0 1087 21 1088 22 1089 0 1090 21 1091 22 1092 0 1093 21 1094 22 1095 0 1096 21 1097 22 1098 0 1099 21 1100 22 1101 21 1102 22 1103 21 1104 22 1105 21 1106 22 1107 21 1108 22 1109 21 1110 22 1111 21 1112 22 1113 21 1114 22 1115 21 1116 22 1117 21 1118 22 1119 21 1120 22 1121 21 1122 22 1123 21 1124 22 1125 21 1126 22 1127 21 1128 22 1129 21 1130 22 1131 21 1132 22 1133 23 1134 21 1135 22 1136 23 1137 21 1138 22 1139 23 1140 21 1141 22 1142 23 1143 21 1144 22 1145 23 1146 0 1147 0 1148 17 1149 9 1150 10 1151 9 1152 10 1153 9 1154 10 1155 22 1156 23 1157 22 1158 23 1159 22 1160 23 1161 22 1162 23 1163 22 1164 23 1165 22 1166 23 1167 22 1168 23 1169 22 1170 23 1171 22 1172 23 1173 22 1174 23 1175 10 1176 10 1177 11 1178 10 1179 10 1180 11 1181 10 1182 11 1183 10 1184 11 1185 10 1186 11 1187 10 1188 10 1189 10 1190 11 1191 10 1192 11 1193 10 1194 10 1195 11 1196 10 1197 10 1198 11 1199 10 1200 10 1201 11 1202 10 1203 11 1204 10 1205 11 1206 10 1207 10 1208 11 1209 11 1210 11 1211 11 1212 11 1213 11 1214 11 1215 11 1216 11 1217 11 1218 11 1219 11 1220 11 1221 11 1222 11 1223 11 1224 11 1225 11 1226 11 1227 11 1228 11 1229 11 1230 11 1231 11 1232 11 1233 11 1234 11 1235 11 1236 11 1237 11 1238 11 1239 11 1240 11 1241 11 1242 11 1243 11 1244 11 1245 11 1246 11 1247 11 1248 11 1249 11 1250 11 1251 11 1252 11 1253 11 1254 11 1255 11 1256 11 1257 11 1258 11 1259 11 1260 11 1261 11 1262 11 1263 11 1264 11 1265 11 1266 11 1267 11 1268 11 1269 11 1270 11 1271 11 1272 11 1273 11 1274 10 1275 11 1276 10 1277 11 1278 11 1279 11 1280 10 1281 11 1282 11 1283 11 1284 11 1285 11 1286 11 1287 11 1288 11 1289 11 1290 10 1291 11 1292 10 1293 11 1294 10 1295 10 1296 10 1297 11 1298 10 1299 10 1300 11 1301 10 1302 10 1303 10 1304 11 1305 10 1306 11 1307 11 1308 10 1309 11 1310 10 1311 11 1312 10 1313 11 1314 11 1315 11 1316 11 1317 11 1318 11 1319 11 1320 11 1321 11 1322 11 1323 11 1324 11 1325 11 1326 11 1327 11 1328 11 1329 11 1330 11 1331 11 1332 11 1333 11 1334 11 1335 11 1336 11 1337 11 1338 11 1339 10 1340 10 1341 10 1342 10 1343 10 1344 10 1345 10 1346 10 1347 10 1348 10 1349 10 1350 10 1351 10 1352 11 1353 11 1354 11 1355 10 1356 11 1357 10 1358 11 1359 10 1360 11 1361 10 1362 11 1363 10 1364 11 1365 10 1366 11 1367 10 1368 10 1369 10 1370 10 1371 10 1372 10 1373 10 1374 10 1375 10 1376 10 1377 10 1378 10 1379 10 1380 10 1381 10 1382 1 1383 12 1384 1 1385 12 1386 1 1387 1 1388 12 1389 1 1390 12 1391 1 1392 12 1393 1 1394 12 1395 1 1396 12 1397 1 1398 12 1399 1 1400 12 1401 1 1402 12 1403 1 1404 12 1405 1 1406 12 1407 1 1408 12 1409 1 1410 12 1411 1 1412 12 1413 1 1414 12 1415 1 1416 1 1417 12 1418 1 1419 1 1420 12 1421 1 1422 12 1423 1 1424 12 1425 1 1426 12 1427 1 1428 12 1429 1 1430 12 1431 1 1432 12 1433 1 1434 12 1435 1 1436 12 1437 1 1438 12 1439 1 1440 12 1441 1 1442 12 1443 1 1444 12 1445 1 1446 12 1447 1 1448 12 1449 1 1450 12 1451 1 1452 12 1453 1 1454 12 1455 1 1456 12 1457 1 1458 12 1459 1 1460 12 1461 1 1462 12 1463 1 1464 1 1465 12 1466 1 1467 12 1468 1 1469 12 1470 1 1471 12 1472 1 1473 12 1474 1 1475 12 1476 1 1477 12 1478 1 1479 12 1480 1 1481 12 1482 1 1483 12 1484 1 1485 12 1486 1 1487 12 1488 1 1489 12 1490 1 1491 12 1492 1 1493 12 1494 1 1495 12 1496 1 1497 12 1498 1 1499 1 1500 12 1501 1 1502 12 1503 1 1504 12 1505 1 1506 12 1507 1 1508 12 1509 1 1510 12 1511 1 1512 12 1513 1 1514 12 1515 1 1516 12 1517 1 1518 12 1519 1 1520 12 1521 1 1522 12 1523 1 1524 12 1525 1 1526 12 1527 1 1528 1 1529 12 1530 1 1531 1 1532 12 1533 1 1534 12 1535 1 1536 12 1537 1 1538 12 1539 1 1540 12 1541 1 1542 12 1543 1 1544 12 1545 1 1546 12 1547 1 1548 12 1549 1 1550 12 1551 1 1552 12 1553 1 1554 12 1555 1 1556 12 1557 1 1558 12 1559 1 1560 12 1561 1 1562 12 1563 1 1564 12 1565 1 1566 12 1567 1 1568 12 1569 1 1570 12 1571 1 1572 12 1573 1 1574 12 1575 1 1576 1 1577 12 1578 1 1579 12 1580 1 1581 12 1582 1 1583 12 1584 1 1585 12 1586 1 1587 12 1588 1 1589 12 1590 1 1591 12 1592 1 1593 12 1594 1 1595 12 1596 1 1597 12 1598 1 1599 12 1600 1 1601 12 1602 1 1603 12 1604 1 1605 12 1606 1 1607 1 1608 1 1609 1 1610 1 1611 1 1612 1 1613 1 1614 1 1615 1 1616 1 1617 1 1618 1 1619 1 1620 1 1621 1 1622 1 1623 1 1624 1 1625 1 1626 1 1627 1 1628 1 1629 1 1630 1 1631 1 1632 1 1633 1 1634 1 1635 1 1636 1 1637 2 1638 1 1639 2 1640 1 1641 1 1642 1 1643 2 1644 1 1645 1 1646 2 1647 1 1648 1 1649 2 1650 1 1651 2 1652 1 1653 1 1654 1 1655 1 1656 1 1657 1 1658 1 1659 1 1660 0 1661 1 1662 0 1663 1 1664 0 1665 1 1666 0 1667 1 1668 0 1669 1 1670 0 1671 1 1672 0 1673 1 1674 0 1675 1 1676 1 1677 1 1678 1 1679 1 1680 1 1681 1 1682 1 1683 1 1684 1 1685 1 1686 1 1687 1 1688 1 1689 1 1690 1 1691 1 1692 1 1693 1 1694 1 1695 1 1696 1 1697 1 1698 1 1699 2 1700 1 1701 2 1702 1 1703 2 1704 1 1705 2 1706 1 1707 2 1708 1 1709 2 1710 1 1711 2 1712 1 1713 2 1714 0 1715 1 1716 0 1717 1 1718 0 1719 1 1720 0 1721 1 1722 0 1723 1 1724 0 1725 1 1726 1 1727 1 1728 1 1729 1 1730 1 1731 1 1732 1 1733 1 1734 1 1735 1 1736 1 1737 1 1738 1 1739 1 1740 1 1741 1 1742 1 1743 1 1744 1 1745 1 1746 1 1747 1 1748 1 1749 1 1750 1 1751 1 1752 1 1753 1 1754 1 1755 1 1756 1 1757 1 1758 1 1759 1 1760 2 1761 1 1762 1 1763 2 1764 1 1765 1 1766 1 1767 1 1768 1 1769 1 1770 2 1771 1 1772 2 1773 1 1774 2 1775 1 1776 2 1777 1 1778 1 1779 1 1780 1 1781 1 1782 1 1783 1 1784 1 1785 0 1786 1 1787 0 1788 1 1789 0 1790 1 1791 0 1792 1 1793 0 1794 1 1795 0 1796 1 1797 1 1798 1 1799 1 1800 1 1801 1 1802 1 1803 1 1804 1 1805 1 1806 1 1807 1 1808 1 1809 1 1810 1 1811 1 1812 1 1813 1 1814 1 1815 1 1816 1 1817 1 1818 1 1819 1 1820 1 1821 1 1822 1 1823 1 1824 1 1825 1 1826 1 1827 2 1828 1 1829 1 1830 2 1831 1 1832 1 1833 1 1834 1 1835 1 1836 1 1837 2 1838 1 1839 2 1840 1 1841 2 1842 1 1843 2 1844 1 1845 1 1846 1 1847 1 1848 1 1849 1 1850 1 1851 1 1852 0 1853 1 1854 0 1855 1 1856 0 1857 1 1858 0 1859 1 1860 0 1861 1 1862 0 1863 1 1864 0 1865 1 1866 0 1867 1 1868 1 1869 1 1870 1 1871 1 1872 1 1873 1 1874 1 1875 1 1876 1 1877 1 1878 1 1879 1 1880 1 1881 1 1882 1 1883 1 1884 1 1885 1 1886 1 1887 1 1888 1 1889 1 1890 1 1891 2 1892 1 1893 2 1894 1 1895 2 1896 1 1897 2 1898 1 1899 2 1900 1 1901 2 1902 1 1903 2 1904 1 1905 2 1906 0 1907 1 1908 0 1909 1 1910 0 1911 1 1912 0 1913 1 1914 0 1915 1 1916 0 1917 1 1918 1 1919 1 1920 1 1921 1 1922 1 1923 1 1924 1 1925 1 1926 1 1927 1 1928 1 1929 1 1930 1 1931 1 1932 1 1933 1 1934 1 1935 1 1936 1 1937 1 1938 1 1939 1 1940 1 1941 1 1942 1 1943 1 1944 1 1945 1 1946 1 1947 1 1948 1 1949 1 1950 1 1951 1 1952 1 1953 1 1954 2 1955 1 1956 2 1957 1 1958 1 1959 1 1960 2 1961 1 1962 1 1963 2 1964 1 1965 1 1966 2 1967 1 1968 2 1969 1 1970 1 1971 1 1972 1 1973 1 1974 1 1975 1 1976 1 1977 0 1978 1 1979 0 1980 1 1981 0 1982 1 1983 0 1984 1 1985 0 1986 1 1987 0 1988 1 1989 1 1990 16 1991 16 1992 16 1993 16 1994 16 1995 16 1996 16 1997 16 1998 16 1999 16 2000 16 2001 16 2002 16 2003 16 2004 16 2005 16 2006 16 2007 16 2008 16 2009 16 2010 16 2011 16 2012 16 2013 16 2014 16 2015 16 2016 16 2017 16 2018 16 2019 16 2020 16 2021 16 2022 16 2023 16 2024 16 2025 16 2026 16 2027 16 2028 16 2029 16 2030 16 2031 16 2032 16 2033 16 2034 16 2035 16 2036 16 2037 16 2038 16 2039 16 2040 16 2041 16 2042 16 2043 16 2044 16 2045 16 2046 16 2047 16 2048 16 2049 16 2050 16 2051 16 2052 16 2053 16 2054 16 2055 16 2056 16 2057 16 2058 16 2059 16 2060 16 2061 16 2062 16 2063 16 2064 16 2065 16 2066 16 2067 16 2068 16 2069 16 2070 16 2071 14 2072 15 2073 14 2074 15 2075 14 2076 15 2077 14 2078 15 2079 14 2080 15 2081 14 2082 15 2083 14 2084 15 2085 14 2086 15 2087 14 2088 15 2089 14 2090 15 2091 14 2092 15 2093 14 2094 15 2095 14 2096 15 2097 14 2098 15 2099 14 2100 15 2101 14 2102 15 2103 15 2104 15 2105 15 2106 15 2107 15 2108 15 2109 15 2110 16 2111 15 2112 15 2113 15 2114 16 2115 15 2116 16 2117 15 2118 16 2119 15 2120 16 2121 15 2122 16 2123 15 2124 15 2125 16 2126 15 2127 15 2128 16 2129 15 2130 16 2131 15 2132 16 2133 15 2134 15 2135 16 2136 15 2137 16 2138 15 2139 16 2140 15 2141 15 2142 15 2143 16 2144 15 2145 16 2146 15 2147 16 2148 15 2149 15 2150 15 2151 16 2152 15 2153 16 2154 15 2155 16 2156 15 2157 16 2158 15 2159 15 2160 15 2161 15 2162 15 2163 15 2164 15 2165 15 2166 15 2167 15 2168 15 2169 15 2170 15 2171 15 2172 15 2173 15 2174 15 2175 15 2176 15 2177 15 2178 15 2179 15 2180 15 2181 16 2182 15 2183 16 2184 15 2185 16 2186 15 2187 16 2188 15 2189 16 2190 15 2191 16 2192 15 2193 16 2194 15 2195 16 2196 15 2197 16 2198 15 2199 16 2200 15 2201 16 2202 15 2203 16 2204 15 2205 16 2206 15 2207 16 2208 16 2209 16 2210 16 2211 16 2212 16 2213 16 2214 16 2215 16 2216 16 2217 16 2218 16 2219 16 2220 16 2221 16 2222 16 2223 16 2224 16 2225 16 2226 16 2227 16 2228 16 2229 16 2230 16 2231 16 2232 16 2233 16 2234 16 2235 16 2236 16 2237 16 2238 20 2239 20 2240 20 2241 20 2242 20 2243 20 2244 20 2245 20 2246 20 2247 20 2248 20 2249 20 2250 20 2251 20 2252 20 2253 20 2254 20 2255 20 2256 20 2257 20 2258 20 2259 20 2260 20 2261 20 2262 20 2263 20 2264 20 2265 20 2266 20 2267 20 2268 20 2269 20 2270 20 2271 20 2272 20 2273 20 2274 20 2275 20 2276 20 2277 20 2278 20 2279 20 2280 20 2281 20 2282 20 2283 20 2284 20 2285 20 2286 20 2287 20 2288 20 2289 20 2290 20 2291 20 2292 20 2293 20 2294 20 2295 20 2296 20 2297 20 2298 20 2299 20 2300 20 2301 20 2302 20 2303 20 2304 20 2305 20 2306 20 2307 20 2308 20 2309 20 2310 20 2311 20 2312 20 2313 20 2314 20 2315 20 2316 20 2317 20 2318 20 2319 18 2320 19 2321 18 2322 19 2323 18 2324 19 2325 18 2326 19 2327 18 2328 19 2329 18 2330 19 2331 18 2332 19 2333 18 2334 19 2335 18 2336 19 2337 18 2338 19 2339 18 2340 19 2341 18 2342 19 2343 18 2344 19 2345 18 2346 19 2347 18 2348 19 2349 18 2350 19 2351 19 2352 19 2353 19 2354 19 2355 19 2356 19 2357 19 2358 20 2359 19 2360 19 2361 19 2362 20 2363 19 2364 20 2365 19 2366 20 2367 19 2368 20 2369 19 2370 19 2371 19 2372 20 2373 19 2374 20 2375 19 2376 20 2377 19 2378 20 2379 19 2380 19 2381 20 2382 19 2383 20 2384 19 2385 20 2386 19 2387 19 2388 20 2389 19 2390 20 2391 19 2392 20 2393 19 2394 19 2395 19 2396 19 2397 20 2398 19 2399 20 2400 19 2401 20 2402 19 2403 20 2404 19 2405 20 2406 19 2407 19 2408 19 2409 19 2410 19 2411 19 2412 19 2413 19 2414 19 2415 19 2416 19 2417 19 2418 19 2419 19 2420 19 2421 19 2422 19 2423 19 2424 19 2425 19 2426 19 2427 19 2428 19 2429 20 2430 19 2431 20 2432 19 2433 20 2434 19 2435 20 2436 19 2437 20 2438 19 2439 20 2440 19 2441 20 2442 19 2443 20 2444 19 2445 20 2446 19 2447 20 2448 19 2449 20 2450 19 2451 20 2452 19 2453 20 2454 19 2455 20 2456 20 2457 20 2458 20 2459 20 2460 20 2461 20 2462 20 2463 20 2464 20 2465 20 2466 20 2467 20 2468 20 2469 20 2470 20 2471 20 2472 20 2473 20 2474 20 2475 20 2476 20 2477 20 2478 20 2479 20 2480 20 2481 20 2482 20 2483 20 2484 20 2485 20 2486 1 2487 2 2488 1 2489 2 2490 1 2491 2 2492 1 2493 2 2494 1 2495 2 2496 2 2497 1 2498 2 2499 1 2500 2 2501 1 2502 2 2503 2 2504 2 2505 2 2506 2 2507 2 2508 2 2509 2 2510 2 2511 2 2512 2 2513 2 2514 2 2515 2 2516 3 2517 2 2518 2 2519 3 2520 2 2521 2 2522 3 2523 2 2524 3 2525 2 2526 3 2527 2 2528 2 2529 3 2530 2 2531 3 2532 2 2533 2 2534 3 2535 2 2536 3 2537 2 2538 3 2539 3 2540 3 2541 2 2542 2 2543 2 2544 2 2545 2 2546 2 2547 2 2548 2 2549 2 2550 2 2551 2 2552 2 2553 2 2554 2 2555 2 2556 2 2557 2 2558 2 2559 2 2560 2 2561 2 2562 2 2563 2 2564 2 2565 2 2566 2 2567 2 2568 2 2569 2 2570 2 2571 2 2572 2 2573 2 2574 2 2575 1 2576 2 2577 2 2578 2 2579 2 2580 2 2581 2 2582 2 2583 2 2584 2 2585 2 2586 2 2587 2 2588 2 2589 2 2590 2 2591 2 2592 2 2593 2 2594 2 2595 2 2596 2 2597 2 2598 2 2599 2 2600 2 2601 2 2602 2 2603 2 2604 2 2605 2 2606 2 2607 2 2608 2 2609 2 2610 2 2611 2 2612 2 2613 4 2614 2 2615 4 2616 2 2617 4 2618 2 2619 4 2620 2 2621 4 2622 2 2623 4 2624 2 2625 4 2626 2 2627 4 2628 2 2629 4 2630 2 2631 4 2632 2 2633 4 2634 2 2635 4 2636 2 2637 4 2638 2 2639 4 2640 2 2641 4 2642 2 2643 4 2644 2 2645 4 2646 2 2647 4 2648 2 2649 4 2650 2 2651 4 2652 2 2653 4 2654 2 2655 4 2656 2 2657 4 2658 2 2659 4 2660 2 2661 4 2662 2 2663 4 2664 2 2665 4 2666 2 2667 4 2668 2 2669 4 2670 2 2671 4 2672 2 2673 4 2674 2 2675 4 2676 2 2677 4 2678 2 2679 4 2680 2 2681 4 2682 2 2683 4 2684 2 2685 4 2686 2 2687 4 2688 2 2689 4 2690 2 2691 2 2692 2 2693 2 2694 2 2695 2 2696 4 2697 2 2698 2 2699 4 2700 2 2701 4 2702 2 2703 2 2704 2 2705 4 2706 2 2707 2 2708 4 2709 2 2710 2 2711 4 2712 2 2713 4 2714 2 2715 2 2716 4 2717 2 2718 2 2719 2 2720 4 2721 2 2722 2 2723 4 2724 2 2725 4 2726 2 2727 2 2728 4 2729 2 2730 2 2731 2 2732 2 2733 4 2734 2 2735 4 2736 2 2737 4 2738 2 2739 4 2740 2 2741 4 2742 2 2743 4 2744 2 2745 4 2746 2 2747 4 2748 2 2749 4 2750 2 2751 4 2752 2 2753 4 2754 2 2755 4 2756 2 2757 4 2758 2 2759 4 2760 2 2761 4 2762 2 2763 4 2764 2 2765 4 2766 2 2767 4 2768 2 2769 4 2770 2 2771 4 2772 2 2773 4 2774 2 2775 4 2776 2 2777 4 2778 2 2779 4 2780 2 2781 4 2782 2 2783 4 2784 2 2785 4 2786 2 2787 4 2788 2 2789 4 2790 2 2791 4 2792 2 2793 4 2794 2 2795 4 2796 2 2797 4 2798 2 2799 4 2800 2 2801 4 2802 2 2803 4 2804 2 2805 4 2806 2 2807 4 2808 2 2809 4 2810 2 2811 4 2812 2 2813 4 2814 2 2815 4 2816 2 2817 4 2818 2 2819 4 2820 2 2821 4 2822 2 2823 4 2824 2 2825 4 2826 2 2827 4 2828 2 2829 4 2830 2 2831 4 2832 2 2833 4 2834 2 2835 4 2836 2 2837 4 2838 2 2839 4 2840 2 2841 4 2842 2 2843 4 2844 2 2845 4 2846 2 2847 4 2848 2 2849 4 2850 2 2851 4 2852 2 2853 4 2854 2 2855 4 2856 2 2857 4 2858 2 2859 4 2860 2 2861 4 2862 2 2863 4 2864 2 2865 4 2866 2 2867 4 2868 2 2869 4 2870 2 2871 4 2872 2 2873 4 2874 2 2875 4 2876 2 2877 4 2878 2 2879 4 2880 2 2881 4 2882 2 2883 4 2884 2 2885 4 2886 2 2887 4 2888 2 2889 4 2890 2 2891 4 2892 2 2893 4 2894 2 2895 4 2896 2 2897 4 2898 2 2899 4 2900 2 2901 4 2902 2 2903 4 2904 2 2905 4 2906 2 2907 4 2908 2 2909 2 2910 2 2911 2 2912 2 2913 2 2914 2 2915 2 2916 2 2917 2 2918 2 2919 2 2920 2 2921 2 2922 2 2923 2 2924 2 2925 2 2926 2 2927 2 2928 2 2929 2 2930 2 2931 2 2932 2 2933 2 2934 2 2935 2 2936 2 2937 2 2938 2 2939 2 2940 2 2941 2 2942 2 2943 2 2944 2 2945 2 2946 2 2947 2 2948 2 2949 2 2950 2 2951 2 2952 2 2953 2 2954 2 2955 2 2956 2 2957 2 2958 2 2959 2 2960 2 2961 2 2962 1 2963 2 2964 1 2965 2 2966 3 2967 2 2968 2 2969 2 2970 2 2971 2 2972 2 2973 2 2974 2 2975 2 2976 2 2977 2 2978 2 2979 2 2980 2 2981 2 2982 2 2983 2 2984 2 2985 2 2986 2 2987 2 2988 2 2989 2 2990 2 2991 2 2992 2 2993 2 2994 2 2995 2 2996 2 2997 2 2998 2 2999 2 3000 2 3001 2 3002 2 3003 2 3004 2 3005 2 3006 2 3007 2 3008 2 3009 2 3010 2 3011 2 3012 2 3013 2 3014 2 3015 2 3016 2 3017 2 3018 2 3019 2 3020 2 3021 2 3022 2 3023 2 3024 2 3025 2 3026 2 3027 1 3028 2 3029 1 3030 2 3031 1 3032 2 3033 1 3034 2 3035 1 3036 2 3037 1 3038 2 3039 2 3040 1 3041 2 3042 1 3043 2 3044 2 3045 2 3046 2 3047 2 3048 2 3049 2 3050 2 3051 2 3052 2 3053 2 3054 2 3055 3 3056 2 3057 2 3058 3 3059 2 3060 2 3061 3 3062 2 3063 2 3064 3 3065 2 3066 2 3067 3 3068 2 3069 3 3070 2 3071 3 3072 2 3073 2 3074 3 3075 3 3076 2 3077 3 3078 3 3079 2 3080 2 3081 2 3082 2 3083 2 3084 2 3085 2 3086 2 3087 2 3088 2 3089 2 3090 2 3091 2 3092 2 3093 2 3094 2 3095 2 3096 2 3097 2 3098 2 3099 2 3100 2 3101 2 3102 2 3103 2 3104 2 3105 2 3106 2 3107 2 3108 2 3109 2 3110 2 3111 2 3112 2 3113 2 3114 2 3115 2 3116 2 3117 2 3118 2 3119 2 3120 2 3121 2 3122 2 3123 2 3124 2 3125 2 3126 2 3127 2 3128 2 3129 2 3130 2 3131 2 3132 2 3133 2 3134 2 3135 2 3136 2 3137 2 3138 2 3139 2 3140 2 3141 2 3142 2 3143 2 3144 2 3145 2 3146 2 3147 2 3148 2 3149 5 3150 2 3151 5 3152 2 3153 5 3154 2 3155 5 3156 2 3157 5 3158 2 3159 5 3160 2 3161 5 3162 2 3163 5 3164 2 3165 5 3166 2 3167 5 3168 2 3169 5 3170 2 3171 5 3172 2 3173 5 3174 2 3175 5 3176 2 3177 5 3178 2 3179 5 3180 2 3181 5 3182 2 3183 5 3184 2 3185 5 3186 2 3187 5 3188 2 3189 5 3190 2 3191 5 3192 2 3193 5 3194 2 3195 5 3196 2 3197 5 3198 2 3199 5 3200 2 3201 5 3202 2 3203 5 3204 2 3205 5 3206 2 3207 5 3208 2 3209 5 3210 2 3211 5 3212 2 3213 5 3214 2 3215 5 3216 2 3217 5 3218 2 3219 5 3220 2 3221 5 3222 2 3223 5 3224 2 3225 5 3226 2 3227 2 3228 2 3229 2 3230 2 3231 5 3232 2 3233 5 3234 2 3235 2 3236 2 3237 5 3238 2 3239 2 3240 2 3241 5 3242 2 3243 5 3244 2 3245 2 3246 2 3247 5 3248 2 3249 2 3250 5 3251 2 3252 2 3253 5 3254 2 3255 5 3256 2 3257 2 3258 5 3259 2 3260 2 3261 5 3262 2 3263 2 3264 2 3265 5 3266 2 3267 2 3268 2 3269 5 3270 2 3271 5 3272 2 3273 5 3274 2 3275 5 3276 2 3277 5 3278 2 3279 5 3280 2 3281 5 3282 2 3283 5 3284 2 3285 5 3286 2 3287 5 3288 2 3289 5 3290 2 3291 5 3292 2 3293 5 3294 2 3295 5 3296 2 3297 5 3298 2 3299 5 3300 2 3301 5 3302 2 3303 5 3304 2 3305 5 3306 2 3307 5 3308 2 3309 5 3310 2 3311 5 3312 2 3313 5 3314 2 3315 5 3316 2 3317 5 3318 5 3319 2 3320 5 3321 2 3322 5 3323 2 3324 5 3325 2 3326 5 3327 2 3328 5 3329 2 3330 5 3331 2 3332 5 3333 2 3334 5 3335 2 3336 5 3337 2 3338 5 3339 2 3340 5 3341 2 3342 5 3343 2 3344 5 3345 2 3346 5 3347 2 3348 5 3349 2 3350 5 3351 2 3352 5 3353 2 3354 5 3355 2 3356 5 3357 2 3358 5 3359 2 3360 5 3361 2 3362 5 3363 2 3364 5 3365 2 3366 5 3367 2 3368 5 3369 2 3370 5 3371 2 3372 5 3373 2 3374 5 3375 2 3376 5 3377 2 3378 5 3379 2 3380 5 3381 2 3382 5 3383 2 3384 5 3385 2 3386 5 3387 2 3388 5 3389 2 3390 5 3391 2 3392 5 3393 2 3394 5 3395 2 3396 5 3397 2 3398 5 3399 2 3400 5 3401 2 3402 5 3403 2 3404 5 3405 2 3406 5 3407 2 3408 5 3409 2 3410 5 3411 2 3412 5 3413 2 3414 5 3415 2 3416 5 3417 2 3418 5 3419 2 3420 5 3421 2 3422 5 3423 2 3424 5 3425 2 3426 5 3427 2 3428 5 3429 2 3430 5 3431 2 3432 5 3433 2 3434 5 3435 2 3436 5 3437 2 3438 5 3439 2 3440 5 3441 2 3442 5 3443 2 3444 2 3445 2 3446 2 3447 2 3448 2 3449 2 3450 2 3451 2 3452 2 3453 2 3454 2 3455 2 3456 2 3457 2 3458 2 3459 2 3460 2 3461 2 3462 2 3463 2 3464 2 3465 2 3466 2 3467 2 3468 2 3469 2 3470 2 3471 2 3472 2 3473 2 3474 2 3475 2 3476 2 3477 2 3478 2 3479 2 3480 2 3481 2 3482 2 3483 2 3484 2 3485 2 3486 2 3487 2 3488 2 3489 2 3490 2 3491 2 3492 2 3493 2 3494 2 3495 2 3496 2 3497 1 3498 2 3499 1 3500 2 3501 3 3502 2 3503 2 3504 2 3505 2 3506 2 3507 2 3508 2 3509 2 3510 2 3511 2 3512 2 3513 2 3514 2 3515 2 3516 2 3517 2 3518 2 3519 2 3520 2 3521 2 3522 2 3523 2 3524 2 3525 2 3526 2 3527 2 3528 2 3529 2 3530 2 3531 2 3532 2 3533 2 3534 2 3535 2 3536 2 3537 2 3538 2 3539 2 3540 2 3541 2 3542 2 3543 2 3544 2 3545 2 3546 2 3547 2 3548 2 3549 2 3550 2 3551 2 3552 2 3553 2 3554 2 3555 2 3556 2 3557 2 3558 2 3559 2 3560 2 3561 2 3562 2 3563 2 3564 2 3565 2 3566 2 3567 2 3568 2 3569 2 3570 2 3571 2 3572 2 3573 2 3574 2 3575 2 3576 2 3577 2 3578 2 3579 2 3580 2 3581 2 3582 2 3583 2 3584 2 3585 2 3586 2 3587 2 3588 3 3589 3 3590 2 3591 3 3592 3 3593 2 3594 2 3595 2 3596 2 3597 2 3598 2 3599 3 3600 3 3601 2 3602 2 3603 2 3604 3 3605 3 3606 2 3607 2 3608 3 3609 3 3610 3 3611 2 3612 3 3613 3 3614 2 3615 2 3616 2 3617 2 3618 2 3619 2 3620 3 3621 3 3622 2 3623 2 3624 2 3625 2 3626 2 3627 3 3628 3 3629 2 3630 3 3631 3 3632 3 3633 3 3634 3 3635 3 3636 3 3637 3 3638 3 3639 3 3640 2 3641 2 3642 2 3643 2 3644 2 3645 2 3646 2 3647 2 3648 2 3649 2 3650 2 3651 2 3652 2 3653 2 3654 2 3655 2 3656 2 3657 2 3658 2 3659 2 3660 2 3661 2 3662 2 3663 2 3664 2 3665 3 3666 3 3667 3 3668 3 3669 3 3670 3 3671 3 3672 3 3673 3 3674 3 3675 3 3676 3 3677 3 3678 3 3679 3 3680 3 3681 3 3682 3 3683 3 3684 3 3685 3 3686 3 3687 2 3688 2 3689 3 3690 2 3691 3 3692 2 3693 3 3694 2 3695 3 3696 2 3697 3 3698 3 3699 2 3700 2 3701 2 3702 3 3703 2 3704 3 3705 2 3706 2 3707 3 3708 2 3709 3 3710 2 3711 2 3712 3 3713 2 3714 3 3715 2 3716 2 3717 3 3718 2 3719 3 3720 2 3721 2 3722 3 3723 2 3724 2 3725 3 3726 2 3727 2 3728 2 3729 3 3730 2 3731 2 3732 3 3733 2 3734 2 3735 2 3736 2 3737 2 3738 2 3739 2 3740 2 3741 2 3742 2 3743 2 3744 2 3745 2 3746 2 3747 2 3748 2 3749 2 3750 2 3751 2 3752 2 3753</v>
        </vertex_weights>
      </skin>
    </controller>
  </library_controllers>
  <library_visual_scenes>
    <visual_scene id="Default" name="Default">
      <node id="chr081_armature" name="chr081_armature" type="NODE">
        <matrix sid="transform">1 0 0 0 0 1 0 0 0 0 1 0 0 0 0 1</matrix>
        <node id="GRP_joint" name="GRP_joint" sid="GRP_joint" type="JOINT">
          <matrix sid="transform">1 0 0 0 0 1 0 0 0 0 1 0 0 0 0 1</matrix>
          <node id="J_root" name="J_root" sid="J_root" type="JOINT">
            <matrix sid="transform">1 0 0 0 0 1 0 0 0 0 1 0 0 0 0 1</matrix>
            <node id="J_center" name="J_center" sid="J_center" type="JOINT">
              <matrix sid="transform">1 0 0 0 0 1 0 1.03659 0 0 1 0 0 0 0 1</matrix>
              <node id="J_spine2" name="J_spine2" sid="J_spine2" type="JOINT">
                <matrix sid="transform">1 0 0 0 0 1 0 0.14217 0 0 1 -0.03226125 0 0 0 1</matrix>
                <node id="J_head" name="J_head" sid="J_head" type="JOINT">
                  <matrix sid="transform">1 0 0 0 0 1 0 0.38341 0 0 1 0.0262115 0 0 0 1</matrix>
                  <node id="J_mouth" name="J_mouth" sid="J_mouth" type="JOINT">
                    <matrix sid="transform">1 0 0 0 0 1 0 0.05071008 0 0 1 0.1730018 0 0 0 1</matrix>
                  </node>
                  <node id="J_ear_l" name="J_ear_l" sid="J_ear_l" type="JOINT">
                    <matrix sid="transform">1 0 0 0.282308 0 1 0 0.5047899 0 0 1 -0.1902983 0 0 0 1</matrix>
                  </node>
                  <node id="J_ear_r" name="J_ear_r" sid="J_ear_r" type="JOINT">
                    <matrix sid="transform">1 0 1.50996e-7 -0.282308 0 -1 0 0.5047899 1.50996e-7 0 -1 -0.1902982 0 0 0 1</matrix>
                  </node>
                </node>
                <node id="J_arm_l" name="J_arm_l" sid="J_arm_l" type="JOINT">
                  <matrix sid="transform">-0.01944077 0.9983115 0.05473848 0.226378 -0.9983115 -0.02237985 0.05360395 0.18682 0.05473848 -0.05360395 0.9970608 0.01738477 0 0 0 1</matrix>
                  <node id="J_ancon_l" name="J_ancon_l" sid="J_ancon_l" type="JOINT">
                    <matrix sid="transform">0.9891222 9.6448e-4 0.1470936 -1.19209e-7 0.02032454 0.9894909 -0.1431592 0.2989308 -0.1456859 0.1445916 0.9787077 0 0 0 0 1</matrix>
                    <node id="J_hand_l" name="J_hand_l" sid="J_hand_l" type="JOINT">
                      <matrix sid="transform">-0.006913776 -0.9957161 -0.09220409 -1.19209e-7 0.9957162 -0.01535695 0.09117875 0.349683 -0.09220412 -0.09117869 0.9915567 0 0 0 0 1</matrix>
                    </node>
                  </node>
                </node>
                <node id="J_arm_r" name="J_arm_r" sid="J_arm_r" type="JOINT">
                  <matrix sid="transform">-0.01944077 -0.9983115 -0.05473848 -0.226378 0.9983115 -0.02237985 0.05360395 0.18682 -0.05473848 -0.05360395 0.9970608 0.01738477 0 0 0 1</matrix>
                  <node id="J_ancon_r" name="J_ancon_r" sid="J_ancon_r" type="JOINT">
                    <matrix sid="transform">0.9891222 -9.6448e-4 -0.1470936 1.19209e-7 -0.02032454 0.9894909 -0.1431592 0.2989308 0.1456859 0.1445916 0.9787077 0 0 0 0 1</matrix>
                    <node id="J_hand_r" name="J_hand_r" sid="J_hand_r" type="JOINT">
                      <matrix sid="transform">-0.006913776 0.9957161 0.09220409 1.19209e-7 -0.9957162 -0.01535695 0.09117875 0.349683 0.09220412 -0.09117869 0.9915567 0 0 0 0 1</matrix>
                    </node>
                  </node>
                </node>
                <node id="J_scarf" name="J_scarf" sid="J_scarf" type="JOINT">
                  <matrix sid="transform">1 0 0 0 0 1 0 0.2800701 0 0 1 -0.1312158 0 0 0 1</matrix>
                </node>
              </node>
              <node id="J_leg_l" name="J_leg_l" sid="J_leg_l" type="JOINT">
                <matrix sid="transform">0.9999832 -3.95151e-4 0.005779404 0.157733 3.95151e-4 -0.990694 -0.1361079 -0.1465531 0.005779404 0.1361079 -0.9906859 0.008896768 0 0 0 1</matrix>
                <node id="J_knee_l" name="J_knee_l" sid="J_knee_l" type="JOINT">
                  <matrix sid="transform">0.9999992 -9.48967e-4 -7.5603e-4 -1.49012e-8 6.77527e-4 0.9536638 -0.300873 0.3163115 0.001006518 0.3008724 0.9536639 -1.49012e-8 0 0 0 1</matrix>
                  <node id="J_foot_l" name="J_foot_l" sid="J_foot_l" type="JOINT">
                    <matrix sid="transform">0.9999058 0.009390244 -0.0100195 0 0.006595013 0.3116034 0.9501894 0.3340828 0.01204462 -0.9501658 0.311512 -3.72529e-9 0 0 0 1</matrix>
                    <node id="J_foot_ball_l" name="J_foot_ball_l" sid="J_foot_ball_l" type="JOINT">
                      <matrix sid="transform">0.9999552 -0.004887219 -0.008108463 0 0.00488728 -0.467051 0.8842168 0.300985 -0.008108427 -0.8842168 -0.4670062 0 0 0 0 1</matrix>
                    </node>
                  </node>
                </node>
              </node>
              <node id="J_leg_r" name="J_leg_r" sid="J_leg_r" type="JOINT">
                <matrix sid="transform">0.9999832 3.95151e-4 -0.005779404 -0.157733 -3.95151e-4 -0.990694 -0.1361079 -0.1465531 -0.005779404 0.1361079 -0.9906859 0.008896768 0 0 0 1</matrix>
                <node id="J_knee_r" name="J_knee_r" sid="J_knee_r" type="JOINT">
                  <matrix sid="transform">0.9999992 9.48967e-4 7.5603e-4 1.49012e-8 -6.77527e-4 0.9536638 -0.300873 0.3163115 -0.001006518 0.3008724 0.9536639 -1.49012e-8 0 0 0 1</matrix>
                  <node id="J_foot_r" name="J_foot_r" sid="J_foot_r" type="JOINT">
                    <matrix sid="transform">0.9999058 -0.009390244 0.0100195 0 -0.006595013 0.3116034 0.9501894 0.3340828 -0.01204462 -0.9501658 0.311512 -3.72529e-9 0 0 0 1</matrix>
                    <node id="J_foot_ball_r" name="J_foot_ball_r" sid="J_foot_ball_r" type="JOINT">
                      <matrix sid="transform">0.9999552 0.004887219 0.008108463 0 -0.00488728 -0.467051 0.8842168 0.300985 0.008108427 -0.8842168 -0.4670062 0 0 0 0 1</matrix>
                    </node>
                  </node>
                </node>
              </node>
              <node id="J_tail" name="J_tail" sid="J_tail" type="JOINT">
                <matrix sid="transform">1 0 0 0 0 -0.03688532 0.9993195 0.001700044 0 -0.9993195 -0.03688526 -0.222214 0 0 0 1</matrix>
                <node id="J_tail1" name="J_tail1" sid="J_tail1" type="JOINT">
                  <matrix sid="transform">1 0 0 0 0 0.9993195 -0.0368853 0.4958625 0 0.03688531 0.9993196 0 0 0 0 1</matrix>
                  <node id="J_tail_end" name="J_tail_end" sid="J_tail_end" type="JOINT">
                    <matrix sid="transform">1 0 0 0 0 6.70552e-8 -1 0.5777411 0 1 0 0 0 0 0 1</matrix>
                  </node>
                </node>
              </node>
            </node>
          </node>
          <node id="TP01" name="TP01" sid="TP01" type="JOINT">
            <matrix sid="transform">1 0 0 0 0 1 0 0 0 0 1 0 0 0 0 1</matrix>
          </node>
          <node id="CP01" name="CP01" sid="CP01" type="JOINT">
            <matrix sid="transform">1 0 0 0 0 1 0 0 0 0 1 0 0 0 0 1</matrix>
          </node>
          <node id="GP01" name="GP01" sid="GP01" type="JOINT">
            <matrix sid="transform">1 0 0 0 0 1 0 0 0 0 1 0 0 0 0 1</matrix>
          </node>
          <node id="FP01" name="FP01" sid="FP01" type="JOINT">
            <matrix sid="transform">1 0 0 0 0 1 0 0 0 0 1 0 0 0 0 1</matrix>
          </node>
        </node>
        <node id="GRP_mesh" name="GRP_mesh" sid="GRP_mesh" type="JOINT">
          <matrix sid="transform">1 0 0 0 0 1 0 0 0 0 1 0 0 0 0 1</matrix>
        </node>
      </node>
      <node id="chr081_0" name="chr081_0" type="NODE">
        <translate sid="location">0 0 0</translate>
        <rotate sid="rotationZ">0 0 1 0</rotate>
        <rotate sid="rotationY">0 1 0 0</rotate>
        <rotate sid="rotationX">1 0 0 0</rotate>
        <scale sid="scale">1 1 1</scale>
        <instance_controller url="#chr081_armature_chr081_0-skin">
          <skeleton>#GRP_joint</skeleton>
          <skeleton>#GRP_mesh</skeleton>
          <bind_material>
            <technique_common>
              <instance_material symbol="chr081_mat_000-material" target="#chr081_mat_000-material">
                <bind_vertex_input semantic="chr081_0-mesh-map-0" input_semantic="TEXCOORD" input_set="0"/>
              </instance_material>
            </technique_common>
          </bind_material>
        </instance_controller>
      </node>
      <node id="chr081_1" name="chr081_1" type="NODE">
        <translate sid="location">0 0 0</translate>
        <rotate sid="rotationZ">0 0 1 0</rotate>
        <rotate sid="rotationY">0 1 0 0</rotate>
        <rotate sid="rotationX">1 0 0 0</rotate>
        <scale sid="scale">1 1 1</scale>
        <instance_controller url="#chr081_armature_chr081_1-skin">
          <skeleton>#GRP_joint</skeleton>
          <skeleton>#GRP_mesh</skeleton>
          <bind_material>
            <technique_common>
              <instance_material symbol="chr081_mat_001-material" target="#chr081_mat_001-material"/>
            </technique_common>
          </bind_material>
        </instance_controller>
      </node>
    </visual_scene>
  </library_visual_scenes>
  <scene>
    <instance_visual_scene url="#Default"/>
  </scene>
</COLLADA>