<?xml version="1.0" encoding="utf-8"?>
<COLLADA xmlns="http://www.collada.org/2005/11/COLLADASchema" version="1.4.1">
  <asset>
    <contributor>
      <author>Blender User</author>
      <authoring_tool>Blender 2.77.0 commit date:2016-03-18, commit time:12:34, hash:22a2853</authoring_tool>
    </contributor>
    <created>2021-06-04T22:46:09</created>
    <modified>2021-06-04T22:46:09</modified>
    <unit name="meter" meter="1"/>
    <up_axis>Z_UP</up_axis>
  </asset>
  <library_images>
    <image id="chr626a01_png" name="chr626a01_png">
      <init_from>chr626a01.png</init_from>
    </image>
    <image id="chr626a01s_png" name="chr626a01s_png">
      <init_from>chr626a01s.png</init_from>
    </image>
  </library_images>
  <library_effects>
    <effect id="chr626_mat_000-effect">
      <profile_COMMON>
        <newparam sid="chr626a01_png-surface">
          <surface type="2D">
            <init_from>chr626a01_png</init_from>
          </surface>
        </newparam>
        <newparam sid="chr626a01_png-sampler">
          <sampler2D>
            <source>chr626a01_png-surface</source>
          </sampler2D>
        </newparam>
        <technique sid="common">
          <phong>
            <emission>
              <color sid="emission">0 0 0 1</color>
            </emission>
            <ambient>
              <color sid="ambient">0 0 0 1</color>
            </ambient>
            <diffuse>
              <texture texture="chr626a01_png-sampler" texcoord="chr626_0-mesh-map-0"/>
            </diffuse>
            <specular>
              <color sid="specular">0.5 0.5 0.5 1</color>
            </specular>
            <shininess>
              <float sid="shininess">50</float>
            </shininess>
            <index_of_refraction>
              <float sid="index_of_refraction">1</float>
            </index_of_refraction>
          </phong>
        </technique>
      </profile_COMMON>
    </effect>
    <effect id="chr626_mat_001-effect">
      <profile_COMMON>
        <newparam sid="chr626a01s_png-surface">
          <surface type="2D">
            <init_from>chr626a01s_png</init_from>
          </surface>
        </newparam>
        <newparam sid="chr626a01s_png-sampler">
          <sampler2D>
            <source>chr626a01s_png-surface</source>
          </sampler2D>
        </newparam>
        <technique sid="common">
          <phong>
            <emission>
              <color sid="emission">0 0 0 1</color>
            </emission>
            <ambient>
              <color sid="ambient">0 0 0 1</color>
            </ambient>
            <diffuse>
              <texture texture="chr626a01s_png-sampler"/>
            </diffuse>
            <specular>
              <color sid="specular">0.5 0.5 0.5 1</color>
            </specular>
            <shininess>
              <float sid="shininess">50</float>
            </shininess>
            <index_of_refraction>
              <float sid="index_of_refraction">1</float>
            </index_of_refraction>
          </phong>
        </technique>
      </profile_COMMON>
    </effect>
  </library_effects>
  <library_materials>
    <material id="chr626_mat_000-material" name="chr626_mat_000">
      <instance_effect url="#chr626_mat_000-effect"/>
    </material>
    <material id="chr626_mat_001-material" name="chr626_mat_001">
      <instance_effect url="#chr626_mat_001-effect"/>
    </material>
  </library_materials>
  <library_geometries>
    <geometry id="chr626_0-mesh" name="chr626_0">
      <mesh>
        <source id="chr626_0-mesh-positions">
          <float_array id="chr626_0-mesh-positions-array" count="7164">-2.939e-4 0.102275 0.02569985 0.006127119 0.103222 0.02409577 -2.729e-4 0.104791 0.02054762 0.004905343 0.105497 0.0194416 0.01003748 0.104791 0.01793128 0 0.106335 0.01576185 0.007318913 0.106335 0.01373589 -2.729e-4 0.104305 0.02054762 0 0.106335 0.01576185 0.004905343 0.103518 0.0194416 0.007318913 0.106335 0.01373589 0.01003748 0.104305 0.01793128 0.01259529 0.102275 0.02240371 -2.939e-4 0.102275 0.02569985 0.006127119 0.101458 0.02409577 0.01259529 0.102275 0.02240371 0.01074641 0.09923386 0.02917283 0.007677674 0.099958 0.0300216 0.004608929 0.09922528 0.03087031 0.009217977 0.09618407 0.03590899 0.004608929 0.09922528 0.03087031 0.007677674 0.09859436 0.0300216 0.01074641 0.09923386 0.02917283 0.009217977 0.09618407 0.03590899 0.01259529 0.102275 0.02240371 0.01735419 0.103222 0.0178039 0.01003748 0.104791 0.01793128 0.01396906 0.105497 0.01438409 0.01765835 0.104791 0.01051008 0.007318913 0.106335 0.01373589 0.01260238 0.106335 0.008201062 0.01003748 0.104305 0.01793128 0.007318913 0.106335 0.01373589 0.01396906 0.103518 0.01438409 0.01260238 0.106335 0.008201062 0.01765835 0.104305 0.01051008 0.02210968 0.102275 0.01310449 0.01259529 0.102275 0.02240371 0.01735419 0.101458 0.0178039 0.02210968 0.102275 0.01310449 0.02389311 0.09923386 0.0198912 0.02165997 0.099958 0.02216053 0.0194267 0.09922528 0.02442991 0.02593749 0.09618407 0.02648913 0.0194267 0.09922528 0.02442991 0.02165997 0.09859436 0.02216053 0.02389311 0.09923386 0.0198912 0.02593749 0.09618407 0.02648913 0.02210968 0.102275 0.01310449 0.02393114 0.103222 0.006741464 0.01765835 0.104791 0.01051008 0.01928955 0.105497 0.005472481 0.02054762 0.104791 2.729e-4 0.01260238 0.106335 0.008201062 0.01474994 0.106335 6.404e-4 0.01765835 0.104305 0.01051008 0.01260238 0.106335 0.008201062 0.01928955 0.103518 0.005472481 0.01474994 0.106335 6.404e-4 0.02054762 0.104305 2.729e-4 0.02569985 0.102275 2.939e-4 0.02210968 0.102275 0.01310449 0.02393114 0.101458 0.006741464 0.02569985 0.102275 2.939e-4 0.03063768 0.09923386 0.00527966 0.02983838 0.099958 0.008361697 0.02903908 0.09922528 0.01144367 0.03570729 0.09618407 0.009971499 0.02903908 0.09922528 0.01144367 0.02983838 0.09859436 0.008361697 0.03063768 0.09923386 0.00527966 0.03570729 0.09618407 0.009971499 0.02569985 0.102275 2.939e-4 0.02409577 0.103222 -0.006127119 0.02054762 0.104791 2.729e-4 0.0194416 0.105497 -0.004905343 0.01793128 0.104791 -0.01003748 0.01474994 0.106335 6.404e-4 0.01277375 0.106335 -0.006920278 0.02054762 0.104305 2.729e-4 0.01474994 0.106335 6.404e-4 0.0194416 0.103518 -0.004905343 0.01277375 0.106335 -0.006920278 0.01793128 0.104305 -0.01003748 0.02240371 0.102275 -0.01259529 0.02569985 0.102275 2.939e-4 0.02409577 0.101458 -0.006127119 0.02240371 0.102275 -0.01259529 0.02917283 0.09923386 -0.01074641 0.0300216 0.099958 -0.007677674 0.03087031 0.09922528 -0.004608929 0.03590899 0.09618407 -0.009217977 0.03087031 0.09922528 -0.004608929 0.0300216 0.09859436 -0.007677674 0.02917283 0.09923386 -0.01074641 0.03590899 0.09618407 -0.009217977 0.02240371 0.102275 -0.01259529 0.0178039 0.103222 -0.01735419 0.01793128 0.104791 -0.01003748 0.01438409 0.105497 -0.01396906 0.01051008 0.104791 -0.01765835 0.01277375 0.106335 -0.006920278 0.007333934 0.106335 -0.01245498 0.01793128 0.104305 -0.01003748 0.01277375 0.106335 -0.006920278 0.01438409 0.103518 -0.01396906 0.007333934 0.106335 -0.01245498 0.01051008 0.104305 -0.01765835 0.01310449 0.102275 -0.02210968 0.02240371 0.102275 -0.01259529 0.0178039 0.101458 -0.01735419 0.01310449 0.102275 -0.02210968 0.0198912 0.09923386 -0.02389311 0.02216053 0.099958 -0.02165997 0.02442991 0.09922528 -0.0194267 0.02648913 0.09618407 -0.02593749 0.02442991 0.09922528 -0.0194267 0.02216053 0.09859436 -0.02165997 0.0198912 0.09923386 -0.02389311 0.02648913 0.09618407 -0.02593749 0.01310449 0.102275 -0.02210968 0.006741464 0.103222 -0.02393114 0.01051008 0.104791 -0.01765835 0.005472481 0.105497 -0.01928955 2.729e-4 0.104791 -0.02054762 0.007333934 0.106335 -0.01245498 0 0.106335 -0.01448088 0.01051008 0.104305 -0.01765835 0.007333934 0.106335 -0.01245498 0.005472481 0.103518 -0.01928955 0 0.106335 -0.01448088 2.729e-4 0.104305 -0.02054762 2.939e-4 0.102275 -0.02569985 0.01310449 0.102275 -0.02210968 0.006741464 0.101458 -0.02393114 2.939e-4 0.102275 -0.02569985 0.00527966 0.09923386 -0.03063768 0.008361697 0.099958 -0.02983838 0.01144367 0.09922528 -0.02903908 0.009971499 0.09618407 -0.03570729 0.01144367 0.09922528 -0.02903908 0.008361697 0.09859436 -0.02983838 0.00527966 0.09923386 -0.03063768 0.009971499 0.09618407 -0.03570729 2.939e-4 0.102275 -0.02569985 -0.006127119 0.103222 -0.02409577 2.729e-4 0.104791 -0.02054762 -0.004905343 0.105497 -0.0194416 -0.01003748 0.104791 -0.01793128 0 0.106335 -0.01448088 -0.007374823 0.106335 -0.01245498 2.729e-4 0.104305 -0.02054762 0 0.106335 -0.01448088 -0.004905343 0.103518 -0.0194416 -0.007374823 0.106335 -0.01245498 -0.01003748 0.104305 -0.01793128 -0.01259529 0.102275 -0.02240371 2.939e-4 0.102275 -0.02569985 -0.006127119 0.101458 -0.02409577 -0.01259529 0.102275 -0.02240371 -0.01074641 0.09923386 -0.02917283 -0.007677674 0.099958 -0.0300216 -0.004608929 0.09922528 -0.03087031 -0.009217977 0.09618407 -0.03590899 -0.004608929 0.09922528 -0.03087031 -0.007677674 0.09859436 -0.0300216 -0.01074641 0.09923386 -0.02917283 -0.009217977 0.09618407 -0.03590899 -0.01259529 0.102275 -0.02240371 -0.01735419 0.103222 -0.0178039 -0.01003748 0.104791 -0.01793128 -0.01396906 0.105497 -0.01438409 -0.01765835 0.104791 -0.01051008 -0.007374823 0.106335 -0.01245498 -0.01260507 0.106335 -0.006920278 -0.01003748 0.104305 -0.01793128 -0.007374823 0.106335 -0.01245498 -0.01396906 0.103518 -0.01438409 -0.01260507 0.106335 -0.006920278 -0.01765835 0.104305 -0.01051008 -0.02210968 0.102275 -0.01310449 -0.01259529 0.102275 -0.02240371 -0.01735419 0.101458 -0.0178039 -0.02210968 0.102275 -0.01310449 -0.02389311 0.09923386 -0.0198912 -0.02165997 0.099958 -0.02216053 -0.0194267 0.09922528 -0.02442991 -0.02593749 0.09618407 -0.02648913 -0.0194267 0.09922528 -0.02442991 -0.02165997 0.09859436 -0.02216053 -0.02389311 0.09923386 -0.0198912 -0.02593749 0.09618407 -0.02648913 -0.02210968 0.102275 -0.01310449 -0.02393114 0.103222 -0.006741464 -0.01765835 0.104791 -0.01051008 -0.01928955 0.105497 -0.005472481 -0.02054762 0.104791 -2.729e-4 -0.01260507 0.106335 -0.006920278 -0.01464605 0.106335 6.404e-4 -0.01765835 0.104305 -0.01051008 -0.01260507 0.106335 -0.006920278 -0.01928955 0.103518 -0.005472481 -0.01464605 0.106335 6.404e-4 -0.02054762 0.104305 -2.729e-4 -0.02569985 0.102275 -2.939e-4 -0.02210968 0.102275 -0.01310449 -0.02393114 0.101458 -0.006741464 -0.02569985 0.102275 -2.939e-4 -0.03063768 0.09923386 -0.00527966 -0.02983838 0.099958 -0.008361697 -0.02903908 0.09922528 -0.01144367 -0.03570729 0.09618407 -0.009971499 -0.02903908 0.09922528 -0.01144367 -0.02983838 0.09859436 -0.008361697 -0.03063768 0.09923386 -0.00527966 -0.03570729 0.09618407 -0.009971499 -0.02569985 0.102275 -2.939e-4 -0.02409577 0.103222 0.006127119 -0.02054762 0.104791 -2.729e-4 -0.0194416 0.105497 0.004905343 -0.01793128 0.104791 0.01003748 -0.01464605 0.106335 6.404e-4 -0.0126881 0.106335 0.008201062 -0.02054762 0.104305 -2.729e-4 -0.01464605 0.106335 6.404e-4 -0.0194416 0.103518 0.004905343 -0.0126881 0.106335 0.008201062 -0.01793128 0.104305 0.01003748 -0.02240371 0.102275 0.01259529 -0.02569985 0.102275 -2.939e-4 -0.02409577 0.101458 0.006127119 -0.02240371 0.102275 0.01259529 -0.02917283 0.09923386 0.01074641 -0.0300216 0.099958 0.007677674 -0.03087031 0.09922528 0.004608929 -0.03590899 0.09618407 0.009217977 -0.03087031 0.09922528 0.004608929 -0.0300216 0.09859436 0.007677674 -0.02917283 0.09923386 0.01074641 -0.03590899 0.09618407 0.009217977 -0.02240371 0.102275 0.01259529 -0.0178039 0.103222 0.01735419 -0.01793128 0.104791 0.01003748 -0.01438409 0.105497 0.01396906 -0.01051008 0.104791 0.01765835 -0.0126881 0.106335 0.008201062 -0.007346928 0.106335 0.01373589 -0.01793128 0.104305 0.01003748 -0.0126881 0.106335 0.008201062 -0.01438409 0.103518 0.01396906 -0.007346928 0.106335 0.01373589 -0.01051008 0.104305 0.01765835 -0.01310449 0.102275 0.02210968 -0.02240371 0.102275 0.01259529 -0.0178039 0.101458 0.01735419 -0.01310449 0.102275 0.02210968 -0.0198912 0.09923386 0.02389311 -0.02216053 0.099958 0.02165997 -0.02442991 0.09922528 0.0194267 -0.02648913 0.09618407 0.02593749 -0.02442991 0.09922528 0.0194267 -0.02216053 0.09859436 0.02165997 -0.0198912 0.09923386 0.02389311 -0.02648913 0.09618407 0.02593749 -0.01310449 0.102275 0.02210968 -0.006741464 0.103222 0.02393114 -0.01051008 0.104791 0.01765835 -0.005472481 0.105497 0.01928955 -2.729e-4 0.104791 0.02054762 -0.007346928 0.106335 0.01373589 0 0.106335 0.01576185 -0.01051008 0.104305 0.01765835 -0.007346928 0.106335 0.01373589 -0.005472481 0.103518 0.01928955 0 0.106335 0.01576185 -2.729e-4 0.104305 0.02054762 -2.939e-4 0.102275 0.02569985 -0.01310449 0.102275 0.02210968 -0.006741464 0.101458 0.02393114 -2.939e-4 0.102275 0.02569985 -0.00527966 0.09923386 0.03063768 -0.008361697 0.099958 0.02983838 -0.01144367 0.09922528 0.02903908 -0.009971499 0.09618407 0.03570729 -0.01144367 0.09922528 0.02903908 -0.008361697 0.09859436 0.02983838 -0.00527966 0.09923386 0.03063768 -0.009971499 0.09618407 0.03570729 0.02186107 0.170096 -0.01408439 0.02544474 0.168106 -0.01293122 0.01607459 0.158424 -0.008383452 0.01785212 0.157557 -0.007714152 0.04047679 0.192192 -0.02853536 0.04278033 0.1916379 -0.02987802 0.04345548 0.1871089 -0.02494645 0.04508394 0.188817 -0.03122079 0.03483092 0.1908079 -0.02389419 0.0394504 0.1866289 -0.02329385 0.03105628 0.185353 -0.02118158 0.03642451 0.181842 -0.02051883 0.02707093 0.1792669 -0.018233 0.03170526 0.176238 -0.01707828 0.04675829 0.181726 -0.03128606 0.04566502 0.180768 -0.02598249 0.01673763 0.158433 -0.005122423 0.01785212 0.157557 -0.007714152 0.02376931 0.170746 -0.008218884 0.02544474 0.168106 -0.01293122 0.04439818 0.192142 -0.01990669 0.04345548 0.1871089 -0.02494645 0.04660314 0.191168 -0.02126044 0.04880809 0.187927 -0.02230066 0.03862893 0.191765 -0.01637858 0.0394504 0.1866289 -0.02329385 0.02967619 0.180314 -0.01122623 0.03170526 0.176238 -0.01707828 0.03422075 0.186465 -0.01387661 0.03642451 0.181842 -0.02051883 0.04566502 0.180768 -0.02598249 0.05065202 0.1819239 -0.02329558 0.04778707 0.18896 -0.02706658 0.04522407 0.192485 -0.02574676 0.04893761 0.172416 -0.02757459 0.05090993 0.1741229 -0.03231602 0.05379831 0.173949 -0.02477848 0.04893761 0.172416 -0.02757459 0.05352973 0.174561 -0.02908897 0.05016469 0.182399 -0.02801376 0.05598282 0.1588929 -0.03397846 0.05472248 0.157492 -0.03032118 0.05195957 0.1649299 -0.029307 0.05395776 0.166307 -0.03355306 0.05873733 0.158558 -0.0282936 0.05472248 0.157492 -0.03032118 0.05709046 0.152913 -0.03182387 -0.02116799 0.1205829 0.0242533 -0.02006876 0.119972 0.02598005 -0.02245789 0.117009 0.02405029 -0.02260708 0.119876 0.02654749 -0.02370619 0.120486 0.0248208 -0.02245789 0.117009 0.02405029 -0.02329987 0.1206859 0.02417296 -0.02047508 0.119773 0.02662783 -0.02006876 0.119972 0.02598005 -0.02329987 0.1206859 0.02417296 -0.02660429 0.12279 0.0200966 -0.02606785 0.121747 0.02188193 -0.02797168 0.119482 0.01880699 -0.0286647 0.1218219 0.02172523 -0.0292012 0.122865 0.01994001 -0.02797168 0.119482 0.01880699 -0.02861928 0.123138 0.0194801 -0.02664965 0.121474 0.02234178 -0.02606785 0.121747 0.02188193 -0.02861928 0.123138 0.0194801 -0.03053122 0.125678 0.01579684 -0.02999484 0.124635 0.01758211 -0.03189873 0.12237 0.01450717 -0.03259181 0.124711 0.01742541 -0.03312826 0.1257539 0.01564019 -0.03189873 0.12237 0.01450717 -0.0325464 0.1260269 0.01518028 -0.03057676 0.124362 0.01804202 -0.02999484 0.124635 0.01758211 -0.0325464 0.1260269 0.01518028 0.006703794 0.118188 0.03011286 0.00753957 0.114476 0.03011757 0.00531733 0.117766 0.03168195 0.007725 0.117365 0.03258568 0.00753957 0.114476 0.03011757 0.009111642 0.117787 0.03101652 0.008823275 0.118019 0.03031826 0.005605757 0.117534 0.03238028 0.00531733 0.117766 0.03168195 0.008823275 0.118019 0.03031826 -5.17e-5 0.1179929 0.03102177 2.12e-5 0.114196 0.03079783 -0.001903235 0.117787 0.03206658 -6.6e-6 0.116813 0.03355926 2.12e-5 0.114196 0.03079783 0.001844704 0.1170189 0.03251445 0.001832008 0.117352 0.03179788 -0.00189054 0.117454 0.03278309 -0.001903235 0.117787 0.03206658 0.001832008 0.117352 0.03179788 -0.006703794 0.118188 0.03011286 -0.00531733 0.117766 0.03168195 -0.00753957 0.114476 0.03011757 -0.007725 0.117365 0.03258568 -0.009111642 0.117787 0.03101652 -0.00753957 0.114476 0.03011757 -0.008823275 0.118019 0.03031826 -0.005605757 0.117534 0.03238028 -0.00531733 0.117766 0.03168195 -0.008823275 0.118019 0.03031826 -0.02436298 0.116258 0.01785498 -0.02587789 0.1167899 0.01796501 -0.02381575 0.118324 0.02019226 -0.02381575 0.118324 0.02019226 -0.02622008 0.116505 0.0186181 -0.02518606 0.115574 0.0194258 -0.0236712 0.115041 0.01931589 -0.0233289 0.115326 0.01866275 -0.02587789 0.1167899 0.01796501 -0.0233289 0.115326 0.01866275 -0.02926206 0.1224589 0.01660043 -0.02930736 0.119436 0.01523613 -0.02993571 0.1202909 0.01420748 -0.02926206 0.1224589 0.01660043 -0.03175336 0.120729 0.0147193 -0.031125 0.119874 0.01574808 -0.02977967 0.11927 0.01584798 -0.02930736 0.119436 0.01523613 -0.03128117 0.120895 0.01410764 -0.03128117 0.120895 0.01410764 0.02095478 0.108982 -0.004395246 0.01260507 0.106335 -0.006920278 0.01896649 0.108478 -0.009923994 0.01610958 0.108399 -0.01467168 0.007333934 0.106335 -0.01245498 0.01148998 0.108399 -0.01831459 0.005963802 0.108399 -0.02060467 0 0.106335 -0.01448088 0 0.108399 -0.02138578 0 0.106481 0.01852065 0 0.106335 0.01576185 0.008459568 0.10697 0.0177682 0.007318913 0.106335 0.01373589 0.01626133 0.108703 0.0160619 0.01260238 0.106335 0.008201062 0.02105849 0.109156 0.007828295 0.01454228 0.106335 6.404e-4 0.0217356 0.108982 6.404e-4 0.01454228 0.106335 6.404e-4 0.0217356 0.108982 6.404e-4 0.02868658 0.113744 -0.007030487 0.02611267 0.113934 -0.01443099 0.02155387 0.113935 -0.02078807 0.01537615 0.113935 -0.0256645 0.007983148 0.113937 -0.02873647 0 0.113937 -0.02978229 0.02868658 0.113744 0.008580565 0.02962857 0.113795 6.404e-4 0.02962857 0.113795 6.404e-4 0.03389668 0.120443 -0.008527398 0.0304203 0.120446 -0.01707428 0.02497285 0.12045 -0.02441978 0.01775759 0.120454 -0.03006118 0.009223699 0.120457 -0.0336104 0 0.120459 -0.03482145 0.03392535 0.1203449 0.009515881 0.03509789 0.120443 6.404e-4 0.03509789 0.120443 6.404e-4 0.03318738 0.127469 -0.01845651 0.03709727 0.1274639 -0.009242653 0.02699309 0.127476 -0.02637517 0.01914489 0.1274819 -0.03245717 0.009946286 0.127487 -0.03628355 0 0.127489 -0.03758925 0 0.118787 0.03566479 0.008964896 0.118969 0.03440469 0 0.127084 0.03831249 0.009946286 0.127081 0.03692889 0.01746743 0.119666 0.03100866 0.0189647 0.127029 0.03293198 0.03043919 0.118365 0.01668822 0.02917701 0.119129 0.01809161 0.02598977 0.115441 0.01942121 0.02509367 0.1164129 0.02077335 0.03683388 0.12713 0.01007878 0.03838807 0.1274629 6.404e-4 0.03838807 0.1274629 6.404e-4 0.03372728 0.13484 -0.01866453 0.0377894 0.134837 -0.009351372 0.02730679 0.134844 -0.02666527 0.01934987 0.134849 -0.03280729 0.01005178 0.1348519 -0.0366699 0 0.1348519 -0.03798609 0 0.134227 0.03826719 0.01005178 0.134227 0.03695106 0.01745569 0.13164 0.03411245 0.01931625 0.13005 0.0329355 0.024396 0.1383799 0.02855134 0.02349179 0.128566 0.03024858 0.02731204 0.12918 0.02716612 0.0305444 0.13119 0.02399843 0.0356068 0.127332 0.0133959 0.03742337 0.134819 0.01051378 0.03346157 0.134588 0.01952558 0.03909778 0.134837 6.404e-4 0.03909778 0.134837 6.404e-4 0.03598475 0.1424829 -0.008930981 0.03212189 0.1424829 -0.01785022 0.02608382 0.1424829 -0.02550929 0.01853013 0.1424829 -0.03138631 0.009623348 0.1424829 -0.03508079 0 0.1424829 -0.03634089 0 0.141671 0.03632116 0.009623348 0.141671 0.03506153 0.01452052 0.14144 0.03324896 0.01476311 0.137546 0.03431242 0.03229308 0.138414 0.02017188 0.03212189 0.1422359 0.01873499 0.0311129 0.1422979 0.01984006 0.03589129 0.142423 0.01011478 0.03723859 0.1424829 6.404e-4 0.03723859 0.1424829 6.404e-4 0.03174585 0.1498299 -0.007941067 0.02837193 0.1498299 -0.01593786 0.02317458 0.1498299 -0.02280473 0.01654618 0.1498299 -0.0280739 0.008629381 0.1498299 -0.03138631 0 0.149697 -0.03260648 0.009126365 0.145361 0.03339123 0.01726377 0.14745 0.02892422 0.01557338 0.144878 0.03123885 0.02037101 0.148675 0.02608072 0.01654618 0.1490219 0.02806162 0.02837193 0.149491 0.01667588 0.03174585 0.149707 0.009025096 0.03287208 0.149818 6.204e-4 0.03287208 0.149818 6.204e-4 0.02561461 0.156139 -0.006366372 0.02292335 0.156139 -0.0128957 0.0187546 0.156139 -0.01850247 0.01339262 0.156139 -0.02280473 0.007023394 0.156139 -0.02550929 0 0.156006 -0.02652204 0.008629381 0.148896 0.03111582 0.007023394 0.1553339 0.02550256 0 0.148939 0.03237169 0 0.155335 0.02642649 0.01339262 0.1553969 0.02289772 0.02412652 0.148528 0.0231657 0.02816915 0.146242 0.02071493 0.0229234 0.155772 0.01358991 0.02561461 0.1559669 0.007372438 0.02653688 0.156095 5.694e-4 0.02653688 0.156095 5.694e-4 0.01724529 0.160977 -0.006627917 0.01328665 0.1609799 -0.0128957 0.007205486 0.1609799 -0.0168941 0 0.1609799 -0.01850247 0 0.1604149 0.01887869 0.007205486 0.160426 0.0172882 0.01875466 0.155561 0.01885771 0.01328665 0.1605449 0.01348119 0.01724529 0.1607429 0.007524788 0.01883727 0.160907 5.232e-4 0.01883727 0.160907 5.232e-4 0.01053935 0.16361 -0.0037781 0.008128583 0.163632 -0.007527709 0 0.1649489 5.517e-4 0.004383087 0.1636329 -0.00993818 0.001278281 0.164565 -0.002507567 0 0.1636329 -0.0109086 0 0.1633139 0.01167905 0.004383087 0.163318 0.0107153 0 0.1649489 5.517e-4 0.008128583 0.16337 0.008385598 0.01053947 0.1634629 0.004750192 0.01150745 0.1635519 5.11e-4 0.01150745 0.1635519 5.11e-4 0 0.101667 6.404e-4 0 0.101667 6.404e-4 0.006696522 0.110071 0.02630949 0 0.10961 0.02666038 0.006135702 0.107996 0.02291125 0 0.108121 0.02323037 0.01393842 0.111182 0.02466446 0.01253789 0.108993 0.02193611 0.01949149 0.114184 0.02375602 0.0200228 0.112933 0.02242141 0.01936089 0.111109 0.02032452 0.03257745 0.123432 0.01707559 0.03268861 0.124097 0.01740378 0 0.116269 0.03349363 0 0.127956 0.002388656 0.008533 0.11671 0.03246486 0.008506476 0.1279749 0.002604544 0.01672476 0.117847 0.0298382 0.01684296 0.127879 0.004604399 0.02673333 0.120261 0.02345627 0.02197998 0.118884 0.02696228 0.02334797 0.1275629 0.006978571 0.02370506 0.118248 0.005609691 0.02509367 0.1164129 0.02077335 0.02917701 0.119129 0.01809161 0.007850766 0.113926 3.692e-4 0 0.113872 -2.6e-5 0.01676917 0.115716 0.002473354 0.007194459 0.111508 0.02732759 0 0.111055 0.02798128 0.01388382 0.112754 0.02578258 0.01949149 0.114184 0.02375602 0.0356068 0.127332 0.0133959 0.03257745 0.123432 0.01707559 0.01388382 0.112754 0.02578258 0.007194459 0.111508 0.02732759 0 0.111055 0.02798128 0 0.116269 0.03349363 0.008533 0.11671 0.03246486 0.01672476 0.117847 0.0298382 0.02703994 0.121579 0.02415388 0.0224983 0.120571 0.02783805 0.02673333 0.120261 0.02345627 0.02197998 0.118884 0.02696228 0.0298646 0.122798 0.009929776 0.02715975 0.114033 0.01476258 0.0217455 0.110878 0.01522046 0.03258216 0.121114 0.01508629 0.01564782 0.1342499 0.03463298 0.03046065 0.122774 0.02043837 0.03194528 0.134723 0.0212689 0.03004038 0.121523 0.02014559 0.03004038 0.121523 0.02014559 0.03202736 0.121864 0.01597028 0.03202736 0.121864 0.01597028 -0.02095478 0.108982 -0.004395246 -0.01896649 0.108478 -0.009923994 -0.01260507 0.106335 -0.006920278 -0.01610958 0.108399 -0.01467168 -0.01148998 0.108399 -0.01831459 -0.007333934 0.106335 -0.01245498 -0.005963802 0.108399 -0.02060467 0 0.108399 -0.02138578 0 0.106335 -0.01448088 0 0.106481 0.01852065 -0.008459568 0.10697 0.0177682 0 0.106335 0.01576185 -0.007318913 0.106335 0.01373589 -0.01626133 0.108703 0.0160619 -0.01260238 0.106335 0.008201062 -0.02105849 0.109156 0.007828295 -0.0217356 0.108982 6.404e-4 -0.01454228 0.106335 6.404e-4 -0.01454228 0.106335 6.404e-4 -0.0217356 0.108982 6.404e-4 -0.02868658 0.113744 -0.007030487 -0.02611267 0.113934 -0.01443099 -0.02155387 0.113935 -0.02078807 -0.01537615 0.113935 -0.0256645 -0.007983148 0.113937 -0.02873647 0 0.113937 -0.02978229 -0.02868658 0.113744 0.008580565 -0.02962857 0.113795 6.404e-4 -0.02962857 0.113795 6.404e-4 -0.03389668 0.120443 -0.008527398 -0.0304203 0.120446 -0.01707428 -0.02497285 0.12045 -0.02441978 -0.01775759 0.120454 -0.03006118 -0.009223699 0.120457 -0.0336104 0 0.120459 -0.03482145 -0.03392535 0.1203449 0.009515881 -0.03509789 0.120443 6.404e-4 -0.03509789 0.120443 6.404e-4 -0.03709727 0.1274639 -0.009242653 -0.03318738 0.127469 -0.01845651 -0.02699309 0.127476 -0.02637517 -0.01914489 0.1274819 -0.03245717 -0.009946286 0.127487 -0.03628355 0 0.127489 -0.03758925 0 0.118787 0.03566479 0 0.127084 0.03831249 -0.008964896 0.118969 0.03440469 -0.009946286 0.127081 0.03692889 -0.01746743 0.119812 0.03100866 -0.0189647 0.127029 0.03293198 -0.03043919 0.118365 0.01668822 -0.02598977 0.115529 0.01942121 -0.02917701 0.119129 0.01809161 -0.02509367 0.116501 0.02077335 -0.03683388 0.12713 0.01007878 -0.03838807 0.1274629 6.404e-4 -0.03838807 0.1274629 6.404e-4 -0.0377894 0.134837 -0.009351372 -0.03372728 0.13484 -0.01866453 -0.02730679 0.134844 -0.02666527 -0.01934987 0.134849 -0.03280729 -0.01005178 0.1348519 -0.0366699 0 0.1348519 -0.03798609 0 0.134227 0.03826719 -0.01005178 0.134227 0.03695106 -0.01745569 0.13164 0.03411245 -0.024396 0.1383799 0.02855134 -0.01931625 0.13005 0.0329355 -0.02349179 0.128566 0.03024858 -0.02731204 0.12918 0.02716612 -0.0305444 0.13119 0.02399843 -0.0356068 0.127332 0.0133959 -0.03346157 0.134588 0.01952558 -0.03742337 0.134819 0.01051378 -0.03909778 0.134837 6.404e-4 -0.03909778 0.134837 6.404e-4 -0.03598475 0.1424829 -0.008930981 -0.03212189 0.1424829 -0.01785022 -0.02608382 0.1424829 -0.02550929 -0.01853013 0.1424829 -0.03138631 -0.009623348 0.1424829 -0.03508079 0 0.1424829 -0.03634089 0 0.141671 0.03632116 -0.009623348 0.141671 0.03506153 -0.01476311 0.137546 0.03431242 -0.01452052 0.14144 0.03324896 -0.03229308 0.138414 0.02017188 -0.0311129 0.1422979 0.01984006 -0.03212189 0.1422359 0.01873499 -0.03589129 0.142423 0.01011478 -0.03723859 0.1424829 6.404e-4 -0.03723859 0.1424829 6.404e-4 -0.03174585 0.1498299 -0.007941067 -0.02837193 0.1498299 -0.01593786 -0.02317458 0.1498299 -0.02280473 -0.01654618 0.1498299 -0.0280739 -0.008629381 0.1498299 -0.03138631 0 0.149697 -0.03260648 -0.009126365 0.145361 0.03339123 -0.01557338 0.144878 0.03123885 -0.01726377 0.14745 0.02892422 -0.01654618 0.1490219 0.02806162 -0.02037101 0.148675 0.02608072 -0.02837193 0.149491 0.01667588 -0.03174585 0.149707 0.009025096 -0.03287208 0.149818 6.204e-4 -0.03287208 0.149818 6.204e-4 -0.02561461 0.156139 -0.006366372 -0.02292335 0.156139 -0.0128957 -0.0187546 0.156139 -0.01850247 -0.01339262 0.156139 -0.02280473 -0.007023394 0.156139 -0.02550929 0 0.156006 -0.02652204 0 0.155335 0.02642649 -0.007023394 0.1553339 0.02550256 0 0.148939 0.03237169 -0.008629381 0.148896 0.03111582 -0.01339262 0.1553969 0.02289772 -0.02816915 0.146242 0.02071493 -0.02412652 0.148528 0.0231657 -0.0229234 0.155772 0.01358991 -0.02561461 0.1559669 0.007372438 -0.02653688 0.156095 5.694e-4 -0.02653688 0.156095 5.694e-4 -0.01724529 0.160977 -0.006627917 -0.01328665 0.1609799 -0.0128957 -0.007205486 0.1609799 -0.0168941 0 0.1609799 -0.01850247 0 0.1604149 0.01887869 -0.007205486 0.160426 0.0172882 -0.01328665 0.1605449 0.01348119 -0.01875466 0.155561 0.01885771 -0.01724529 0.1607429 0.007524788 -0.01883727 0.160907 5.232e-4 -0.01883727 0.160907 5.232e-4 -0.01053935 0.16361 -0.0037781 0 0.1649489 5.517e-4 -0.008128583 0.163632 -0.007527709 -0.001278281 0.164565 -0.002507567 -0.004383087 0.1636329 -0.00993818 0 0.1636329 -0.0109086 0 0.1633139 0.01167905 0 0.1649489 5.517e-4 -0.004383087 0.163318 0.0107153 -0.008128583 0.16337 0.008385598 -0.01053947 0.1634629 0.004750192 -0.01150745 0.1635519 5.11e-4 -0.01150745 0.1635519 5.11e-4 0 0.101667 6.404e-4 0 0.101667 6.404e-4 -0.006696522 0.110071 0.02630949 -0.006135702 0.107996 0.02291125 0 0.10961 0.02666038 0 0.108121 0.02323037 -0.01393842 0.111182 0.02466446 -0.01253789 0.108993 0.02193611 -0.0200228 0.113021 0.02242141 -0.01949149 0.1142719 0.02375602 -0.01936089 0.111109 0.02032452 -0.03257745 0.123432 0.01707559 -0.03268861 0.124097 0.01740378 -0.008506476 0.1279749 0.002604544 0 0.127956 0.002388656 -0.008533 0.11671 0.03246486 0 0.116269 0.03349363 -0.01684296 0.127879 0.004604399 -0.01672476 0.117992 0.0298382 -0.02673333 0.120261 0.02345627 -0.02334797 0.1275629 0.006978571 -0.02197998 0.119103 0.02696228 -0.02370506 0.118248 0.005609691 -0.02917701 0.119129 0.01809161 -0.02509367 0.116501 0.02077335 -0.007850766 0.113926 3.692e-4 0 0.113872 -2.6e-5 -0.01676917 0.115716 0.002473354 0 0.111055 0.02798128 -0.007194459 0.111508 0.02732759 -0.01388382 0.112754 0.02578258 -0.01949149 0.1142719 0.02375602 -0.03257745 0.123432 0.01707559 -0.0356068 0.127332 0.0133959 -0.01388382 0.112754 0.02578258 -0.007194459 0.111508 0.02732759 0 0.111055 0.02798128 0 0.116269 0.03349363 -0.008533 0.11671 0.03246486 -0.01672476 0.117992 0.0298382 -0.02197998 0.119103 0.02696228 -0.0224983 0.12079 0.02783805 -0.02673333 0.120261 0.02345627 -0.02703994 0.121579 0.02415388 -0.0298646 0.122798 0.009929776 -0.02715975 0.114033 0.01476258 -0.0217455 0.110878 0.01522046 -0.03258216 0.121114 0.01508629 -0.01564782 0.1342499 0.03463298 -0.03046065 0.122774 0.02043837 -0.03194528 0.134723 0.0212689 -0.03004038 0.121523 0.02014559 -0.03004038 0.121523 0.02014559 -0.03202736 0.121864 0.01597028 -0.03202736 0.121864 0.01597028 0.107936 0.102138 0.004165649 0.108065 0.09524226 0.005213499 0.11352 0.102563 0.005213022 0.113508 0.09398639 0.006576478 0.1402029 0.09524506 0.01883023 0.136345 0.09731769 0.01602226 0.138584 0.09216696 0.02055233 0.133138 0.09414899 0.01678806 0.1583539 0.08149498 0.02309983 0.159799 0.08394867 0.0241549 0.148168 0.08569276 0.02273809 0.148027 0.08845776 0.02400237 0.113522 0.103268 6.062e-4 0.1240389 0.102768 0.001349031 0.113522 0.101842 -0.003693938 0.122689 0.09981167 -0.007306993 0.119482 0.08993279 0.0081743 0.129755 0.08885037 0.01218307 0.119795 0.09454834 0.01037025 0.122771 0.102259 0.008152484 0.11352 0.102563 0.005213022 0.140155 0.104768 0.01285851 0.142709 0.1001729 0.01671338 0.145631 0.105639 0.01412296 0.113508 0.09398639 0.006576478 0.108065 0.09524226 0.005213499 0.113504 0.09210008 0.001590073 0.108065 0.09304118 0.001194596 0.107936 0.101353 -0.003656387 0.113522 0.101842 -0.003693938 0.108065 0.09474319 -0.003253877 0.113516 0.09354364 -0.003108799 0.1414369 0.103487 -0.001516342 0.146587 0.103893 -0.001566588 0.147015 0.0996297 -0.005305767 0.107936 0.102934 4.199e-4 0.113522 0.103268 6.062e-4 0.1465049 0.1059229 0.006949484 0.140812 0.105107 0.006188333 0.1462569 0.102513 0.01047176 0.1462839 0.100811 0.002625226 0.14456 0.09540045 -0.01078701 0.1292189 0.09308958 -0.009494483 0.113504 0.09210008 0.001590073 0.113516 0.09354364 -0.003108799 0.117949 0.09014308 8.938e-4 0.118426 0.09272128 -0.005874097 0.113516 0.09354364 -0.003108799 0.118426 0.09272128 -0.005874097 0.1599659 0.08344638 0.02003109 0.160624 0.08672589 0.0224139 0.1618019 0.08361518 0.02156519 0.149698 0.08767539 0.01884657 0.149922 0.09031355 0.02243566 0.148168 0.08569276 0.02273809 0.1583539 0.08149498 0.02309983 0.147785 0.09380179 -0.004907906 0.133974 0.09441125 0.001663327 0.1292189 0.09308958 -0.009494483 0.1440039 0.09538358 0.01363188 0.1486089 0.09653818 0.01357793 0.142709 0.1001729 0.01671338 0.1462759 0.0952422 0.01058828 0.147583 0.09425956 0.003412783 0.14987 0.09571278 0.006886065 0.14456 0.09540045 -0.01078701 0.149554 0.09232956 -0.008973598 0.148038 0.101814 0.0105161 0.148384 0.105009 0.00760591 0.147174 0.102046 0.01733338 0.147979 0.104448 0.01427197 0.119482 0.08993279 0.0081743 0.129755 0.08885037 0.01218307 0.147583 0.09425956 0.003412783 0.149313 0.09928005 0.002210021 0.1636 0.09884619 -0.005640566 0.1618909 0.09549635 -0.008137285 0.171043 0.09366297 -0.005141973 0.169709 0.09087568 -0.007669985 0.150009 0.09700679 -0.005593061 0.1485149 0.09883868 -0.009012043 0.1456969 0.1001369 -0.008996784 0.148359 0.09577238 -0.01144725 0.14456 0.09540045 -0.01078701 0.148359 0.09577238 -0.01144725 0.150009 0.09700679 -0.005593061 0.162445 0.09760415 -0.01098096 0.1698319 0.09271645 -0.01040345 0.163478 0.101308 -0.009327054 0.1706579 0.09577488 -0.008611798 0.162445 0.09760415 -0.01098096 0.1698319 0.09271645 -0.01040345 0.147785 0.09380179 -0.004907906 0.171043 0.09366297 -0.005141973 0.1636 0.09884619 -0.005640566 0.1486359 0.102099 -0.00125432 0.148965 0.0986585 -0.004326522 0.149969 0.09528797 -4.313e-4 0.149313 0.09928005 0.002210021 0.148965 0.0986585 -0.004326522 0.1861079 0.09046649 0.001061618 0.1845239 0.09344279 0.004279375 0.183483 0.09041196 0.001671195 0.1488649 0.100896 0.003732383 0.148038 0.101814 0.0105161 0.16732 0.101356 0.007424712 0.1462759 0.0952422 0.01058828 0.1488649 0.100896 0.003732383 0.184417 0.09817057 0.01608109 0.1832259 0.100617 0.01409178 0.1851249 0.100121 0.01695269 0.147174 0.102046 0.01733338 0.148045 0.103504 0.01061469 0.1823689 0.09968858 0.01835185 0.148045 0.103504 0.01061469 0.138002 0.09131646 0.01253443 0.13709 0.08849948 0.01875108 0.1655279 0.09883689 5.184e-4 0.165829 0.102854 0.003481984 0.165248 0.102272 -0.002592921 0.1637629 0.105754 0.01251596 0.1636829 0.107084 0.01612639 0.1630409 0.104368 0.01788759 0.1653479 0.101454 0.01446759 0.1630409 0.104368 0.01788759 0.1637629 0.105754 0.01251596 0.165565 0.104564 0.01144462 0.166085 0.105443 0.005710244 0.1759049 0.102521 0.006429374 0.174786 0.09911346 0.008001089 0.166085 0.105443 0.005710244 0.165476 0.107303 0.009007751 0.165565 0.104564 0.01144462 0.1751289 0.101786 0.01335376 0.174767 0.102662 0.0159884 0.182796 0.101168 0.01610589 0.1823689 0.09968858 0.01835185 0.1851249 0.100121 0.01695269 0.1741989 0.100673 0.01804715 0.1741729 0.09848254 0.01502388 0.1751289 0.101786 0.01335376 0.174744 0.101704 0.01157975 0.175677 0.10384 0.009418845 0.1759049 0.102521 0.006429374 0.174744 0.101704 0.01157975 0.165944 0.104322 2.013e-4 0.174597 0.09909808 6.287e-4 0.165248 0.102272 -0.002592921 0.173969 0.09719556 -0.0019719 0.174495 0.09764236 0.003738403 0.165829 0.102854 0.003481984 0.174495 0.09764236 0.003738403 0.174308 0.09385585 9.608e-4 0.173969 0.09719556 -0.0019719 0.149922 0.09031355 0.02243566 0.160624 0.08672589 0.0224139 0.113508 0.09398639 0.006576478 0.113508 0.09398639 0.006576478 0.1407989 0.09072965 0.0142911 0.136345 0.09731769 0.01602226 0.1402029 0.09524506 0.01883023 0.138002 0.09131646 0.01253443 0.1402029 0.09524506 0.01883023 0.138584 0.09216696 0.02055233 0.1402029 0.09524506 0.01883023 0.13709 0.08849948 0.01875108 0.136345 0.09731769 0.01602226 0.06242018 0.100773 2.72e-5 0.06241935 0.09932267 0.00266093 0.07156956 0.100172 -1.67e-5 0.07157146 0.09897267 0.0024634 0.0624237 0.09909689 -0.003633081 0.07157039 0.09862679 -0.003039658 0.06236881 0.09626305 -0.004470944 0.07134538 0.09531146 -0.003727138 0.06237083 0.09301358 -2.84e-5 0.07135438 0.09265476 9.15e-5 0.07135719 0.095146 0.00334239 0.06235581 0.09604668 0.003695785 0.178191 0.08978569 -0.004964411 0.175897 0.08843296 -0.007426798 0.17778 0.08747339 -0.007540166 0.176424 0.08932429 -0.00988686 0.179726 0.08826166 -0.00846976 0.176424 0.08932429 -0.00988686 0.178454 0.09073877 -0.008235156 0.179726 0.08826166 -0.00846976 0.1843029 0.09302097 -0.001007795 0.188206 0.09278076 0.001163721 0.1843029 0.09302097 -0.001007795 0.184714 0.09483009 0.001364707 0.188206 0.09278076 0.001163721 0.186434 0.09903758 0.009427189 0.184701 0.100573 0.01198554 0.1841289 0.09816956 0.009008049 0.184823 0.101793 0.007114589 0.18744 0.101627 0.009640872 0.1849319 0.102905 0.0095734 0.18744 0.101627 0.009640872 0.184823 0.101793 0.007114589 0.184701 0.100573 0.01198554 0.1623719 0.08292716 0.02367442 0.1623719 0.08292716 0.02367442 0.182334 0.09754925 0.01570951 0.1832259 0.100617 0.01409178 0.178191 0.08978569 -0.004964411 0.1845239 0.09344279 0.004279375 0.13709 0.08849948 0.01875108 0.03519153 0.09660786 0.003703296 0.03519421 0.100556 0.002662897 0.0194047 0.09740597 0.003625929 0.01945292 0.100782 0.002362728 0.03518939 0.0936383 -1.486e-4 0.03519153 0.09660786 0.003703296 0.0194689 0.09484618 -7.7e-6 0.0194047 0.09740597 0.003625929 0.008031249 0.09977608 3.243e-4 0.009512484 0.09905469 -0.003878951 0.009341657 0.09304136 2.539e-4 0.03519189 0.09678399 -0.004094362 0.01942968 0.09780365 -0.00311923 0.03519451 0.100662 -0.003260493 0.01945143 0.10066 -0.002384245 0.03519499 0.101899 1.06e-5 0.01947015 0.101727 1.597e-4 0.009512543 0.09852069 0.004540324 0.009581387 0.102195 0.003195822 0.009341657 0.09304136 2.539e-4 0.009512543 0.09852069 0.004540324 0.008031249 0.09977608 3.243e-4 0.009581387 0.102096 -0.003332614 0.009581148 0.103331 1.493e-4 0.07135719 0.095146 0.00334239 0.06235581 0.09604668 0.003695785 0.05898398 0.09966468 -0.003842175 0.05443471 0.09941136 -0.002912819 0.05898612 0.101493 -3.685e-4 0.05443471 0.100458 -2.68e-5 0.05899041 0.09982794 0.002472341 0.05444478 0.09926748 0.002318084 0.05889683 0.09701764 0.003643333 0.05443537 0.09669756 0.003038287 0.05890965 0.09352046 -5.3e-4 0.05889683 0.09701764 0.003643333 0.05443549 0.09427106 -2.33e-4 0.05443537 0.09669756 0.003038287 0.05443549 0.09684765 -0.003493309 0.0589118 0.09727579 -0.004810929 0.09530097 0.102038 -2.898e-4 0.09530907 0.100654 0.005040109 0.09530276 0.100217 -0.005258381 0.09690266 0.09297585 0.00573039 0.09690266 0.09297585 0.00573039 0.09713917 0.09029346 7.327e-4 0.09689956 0.09241336 -0.004912078 0.01522582 0.09814006 0.004829168 0.01524007 0.0987218 -0.004226386 0.01496994 0.09471738 3.883e-4 0.01544743 0.102198 -0.003780782 0.01545798 0.103628 1.224e-4 0.01544839 0.102333 0.00352329 0.01522582 0.09814006 0.004829168 0.01496994 0.09471738 3.883e-4 0.0194047 0.09740597 0.003625929 0.1741989 0.100673 0.01804715 0.142466 0.100008 -0.008778154 0.142466 0.100008 -0.008778154 0.1414369 0.103487 -0.001516342 0.140812 0.105107 0.006188333 0.140155 0.104768 0.01285851 0.136345 0.09731769 0.01602226 -0.008232474 0.01152193 0.008463978 -0.01122432 0.006377816 0.00824809 -0.01137274 0.01217603 0.005919635 -0.002420783 0.02579236 0.004767477 -0.004913032 0.01962077 0.006627142 -0.005100727 0.02598541 0.003209829 -0.005100727 0.02598541 0.003209829 -0.004913032 0.01962077 0.006627142 -0.005773425 0.02606123 0.005158126 -0.008482694 0.0240522 0.007609069 -0.007074773 0.02590656 0.005011141 -0.008506953 0.02012318 0.005861282 -0.01023775 0.02022922 0.008337855 -0.01325017 0.01963526 0.006552696 -0.007074773 0.02590656 0.005011141 -0.008482694 0.0240522 0.007609069 -0.01173615 0.02000951 0.008762598 -0.002692878 0.03519701 0.00160706 -0.001252233 0.03519701 0.002411127 -0.002420783 0.02579236 0.004767477 -0.001252233 0.03519701 0.002411127 -0.001173198 0.03519701 0.001302838 -0.00224477 0.02601748 0.002634108 -0.005296349 0.01975417 0.008885979 -0.009440362 0.02034848 0.01112157 -0.008232474 0.01152193 0.008463978 -0.01227009 0.01229172 0.01080119 -0.005296349 0.01975417 0.008885979 -0.008506953 0.02012318 0.005861282 -0.005773425 0.02606123 0.005158126 -0.007074773 0.02590656 0.005011141 -0.01137274 0.01217603 0.005919635 -0.0133444 0.01223051 0.008217871 -0.01561743 0.01539069 0.007038593 -0.01478666 0.0156635 0.00930345 -4.135e-4 0.01934856 0.003963053 -0.01122432 0.006377816 0.00824809 -0.01540392 0.007537484 0.01044958 -0.01981651 0.01289147 0.01168471 -0.01659405 0.01597005 0.01184916 -0.01811915 0.01693212 0.01033926 -0.02233099 0.01380479 0.01017963 -0.01923239 0.0126968 0.00681889 -0.0177012 0.01232427 0.009127259 -0.01770758 0.01668792 0.008311867 -0.01561743 0.01539069 0.007038593 -0.01923239 0.0126968 0.00681889 -0.02193135 0.01362133 0.008113145 0.004497766 0.01208239 -0.002231836 0.006200373 0.01288229 -0.006100535 0.007188141 0.007598996 -0.004441857 0.008869767 0.008593142 -0.008272588 0.005250692 0.02610158 0.001238465 0.003003299 0.02027064 -0.004034161 0.001968622 0.02601766 -0.003188252 0.0012362 0.01980149 -7.8e-5 0.004497766 0.01208239 -0.002231836 0.005828142 0.02036672 1.708e-4 0.008993744 0.01291471 -0.002252161 -1.12e-5 0.0260728 -0.002575397 0.001968622 0.02601766 -0.003188252 0.003003299 0.02027064 -0.004034161 0.005828142 0.02036672 1.708e-4 0.008993744 0.01291471 -0.002252161 0.003003299 0.02027064 -0.004034161 0.006200373 0.01288229 -0.006100535 0.0012362 0.01980149 -7.8e-5 0.007188141 0.007598996 -0.004441857 0.01135045 0.008919954 -0.004309654 0.01135045 0.008919954 -0.004309654 0.008869767 0.008593142 -0.008272588 -1.12e-5 0.0260728 -0.002575397 0.0012362 0.01980149 -7.8e-5 5.6e-4 0.02616548 0.001421511 0.007354438 0.106335 -0.01245498 0.01277375 0.106335 -0.006920278 0.007210493 0.104032 -0.007007658 0.007910668 0.103989 0.008100986 0.007346928 0.106335 0.01373589 0.003932774 0.104023 0.01049029 0.0126881 0.106335 0.008201062 0.007910668 0.103989 0.008100986 0.01030153 0.10396 0.005763173 0.01474994 0.106335 6.404e-4 0.01118803 0.104032 6.561e-4 -0.007374823 0.106335 -0.01245498 0 0.106335 -0.01448088 -3.664e-4 0.104032 -0.01076161 -0.007346928 0.106335 0.01373589 -0.008122086 0.104032 0.008320093 -6.696e-4 0.104018 0.01150429 -0.01464605 0.106335 6.404e-4 -0.01192092 0.104031 6.561e-4 -0.0126881 0.106335 0.008201062 -0.01277375 0.106335 -0.006920278 -0.008122086 0.104032 -0.007007658 0.01128739 0.09603857 0.007180213 0.008807599 0.09609174 0.01017671 0.008199691 0.09622049 -0.008203685 0.01264387 0.09623146 8.003e-4 -1.704e-4 0.09619939 -0.01261609 -0.0090456 0.09622406 -0.008203446 -0.01291525 0.09624356 8.002e-4 -0.009045481 0.09622609 0.009559273 0.007722496 0.09615349 0.009160459 0.003974795 0.09621989 0.01214647 0.007722496 0.09615349 0.009160459 0 0.106335 0.01576185 -0.001234412 0.09622287 0.01301777 0.007995069 0.07207757 0.006861805 0.004146099 0.0721063 0.009817957 0.0055601 0.05929791 0.006614804 0.01104569 0.003707528 -0.007084429 0.01265859 0.004501283 -0.01041096 0.01423841 2.336e-4 -0.008574843 0.01265859 0.004501283 -0.01041096 0.01436388 0.0051229 -0.006970286 0.01423841 2.336e-4 -0.008574843 0.01436388 0.0051229 -0.006970286 0.01104569 0.003707528 -0.007084429 0.01423841 2.336e-4 -0.008574843 0.0126881 0.106335 0.008201062 0.01200467 0.08456605 8.597e-4 8.84e-5 0.08459305 -0.01221156 -0.008503973 0.0845769 -0.007912397 -0.01187741 0.08455926 8.598e-4 -0.008503198 0.08456957 0.009265363 -0.001692295 0.08460175 0.01227831 0.003028035 0.0846135 0.0117973 0.006133317 0.08458119 0.009003281 0.007318079 0.08458626 0.01046717 0.006133317 0.08458119 0.009003281 0.01027351 0.08442717 0.007567167 0.009959042 0.07207959 7.623e-4 -0.007005453 0.07207757 0.007711768 -0.002108395 0.07207608 0.009569585 0.001217663 0.0720694 0.009614586 0.002795994 0.07209706 0.007823288 0.002795994 0.07209706 0.007823288 -0.113508 0.09398639 0.006576478 -0.108065 0.09524226 0.005213499 -0.11352 0.102563 0.005213022 -0.107936 0.102138 0.004165649 -0.133138 0.09414899 0.01678806 -0.136345 0.09731769 0.01602226 -0.138584 0.09216696 0.02055233 -0.1402029 0.09524506 0.01883023 -0.148027 0.08845776 0.02400237 -0.159799 0.08394867 0.0241549 -0.148168 0.08569276 0.02273809 -0.1583539 0.08149498 0.02309983 -0.122689 0.09981167 -0.007306993 -0.1240389 0.102768 0.001349031 -0.113522 0.101842 -0.003693938 -0.113522 0.103268 6.062e-4 -0.129755 0.08885037 0.01218307 -0.119795 0.09454834 0.01037025 -0.119482 0.08993279 0.0081743 -0.11352 0.102563 0.005213022 -0.122771 0.102259 0.008152484 -0.140155 0.104768 0.01285851 -0.145631 0.105639 0.01412296 -0.142709 0.1001729 0.01671338 -0.108065 0.09304118 0.001194596 -0.108065 0.09524226 0.005213499 -0.113504 0.09210008 0.001590073 -0.113508 0.09398639 0.006576478 -0.107936 0.101353 -0.003656387 -0.108065 0.09474319 -0.003253877 -0.113522 0.101842 -0.003693938 -0.113516 0.09354364 -0.003108799 -0.1414369 0.103487 -0.001516342 -0.147015 0.0996297 -0.005305767 -0.146587 0.103893 -0.001566588 -0.113522 0.103268 6.062e-4 -0.107936 0.102934 4.199e-4 -0.1465049 0.1059229 0.006949484 -0.1462569 0.102513 0.01047176 -0.140812 0.105107 0.006188333 -0.1462839 0.100811 0.002625226 -0.14456 0.09540045 -0.01078701 -0.1292189 0.09308958 -0.009494483 -0.118426 0.09272128 -0.005874097 -0.113516 0.09354364 -0.003108799 -0.117949 0.09014308 8.938e-4 -0.113504 0.09210008 0.001590073 -0.118426 0.09272128 -0.005874097 -0.113516 0.09354364 -0.003108799 -0.1599659 0.08344638 0.02003109 -0.1618019 0.08361518 0.02156519 -0.160624 0.08672589 0.0224139 -0.149698 0.08767539 0.01884657 -0.149922 0.09031355 0.02243566 -0.1583539 0.08149498 0.02309983 -0.148168 0.08569276 0.02273809 -0.147785 0.09380179 -0.004907906 -0.1292189 0.09308958 -0.009494483 -0.133974 0.09441125 0.001663327 -0.1440039 0.09538358 0.01363188 -0.142709 0.1001729 0.01671338 -0.1486089 0.09653818 0.01357793 -0.1462759 0.0952422 0.01058828 -0.14987 0.09571278 0.006886065 -0.147583 0.09425956 0.003412783 -0.14456 0.09540045 -0.01078701 -0.149554 0.09232956 -0.008973598 -0.148384 0.105009 0.00760591 -0.148038 0.101814 0.0105161 -0.147174 0.102046 0.01733338 -0.147979 0.104448 0.01427197 -0.119482 0.08993279 0.0081743 -0.129755 0.08885037 0.01218307 -0.149313 0.09928005 0.002210021 -0.147583 0.09425956 0.003412783 -0.169709 0.09087568 -0.007669985 -0.1618909 0.09549635 -0.008137285 -0.171043 0.09366297 -0.005141973 -0.1636 0.09884619 -0.005640566 -0.1456969 0.1001369 -0.008996784 -0.1485149 0.09883868 -0.009012043 -0.150009 0.09700679 -0.005593061 -0.148359 0.09577238 -0.01144725 -0.14456 0.09540045 -0.01078701 -0.148359 0.09577238 -0.01144725 -0.150009 0.09700679 -0.005593061 -0.1698319 0.09271645 -0.01040345 -0.162445 0.09760415 -0.01098096 -0.1698319 0.09271645 -0.01040345 -0.1706579 0.09577488 -0.008611798 -0.162445 0.09760415 -0.01098096 -0.163478 0.101308 -0.009327054 -0.147785 0.09380179 -0.004907906 -0.1636 0.09884619 -0.005640566 -0.171043 0.09366297 -0.005141973 -0.148965 0.0986585 -0.004326522 -0.1486359 0.102099 -0.00125432 -0.149969 0.09528797 -4.313e-4 -0.149313 0.09928005 0.002210021 -0.148965 0.0986585 -0.004326522 -0.1861079 0.09046649 0.001061618 -0.183483 0.09041196 0.001671195 -0.1845239 0.09344279 0.004279375 -0.1488649 0.100896 0.003732383 -0.148038 0.101814 0.0105161 -0.16732 0.101356 0.007424712 -0.1462759 0.0952422 0.01058828 -0.1488649 0.100896 0.003732383 -0.184417 0.09817057 0.01608109 -0.1851249 0.100121 0.01695269 -0.1832259 0.100617 0.01409178 -0.147174 0.102046 0.01733338 -0.148045 0.103504 0.01061469 -0.1823689 0.09968858 0.01835185 -0.148045 0.103504 0.01061469 -0.13709 0.08849948 0.01875108 -0.138002 0.09131646 0.01253443 -0.165829 0.102854 0.003481984 -0.1655279 0.09883689 5.184e-4 -0.165248 0.102272 -0.002592921 -0.1636829 0.107084 0.01612639 -0.1637629 0.105754 0.01251596 -0.1630409 0.104368 0.01788759 -0.1653479 0.101454 0.01446759 -0.1630409 0.104368 0.01788759 -0.1637629 0.105754 0.01251596 -0.165565 0.104564 0.01144462 -0.166085 0.105443 0.005710244 -0.174786 0.09911346 0.008001089 -0.1759049 0.102521 0.006429374 -0.165476 0.107303 0.009007751 -0.166085 0.105443 0.005710244 -0.165565 0.104564 0.01144462 -0.1751289 0.101786 0.01335376 -0.174767 0.102662 0.0159884 -0.182796 0.101168 0.01610589 -0.1851249 0.100121 0.01695269 -0.1823689 0.09968858 0.01835185 -0.1741729 0.09848254 0.01502388 -0.1741989 0.100673 0.01804715 -0.1751289 0.101786 0.01335376 -0.174744 0.101704 0.01157975 -0.1759049 0.102521 0.006429374 -0.175677 0.10384 0.009418845 -0.174744 0.101704 0.01157975 -0.173969 0.09719556 -0.0019719 -0.174597 0.09909808 6.287e-4 -0.165248 0.102272 -0.002592921 -0.165944 0.104322 2.013e-4 -0.165829 0.102854 0.003481984 -0.174495 0.09764236 0.003738403 -0.174308 0.09385585 9.608e-4 -0.174495 0.09764236 0.003738403 -0.173969 0.09719556 -0.0019719 -0.160624 0.08672589 0.0224139 -0.149922 0.09031355 0.02243566 -0.113508 0.09398639 0.006576478 -0.113508 0.09398639 0.006576478 -0.1407989 0.09072965 0.0142911 -0.136345 0.09731769 0.01602226 -0.138002 0.09131646 0.01253443 -0.1402029 0.09524506 0.01883023 -0.1402029 0.09524506 0.01883023 -0.1402029 0.09524506 0.01883023 -0.138584 0.09216696 0.02055233 -0.13709 0.08849948 0.01875108 -0.136345 0.09731769 0.01602226 -0.06242018 0.100773 2.72e-5 -0.07156956 0.100172 -1.67e-5 -0.06241935 0.09932267 0.00266093 -0.07157146 0.09897267 0.0024634 -0.0624237 0.09909689 -0.003633081 -0.07157039 0.09862679 -0.003039658 -0.06236881 0.09626305 -0.004470944 -0.07134538 0.09531146 -0.003727138 -0.06237083 0.09301358 -2.84e-5 -0.07135438 0.09265476 9.15e-5 -0.06235581 0.09604668 0.003695785 -0.07135719 0.095146 0.00334239 -0.178191 0.08978569 -0.004964411 -0.17778 0.08747339 -0.007540166 -0.175897 0.08843296 -0.007426798 -0.179726 0.08826166 -0.00846976 -0.176424 0.08932429 -0.00988686 -0.176424 0.08932429 -0.00988686 -0.179726 0.08826166 -0.00846976 -0.178454 0.09073877 -0.008235156 -0.1843029 0.09302097 -0.001007795 -0.188206 0.09278076 0.001163721 -0.1843029 0.09302097 -0.001007795 -0.188206 0.09278076 0.001163721 -0.184714 0.09483009 0.001364707 -0.186434 0.09903758 0.009427189 -0.1841289 0.09816956 0.009008049 -0.184701 0.100573 0.01198554 -0.184823 0.101793 0.007114589 -0.18744 0.101627 0.009640872 -0.1849319 0.102905 0.0095734 -0.184823 0.101793 0.007114589 -0.18744 0.101627 0.009640872 -0.184701 0.100573 0.01198554 -0.1623719 0.08292716 0.02367442 -0.1623719 0.08292716 0.02367442 -0.182334 0.09754925 0.01570951 -0.1832259 0.100617 0.01409178 -0.178191 0.08978569 -0.004964411 -0.1845239 0.09344279 0.004279375 -0.13709 0.08849948 0.01875108 -0.03519153 0.09660786 0.003703296 -0.0194047 0.09740597 0.003625929 -0.03519421 0.100556 0.002662897 -0.01945292 0.100782 0.002362728 -0.03518939 0.0936383 -1.486e-4 -0.0194689 0.09484618 -7.7e-6 -0.03519153 0.09660786 0.003703296 -0.0194047 0.09740597 0.003625929 -0.008031249 0.09977608 3.243e-4 -0.009341657 0.09304136 2.539e-4 -0.009512484 0.09905469 -0.003878951 -0.01945143 0.10066 -0.002384245 -0.01942968 0.09780365 -0.00311923 -0.03519451 0.100662 -0.003260493 -0.03519189 0.09678399 -0.004094362 -0.01947015 0.101727 1.597e-4 -0.03519499 0.101899 1.06e-5 -0.009512543 0.09852069 0.004540324 -0.009581387 0.102195 0.003195822 -0.009341657 0.09304136 2.539e-4 -0.008031249 0.09977608 3.243e-4 -0.009512543 0.09852069 0.004540324 -0.009581387 0.102096 -0.003332614 -0.009581148 0.103331 1.493e-4 -0.07135719 0.095146 0.00334239 -0.06235581 0.09604668 0.003695785 -0.05443471 0.100458 -2.68e-5 -0.05443471 0.09941136 -0.002912819 -0.05898612 0.101493 -3.685e-4 -0.05898398 0.09966468 -0.003842175 -0.05444478 0.09926748 0.002318084 -0.05899041 0.09982794 0.002472341 -0.05443537 0.09669756 0.003038287 -0.05889683 0.09701764 0.003643333 -0.05890965 0.09352046 -5.3e-4 -0.05443549 0.09427106 -2.33e-4 -0.05889683 0.09701764 0.003643333 -0.05443537 0.09669756 0.003038287 -0.05443549 0.09684765 -0.003493309 -0.0589118 0.09727579 -0.004810929 -0.09530097 0.102038 -2.898e-4 -0.09530907 0.100654 0.005040109 -0.09530276 0.100217 -0.005258381 -0.09690266 0.09297585 0.00573039 -0.09713917 0.09029346 7.327e-4 -0.09690266 0.09297585 0.00573039 -0.09689956 0.09241336 -0.004912078 -0.01522582 0.09814006 0.004829168 -0.01524007 0.0987218 -0.004226386 -0.01496994 0.09471738 3.883e-4 -0.01544743 0.102198 -0.003780782 -0.01545798 0.103628 1.224e-4 -0.01544839 0.102333 0.00352329 -0.01522582 0.09814006 0.004829168 -0.0194047 0.09740597 0.003625929 -0.01496994 0.09471738 3.883e-4 -0.1741989 0.100673 0.01804715 -0.142466 0.100008 -0.008778154 -0.142466 0.100008 -0.008778154 -0.1414369 0.103487 -0.001516342 -0.140812 0.105107 0.006188333 -0.140155 0.104768 0.01285851 -0.136345 0.09731769 0.01602226 -0.01779878 0.116402 0.02310603 -0.01797008 0.113897 0.02099585 -0.01941925 0.114006 0.021016 -0.01779878 0.116402 0.02310603 -0.01868385 0.113284 0.02260458 -0.01723468 0.113176 0.02258443 -0.01941925 0.114006 0.021016 -0.01972198 0.113746 0.02169811 -0.01723468 0.113176 0.02258443 -0.01693195 0.113436 0.02190226 -0.01693195 0.113436 0.02190226 -0.01083755 0.114773 0.02602869 -0.01089787 0.112429 0.02390193 -0.0124756 0.112414 0.02420586 -0.01083755 0.114773 0.02602869 -0.01121968 0.111661 0.02559417 -0.009641885 0.111676 0.02529025 -0.0124756 0.112414 0.02420586 -0.01261043 0.112092 0.02491492 -0.009507 0.111998 0.02458119 -0.009507 0.111998 0.02458119 -0.01428639 0.119189 0.02867645 -0.01496493 0.115573 0.02831089 -0.01626336 0.119116 0.02835905 -0.01528793 0.118558 0.03046816 -0.01496493 0.115573 0.02831089 -0.01331102 0.118631 0.03078556 -0.01294249 0.118863 0.03012615 -0.01663196 0.118884 0.02901858 -0.01626336 0.119116 0.02835905 -0.01294249 0.118863 0.03012615 0.01413452 0.119285 0.02840465 0.01496493 0.115573 0.02831089 0.01294249 0.118863 0.03012615 0.0154398 0.118463 0.03073996 0.01496493 0.115573 0.02831089 0.01663196 0.118884 0.02901858 0.01626336 0.119116 0.02835905 0.01331102 0.118631 0.03078556 0.01294249 0.118863 0.03012615 0.01626336 0.119116 0.02835905 0.01089656 0.112432 0.02389538 0.01083755 0.114773 0.02602869 0.0124756 0.112414 0.02420586 0.01083755 0.114773 0.02602869 0.01122099 0.111658 0.02560079 0.01261043 0.112092 0.02491492 0.009507 0.111998 0.02458119 0.009641885 0.111676 0.02529025 0.0124756 0.112414 0.02420586 0.009507 0.111998 0.02458119 0.01779878 0.116402 0.02310603 0.0179457 0.113918 0.02094113 0.01693195 0.113436 0.02190226 0.01779878 0.116402 0.02310603 0.0187081 0.113263 0.0226593 0.01972198 0.113746 0.02169811 0.01693195 0.113436 0.02190226 0.01723468 0.113176 0.02258443 0.01941925 0.114006 0.021016 0.01941925 0.114006 0.021016 -0.003561317 0.111376 0.02461475 -0.005140483 0.11149 0.02492529 -0.003502309 0.113848 0.02674806 -0.003502309 0.113848 0.02674806 -0.005275249 0.111168 0.02563428 -0.003885746 0.110734 0.02632009 -0.00230664 0.110751 0.02600961 -0.002171874 0.111073 0.02530056 -0.005140483 0.11149 0.02492529 -0.002171874 0.111073 0.02530056 0.003561317 0.111376 0.02461475 0.003502309 0.113848 0.02674806 0.005140483 0.11149 0.02492529 0.003502309 0.113848 0.02674806 0.003885746 0.110734 0.02632009 0.005275249 0.111168 0.02563428 0.002171874 0.111073 0.02530056 0.00230664 0.110751 0.02600961 0.005140483 0.11149 0.02492529 0.002171874 0.111073 0.02530056 0.02436298 0.116258 0.01785498 0.02381575 0.118324 0.02019226 0.02587789 0.1167899 0.01796501 0.02381575 0.118324 0.02019226 0.02518606 0.115574 0.0194258 0.02622008 0.116505 0.0186181 0.0233289 0.115326 0.01866275 0.0236712 0.115041 0.01931589 0.02587789 0.1167899 0.01796501 0.0233289 0.115326 0.01866275 0.02926206 0.1224589 0.01660043 0.02993571 0.1202909 0.01420748 0.02930736 0.119436 0.01523613 0.02926206 0.1224589 0.01660043 0.031125 0.119874 0.01574808 0.03175336 0.120729 0.0147193 0.02930736 0.119436 0.01523613 0.02977967 0.11927 0.01584798 0.03128117 0.120895 0.01410764 0.03128117 0.120895 0.01410764 0.02116799 0.1205829 0.0242533 0.02245789 0.117009 0.02405029 0.02006876 0.119972 0.02598005 0.02260708 0.119876 0.02654749 0.02245789 0.117009 0.02405029 0.02370619 0.120486 0.0248208 0.02329987 0.1206859 0.02417296 0.02047508 0.119773 0.02662783 0.02006876 0.119972 0.02598005 0.02329987 0.1206859 0.02417296 0.02660429 0.12279 0.0200966 0.02797168 0.119482 0.01880699 0.02606785 0.121747 0.02188193 0.0286647 0.1218219 0.02172523 0.02797168 0.119482 0.01880699 0.0292012 0.122865 0.01994001 0.02861928 0.123138 0.0194801 0.02664965 0.121474 0.02234178 0.02606785 0.121747 0.02188193 0.02861928 0.123138 0.0194801 0.03053122 0.125678 0.01579684 0.03189873 0.12237 0.01450717 0.02999484 0.124635 0.01758211 0.03259181 0.124711 0.01742541 0.03189873 0.12237 0.01450717 0.03312826 0.1257539 0.01564019 0.0325464 0.1260269 0.01518028 0.03057676 0.124362 0.01804202 0.02999484 0.124635 0.01758211 0.0325464 0.1260269 0.01518028 0.01408815 0.005884349 -0.006290495 0.01190292 0.005312383 -0.01033866 0.01021236 0.004193425 -0.00648427 0.01190292 0.005312383 -0.01033866 0.01021236 0.004193425 -0.00648427 0.01408815 0.005884349 -0.006290495 -0.01391601 0.001627624 0.008239388 -0.01788699 0.002212107 0.0101388 -0.04047679 0.192192 -0.02853536 -0.04397141 0.18672 -0.02482688 -0.04278033 0.1916379 -0.02987802 -0.04508394 0.188817 -0.03122079 -0.03483092 0.1908079 -0.02389419 -0.0394504 0.1866289 -0.02329385 -0.04675829 0.181726 -0.03128606 -0.04566514 0.180768 -0.02598249 -0.04439818 0.192142 -0.01990669 -0.04660314 0.191168 -0.02126044 -0.04397141 0.18672 -0.02482688 -0.04880803 0.187927 -0.02230066 -0.03862893 0.191765 -0.01637858 -0.0394504 0.1866289 -0.02329385 -0.05065202 0.1819239 -0.02329558 -0.04566514 0.180768 -0.02598249 -0.04778707 0.18896 -0.02706658 -0.04522407 0.192485 -0.02574676 -0.0425288 0.193277 -0.02441209 -0.03595477 0.192237 -0.02023339 -0.05015236 0.182428 -0.02801376 -0.04905009 0.172191 -0.02757471 -0.05090993 0.1741229 -0.03231602 -0.05448251 0.1739479 -0.02527928 -0.04905009 0.172191 -0.02757471 -0.03422075 0.186465 -0.01387661 -0.03642451 0.181842 -0.02051883 -0.03172791 0.186667 -0.01726007 -0.03642451 0.181842 -0.02051883 -0.03105628 0.185353 -0.02118158 -0.05488735 0.157164 -0.03032106 -0.05235719 0.1642929 -0.02874773 -0.05873733 0.158558 -0.0282936 -0.05711531 0.165901 -0.02672582 -0.05598282 0.1588929 -0.03397846 -0.05235719 0.1642929 -0.02874773 -0.05488735 0.157164 -0.03032106 -0.05709046 0.152913 -0.03182387 0.007751286 0.05930036 7.36e-4 0.007823348 0.08457285 -0.007910966 3.458e-4 0.07207876 -0.009545981 0.006658196 0.05930036 -0.002356946 -0.009440362 0.02034848 0.01112157 -0.01227009 0.01229172 0.01080119 -0.01336872 0.0204302 0.01146686 -0.01659405 0.01597005 0.01184916 -0.01981651 0.01289147 0.01168471 -0.01447069 0.007230997 0.00564897 -0.01447069 0.007230997 0.00564897 -0.01645934 0.007375299 0.007909059 -0.01757609 -0.001322865 0.007338047 -0.01864898 0.001820862 0.007548928 -0.01757609 -0.001322865 0.007338047 -0.01788699 0.002212107 0.0101388 -0.01661628 0.001798391 0.005757689 -0.01391601 0.001627624 0.008239388 -0.01757609 -0.001322865 0.007338047 -0.01621747 0.002587199 0.005289614 -0.01936388 0.002647042 0.007488489 -0.01621747 0.002587199 0.005289614 -0.01540392 0.007537484 0.01044958 -0.01661628 0.001798391 0.005757689 5.3e-5 0.04570209 -2.207e-4 3.256e-4 0.03519701 6.624e-4 0.00283879 0.03519701 5.613e-4 5.6e-4 0.02616548 0.001421511 0.005250692 0.02610158 0.001238465 0.005250692 0.02610158 0.001238465 0.001968622 0.02601766 -0.003188252 0.005784094 0.01921033 -0.003552556 0.005250692 0.02610158 0.001238465 0.006514668 0.07208126 -0.006154417 0.005565047 0.05930036 -0.00392884 -0.01336872 0.0204302 0.01146686 -0.01549917 0.02142256 0.0102095 -0.01517772 0.02108752 0.007862448 -0.01325017 0.01963526 0.006552696 -0.007614672 0.02618509 0.01052916 -0.01105499 0.02637678 0.009452581 -0.01517772 0.02108752 0.007862448 -0.007614672 0.02618509 0.01052916 -0.007614672 0.02618509 0.01052916 -0.007614672 0.02618509 0.01052916 -0.01770758 0.01668792 0.008311867 -0.02193135 0.01362133 0.008113145 -0.02546799 0.009578049 0.01032358 -0.02535039 0.009450852 0.008180379 -0.02095448 0.008156776 0.009255051 -0.02256125 0.008537948 0.006557404 -0.02256125 0.008537948 0.006557404 -0.02535039 0.009450852 0.008180379 -0.02300059 0.008702397 0.01196449 -0.0237661 0.008036851 0.01103866 -0.02592062 0.008557379 0.009125292 -0.02337634 0.008051276 0.007274389 -0.02337634 0.008051276 0.007274389 -0.02535039 0.009450852 0.008180379 -0.02592062 0.008557379 0.009125292 -0.02635717 0.004951894 0.009240388 -0.02208411 0.007284045 0.009415149 -0.02300059 0.008702397 0.01196449 -0.02635717 0.004951894 0.009240388 -0.0237661 0.008036851 0.01103866 -0.0120719 0.026923 0.004500806 -0.0139085 0.0214101 0.001939654 -0.01278501 0.02031606 0.0044173 -0.01164942 0.02649259 0.007190585 -0.007074773 0.02590656 0.005011141 -0.008877694 0.01993894 0.00216645 -0.01002019 0.02641487 0.002525985 -0.01220613 0.02078217 -1.123e-4 -0.01907098 0.01527249 -0.001709461 -0.01807379 0.01409351 6.658e-4 -0.01419472 0.013345 -0.001326084 -0.0168547 0.0143336 -0.003872573 -0.008877694 0.01993894 0.00216645 -0.01278501 0.02031606 0.0044173 -0.01419472 0.013345 -0.001326084 -0.01807379 0.01409351 6.658e-4 -0.02221125 0.01100158 -0.003280699 -0.02116292 0.00997436 -6.757e-4 -0.01734071 0.008829772 -0.002824962 -0.01995533 0.01002705 -0.005670905 -0.01734071 0.008829772 -0.002824962 -0.02116292 0.00997436 -6.757e-4 -0.02524876 0.004589796 -0.00334692 -0.02545249 -5.582e-4 -0.002610981 -0.02429169 0.004180729 -0.001531302 -0.02303856 0.004576086 -0.005556941 -0.02119487 0.003842771 -0.003374814 -0.02545249 -5.582e-4 -0.002610981 -0.02119487 0.003842771 -0.003374814 -0.02429169 0.004180729 -0.001531302 -0.02545249 -5.582e-4 -0.002610981 -0.01995211 0.004598677 -0.003012657 -0.02254348 0.00575757 -0.006420493 -0.02556878 0.006258428 -0.0036484 -0.02435189 0.005195975 -6.464e-4 -0.01995211 0.004598677 -0.003012657 -0.02435189 0.005195975 -6.464e-4 -0.003804504 0.04570019 0.005916774 -0.008988142 0.03590703 0.005315423 -0.007237613 0.03519701 0.00756216 -0.001914024 0.04570037 0.008010387 -0.007074773 0.02590656 0.005011141 -0.01164942 0.02649259 0.007190585 -0.007074773 0.02590656 0.005011141 -0.01164942 0.02649259 0.007190585 -0.008877694 0.01993894 0.00216645 -0.01164942 0.02649259 0.007190585 -0.01220613 0.02078217 -1.123e-4 -0.0168547 0.0143336 -0.003872573 -0.01995533 0.01002705 -0.005670905 -0.02254348 0.00575757 -0.006420493 -0.02303856 0.004576086 -0.005556941 -0.002616465 0.04570019 0.004636645 5.3e-5 0.04570209 -2.207e-4 -0.002692878 0.03519701 0.00160706 -0.004643559 0.03519701 0.004875481 -0.002616465 0.04570019 0.004636645 -0.002562582 0.03519701 0.003197491 -0.001321673 0.03519701 9.396e-4 -0.003589928 0.03519701 0.002746284 -0.005066812 0.01738089 -0.002703905 -0.006801307 0.01151823 -0.007965981 -0.005264461 0.0118255 -0.01016741 -0.003438591 0.0174058 -0.004597306 -0.005264461 0.0118255 -0.01016741 -0.006348907 0.01271873 -0.01191842 -0.004455268 0.01818078 -0.006720185 -0.003438591 0.0174058 -0.004597306 -0.00894308 0.01170992 -0.008885562 -0.0072999 0.01735591 -0.004055798 -0.006805181 0.01820999 -0.006341159 -0.00863105 0.01270538 -0.0112195 -0.004436612 0.02606338 0.001102387 -0.002515733 0.0260728 0.001947343 -0.001363277 0.05930316 0.007274985 -0.0066486 0.03519701 0.00348711 -0.004643559 0.03519701 0.004875481 -3.562e-4 0.05930113 0.006890594 -0.002616465 0.04570019 0.004636645 -0.003804504 0.04570019 0.005916774 -3.562e-4 0.05930113 0.006890594 -0.00635755 0.02605408 -0.001176536 -0.005457997 0.03519701 0.001305282 -0.0072999 0.01735591 -0.004055798 -0.00894308 0.01170992 -0.008885562 -0.007220268 0.007708311 -0.01054608 -0.009457647 0.008173346 -0.01164489 0.005586266 0.02622079 -0.003835797 0.005377471 0.02636009 -0.005667746 0.005852997 0.02091938 -0.007045686 0.003266692 0.02022331 -0.008277177 0.002906501 0.02583962 -0.006066381 0.003266692 0.02022331 -0.008277177 0.001897633 0.02003419 -0.004613578 0.001968622 0.02601766 -0.003188252 0.001897633 0.02003419 -0.004613578 0.005586266 0.02622079 -0.003835797 0.005586266 0.02622079 -0.003835797 0.001897633 0.02003419 -0.004613578 0.006227493 0.02043622 -0.004551887 0.008478343 0.01414763 -0.0109505 0.005752325 0.01334291 -0.0118339 0.005752325 0.01334291 -0.0118339 0.005317807 0.0118885 -0.008063793 0.005317807 0.0118885 -0.008063793 0.008807897 0.01293325 -0.008017361 0.01060116 0.01033598 -0.01369357 0.007774591 0.009284675 -0.0145716 0.007774591 0.009284675 -0.0145716 0.007851779 0.007535099 -0.01082992 0.007851779 0.007535099 -0.01082992 0.01140278 0.009011685 -0.01078826 0.01429098 0.004758 -0.01527345 0.01182472 0.00364089 -0.01554238 0.01477479 8.692e-4 -0.01893889 0.01182472 0.00364089 -0.01554238 0.01179569 0.004968523 -0.01785951 0.01477479 8.692e-4 -0.01893889 0.0139333 0.005752444 -0.01738965 0.01477479 8.692e-4 -0.01893889 0.01179569 0.004968523 -0.01785951 0.01074093 0.005802512 -0.01812088 0.01107823 0.00382483 -0.0144338 0.01446837 0.005341053 -0.0140109 0.01107823 0.00382483 -0.0144338 0.01417511 0.006953299 -0.01735699 0.01074093 0.005802512 -0.01812088 0.004305005 0.03514462 -0.005965352 0.005014896 0.03519701 -0.00426346 0.005586266 0.02622079 -0.003835797 0.006227493 0.02043622 -0.004551887 0.008807897 0.01293325 -0.008017361 0.01140278 0.009011685 -0.01078826 0.01446837 0.005341053 -0.0140109 0.01429098 0.004758 -0.01527345 -1.12e-5 0.0260728 -0.002575397 5.6e-4 0.02616548 0.001421511 8.194e-4 0.02003699 -0.001025319 0.001931428 0.02013581 0.001268744 0.004619002 0.0126388 -7.941e-4 0.004669249 0.01234459 0.001908302 0.006850004 0.009173989 0.002219617 0.006767988 0.009493887 -5.351e-4 0.01004099 0.005202353 0.001350462 0.009417891 0.005289316 -0.001639664 0.0104494 0.02128285 -0.001756787 0.01393973 0.01797872 -0.003703892 0.01303786 0.01805263 -0.006447494 0.009365797 0.02189576 -0.004564285 0.009561777 0.0153495 -0.005669832 0.01140195 0.01577913 -0.003300786 0.00761193 0.01926171 -0.001138687 0.005784094 0.01921033 -0.003552556 0.009561777 0.0153495 -0.005669832 0.01816946 0.01463568 -0.006379485 0.0169897 0.0146839 -0.008948683 0.01376098 0.0121212 -0.00803548 0.01568108 0.01266348 -0.005571961 0.01376098 0.0121212 -0.00803548 0.02066409 0.0107944 -0.008660674 0.0207535 0.009517252 -0.009304165 0.01933223 0.0102145 -0.01105403 0.01943022 0.01134508 -0.01101928 0.01830863 0.009425699 -0.007193267 0.01583719 0.008985042 -0.01027715 0.0189383 0.008898973 -0.007947981 0.0166155 0.008160173 -0.01039654 0.01583719 0.008985042 -0.01027715 0.0166155 0.008160173 -0.01039654 0.01973176 0.005055785 -0.0119974 0.01973176 0.005055785 -0.0119974 0.01973176 0.005055785 -0.0119974 0.005250692 0.02610158 0.001238465 0.00761193 0.01926171 -0.001138687 0.007933259 0.02691978 -8.705e-4 0.004809081 0.04570049 -0.001165032 0.00104475 0.03519701 8.623e-4 5.3e-5 0.04570209 -2.207e-4 0.00646007 0.03535175 2.058e-4 0.004809081 0.04570049 -0.001165032 5.3e-5 0.04570209 -2.207e-4 0.00283879 0.03519701 5.613e-4 0.004809081 0.04570049 -0.001165032 0.005586266 0.02622079 -0.003835797 0.006357192 0.04571646 -0.002965271 0.007598102 0.03528642 -0.002686679 0.005014896 0.03519701 -0.00426346 0.004344165 0.04573243 -0.004765391 0.004809081 0.04570049 -0.001165032 0.00646007 0.03535175 2.058e-4 0.01140195 0.01577913 -0.003300786 0.01568108 0.01266348 -0.005571961 0.01830863 0.009425699 -0.007193267 0.0189383 0.008898973 -0.007947981 -7.39e-4 0.01969957 0.009274184 -0.005302906 0.0200451 0.0111249 -0.003587186 0.01145035 0.009700953 3.003e-4 0.01133537 0.01037549 -0.002219021 0.02039253 0.01196503 -0.001005232 0.01213943 0.01472485 3.003e-4 0.01133537 0.01037549 -7.39e-4 0.01969957 0.009274184 -0.003587186 0.01145035 0.009700953 -0.003964364 0.01195001 0.01317983 -8.828e-4 0.005997598 0.0118196 -0.004879653 0.007206678 0.01113826 -0.002038419 0.006682336 0.01638436 -8.828e-4 0.005997598 0.0118196 -0.004879653 0.007206678 0.01113826 -0.004018187 0.02620273 0.009458482 -0.005773425 0.02606123 0.005158126 -0.004018187 0.02620273 0.009458482 -0.005296349 0.01975417 0.008885979 -0.004018187 0.02620273 0.009458482 0.001362681 0.05930036 0.009114146 -0.003826797 0.03519701 0.009193599 -0.006178796 0.03535968 0.009584367 -3.562e-4 0.05930113 0.006890594 -0.001358449 0.0262854 0.01015728 -0.004018187 0.02620273 0.009458482 -0.005302906 0.0200451 0.0111249 -0.003964364 0.01195001 0.01317983 -0.004890263 0.007342219 0.01447939 -0.006327629 0.002664387 0.0116344 -0.003589332 0.001687884 0.0113759 -0.005868554 -0.001572847 0.01201421 -0.004646599 6.24e-4 0.01523512 -0.005868554 -0.001572847 0.01201421 -0.003589332 0.001687884 0.0113759 -0.00647825 0.002281486 0.01410508 -0.006327629 0.002664387 0.0116344 -0.005868554 -0.001572847 0.01201421 -0.006710529 0.003684878 0.01085567 -0.006710529 0.003684878 0.01085567 -0.004890263 0.007342219 0.01447939 -0.00229007 0.001925528 0.01170915 -0.006922781 0.002959847 0.01476538 -0.004065275 0.00138849 0.0162425 -0.006922781 0.002959847 0.01476538 -0.00647825 0.002281486 0.01410508 -0.00229007 0.001925528 0.01170915 -0.009457647 0.008173346 -0.01164489 -0.009079992 0.009097278 -0.01405686 -0.01018613 0.003767967 -0.01321548 -0.009607851 0.004769921 -0.0158565 -0.00989145 0.00318259 -0.01426279 -0.007927656 0.002881765 -0.01255559 -0.01018613 0.003767967 -0.01321548 -0.00989145 0.00318259 -0.01426279 -0.005587399 0.007742345 -0.01256835 -0.005587399 0.007742345 -0.01256835 -0.006697297 0.008894085 -0.01457858 -0.009589552 0.003908634 -0.0159161 -0.01073265 4.52e-5 -0.01715767 -0.01073265 4.52e-5 -0.01715767 -0.006829977 0.002453804 -0.01473301 -0.005986452 0.002767682 -0.0138545 -0.007089853 0.004252493 -0.01625579 -0.007708787 0.003477573 -0.01626908 -0.009607851 0.004769921 -0.0158565 -0.005986452 0.002767682 -0.0138545 -0.007708787 0.003477573 -0.01626908 -0.006829977 0.002453804 -0.01473301 -0.01073265 4.52e-5 -0.01715767 -0.01002448 0.07207918 7.745e-4 -0.004655957 0.05930036 0.006459534 -0.006013274 0.02626883 -0.003214716 -0.006091237 0.03519701 -4.46e-4 -0.00626564 0.03519701 -0.00266087 -0.004424691 0.04569995 0.004156589 -0.005785465 0.04570037 3.931e-4 -0.003813087 0.02625358 -0.004115462 -0.007661283 0.05930036 7.36e-4 -0.006561458 0.04565578 -0.002011895 -0.00615859 0.05930036 -0.00212568 -0.00224477 0.02601748 0.002634108 0.002331376 0.0260595 0.004021883 -4.135e-4 0.01934856 0.003963053 0.003470838 0.01960813 0.00512737 0.007252097 0.00669533 0.0108931 0.004222691 0.0107792 0.009410381 0.007427752 0.006449997 0.007423996 0.0037781 0.01118338 0.00652945 0.002722144 0.01995229 0.008087754 0.006470263 0.01318109 0.01037949 0.007337391 0.0133661 0.007605016 0.003470838 0.01960813 0.00512737 -3.54e-5 0.0183531 0.007315397 0.0037781 0.01118338 0.00652945 0.007337391 0.0133661 0.007605016 0.01022529 0.008402943 0.01154196 0.0109933 0.008554279 0.008553862 0.007427752 0.006449997 0.007423996 0.0109933 0.008554279 0.008553862 0.001764535 0.02615875 0.007206976 0.002331376 0.0260595 0.004021883 0.01248878 0.003649473 0.01113569 0.01374381 -2.787e-4 0.008823454 0.01287251 0.003948092 0.008461475 0.00991249 0.002645552 0.01053035 0.01066905 0.002431929 0.007786393 0.01374381 -2.787e-4 0.008823454 0.01066905 0.002431929 0.007786393 0.01287251 0.003948092 0.008461475 0.01374381 -2.787e-4 0.008823454 0.0124756 0.004750192 0.01175487 0.0132507 0.005239367 0.008149862 0.0132507 0.005239367 0.008149862 0.009703278 0.00280267 0.007204592 0.009703278 0.00280267 0.007204592 0.009000658 0.00360167 0.01114022 0.005228579 0.04569959 0.002044737 0.003483951 0.03519701 0.001608729 0.004402816 0.0351665 0.004389584 -0.00224477 0.02601748 0.002634108 0.00104475 0.03519701 8.623e-4 -3.319e-4 0.02611327 0.007620573 -0.002420783 0.02579236 0.004767477 -3.319e-4 0.02611327 0.007620573 -7.39e-4 0.01969957 0.009274184 -3.54e-5 0.0183531 0.007315397 -3.319e-4 0.02611327 0.007620573 -0.002420783 0.02579236 0.004767477 0.002246797 0.03519701 0.005034685 0.001283884 0.03518033 0.008559465 0.003090441 0.0457012 0.007263422 -0.002379775 0.03525638 0.0103321 -7.39e-4 0.03519701 0.008445978 5.882e-4 0.04570078 0.007636964 -7.39e-4 0.03519701 0.008445978 -3.54e-5 0.0183531 0.007315397 0.004222691 0.0107792 0.009410381 0.007252097 0.00669533 0.0108931 0.009000658 0.00360167 0.01114022 0.00991249 0.002645552 0.01053035 0.001931428 0.02013581 0.001268744 -0.002670705 0.01963788 0.001978397 -0.002757668 0.02606374 -0.002876818 -0.002670705 0.01963788 0.001978397 -0.002515733 0.0260728 0.001947343 -0.003438591 0.0174058 -0.004597306 -0.002757668 0.02606374 -0.002876818 -0.002515733 0.0260728 0.001947343 -0.002783775 0.01941168 -7.764e-4 -0.002757668 0.02606374 -0.002876818 -0.0010975 0.01980835 -0.002837598 -0.0010975 0.01980835 -0.002837598 2.137e-4 0.01103621 -3.788e-4 0.002471983 0.01191097 -0.002141416 0.004669249 0.01234459 0.001908302 1.919e-4 0.01143723 0.002452254 0.002471983 0.01191097 -0.002141416 0.005523264 0.003002285 -7.648e-4 0.002868235 0.007223725 -1.644e-4 0.004774928 0.008412241 -0.002000868 0.006808102 0.004417896 -0.003077507 0.01004099 0.005202353 0.001350462 0.003166854 0.007465004 0.002600789 0.006280541 0.003344297 0.002251863 0.006850004 0.009173989 0.002219617 0.004774928 0.008412241 -0.002000868 0.006808102 0.004417896 -0.003077507 0.0095703 0.004288077 -0.001741886 0.01064252 -5.887e-4 -0.001339197 0.007459998 0.003641188 -0.002224624 0.009708046 0.004318356 4.679e-4 0.007080197 0.002912819 0.001110911 0.01064252 -5.887e-4 -0.001339197 0.01064252 -5.887e-4 -0.001339197 0.006349742 0.002286255 -8.682e-4 0.007459998 0.003641188 -0.002224624 0.009708046 0.004318356 4.679e-4 -0.002757668 0.02606374 -0.002876818 -0.001017153 0.03519701 -0.003851056 -0.001499593 0.02604186 -0.004666507 -0.002574086 0.03519701 -0.004842758 -0.003813087 0.02625358 -0.004115462 -0.004191935 0.03519701 -0.003901243 -0.003631651 0.03519701 -0.003236234 -0.004636645 0.04570019 -0.003649652 -0.003771722 0.04539978 -0.005039155 0.007080197 0.002912819 0.001110911 0.006280541 0.003344297 0.002251863 0.003166854 0.007465004 0.002600789 1.919e-4 0.01143723 0.002452254 -0.002670705 0.01963788 0.001978397 5.3e-5 0.04570209 -2.207e-4 5.3e-5 0.04570209 -2.207e-4 -0.005773425 0.02606123 0.005158126 -0.002616465 0.04570019 0.004636645 0.002237617 0.03519701 -0.006167173 0.00104475 0.03519701 8.623e-4 -0.004018187 0.02620273 0.009458482 -0.007010579 0.07207888 -0.006157577 1.38e-5 0.05930036 -0.007790803 0.001743972 0.03519701 -0.004630208 0.001486778 0.04570037 -0.006280243 5.26e-5 0.03502839 -0.005300343 -6.522e-4 0.04530936 -0.006994724 -0.002115488 0.04515963 -0.005243957 -0.004655957 0.05930036 -0.004987359 0.0217958 0.17101 -0.0108838 0.01640611 0.158429 -0.006752908 0.0217958 0.17101 -0.0108838 0.01640611 0.158429 -0.006752908 0.04778707 0.18896 -0.02706658 0.04522407 0.192485 -0.02574676 0.0425288 0.193277 -0.02441209 0.0425288 0.193277 -0.02441209 0.03595477 0.192237 -0.02023339 0.03595477 0.192237 -0.02023339 0.03172791 0.186667 -0.01726007 0.02739 0.180427 -0.01445466 0.02739 0.180427 -0.01445466 0.03172791 0.186667 -0.01726007 0.05016469 0.182399 -0.02801376 0.05352973 0.174561 -0.02908897 -0.0425288 0.193277 -0.02441209 -0.04522407 0.192485 -0.02574676 -0.04778707 0.18896 -0.02706658 -0.03595477 0.192237 -0.02023339 -0.05015236 0.182428 -0.02801376 -0.05352973 0.174561 -0.02908897 -0.05352973 0.174561 -0.02908897 -0.03172791 0.186667 -0.01726007 0.0822342 0.140664 -0.06060701 0.08122897 0.1401219 -0.05784118 0.07634735 0.149824 -0.05442005 0.07693845 0.1478099 -0.05175894 0.06678378 0.155927 -0.04370707 0.06811678 0.153346 -0.0407226 0.06263387 0.156318 -0.03924071 0.06503576 0.1540229 -0.0375384 0.0823903 0.124676 -0.06133943 0.07762289 0.117756 -0.05770909 0.08111786 0.126264 -0.05850201 0.07668316 0.120034 -0.05559629 0.07072627 0.114152 -0.05053389 0.07154238 0.111445 -0.05235189 0.0641157 0.106078 -0.04587507 0.06365847 0.109682 -0.04518979 0.08399158 0.132947 -0.06255578 0.0824266 0.1333039 -0.05965137 0.05260252 0.1027989 -0.0410043 0.05155164 0.104986 -0.04094743 0.05610531 0.104542 -0.04114341 0.05534005 0.107586 -0.04147183 0.06001603 0.108645 -0.0428766 0.06028658 0.105301 -0.04254359 0.050453 0.100296 -0.04095762 0.04859572 0.09614026 -0.04131299 0.04926538 0.101525 -0.04116529 0.07693845 0.1478099 -0.05175894 0.08122897 0.1401219 -0.05784118 0.07996869 0.149169 -0.04989373 0.08517819 0.1399959 -0.0563519 0.07859086 0.150106 -0.05244159 0.08430266 0.140722 -0.05884003 0.06503576 0.1540229 -0.0375384 0.06811678 0.153346 -0.0407226 0.06593477 0.156735 -0.03534096 0.0706498 0.156014 -0.03983116 0.06414508 0.1573129 -0.03724688 0.06884676 0.15675 -0.04188632 0.08413946 0.125194 -0.05751758 0.08111786 0.126264 -0.05850201 0.07938355 0.118847 -0.05384069 0.07668316 0.120034 -0.05559629 0.0839194 0.1245599 -0.05969375 0.07907217 0.11775 -0.05588245 0.07289618 0.111556 -0.05055701 0.07072627 0.114152 -0.05053389 0.07319927 0.112869 -0.04884964 0.06365847 0.109682 -0.04518979 0.06546568 0.108575 -0.04303318 0.06524676 0.10673 -0.0441783 0.0824266 0.1333039 -0.05965137 0.08637499 0.132781 -0.05861729 0.0858795 0.1328769 -0.06097918 0.05534005 0.107586 -0.04147183 0.05155164 0.104986 -0.04094743 0.05542546 0.106682 -0.03913801 0.05216175 0.104758 -0.0389778 0.05603337 0.105116 -0.03957402 0.05273222 0.103332 -0.03942805 0.06084913 0.107773 -0.04032099 0.06001603 0.108645 -0.0428766 0.06089258 0.1059949 -0.04094308 0.04945152 0.101161 -0.03982383 0.04926538 0.101525 -0.04116529 0.04859572 0.09614026 -0.04131299 0.0503934 0.100397 -0.03981202 0.05976045 0.155321 -0.036686 0.05905956 0.15261 -0.03297287 0.05905956 0.15261 -0.03297287 0.0625531 0.155824 -0.03197973 0.06114399 0.1563699 -0.03432989 0.05831652 0.1595299 -0.03196418 0.05634003 0.166489 -0.0302295 0.0569626 0.1656659 -0.02651041 0.05709046 0.152913 -0.03182387 0.05762583 0.156394 -0.03489142 0.06010919 0.156544 -0.02982169 0.05934387 0.157015 -0.0326997 0.05195957 0.1649299 -0.029307 0.05831652 0.1595299 -0.03196418 0.05634003 0.166489 -0.0302295 0.05934387 0.157015 -0.0326997 0.06114399 0.1563699 -0.03432989 0.06414508 0.1573129 -0.03724688 0.06884676 0.15675 -0.04188632 0.07859086 0.150106 -0.05244159 0.08430266 0.140722 -0.05884003 0.0858795 0.1328769 -0.06097918 0.0839194 0.1245599 -0.05969375 0.07907217 0.11775 -0.05588245 0.07289618 0.111556 -0.05055701 0.06524676 0.10673 -0.0441783 0.06089258 0.1059949 -0.04094308 0.05603337 0.105116 -0.03957402 0.05273222 0.103332 -0.03942805 0.0503934 0.100397 -0.03981202 -0.07693845 0.1478099 -0.05175894 -0.08122897 0.1401219 -0.05784118 -0.07634735 0.149824 -0.05442005 -0.0822342 0.140664 -0.06060701 -0.06503576 0.1540229 -0.0375384 -0.06811678 0.153346 -0.0407226 -0.06263387 0.156318 -0.03924071 -0.06678378 0.155927 -0.04370707 -0.0823903 0.124676 -0.06133943 -0.08111786 0.126264 -0.05850201 -0.07762289 0.117756 -0.05770909 -0.07668316 0.120034 -0.05559629 -0.07154238 0.111445 -0.05235189 -0.07072627 0.114152 -0.05053389 -0.06365847 0.109682 -0.04518979 -0.0641157 0.106078 -0.04587507 -0.0824266 0.1333039 -0.05965137 -0.08399158 0.132947 -0.06255578 -0.05534005 0.107586 -0.04147183 -0.05155164 0.104986 -0.04094743 -0.05610531 0.104542 -0.04114341 -0.05260229 0.1027989 -0.0410043 -0.06028658 0.105301 -0.04254359 -0.06001603 0.108645 -0.0428766 -0.05045336 0.100296 -0.04095757 -0.04926568 0.101525 -0.04116547 -0.04859572 0.09614026 -0.04131299 -0.08517819 0.1399959 -0.0563519 -0.08122897 0.1401219 -0.05784118 -0.07996869 0.149169 -0.04989373 -0.07693845 0.1478099 -0.05175894 -0.08430266 0.140722 -0.05884003 -0.07859075 0.150106 -0.05244159 -0.0706498 0.156014 -0.03983116 -0.06811678 0.153346 -0.0407226 -0.06593477 0.156735 -0.03534096 -0.06503576 0.1540229 -0.0375384 -0.06884676 0.15675 -0.04188632 -0.06414508 0.1573129 -0.03724688 -0.08413946 0.125194 -0.05751758 -0.07938355 0.118847 -0.05384069 -0.08111786 0.126264 -0.05850201 -0.07668316 0.120034 -0.05559629 -0.0839194 0.1245599 -0.05969375 -0.07907217 0.11775 -0.05588245 -0.07289618 0.111556 -0.05055701 -0.07319927 0.112869 -0.04884964 -0.07072627 0.114152 -0.05053389 -0.06546568 0.108575 -0.04303318 -0.06365847 0.109682 -0.04518979 -0.06524676 0.10673 -0.0441783 -0.08637499 0.132781 -0.05861729 -0.0824266 0.1333039 -0.05965137 -0.0858795 0.1328769 -0.06097918 -0.05216175 0.104758 -0.0389778 -0.05155164 0.104986 -0.04094743 -0.05542546 0.106682 -0.03913801 -0.05534005 0.107586 -0.04147183 -0.05273222 0.103332 -0.03942805 -0.05603337 0.105116 -0.03957402 -0.06001603 0.108645 -0.0428766 -0.06084913 0.107773 -0.04032099 -0.06089258 0.1059949 -0.04094308 -0.04945158 0.101161 -0.03982383 -0.04859572 0.09614026 -0.04131299 -0.04926568 0.101525 -0.04116547 -0.05039346 0.100397 -0.03981178 -0.05905956 0.15261 -0.03297287 -0.05976045 0.155321 -0.036686 -0.0625531 0.155824 -0.03197973 -0.05905956 0.15261 -0.03297287 -0.06114399 0.1563699 -0.03432989 -0.05634003 0.166489 -0.0302295 -0.05831652 0.1595299 -0.03196418 -0.05709046 0.152913 -0.03182387 -0.05762583 0.156394 -0.03489142 -0.06010919 0.156544 -0.02982169 -0.05934399 0.157015 -0.0326997 -0.05395776 0.166307 -0.03355306 -0.05831652 0.1595299 -0.03196418 -0.05634003 0.166489 -0.0302295 -0.05634003 0.166489 -0.0302295 -0.05934399 0.157015 -0.0326997 -0.05831652 0.1595299 -0.03196418 -0.06114399 0.1563699 -0.03432989 -0.06414508 0.1573129 -0.03724688 -0.06884676 0.15675 -0.04188632 -0.07859075 0.150106 -0.05244159 -0.08430266 0.140722 -0.05884003 -0.0858795 0.1328769 -0.06097918 -0.0839194 0.1245599 -0.05969375 -0.07907217 0.11775 -0.05588245 -0.07289618 0.111556 -0.05055701 -0.06524676 0.10673 -0.0441783 -0.06089258 0.1059949 -0.04094308 -0.05603337 0.105116 -0.03957402 -0.05273222 0.103332 -0.03942805 -0.05039346 0.100397 -0.03981178 -0.03170526 0.176238 -0.01707828 -0.02707093 0.1792669 -0.018233 -0.02967619 0.180314 -0.01122623 -0.03170526 0.176238 -0.01707828 -0.02737998 0.180414 -0.01445627 -0.02524578 0.168106 -0.01263195 -0.01785212 0.157557 -0.007714152 -0.02324968 0.170746 -0.007498741 -0.01673763 0.158433 -0.005122423 -0.02131587 0.17101 -0.0104562 -0.01640611 0.158429 -0.006752908 -0.02108359 0.170096 -0.01379776 -0.01607459 0.158424 -0.008383452 -0.02524578 0.168106 -0.01263195 -0.01785212 0.157557 -0.007714152 -0.02131587 0.17101 -0.0104562 -0.01640611 0.158429 -0.006752908 -0.02737998 0.180414 -0.01445627 -0.02324968 0.170746 -0.007498741 -0.02524578 0.168106 -0.01263195 -0.02108359 0.170096 -0.01379776 -0.02524578 0.168106 -0.01263195 -0.02131587 0.17101 -0.0104562 -0.02131587 0.17101 -0.0104562</float_array>
          <technique_common>
            <accessor source="#chr626_0-mesh-positions-array" count="2388" stride="3">
              <param name="X" type="float"/>
              <param name="Y" type="float"/>
              <param name="Z" type="float"/>
            </accessor>
          </technique_common>
        </source>
        <source id="chr626_0-mesh-normals">
          <float_array id="chr626_0-mesh-normals-array" count="7068">0.6687587 0.5028889 -0.547599 0.9242361 0.3811513 -0.02261453 0.8969463 0.4033359 0.1811288 0.7804902 -0.02871823 -0.6245082 0.6843607 -0.043917 -0.7278199 -0.04883134 -0.4397571 -0.8967882 -0.0971719 -0.4756663 -0.8742421 -0.1850078 -0.9194234 0.3470345 -0.2432041 -0.9185845 0.3115356 -0.2757744 -0.9225747 0.2698231 -0.3162102 -0.9186607 0.236799 -0.3519182 -0.9188756 0.1783854 -0.284925 -0.916637 0.2803472 -0.3608319 -0.910915 0.2000857 -0.3893072 -0.9063996 0.1639509 -0.277848 -0.9188151 0.2803201 -0.258464 -0.9297258 0.2623094 -0.1632186 -0.9064005 0.3896127 -0.2044455 -0.9125124 0.3542928 0.6510403 -0.4545562 0.6078858 0.7245891 -0.5969879 0.3443492 0.4988034 0.2736948 0.8223664 0.4283062 -0.3172469 0.8461137 0.2649419 0.4464125 0.8547058 0.2137861 -0.2044473 0.955247 -0.1060833 0.4995318 0.8597757 -0.3768801 0.3670224 0.8504446 0.09726476 -0.2422616 0.9653232 0.1266855 0.1822306 0.9750605 -0.6391598 0.6018656 0.4787824 -0.6574807 0.5264607 0.5390346 -0.825365 0.5196833 0.2206853 -0.04272651 0.2665525 0.962873 0.8120598 -0.3463339 0.4696933 0.8028723 -0.344838 0.4862951 0.1263809 0.2581943 0.957791 0.7850736 -0.3487418 0.511897 0.2026166 0.3056188 0.930346 0.8189488 -0.3065946 0.4851007 0.6041868 -0.5666483 0.5602393 0.2708005 0.4779066 0.835627 0.5095558 0.3637329 0.7797765 -0.2929858 0.8935457 0.3401992 0.2066108 0.9609083 0.1843017 0.6291821 0.2646617 0.7308107 0.5984559 0.7995485 0.05072331 0.8717766 0.4814685 -0.09051948 0.6113616 0.1267159 0.7811403 0.9331936 0.3532933 -0.06583046 0.5396097 0.03888142 0.8410171 0.5392081 0.03445583 0.8414674 -0.3875921 -0.3347636 0.858898 -0.4210713 -0.3130339 0.8512983 0.5831006 0.01062065 0.8123306 -0.3540866 -0.3667217 0.8603127 0.5248039 -0.06305211 0.8488847 0.09885203 -0.5939365 0.7984158 0.7185458 -0.03000044 0.6948323 0.4034615 -0.6715711 0.6214588 0.6950347 0.188545 0.6938139 0.5289293 -0.6496635 0.5460506 0.6239976 0.4073106 0.6668772 0.4018434 -0.6434012 0.6515803 0.7266712 0.3606193 0.5847246 0.8115822 0.04205465 0.5827229 0.3811573 0.9244644 0.009216845 0.6923299 0.7140902 -0.1037045 0.745054 -0.004791438 0.666987 0.8922832 0.4111821 -0.1864404 0.7978265 -0.07501554 0.598202 0.9814864 -0.02929806 -0.189278 0.7038042 -0.07437539 0.7064899 0.9167777 -0.3987078 0.0234695 0.8052016 -0.5668731 0.1740844 0.5836434 0.03433376 0.8112839 0.5648875 0.06958466 0.8222289 -0.02758932 0.8714141 0.4897718 -0.03488361 0.9343193 0.3547263 -0.2733947 0.8942857 0.3542717 -0.6690401 0.682438 0.2943874 -0.6781482 0.125436 0.7241414 -0.1475608 -0.166849 0.9748781 -0.7639195 -0.06033593 0.6424847 -0.9106985 0.3489281 0.2210824 -0.5833764 0.6638253 0.4679829 -0.06387639 -0.5580106 0.8273718 -0.3956844 -0.2958248 0.8694375 0.9316963 0.3631809 -0.006470084 0.9460771 0.3165798 -0.06866908 0.923717 0.3795336 -0.05197376 0.6344317 0.7708828 -0.05688762 0.1445404 0.9775708 0.1531774 0.114722 0.9737481 0.1966052 -0.06817948 0.7457022 0.6627819 -0.1992596 0.641818 0.7405169 -0.1818643 0.3808501 0.9065752 -0.2740303 -0.07999032 0.9583888 -0.3063245 -0.5042131 0.8074246 -0.04513853 -0.7710483 0.6351748 0.5952134 0.7934652 -0.1270203 0.8313693 0.5542869 -0.03988838 0.6695737 0.38635 -0.6343539 0.1053826 0.9670913 -0.2315794 0.4702662 0.394152 -0.7896163 -0.3728803 0.8338382 -0.4070309 0.2091763 0.3713842 -0.9046099 -0.6996938 0.4565131 -0.5495675 0.8530809 0.5153522 -0.08163964 0.674449 0.08420312 -0.7335042 0.8452596 0.5266698 -0.09030628 0.6822929 0.06982851 -0.7277364 0.7146459 0.1287009 -0.6875445 0.2655207 -0.5171245 -0.8136837 0.7143052 -0.4989607 -0.4907205 0.08316558 0.174663 -0.9811097 0.340443 0.03698939 -0.9395373 -0.6189003 0.3679098 -0.6939777 0.1079444 0.06805652 -0.9918248 0.8546875 -0.3150487 -0.4126182 0.1136536 0.08591157 -0.9897991 0.8790963 -0.2606007 -0.3990954 0.3519772 0.02981716 -0.9355336 0.866311 -0.2782718 -0.4148136 0.4520826 0.1834211 -0.8729135 0.6822556 -0.4215 -0.5973818 0.4849492 -0.6013187 -0.6350119 0.5893937 0.05426377 -0.8060215 0.4180749 -0.7821622 -0.4619912 0.6824028 0.2460435 -0.6883234 0.6132838 -0.7194601 -0.3259758 0.6447539 0.3159068 -0.696057 0.821145 -0.530085 -0.2114968 0.4749366 0.3987001 -0.7845213 0.9102187 -0.2225189 -0.3492671 0.2323456 0.3359291 -0.9127799 0.8871224 -0.005096614 -0.4615063 0.08362114 0.04055929 -0.9956719 0.8449749 0.1865616 -0.5012108 0.09360188 -0.2688118 -0.958634 0.1741419 -0.433249 -0.8842907 -0.5345374 -0.7273553 -0.4303766 0.2017017 -0.5648199 -0.8001844 -0.4433838 -0.8508769 -0.2818148 -0.4371839 -0.8980506 0.04873871 0.1315371 -0.7834853 -0.6073293 0.07190293 -0.8962541 -0.4376742 0.4641386 -0.07703089 -0.8824067 0.18058 -0.1382504 -0.9737955 -0.1657494 -0.8368957 -0.5216636 0.0175482 -0.01303142 -0.9997611 -0.4793697 -0.5488321 -0.684827 -0.1027868 -0.02731418 -0.9943283 -0.6645034 -0.3817698 -0.6424072 -0.6764078 -0.2428756 -0.6953301 -0.8272238 -0.5527949 0.1005914 -0.5838294 -0.7792734 0.2277636 -0.3676915 -0.8678046 0.3342428 -0.3045157 -0.9089998 0.284587 0.9328919 -0.2679314 -0.2406774 -0.7030749 0.3710545 -0.6066337 -0.7548288 0.3418749 -0.5597813 0.6236599 0.08838361 -0.7766832 0.7122868 0.2304807 -0.6629678 0.7583587 0.2411073 -0.6056066 0.1358422 -0.4116773 -0.9011486 0.07513904 -0.4535508 -0.8880574 -0.006286978 -0.4493399 -0.8933388 -0.5433945 0.5057643 -0.6700187 -0.4122844 0.7391454 -0.5326218 0.1531733 0.9448893 -0.2893477 0.3212464 0.9207984 -0.221204 0.05395758 0.9260384 -0.3735527 -0.3134047 0.8147792 -0.4877627 -0.546536 0.5140027 -0.6611352 -0.6408971 0.03653109 -0.7667571 -0.6236003 -0.4669143 -0.6269879 -0.65522 0.2546535 -0.7112231 -0.7513585 0.3524387 -0.5578957 0.4148818 0.8814635 -0.2256 0.326799 0.889328 -0.3198407 0.3367487 0.9312624 -0.1391064 0.2232459 0.9503594 -0.2167454 0.1675525 0.9827308 -0.07852691 0.08151638 0.9830188 -0.1644061 0.1478672 0.9317619 -0.3315949 0.238323 0.8800467 -0.4107556 0.2260825 0.8513192 -0.4734366 0.3495718 0.8677952 -0.3531731 0.3712061 0.8498402 -0.374136 0.4712781 0.8531348 -0.2237365 0.753122 0.3470947 -0.5588673 0.6090399 0.3751717 -0.6987966 -0.0827676 0.1059316 -0.9909228 0.7030122 0.3711758 -0.6066322 -0.1067557 0.07672494 -0.9913207 0.6192929 0.368121 -0.6935153 -0.3266145 0.02209573 -0.9448994 0.6997445 0.4564453 -0.5495594 0.0867964 -0.4911442 -0.8667432 -0.7877917 -0.002105772 -0.6159382 0.03192299 -0.46264 -0.8859714 -0.6512181 -0.01184141 -0.7587983 -0.05258381 -0.4413012 -0.8958171 -0.6921069 0.07666337 -0.7177122 -0.1358422 -0.4116773 -0.9011486 -0.7146459 0.1287009 -0.6875445 -0.2634158 -0.5141963 -0.8162195 -0.6695737 0.38635 -0.6343539 -0.4718289 0.3948897 -0.7883145 -0.1053826 0.9670913 -0.2315794 0.3728803 0.8338382 -0.4070309 -0.210794 0.3828902 -0.8994227 -0.06604331 0.1902561 -0.9795106 -0.6751813 -0.516816 -0.526338 -0.9229781 -0.2976187 -0.2439973 -0.856588 -0.3006466 -0.419367 -0.8559737 -0.2384775 -0.458735 -0.3337843 0.01776194 -0.9424822 -0.45006 0.1833871 -0.8739653 0.4123163 0.739148 -0.5325931 -0.1531733 0.9448893 -0.2893477 -0.5893937 0.05426377 -0.8060215 -0.3212464 0.9207984 -0.221204 -0.6824028 0.2460435 -0.6883234 -0.05395758 0.9260384 -0.3735527 -0.6447539 0.3159068 -0.696057 0.3133772 0.8147869 -0.4877673 -0.4749423 0.3986744 -0.7845308 0.546536 0.5140027 -0.6611352 -0.2323456 0.3359291 -0.9127799 0.6408971 0.03653109 -0.7667571 -0.08362114 0.04055929 -0.9956719 0.6236003 -0.4669143 -0.6269879 -0.09360188 -0.2688118 -0.958634 0.5345374 -0.7273553 -0.4303766 -0.1741419 -0.433249 -0.8842907 -0.2017017 -0.5648199 -0.8001844 -0.7583587 0.2411073 -0.6056066 -0.7122868 0.2304807 -0.6629678 -0.6236599 0.08838361 -0.7766832 -0.1315371 -0.7834853 -0.6073293 -0.4641386 -0.07703089 -0.8824067 -0.07190293 -0.8962541 -0.4376742 -0.18058 -0.1382504 -0.9737955 0.1657494 -0.8368957 -0.5216636 -0.0175482 -0.01306194 -0.9997608 0.4793657 -0.5489191 -0.6847602 0.102636 -0.02725362 -0.9943456 0.6643726 -0.3817037 -0.6425818 0.6762849 -0.2427838 -0.6954817 0.8272061 -0.5528441 0.1004672 0.5838311 -0.7792452 0.2278559 0.3676915 -0.8678046 0.3342428 0.3045157 -0.9089998 0.284587 0.4371839 -0.8980506 0.04873871 0.4433838 -0.8508769 -0.2818148 -0.8449749 0.1865616 -0.5012108 -0.8871224 -0.005096614 -0.4615063 -0.9102187 -0.2225189 -0.3492671 -0.821145 -0.530085 -0.2114968 -0.6132838 -0.7194601 -0.3259758 -0.4180749 -0.7821622 -0.4619912 -0.4849492 -0.6013187 -0.6350119 -0.6773066 -0.4250066 -0.6005209 -0.8537829 -0.2960696 -0.4282495 -0.882024 0.4362968 0.1779856 -0.8951455 0.4269573 -0.1281482 -0.859637 0.503019 -0.08942151 -0.8313714 0.5542883 -0.0398274 -0.5952134 0.7934652 -0.1270203 -0.3347322 -0.9190182 0.208231 -0.3712938 -0.9161185 0.1512215 -0.3777935 -0.9209079 0.09592092 -0.4014769 -0.9145005 0.05005109 -0.39916 -0.9166733 -0.01953226 -0.3869207 -0.9166401 0.1003162 -0.4125574 -0.9109039 -0.007110953 -0.4191253 -0.9064009 -0.05264621 -0.3807882 -0.9188113 0.1038568 -0.3549957 -0.9297273 0.09790456 -0.3361704 -0.9063935 0.255813 -0.3542039 -0.9125191 0.2045691 0.9017944 0.07852435 -0.4249716 0.5454384 0.3441645 -0.7642302 0.3178274 0.2578876 -0.9124034 0.7644689 0.06726372 -0.6411418 0.8776489 0.1602578 -0.4517189 0.3874953 0.5413093 -0.7462115 0.8992175 0.1255865 -0.4190896 0.4539723 0.3839919 -0.804027 -0.6782895 0.4226911 -0.6010454 -0.7169208 0.5371642 -0.4443866 -0.6907727 0.4631906 -0.5552366 -0.8017978 0.159798 -0.5758344 0.4709699 -0.5803807 0.6643385 0.3369646 -0.4679843 0.8169735 0.6048894 0.03204506 0.7956646 0.4125574 0.05572789 0.9092255 0.6539048 -0.1565025 0.7402132 0.4064217 -0.1457282 0.9019894 0.7248833 -0.2247406 0.6511803 0.4007527 -0.2273099 0.8875402 0.3707229 -0.2249302 0.9010943 0.05701005 -0.2067074 0.9767405 0.1168257 -0.1558896 0.9808416 -0.5998266 -0.1839399 0.7787003 -0.667019 -0.1145981 0.7361746 -0.9411325 -0.05655276 0.3332739 -0.8132125 -0.06009215 0.5788561 -0.9773051 -0.0125432 0.2114651 -0.9524121 -0.04818975 0.3009802 -0.9634279 0.2404602 -0.1182616 -0.9649177 0.2610896 -0.02768063 -0.9794522 0.1810092 -0.08893287 -0.7084536 0.2135157 -0.6726845 0.4879989 -0.001037597 -0.8728436 0.8587534 -0.1266552 -0.4964887 0.3553701 -0.1665454 -0.9197689 0.7131284 -0.3220767 -0.6226674 0.6498115 -0.4061474 -0.6424869 -0.4969393 -0.1257989 0.8586187 -0.1310172 0.1215869 -0.983896 -0.07867854 -0.4773207 0.8751999 -0.126837 0.07245212 0.9892741 -0.1559525 -0.1189329 0.9805783 -0.1845512 -0.1865045 0.9649647 -0.6863346 -0.1774051 0.7053172 -0.9903536 -0.1377034 0.01541227 -0.9540114 -0.03259485 -0.2979931 -0.8885986 0.003326594 -0.4586738 0.1646513 0.05261516 -0.9849476 -0.7131434 -0.1092589 0.6924514 0.2775368 0.03473025 -0.9600871 -0.5783311 -0.1352898 -0.804506 -0.05496424 -0.04696834 -0.9973831 -0.7557362 -0.03411996 -0.6539867 -0.8784975 -0.09757012 -0.4676775 -0.9858694 -0.1674907 -0.002929866 -0.9933496 -0.114933 0.006866633 -0.7075172 0.06531018 0.7036718 -0.6228619 -0.4745396 0.6219769 -0.2336854 -0.8719335 0.4302597 0.004058957 -0.8753982 0.4833856 0.2397571 -0.8707068 0.4294022 0.4000788 -0.8311959 0.3860704 0.7659206 -0.03210663 0.6421331 0.3214612 -0.1268998 0.9383811 -0.5404949 -0.2761987 0.7947198 0.1282423 -0.5055227 0.8532297 -0.4620568 -0.4166141 0.7829024 0.1996569 -0.6342205 0.746928 -0.3931804 -0.5112292 0.7642343 -0.9370597 -0.2095749 -0.2792806 -0.978632 -0.1986196 0.05319511 -0.978777 0.1112114 -0.1721275 -0.9836661 0.07437539 -0.1639189 -0.6950718 0.1965122 -0.6915621 -0.6677023 0.3994067 -0.6282103 -0.169775 0.06448578 -0.9833708 -0.9994761 0.03192317 0.005340874 -0.7259004 0.06393784 -0.6848215 -0.7306455 -0.1171608 -0.6726296 0.01089525 0.09479194 -0.9954376 0.01941007 -0.1213741 -0.9924171 -0.4727409 -0.8377494 0.2732986 -0.8847532 -0.4660595 -5.79866e-4 -0.6329147 -0.4760441 -0.6105744 -0.005585014 -0.4944442 -0.8691915 0.7121699 0.07706141 -0.6977647 0.7224248 -0.1048647 -0.6834515 0.03891187 -0.1695033 -0.9847612 -0.7158625 -0.169413 -0.6773775 0.2364332 -0.8851827 -0.4006883 0.4073987 -0.8820003 -0.2368583 0.610012 -0.4976414 -0.6166347 0.8780311 -0.4640106 -0.1172844 0.006286859 -0.8504669 -0.5259912 -0.2460781 -0.8662635 -0.4347797 -0.4666113 -0.8424274 -0.2694254 -0.6456623 -0.7636185 0.002685666 0.5576164 -0.8300003 -0.01278752 -0.6465715 0.1023906 0.7559509 -0.637943 -0.2293213 0.7351466 -0.8716248 0.1403267 0.4696581 -0.8421272 0.2133014 0.4953024 -0.8114983 0.5790051 -0.07889139 -0.6823844 0.7086006 -0.1795459 -0.6601697 0.6561717 0.3655334 -0.7336495 0.6442285 -0.216167 -0.6855525 0.6257349 0.3721204 -0.7227531 0.5502592 0.4181421 -0.3564071 0.3638844 0.8605593 -0.621277 0.4595258 0.6347054 -0.1227183 0.1394124 0.9826009 -0.4037738 0.2981151 0.8649244 -0.2315469 0.2386578 0.9430952 -0.3272864 0.1307436 0.9358364 0.1503655 0.05505567 0.9870963 -0.1934612 0.00363177 0.9811012 0.7576496 -0.1545208 0.6341062 -0.1734092 -0.00100708 0.9848495 0.8073603 -0.1774398 0.5627473 -0.03491407 -0.003174006 0.9993854 0.8578982 -0.1236643 0.4987163 0.1084346 0.142433 0.983847 0.8924111 0.07339859 0.4452137 0.6442354 -0.1602577 0.747849 0.8117002 -0.4099397 0.4160436 0.5337517 -0.8043357 0.2610619 0.9907436 0.05835258 -0.1225649 0.9887302 -0.1106015 -0.1008964 0.7146999 -0.15458 -0.6821358 0.02005106 -0.1197265 -0.9926044 -0.7148008 -0.1307461 -0.6869974 -0.5497446 -0.0541718 -0.8335744 -0.2236716 -0.07882982 -0.9714716 0.005188226 -0.1688938 -0.9856207 -0.7177976 -0.2441793 -0.65203 -0.7991105 -0.4514376 -0.3970221 -0.8908199 -0.4494231 0.06677561 -0.784797 -0.509027 -0.3535325 -0.8011951 -0.5769081 0.158945 -0.7604091 -0.6067769 -0.2315164 -0.6141711 -0.7358822 0.2850811 -0.5466592 -0.8057058 -0.2280392 -0.206189 -0.90841 0.3636997 -0.5574351 -0.7910909 -0.2518758 -0.1299508 -0.6463053 -0.7519323 -0.5926891 -0.4414343 -0.6736879 -0.5890805 -0.3114479 -0.7456437 -0.5000917 -0.339712 -0.7965577 0.9833937 -0.1646822 -0.07626777 -0.1664828 -0.1204292 -0.9786626 -0.457538 -0.06195318 -0.8870292 -0.4805545 0.4340739 0.7620021 -0.3819779 0.3991298 0.8335396 -0.50284 0.1418853 0.852655 -0.6811236 0.1100516 0.7238503 -0.7735676 0.1338567 0.6194157 -0.8159344 0.1557707 0.5567643 -0.7799781 0.1435011 0.6091319 -0.9040221 0.363733 0.2245939 -0.7667632 0.3778881 0.5189172 0.7368187 -0.195779 0.6471236 0.1045887 0.1057484 0.9888775 0.3492611 -0.1524126 0.924547 0.6360463 -0.04245191 0.7704824 0.5035613 -0.5957587 -0.6256977 0.4810765 -0.6236934 -0.6160941 0.5154975 -0.5970138 -0.6146844 0.6170361 -0.4610527 -0.637728 0.6227405 -0.4297077 -0.6538698 0.666755 -0.27681 -0.691964 0.6446266 -0.2626482 -0.7179642 0.6641028 -0.1492705 -0.7325884 0.6496003 -0.1058099 -0.7528771 0.5884931 0.0390945 -0.8075566 0.5927811 0.09192484 -0.8001003 0.03576803 0.2814752 -0.9589018 0.5014928 -0.03778284 -0.8643365 0.5551463 -0.1300733 -0.821519 0.01821982 0.1122184 -0.9935165 -0.5890489 0.3079071 -0.7471377 -0.887726 0.4460757 -0.1138384 -0.8985763 0.3656198 0.242658 -0.8169966 0.5581945 -0.1446911 0.1174672 -0.0451985 -0.9920477 -0.9149712 0.3291821 -0.2333817 -0.5077725 0.6020757 -0.6161754 -0.8719902 0.2100015 0.4421905 -0.8524047 0.514739 -0.09192419 -0.397454 0.6320261 -0.6652618 -0.7406099 0.6596729 -0.127784 -0.4997556 0.5206614 -0.692211 -0.7785242 0.6039217 -0.1708181 -0.6380931 0.2128096 -0.7399658 -0.9598436 0.2055434 -0.190925 -0.6891493 -0.1861963 -0.7002887 -0.9833478 -0.1094406 -0.1450866 -0.9761509 0.007599234 -0.2169597 -0.9139845 -0.0968064 0.3940315 -0.8956236 0.1491485 0.4190624 -0.7525538 0.4442442 0.4861172 -0.7722128 0.3765537 0.5117566 0.1008049 -0.312547 0.9445384 0.1793028 -0.4891992 0.8535425 0.1772546 -0.4925164 0.8520613 0.1920281 -0.5287488 0.8267709 0.163582 -0.4972773 0.8520306 0.1165231 -0.4266613 0.8968738 0.09866845 -0.4184179 0.9028794 0.07522851 -0.3560612 0.9314296 0.05273795 -0.3330305 0.9414401 -0.01199394 -0.2358198 0.9717228 -0.009613573 -0.2367393 0.9715257 0.0230723 -0.08288949 0.9962917 0.1062659 -0.00451672 0.9943276 0.04004126 0.0847215 0.9955999 0.1028784 0.08597105 0.9909718 0.5793132 0.01419132 0.8149815 -0.05832254 -0.1365132 0.98892 0.5932419 -0.569406 0.5690702 0.7305727 -0.4851664 0.480497 0.1910806 -0.4914506 0.849685 -0.4544991 -0.379085 0.8060553 0.04092663 -0.6279087 0.7772102 -0.4283722 -0.5693418 0.7016745 -0.574442 -0.6019097 0.5547263 -0.1564114 -0.7953636 0.5856044 0.2410736 -0.9220858 0.302723 0.3694074 -0.6980713 0.6133798 0.7003129 -0.3563059 0.6185532 0.1464906 0.07330632 0.9864922 0.1395015 0.05725324 0.9885653 0.09845334 0.1345875 0.9859986 0.09088706 0.1030949 0.9905106 0.1162173 -0.003357112 0.9932181 0.1106019 0.03827112 0.9931277 0.3624764 -0.3636056 0.8581386 0.3297637 -0.2223349 0.9175093 0.4466778 -0.5400052 0.7133538 0.4623962 -0.5442487 0.699988 0.3591231 -0.2615216 0.8959001 -0.3345492 0.1443548 -0.9312565 -0.2624958 0.03854572 -0.964163 0.3389487 0.1065738 -0.934749 -0.3266457 0.1446909 -0.9340059 0.4204641 0.35146 -0.8364723 0.1611737 0.6658143 -0.7285015 -0.4230274 0.2375008 -0.8744378 0.1656272 0.6515525 -0.740302 -0.3489569 0.1844277 -0.918812 -0.3045778 0.06503558 -0.9502646 0.3271015 0.4540296 -0.8287712 0.5522792 0.2190377 -0.8043695 0.9529777 0.2049943 0.2231834 0.9420238 0.07373338 -0.3273447 0.9148986 0.124548 0.3839901 0.9915242 0.09878921 -0.08438438 0.7488746 0.1505501 0.6453847 0.7216968 -0.1228109 -0.6812279 0.5874675 0.01382523 -0.8091297 0.8785951 -0.1561377 -0.4513222 0.9855797 -0.1691972 0.00225836 0.9782968 -0.158914 0.1329727 0.708447 0.02374404 0.7053645 0.5993979 -0.01355051 0.8003366 0.6707305 -0.01831179 0.7414752 0.4317862 0.1239386 0.8934203 0.888808 0.09866827 0.4475322 0.3438577 0.2469903 0.9059568 0.9524037 0.04522901 0.3014658 0.4558039 0.241132 0.8567954 0.9355291 -0.2155556 0.2798591 0.3973847 0.03921657 0.9168139 0.6712484 -0.7223993 0.1660267 0.1842139 -0.542662 0.8195018 0.5263883 -0.8501927 0.009369254 0.04159742 -0.8218781 0.5681427 0.3953132 -0.8217254 0.4104812 -0.6620036 -0.5793561 0.4754975 -0.5823698 -0.2355176 0.7780597 -0.4755141 0.306989 0.8244054 -0.4399032 0.2686602 0.8569171 -0.2765308 0.2514443 0.9275272 -0.2529708 0.2591966 0.9321067 -0.07248288 0.1691064 0.9829289 0.533052 0.01394736 -0.8459676 0.7731562 0.2547786 0.5807904 0.7028943 0.4219319 0.5726371 0.7693307 0.4655416 0.4374943 0.9568656 0.166207 0.2382932 0.9897772 -0.1154246 0.08377593 0.9755854 -0.2195265 -0.006439566 0.6278778 -0.3713613 0.6840032 0.5545346 -0.1811317 0.8122086 0.3978436 -0.1620855 0.9030221 0.330641 -0.2071007 0.920753 0.3421856 -0.1996285 0.9181817 0.5078061 0.02746713 0.8610334 0.1565304 0.1106913 0.9814508 0.1064195 0.1218315 0.9868293 0.1728308 0.1280895 0.9765873 0.1933069 0.1236932 0.9733101 0.9567235 -0.1878166 -0.2222731 0.6870365 -0.2512907 -0.6817873 0.8930532 0.002349972 0.4499448 0.9488477 -0.14808 -0.2788556 0.6323845 0.08566683 0.7699032 0.9099884 0.3745611 0.1778348 0.3734891 0.3271921 0.8680157 0.7732326 0.5772693 0.262434 0.2269694 0.4360548 0.8708278 0.7814109 0.5773298 0.2368282 0.3954691 0.4001997 0.826707 0.9522092 0.2015204 0.2295373 0.6022907 -0.006225824 0.7982527 0.9852141 -0.03167867 0.1683732 0.6254358 -0.3288475 0.7075942 0.6834045 -0.1956551 0.7033331 0.007812798 -0.5135732 0.8580102 -0.09756904 -0.2469898 0.9640935 -0.2487024 0.005737602 0.968563 -0.4138388 0.04074293 0.9094381 -0.2656975 0.07425248 0.9611927 0.2862393 -0.1954753 -0.9380067 0.2810795 -0.2780276 -0.9185287 0.7012758 0.04498565 -0.7114693 0.1891278 -0.161813 -0.9685285 -0.2696036 -0.1946492 -0.9430937 -0.2751306 -0.1053522 -0.9556171 0.3712084 -0.04245257 -0.9275786 0.5846253 0.04126191 -0.8102536 0.9271 0.06793481 -0.368606 0.7453064 0.1496045 -0.6497207 0.9901893 0.09116023 -0.105901 0.967343 0.2339007 -0.09766209 0.7461887 0.3655561 -0.5563912 0.9064766 0.4179888 0.05987834 0.6205375 0.6170889 -0.4838746 0.8336617 0.5505964 0.04303199 0.4963591 0.7458814 -0.4441718 0.9109017 0.4049876 0.07901376 0.6844596 0.4475982 -0.5754747 0.9931081 0.01928776 -0.1156047 0.6973909 0.0546596 -0.7146037 0.6840001 0.3250618 -0.6530534 0.1754541 0.1105706 -0.9782586 0.04342907 0.4764383 -0.8781347 0.006103813 0.6463953 -0.7629784 0.1163076 0.5583435 -0.8214166 0.264387 0.4237272 -0.8663457 -0.5756879 0.1341023 -0.8065978 -0.5476886 -0.04812794 -0.8352969 -0.4198861 -0.1508575 -0.8949514 -0.6529623 -0.04742711 -0.7559041 -0.8359237 -0.2606043 -0.483029 -0.8599299 -0.2918823 -0.4187188 -0.8607035 -0.2698205 -0.4317251 -0.8548508 -0.2790701 -0.4374358 -0.8252202 -0.3442004 -0.4478145 -0.8056071 -0.3787699 -0.4555554 -0.7497081 -0.4735079 -0.4623073 -0.7146791 -0.5220695 -0.465486 -0.6952015 -0.546572 -0.4668553 -0.7033419 -0.5345411 -0.4685894 -0.7404314 -0.4775677 -0.4729592 -0.9371201 -0.04434424 -0.3461784 -0.9360293 -0.1189035 -0.3312268 -0.9235109 -0.2965856 -0.243238 -0.928432 -0.3095587 -0.2053958 -0.8806731 -0.4279456 -0.2031688 -0.875568 -0.4461005 -0.1854047 -0.77644 -0.5801097 -0.2461987 -0.7245292 -0.6253108 -0.2899032 -0.6947624 -0.6446809 -0.3188918 -0.6318446 -0.6759148 -0.379357 -0.8096442 -0.5135773 -0.2841033 0.2902978 -0.1103876 -0.9505482 0.2918531 -0.1243343 -0.9483473 0.303387 -0.1314137 -0.943762 0.3116316 -0.06070268 -0.948262 0.3196926 -0.0500521 -0.9461985 0.2250452 0.1062052 -0.9685428 0.2248063 0.1370323 -0.9647199 0.2693932 0.01693814 -0.9628814 0.271346 -0.007507681 -0.9624526 0.4040777 -0.2207472 -0.8876891 0.3883873 -0.1604089 -0.9074273 0.3046402 -0.01873862 -0.9522832 0.954135 0.05575752 -0.2941387 0.9673958 0.1281498 -0.218456 0.7952425 0.1901965 -0.5756864 0.8684499 0.312515 -0.3848756 0.7664352 0.3919004 -0.508912 0.8825439 0.4689525 0.03463888 0.8026256 0.594698 0.04611456 0.7194967 0.5441929 -0.4314844 0.9238849 0.3568944 -0.13807 0.7487298 0.3058338 -0.5881068 0.9897472 0.005218625 -0.1427353 0.7216334 0.1452727 -0.6768613 0.7512655 0.1114568 -0.6505209 0.4016314 -0.1972755 -0.8943013 0.4505766 0.1120337 -0.8856802 0.4112726 0.347244 -0.8427792 0.4789369 0.2364318 -0.8454109 0.4721041 0.8814604 0.01205509 0.4429513 0.8893207 -0.1135913 0.3648537 0.929881 0.04693806 0.3033006 0.9496991 -0.07797676 0.1930937 0.981064 0.01510685 0.1545204 0.9826376 -0.1026982 0.2953021 0.931227 -0.2135721 0.4117652 0.880052 -0.2365544 0.4325137 0.8513245 -0.2969488 0.4793368 0.867787 -0.1310805 0.5085451 0.8498438 -0.138375 0.5200153 0.8531315 0.04184168 0.3723043 -0.5599672 0.7401529 0.417566 -0.434962 0.7977762 0.3664134 -0.5454694 0.7537934 0.294116 -0.5814872 0.7585305 0.2874274 -0.5605413 0.776646 0.3554291 -0.4052062 0.8423053 0.3708062 -0.3775814 0.8484899 0.3705336 -0.4447563 0.815412 0.3876821 -0.4614464 0.7979787 0.3336068 -0.5979958 0.7287712 0.4102716 -0.4777499 0.776809 0.4627973 -0.3031194 0.833029 -0.8962498 -0.4409377 -0.04806733 -0.791527 -0.2827035 -0.5418153 -0.4352737 -0.6823927 0.5872625 -0.3971814 -0.5654051 0.722886 0.4763436 -0.6942506 0.5395488 0.7715254 -0.5964367 0.2213863 -0.3971825 -0.9176645 0.01175004 -0.4077055 -0.9112412 -0.0584442 -0.3817909 -0.9177936 -0.1090438 -0.3880245 -0.9069163 -0.1641336 -0.3444437 -0.9131452 -0.2180011 -0.3852425 -0.9166409 -0.1065726 -0.3537176 -0.9109069 -0.2124442 -0.3366248 -0.9064149 -0.255139 -0.3817038 -0.9188114 -0.1004387 -0.3563998 -0.9297281 -0.09265542 -0.4190322 -0.9063974 0.05343955 -0.4090445 -0.9125144 6.10378e-5 0.4931036 -0.004577875 -0.8699585 0.7242246 -0.06650167 -0.6863501 0.4498288 0.005859732 -0.8930957 0.1555865 0.07040756 -0.9853099 0.1845225 0.6577928 -0.7302467 0.4958108 0.5765029 -0.6494737 0.1844558 0.6578028 -0.7302545 -0.1470412 0.666721 -0.7306586 0.401695 0.5737934 -0.7137243 0.6939822 0.4355129 -0.5733388 0.3695632 0.5837507 -0.7229511 0.03766089 0.6423112 -0.7655181 0.3433727 -0.6464903 0.6812824 0.9429782 -0.1863494 0.2758008 0.5406707 -0.507802 0.6706807 -0.04428344 -0.7436324 0.6671206 -0.1643757 -0.7858358 0.5961902 -0.03604316 -0.7925536 0.6087363 0.4028163 0.8814716 0.246469 0.4403917 0.8893287 0.1230838 0.2971931 0.9280798 0.224375 0.3052504 0.9485287 0.08435434 0.1698104 0.9786686 0.1156383 0.1921777 0.9813056 -0.01034587 0.3665345 0.9297038 -0.03610408 0.474902 0.8800382 0.00100708 0.5230349 0.851328 -0.04092597 0.480652 0.8677921 0.1261371 0.5096119 0.8498415 0.1344071 0.4294073 0.853138 0.2962514 -0.191201 0.9815493 0.001770079 -0.1886688 0.6119377 -0.7680732 -0.2056702 0.6268073 -0.7515401 -0.2313316 0.9728745 0.001037597 -0.03262472 0.9982441 0.04944068 -0.009308159 0.6534358 -0.7569247 0.06558609 0.9946869 0.07935029 -0.05166822 -0.8749418 0.4814637 0.03174012 -0.8927832 0.4493672 -0.02554476 -0.9967648 0.07620704 0.2094191 -0.9751631 0.0721156 0.1031537 -0.6548125 -0.748719 -0.07230019 -0.5500187 -0.832017 0.037813 0.5712238 -0.819923 -0.00238049 0.5563738 -0.8309288 0.06790554 0.9950531 -0.07251399 0.083561 0.9948584 -0.05722308 0.1032475 0.7087242 0.6978897 0.06995034 0.6247008 0.7777249 0.01474052 0.09659171 0.995215 0.02963393 0.2101539 0.9772191 0.02847433 0.6329977 0.7736299 -0.05279773 0.2888617 0.955914 -0.06094712 0.6304689 0.7738182 0.02893221 0.3458138 0.937857 0.02533078 0.6797503 0.7330061 0.04113972 0.6315926 0.7742083 -0.03048831 0.6328387 0.7736832 -0.2164085 0.6574658 0.7217383 -0.1855287 0.6753686 0.7137622 0.5183972 0.6055598 0.6037896 0.520681 0.8537325 0.005676448 0.9868909 0.1465214 -0.06766045 0.5245641 0.5511463 -0.6488993 0.5265209 -0.205304 -0.8250007 -0.06622713 -0.3119696 -0.9477811 -0.04825025 -0.8409466 -0.5389627 -0.03195351 -0.3246323 -0.9453005 0.03381502 -0.995957 -0.0832253 0.01803702 -0.3377294 -0.9410704 0.02258384 -0.999701 -0.009369194 0.05752909 -0.9983213 0.006714224 -0.001617491 -0.802344 0.5968597 0.1379145 -0.7682502 0.625117 0.1641019 -0.9857712 -0.03640943 0.1396568 -0.76503 0.6286693 0.1013844 -0.9937624 0.04645001 0.08276844 -0.7881927 0.6098376 0.09237986 -0.9954261 0.02435386 -0.07611358 -0.9951841 0.06176978 -0.07553625 -0.5963553 -0.7991588 0.02273684 0.5397645 -0.8415089 0.009735703 0.6160075 -0.7876802 0.01055943 0.9999158 -0.00753808 -0.1258292 0.9907947 0.04992884 -0.008484363 0.9999385 0.00714153 0.1054756 0.6626409 -0.741473 0.291243 -0.8946958 0.3386696 0.04266542 -0.3864917 -0.9213055 0.09631901 0.1512538 0.9837912 0.2291687 -0.5469043 -0.8052189 -0.02154666 -0.341176 -0.9397525 -0.1306527 0.6476175 -0.7506808 0.006042778 0.6761862 -0.7367061 0.09769034 -0.1736208 -0.9799553 0.11475 -0.3566712 -0.927156 0.002655148 -0.8175423 0.5758625 0.01492393 -0.7942357 0.6074267 0.2064292 0.1538758 0.9662864 0.1887621 0.6761865 0.7121383 0.07010257 0.9952612 -0.06738632 0.4341002 0.3033879 0.848241 -0.1622391 0.2996968 0.9401385 -0.1500308 0.3368064 0.9295442 -0.0212717 0.2554135 0.9665979 0.05682665 0.2696062 0.9612925 -0.3613497 -0.9100884 -0.2028929 -0.3531349 -0.8957927 -0.2699097 -0.2877934 -0.9116001 -0.293531 -0.2763172 -0.8961542 -0.3472124 -0.1959648 -0.9095073 -0.3665984 -0.2803472 -0.916637 -0.284925 -0.2000857 -0.910915 -0.3608319 -0.1639509 -0.9063996 -0.3893072 -0.2803201 -0.9188151 -0.277848 -0.2623094 -0.9297258 -0.258464 -0.3896127 -0.9064005 -0.1632186 -0.3542928 -0.9125124 -0.2044455 -0.2719217 -0.6979629 0.6625002 -0.3878052 -0.8907892 -0.2368581 -0.1468901 -0.484252 0.86251 -0.1278442 -0.5201357 0.8444612 0.1710571 -0.970921 -0.1674864 0.249917 -0.9664027 0.06006062 -0.2328939 -0.9155224 -0.3279925 -0.1643143 -0.9804233 -0.1084951 -0.5232449 -0.8410982 0.1369989 -0.5085706 -0.8473024 0.1530839 -0.08014315 -0.5471769 0.8331714 -0.00677514 -0.7343758 0.6787093 0.08084595 -0.9526643 -0.2930781 0.2109779 -0.7960578 0.5672568 0.1868368 -0.9532279 -0.2375897 -0.06271636 -0.7385884 0.6712332 -0.08194464 -0.9797043 -0.1829335 -0.6809535 -0.7291744 -0.06787556 -0.2979607 -0.4137513 -0.8602497 -0.894719 -0.4069679 0.1839977 -0.4401167 -0.8947606 0.07550436 -0.3365017 -0.3454132 -0.8760458 -0.07571929 -0.39172 -0.9169636 0.03372317 -0.4462144 -0.8942905 0.5892407 -0.7555416 0.2862733 0.476464 -0.8787667 -0.02740609 0.3767537 -0.8689292 -0.3209655 0.1827475 -0.9144091 -0.3611919 -0.09808725 -0.9935992 -0.05603241 -0.425652 -0.8840512 0.1930648 -0.6328739 -0.769874 0.08224886 -0.3963296 -0.4676238 0.7900956 0.1927914 -0.978454 0.07388758 0.1365724 -0.5814477 0.802039 0.318621 -0.5498045 0.7721372 0.4132011 -0.9099032 0.03662317 -0.00451672 -0.6093668 0.7928757 0.1713345 -0.9802751 0.0985158 -0.4237294 -0.898243 -0.1166751 0.03650081 -0.6271367 -0.7780535 -0.7403231 -0.6719917 0.01867741 -0.5762326 -0.538694 -0.6146258 0.01931875 -0.6800034 -0.7329545 0.2828527 -0.649969 -0.7053614 -0.2310917 -0.9578468 -0.1706637 -0.03912526 -0.598324 -0.8002985 0.01773142 -0.529655 -0.8480278 -0.3499975 -0.575384 0.7392125 0.1753306 -0.9691559 0.1731943 0.1758525 -0.5290225 0.8301874 0.3257917 -0.5480014 0.7704247 0.4516263 -0.8758156 0.1702373 0.420799 -0.8843554 0.2020983 0.286516 -0.8351631 -0.4694797 -0.001678526 -0.9940087 0.1092891 -0.3402858 -0.9367476 -0.08191275 0.1366023 -0.710387 0.6904276 0.3881437 -0.7495831 -0.536162 0.1447215 -0.7812279 -0.6072385 -0.3406288 -0.4439375 0.8287892 -0.6454467 -0.7575126 0.09784394 -0.4203785 -0.3930329 -0.8178063 0.0459311 -0.953445 -0.2980488 -0.1008951 -0.3587787 -0.9279538 -7.32451e-4 -0.4239059 -0.9057061 0.1654137 -0.9514037 -0.2597484 -0.1220452 -0.9753547 -0.1838155 0.2085665 -0.7929741 0.5724441 -0.1858642 -0.7033541 0.6861105 -0.6978905 -0.7136996 -0.05984878 -0.9281936 -0.3502318 -0.1256757 -0.2749488 -0.4228456 -0.8634841 0.0462976 -0.7905392 0.610659 -0.3220109 -0.3156323 -0.8925723 -0.8163883 -0.2000533 -0.5417461 -0.5075956 0.5415329 -0.6701409 -0.7939037 -0.481323 -0.3715444 0.01428294 -0.8482803 -0.529355 -0.2094818 -0.1183524 -0.9706236 -0.4038637 0.7248977 -0.558048 -0.5131793 0.6478907 -0.5629254 -0.4436289 -0.1909594 -0.87563 -0.08942192 -0.8986141 -0.4295305 0.1823233 -0.8441686 -0.5041207 -0.250226 0.9300692 -0.2689952 -0.25319 0.9544371 0.1579385 -0.2406144 0.9367606 0.2541345 -0.1140509 0.9371282 -0.329823 -0.274058 0.9409224 -0.1988904 -0.2993353 0.9065513 0.2975957 -0.1380369 0.800236 0.5835824 -0.1375817 0.6930967 0.7075934 -9.46097e-4 0.5762036 0.8173058 -0.08975714 0.9458837 0.3118459 -0.0787391 0.9852463 0.1519543 0.2576153 0.8421863 -0.473663 -0.114171 0.9934499 -0.004730403 -0.2647871 0.01614481 0.9641718 -0.01977646 0.4474435 0.8940935 -0.1556477 0.9831444 0.09592169 -0.03296035 0.666288 0.7449657 -0.0667752 0.9836829 0.16706 -0.1949241 0.9571336 0.2142426 -0.1239091 0.8637931 -0.4883729 -0.1912016 0.9025691 -0.3857603 -0.2671683 0.9499826 0.1617231 -0.2196772 0.8852096 -0.4100561 -0.4354822 0.8673936 0.2407985 -0.1501573 0.7013446 0.6968276 -0.1283028 0.6770692 0.7246487 -0.2405237 0.4783923 -0.8445646 -0.135505 0.9894617 -0.05102801 0.1569911 0.694191 0.7024618 -0.06601214 0.9889315 0.1328788 0.04727345 0.9060095 0.4206091 -0.2578558 0.9610156 -0.09979742 -0.5049092 0.8521868 -0.1372752 -0.8875744 0.2243504 0.4023414 -0.1554957 0.5937221 0.7895032 -0.3687579 0.9277999 -0.05661225 -0.1909592 0.9773501 -0.09122216 -0.1714283 0.7625614 -0.623789 -0.4632837 0.877126 -0.1265637 -0.390071 0.6957858 -0.6030978 -0.4433184 0.8917945 -0.09039711 -0.3592398 0.7110636 -0.60443 -0.497945 0.8596846 -0.1139878 -0.3929054 0.8201145 0.415978 -0.3903136 0.828207 0.4021551 -0.1463996 0.900402 0.4096871 -0.2671371 0.9464705 -0.1811942 -0.3670223 0.425741 -0.8270667 0.3069615 0.5203818 0.7968547 0.3128798 0.5023106 0.8060958 0.05997067 0.4625833 -0.8845452 -0.1207665 0.8527212 -0.5082145 -0.1111508 0.8304875 -0.5458352 -0.5053424 0.7951558 -0.335196 -0.2731734 0.9568851 -0.09872817 -0.6522793 0.1370601 0.7454839 -0.1972181 0.6644132 0.7208746 -0.1651084 0.8862751 -0.4327305 -0.2265105 0.9365304 -0.2675889 -0.1180788 0.4049899 -0.9066646 -0.548771 0.7838017 -0.2906982 -0.3079042 0.4176193 -0.8548622 -0.3680362 0.4172033 -0.8309578 -0.6826202 0.66791 -0.2965233 -0.8151329 0.4527804 -0.3613148 -0.6191688 0.7391389 0.2651488 -0.4850091 0.7795487 0.3963207 -0.2418076 0.8158528 0.5252747 0.128274 0.6207692 -0.7734284 0.471488 -0.3741019 0.7985906 0.4974036 0.1849164 0.8475822 0.6243712 -0.1720088 0.7619538 0.4768052 0.2378684 0.8462125 0.3192648 0.5112938 0.7979027 0.4223543 -0.01883029 0.9062352 0.2322807 0.7972807 0.5571259 0.1926048 0.8074696 0.5575807 0.04410052 0.9902321 -0.132271 -0.0538659 0.9941545 -0.09357106 0.1629428 0.6896765 -0.7055466 0.1886696 0.556792 -0.8089416 0.3897594 -0.007873892 -0.9208832 0.1694725 0.1521987 -0.9737118 0.08389645 0.3266438 -0.9414166 0.06390768 0.6281815 -0.7754378 0.06338757 0.9439774 -0.3238657 0.1193296 0.990283 -0.07141458 0.242142 0.8692576 0.430997 0.4975183 -0.06064093 -0.8653314 0.2592872 0.5718296 0.7783194 0.4116152 -0.3686134 0.833485 0.5153815 -0.01800644 0.8567718 0.6849659 -0.7021175 -0.1945579 0.7364971 -0.5549365 -0.3868044 0.8098593 -0.5778823 0.1008967 0.7651157 -0.6207295 0.1711515 0.6676059 -0.5754687 -0.472375 0.7578216 -0.6519201 0.02658218 0.7141487 -0.6990417 0.03650093 0.5085465 -0.7572195 -0.409877 0.1129816 -0.7468935 -0.6552752 0.5285234 -0.8466506 0.06201404 0.6893272 -0.7118501 -0.1345267 0.7238892 -0.6881204 0.04974657 0.7266403 -0.4858409 0.4857494 0.6396911 -0.5380607 0.5488952 0.6027057 -0.5231404 0.602553 0.479639 -0.6531099 0.5859982 0.2201955 -0.7777494 0.5887444 -0.01919651 -0.8031111 -0.59552 -0.5992431 -0.1155454 -0.792185 -0.5929617 -0.3750836 -0.7125368 0.7023116 -0.6579364 0.2718054 -0.1934275 -0.1186567 -0.973913 -0.1934633 -0.1186295 -0.9739091 -0.7501922 -0.008301198 -0.6611677 -0.1933981 -0.1186574 -0.9739187 -0.1934627 -0.1186595 -0.9739057 -0.9855309 -0.06463998 -0.1566863 -0.9918972 0.105504 -0.07077348 -0.9871102 -0.1396249 -0.07822048 -0.9353799 -0.3534111 -0.01284849 -0.9088263 -0.4170731 -0.009216725 -0.8502671 -0.5244127 0.045138 -0.8284754 -0.5584717 0.04168927 -0.8320182 -0.554689 -0.008118093 -0.8404573 -0.5418614 -0.004211544 -0.8174242 -0.5758349 -0.01522904 -0.6720032 -0.7399391 -0.0300309 -0.6609233 -0.7498561 -0.02993929 -0.4882131 -0.870159 -0.06686723 -0.6346521 -0.7641157 -0.1155161 0.2256 0.8814635 0.4148818 0.3198407 0.889328 0.326799 0.1532959 0.9237433 0.3509968 0.2278244 0.9463945 0.2289841 0.1033062 0.9743742 0.1998066 0.1850674 0.9784401 0.09167915 0.3389451 0.9278417 0.1556474 0.4107556 0.8800467 0.238323 0.4734399 0.8513251 0.2260535 0.3531731 0.8677952 0.3495718 0.374136 0.8498402 0.3712061 0.2237365 0.8531348 0.4712781 -0.9423363 -0.3172454 -0.1065725 -0.9903749 -0.1142939 -0.07806783 -0.9365922 -0.3317396 -0.1128891 -0.984471 0.1716064 -0.03698861 -0.997852 0.04724353 -0.04538184 -0.9432343 0.3321127 -0.003204524 -0.9411195 0.3353751 -0.04263526 -0.995494 0.03762972 -0.0870397 -0.9943346 0.003570675 -0.1062361 -0.9956937 -0.09250414 0.006103813 -0.9816837 -0.1672762 -0.09119164 -0.9812765 0.01779252 -0.1917812 -0.9441987 0.03595143 -0.3274085 -0.8603158 0.1313256 -0.4925551 -0.8525786 0.1191156 -0.5088432 -0.8634852 0.1455775 -0.4829083 -0.8672915 0.1437754 -0.4765861 -0.8914901 0.2819649 0.3546001 -0.2136024 -0.9036371 -0.3712331 -0.1750242 -0.8804317 -0.4406889 -0.106786 -0.9050409 -0.4117013 -0.06601309 -0.8833486 -0.4640449 0.01016277 -0.9051617 -0.424946 -0.1003162 -0.9166401 -0.3869207 0.007110953 -0.9109039 -0.4125574 0.05264478 -0.9064064 -0.4191137 -0.1038568 -0.9188113 -0.3807882 -0.09790456 -0.9297273 -0.3549957 -0.255813 -0.9063935 -0.3361704 -0.2045691 -0.9125191 -0.3542039 0.1643757 -0.7858358 0.5961902 0.03604316 -0.7925536 0.6087363 0.04428344 -0.7436324 0.6671206 -0.3433727 -0.6464903 0.6812824 -0.5406707 -0.507802 0.6706807 -0.9429782 -0.1863494 0.2758008 -0.03381502 -0.995957 -0.0832253 0.03195351 -0.3246323 -0.9453005 -0.01803702 -0.3377294 -0.9410704 -0.02258384 -0.999701 -0.009369194 -0.05752909 -0.9983213 0.006714224 -0.11475 -0.3566712 -0.927156 -0.1641019 -0.9857712 -0.03640943 -0.04266542 -0.3864917 -0.9213055 -0.09237986 -0.9954261 0.02435386 -0.1013844 -0.9937624 0.04645001 0.02154666 -0.341176 -0.9397525 -0.09769034 -0.1736208 -0.9799553 -0.1054756 0.6626409 -0.741473 0.009308159 0.6534358 -0.7569247 0.2056702 0.6268073 -0.7515401 0.03262472 0.9982441 0.04944068 0.2313316 0.9728745 0.001037597 0.191201 0.9815493 0.001770079 -0.06558609 0.9946869 0.07935029 -0.520681 0.8537325 0.005676448 -0.5183972 0.6055598 0.6037896 0.1855287 0.6753686 0.7137622 0.2164085 0.6574658 0.7217383 0.03048831 0.6328387 0.7736832 -0.04113972 0.6315926 0.7742083 -0.02533078 0.6797503 0.7330061 0.008484363 0.9999385 0.00714153 -0.006042778 0.6761862 -0.7367061 0.1306527 0.6476175 -0.7506808 -0.009735703 0.6160075 -0.7876802 -0.02273684 0.5397645 -0.8415089 0.07553625 -0.5963553 -0.7991588 0.07611358 -0.9951841 0.06176978 0.1258292 0.9907947 0.04992884 0.05166822 -0.8749418 0.4814637 -0.08276844 -0.7881927 0.6098376 -0.1396568 -0.76503 0.6286693 -0.1379145 -0.7682502 0.625117 0.001617491 -0.802344 0.5968597 -0.01492393 -0.7942357 0.6074267 -0.002655148 -0.8175423 0.5758625 0.04825025 -0.8409466 -0.5389627 0.06622713 -0.3119696 -0.9477811 0.1886688 0.6119377 -0.7680732 -0.5245641 0.5511463 -0.6488993 -0.9868909 0.1465214 -0.06766045 -0.4341002 0.3033879 0.848241 0.1622391 0.2996968 0.9401385 0.1500308 0.3368064 0.9295442 0.0212717 0.2554135 0.9665979 -0.05682665 0.2696062 0.9612925 -0.02893221 0.3458138 0.937857 0.06094712 0.6304689 0.7738182 -0.01055943 0.9999158 -0.00753808 -0.083561 0.9948584 -0.05722308 0.00238049 0.5563738 -0.8309288 0.07230019 -0.5500187 -0.832017 0.02554476 -0.9967648 0.07620704 -0.03174012 -0.8927832 0.4493672 -0.2094191 -0.9751631 0.0721156 -0.291243 -0.8946958 0.3386696 -0.5265209 -0.205304 -0.8250007 -0.2291687 -0.5469043 -0.8052189 -0.06790554 0.9950531 -0.07251399 -0.1032475 0.7087242 0.6978897 -0.06995034 0.6247008 0.7777249 -0.02847433 0.6329977 0.7736299 0.05279773 0.2888617 0.955914 -0.02963393 0.2101539 0.9772191 -0.01474052 0.09659171 0.995215 -0.09631901 0.1512538 0.9837912 -0.1887621 0.6761865 0.7121383 -0.07010257 0.9952612 -0.06738632 -0.037813 0.5712238 -0.819923 -0.1031537 -0.6548125 -0.748719 -0.2064292 0.1538758 0.9662864 -0.03372317 -0.4462144 -0.8942905 -0.1868368 -0.9532279 -0.2375897 -0.08084595 -0.9526643 -0.2930781 0.07571929 -0.39172 -0.9169636 0.5085706 -0.8473024 0.1530839 0.3365017 -0.3454132 -0.8760458 0.5232449 -0.8410982 0.1369989 0.2719217 -0.6979629 0.6625002 0.08194464 -0.9797043 -0.1829335 0.2979607 -0.4137513 -0.8602497 0.6809535 -0.7291744 -0.06787556 0.894719 -0.4069679 0.1839977 0.06271636 -0.7385884 0.6712332 -0.2109779 -0.7960578 0.5672568 0.00677514 -0.7343758 0.6787093 0.08014315 -0.5471769 0.8331714 0.1278442 -0.5201357 0.8444612 0.1468901 -0.484252 0.86251 0.3878052 -0.8907892 -0.2368581 0.1643143 -0.9804233 -0.1084951 0.4401167 -0.8947606 0.07550436 0.425652 -0.8840512 0.1930648 0.6328739 -0.769874 0.08224886 0.5762421 -0.5386724 -0.6146359 -0.01931875 -0.6800034 -0.7329545 -0.1927914 -0.978454 0.07388758 -0.2828527 -0.649969 -0.7053614 -0.4132011 -0.9099032 0.03662317 -0.03650081 -0.6271367 -0.7780535 -0.1713345 -0.9802751 0.0985158 0.4237294 -0.898243 -0.1166751 0.00451672 -0.6093668 0.7928757 0.7403231 -0.6719917 0.01867741 0.3963296 -0.4676238 0.7900956 -0.1365724 -0.5814477 0.802039 -0.318621 -0.5498045 0.7721372 -0.3881437 -0.7495831 -0.536162 -0.286516 -0.8351631 -0.4694797 -0.4516263 -0.8758156 0.1702373 -0.1753306 -0.9691559 0.1731943 -0.3257917 -0.5480014 0.7704247 -0.1758525 -0.5290225 0.8301874 0.3499975 -0.575384 0.7392125 0.2310917 -0.9578468 -0.1706637 0.09808725 -0.9935992 -0.05603241 -0.1710571 -0.970921 -0.1674864 0.2328939 -0.9155224 -0.3279925 -0.249917 -0.9664027 0.06006062 -0.476464 -0.8787667 -0.02740609 -0.5892407 -0.7555416 0.2862733 -0.3767537 -0.8689292 -0.3209655 -0.1827475 -0.9144091 -0.3611919 -0.1447215 -0.7812279 -0.6072385 0.03912526 -0.598324 -0.8002985 -0.01773142 -0.529655 -0.8480278 -0.420799 -0.8843554 0.2020983 -0.1366023 -0.710387 0.6904276 0.001678526 -0.9940087 0.1092891 0.3402858 -0.9367476 -0.08191275 -0.01428294 -0.8482803 -0.529355 0.8163883 -0.2000533 -0.5417461 0.7939037 -0.481323 -0.3715444 0.5075956 0.5415329 -0.6701409 0.3220109 -0.3156323 -0.8925723 0.2094818 -0.1183524 -0.9706236 -0.1823233 -0.8441686 -0.5041207 0.4436289 -0.1909594 -0.87563 0.08942192 -0.8986141 -0.4295305 0.5131793 0.6478907 -0.5629254 0.4038637 0.7248977 -0.558048 -0.1654137 -0.9514037 -0.2597484 7.32451e-4 -0.4239059 -0.9057061 0.1220452 -0.9753547 -0.1838155 0.2749488 -0.4228456 -0.8634841 0.6978905 -0.7136996 -0.05984878 0.9281936 -0.3502318 -0.1256757 0.1858642 -0.7033541 0.6861105 -0.2085665 -0.7929741 0.5724441 -0.0459311 -0.953445 -0.2980488 0.1008951 -0.3587787 -0.9279538 0.4203785 -0.3930329 -0.8178063 0.6454467 -0.7575126 0.09784394 0.3406288 -0.4439375 0.8287892 -0.0462976 -0.7905392 0.610659 -0.01205509 0.8814604 0.4721041 0.1135913 0.8893207 0.4429513 -0.04138362 0.9218241 0.385393 0.08173125 0.9439384 0.3198446 -0.01129204 0.971605 0.2363396 0.1239073 0.9728866 0.1952914 0.2182098 0.9237754 0.31468 0.2365514 0.8800409 0.4117905 0.2969488 0.8513245 0.4325137 0.1310805 0.867787 0.4793368 0.138375 0.8498438 0.5085451 -0.04184168 0.8531315 0.5200153 -0.4116152 -0.3686134 0.833485 -0.471488 -0.3741019 0.7985906 -0.4223543 -0.01883029 0.9062352 -0.5153815 -0.01800644 0.8567718 -0.1926048 0.8074696 0.5575807 -0.2322807 0.7972807 0.5571259 -0.04410052 0.9902321 -0.132271 0.0538659 0.9941545 -0.09357106 -0.1629428 0.6896765 -0.7055466 -0.1886696 0.556792 -0.8089416 -0.4975183 -0.06064093 -0.8653314 -0.3897594 -0.007873892 -0.9208832 -0.1694725 0.1521987 -0.9737118 -0.08389645 0.3266438 -0.9414166 -0.06390768 0.6281815 -0.7754378 -0.06338757 0.9439774 -0.3238657 -0.1193296 0.990283 -0.07141458 -0.242142 0.8692576 0.430997 -0.3192648 0.5112938 0.7979027 -0.4974036 0.1849164 0.8475822 -0.6243712 -0.1720088 0.7619538 -0.4768052 0.2378684 0.8462125 -0.2592872 0.5718296 0.7783194 -0.8055777 -0.3376004 0.486899 -0.8135907 -0.3406594 0.4711916 -0.04080349 0.1183516 0.9921331 0.05493414 0.2171425 0.9745929 0.8461036 0.4836622 0.2240081 0.7335592 0.438988 0.5188262 -0.7850362 0.6088204 0.1142625 -0.9210163 0.3634867 0.1400232 -0.7597409 0.6095873 0.2262681 -0.5971343 0.7806449 0.1844567 -0.528497 0.7760974 0.3440403 -0.398555 0.8960239 0.1956914 -0.3042726 0.8886775 0.3430315 -0.1732277 0.9634342 0.2044184 -0.1686485 0.8851454 0.4336764 -0.09735655 0.9616328 0.2564843 -0.05966496 0.9593698 0.2757711 -0.07959461 0.9912704 0.1051088 -0.2258715 0.9668434 0.1191464 -0.2460147 0.9662052 0.0769692 -0.4342322 0.8942839 0.1081613 -0.6220725 0.7766828 0.09894317 -0.09091728 0.8793559 0.4674049 -0.957882 0.06473165 0.2797713 -0.9404667 -0.2430515 0.2375887 -0.8944765 -0.1897966 0.4048323 -0.8231422 -0.3416966 0.4535202 -0.7377712 -0.19398 0.6465798 -0.7457034 -0.4470436 0.494043 -0.6515228 -0.2549264 0.7145143 -0.6173196 -0.5614992 0.5510311 -0.5866996 -0.4238801 0.6900068 -0.497982 -0.6238127 0.6023883 -0.4784548 -0.531864 0.6987143 -0.3413843 -0.6859121 0.6426363 -0.3478299 -0.5353719 0.7696696 -0.20243 -0.6060692 0.7692218 -0.1663917 -0.7412247 0.6503074 -0.08896261 -0.6607649 0.7453023 -0.05990952 -0.7988451 0.5985463 -0.1137137 -0.919018 0.3774587 0 -0.9310058 0.3650045 -0.04687678 -0.9832841 0.1759406 -0.1514651 -0.9699203 0.1905598 -0.06708186 -0.9833382 0.1689559 -0.1152401 -0.9763367 0.1829925 -0.2070712 -0.958723 0.1948636 -0.2756196 -0.951927 0.1336745 -0.3193793 -0.9447708 0.07351976 -0.4179291 -0.901871 0.1093806 -0.4353888 -0.8982754 0.05948215 -0.6459681 -0.7523273 0.1293401 -0.6625021 -0.745208 0.07586973 -0.8413032 -0.5122409 0.1726799 -0.8462125 -0.5209669 0.1118842 -0.9561091 -0.2510824 0.15104 -0.9835419 0.06918698 0.1669094 -0.8972564 0.3567968 0.2600518 -0.6734996 0.6192668 0.4036175 -0.4312424 0.7703155 0.4697277 -0.3021993 0.7637078 0.5704613 -0.1668472 0.7547342 0.634459 -0.08597135 0.7527452 0.6526742 -0.101506 0.5833086 0.8058832 -0.2014898 0.6103595 0.76607 -0.2104954 0.4871578 0.8475666 -0.3969334 0.4267507 0.8126056 -0.2288036 0.3391922 0.9124678 -0.4041037 0.319993 0.8569159 -0.413536 0.2348152 0.8796873 -0.6033229 0.2403953 0.7604023 -0.4308979 0.155006 0.8889883 -0.4672477 0.03787422 0.8833149 -0.244916 0.1212525 0.9619325 -0.2597783 -0.1666036 0.951188 -0.1312341 0.1260152 0.9833096 -0.1380981 -0.1490544 0.9791383 -0.2431156 -0.4910838 0.8364996 -0.133673 -0.4799106 0.8670741 -0.2169314 -0.6581493 0.720958 -0.1240913 -0.6479853 0.7514762 -0.1122509 0.3552476 0.9280081 -0.5379584 0.003204464 0.8429654 -0.610383 -0.7486348 0.2588024 -0.43978 -0.813242 0.3810918 -0.4574922 -0.8646268 0.2076569 -0.3223153 -0.9259584 0.1967585 -0.2737274 -0.8862494 0.3736781 -0.8638461 0.04333722 0.5018883 -0.8020695 0.3519144 0.4825357 -0.6763747 0.4677429 0.5689763 -0.5710152 0.5586245 0.6015651 -0.7914841 -0.03833204 0.6099866 -0.7396883 0.1678848 0.6516717 -0.7956045 0.2009077 0.5715327 -0.6944634 0.3260362 0.6414211 -0.4887984 0.5580775 0.6705414 -0.3361658 0.629483 0.7005311 -0.4192732 0.484737 0.7676198 -0.4801604 -0.2071346 0.852374 -0.5977818 -0.1153325 0.7933191 -0.6839656 -0.1160644 0.7202224 -0.7973779 -0.3019275 0.5225211 -0.8485878 -0.2617942 0.459742 -0.8408967 -0.3477362 0.4146955 -0.7665188 -0.3863724 0.5129964 -0.6809331 -0.3758683 0.6285325 -0.6553434 -0.4695106 0.5916798 -0.5795684 -0.4096349 0.7044854 -0.5495887 -0.5223351 0.652011 -0.4472344 -0.46225 0.7657065 -0.4012359 -0.6109029 0.6825008 0.669054 0.6824216 0.2943935 0.678254 0.1254941 0.7240325 0.9107457 0.3489229 0.220896 0.7640495 -0.06024497 0.6423387 0.1477422 -0.1667555 0.9748666 -0.09726548 -0.2422329 0.9653304 0.3768801 0.3670224 0.8504446 0.1060833 0.4995318 0.8597757 0.2733947 0.8942857 0.3542717 -0.2649419 0.4464125 0.8547058 0.03488361 0.9343193 0.3547263 -0.4988034 0.2736948 0.8223664 0.02758932 0.8714141 0.4897718 -0.5648875 0.06958466 0.8222289 -0.7245891 -0.5969879 0.3443492 -0.5836434 0.03433376 0.8112839 -0.8052016 -0.5668731 0.1740844 -0.7038042 -0.07437539 0.7064899 0.1818643 0.3808501 0.9065752 -0.7978265 -0.07501554 0.598202 0.2740303 -0.07999032 0.9583888 -0.745054 -0.004791438 0.666987 0.3063245 -0.5042131 0.8074246 -0.8115966 0.04205542 0.5827026 0.04513853 -0.7710483 0.6351748 -0.4018434 -0.6434012 0.6515803 -0.7266712 0.3606193 0.5847246 -0.6239976 0.4073106 0.6668772 -0.114722 0.9737481 0.1966052 -0.1445404 0.9775708 0.1531774 -0.6872316 0.185099 0.7024607 -0.6344329 0.7708842 -0.05685722 -0.7240967 -0.04147547 0.6884503 -0.9237185 0.3795343 -0.0519433 -0.5300233 -0.06076329 0.8458033 -0.9436953 0.2976878 -0.1442964 -0.6572266 0.03097677 0.7530563 -0.6580788 0.1080979 0.7451492 0.3072075 -0.3014394 0.9026395 -0.5361579 0.03979676 0.8431791 0.3978231 -0.2994585 0.8672148 0.1154533 -0.5123831 0.8509607 -0.6167908 0.1276308 0.7767108 -0.6436795 0.2776022 0.7131716 -0.8718199 0.481384 -0.09055131 -0.5984549 0.7995473 0.05075371 -0.2066108 0.9609083 0.1843017 -0.4941387 0.3787451 0.7825466 0.2929858 0.8935457 0.3401992 -0.2708005 0.4779066 0.835627 0.5834653 0.6637917 0.4679197 -0.2026166 0.3056188 0.930346 -0.1471646 0.2745222 0.9502527 -0.7849805 -0.3488633 0.5119571 -0.7955745 -0.3459962 0.4973409 -0.131628 0.281842 0.9503889 0.636476 0.6109009 0.4708487 0.6278117 0.6237527 0.4656019 -0.5787612 -0.5617927 0.5911214 -0.8189488 -0.3065946 0.4851007 0.1992596 0.641818 0.7405169 0.06817948 0.7457022 0.6627819 -0.2137861 -0.2044473 0.955247 -0.4283062 -0.3172469 0.8461137 -0.6510403 -0.4545562 0.6078858 -0.9291189 0.3625651 -0.07269614 -0.9062454 0.3971195 -0.1449675 -0.5289293 -0.6496635 0.5460506 -0.4029419 -0.6401048 0.6541435 -0.1330955 -0.5871644 0.7984508 0.316364 -0.3863145 0.866415 0.30943 -0.2720749 0.9111688 -0.9167777 -0.3987078 0.0234695 -0.9814864 -0.02929806 -0.189278 -0.8922832 0.4111821 -0.1864404 -0.6923277 0.714088 -0.1037347 -0.3811573 0.9244644 0.009216845 -0.5462349 0.7776018 -0.3113887 -0.4540939 0.7757654 -0.438163 -0.5785492 0.5870031 -0.5663111 -0.6922678 0.5986653 -0.4029455 -0.6624315 0.346674 -0.6640796 -0.8003759 0.3622674 -0.4776619 -0.7007484 0.07791519 -0.7091411 -0.8549907 0.07468003 -0.5132386 -0.8364107 -0.2400645 -0.4927334 -0.8249287 -0.5212646 -0.2185771 -0.9320815 -0.2572754 -0.2550169 -0.961427 0.07056117 -0.2658558 -0.8948012 0.371758 -0.2472384 -0.7659671 0.6079394 -0.2090554 -0.6053263 0.7797154 -0.1600754 -0.4044672 0.9000638 -0.1621469 -0.3109892 0.9006786 -0.3034205 -0.3215867 0.7775824 -0.5403218 -0.4137829 0.5812128 -0.7006965 -0.4746621 0.3382726 -0.8125685 -0.500944 0.07767164 -0.8619875 -0.6906464 -0.2176314 -0.6896697 -0.751325 -0.5030197 -0.4271791 -0.4917231 -0.2112529 -0.844737 -0.6240016 -0.4882814 -0.6100847 -0.4399638 -0.487238 -0.7543414 -0.605382 -0.7271848 -0.3235968 -0.3234112 -0.9027559 -0.2836143 -0.3947321 -0.9070233 -0.146613 -0.6463096 -0.7478172 -0.151834 -0.4246366 -0.9026198 -0.07043701 -0.6582639 -0.7486001 -0.0792883 -0.4416657 -0.8945622 -0.06848376 -0.3199939 -0.9444476 -0.07498568 -0.2635362 -0.9561769 -0.1275716 -0.2069812 -0.9587607 -0.1947735 -0.1393511 -0.961083 -0.2385388 -0.0672332 -0.9578979 -0.2791262 -0.112189 -0.9029753 -0.4147882 -0.05658239 -0.9000393 -0.4321202 -0.1782021 -0.7255654 -0.6646795 -0.08969634 -0.7233697 -0.6846101 -0.2258769 -0.4885301 -0.8428037 -0.1136853 -0.4856578 -0.866725 -0.253428 -0.210427 -0.9441901 -0.1271443 -0.2084788 -0.9697272 -0.2581905 0.07806754 -0.9629347 -0.1294315 0.07764059 -0.9885441 -0.2442458 0.3359563 -0.9096578 -0.1224436 0.3322643 -0.9352048 -0.1053839 0.5733702 -0.8124906 -0.2122626 0.5796556 -0.78673 -0.07693886 0.7695416 -0.6339449 -0.162881 0.7769273 -0.6081561 -0.08298242 0.8993479 -0.429287 -0.1668788 0.903886 -0.3938803 -0.05276769 0.9699308 -0.2375919 -0.09222924 0.9713065 -0.2192199 -0.04431372 0.9933661 -0.1061149 -0.1723099 0.9705938 -0.1680983 -0.07751828 0.9944014 -0.07181125 -0.2264177 0.9703096 -0.08505541 -0.2469585 0.9680579 -0.04330623 -0.4385679 0.8952339 -0.07883232 -0.6257973 0.7759826 -0.07892274 -0.7880914 0.6069003 -0.1028794 -0.9208055 0.3709042 -0.1206132 -0.9891255 0.0696752 -0.1295232 -0.9579107 -0.2583158 -0.1252208 -0.8445842 -0.5243783 -0.10819 -0.4995046 -0.7211337 -0.480064 -0.3490452 -0.7234518 -0.5956384 -0.2200121 -0.9020222 -0.3714173 0.6847947 -0.1145393 0.7196784 0.5830745 -0.4082284 0.7024056 0.6862241 -0.3734939 0.6241786 0.7973779 -0.3019275 0.5225211 0.7914841 -0.03833204 0.6099866 0.8638461 0.04333722 0.5018883 0.8485878 -0.2617942 0.459742 0.1380981 -0.1490544 0.9791383 0.133673 -0.4799106 0.8670741 0.2395112 -0.4903755 0.8379537 0.2123203 -0.6583243 0.7221699 0.3939723 -0.6111165 0.6865294 0.4427098 -0.4604414 0.7694166 0.5530403 -0.5221853 0.6492066 0.6615654 -0.4679819 0.5859388 0.7665188 -0.3863724 0.5129964 0.8408967 -0.3477362 0.4146955 0.8944765 -0.1897966 0.4048323 0.957882 0.06473165 0.2797713 0.8020695 0.3519144 0.4825357 0.8972564 0.3567968 0.2600518 0.6734996 0.6192668 0.4036175 0.7597409 0.6095873 0.2262681 0.528497 0.7760974 0.3440403 0.5971343 0.7806449 0.1844567 0.398555 0.8960239 0.1956914 0.4342322 0.8942839 0.1081613 0.2460147 0.9662052 0.0769692 0.2258715 0.9668434 0.1191464 0.07959461 0.9912704 0.1051088 0.1732277 0.9634342 0.2044184 0.09735578 0.9616252 0.2565128 0.1686485 0.8851454 0.4336764 0.05966496 0.9593698 0.2757711 0.09091728 0.8793559 0.4674049 0.1668472 0.7547342 0.634459 0.08597135 0.7527452 0.6526742 0.101506 0.5833086 0.8058832 0.2014898 0.6103595 0.76607 0.2104954 0.4871578 0.8475666 0.3969334 0.4267507 0.8126056 0.2288036 0.3391922 0.9124678 0.4041037 0.319993 0.8569159 0.413536 0.2348152 0.8796873 0.6033229 0.2403953 0.7604023 0.4308979 0.155006 0.8889883 0.4672477 0.03787422 0.8833149 0.2449447 0.1212516 0.9619253 0.2591702 -0.1659336 0.9514709 0.1312341 0.1260152 0.9833096 0.4796712 -0.203594 0.8535017 0.5974526 -0.1116713 0.7940906 0.7396883 0.1678848 0.6516717 0.7956045 0.2009077 0.5715327 0.6944634 0.3260362 0.6414211 0.6763747 0.4677429 0.5689763 0.5710152 0.5586245 0.6015651 0.4887984 0.5580775 0.6705414 0.4312424 0.7703155 0.4697277 0.3021993 0.7637078 0.5704613 0.3042726 0.8886775 0.3430315 0.1240913 -0.6479853 0.7514762 0.5379584 0.003204464 0.8429654 0.1122509 0.3552476 0.9280081 0.4192732 0.484737 0.7676198 0.3361658 0.629483 0.7005311 0.9404667 -0.2430515 0.2375887 0.8231422 -0.3416966 0.4535202 0.8413032 -0.5122409 0.1726799 0.747111 -0.4457335 0.4930993 0.6459681 -0.7523273 0.1293401 0.6108125 -0.7496446 0.2548358 0.4179276 -0.901868 0.1094107 0.6190878 -0.5655261 0.5448949 0.7377712 -0.19398 0.6465798 0.6532932 -0.2515695 0.7140874 0.5883252 -0.4220547 0.6897416 0.494009 -0.6332665 0.5957589 0.4742984 -0.5342686 0.6997129 0.3388848 -0.6872307 0.6425506 0.3441361 -0.5362249 0.7707355 0.20243 -0.6060692 0.7692218 0.166388 -0.7412385 0.6502927 0.08896261 -0.6607649 0.7453023 0.05990952 -0.7988451 0.5985463 0.1137137 -0.919018 0.3774587 0.04687678 -0.9832841 0.1759406 0.1514651 -0.9699203 0.1905598 0.06708186 -0.9833382 0.1689559 0.1152401 -0.9763367 0.1829925 0.2070712 -0.958723 0.1948636 0.2756196 -0.951927 0.1336745 0.3193793 -0.9447708 0.07351976 0.4353888 -0.8982754 0.05948215 0.6625021 -0.745208 0.07586973 0.8462125 -0.5209669 0.1118842 0.9561091 -0.2510824 0.15104 0.9835419 0.06918698 0.1669094 0.9210163 0.3634867 0.1400232 0.7850362 0.6088204 0.1142625 0.6220725 0.7766828 0.09894317 0.3223153 -0.9259584 0.1967585 0.4574922 -0.8646268 0.2076569 0.4361175 -0.8185824 0.3737975 0.2737274 -0.8862494 0.3736781 0.9964102 -0.06845378 -0.04980677 -0.1779894 -0.8627849 0.4732041 -0.07611572 -0.8452999 0.5288427 -0.3831351 0.5578563 0.7362092 -0.5556617 0.4845216 0.6756324 -0.2737539 -0.8620349 0.4265617 -0.6668155 0.2972882 0.683357 0.01089531 -0.9358075 -0.3523432 0.005951285 -0.9360917 -0.3517058 -0.01779258 -0.8596618 0.5105538 -0.1556814 0.6126541 0.7748667 -0.1878777 0.9780264 0.09036809 -0.2592291 0.9593065 0.111944 -0.3645233 0.9198842 0.1446923 -0.5328703 0.8278716 0.1751513 -0.6594716 0.6944168 0.2878932 -0.6340297 -0.7725244 0.03482198 0.1830234 -0.8399178 -0.5109213 0.0070194 -0.9075508 -0.4198837 -0.03506666 -0.9163425 -0.3988569 -0.01113939 -0.9248475 -0.3801751 0.009949028 -0.9327707 -0.3603332 -0.04944103 0.5993053 0.7989924 -0.09775328 0.9909307 0.09219872 -0.05346989 0.9935577 0.09992033 -0.9167457 0.3674857 -0.1566262 -0.812394 0.2501364 -0.5267331 -0.7114217 0.3579235 -0.6047894 -0.8739696 0.4590957 -0.1594002 -0.6797571 0.3949506 -0.6180164 -0.8579319 0.4837331 -0.1730757 -0.5988453 0.1815885 -0.7800065 -0.9810146 -0.02859663 -0.1918142 -0.5971065 -0.2169909 -0.7722557 -0.9122396 0.1711803 -0.3721777 -0.942175 0.2753097 -0.1910779 -0.9061343 0.3655239 0.2128688 -0.8547626 0.3865918 0.346306 -0.831714 0.4538841 0.3197515 -0.8974731 0.08124166 0.4335228 -0.833539 -0.5108906 -0.2102464 -0.9032098 -0.286787 -0.3193203 -0.9508513 0.3036034 0.06088548 -0.998455 0.02426248 0.04998987 -0.2155602 -0.8829942 0.4169594 -0.5601499 -0.7935608 0.2376837 0.6764317 -0.7097283 0.196789 0.65757 -0.6561661 0.3701997 0.8831364 -0.1751196 -0.4352049 0.6288757 0.0316177 -0.7768627 -0.8027698 -0.05401849 0.5938372 -0.7062985 -0.01602238 -0.7077328 -0.320573 0.2260857 -0.9198468 -0.6643644 0.01666325 -0.7472231 -0.8933326 -0.2155278 -0.3943408 -0.2158594 -0.8829699 0.4168562 -0.5602093 -0.7935281 0.2376525 0.6763396 -0.7098499 0.1966668 0.6573261 -0.6564104 0.3701998 0.8831086 -0.1751812 -0.4352368 0.6288424 0.03161758 -0.7768898 0.8015257 -0.1964825 -0.5647577 -0.7063134 -0.01605325 -0.7077172 -0.3204774 0.226144 -0.9198659 -0.6643319 0.01669371 -0.7472513 -0.412959 -0.7617661 0.4991766 -0.6860086 -0.694493 0.2169603 0.5187968 -0.6864695 0.5095189 0.4605979 -0.5965005 0.6572951 0.9421095 -0.3097739 -0.1283349 0.8112059 -0.1670327 -0.5603974 0.9172222 -0.1489944 -0.3694647 -0.4917905 -0.1285784 -0.8611676 -0.03967493 0.04239112 -0.9983131 -0.4375783 -0.1072124 -0.8927658 -0.7755152 -0.2468977 -0.5810489 -0.6811035 0.4368865 -0.5875613 -0.3410519 0.6468847 -0.6820733 -0.6539931 0.4598308 -0.6007069 -0.8975091 0.1701446 -0.4068517 -0.5082044 0.5827626 -0.6341263 -0.7588303 0.389517 -0.5219705 -0.5082685 0.5827356 -0.6340997 -0.2003583 0.7103031 -0.6747787 -0.1879053 0.6391285 -0.7457924 -0.4596529 0.5739176 -0.6777447 -0.1839083 0.6396811 -0.746315 0.100866 0.651372 -0.7520244 0.1879053 0.6391285 -0.7457924 -0.100866 0.651372 -0.7520244 0.1839083 0.6396811 -0.746315 0.4596529 0.5739176 -0.6777447 -0.4024264 0.5878306 -0.7017893 -9.46085e-4 0.6569797 -0.7539077 -0.3674503 0.5986022 -0.7117976 -0.7202237 0.4310843 -0.5435478 -0.1845157 0.659447 -0.7287549 -0.4992684 0.5766964 -0.646647 -0.1845825 0.6594371 -0.728747 0.1508886 0.6679204 -0.7287764 -0.5131435 -0.6903053 0.5100612 -0.7715254 -0.5964367 0.2213863 0.4204893 -0.7327587 0.5350267 0.3721791 -0.632262 0.6795054 0.8970932 -0.4293962 -0.1041293 0.791527 -0.2827035 -0.5418153 0.1839705 -0.229841 0.955682 -0.491782 -0.08810812 -0.8662492 -0.01974576 0.02081394 -0.9995884 -0.4348366 -0.07458871 -0.8974151 -0.7921493 -0.1623302 -0.5883439 0.6811035 0.4368865 -0.5875613 0.8975091 0.1701446 -0.4068517 0.6539931 0.4598308 -0.6007069 0.3410519 0.6468847 -0.6820733 0.5082044 0.5827626 -0.6341263 0.2003583 0.7103031 -0.6747787 0.5082685 0.5827356 -0.6340997 0.7588303 0.389517 -0.5219705 -0.9031361 -0.4293498 0.002014279 -0.8498154 -0.282702 -0.4448522 -0.3545185 -0.732873 0.5807011 -0.289473 -0.6324154 0.7185096 0.5697944 -0.6902844 0.4459168 0.7922369 -0.5964284 0.1289723 -0.7135987 0.2283442 -0.662296 0.3863407 -0.08813899 -0.9181352 0.7173539 -0.1623621 -0.6775264 0.3261021 -0.07462048 -0.9423849 -0.09805881 0.02081418 -0.994963 -0.7986863 -0.5755913 0.1754851 -0.892157 -0.4154833 -0.1772838 0.0150153 -0.8278254 0.5607849 -0.06842494 -0.7244742 0.6858974 0.7607577 -0.6159125 0.2046937 0.8748005 -0.4332191 -0.2168995 0.324664 -0.4851344 0.8119348 -0.09824079 0.05667382 -0.9935476 0.3980942 0.06158798 -0.9152748 -0.032045 0.05819982 -0.9977906 -0.4945009 0.04168903 -0.8681768 -0.5697944 -0.6902844 0.4459168 -0.7922369 -0.5964284 0.1289723 0.3545185 -0.732873 0.5807011 0.289473 -0.6324154 0.7185096 0.9031361 -0.4293498 0.002014279 0.8498154 -0.282702 -0.4448522 -0.8462236 0.5270281 0.07840263 -0.7945655 0.3081212 0.5231894 -0.1143531 0.07663214 0.9904803 -0.1410893 -0.1198787 0.982712 0.6955559 0.09885066 0.7116394 0.9116177 0.2802606 0.3006782 -0.3863407 -0.08813899 -0.9181352 0.09805881 0.02081418 -0.994963 -0.3261021 -0.07462048 -0.9423849 -0.7173539 -0.1623621 -0.6775264 -0.8831364 -0.1751196 -0.4352049 -0.6288757 0.0316177 -0.7768627 -0.6764317 -0.7097283 0.196789 -0.65757 -0.6561661 0.3701997 0.2155602 -0.8829942 0.4169594 0.5601499 -0.7935608 0.2376837 0.897829 0.08719182 0.4316256 -0.258345 0.1284247 0.9574785 -0.7769817 0.6201143 -0.1084338 -0.8392958 0.4344195 0.326898 -0.3639361 -0.04629689 0.9302726 0.001800596 -0.1592792 0.987232 -0.6687587 0.5028889 -0.547599 0.7062985 -0.01602238 -0.7077328 0.8933326 -0.2155278 -0.3943408 0.6643644 0.01666325 -0.7472231 0.320573 0.2260857 -0.9198468 -0.8831086 -0.1751812 -0.4352368 -0.6288424 0.03161758 -0.7768898 -0.6763396 -0.7098499 0.1966668 -0.6573261 -0.6564104 0.3701998 0.2158594 -0.8829699 0.4168562 0.5602093 -0.7935281 0.2376525 0.1553399 0.0968967 0.9830974 -0.1015992 0.05194401 0.9934684 0.2848683 -0.3893363 0.875938 0.1105105 -0.3369333 0.9350206 -0.2007875 0.04553502 0.9785761 -0.2154024 0.4719139 0.8549264 -0.1183853 0.563635 0.8174966 0.07776254 0.5459861 0.8341776 0.2811753 0.1166451 0.9525411 0.3864946 -0.2749471 0.8803556 0.7063134 -0.01605325 -0.7077172 0.6643319 0.01669371 -0.7472513 0.3204774 0.226144 -0.9198659 -0.9421095 -0.3097739 -0.1283349 -0.8112059 -0.1670327 -0.5603974 -0.5187968 -0.6864695 0.5095189 -0.4605979 -0.5965005 0.6572951 0.412959 -0.7617661 0.4991766 0.6860086 -0.694493 0.2169603 -0.9800374 -0.1378864 0.1432273 0.4917905 -0.1285784 -0.8611676 0.7755152 -0.2468977 -0.5810489 0.4375783 -0.1072124 -0.8927658 0.03967493 0.04239112 -0.9983131 0.8875744 0.2243504 0.4023414 0.1554957 0.5937221 0.7895032 0.5049092 0.8521868 -0.1372752 0.2405237 0.4783923 -0.8445646 0.135505 0.9894617 -0.05102801 0.2578558 0.9610156 -0.09979742 0.114171 0.9934499 -0.004730403 -0.04727345 0.9060095 0.4206091 0.06601214 0.9889315 0.1328788 -0.3069615 0.5203818 0.7968547 -0.1569911 0.694191 0.7024618 0.0787391 0.9852463 0.1519543 9.46097e-4 0.5762036 0.8173058 0.2671371 0.9464705 -0.1811942 -0.3128798 0.5023106 0.8060958 0.1556477 0.9831444 0.09592169 0.1239091 0.8637931 -0.4883729 0.0667752 0.9836829 0.16706 0.250226 0.9300692 -0.2689952 0.25319 0.9544371 0.1579385 0.274058 0.9409224 -0.1988904 0.2993353 0.9065513 0.2975957 0.1380369 0.800236 0.5835824 0.2406144 0.9367606 0.2541345 0.1375817 0.6930967 0.7075934 0.08975714 0.9458837 0.3118459 0.1140509 0.9371282 -0.329823 -0.2576153 0.8421863 -0.473663 0.2647871 0.01614481 0.9641718 0.01977646 0.4474435 0.8940935 0.03296035 0.666288 0.7449657 0.1949241 0.9571336 0.2142426 0.1912016 0.9025691 -0.3857603 0.2671683 0.9499826 0.1617231 0.2196772 0.8852096 -0.4100561 0.4354822 0.8673936 0.2407985 0.1501573 0.7013446 0.6968276 0.1283055 0.6770527 0.7246636 0.1714283 0.7625614 -0.623789 0.4632837 0.877126 -0.1265637 0.390071 0.6957858 -0.6030978 0.4433184 0.8917945 -0.09039711 0.3592398 0.7110636 -0.60443 0.497945 0.8596846 -0.1139878 0.3929054 0.8201145 0.415978 0.3903136 0.828207 0.4021551 0.1463996 0.900402 0.4096871 0.1909592 0.9773501 -0.09122216 0.3687579 0.9277999 -0.05661225 0.2731734 0.9568851 -0.09872817 0.5053424 0.7951558 -0.335196 0.1111508 0.8304875 -0.5458352 0.1207665 0.8527212 -0.5082145 -0.05997067 0.4625833 -0.8845452 0.1651084 0.8862751 -0.4327305 -0.128304 0.6207668 -0.7734254 0.1180788 0.4049899 -0.9066646 0.2265105 0.9365304 -0.2675889 0.548771 0.7838017 -0.2906982 0.2418076 0.8158528 0.5252747 0.4850091 0.7795487 0.3963207 0.6826202 0.66791 -0.2965233 0.6191688 0.7391389 0.2651488 0.8151329 0.4527804 -0.3613148 0.3680362 0.4172033 -0.8309578 0.3079042 0.4176193 -0.8548622 0.1972181 0.6644132 0.7208746 0.6522793 0.1370601 0.7454839 0.3670223 0.425741 -0.8270667 0.7804057 0.2262996 -0.5828856 -0.4573045 -0.6328833 0.6247651 -0.3976933 -0.7031582 0.5894138 -0.3607064 -0.7988706 0.4813488 -0.4893836 -0.6745467 0.552712 -0.4152165 -0.7880721 0.4544644 -0.439114 -0.7513587 0.4925841 -0.429839 -0.7515163 0.5004615 -0.4227517 -0.7833664 0.4556514 -0.4248921 -0.7734856 0.4703051 -0.6825386 -0.6305639 0.3694999 -0.6170735 -0.6231468 0.4805293 -0.7183923 -0.4337089 0.5438833 -0.8445271 -0.4585509 -0.2765954 -0.1735913 -0.04461854 -0.9838066 0.246472 0.8814824 -0.4027907 0.2962514 0.853138 -0.4294073 0.1230838 0.8893287 -0.4403917 0.2218125 0.9315944 -0.2879779 0.08585143 0.9504698 -0.2987252 0.1041908 0.9833432 -0.1489313 -0.01156675 0.9827781 -0.1844273 -0.03762972 0.9316495 -0.3614044 0.00100708 0.8800382 -0.474902 -0.04092597 0.851328 -0.5230349 0.1261371 0.8677921 -0.480652 0.1344071 0.8498414 -0.5096119 -0.1296449 -0.1024524 -0.9862534 -0.2495585 -0.4767157 -0.8428896 0.07455748 -0.02267545 -0.9969589 0.03888142 -0.2237666 -0.9738669 0.1866569 0.01132267 -0.98236 0.1423404 -0.1606213 -0.9766985 0.1215885 -0.1509175 -0.9810404 0.1421899 -0.2167487 -0.9658168 0.2184904 -0.2525199 -0.9426005 0.4619094 -0.2867897 -0.8392804 0.4992632 -0.3443478 -0.7950856 0.4608061 -0.3587201 -0.8117744 0.4548295 -0.3369944 -0.8243574 0.4694191 -0.2690286 -0.8409931 0.2764405 -0.8600236 0.4288826 0.6668155 0.2972882 0.683357 0.5553804 0.4862554 0.6746172 0.1778069 -0.8612926 0.475983 0.3838689 0.5581939 0.7355707 0.075199 -0.8448902 0.529628 0.1556814 0.6126541 0.7748667 0.01779258 -0.8596618 0.5105538 0.04944103 0.5993053 0.7989924 -0.005951285 -0.9360917 -0.3517058 -0.01785361 -0.9357126 -0.3523113 -0.02469003 -0.9333401 -0.3581436 0.01178056 -0.9270633 -0.3747196 0.0602746 -0.91712 -0.394028 -0.0070194 -0.9075508 -0.4198837 -0.1830234 -0.8399178 -0.5109213 0.6340297 -0.7725244 0.03482198 0.6594716 0.6944168 0.2878932 0.5272461 0.8320392 0.1724017 0.3622934 0.9215883 0.1393507 0.2688689 0.957033 0.1086157 0.1933677 0.9770318 0.08954238 0.09775328 0.9909307 0.09219872 0.05346989 0.9935577 0.09992033 0.4399638 -0.487238 -0.7543414 0.1782021 -0.7255654 -0.6646795 0.2258769 -0.4885301 -0.8428037 0.4917231 -0.2112529 -0.844737 0.253428 -0.210427 -0.9441901 0.500944 0.07767164 -0.8619875 0.2581905 0.07806754 -0.9629347 0.4746621 0.3382726 -0.8125685 0.2442458 0.3359563 -0.9096578 0.4137829 0.5812128 -0.7006965 0.2122626 0.5796556 -0.78673 0.3215867 0.7775824 -0.5403218 0.162881 0.7769273 -0.6081561 0.1668788 0.903886 -0.3938803 0.3109892 0.9006786 -0.3034205 0.09222924 0.9713065 -0.2192199 0.1723099 0.9705938 -0.1680983 0.4044672 0.9000638 -0.1621469 0.5462349 0.7776018 -0.3113887 0.6053263 0.7797154 -0.1600754 0.6922678 0.5986653 -0.4029455 0.7659671 0.6079394 -0.2090554 0.8003759 0.3622674 -0.4776619 0.8948012 0.371758 -0.2472384 0.8549907 0.07468003 -0.5132386 0.7007484 0.07791519 -0.7091411 0.8364107 -0.2400645 -0.4927334 0.6906464 -0.2176314 -0.6896697 0.751325 -0.5030197 -0.4271791 0.6240016 -0.4882814 -0.6100847 0.4995046 -0.7211337 -0.480064 0.3490452 -0.7234518 -0.5956384 0.2200121 -0.9020222 -0.3714173 0.112189 -0.9029753 -0.4147882 0.1393511 -0.961083 -0.2385388 0.3234084 -0.9027482 -0.2836424 0.2635362 -0.9561769 -0.1275716 0.3947321 -0.9070233 -0.146613 0.4246366 -0.9026198 -0.07043701 0.6463096 -0.7478172 -0.151834 0.605382 -0.7271848 -0.3235968 0.8249287 -0.5212646 -0.2185771 0.2264177 0.9703096 -0.08505541 0.6624315 0.346674 -0.6640796 0.5785492 0.5870031 -0.5663111 0.4540939 0.7757654 -0.438163 0.9320815 -0.2572754 -0.2550169 0.961427 0.07056117 -0.2658558 0.9208055 0.3709042 -0.1206132 0.7880914 0.6069003 -0.1028794 0.6257973 0.7759826 -0.07892274 0.4385679 0.8952339 -0.07883232 0.2469585 0.9680579 -0.04330623 0.07751846 0.9944036 -0.07178086 0.04431372 0.9933661 -0.1061149 0.05276769 0.9699308 -0.2375919 0.08298242 0.8993479 -0.429287 0.07693886 0.7695416 -0.6339449 0.1053839 0.5733702 -0.8124906 0.1224436 0.3322643 -0.9352048 0.1294315 0.07764059 -0.9885441 0.1271443 -0.2084788 -0.9697272 0.1136853 -0.4856578 -0.866725 0.08969634 -0.7233697 -0.6846101 0.05658239 -0.9000393 -0.4321202 0.0672332 -0.9578979 -0.2791262 0.2069812 -0.9587607 -0.1947735 0.3199939 -0.9444476 -0.07498568 0.4416657 -0.8945622 -0.06848376 0.6582639 -0.7486001 -0.0792883 0.8445842 -0.5243783 -0.10819 0.9579107 -0.2583158 -0.1252208 0.9891255 0.0696752 -0.1295232 -0.2848683 -0.3893363 0.875938 -0.2811753 0.1166451 0.9525411 -0.3864946 -0.2749471 0.8803556 -0.1105105 -0.3369333 0.9350206 0.1015992 0.05194401 0.9934684 -0.1553399 0.0968967 0.9830974 -0.07776254 0.5459861 0.8341776 0.1183853 0.563635 0.8174966 0.2154024 0.4719139 0.8549264 0.2007875 0.04553502 0.9785761 6.10378e-5 -0.9125144 0.4090445 -0.1065726 -0.9166409 0.3852425 0.05343955 -0.9063974 0.4190322 -0.1004387 -0.9188114 0.3817038 -0.09265542 -0.9297281 0.3563998 -0.255139 -0.9064149 0.3366248 -0.2124442 -0.9109069 0.3537176 -0.2153426 -0.9194179 0.3290873 -0.1031239 -0.9225001 0.3719665 -0.1551606 -0.919214 0.3618991 -0.0558803 -0.9176458 0.3934512 0.01229935 -0.9183954 0.3954728 -0.5474539 -0.2565141 -0.7965518 -0.4410935 0.205394 -0.8736417 -0.4390845 0.1598002 -0.8841204 -0.3202341 0.3539574 -0.8787288 -0.2882248 0.3835979 -0.8773706 -0.3477969 0.3099836 -0.8848433 -0.3706578 0.2824262 -0.8847871 -0.4551575 0.1745066 -0.8731432 -0.451592 0.1731657 -0.875259 -0.4140287 0.1796383 -0.8923622 -0.4045611 0.1778652 -0.8970476 0.01205509 0.8814604 -0.4721041 -0.1135913 0.8893207 -0.4429513 0.04794627 0.9313972 -0.3608332 -0.07486337 0.9504263 -0.3018035 0.0144661 0.9834817 -0.1804296 -0.1039476 0.982497 -0.1545785 -0.2132387 0.931756 -0.2938709 -0.2365514 0.8800409 -0.4117905 -0.2969488 0.8513245 -0.4325137 -0.1310805 0.867787 -0.4793368 -0.138375 0.8498438 -0.5085451 0.04184168 0.8531315 -0.5200153 0.1311409 -0.175882 -0.975637 0.3288732 -0.2589235 -0.9081856 0.6083737 -0.2741557 -0.7447953 0.6427493 -0.2733973 -0.7156308 0.5899412 -0.2481842 -0.768358 0.5707092 -0.2623431 -0.7781177 0.5494109 -0.3019899 -0.7790698 0.5901786 -0.2871848 -0.7544629 0.6205155 -0.3746532 -0.6889089 0.6495125 -0.4102103 -0.640204 0.5390008 -0.5643623 -0.6252787 0.5668921 -0.5041754 -0.6514911 0.2831295 -0.1403287 0.94876 0.3551847 -0.1091678 0.9283998 0.4236695 -0.1416402 0.8946744 0.4583099 -0.1370321 0.8781654 0.4485983 -0.2387804 0.8612454 0.4340086 -0.2549545 0.8640803 0.4024609 -0.2711659 0.8743537 0.3876842 -0.266798 0.8823378 0.3618936 -0.3603676 0.859749 0.3467338 -0.4005399 0.8481412 0.2800768 -0.5809067 0.7642674 0.2087526 -0.9174432 0.3387041 0.1518023 -0.9164291 0.3702889 0.09790527 -0.9224398 0.3735232 0.04879999 -0.9202424 0.3882945 -0.02285909 -0.920437 0.3902221 0.1003162 -0.9166401 0.3869207 -0.007110953 -0.9109039 0.4125574 -0.05264478 -0.9064064 0.4191137 0.1038568 -0.9188113 0.3807882 0.09790456 -0.9297273 0.3549957 0.255813 -0.9063935 0.3361704 0.2045691 -0.9125191 0.3542039 0.8792236 0.1280274 -0.4588845 0.7710106 0.4388989 -0.4614222 0.7510557 0.4734804 -0.4601433 0.5906955 0.691866 -0.4152112 0.579226 0.7029513 -0.4127432 0.5859187 0.6911509 -0.4230957 0.5928974 0.6798467 -0.4316031 0.6800649 0.5416897 -0.4940488 0.6822508 0.5390254 -0.4939489 0.7617857 0.3762081 -0.5273995 0.7817493 0.3244191 -0.5325601 0.8138833 0.1844879 -0.5509612 -0.7973603 -0.2581365 0.5455109 -0.3967152 -0.271313 0.8769301 0.3273507 0.181224 0.9273616 0.4838167 0.06079369 0.8730553 0.6721559 0.6973038 0.2489455 0.4888319 0.8604382 -0.1438387 -0.2256 0.8814635 -0.4148818 -0.3198407 0.889328 -0.326799 -0.1389225 0.9313789 -0.3365025 -0.2153156 0.9506544 -0.2233728 -0.07816016 0.983976 -0.1602573 -0.1675472 0.9826385 -0.07968407 -0.3304606 0.932358 -0.1466442 -0.4107556 0.8800467 -0.238323 -0.4734399 0.8513251 -0.2260535 -0.3531731 0.8677952 -0.3495718 -0.374136 0.8498402 -0.3712061 -0.2237365 0.8531348 -0.4712781 -0.8965318 -0.07696938 0.4362413 -0.5735455 -0.1876009 0.797403 0.2261757 0.06912535 0.9716308 0.3179481 -0.1041617 0.9423691 0.7071328 0.5479745 0.446864 0.6128804 0.7898289 0.02340799 0.3514844 -0.9165695 0.1906811 0.3204214 -0.9158211 0.2420785 0.272047 -0.9228661 0.2725963 0.2364942 -0.9225381 0.3049491 0.1720663 -0.9220716 0.3466657 0.2803472 -0.916637 0.284925 0.2000857 -0.910915 0.3608319 0.1639509 -0.9063996 0.3893072 0.2803201 -0.9188151 0.277848 0.2623094 -0.9297258 0.258464 0.3896127 -0.9064005 0.1632186 0.3542928 -0.9125124 0.2044455 -0.9116318 0.2802861 0.3006117 -0.696632 0.0995537 0.7104878 0.1141422 0.07858717 0.9903514 0.1408441 -0.1177108 0.9830093 0.7950367 0.3090114 0.521947 0.846171 0.5270944 0.07852548 -0.4028163 0.8814716 -0.246469 -0.4403917 0.8893287 -0.1230838 -0.2872759 0.931869 -0.2215684 -0.2983239 0.9503638 -0.08838319 -0.1453312 0.9841749 -0.1013839 -0.1919349 0.9813431 0.01126152 -0.3635461 0.9308392 0.03705042 -0.474902 0.8800382 -0.00100708 -0.5230349 0.851328 0.04092597 -0.480652 0.8677921 -0.1261371 -0.5096119 0.8498415 -0.1344071 -0.4294073 0.853138 -0.2962514 -0.846171 0.5270944 0.07852548 -0.7950367 0.3090114 0.521947 -0.1141422 0.07858717 0.9903514 -0.1408441 -0.1177108 0.9830093 0.696632 0.0995537 0.7104878 0.9116402 0.2802886 0.300584 0.3998342 -0.916527 -0.01052916 0.3981792 -0.9155345 0.05700916 0.3728209 -0.9224082 0.100835 0.3567067 -0.9214923 0.1536634 0.3222861 -0.9220863 0.2142165 0.3852425 -0.9166409 0.1065726 0.3537176 -0.9109069 0.2124442 0.3366248 -0.9064149 0.255139 0.3817038 -0.9188114 0.1004387 0.3563998 -0.9297281 0.09265542 0.4190322 -0.9063974 -0.05343955 0.4090445 -0.9125144 -6.10378e-5 -0.897829 0.08719182 0.4316256 -0.5724554 -0.03235071 0.8192975 0.253091 0.1439869 0.9566676 0.3618039 -0.02780288 0.9318397 0.8402284 0.4417067 0.314502 0.7769817 0.6201143 -0.1084338 -0.4721041 0.8814604 -0.01205509 -0.4429513 0.8893207 0.1135913 -0.3641882 0.9301403 -0.04696935 -0.3074807 0.9488106 0.07220834 -0.1852823 0.982567 -0.01525962 -0.1760955 0.9779558 0.1122189 -0.3041857 0.9278474 0.2158018 -0.4117652 0.880052 0.2365544 -0.4325137 0.8513245 0.2969488 -0.4793368 0.867787 0.1310805 -0.5085451 0.8498438 0.138375 -0.5200153 0.8531315 -0.04184168 -0.9116177 0.2802606 0.3006782 -0.696546 0.09946292 0.7105849 0.1140484 0.07858562 0.9903623 0.1408445 -0.1176807 0.9830128 0.795063 0.3089487 0.5219442 0.8462236 0.5270281 0.07840263 0.3514326 -0.9122292 -0.2105543 0.3950724 -0.9056603 -0.1539393 0.383289 -0.9179526 -0.1022388 0.4038881 -0.913616 -0.04669398 0.3931506 -0.919213 0.02191287 0.3869207 -0.9166401 -0.1003162 0.4125574 -0.9109039 0.007110953 0.4191253 -0.9064009 0.05264621 0.3807882 -0.9188113 -0.1038568 0.3549957 -0.9297273 -0.09790456 0.3361704 -0.9063935 -0.255813 0.3542039 -0.9125191 -0.2045691 -0.4888319 0.8604382 -0.1438387 -0.6721559 0.6973038 0.2489455 -0.3273507 0.181224 0.9273616 -0.4838167 0.06079369 0.8730553 0.3967152 -0.271313 0.8769301 0.7973603 -0.2581365 0.5455109 -0.4148818 0.8814635 0.2256 -0.326799 0.889328 0.3198407 -0.3445866 0.9271579 0.1471 -0.2356999 0.9463093 0.2212337 -0.1837233 0.9790132 0.08819937 -0.1091966 0.9732782 0.2020046 -0.1630646 0.923911 0.3461194 -0.238323 0.8800467 0.4107556 -0.2260825 0.8513192 0.4734366 -0.3495718 0.8677952 0.3531731 -0.3712061 0.8498402 0.374136 -0.4712781 0.8531348 0.2237365 -0.6128804 0.7898289 0.02340799 -0.7071328 0.5479745 0.446864 -0.2261757 0.06912535 0.9716308 -0.3179481 -0.1041617 0.9423691 0.5735455 -0.1876009 0.797403 0.8965318 -0.07696938 0.4362413 0.2088138 -0.906976 -0.3657752 0.2871843 -0.891309 -0.3508471 0.2925522 -0.911044 -0.290538 0.3512177 -0.899011 -0.2615821 0.3619827 -0.9126016 -0.1900706 0.284925 -0.916637 -0.2803472 0.3608319 -0.910915 -0.2000857 0.3893072 -0.9063996 -0.1639509 0.277848 -0.9188151 -0.2803201 0.258464 -0.9297258 -0.2623094 0.1632186 -0.9064005 -0.3896127 0.2044455 -0.9125124 -0.3542928 -0.002685666 -0.123144 0.9923852 0.01184159 -0.2752259 0.9613068 0.02069175 -0.2646592 0.96412 0.1037328 -0.4275052 0.8980417 0.1303186 -0.4370405 0.8899511 0.1945894 -0.5197088 0.8318881 0.1976138 -0.5321992 0.8232333 0.2592919 -0.7177832 0.646185 0.252668 -0.7391432 0.6243607 0.3019913 -0.8022989 0.514896 0.3012875 -0.7927109 0.5299389 0.2177569 -0.6549493 0.7236183 -0.246469 0.8814716 0.4028163 -0.1230838 0.8893287 0.4403917 -0.2273994 0.9234839 0.3089775 -0.09280854 0.9439859 0.316666 -0.1246713 0.9740238 0.1890366 0.006775259 0.9704837 0.241072 0.03042757 0.9220452 0.3858844 -0.00100708 0.8800382 0.474902 0.04092597 0.851328 0.5230349 -0.1261371 0.8677921 0.480652 -0.1344071 0.8498414 0.5096119 -0.2962514 0.853138 0.4294073 0.001464903 -0.9027495 -0.4301641 0.07495516 -0.8788924 -0.4710946 0.112403 -0.9050232 -0.4102421 0.1787497 -0.885173 -0.4295549 0.2208946 -0.9064372 -0.3599686 0.1065726 -0.9166409 -0.3852425 0.2124442 -0.9109069 -0.3537176 0.255139 -0.9064149 -0.3366248 0.1004387 -0.9188114 -0.3817038 0.09265542 -0.9297281 -0.3563998 -0.05343955 -0.9063974 -0.4190322 -6.10378e-5 -0.9125144 -0.4090445</float_array>
          <technique_common>
            <accessor source="#chr626_0-mesh-normals-array" count="2356" stride="3">
              <param name="X" type="float"/>
              <param name="Y" type="float"/>
              <param name="Z" type="float"/>
            </accessor>
          </technique_common>
        </source>
        <source id="chr626_0-mesh-map-0">
          <float_array id="chr626_0-mesh-map-0-array" count="17616">0.9008789 0.8300781 0.9008789 0.8270264 0.9047852 0.8483887 0.8618164 0.04589837 0.9526367 0.04589837 0.9526367 0.03320312 0.8618164 0.04589837 0.9526367 0.03320312 0.8618164 0.03320312 0.8618164 0.03320312 0.9526367 0.03320312 0.8618164 0.005859375 0.8618164 0.005859375 0.9526367 0.03320312 0.9526367 0.005859375 0.3010254 0.75354 0.3115234 0.7818604 0.2836914 0.755127 0.2836914 0.755127 0.3115234 0.7818604 0.255127 0.7818604 0.2836914 0.755127 0.255127 0.7818604 0.2490234 0.755127 0.2836914 0.755127 0.2490234 0.755127 0.2839356 0.7282715 0.2839356 0.7282715 0.2490234 0.755127 0.2412109 0.7282715 0.2839356 0.7282715 0.2412109 0.7282715 0.2607422 0.6835938 0.2839356 0.7282715 0.2607422 0.6835938 0.2858887 0.6835938 0.2858887 0.6835938 0.2607422 0.6835938 0.2875977 0.638916 0.2858887 0.6835938 0.2875977 0.638916 0.310791 0.6835938 0.2858887 0.6835938 0.310791 0.6835938 0.2839356 0.7282715 0.2839356 0.7282715 0.310791 0.6835938 0.3271484 0.7282715 0.2839356 0.7282715 0.3271484 0.7282715 0.3010254 0.75354 0.2839356 0.7282715 0.3010254 0.75354 0.2836914 0.755127 0.1829833 0.04589837 0.22229 0.04589837 0.1824951 0.03320312 0.1829833 0.04589837 0.1824951 0.03320312 0.1549072 0.04589837 0.1549072 0.04589837 0.1824951 0.03320312 0.154541 0.03320312 0.1549072 0.04589837 0.154541 0.03320312 0.1295166 0.04589837 0.1295166 0.04589837 0.154541 0.03320312 0.1269531 0.03320312 0.1295166 0.04589837 0.1269531 0.03320312 0.1029663 0.03320312 0.1295166 0.04589837 0.1029663 0.03320312 0.09942626 0.04589837 0.8618164 0.03320312 0.8017578 0.04589837 0.8618164 0.04589837 0.8618164 0.03320312 0.8618164 0.04589837 0.9526367 0.04589837 0.8618164 0.03320312 0.9526367 0.04589837 0.9526367 0.03320312 0.8618164 0.03320312 0.9526367 0.03320312 0.9526367 0.005859375 0.8618164 0.03320312 0.9526367 0.005859375 0.8618164 0.005859375 0.8618164 0.03320312 0.8618164 0.005859375 0.8017578 0.03320312 0.8017578 0.03320312 0.8618164 0.005859375 0.8017578 0.005859375 0.8017578 0.03320312 0.8017578 0.005859375 0.7827149 0.03320312 0.7827149 0.03320312 0.8017578 0.005859375 0.7827149 0.005859375 0.7827149 0.03320312 0.7827149 0.005859375 0.7573242 0.005859375 0.7827149 0.03320312 0.7573242 0.005859375 0.7573242 0.03320312 0.7573242 0.03320312 0.7573242 0.005859375 0.7236328 0.03320312 0.7573242 0.03320312 0.7236328 0.03320312 0.7573242 0.04589837 0.7573242 0.04589837 0.7236328 0.03320312 0.7236328 0.04589837 0.7236328 0.04589837 0.7236328 0.03320312 0.7021484 0.03320312 0.7236328 0.04589837 0.7021484 0.03320312 0.7021484 0.04589837 0.7021484 0.04589837 0.7021484 0.03320312 0.6782227 0.04589837 0.6782227 0.04589837 0.7021484 0.03320312 0.6782227 0.03320312 0.6782227 0.04589837 0.6782227 0.03320312 0.6489258 0.04589837 0.6489258 0.04589837 0.6782227 0.03320312 0.6489258 0.03320312 0.6489258 0.04589837 0.6489258 0.03320312 0.6147461 0.03320312 0.6147461 0.03320312 0.6489258 0.03320312 0.6147461 0.005859375 0.6147461 0.03320312 0.6147461 0.005859375 0.5844727 0.005859375 0.6147461 0.03320312 0.5844727 0.005859375 0.5844727 0.03320312 0.5844727 0.03320312 0.5844727 0.005859375 0.5522461 0.005859375 0.5844727 0.03320312 0.5522461 0.005859375 0.5522461 0.03320312 0.5522461 0.03320312 0.5522461 0.005859375 0.5195313 0.005859375 0.5522461 0.03320312 0.5195313 0.005859375 0.5195313 0.03320312 0.5195313 0.03320312 0.5195313 0.005859375 0.4890137 0.005859375 0.5195313 0.03320312 0.4890137 0.005859375 0.4890137 0.03320312 0.4890137 0.03320312 0.4890137 0.005859375 0.4526367 0.005859375 0.4890137 0.03320312 0.4526367 0.005859375 0.4526367 0.03320312 0.4526367 0.03320312 0.4526367 0.005859375 0.4204102 0.005859375 0.4526367 0.03320312 0.4204102 0.005859375 0.4204102 0.03320312 0.4204102 0.03320312 0.4204102 0.005859375 0.3527832 0.03320312 0.4204102 0.03320312 0.3527832 0.03320312 0.4204102 0.04589837 0.4204102 0.04589837 0.3527832 0.03320312 0.3527832 0.04589837 0.3527832 0.04589837 0.3527832 0.03320312 0.3105469 0.03320312 0.3527832 0.04589837 0.3105469 0.03320312 0.3105469 0.04589837 0.3105469 0.04589837 0.3105469 0.03320312 0.284668 0.03320312 0.3105469 0.04589837 0.284668 0.03320312 0.284668 0.04589837 0.284668 0.04589837 0.284668 0.03320312 0.2612305 0.03320312 0.284668 0.04589837 0.2612305 0.03320312 0.2612305 0.04589837 0.2612305 0.04589837 0.2612305 0.03320312 0.2388916 0.04589837 0.2388916 0.04589837 0.2612305 0.03320312 0.2388916 0.03320312 0.2388916 0.04589837 0.2388916 0.03320312 0.22229 0.04589837 0.22229 0.04589837 0.2388916 0.03320312 0.22229 0.03320312 0.22229 0.04589837 0.22229 0.03320312 0.1824951 0.03320312 0.1824951 0.03320312 0.22229 0.03320312 0.1829833 0.005859375 0.1824951 0.03320312 0.1829833 0.005859375 0.1549072 0.005859375 0.1824951 0.03320312 0.1549072 0.005859375 0.154541 0.03320312 0.154541 0.03320312 0.1549072 0.005859375 0.1295166 0.005859375 0.154541 0.03320312 0.1295166 0.005859375 0.1269531 0.03320312 0.1269531 0.03320312 0.1295166 0.005859375 0.09942626 0.005859375 0.1269531 0.03320312 0.09942626 0.005859375 0.1029663 0.03320312 0.1029663 0.03320312 0.09942626 0.005859375 0.07678222 0.03320312 0.1029663 0.03320312 0.07678222 0.03320312 0.09942626 0.04589837 0.09942626 0.04589837 0.07678222 0.03320312 0.07537841 0.04589837 0.07537841 0.04589837 0.07678222 0.03320312 0.0447998 0.03320312 0.0447998 0.03320312 0.07678222 0.03320312 0.07537841 0.005859375 0.07537841 0.005859375 0.07678222 0.03320312 0.09942626 0.005859375 0.8017578 0.04589837 0.8618164 0.03320312 0.8017578 0.03320312 0.8017578 0.04589837 0.8017578 0.03320312 0.7827149 0.04589837 0.7827149 0.04589837 0.8017578 0.03320312 0.7827149 0.03320312 0.7827149 0.04589837 0.7827149 0.03320312 0.7573242 0.03320312 0.7827149 0.04589837 0.7573242 0.03320312 0.7573242 0.04589837 0.7236328 0.03320312 0.7573242 0.005859375 0.6782227 0.005859375 0.7236328 0.03320312 0.6782227 0.005859375 0.7021484 0.03320312 0.7021484 0.03320312 0.6782227 0.005859375 0.6782227 0.03320312 0.6782227 0.03320312 0.6782227 0.005859375 0.6489258 0.005859375 0.6782227 0.03320312 0.6489258 0.005859375 0.6489258 0.03320312 0.6489258 0.03320312 0.6489258 0.005859375 0.6147461 0.005859375 0.6147461 0.04589837 0.6489258 0.04589837 0.6147461 0.03320312 0.6147461 0.04589837 0.6147461 0.03320312 0.5844727 0.04589837 0.5844727 0.04589837 0.6147461 0.03320312 0.5844727 0.03320312 0.5844727 0.04589837 0.5844727 0.03320312 0.5522461 0.03320312 0.5844727 0.04589837 0.5522461 0.03320312 0.5522461 0.04589837 0.5522461 0.04589837 0.5522461 0.03320312 0.5195313 0.03320312 0.5522461 0.04589837 0.5195313 0.03320312 0.5195313 0.04589837 0.5195313 0.04589837 0.5195313 0.03320312 0.4890137 0.03320312 0.5195313 0.04589837 0.4890137 0.03320312 0.4890137 0.04589837 0.4890137 0.04589837 0.4890137 0.03320312 0.4526367 0.03320312 0.4890137 0.04589837 0.4526367 0.03320312 0.4526367 0.04589837 0.4526367 0.04589837 0.4526367 0.03320312 0.4204102 0.03320312 0.4526367 0.04589837 0.4204102 0.03320312 0.4204102 0.04589837 0.1829833 0.005859375 0.22229 0.03320312 0.22229 0.005859375 0.22229 0.005859375 0.22229 0.03320312 0.2388916 0.03320312 0.22229 0.005859375 0.2388916 0.03320312 0.2388916 0.005859375 0.2388916 0.005859375 0.2388916 0.03320312 0.2612305 0.005859375 0.2612305 0.005859375 0.2388916 0.03320312 0.2612305 0.03320312 0.2612305 0.005859375 0.2612305 0.03320312 0.284668 0.03320312 0.2612305 0.005859375 0.284668 0.03320312 0.284668 0.005859375 0.284668 0.005859375 0.284668 0.03320312 0.3105469 0.03320312 0.284668 0.005859375 0.3105469 0.03320312 0.3105469 0.005859375 0.3105469 0.005859375 0.3105469 0.03320312 0.3527832 0.03320312 0.3105469 0.005859375 0.3527832 0.03320312 0.3527832 0.005859375 0.3527832 0.005859375 0.3527832 0.03320312 0.4204102 0.005859375 0.7573242 0.04589837 0.7827149 0.04589837 0.7573242 0.03320312 0.7573242 0.04589837 0.7573242 0.03320312 0.7236328 0.04589837 0.7236328 0.04589837 0.7573242 0.03320312 0.7236328 0.03320312 0.7236328 0.04589837 0.7236328 0.03320312 0.7021484 0.04589837 0.7021484 0.04589837 0.7236328 0.03320312 0.7021484 0.03320312 0.7021484 0.04589837 0.7021484 0.03320312 0.6782227 0.04589837 0.8618164 0.04589837 0.8618164 0.03320312 0.8017578 0.04589837 0.8017578 0.04589837 0.8618164 0.03320312 0.8017578 0.03320312 0.8017578 0.04589837 0.8017578 0.03320312 0.7827149 0.04589837 0.7827149 0.04589837 0.8017578 0.03320312 0.7827149 0.03320312 0.7827149 0.04589837 0.7827149 0.03320312 0.7573242 0.03320312 0.7573242 0.03320312 0.7827149 0.03320312 0.7573242 0.005859375 0.7573242 0.03320312 0.7573242 0.005859375 0.7236328 0.03320312 0.7236328 0.03320312 0.7573242 0.005859375 0.6782227 0.005859375 0.7236328 0.03320312 0.6782227 0.005859375 0.7021484 0.03320312 0.7021484 0.03320312 0.6782227 0.005859375 0.6782227 0.03320312 0.7021484 0.03320312 0.6782227 0.03320312 0.6782227 0.04589837 0.6782227 0.04589837 0.6782227 0.03320312 0.6489258 0.03320312 0.6782227 0.04589837 0.6489258 0.03320312 0.6489258 0.04589837 0.6489258 0.04589837 0.6489258 0.03320312 0.6147461 0.03320312 0.6147461 0.03320312 0.6489258 0.03320312 0.6147461 0.005859375 0.6147461 0.03320312 0.6147461 0.005859375 0.5844727 0.03320312 0.5844727 0.03320312 0.6147461 0.005859375 0.5844727 0.005859375 0.5844727 0.03320312 0.5844727 0.005859375 0.5522461 0.03320312 0.5522461 0.03320312 0.5844727 0.005859375 0.5522461 0.005859375 0.5522461 0.03320312 0.5522461 0.005859375 0.5195313 0.03320312 0.5195313 0.03320312 0.5522461 0.005859375 0.5195313 0.005859375 0.5195313 0.03320312 0.5195313 0.005859375 0.4890137 0.005859375 0.5195313 0.03320312 0.4890137 0.005859375 0.4890137 0.03320312 0.4890137 0.03320312 0.4890137 0.005859375 0.4526367 0.005859375 0.4890137 0.03320312 0.4526367 0.005859375 0.4526367 0.03320312 0.4526367 0.03320312 0.4526367 0.005859375 0.4204102 0.005859375 0.4526367 0.03320312 0.4204102 0.005859375 0.4204102 0.03320312 0.4204102 0.03320312 0.4204102 0.005859375 0.3527832 0.005859375 0.4204102 0.03320312 0.3527832 0.005859375 0.3527832 0.03320312 0.3527832 0.03320312 0.3527832 0.005859375 0.3105469 0.005859375 0.3527832 0.03320312 0.3105469 0.005859375 0.3105469 0.03320312 0.3105469 0.03320312 0.3105469 0.005859375 0.284668 0.005859375 0.3105469 0.03320312 0.284668 0.005859375 0.284668 0.03320312 0.284668 0.03320312 0.284668 0.005859375 0.2612305 0.005859375 0.284668 0.03320312 0.2612305 0.005859375 0.2612305 0.03320312 0.2612305 0.03320312 0.2612305 0.005859375 0.2388916 0.03320312 0.2612305 0.03320312 0.2388916 0.03320312 0.2388916 0.04589837 0.2388916 0.04589837 0.2388916 0.03320312 0.22229 0.03320312 0.2388916 0.04589837 0.22229 0.03320312 0.22229 0.04589837 0.22229 0.04589837 0.22229 0.03320312 0.1829833 0.04589837 0.1829833 0.04589837 0.22229 0.03320312 0.1829833 0.03320312 0.1829833 0.04589837 0.1829833 0.03320312 0.1549072 0.03320312 0.1549072 0.03320312 0.1829833 0.03320312 0.1549072 0.005859375 0.1549072 0.03320312 0.1549072 0.005859375 0.1295166 0.005859375 0.1549072 0.03320312 0.1295166 0.005859375 0.1295166 0.03320312 0.1295166 0.03320312 0.1295166 0.005859375 0.09942626 0.005859375 0.1295166 0.03320312 0.09942626 0.005859375 0.09942626 0.03320312 0.09942626 0.03320312 0.09942626 0.005859375 0.07537841 0.005859375 0.09942626 0.03320312 0.07537841 0.005859375 0.07537841 0.03320312 0.07537841 0.03320312 0.07537841 0.005859375 0.0447998 0.03320312 0.07537841 0.03320312 0.0447998 0.03320312 0.07537841 0.04589837 0.07537841 0.03320312 0.07537841 0.04589837 0.09942626 0.03320312 0.09942626 0.03320312 0.07537841 0.04589837 0.09942626 0.04589837 0.09942626 0.03320312 0.09942626 0.04589837 0.1295166 0.03320312 0.1295166 0.03320312 0.09942626 0.04589837 0.1295166 0.04589837 0.1295166 0.03320312 0.1295166 0.04589837 0.1549072 0.04589837 0.1295166 0.03320312 0.1549072 0.04589837 0.1549072 0.03320312 0.1549072 0.03320312 0.1549072 0.04589837 0.1829833 0.04589837 0.6782227 0.03320312 0.6782227 0.005859375 0.6489258 0.03320312 0.6489258 0.03320312 0.6782227 0.005859375 0.6489258 0.005859375 0.6489258 0.03320312 0.6489258 0.005859375 0.6147461 0.005859375 0.6489258 0.04589837 0.6147461 0.03320312 0.6147461 0.04589837 0.6147461 0.04589837 0.6147461 0.03320312 0.5844727 0.03320312 0.6147461 0.04589837 0.5844727 0.03320312 0.5844727 0.04589837 0.1829833 0.005859375 0.1549072 0.005859375 0.1829833 0.03320312 0.1829833 0.005859375 0.1829833 0.03320312 0.22229 0.03320312 0.1829833 0.005859375 0.22229 0.03320312 0.22229 0.005859375 0.22229 0.005859375 0.22229 0.03320312 0.2388916 0.005859375 0.2388916 0.005859375 0.22229 0.03320312 0.2388916 0.03320312 0.2388916 0.005859375 0.2388916 0.03320312 0.2612305 0.005859375 0.7827149 0.005859375 0.7573242 0.005859375 0.7827149 0.03320312 0.7827149 0.005859375 0.7827149 0.03320312 0.8017578 0.03320312 0.7827149 0.005859375 0.8017578 0.03320312 0.8017578 0.005859375 0.8017578 0.005859375 0.8017578 0.03320312 0.8618164 0.005859375 0.8618164 0.005859375 0.8017578 0.03320312 0.8618164 0.03320312 0.5522461 0.04589837 0.5522461 0.03320312 0.5195313 0.03320312 0.5522461 0.04589837 0.5195313 0.03320312 0.5195313 0.04589837 0.5195313 0.04589837 0.5195313 0.03320312 0.4890137 0.04589837 0.4890137 0.04589837 0.5195313 0.03320312 0.4890137 0.03320312 0.4890137 0.04589837 0.4890137 0.03320312 0.4526367 0.04589837 0.4526367 0.04589837 0.4890137 0.03320312 0.4526367 0.03320312 0.4526367 0.04589837 0.4526367 0.03320312 0.4204102 0.04589837 0.4204102 0.04589837 0.4526367 0.03320312 0.4204102 0.03320312 0.4204102 0.04589837 0.4204102 0.03320312 0.3527832 0.04589837 0.3527832 0.04589837 0.4204102 0.03320312 0.3527832 0.03320312 0.3527832 0.04589837 0.3527832 0.03320312 0.3105469 0.04589837 0.3105469 0.04589837 0.3527832 0.03320312 0.3105469 0.03320312 0.3105469 0.04589837 0.3105469 0.03320312 0.284668 0.04589837 0.284668 0.04589837 0.3105469 0.03320312 0.284668 0.03320312 0.284668 0.04589837 0.284668 0.03320312 0.2612305 0.04589837 0.2612305 0.04589837 0.284668 0.03320312 0.2612305 0.03320312 0.2612305 0.04589837 0.2612305 0.03320312 0.2388916 0.04589837 0.5522461 0.03320312 0.5522461 0.04589837 0.5844727 0.03320312 0.5844727 0.03320312 0.5522461 0.04589837 0.5844727 0.04589837 0.3271484 0.7282715 0.2839356 0.7282715 0.3010254 0.75354 0.3010254 0.75354 0.2839356 0.7282715 0.2836914 0.755127 0.3010254 0.75354 0.2836914 0.755127 0.3115234 0.7818604 0.3115234 0.7818604 0.2836914 0.755127 0.255127 0.7818604 0.255127 0.7818604 0.2836914 0.755127 0.2490234 0.755127 0.2490234 0.755127 0.2836914 0.755127 0.2839356 0.7282715 0.2490234 0.755127 0.2839356 0.7282715 0.2412109 0.7282715 0.2412109 0.7282715 0.2839356 0.7282715 0.2607422 0.6835938 0.2607422 0.6835938 0.2839356 0.7282715 0.2858887 0.6835938 0.2607422 0.6835938 0.2858887 0.6835938 0.2875977 0.638916 0.2875977 0.638916 0.2858887 0.6835938 0.310791 0.6835938 0.310791 0.6835938 0.2858887 0.6835938 0.2839356 0.7282715 0.310791 0.6835938 0.2839356 0.7282715 0.3271484 0.7282715 0.5844727 0.04589837 0.5522461 0.04589837 0.5844727 0.03222656 0.5844727 0.04589837 0.5844727 0.03222656 0.6147461 0.04589837 0.6147461 0.04589837 0.5844727 0.03222656 0.6147461 0.03222656 0.6147461 0.04589837 0.6147461 0.03222656 0.6489258 0.04589837 0.6489258 0.04589837 0.6147461 0.03222656 0.6489258 0.03222656 0.6489258 0.04589837 0.6489258 0.03222656 0.6782227 0.04589837 0.9526367 0.005859375 0.9526367 0.03222656 0.8618164 0.005859375 0.8618164 0.005859375 0.9526367 0.03222656 0.8618164 0.03222656 0.8618164 0.005859375 0.8618164 0.03222656 0.8017578 0.005859375 0.8017578 0.005859375 0.8618164 0.03222656 0.8017578 0.03222656 0.8017578 0.005859375 0.8017578 0.03222656 0.7827149 0.005859375 0.7827149 0.005859375 0.8017578 0.03222656 0.7827149 0.03222656 0.7827149 0.005859375 0.7827149 0.03222656 0.7573242 0.005859375 0.7573242 0.005859375 0.7827149 0.03222656 0.7573242 0.03222656 0.7573242 0.005859375 0.7573242 0.03222656 0.7236328 0.03222656 0.7236328 0.03222656 0.7573242 0.03222656 0.7236328 0.04589837 0.7236328 0.03222656 0.7236328 0.04589837 0.7021484 0.04589837 0.7236328 0.03222656 0.7021484 0.04589837 0.7021484 0.03222656 0.7021484 0.03222656 0.7021484 0.04589837 0.6782227 0.04589837 0.7021484 0.03222656 0.6782227 0.04589837 0.6782227 0.03222656 0.6782227 0.03222656 0.6782227 0.04589837 0.6489258 0.03222656 0.6782227 0.03222656 0.6489258 0.03222656 0.6782227 0.005859375 0.6782227 0.005859375 0.6489258 0.03222656 0.6489258 0.005859375 0.6489258 0.005859375 0.6489258 0.03222656 0.6147461 0.005859375 0.6147461 0.005859375 0.6489258 0.03222656 0.6147461 0.03222656 0.6147461 0.005859375 0.6147461 0.03222656 0.5844727 0.005859375 0.5844727 0.005859375 0.6147461 0.03222656 0.5844727 0.03222656 0.5844727 0.005859375 0.5844727 0.03222656 0.5522461 0.03222656 0.5522461 0.03222656 0.5844727 0.03222656 0.5522461 0.04589837 0.5522461 0.03222656 0.5522461 0.04589837 0.5195313 0.03222656 0.5195313 0.03222656 0.5522461 0.04589837 0.5195313 0.04589837 0.5195313 0.03222656 0.5195313 0.04589837 0.4890137 0.04589837 0.5195313 0.03222656 0.4890137 0.04589837 0.4890137 0.03222656 0.4890137 0.03222656 0.4890137 0.04589837 0.4526367 0.04589837 0.4890137 0.03222656 0.4526367 0.04589837 0.4526367 0.03222656 0.4526367 0.03222656 0.4526367 0.04589837 0.4204102 0.04589837 0.4526367 0.03222656 0.4204102 0.04589837 0.4204102 0.03222656 0.4204102 0.03222656 0.4204102 0.04589837 0.3527832 0.04589837 0.4204102 0.03222656 0.3527832 0.04589837 0.3527832 0.03222656 0.3527832 0.03222656 0.3527832 0.04589837 0.3105469 0.04589837 0.3527832 0.03222656 0.3105469 0.04589837 0.3105469 0.03222656 0.3105469 0.03222656 0.3105469 0.04589837 0.284668 0.04589837 0.3105469 0.03222656 0.284668 0.04589837 0.284668 0.03222656 0.284668 0.03222656 0.284668 0.04589837 0.2612305 0.04589837 0.284668 0.03222656 0.2612305 0.04589837 0.2612305 0.03222656 0.2612305 0.03222656 0.2612305 0.04589837 0.2388916 0.04589837 0.2612305 0.03222656 0.2388916 0.04589837 0.2388916 0.03222656 0.2388916 0.03222656 0.2388916 0.04589837 0.22229 0.03222656 0.2388916 0.03222656 0.22229 0.03222656 0.2388916 0.005859375 0.2388916 0.005859375 0.22229 0.03222656 0.22229 0.005859375 0.22229 0.005859375 0.22229 0.03222656 0.1829833 0.005859375 0.1829833 0.005859375 0.22229 0.03222656 0.1829833 0.03222656 0.1829833 0.005859375 0.1829833 0.03222656 0.1549072 0.005859375 0.1549072 0.005859375 0.1829833 0.03222656 0.1549072 0.03222656 0.1549072 0.005859375 0.1549072 0.03222656 0.1295166 0.005859375 0.1295166 0.005859375 0.1549072 0.03222656 0.1295166 0.03222656 0.1295166 0.005859375 0.1295166 0.03222656 0.09942626 0.005859375 0.09942626 0.005859375 0.1295166 0.03222656 0.09942626 0.03222656 0.09942626 0.005859375 0.09942626 0.03222656 0.07537841 0.005859375 0.07537841 0.005859375 0.09942626 0.03222656 0.07537841 0.03222656 0.07537841 0.005859375 0.07537841 0.03222656 0.0447998 0.03222656 0.0447998 0.03222656 0.07537841 0.03222656 0.07537841 0.04589837 0.07537841 0.04589837 0.07537841 0.03222656 0.09942626 0.03222656 0.07537841 0.04589837 0.09942626 0.03222656 0.09942626 0.04589837 0.09942626 0.04589837 0.09942626 0.03222656 0.1295166 0.03222656 0.09942626 0.04589837 0.1295166 0.03222656 0.1295166 0.04589837 0.1295166 0.04589837 0.1295166 0.03222656 0.1549072 0.04589837 0.1549072 0.04589837 0.1295166 0.03222656 0.1549072 0.03222656 0.1549072 0.04589837 0.1549072 0.03222656 0.1829833 0.04589837 0.1829833 0.04589837 0.1549072 0.03222656 0.1829833 0.03222656 0.1829833 0.04589837 0.1829833 0.03222656 0.22229 0.03222656 0.1829833 0.04589837 0.22229 0.03222656 0.22229 0.04589837 0.22229 0.04589837 0.22229 0.03222656 0.2388916 0.04589837 0.7021484 0.03222656 0.6782227 0.03222656 0.6782227 0.005859375 0.7021484 0.03222656 0.6782227 0.005859375 0.7236328 0.03222656 0.7236328 0.03222656 0.6782227 0.005859375 0.7573242 0.005859375 0.2388916 0.03222656 0.2388916 0.005859375 0.2612305 0.005859375 0.2388916 0.03222656 0.2612305 0.005859375 0.2612305 0.03222656 0.2612305 0.03222656 0.2612305 0.005859375 0.284668 0.03222656 0.284668 0.03222656 0.2612305 0.005859375 0.284668 0.005859375 0.284668 0.03222656 0.284668 0.005859375 0.3105469 0.03222656 0.3105469 0.03222656 0.284668 0.005859375 0.3105469 0.005859375 0.3105469 0.03222656 0.3105469 0.005859375 0.3527832 0.03222656 0.3527832 0.03222656 0.3105469 0.005859375 0.3527832 0.005859375 0.3527832 0.03222656 0.3527832 0.005859375 0.4204102 0.03222656 0.4204102 0.03222656 0.3527832 0.005859375 0.4204102 0.005859375 0.4204102 0.03222656 0.4204102 0.005859375 0.4526367 0.03222656 0.4526367 0.03222656 0.4204102 0.005859375 0.4526367 0.005859375 0.4526367 0.03222656 0.4526367 0.005859375 0.4890137 0.03222656 0.4890137 0.03222656 0.4526367 0.005859375 0.4890137 0.005859375 0.4890137 0.03222656 0.4890137 0.005859375 0.5195313 0.03222656 0.5195313 0.03222656 0.4890137 0.005859375 0.5195313 0.005859375 0.5195313 0.03222656 0.5195313 0.005859375 0.5522461 0.005859375 0.5195313 0.03222656 0.5522461 0.005859375 0.5522461 0.03222656 0.5522461 0.03222656 0.5522461 0.005859375 0.5844727 0.005859375 0.9526367 0.03222656 0.9526367 0.04589837 0.8618164 0.04589837 0.9526367 0.03222656 0.8618164 0.04589837 0.8618164 0.03222656 0.8618164 0.03222656 0.8618164 0.04589837 0.8017578 0.04589837 0.8618164 0.03222656 0.8017578 0.04589837 0.8017578 0.03222656 0.8017578 0.03222656 0.8017578 0.04589837 0.7827149 0.04589837 0.8017578 0.03222656 0.7827149 0.04589837 0.7827149 0.03222656 0.7827149 0.03222656 0.7827149 0.04589837 0.7573242 0.03222656 0.7573242 0.03222656 0.7827149 0.04589837 0.7573242 0.04589837 0.7573242 0.03222656 0.7573242 0.04589837 0.7236328 0.04589837 0.3010254 0.75354 0.3115234 0.7818604 0.2836914 0.755127 0.2836914 0.755127 0.3115234 0.7818604 0.255127 0.7818604 0.2836914 0.755127 0.255127 0.7818604 0.2490234 0.755127 0.2836914 0.755127 0.2490234 0.755127 0.2839356 0.7282715 0.2839356 0.7282715 0.2490234 0.755127 0.2412109 0.7282715 0.2839356 0.7282715 0.2412109 0.7282715 0.2607422 0.6835938 0.2839356 0.7282715 0.2607422 0.6835938 0.2858887 0.6835938 0.2858887 0.6835938 0.2607422 0.6835938 0.2875977 0.638916 0.2858887 0.6835938 0.2875977 0.638916 0.310791 0.6835938 0.2858887 0.6835938 0.310791 0.6835938 0.2839356 0.7282715 0.2839356 0.7282715 0.310791 0.6835938 0.3271484 0.7282715 0.2839356 0.7282715 0.3271484 0.7282715 0.3010254 0.75354 0.2839356 0.7282715 0.3010254 0.75354 0.2836914 0.755127 0.7871094 0.503418 0.7963867 0.503418 0.7998047 0.4736328 0.7871094 0.503418 0.7998047 0.4736328 0.7871094 0.4736328 0.7963867 0.503418 0.7871094 0.503418 0.7866211 0.5466309 0.7963867 0.503418 0.7866211 0.5466309 0.7958984 0.5466309 0.7958984 0.5466309 0.7866211 0.5466309 0.7866211 0.5668945 0.7958984 0.5466309 0.7866211 0.5668945 0.7958984 0.5668945 0.7958984 0.5466309 0.7958984 0.5668945 0.8105469 0.5668945 0.7958984 0.5466309 0.8105469 0.5668945 0.8105469 0.5466309 0.7958984 0.5466309 0.8105469 0.5466309 0.7963867 0.503418 0.7963867 0.503418 0.8105469 0.5466309 0.8105469 0.503418 0.7963867 0.503418 0.8105469 0.503418 0.7998047 0.4736328 0.7998047 0.4736328 0.8105469 0.503418 0.8076172 0.4736328 0.9677734 0.0859375 0.9428711 0.08544921 0.9570313 0.1220703 0.9570313 0.1220703 0.9428711 0.08544921 0.9311524 0.1210937 0.9570313 0.1220703 0.9311524 0.1210937 0.934082 0.1733398 0.934082 0.1733398 0.9311524 0.1210937 0.9116211 0.1733398 0.934082 0.1733398 0.9116211 0.1733398 0.9023438 0.230957 0.9023438 0.230957 0.9116211 0.1733398 0.8891602 0.230957 0.9023438 0.230957 0.8891602 0.230957 0.8686524 0.309082 0.8686524 0.309082 0.8891602 0.230957 0.8623047 0.3071289 0.8686524 0.309082 0.8623047 0.3071289 0.8413086 0.3847656 0.8413086 0.3847656 0.8623047 0.3071289 0.8388672 0.3066406 0.8413086 0.3847656 0.8388672 0.3066406 0.8300781 0.3847656 0.8300781 0.3847656 0.8388672 0.3066406 0.8085938 0.3847656 0.8300781 0.3847656 0.8085938 0.3847656 0.8212891 0.4321289 0.8212891 0.4321289 0.8085938 0.3847656 0.8115234 0.4321289 0.8212891 0.4321289 0.8115234 0.4321289 0.8139649 0.4736328 0.8139649 0.4736328 0.8115234 0.4321289 0.8076172 0.4736328 0.8139649 0.4736328 0.8076172 0.4736328 0.8203125 0.503418 0.8203125 0.503418 0.8076172 0.4736328 0.8105469 0.503418 0.8203125 0.503418 0.8105469 0.503418 0.8203125 0.5466309 0.8203125 0.5466309 0.8105469 0.503418 0.8105469 0.5466309 0.8203125 0.5466309 0.8105469 0.5466309 0.8203125 0.5668945 0.8203125 0.5668945 0.8105469 0.5466309 0.8105469 0.5668945 0.8203125 0.5668945 0.8105469 0.5668945 0.8071289 0.5842285 0.8071289 0.5842285 0.8105469 0.5668945 0.7958984 0.5668945 0.8071289 0.5842285 0.7958984 0.5668945 0.7958984 0.5842285 0.7958984 0.5842285 0.7958984 0.5668945 0.7866211 0.5668945 0.7958984 0.5842285 0.7866211 0.5668945 0.7866211 0.5842285 0.7958984 0.5842285 0.7866211 0.5842285 0.7988281 0.5952149 0.7988281 0.5952149 0.7866211 0.5842285 0.7866211 0.5952149 0.7988281 0.5952149 0.7866211 0.5952149 0.7958984 0.6096192 0.8334961 0.4321289 0.8413086 0.3847656 0.8300781 0.3847656 0.8334961 0.4321289 0.8300781 0.3847656 0.8212891 0.4321289 0.7958984 0.5842285 0.7988281 0.5952149 0.8032227 0.5842285 0.9428711 0.08544921 0.9213867 0.08496093 0.9311524 0.1210937 0.9311524 0.1210937 0.9213867 0.08496093 0.9106445 0.1201171 0.9311524 0.1210937 0.9106445 0.1201171 0.9116211 0.1733398 0.9116211 0.1733398 0.9106445 0.1201171 0.8876953 0.1733398 0.9116211 0.1733398 0.8876953 0.1733398 0.8891602 0.230957 0.8891602 0.230957 0.8876953 0.1733398 0.8735352 0.230957 0.8891602 0.230957 0.8735352 0.230957 0.8623047 0.3071289 0.8623047 0.3071289 0.8735352 0.230957 0.8388672 0.3066406 0.8388672 0.3066406 0.8735352 0.230957 0.8442383 0.230957 0.8388672 0.3066406 0.8442383 0.230957 0.8041992 0.3056641 0.8388672 0.3066406 0.8041992 0.3056641 0.8085938 0.3847656 0.8085938 0.3847656 0.8041992 0.3056641 0.8017578 0.3847656 0.8085938 0.3847656 0.8017578 0.3847656 0.8115234 0.4321289 0.8115234 0.4321289 0.8017578 0.3847656 0.8046875 0.4326172 0.8046875 0.4326172 0.8017578 0.3847656 0.7939453 0.4326172 0.9106445 0.1201171 0.8549805 0.1738281 0.8876953 0.1733398 0.8876953 0.1733398 0.8549805 0.1738281 0.8442383 0.230957 0.8876953 0.1733398 0.8442383 0.230957 0.8735352 0.230957 0.8115234 0.4321289 0.8046875 0.4326172 0.8076172 0.4736328 0.8076172 0.4736328 0.8046875 0.4326172 0.7939453 0.4326172 0.8076172 0.4736328 0.7939453 0.4326172 0.7993164 0.4736328 0.7993164 0.4736328 0.7939453 0.4326172 0.7866211 0.4736328 0.7866211 0.4736328 0.7939453 0.4326172 0.7871094 0.4321289 0.7871094 0.4321289 0.7939453 0.4326172 0.7875977 0.3847656 0.7875977 0.3847656 0.7939453 0.4326172 0.8017578 0.3847656 0.7875977 0.3847656 0.8017578 0.3847656 0.7841797 0.3051758 0.7841797 0.3051758 0.8017578 0.3847656 0.8041992 0.3056641 0.7841797 0.3051758 0.8041992 0.3056641 0.8056641 0.230957 0.8056641 0.230957 0.8041992 0.3056641 0.8442383 0.230957 0.8056641 0.230957 0.8442383 0.230957 0.8115234 0.1738281 0.8115234 0.1738281 0.8442383 0.230957 0.8549805 0.1738281 0.8115234 0.1738281 0.8549805 0.1738281 0.8710938 0.1201171 0.8710938 0.1201171 0.8549805 0.1738281 0.9106445 0.1201171 0.8710938 0.1201171 0.9106445 0.1201171 0.8813477 0.08447265 0.8813477 0.08447265 0.9106445 0.1201171 0.9213867 0.08496093 0.8813477 0.08447265 0.9213867 0.08496093 0.90625 0.05615234 0.90625 0.05615234 0.9213867 0.08496093 0.9282227 0.05615234 0.9282227 0.05615234 0.9213867 0.08496093 0.9428711 0.08544921 0.9282227 0.05615234 0.9428711 0.08544921 0.9731445 0.05615234 0.9731445 0.05615234 0.9428711 0.08544921 0.9677734 0.0859375 0.9731445 0.05615234 0.9677734 0.0859375 0.9931641 0.05615234 0.8779297 0.3852539 0.8413086 0.3847656 0.840332 0.4326172 0.840332 0.4326172 0.8413086 0.3847656 0.8334961 0.4321289 0.840332 0.4326172 0.8334961 0.4321289 0.8266602 0.4736328 0.8266602 0.4736328 0.8334961 0.4321289 0.8212891 0.4321289 0.8266602 0.4736328 0.8212891 0.4321289 0.8139649 0.4736328 0.8266602 0.4736328 0.8139649 0.4736328 0.828125 0.5029297 0.828125 0.5029297 0.8139649 0.4736328 0.8203125 0.503418 0.828125 0.5029297 0.8203125 0.503418 0.828125 0.5466309 0.828125 0.5466309 0.8203125 0.503418 0.8203125 0.5466309 0.7866211 0.4736328 0.7807617 0.503418 0.7866211 0.503418 0.8203125 0.5842285 0.8203125 0.5668945 0.8071289 0.5842285 0.8203125 0.5842285 0.8071289 0.5842285 0.8203125 0.5952149 0.8203125 0.5952149 0.8071289 0.5842285 0.8115234 0.5952149 0.8203125 0.5952149 0.8115234 0.5952149 0.8120117 0.6096192 0.8120117 0.6096192 0.8115234 0.5952149 0.7988281 0.5952149 0.8115234 0.5952149 0.8071289 0.5842285 0.8032227 0.5952149 0.8813477 0.08447265 0.815918 0.1201171 0.8710938 0.1201171 0.8710938 0.1201171 0.815918 0.1201171 0.8115234 0.1738281 0.8115234 0.1738281 0.815918 0.1201171 0.7661133 0.1201171 0.8115234 0.1738281 0.7661133 0.1201171 0.7636719 0.1738281 0.7636719 0.1738281 0.7661133 0.1201171 0.7216797 0.1201171 0.7636719 0.1738281 0.7216797 0.1201171 0.7216797 0.1733398 0.90625 0.05615234 0.8662109 0.05615234 0.8813477 0.08447265 0.8813477 0.08447265 0.8662109 0.05615234 0.8183594 0.08447265 0.8813477 0.08447265 0.8183594 0.08447265 0.815918 0.1201171 0.815918 0.1201171 0.8183594 0.08447265 0.7661133 0.08447265 0.815918 0.1201171 0.7661133 0.08447265 0.7661133 0.1201171 0.7661133 0.1201171 0.7661133 0.08447265 0.7226563 0.08447265 0.7661133 0.1201171 0.7226563 0.08447265 0.7216797 0.1201171 0.7216797 0.1201171 0.7226563 0.08447265 0.6777344 0.1201171 0.7216797 0.1201171 0.6777344 0.1201171 0.7216797 0.1733398 0.7216797 0.1733398 0.6777344 0.1201171 0.6831055 0.1738281 0.7216797 0.1733398 0.6831055 0.1738281 0.7241211 0.2304687 0.7216797 0.1733398 0.7241211 0.2304687 0.7636719 0.1738281 0.7636719 0.1738281 0.7241211 0.2304687 0.7626953 0.230957 0.7636719 0.1738281 0.7626953 0.230957 0.8115234 0.1738281 0.8115234 0.1738281 0.7626953 0.230957 0.8056641 0.230957 0.8056641 0.230957 0.7626953 0.230957 0.7841797 0.3051758 0.6772461 0.05615234 0.652832 0.05615234 0.6767578 0.08447265 0.6767578 0.08447265 0.652832 0.05615234 0.6318359 0.08496093 0.6767578 0.08447265 0.6318359 0.08496093 0.6777344 0.1201171 0.6767578 0.08447265 0.6777344 0.1201171 0.7226563 0.08447265 0.6767578 0.08447265 0.7226563 0.08447265 0.6772461 0.05615234 0.6772461 0.05615234 0.7226563 0.08447265 0.7231445 0.05615234 0.7231445 0.05615234 0.7226563 0.08447265 0.7441406 0.05615234 0.7441406 0.05615234 0.7226563 0.08447265 0.7661133 0.08447265 0.7441406 0.05615234 0.7661133 0.08447265 0.7719727 0.05615234 0.7719727 0.05615234 0.7661133 0.08447265 0.8183594 0.08447265 0.7719727 0.05615234 0.8183594 0.08447265 0.8198242 0.05615234 0.8198242 0.05615234 0.8183594 0.08447265 0.8662109 0.05615234 0.6152344 0.05615234 0.6318359 0.08496093 0.652832 0.05615234 0.5664063 0.6096192 0.5820313 0.5947266 0.5649414 0.5952149 0.5649414 0.5952149 0.5820313 0.5947266 0.5786133 0.5847168 0.5649414 0.5952149 0.5786133 0.5847168 0.574707 0.5847168 0.574707 0.5847168 0.5786133 0.5847168 0.574707 0.5629883 0.574707 0.5629883 0.5786133 0.5847168 0.5786133 0.5629883 0.574707 0.5629883 0.5786133 0.5629883 0.574707 0.5336914 0.574707 0.5336914 0.5786133 0.5629883 0.5786133 0.5336914 0.574707 0.5336914 0.5786133 0.5336914 0.5791016 0.503418 0.5791016 0.503418 0.5786133 0.5336914 0.5844727 0.503418 0.5791016 0.503418 0.5844727 0.503418 0.5761719 0.4736328 0.5761719 0.4736328 0.5844727 0.503418 0.5854492 0.4736328 0.5761719 0.4736328 0.5854492 0.4736328 0.5791016 0.434082 0.5791016 0.434082 0.5854492 0.4736328 0.5874024 0.434082 0.5791016 0.434082 0.5874024 0.434082 0.5737305 0.3881836 0.5737305 0.3881836 0.5874024 0.434082 0.5893555 0.3876953 0.5737305 0.3881836 0.5893555 0.3876953 0.5776367 0.3056641 0.5776367 0.3056641 0.5893555 0.3876953 0.6049805 0.3056641 0.5776367 0.3056641 0.6049805 0.3056641 0.578125 0.230957 0.578125 0.230957 0.6049805 0.3056641 0.6025391 0.230957 0.578125 0.230957 0.6025391 0.230957 0.5800781 0.1733398 0.5800781 0.1733398 0.6025391 0.230957 0.6044922 0.1743164 0.5800781 0.1733398 0.6044922 0.1743164 0.5742188 0.1230468 0.5742188 0.1230468 0.6044922 0.1743164 0.6025391 0.1220703 0.5742188 0.1230468 0.6025391 0.1220703 0.5712891 0.08886718 0.5712891 0.08886718 0.6025391 0.1220703 0.5942383 0.08691406 0.5712891 0.08886718 0.5942383 0.08691406 0.5712891 0.05615234 0.5712891 0.05615234 0.5942383 0.08691406 0.6152344 0.05615234 0.6152344 0.05615234 0.5942383 0.08691406 0.6318359 0.08496093 0.6318359 0.08496093 0.5942383 0.08691406 0.6323242 0.1201171 0.6318359 0.08496093 0.6323242 0.1201171 0.6777344 0.1201171 0.6777344 0.1201171 0.6323242 0.1201171 0.637207 0.1738281 0.6777344 0.1201171 0.637207 0.1738281 0.6831055 0.1738281 0.6831055 0.1738281 0.637207 0.1738281 0.6806641 0.2299804 0.6831055 0.1738281 0.6806641 0.2299804 0.7241211 0.2304687 0.7241211 0.2304687 0.6806641 0.2299804 0.7294922 0.3056641 0.7241211 0.2304687 0.7294922 0.3056641 0.7626953 0.230957 0.7626953 0.230957 0.7294922 0.3056641 0.7641602 0.3046875 0.7626953 0.230957 0.7641602 0.3046875 0.7841797 0.3051758 0.7841797 0.3051758 0.7641602 0.3046875 0.7734375 0.3842774 0.7841797 0.3051758 0.7734375 0.3842774 0.7875977 0.3847656 0.7875977 0.3847656 0.7734375 0.3842774 0.7744141 0.4311524 0.7875977 0.3847656 0.7744141 0.4311524 0.7871094 0.4321289 0.7871094 0.4321289 0.7744141 0.4311524 0.7753906 0.4736328 0.7871094 0.4321289 0.7753906 0.4736328 0.7866211 0.4736328 0.7866211 0.4736328 0.7753906 0.4736328 0.7749024 0.503418 0.7866211 0.4736328 0.7749024 0.503418 0.7807617 0.503418 0.7807617 0.503418 0.7749024 0.503418 0.7827149 0.5466309 0.7807617 0.503418 0.7827149 0.5466309 0.7866211 0.503418 0.7866211 0.503418 0.7827149 0.5466309 0.7866211 0.5466309 0.7866211 0.5466309 0.7827149 0.5466309 0.7817383 0.565918 0.7866211 0.5466309 0.7817383 0.565918 0.7866211 0.565918 0.7866211 0.565918 0.7817383 0.565918 0.7832031 0.5844727 0.7866211 0.565918 0.7832031 0.5844727 0.7866211 0.5844727 0.7866211 0.5844727 0.7832031 0.5844727 0.7832031 0.5952149 0.7866211 0.5844727 0.7832031 0.5952149 0.7866211 0.5952149 0.7866211 0.5952149 0.7832031 0.5952149 0.7797852 0.6096192 0.7797852 0.6096192 0.7832031 0.5952149 0.7802734 0.5952149 0.7802734 0.5952149 0.7832031 0.5952149 0.7802734 0.5844727 0.7802734 0.5844727 0.7832031 0.5952149 0.7832031 0.5844727 0.7802734 0.5844727 0.7832031 0.5844727 0.7768555 0.565918 0.7768555 0.565918 0.7832031 0.5844727 0.7817383 0.565918 0.7768555 0.565918 0.7817383 0.565918 0.7788086 0.5466309 0.7788086 0.5466309 0.7817383 0.565918 0.7827149 0.5466309 0.7788086 0.5466309 0.7827149 0.5466309 0.7749024 0.503418 0.6323242 0.1201171 0.5942383 0.08691406 0.6025391 0.1220703 0.6323242 0.1201171 0.6025391 0.1220703 0.637207 0.1738281 0.637207 0.1738281 0.6025391 0.1220703 0.6044922 0.1743164 0.6806641 0.2299804 0.637207 0.1738281 0.637207 0.230957 0.637207 0.230957 0.637207 0.1738281 0.6044922 0.1743164 0.637207 0.230957 0.6044922 0.1743164 0.6025391 0.230957 0.7753906 0.4736328 0.7744141 0.4311524 0.7661133 0.4306641 0.7661133 0.4306641 0.7744141 0.4311524 0.7641602 0.3842774 0.7641602 0.3842774 0.7744141 0.4311524 0.7734375 0.3842774 0.7641602 0.3842774 0.7734375 0.3842774 0.7641602 0.3046875 0.7641602 0.3842774 0.7641602 0.3046875 0.7294922 0.3056641 0.5844727 0.503418 0.5786133 0.5336914 0.5839844 0.5336914 0.5839844 0.5336914 0.5786133 0.5336914 0.5839844 0.5629883 0.5839844 0.5629883 0.5786133 0.5336914 0.5786133 0.5629883 0.5839844 0.5629883 0.5786133 0.5629883 0.5839844 0.5898438 0.5839844 0.5898438 0.5786133 0.5629883 0.5786133 0.5847168 0.5839844 0.5898438 0.5786133 0.5847168 0.5820313 0.5947266 0.5712891 0.08886718 0.5673828 0.1230468 0.5742188 0.1230468 0.5742188 0.1230468 0.5673828 0.1230468 0.5800781 0.1733398 0.5800781 0.1733398 0.5673828 0.1230468 0.5722656 0.1738281 0.5800781 0.1733398 0.5722656 0.1738281 0.578125 0.230957 0.578125 0.230957 0.5722656 0.1738281 0.5698242 0.230957 0.578125 0.230957 0.5698242 0.230957 0.5776367 0.3056641 0.5776367 0.3056641 0.5698242 0.230957 0.5698242 0.3056641 0.5776367 0.3056641 0.5698242 0.3056641 0.5737305 0.3881836 0.5737305 0.3881836 0.5698242 0.3056641 0.5615234 0.3876953 0.5737305 0.3881836 0.5615234 0.3876953 0.5703125 0.4345703 0.5737305 0.3881836 0.5703125 0.4345703 0.5791016 0.434082 0.5791016 0.434082 0.5703125 0.4345703 0.5761719 0.4736328 0.6010742 0.434082 0.5932617 0.434082 0.6005859 0.4736328 0.6005859 0.4736328 0.5932617 0.434082 0.5854492 0.4736328 0.5854492 0.4736328 0.5932617 0.434082 0.5874024 0.434082 0.5874024 0.434082 0.5932617 0.434082 0.5893555 0.3876953 0.5893555 0.3876953 0.5932617 0.434082 0.6020508 0.3876953 0.5893555 0.3876953 0.6020508 0.3876953 0.6049805 0.3056641 0.6020508 0.3876953 0.5932617 0.434082 0.6010742 0.434082 0.5454102 0.6096192 0.5541992 0.5952149 0.5395508 0.5952149 0.5395508 0.5952149 0.5541992 0.5952149 0.5541992 0.5847168 0.5395508 0.5952149 0.5541992 0.5847168 0.5395508 0.5847168 0.5395508 0.5847168 0.5541992 0.5847168 0.5541992 0.5683594 0.5395508 0.5847168 0.5541992 0.5683594 0.5395508 0.5683594 0.5395508 0.5683594 0.5541992 0.5683594 0.5541992 0.5466309 0.5395508 0.5683594 0.5541992 0.5466309 0.5395508 0.5466309 0.5395508 0.5466309 0.5541992 0.5466309 0.5541992 0.503418 0.5395508 0.5466309 0.5541992 0.503418 0.5395508 0.503418 0.5395508 0.503418 0.5541992 0.503418 0.5541992 0.4736328 0.5395508 0.503418 0.5541992 0.4736328 0.5395508 0.4736328 0.5395508 0.4736328 0.5541992 0.4736328 0.5415039 0.4335938 0.5415039 0.4335938 0.5541992 0.4736328 0.5527344 0.4345703 0.5415039 0.4335938 0.5527344 0.4345703 0.5512695 0.3876953 0.5512695 0.3876953 0.5527344 0.4345703 0.5615234 0.3876953 0.5615234 0.3876953 0.5527344 0.4345703 0.5595703 0.4350586 0.5615234 0.3876953 0.5595703 0.4350586 0.5703125 0.4345703 0.5703125 0.4345703 0.5595703 0.4350586 0.5683594 0.4736328 0.5703125 0.4345703 0.5683594 0.4736328 0.5761719 0.4736328 0.5761719 0.4736328 0.5683594 0.4736328 0.574707 0.503418 0.5761719 0.4736328 0.574707 0.503418 0.5791016 0.503418 0.5791016 0.503418 0.574707 0.503418 0.574707 0.5336914 0.5415039 0.4335938 0.5253906 0.4736328 0.5395508 0.4736328 0.5625 0.4736328 0.5541992 0.4736328 0.5541992 0.503418 0.5527344 0.4345703 0.5541992 0.4736328 0.5595703 0.4350586 0.5595703 0.4350586 0.5541992 0.4736328 0.5625 0.4736328 0.5595703 0.4350586 0.5625 0.4736328 0.5683594 0.4736328 0.5683594 0.4736328 0.5625 0.4736328 0.5678711 0.503418 0.5678711 0.503418 0.5625 0.4736328 0.5610352 0.503418 0.5610352 0.503418 0.5625 0.4736328 0.5541992 0.503418 0.5610352 0.503418 0.5541992 0.503418 0.5541992 0.5466309 0.5610352 0.503418 0.5541992 0.5466309 0.5610352 0.5466309 0.5610352 0.5466309 0.5541992 0.5466309 0.5541992 0.5683594 0.5610352 0.5466309 0.5541992 0.5683594 0.5610352 0.5683594 0.5610352 0.5683594 0.5541992 0.5683594 0.5541992 0.5847168 0.5610352 0.5683594 0.5541992 0.5847168 0.5610352 0.5847168 0.5610352 0.5847168 0.5541992 0.5847168 0.5541992 0.5952149 0.5610352 0.5847168 0.5541992 0.5952149 0.5615234 0.5952149 0.5615234 0.5952149 0.5541992 0.5952149 0.5600586 0.6096192 0.5615234 0.5952149 0.5600586 0.6096192 0.5678711 0.5952149 0.5615234 0.5952149 0.5678711 0.5952149 0.5610352 0.5847168 0.5610352 0.5847168 0.5678711 0.5952149 0.5678711 0.5847168 0.5610352 0.5847168 0.5678711 0.5847168 0.5610352 0.5683594 0.5610352 0.5683594 0.5678711 0.5847168 0.5678711 0.5683594 0.5610352 0.5683594 0.5678711 0.5683594 0.5610352 0.5466309 0.5610352 0.5466309 0.5678711 0.5683594 0.5678711 0.5466309 0.5610352 0.5466309 0.5678711 0.5466309 0.5610352 0.503418 0.5610352 0.503418 0.5678711 0.5466309 0.5678711 0.503418 0.8691406 0.6096192 0.8769531 0.5952149 0.8579102 0.5952149 0.8579102 0.5952149 0.8769531 0.5952149 0.8769531 0.5839844 0.8579102 0.5952149 0.8769531 0.5839844 0.8579102 0.5839844 0.8579102 0.5839844 0.8769531 0.5839844 0.8769531 0.5666504 0.8579102 0.5839844 0.8769531 0.5666504 0.8579102 0.5666504 0.8579102 0.5666504 0.8769531 0.5666504 0.8769531 0.5466309 0.8579102 0.5666504 0.8769531 0.5466309 0.8579102 0.5466309 0.8579102 0.5466309 0.8769531 0.5466309 0.8769531 0.503418 0.8579102 0.5466309 0.8769531 0.503418 0.8579102 0.503418 0.8579102 0.503418 0.8769531 0.503418 0.8818359 0.4736328 0.8579102 0.503418 0.8818359 0.4736328 0.8579102 0.4736328 0.8579102 0.4736328 0.8818359 0.4736328 0.8798828 0.4326172 0.8579102 0.4736328 0.8798828 0.4326172 0.8671875 0.4326172 0.8671875 0.4326172 0.8798828 0.4326172 0.8779297 0.3852539 0.8671875 0.4326172 0.8779297 0.3852539 0.8574219 0.4326172 0.8574219 0.4326172 0.8779297 0.3852539 0.840332 0.4326172 0.8574219 0.4326172 0.840332 0.4326172 0.8398438 0.4736328 0.8398438 0.4736328 0.840332 0.4326172 0.8266602 0.4736328 0.8398438 0.4736328 0.8266602 0.4736328 0.8364258 0.5026856 0.8364258 0.5026856 0.8266602 0.4736328 0.828125 0.5029297 0.8364258 0.5026856 0.828125 0.5029297 0.8359375 0.5466309 0.8359375 0.5466309 0.828125 0.5029297 0.828125 0.5466309 0.8359375 0.5466309 0.828125 0.5466309 0.828125 0.5668945 0.828125 0.5668945 0.828125 0.5466309 0.8203125 0.5466309 0.828125 0.5668945 0.8203125 0.5466309 0.8203125 0.5668945 0.828125 0.5668945 0.8203125 0.5668945 0.828125 0.5895996 0.828125 0.5895996 0.8203125 0.5668945 0.8203125 0.5842285 0.828125 0.5895996 0.8203125 0.5842285 0.8203125 0.5952149 0.828125 0.5895996 0.8203125 0.5952149 0.8266602 0.6096192 0.828125 0.5895996 0.8266602 0.6096192 0.8359375 0.5952149 0.828125 0.5895996 0.8359375 0.5952149 0.8359375 0.5842285 0.828125 0.5895996 0.8359375 0.5842285 0.8359375 0.5668945 0.828125 0.5895996 0.8359375 0.5668945 0.828125 0.5668945 0.828125 0.5668945 0.8359375 0.5668945 0.8359375 0.5466309 0.8671875 0.4326172 0.8574219 0.4326172 0.8398438 0.4736328 0.8671875 0.4326172 0.8398438 0.4736328 0.8579102 0.4736328 0.8579102 0.4736328 0.8398438 0.4736328 0.8544922 0.503418 0.8544922 0.503418 0.8398438 0.4736328 0.840332 0.503418 0.8544922 0.503418 0.840332 0.503418 0.8544922 0.5466309 0.8544922 0.5466309 0.840332 0.503418 0.8408203 0.5466309 0.8544922 0.5466309 0.8408203 0.5466309 0.8544922 0.565918 0.8544922 0.565918 0.8408203 0.5466309 0.8408203 0.565918 0.8544922 0.565918 0.8408203 0.565918 0.8544922 0.5844727 0.8544922 0.5844727 0.8408203 0.565918 0.8413086 0.5844727 0.8544922 0.5844727 0.8413086 0.5844727 0.8413086 0.5952149 0.8544922 0.5844727 0.8413086 0.5952149 0.8544922 0.5952149 0.8544922 0.5952149 0.8413086 0.5952149 0.8496094 0.6096192 0.6987305 0.6096192 0.7070313 0.5952149 0.6933594 0.5952149 0.6933594 0.5952149 0.7070313 0.5952149 0.7070313 0.5825195 0.6933594 0.5952149 0.7070313 0.5825195 0.6933594 0.5825195 0.6933594 0.5825195 0.7070313 0.5825195 0.6938477 0.5578613 0.6938477 0.5578613 0.7070313 0.5825195 0.7070313 0.5578613 0.6938477 0.5578613 0.7070313 0.5578613 0.6938477 0.5324707 0.6938477 0.5324707 0.7070313 0.5578613 0.7070313 0.5324707 0.6938477 0.5324707 0.7070313 0.5324707 0.7070313 0.5102539 0.6938477 0.5324707 0.7070313 0.5102539 0.6938477 0.5102539 0.6938477 0.5102539 0.7070313 0.5102539 0.706543 0.4746094 0.6938477 0.5102539 0.706543 0.4746094 0.6938477 0.4736328 0.6938477 0.4736328 0.706543 0.4746094 0.6938477 0.4345703 0.6938477 0.4736328 0.6938477 0.4345703 0.6826172 0.4355469 0.6826172 0.4355469 0.6938477 0.4345703 0.6865234 0.3867188 0.6826172 0.4355469 0.6865234 0.3867188 0.668457 0.3876953 0.668457 0.3876953 0.6865234 0.3867188 0.6865234 0.3056641 0.6865234 0.3056641 0.6865234 0.3867188 0.7041016 0.3857422 0.6865234 0.3056641 0.7041016 0.3857422 0.7294922 0.3056641 0.6865234 0.3056641 0.7294922 0.3056641 0.6806641 0.2299804 0.6865234 0.3056641 0.6806641 0.2299804 0.6621094 0.3056641 0.6621094 0.3056641 0.6806641 0.2299804 0.637207 0.230957 0.6621094 0.3056641 0.637207 0.230957 0.637207 0.3056641 0.637207 0.3056641 0.637207 0.230957 0.6025391 0.230957 0.637207 0.3056641 0.6025391 0.230957 0.6049805 0.3056641 0.637207 0.3056641 0.6049805 0.3056641 0.6381836 0.3876953 0.6381836 0.3876953 0.6049805 0.3056641 0.6020508 0.3876953 0.6381836 0.3876953 0.6020508 0.3876953 0.6264649 0.4335938 0.6264649 0.4335938 0.6020508 0.3876953 0.612793 0.4335938 0.6264649 0.4335938 0.612793 0.4335938 0.6166992 0.4736328 0.6166992 0.4736328 0.612793 0.4335938 0.6088867 0.4736328 0.6166992 0.4736328 0.6088867 0.4736328 0.6123047 0.503418 0.6123047 0.503418 0.6088867 0.4736328 0.6054688 0.503418 0.6123047 0.503418 0.6054688 0.503418 0.6123047 0.5466309 0.6123047 0.5466309 0.6054688 0.503418 0.6088867 0.5466309 0.6123047 0.5466309 0.6088867 0.5466309 0.6123047 0.5678711 0.6123047 0.5678711 0.6088867 0.5466309 0.6088867 0.5678711 0.6123047 0.5678711 0.6088867 0.5678711 0.6123047 0.5844727 0.6123047 0.5844727 0.6088867 0.5678711 0.609375 0.5844727 0.6123047 0.5844727 0.609375 0.5844727 0.6123047 0.5952149 0.6123047 0.5952149 0.609375 0.5844727 0.609375 0.5952149 0.6123047 0.5952149 0.609375 0.5952149 0.6054688 0.6101074 0.6054688 0.6101074 0.609375 0.5952149 0.605957 0.5952149 0.605957 0.5952149 0.609375 0.5952149 0.609375 0.5844727 0.605957 0.5952149 0.609375 0.5844727 0.605957 0.5844727 0.605957 0.5844727 0.609375 0.5844727 0.6088867 0.5678711 0.605957 0.5844727 0.6088867 0.5678711 0.605957 0.5678711 0.605957 0.5678711 0.6088867 0.5678711 0.6088867 0.5466309 0.605957 0.5678711 0.6088867 0.5466309 0.605957 0.5466309 0.605957 0.5466309 0.6088867 0.5466309 0.6054688 0.503418 0.605957 0.5466309 0.6054688 0.503418 0.5991211 0.503418 0.5991211 0.503418 0.6054688 0.503418 0.6088867 0.4736328 0.5991211 0.503418 0.6088867 0.4736328 0.6015625 0.4736328 0.6015625 0.4736328 0.6088867 0.4736328 0.6015625 0.434082 0.6015625 0.434082 0.6088867 0.4736328 0.612793 0.4335938 0.6015625 0.434082 0.612793 0.4335938 0.6020508 0.3876953 0.6938477 0.4345703 0.706543 0.4746094 0.7055664 0.4335938 0.6938477 0.4345703 0.7055664 0.4335938 0.6865234 0.3867188 0.6865234 0.3867188 0.7055664 0.4335938 0.7041016 0.3857422 0.6938477 0.4736328 0.6850586 0.5102539 0.6938477 0.5102539 0.6938477 0.5102539 0.6850586 0.5102539 0.6938477 0.5324707 0.6938477 0.5324707 0.6850586 0.5102539 0.6850586 0.5324707 0.6938477 0.5324707 0.6850586 0.5324707 0.6938477 0.5578613 0.6938477 0.5578613 0.6850586 0.5324707 0.6850586 0.5578613 0.6938477 0.5578613 0.6850586 0.5578613 0.6933594 0.5825195 0.6933594 0.5825195 0.6850586 0.5578613 0.6845703 0.5825195 0.6933594 0.5825195 0.6845703 0.5825195 0.6933594 0.5952149 0.6933594 0.5952149 0.6845703 0.5825195 0.6845703 0.5952149 0.6933594 0.5952149 0.6845703 0.5952149 0.6879883 0.6096192 0.6879883 0.6096192 0.6845703 0.5952149 0.6777344 0.5952149 0.6777344 0.5952149 0.6845703 0.5952149 0.6845703 0.5825195 0.6777344 0.5952149 0.6845703 0.5825195 0.6777344 0.5825195 0.6777344 0.5825195 0.6845703 0.5825195 0.6850586 0.5578613 0.6777344 0.5825195 0.6850586 0.5578613 0.6777344 0.5578613 0.6777344 0.5578613 0.6850586 0.5578613 0.6850586 0.5324707 0.6777344 0.5578613 0.6850586 0.5324707 0.6777344 0.5324707 0.6777344 0.5324707 0.6850586 0.5324707 0.6850586 0.5102539 0.6777344 0.5324707 0.6850586 0.5102539 0.6777344 0.5102539 0.6777344 0.5102539 0.6850586 0.5102539 0.6777344 0.4736328 0.6777344 0.4736328 0.6850586 0.5102539 0.6938477 0.4736328 0.6777344 0.4736328 0.6938477 0.4736328 0.6782227 0.4345703 0.6777344 0.4736328 0.6782227 0.4345703 0.6708984 0.4555664 0.6708984 0.4555664 0.6782227 0.4345703 0.668457 0.3876953 0.6708984 0.4555664 0.668457 0.3876953 0.6630859 0.4350586 0.668457 0.3876953 0.6865234 0.3056641 0.6621094 0.3056641 0.668457 0.3876953 0.6621094 0.3056641 0.637207 0.3056641 0.668457 0.3876953 0.637207 0.3056641 0.6381836 0.3876953 0.668457 0.3876953 0.6381836 0.3876953 0.6518555 0.4335938 0.6518555 0.4335938 0.6381836 0.3876953 0.6347656 0.4335938 0.6518555 0.4335938 0.6347656 0.4335938 0.637207 0.4736328 0.637207 0.4736328 0.6347656 0.4335938 0.6269531 0.4736328 0.637207 0.4736328 0.6269531 0.4736328 0.637207 0.503418 0.637207 0.503418 0.6269531 0.4736328 0.6298828 0.503418 0.637207 0.503418 0.6298828 0.503418 0.637207 0.5466309 0.637207 0.5466309 0.6298828 0.503418 0.6298828 0.5466309 0.637207 0.5466309 0.6298828 0.5466309 0.637207 0.5668945 0.637207 0.5668945 0.6298828 0.5466309 0.6298828 0.5668945 0.637207 0.5668945 0.6298828 0.5668945 0.637207 0.5842285 0.637207 0.5842285 0.6298828 0.5668945 0.6298828 0.5842285 0.637207 0.5842285 0.6298828 0.5842285 0.637207 0.5952149 0.637207 0.5952149 0.6298828 0.5842285 0.6298828 0.5952149 0.637207 0.5952149 0.6298828 0.5952149 0.6303711 0.6096192 0.6303711 0.6096192 0.6298828 0.5952149 0.6225586 0.5952149 0.6225586 0.5952149 0.6298828 0.5952149 0.6298828 0.5842285 0.6225586 0.5952149 0.6298828 0.5842285 0.6225586 0.5842285 0.6225586 0.5842285 0.6298828 0.5842285 0.6298828 0.5668945 0.6225586 0.5842285 0.6298828 0.5668945 0.6225586 0.5668945 0.6225586 0.5668945 0.6298828 0.5668945 0.6298828 0.5466309 0.6225586 0.5668945 0.6298828 0.5466309 0.6225586 0.5466309 0.6225586 0.5466309 0.6298828 0.5466309 0.6298828 0.503418 0.6225586 0.5466309 0.6298828 0.503418 0.6225586 0.503418 0.6225586 0.503418 0.6298828 0.503418 0.6269531 0.4736328 0.6225586 0.503418 0.6269531 0.4736328 0.6166992 0.4736328 0.6166992 0.4736328 0.6269531 0.4736328 0.6264649 0.4335938 0.6264649 0.4335938 0.6269531 0.4736328 0.6347656 0.4335938 0.6264649 0.4335938 0.6347656 0.4335938 0.6381836 0.3876953 0.637207 0.4736328 0.6518555 0.4736328 0.659668 0.4335938 0.637207 0.4736328 0.659668 0.4335938 0.6518555 0.4335938 0.6518555 0.4335938 0.659668 0.4335938 0.668457 0.3876953 0.7749024 0.503418 0.7753906 0.4736328 0.7675781 0.4736328 0.7675781 0.4736328 0.7753906 0.4736328 0.7661133 0.4306641 0.7675781 0.4736328 0.7661133 0.4306641 0.7568359 0.4306641 0.7568359 0.4306641 0.7661133 0.4306641 0.7641602 0.3842774 0.7568359 0.4306641 0.7641602 0.3842774 0.7460938 0.3847656 0.7460938 0.3847656 0.7641602 0.3842774 0.7294922 0.3056641 0.7460938 0.3847656 0.7294922 0.3056641 0.7285156 0.3847656 0.7285156 0.3847656 0.7294922 0.3056641 0.7041016 0.3857422 0.7285156 0.3847656 0.7041016 0.3857422 0.7211914 0.4331055 0.7211914 0.4331055 0.7041016 0.3857422 0.7080078 0.4331055 0.7211914 0.4331055 0.7080078 0.4331055 0.7207031 0.4746094 0.7207031 0.4746094 0.7080078 0.4331055 0.7114258 0.4736328 0.7207031 0.4746094 0.7114258 0.4736328 0.7158203 0.503418 0.7207031 0.4746094 0.7158203 0.503418 0.7207031 0.503418 0.7207031 0.503418 0.7158203 0.503418 0.7158203 0.5466309 0.7207031 0.503418 0.7158203 0.5466309 0.7207031 0.5466309 0.7207031 0.5466309 0.7158203 0.5466309 0.7158203 0.5656738 0.7207031 0.5466309 0.7158203 0.5656738 0.7207031 0.5656738 0.7207031 0.5656738 0.7158203 0.5656738 0.7158203 0.5844727 0.7207031 0.5656738 0.7158203 0.5844727 0.7207031 0.5844727 0.7207031 0.5844727 0.7158203 0.5844727 0.7158203 0.5952149 0.7207031 0.5844727 0.7158203 0.5952149 0.7207031 0.5952149 0.7207031 0.5952149 0.7158203 0.5952149 0.7172852 0.6096192 0.7207031 0.5952149 0.7172852 0.6096192 0.7304688 0.5952149 0.7207031 0.5952149 0.7304688 0.5952149 0.7207031 0.5844727 0.7207031 0.5844727 0.7304688 0.5952149 0.734375 0.5844727 0.7207031 0.5844727 0.734375 0.5844727 0.7207031 0.5656738 0.7207031 0.5656738 0.734375 0.5844727 0.734375 0.5656738 0.7207031 0.5656738 0.734375 0.5656738 0.7207031 0.5466309 0.7207031 0.5466309 0.734375 0.5656738 0.734375 0.5466309 0.7207031 0.5466309 0.734375 0.5466309 0.7207031 0.503418 0.7207031 0.503418 0.734375 0.5466309 0.734375 0.503418 0.7207031 0.503418 0.734375 0.503418 0.7207031 0.4746094 0.7207031 0.4746094 0.734375 0.503418 0.7338867 0.4765625 0.7207031 0.4746094 0.7338867 0.4765625 0.7211914 0.4331055 0.7211914 0.4331055 0.7338867 0.4765625 0.7314453 0.4321289 0.7211914 0.4331055 0.7314453 0.4321289 0.7285156 0.3847656 0.7285156 0.3847656 0.7314453 0.4321289 0.7397461 0.4321289 0.7285156 0.3847656 0.7397461 0.4321289 0.7568359 0.4306641 0.7568359 0.4306641 0.7397461 0.4321289 0.75 0.4736328 0.7568359 0.4306641 0.75 0.4736328 0.7675781 0.4736328 0.7675781 0.4736328 0.75 0.4736328 0.7480469 0.503418 0.7675781 0.4736328 0.7480469 0.503418 0.7666016 0.503418 0.7666016 0.503418 0.7480469 0.503418 0.7563477 0.5466309 0.7563477 0.5466309 0.7480469 0.503418 0.7421875 0.5466309 0.7563477 0.5466309 0.7421875 0.5466309 0.7563477 0.5666504 0.7563477 0.5666504 0.7421875 0.5466309 0.7421875 0.5666504 0.7563477 0.5666504 0.7421875 0.5666504 0.7563477 0.5839844 0.7563477 0.5839844 0.7421875 0.5666504 0.7421875 0.5839844 0.7563477 0.5839844 0.7421875 0.5839844 0.7563477 0.5952149 0.7563477 0.5952149 0.7421875 0.5839844 0.7421875 0.5952149 0.7563477 0.5952149 0.7421875 0.5952149 0.7490234 0.6096192 0.7568359 0.4306641 0.7460938 0.3847656 0.7285156 0.3847656 0.7397461 0.4321289 0.7314453 0.4321289 0.7338867 0.4765625 0.7397461 0.4321289 0.7338867 0.4765625 0.75 0.4736328 0.75 0.4736328 0.7338867 0.4765625 0.7480469 0.503418 0.7480469 0.503418 0.7338867 0.4765625 0.734375 0.503418 0.7480469 0.503418 0.734375 0.503418 0.7426758 0.5466309 0.7426758 0.5466309 0.734375 0.503418 0.734375 0.5466309 0.7426758 0.5466309 0.734375 0.5466309 0.7426758 0.5656738 0.7426758 0.5656738 0.734375 0.5466309 0.734375 0.5656738 0.7426758 0.5656738 0.734375 0.5656738 0.7426758 0.5844727 0.7426758 0.5844727 0.734375 0.5656738 0.734375 0.5844727 0.7426758 0.5844727 0.734375 0.5844727 0.7426758 0.5952149 0.7426758 0.5952149 0.734375 0.5844727 0.7304688 0.5952149 0.7426758 0.5952149 0.7304688 0.5952149 0.7275391 0.6096192 0.6518555 0.4736328 0.637207 0.4736328 0.6518555 0.503418 0.6518555 0.503418 0.637207 0.4736328 0.637207 0.503418 0.6518555 0.503418 0.637207 0.503418 0.6518555 0.5466309 0.6518555 0.5466309 0.637207 0.503418 0.637207 0.5466309 0.6518555 0.5466309 0.637207 0.5466309 0.6518555 0.5668945 0.6518555 0.5668945 0.637207 0.5466309 0.637207 0.5668945 0.6518555 0.5668945 0.637207 0.5668945 0.637207 0.5842285 0.6518555 0.5668945 0.637207 0.5842285 0.6518555 0.5842285 0.6518555 0.5842285 0.637207 0.5842285 0.637207 0.5952149 0.6518555 0.5842285 0.637207 0.5952149 0.6518555 0.5952149 0.6518555 0.5952149 0.637207 0.5952149 0.644043 0.6096192 0.7675781 0.4736328 0.7558594 0.4736328 0.7685547 0.503418 0.7685547 0.503418 0.7558594 0.4736328 0.762207 0.503418 0.7685547 0.503418 0.762207 0.503418 0.769043 0.5466309 0.769043 0.5466309 0.762207 0.503418 0.7587891 0.5466309 0.769043 0.5466309 0.7587891 0.5466309 0.7587891 0.565918 0.769043 0.5466309 0.7587891 0.565918 0.7680664 0.565918 0.7680664 0.565918 0.7587891 0.565918 0.7661133 0.5844727 0.7680664 0.565918 0.7661133 0.5844727 0.7729492 0.5844727 0.7729492 0.5844727 0.7661133 0.5844727 0.7675781 0.5952149 0.7729492 0.5844727 0.7675781 0.5952149 0.7739258 0.5952149 0.7739258 0.5952149 0.7675781 0.5952149 0.7714844 0.6096192 0.7739258 0.5952149 0.7714844 0.6096192 0.7802734 0.5952149 0.7739258 0.5952149 0.7802734 0.5952149 0.7729492 0.5844727 0.7729492 0.5844727 0.7802734 0.5952149 0.7802734 0.5844727 0.7729492 0.5844727 0.7802734 0.5844727 0.7768555 0.565918 0.7729492 0.5844727 0.7768555 0.565918 0.7680664 0.565918 0.7680664 0.565918 0.7768555 0.565918 0.769043 0.5466309 0.769043 0.5466309 0.7768555 0.565918 0.7788086 0.5466309 0.769043 0.5466309 0.7788086 0.5466309 0.7685547 0.503418 0.7685547 0.503418 0.7788086 0.5466309 0.7749024 0.503418 0.7685547 0.503418 0.7749024 0.503418 0.7675781 0.4736328 0.3271484 0.7282715 0.2839356 0.7282715 0.3010254 0.75354 0.3010254 0.75354 0.2839356 0.7282715 0.2836914 0.755127 0.3010254 0.75354 0.2836914 0.755127 0.3115234 0.7818604 0.3115234 0.7818604 0.2836914 0.755127 0.255127 0.7818604 0.255127 0.7818604 0.2836914 0.755127 0.2490234 0.755127 0.2490234 0.755127 0.2836914 0.755127 0.2839356 0.7282715 0.2490234 0.755127 0.2839356 0.7282715 0.2412109 0.7282715 0.2412109 0.7282715 0.2839356 0.7282715 0.2607422 0.6835938 0.2607422 0.6835938 0.2839356 0.7282715 0.2858887 0.6835938 0.2607422 0.6835938 0.2858887 0.6835938 0.2875977 0.638916 0.2875977 0.638916 0.2858887 0.6835938 0.310791 0.6835938 0.310791 0.6835938 0.2858887 0.6835938 0.2839356 0.7282715 0.310791 0.6835938 0.2839356 0.7282715 0.3271484 0.7282715 0.4902344 0.4750977 0.4643555 0.4355469 0.465332 0.4750977 0.4902344 0.4750977 0.465332 0.4750977 0.4902344 0.5327149 0.4902344 0.5327149 0.465332 0.4750977 0.465332 0.5327149 0.4902344 0.5327149 0.465332 0.5327149 0.4902344 0.5615234 0.4902344 0.5615234 0.465332 0.5327149 0.4641113 0.5615234 0.4902344 0.5615234 0.4641113 0.5615234 0.4902344 0.583252 0.4902344 0.583252 0.4641113 0.5615234 0.4660645 0.583252 0.4902344 0.583252 0.4660645 0.583252 0.4902344 0.5944824 0.4902344 0.5944824 0.4660645 0.583252 0.4848633 0.5944824 0.4902344 0.5944824 0.4848633 0.5944824 0.482666 0.6135254 0.9750977 0.3364258 0.9750977 0.3364258 0.9399414 0.2700195 0.9750977 0.3364258 0.9399414 0.2700195 0.9399414 0.3364258 0.9399414 0.3364258 0.9399414 0.2700195 0.9072266 0.3364258 0.9072266 0.3364258 0.9399414 0.2700195 0.9072266 0.3364258 0.3010254 0.75354 0.3115234 0.7818604 0.2836914 0.755127 0.2836914 0.755127 0.3115234 0.7818604 0.255127 0.7818604 0.2836914 0.755127 0.255127 0.7818604 0.2490234 0.755127 0.2836914 0.755127 0.2490234 0.755127 0.2839356 0.7282715 0.2839356 0.7282715 0.2490234 0.755127 0.2412109 0.7282715 0.2839356 0.7282715 0.2412109 0.7282715 0.2607422 0.6835938 0.2839356 0.7282715 0.2607422 0.6835938 0.2858887 0.6835938 0.2858887 0.6835938 0.2607422 0.6835938 0.2875977 0.638916 0.2858887 0.6835938 0.2875977 0.638916 0.310791 0.6835938 0.2858887 0.6835938 0.310791 0.6835938 0.2839356 0.7282715 0.2839356 0.7282715 0.310791 0.6835938 0.3271484 0.7282715 0.2839356 0.7282715 0.3271484 0.7282715 0.3010254 0.75354 0.2839356 0.7282715 0.3010254 0.75354 0.2836914 0.755127 0.9399414 0.3364258 0.9072266 0.3364258 0.9399414 0.2700195 0.9399414 0.3364258 0.9399414 0.2700195 0.9750977 0.3364258 0.9399414 0.2700195 0.9750977 0.3364258 0.9399414 0.3364258 0.9399414 0.2700195 0.9399414 0.3364258 0.9072266 0.3364258 0.9399414 0.2700195 0.9750977 0.3364258 0.9399414 0.3364258 0.9399414 0.2700195 0.9399414 0.3364258 0.9072266 0.3364258 0.01436609 0.8417969 0.003679215 0.873169 0.01436609 0.8536377 0.01436609 0.8417969 0.01436609 0.8536377 0.03045654 0.8464356 0.01436609 0.8417969 0.03045654 0.8464356 0.03045654 0.8398438 0.03045654 0.8398438 0.03045654 0.8464356 0.05041497 0.8411865 0.3271484 0.7282715 0.2839356 0.7282715 0.3010254 0.75354 0.3010254 0.75354 0.2839356 0.7282715 0.2836914 0.755127 0.3010254 0.75354 0.2836914 0.755127 0.3115234 0.7818604 0.3115234 0.7818604 0.2836914 0.755127 0.255127 0.7818604 0.255127 0.7818604 0.2836914 0.755127 0.2490234 0.755127 0.2490234 0.755127 0.2836914 0.755127 0.2839356 0.7282715 0.2490234 0.755127 0.2839356 0.7282715 0.2412109 0.7282715 0.2412109 0.7282715 0.2839356 0.7282715 0.2607422 0.6835938 0.2607422 0.6835938 0.2839356 0.7282715 0.2858887 0.6835938 0.2607422 0.6835938 0.2858887 0.6835938 0.2875977 0.638916 0.2875977 0.638916 0.2858887 0.6835938 0.310791 0.6835938 0.310791 0.6835938 0.2858887 0.6835938 0.2839356 0.7282715 0.310791 0.6835938 0.2839356 0.7282715 0.3271484 0.7282715 0.03045654 0.9014282 0.03045654 0.8848877 0.05041497 0.8858643 0.03045654 0.9014282 0.05041497 0.8858643 0.05041497 0.9021607 0.05041497 0.9021607 0.05041497 0.8858643 0.1286621 0.9093628 0.1286621 0.9093628 0.05041497 0.8858643 0.1286621 0.8908081 0.1286621 0.9093628 0.1286621 0.8908081 0.2144775 0.9104614 0.3796387 0.8066406 0.4199219 0.7940674 0.4199219 0.8364258 0.4199219 0.8364258 0.4199219 0.7940674 0.4438477 0.8354492 0.4199219 0.8364258 0.4438477 0.8354492 0.4438477 0.8519287 0.4199219 0.8364258 0.4438477 0.8519287 0.4199219 0.8583984 0.4199219 0.8583984 0.4438477 0.8519287 0.4438477 0.8956909 0.4199219 0.8583984 0.4438477 0.8956909 0.4199219 0.890686 0.4199219 0.890686 0.4438477 0.8956909 0.4199219 0.9206543 0.4199219 0.890686 0.4199219 0.9206543 0.3796387 0.9193115 0.3796387 0.9193115 0.4199219 0.9206543 0.4199219 0.9482422 0.3796387 0.9193115 0.4199219 0.9482422 0.3796387 0.949646 0.3796387 0.949646 0.4199219 0.9482422 0.3796387 0.9705505 0.3796387 0.949646 0.3796387 0.9705505 0.2780762 0.9509888 0.3796387 0.949646 0.2780762 0.9509888 0.2780762 0.9313355 0.2780762 0.9313355 0.2780762 0.9509888 0.2491455 0.9494629 0.2780762 0.9313355 0.2491455 0.9494629 0.2489013 0.9311524 0.2489013 0.9311524 0.2491455 0.9494629 0.2351074 0.9468689 0.2489013 0.9311524 0.2351074 0.9468689 0.2351074 0.9310303 0.2351074 0.9310303 0.2351074 0.9468689 0.2144775 0.9262085 0.2351074 0.9310303 0.2144775 0.9262085 0.2144775 0.9104614 0.2144775 0.9104614 0.2144775 0.9262085 0.1286621 0.925415 0.2144775 0.9104614 0.1286621 0.925415 0.1286621 0.9093628 0.1286621 0.9093628 0.1286621 0.925415 0.04965204 0.9161377 0.1286621 0.9093628 0.04965204 0.9161377 0.05041497 0.9021607 0.05041497 0.9021607 0.04965204 0.9161377 0.03045654 0.9160156 0.05041497 0.9021607 0.03045654 0.9160156 0.03045654 0.9014282 0.03045654 0.9014282 0.03045654 0.9160156 0.01436609 0.9107666 0.03045654 0.9014282 0.01436609 0.9107666 0.01436609 0.8965454 0.01436609 0.8965454 0.01436609 0.9107666 0.003679215 0.873169 0.01436609 0.8965454 0.003679215 0.873169 0.01436609 0.8828735 0.01436609 0.8828735 0.003679215 0.873169 0.01436609 0.8708496 0.01436609 0.8828735 0.01436609 0.8708496 0.03045654 0.8707275 0.03045654 0.8707275 0.01436609 0.8708496 0.03045654 0.8398438 0.03045654 0.8707275 0.03045654 0.8398438 0.05041497 0.8682861 0.05041497 0.8682861 0.03045654 0.8398438 0.05041497 0.8436279 0.05041497 0.8682861 0.05041497 0.8436279 0.1286621 0.8699951 0.1286621 0.8699951 0.05041497 0.8436279 0.1286621 0.8432617 0.1286621 0.8699951 0.1286621 0.8432617 0.2144775 0.850708 0.2144775 0.850708 0.1286621 0.8432617 0.2144775 0.8275147 0.2144775 0.850708 0.2144775 0.8275147 0.2351074 0.8225098 0.2144775 0.850708 0.2351074 0.8225098 0.2351074 0.8487549 0.2351074 0.8487549 0.2351074 0.8225098 0.2491455 0.8220215 0.2351074 0.8487549 0.2491455 0.8220215 0.2492675 0.8475342 0.2492675 0.8475342 0.2491455 0.8220215 0.2780762 0.8210449 0.2492675 0.8475342 0.2780762 0.8210449 0.2780762 0.8449707 0.2780762 0.8449707 0.2780762 0.8210449 0.3796387 0.8066406 0.2780762 0.8449707 0.3796387 0.8066406 0.3796387 0.8269043 0.3796387 0.8269043 0.3796387 0.8066406 0.4199219 0.8364258 0.3796387 0.8269043 0.4199219 0.8364258 0.4199219 0.8583984 0.3796387 0.8269043 0.4199219 0.8583984 0.3796387 0.8568115 0.3796387 0.8568115 0.4199219 0.8583984 0.4199219 0.890686 0.3796387 0.8568115 0.4199219 0.890686 0.3796387 0.8909912 0.3796387 0.8909912 0.4199219 0.890686 0.3796387 0.9193115 0.3796387 0.8909912 0.3796387 0.9193115 0.2780762 0.8938599 0.2780762 0.8938599 0.3796387 0.9193115 0.2780762 0.9146118 0.2780762 0.8938599 0.2780762 0.9146118 0.2489013 0.9130859 0.2489013 0.9130859 0.2780762 0.9146118 0.2489013 0.9311524 0.2489013 0.9130859 0.2489013 0.9311524 0.2351074 0.9310303 0.2489013 0.9130859 0.2351074 0.9310303 0.2351074 0.9124146 0.2351074 0.9124146 0.2351074 0.9310303 0.2144775 0.9104614 0.2351074 0.9124146 0.2144775 0.9104614 0.2144775 0.8919067 0.2144775 0.8919067 0.2144775 0.9104614 0.1286621 0.8908081 0.2144775 0.8919067 0.1286621 0.8908081 0.1286621 0.8699951 0.1286621 0.8699951 0.1286621 0.8908081 0.05041497 0.8682861 0.05041497 0.8682861 0.1286621 0.8908081 0.05041497 0.8858643 0.05041497 0.8682861 0.05041497 0.8858643 0.03045654 0.8707275 0.03045654 0.8707275 0.05041497 0.8858643 0.03045654 0.8848877 0.03045654 0.8707275 0.03045654 0.8848877 0.01436609 0.8828735 0.01436609 0.8828735 0.03045654 0.8848877 0.03045654 0.9014282 0.01436609 0.8828735 0.03045654 0.9014282 0.01436609 0.8965454 0.2489013 0.9311524 0.2780762 0.9146118 0.2780762 0.9313355 0.2780762 0.9313355 0.2780762 0.9146118 0.3796387 0.9193115 0.2780762 0.9313355 0.3796387 0.9193115 0.3796387 0.949646 0.4438477 0.8354492 0.4199219 0.7940674 0.4338379 0.7939453 0.2780762 0.8938599 0.2780762 0.8730469 0.3796387 0.8909912 0.3796387 0.8909912 0.2780762 0.8730469 0.3796387 0.8568115 0.4199219 0.9482422 0.4199219 0.9727783 0.3796387 0.9705505 0.003679215 0.873169 0.01436609 0.8417969 0.01436609 0.8708496 0.01436609 0.8708496 0.01436609 0.8417969 0.03045654 0.8398438 0.3796387 0.8269043 0.3796387 0.8568115 0.2780762 0.8449707 0.2780762 0.8449707 0.3796387 0.8568115 0.2780762 0.8730469 0.2780762 0.8449707 0.2780762 0.8730469 0.2492675 0.8475342 0.2492675 0.8475342 0.2780762 0.8730469 0.2492675 0.8756714 0.2492675 0.8756714 0.2780762 0.8730469 0.2780762 0.8938599 0.2492675 0.8756714 0.2780762 0.8938599 0.2489013 0.8911133 0.2489013 0.8911133 0.2780762 0.8938599 0.2489013 0.9130859 0.2489013 0.8911133 0.2489013 0.9130859 0.2351074 0.8898316 0.2351074 0.8898316 0.2489013 0.9130859 0.2351074 0.9124146 0.2351074 0.8898316 0.2351074 0.9124146 0.2144775 0.8919067 0.2351074 0.8898316 0.2144775 0.8919067 0.2351074 0.8769531 0.2351074 0.8769531 0.2144775 0.8919067 0.2144775 0.8756714 0.2351074 0.8769531 0.2144775 0.8756714 0.2351074 0.8487549 0.2351074 0.8487549 0.2144775 0.8756714 0.2144775 0.850708 0.2144775 0.850708 0.2144775 0.8756714 0.1286621 0.8699951 0.1286621 0.8699951 0.2144775 0.8756714 0.2144775 0.8919067 0.2489013 0.8911133 0.2351074 0.8898316 0.2351074 0.8769531 0.2489013 0.8911133 0.2351074 0.8769531 0.2492675 0.8756714 0.2492675 0.8756714 0.2351074 0.8769531 0.2351074 0.8487549 0.2492675 0.8756714 0.2351074 0.8487549 0.2492675 0.8475342 0.03045654 0.8398438 0.05041497 0.8411865 0.05041497 0.8436279 0.05041497 0.8436279 0.05041497 0.8411865 0.1286621 0.8389893 0.05041497 0.8436279 0.1286621 0.8389893 0.1286621 0.8432617 0.1286621 0.8432617 0.1286621 0.8389893 0.2144775 0.8275147 0.434082 0.9808197 0.4199219 0.9727783 0.4438477 0.9462586 0.4438477 0.9462586 0.4199219 0.9727783 0.4199219 0.9482422 0.4438477 0.9462586 0.4199219 0.9482422 0.4438477 0.9206543 0.4438477 0.9206543 0.4199219 0.9482422 0.4199219 0.9206543 0.4438477 0.9206543 0.4199219 0.9206543 0.4438477 0.8956909 0.003679215 0.873169 0.01436609 0.9107666 0.01436609 0.9310913 0.01436609 0.9310913 0.01436609 0.9107666 0.03045654 0.9160156 0.01436609 0.9310913 0.03045654 0.9160156 0.03045654 0.9353638 0.03045654 0.9353638 0.03045654 0.9160156 0.04965204 0.9161377 0.03045654 0.9353638 0.04965204 0.9161377 0.04882812 0.9360962 0.04882812 0.9360962 0.04965204 0.9161377 0.1286621 0.925415 0.04882812 0.9360962 0.1286621 0.925415 0.1286621 0.94104 0.1286621 0.94104 0.1286621 0.925415 0.2144775 0.9262085 0.1286621 0.94104 0.2144775 0.9262085 0.2144775 0.941742 0.2144775 0.941742 0.2144775 0.9262085 0.2351074 0.9468689 0.3010254 0.75354 0.3115234 0.7818604 0.2836914 0.755127 0.2836914 0.755127 0.3115234 0.7818604 0.255127 0.7818604 0.2836914 0.755127 0.255127 0.7818604 0.2490234 0.755127 0.2836914 0.755127 0.2490234 0.755127 0.2839356 0.7282715 0.2839356 0.7282715 0.2490234 0.755127 0.2412109 0.7282715 0.2839356 0.7282715 0.2412109 0.7282715 0.2607422 0.6835938 0.2839356 0.7282715 0.2607422 0.6835938 0.2858887 0.6835938 0.2858887 0.6835938 0.2607422 0.6835938 0.2875977 0.638916 0.2858887 0.6835938 0.2875977 0.638916 0.310791 0.6835938 0.2858887 0.6835938 0.310791 0.6835938 0.2839356 0.7282715 0.2839356 0.7282715 0.310791 0.6835938 0.3271484 0.7282715 0.2839356 0.7282715 0.3271484 0.7282715 0.3010254 0.75354 0.2839356 0.7282715 0.3010254 0.75354 0.2836914 0.755127 0.9238281 0.8175049 0.9047852 0.8483887 0.9008789 0.8300781 0.9238281 0.8175049 0.9008789 0.8300781 0.9072266 0.8218994 0.9589844 0.9318237 0.9106445 0.9255371 0.8891602 0.8746338 0.9589844 0.9318237 0.8891602 0.8746338 0.9462891 0.8603516 0.9462891 0.8603516 0.8891602 0.8746338 0.9047852 0.8483887 0.9462891 0.8603516 0.9047852 0.8483887 0.9296875 0.8175049 0.9296875 0.8175049 0.9047852 0.8483887 0.9238281 0.8175049 0.9296875 0.8175049 0.9238281 0.8175049 0.9189453 0.8051758 0.9189453 0.8051758 0.9238281 0.8175049 0.9072266 0.8218994 0.9189453 0.8051758 0.9072266 0.8218994 0.9082031 0.7988281 0.9189453 0.8051758 0.9082031 0.7988281 0.9082031 0.755249 0.9189453 0.8051758 0.9082031 0.755249 0.9189453 0.7557373 0.9189453 0.7557373 0.9082031 0.755249 0.9082031 0.7302246 0.9189453 0.7557373 0.9082031 0.7302246 0.9189453 0.7331543 0.9189453 0.7331543 0.9082031 0.7302246 0.9082031 0.7143555 0.9189453 0.7331543 0.9082031 0.7143555 0.9189453 0.7143555 0.9189453 0.7143555 0.9082031 0.7143555 0.9189453 0.6828613 0.9189453 0.7143555 0.9189453 0.6828613 0.9287109 0.7143555 0.9287109 0.7143555 0.9189453 0.6828613 0.9189453 0.6789551 0.9189453 0.6789551 0.9189453 0.6828613 0.9082031 0.7143555 0.9462891 0.8603516 0.9296875 0.8175049 0.9487305 0.8175049 0.9287109 0.7988281 0.9296875 0.8175049 0.9189453 0.8051758 0.9287109 0.7988281 0.9189453 0.8051758 0.9287109 0.7557373 0.9287109 0.7557373 0.9189453 0.8051758 0.9189453 0.7557373 0.9287109 0.7557373 0.9189453 0.7557373 0.9287109 0.7304688 0.9287109 0.7304688 0.9189453 0.7557373 0.9189453 0.7331543 0.9287109 0.7304688 0.9189453 0.7331543 0.9189453 0.7143555 0.9287109 0.7304688 0.9189453 0.7143555 0.9287109 0.7143555 0.9213867 0.9611817 0.9106445 0.9255371 0.9624024 0.9611817 0.9624024 0.9611817 0.9106445 0.9255371 0.9589844 0.9318237 0.9624024 0.9611817 0.9589844 0.9318237 0.9726563 0.9611817 0.9726563 0.9611817 0.9589844 0.9318237 0.9824219 0.9274292 0.9824219 0.9274292 0.9589844 0.9318237 0.9946289 0.8789063 0.9946289 0.8789063 0.9589844 0.9318237 0.9462891 0.8603516 0.9946289 0.8789063 0.9462891 0.8603516 0.9765625 0.8175049 0.9765625 0.8175049 0.9462891 0.8603516 0.9487305 0.8175049 0.9765625 0.8175049 0.9487305 0.8175049 0.9604492 0.8051758 0.9604492 0.8051758 0.9487305 0.8175049 0.9501953 0.7988281 0.9604492 0.8051758 0.9501953 0.7988281 0.9604492 0.7557373 0.9604492 0.7557373 0.9501953 0.7988281 0.9501953 0.7557373 0.9604492 0.7557373 0.9501953 0.7557373 0.9501953 0.7363281 0.9604492 0.7557373 0.9501953 0.7363281 0.9604492 0.7351074 0.9604492 0.7351074 0.9501953 0.7363281 0.9501953 0.7143555 0.9604492 0.7351074 0.9501953 0.7143555 0.9604492 0.7143555 0.9604492 0.7143555 0.9501953 0.7143555 0.9604492 0.6933594 0.9604492 0.7143555 0.9604492 0.6933594 0.9707031 0.7143555 0.9707031 0.7143555 0.9604492 0.6933594 0.9604492 0.6804199 0.9604492 0.6804199 0.9604492 0.6933594 0.9501953 0.7143555 0.9707031 0.7988281 0.9765625 0.8175049 0.9604492 0.8051758 0.9707031 0.7988281 0.9604492 0.8051758 0.9707031 0.7557373 0.9707031 0.7557373 0.9604492 0.8051758 0.9604492 0.7557373 0.9707031 0.7557373 0.9604492 0.7557373 0.9707031 0.7365723 0.9707031 0.7365723 0.9604492 0.7557373 0.9604492 0.7351074 0.9707031 0.7365723 0.9604492 0.7351074 0.9707031 0.7143555 0.9707031 0.7143555 0.9604492 0.7351074 0.9604492 0.7143555 0.9897461 0.8051758 0.9970703 0.8081055 0.9970703 0.8203125 0.9897461 0.8051758 0.9970703 0.8203125 0.9946289 0.8789063 0.9897461 0.8051758 0.9946289 0.8789063 0.9765625 0.8175049 0.9897461 0.8051758 0.9765625 0.8175049 0.9780274 0.7988281 0.9897461 0.8051758 0.9780274 0.7988281 0.9897461 0.7557373 0.9897461 0.7557373 0.9780274 0.7988281 0.9780274 0.7557373 0.9897461 0.7557373 0.9780274 0.7557373 0.9780274 0.7358399 0.9897461 0.7557373 0.9780274 0.7358399 0.9897461 0.7333984 0.9897461 0.7333984 0.9780274 0.7358399 0.9897461 0.7143555 0.9897461 0.7333984 0.9897461 0.7143555 0.9970703 0.7143555 0.9970703 0.7143555 0.9897461 0.7143555 0.9916992 0.7019043 0.9970703 0.7143555 0.9916992 0.7019043 0.9941406 0.6828613 0.9941406 0.6828613 0.9916992 0.7019043 0.9780274 0.7143555 0.9780274 0.7143555 0.9916992 0.7019043 0.9897461 0.7143555 0.9780274 0.7143555 0.9897461 0.7143555 0.9780274 0.7358399 0.9897461 0.7333984 0.9970703 0.7143555 0.9970703 0.7358399 0.9897461 0.7333984 0.9970703 0.7358399 0.9897461 0.7557373 0.9897461 0.7557373 0.9970703 0.7358399 0.9970703 0.7557373 0.9897461 0.7557373 0.9970703 0.7557373 0.9970703 0.8081055 0.9897461 0.7557373 0.9970703 0.8081055 0.9897461 0.8051758 0.9316406 0.7988281 0.9423828 0.8051758 0.9296875 0.8175049 0.9296875 0.8175049 0.9423828 0.8051758 0.9487305 0.8175049 0.9487305 0.8175049 0.9423828 0.8051758 0.9521484 0.7988281 0.9521484 0.7988281 0.9423828 0.8051758 0.9423828 0.7557373 0.9521484 0.7988281 0.9423828 0.7557373 0.9521484 0.7557373 0.9521484 0.7557373 0.9423828 0.7557373 0.9521484 0.7348633 0.9521484 0.7348633 0.9423828 0.7557373 0.9423828 0.7375488 0.9521484 0.7348633 0.9423828 0.7375488 0.9423828 0.7143555 0.9423828 0.7143555 0.9423828 0.7375488 0.9316406 0.734375 0.9423828 0.7143555 0.9316406 0.734375 0.9316406 0.7143555 0.9423828 0.7143555 0.9316406 0.7143555 0.9423828 0.6904297 0.9423828 0.6904297 0.9316406 0.7143555 0.9418945 0.6809082 0.9423828 0.6904297 0.9418945 0.6809082 0.9521484 0.7143555 0.9423828 0.6904297 0.9521484 0.7143555 0.9423828 0.7143555 0.9423828 0.7143555 0.9521484 0.7143555 0.9521484 0.7348633 0.9316406 0.734375 0.9423828 0.7375488 0.9423828 0.7557373 0.9316406 0.734375 0.9423828 0.7557373 0.9316406 0.7557373 0.9316406 0.7557373 0.9423828 0.7557373 0.9316406 0.7988281 0.9316406 0.7988281 0.9423828 0.7557373 0.9423828 0.8051758 0.8886719 0.7633057 0.8886719 0.7404785 0.9008789 0.7633057 0.9008789 0.7633057 0.8886719 0.7404785 0.8886719 0.7351074 0.8886719 0.7351074 0.8886719 0.7404785 0.8774414 0.7633057 0.8774414 0.7633057 0.8886719 0.7404785 0.8886719 0.7633057 0.8774414 0.7633057 0.8886719 0.7633057 0.8886719 0.7786865 0.8886719 0.7786865 0.8886719 0.7633057 0.9008789 0.7633057 0.8886719 0.7786865 0.9008789 0.7633057 0.9008789 0.7786865 0.8886719 0.7786865 0.9008789 0.7786865 0.9008789 0.8270264 0.8886719 0.7786865 0.9008789 0.8270264 0.8920899 0.8270264 0.8920899 0.8270264 0.9008789 0.8270264 0.9047852 0.8483887 0.8920899 0.8270264 0.9047852 0.8483887 0.8774414 0.8270264 0.8774414 0.8270264 0.9047852 0.8483887 0.8891602 0.8746338 0.8774414 0.7633057 0.8886719 0.7786865 0.8774414 0.7786865 0.8774414 0.7786865 0.8886719 0.7786865 0.8920899 0.8270264 0.8774414 0.7786865 0.8920899 0.8270264 0.8774414 0.8270264 0.8120117 0.84375 0.8310547 0.8664551 0.8120117 0.8664551 0.8120117 0.84375 0.8120117 0.8664551 0.7788086 0.8435059 0.8310547 0.8664551 0.8120117 0.84375 0.8310547 0.8438721 0.8310547 0.8664551 0.8310547 0.8438721 0.8457031 0.8664551 0.8310547 0.8664551 0.8457031 0.8664551 0.8310547 0.8867798 0.8310547 0.8664551 0.8310547 0.8867798 0.8120117 0.8664551 0.8120117 0.8664551 0.8310547 0.8867798 0.8120117 0.8867798 0.8120117 0.8664551 0.8120117 0.8867798 0.7788086 0.8867798 0.8120117 0.8664551 0.7788086 0.8867798 0.7788086 0.8664551 0.8120117 0.8664551 0.7788086 0.8664551 0.7788086 0.8435059 0.7788086 0.8435059 0.7788086 0.8664551 0.7001953 0.857666 0.7788086 0.8435059 0.7001953 0.857666 0.6987305 0.8377686 0.6987305 0.8377686 0.7001953 0.857666 0.6796875 0.8334961 0.6987305 0.8377686 0.6796875 0.8334961 0.7426758 0.8397217 0.7426758 0.8397217 0.6796875 0.8334961 0.6987305 0.8293457 0.6987305 0.8293457 0.6796875 0.8334961 0.6987305 0.8079834 0.6987305 0.8293457 0.6987305 0.8079834 0.7788086 0.8300781 0.7788086 0.8300781 0.6987305 0.8079834 0.7788086 0.8126221 0.7788086 0.8300781 0.7788086 0.8126221 0.8071289 0.8070068 0.8071289 0.8070068 0.7788086 0.8126221 0.7788086 0.7835693 0.8071289 0.8070068 0.7788086 0.7835693 0.8076172 0.7835693 0.8071289 0.8070068 0.8076172 0.7835693 0.8310547 0.8070068 0.8310547 0.8070068 0.8076172 0.7835693 0.8310547 0.7835693 0.8310547 0.8070068 0.8310547 0.7835693 0.8457031 0.8077393 0.8310547 0.8070068 0.8457031 0.8077393 0.8310547 0.8300781 0.8310547 0.8070068 0.8310547 0.8300781 0.8071289 0.8070068 0.8071289 0.8070068 0.8310547 0.8300781 0.8081055 0.8300781 0.8071289 0.8070068 0.8081055 0.8300781 0.7788086 0.8300781 0.7788086 0.8867798 0.7001953 0.857666 0.7788086 0.8664551 0.7788086 0.7835693 0.7788086 0.8126221 0.6987305 0.8079834 0.7788086 0.7835693 0.6987305 0.8079834 0.6987305 0.7835693 0.6987305 0.7835693 0.6987305 0.8079834 0.6796875 0.8079834 0.6796875 0.8079834 0.6987305 0.8079834 0.6796875 0.8334961 0.7788086 0.8867798 0.6987305 0.8867798 0.7001953 0.857666 0.7001953 0.857666 0.6987305 0.8867798 0.6821289 0.857666 0.7001953 0.857666 0.6821289 0.857666 0.6796875 0.8334961 0.6796875 0.8334961 0.6821289 0.857666 0.6523438 0.8544922 0.6796875 0.8334961 0.6523438 0.8544922 0.6503906 0.8033447 0.6796875 0.8334961 0.6503906 0.8033447 0.6796875 0.8079834 0.6796875 0.8079834 0.6503906 0.8033447 0.6796875 0.7805176 0.6796875 0.8079834 0.6796875 0.7805176 0.6987305 0.7835693 0.6987305 0.7835693 0.6796875 0.7805176 0.7426758 0.7791748 0.7426758 0.7791748 0.6796875 0.7805176 0.6987305 0.7741699 0.6987305 0.7741699 0.6796875 0.7805176 0.6987305 0.7510986 0.6987305 0.7741699 0.6987305 0.7510986 0.7788086 0.7510986 0.7788086 0.7510986 0.6987305 0.7510986 0.7788086 0.7277832 0.7788086 0.7510986 0.7788086 0.7277832 0.8061524 0.7510986 0.8061524 0.7510986 0.7788086 0.7277832 0.8061524 0.7277832 0.8061524 0.7510986 0.8061524 0.7277832 0.8310547 0.7510986 0.8310547 0.7510986 0.8061524 0.7277832 0.8310547 0.7277832 0.8310547 0.7510986 0.8310547 0.7277832 0.8457031 0.7510986 0.8310547 0.7510986 0.8457031 0.7510986 0.8310547 0.7741699 0.8310547 0.7510986 0.8310547 0.7741699 0.8066406 0.7741699 0.8310547 0.7510986 0.8066406 0.7741699 0.8061524 0.7510986 0.8061524 0.7510986 0.8066406 0.7741699 0.7788086 0.7741699 0.8061524 0.7510986 0.7788086 0.7741699 0.7788086 0.7510986 0.7788086 0.7510986 0.7788086 0.7741699 0.6987305 0.7741699 0.6796875 0.7805176 0.6503906 0.8033447 0.6503906 0.7529297 0.7788086 0.7277832 0.6987305 0.7510986 0.6987305 0.7277832 0.6821289 0.857666 0.6987305 0.8867798 0.6811524 0.8883057 0.6821289 0.857666 0.6811524 0.8883057 0.6523438 0.8544922 0.6523438 0.8544922 0.6811524 0.8883057 0.6411133 0.8945923 0.6669922 0.6611328 0.6796875 0.7131348 0.6533203 0.7180176 0.6533203 0.7180176 0.6796875 0.7131348 0.6796875 0.7241211 0.6533203 0.7180176 0.6796875 0.7241211 0.6503906 0.7529297 0.6503906 0.7529297 0.6796875 0.7241211 0.6796875 0.7510986 0.6503906 0.7529297 0.6796875 0.7510986 0.6796875 0.7805176 0.6796875 0.7805176 0.6796875 0.7510986 0.6987305 0.7510986 0.6987305 0.7510986 0.6796875 0.7510986 0.6796875 0.7241211 0.6987305 0.7510986 0.6796875 0.7241211 0.6987305 0.7277832 0.6987305 0.7277832 0.6796875 0.7241211 0.7426758 0.7226563 0.7426758 0.7226563 0.6796875 0.7241211 0.6987305 0.7175293 0.6987305 0.7175293 0.6796875 0.7241211 0.6987305 0.7116699 0.6987305 0.7175293 0.6987305 0.7116699 0.7719727 0.689209 0.7719727 0.689209 0.6987305 0.7116699 0.7719727 0.6616211 0.7719727 0.689209 0.7719727 0.6616211 0.7895508 0.689209 0.7895508 0.689209 0.7719727 0.6616211 0.7910156 0.6616211 0.7895508 0.689209 0.7910156 0.6616211 0.8115234 0.6616211 0.7895508 0.689209 0.8115234 0.6616211 0.8115234 0.6879883 0.8115234 0.6879883 0.8115234 0.6616211 0.8417969 0.6887207 0.8115234 0.6879883 0.8417969 0.6887207 0.8115234 0.7175293 0.8115234 0.6879883 0.8115234 0.7175293 0.7910156 0.7175293 0.8115234 0.6879883 0.7910156 0.7175293 0.7895508 0.689209 0.7895508 0.689209 0.7910156 0.7175293 0.7719727 0.7175293 0.7895508 0.689209 0.7719727 0.7175293 0.7719727 0.689209 0.7719727 0.689209 0.7719727 0.7175293 0.6987305 0.7175293 0.7070313 0.6616211 0.7719727 0.6616211 0.6987305 0.7116699 0.7070313 0.6616211 0.6987305 0.7116699 0.6669922 0.6611328 0.6669922 0.6611328 0.6987305 0.7116699 0.6796875 0.7131348 0.6796875 0.7131348 0.6987305 0.7116699 0.6796875 0.7241211 0.5854492 0.9543762 0.6308594 0.9255371 0.6708984 0.9711304 0.6708984 0.9711304 0.6308594 0.9255371 0.6791992 0.9442444 0.6791992 0.9442444 0.6308594 0.9255371 0.6376953 0.8981323 0.6376953 0.8981323 0.6308594 0.9255371 0.5195313 0.8947754 0.6376953 0.8981323 0.5195313 0.8947754 0.5405274 0.8380127 0.5405274 0.8380127 0.5195313 0.8947754 0.4772949 0.8404541 0.5405274 0.8380127 0.4772949 0.8404541 0.5429688 0.7885742 0.5429688 0.7885742 0.4772949 0.8404541 0.4750977 0.7941895 0.5429688 0.7885742 0.4750977 0.7941895 0.4743652 0.7528076 0.5429688 0.7885742 0.4743652 0.7528076 0.5351563 0.7265625 0.5351563 0.7265625 0.4743652 0.7528076 0.5131836 0.6782227 0.5351563 0.7265625 0.5131836 0.6782227 0.5644531 0.6721192 0.5351563 0.7265625 0.5644531 0.6721192 0.6645508 0.6604004 0.5351563 0.7265625 0.6645508 0.6604004 0.6494141 0.7172852 0.5351563 0.7265625 0.6494141 0.7172852 0.6469727 0.7529297 0.5351563 0.7265625 0.6469727 0.7529297 0.5429688 0.7885742 0.5429688 0.7885742 0.6469727 0.7529297 0.6479492 0.8033447 0.5429688 0.7885742 0.6479492 0.8033447 0.5405274 0.8380127 0.5405274 0.8380127 0.6479492 0.8033447 0.6484375 0.8526611 0.5405274 0.8380127 0.6484375 0.8526611 0.6376953 0.8981323 0.5131836 0.6782227 0.4743652 0.7528076 0.4711914 0.6787109 0.6791992 0.9442444 0.6376953 0.8981323 0.6889649 0.9226074 0.6308594 0.9255371 0.5854492 0.9543762 0.5195313 0.8947754 0.5195313 0.8947754 0.5854492 0.9543762 0.4973145 0.9232788 0.5195313 0.8947754 0.4973145 0.9232788 0.4736328 0.8983154 0.5195313 0.8947754 0.4736328 0.8983154 0.4772949 0.8404541 0.4370117 0.515625 0.4370117 0.4814453 0.4394531 0.4814453 0.4370117 0.515625 0.4394531 0.4814453 0.4404297 0.515625 0.4370117 0.515625 0.4404297 0.515625 0.4370117 0.5546875 0.4370117 0.5546875 0.4404297 0.515625 0.4406738 0.5546875 0.4370117 0.5546875 0.4406738 0.5546875 0.440918 0.5874024 0.4370117 0.5546875 0.440918 0.5874024 0.4370117 0.583252 0.4370117 0.583252 0.440918 0.5874024 0.4370117 0.5944824 0.4370117 0.5944824 0.440918 0.5874024 0.4404297 0.5949707 0.4370117 0.4814453 0.4370117 0.4355469 0.4394531 0.4355469 0.4370117 0.4814453 0.4394531 0.4355469 0.4394531 0.4814453 0.4394531 0.4814453 0.4394531 0.4355469 0.442627 0.4814453 0.4394531 0.4814453 0.442627 0.4814453 0.4404297 0.515625 0.4404297 0.515625 0.442627 0.4814453 0.4440918 0.515625 0.4404297 0.515625 0.4440918 0.515625 0.4406738 0.5546875 0.4406738 0.5546875 0.4440918 0.515625 0.4443359 0.5546875 0.4406738 0.5546875 0.4443359 0.5546875 0.440918 0.5874024 0.440918 0.5874024 0.4443359 0.5546875 0.4438477 0.5888672 0.440918 0.5874024 0.4438477 0.5888672 0.4404297 0.5949707 0.4404297 0.5949707 0.4438477 0.5888672 0.4431152 0.5952149 0.4404297 0.5949707 0.4431152 0.5952149 0.4370117 0.6142578 0.4404297 0.5949707 0.4370117 0.6142578 0.4370117 0.5944824 0.4370117 0.5944824 0.4370117 0.6142578 0.434082 0.5944824 0.4370117 0.5944824 0.434082 0.5944824 0.4511719 0.583252 0.442627 0.4814453 0.4394531 0.4355469 0.4421387 0.4355469 0.4946289 0.3876953 0.5117188 0.4335938 0.5209961 0.4335938 0.4946289 0.3876953 0.5209961 0.4335938 0.5141602 0.3876953 0.5209961 0.4335938 0.5117188 0.4335938 0.5268555 0.4736328 0.5317383 0.4331055 0.5141602 0.3876953 0.5209961 0.4335938 0.5317383 0.4331055 0.5209961 0.4335938 0.5473633 0.4736328 0.5473633 0.4736328 0.5209961 0.4335938 0.5268555 0.4736328 0.5473633 0.4736328 0.5268555 0.4736328 0.5268555 0.503418 0.5473633 0.4736328 0.5268555 0.503418 0.5507813 0.503418 0.5507813 0.503418 0.5268555 0.503418 0.5268555 0.5466309 0.5507813 0.503418 0.5268555 0.5466309 0.5551758 0.5466309 0.5551758 0.5466309 0.5268555 0.5466309 0.5268555 0.5668945 0.5551758 0.5466309 0.5268555 0.5668945 0.5551758 0.5668945 0.5551758 0.5668945 0.5268555 0.5668945 0.5551758 0.5842285 0.5551758 0.5842285 0.5268555 0.5668945 0.5268555 0.5842285 0.5551758 0.5842285 0.5268555 0.5842285 0.5551758 0.5952149 0.5551758 0.5952149 0.5268555 0.5842285 0.5268555 0.5952149 0.5551758 0.5952149 0.5268555 0.5952149 0.5478516 0.6096192 0.3271484 0.7282715 0.2839356 0.7282715 0.3010254 0.75354 0.3010254 0.75354 0.2839356 0.7282715 0.2836914 0.755127 0.3010254 0.75354 0.2836914 0.755127 0.3115234 0.7818604 0.3115234 0.7818604 0.2836914 0.755127 0.255127 0.7818604 0.255127 0.7818604 0.2836914 0.755127 0.2490234 0.755127 0.2490234 0.755127 0.2836914 0.755127 0.2839356 0.7282715 0.2490234 0.755127 0.2839356 0.7282715 0.2412109 0.7282715 0.2412109 0.7282715 0.2839356 0.7282715 0.2607422 0.6835938 0.2607422 0.6835938 0.2839356 0.7282715 0.2858887 0.6835938 0.2607422 0.6835938 0.2858887 0.6835938 0.2875977 0.638916 0.2875977 0.638916 0.2858887 0.6835938 0.310791 0.6835938 0.310791 0.6835938 0.2858887 0.6835938 0.2839356 0.7282715 0.310791 0.6835938 0.2839356 0.7282715 0.3271484 0.7282715 0.5097656 0.5952149 0.5341797 0.6096192 0.5307617 0.5952149 0.5097656 0.5952149 0.5307617 0.5952149 0.5097656 0.5844727 0.5097656 0.5844727 0.5307617 0.5952149 0.5561524 0.5844727 0.5097656 0.5844727 0.5561524 0.5844727 0.5561524 0.5678711 0.5097656 0.5844727 0.5561524 0.5678711 0.5097656 0.5678711 0.5097656 0.5678711 0.5561524 0.5678711 0.5561524 0.5466309 0.5097656 0.5678711 0.5561524 0.5466309 0.5097656 0.5466309 0.5097656 0.5466309 0.5561524 0.5466309 0.5439453 0.5026856 0.5097656 0.5466309 0.5439453 0.5026856 0.5097656 0.503418 0.5097656 0.503418 0.5439453 0.5026856 0.5400391 0.4736328 0.5097656 0.503418 0.5400391 0.4736328 0.5097656 0.4736328 0.5097656 0.4736328 0.5400391 0.4736328 0.5117188 0.4335938 0.5117188 0.4335938 0.5400391 0.4736328 0.5454102 0.4335938 0.5117188 0.4335938 0.5454102 0.4335938 0.5512695 0.3876953 0.5117188 0.4335938 0.5512695 0.3876953 0.5141602 0.3876953 0.5522461 0.4731445 0.5400391 0.4736328 0.5439453 0.5026856 0.3010254 0.75354 0.3115234 0.7818604 0.2836914 0.755127 0.2836914 0.755127 0.3115234 0.7818604 0.255127 0.7818604 0.2836914 0.755127 0.255127 0.7818604 0.2490234 0.755127 0.2836914 0.755127 0.2490234 0.755127 0.2839356 0.7282715 0.2839356 0.7282715 0.2490234 0.755127 0.2412109 0.7282715 0.2839356 0.7282715 0.2412109 0.7282715 0.2607422 0.6835938 0.2839356 0.7282715 0.2607422 0.6835938 0.2858887 0.6835938 0.2858887 0.6835938 0.2607422 0.6835938 0.2875977 0.638916 0.2858887 0.6835938 0.2875977 0.638916 0.310791 0.6835938 0.2858887 0.6835938 0.310791 0.6835938 0.2839356 0.7282715 0.2839356 0.7282715 0.310791 0.6835938 0.3271484 0.7282715 0.2839356 0.7282715 0.3271484 0.7282715 0.3010254 0.75354 0.2839356 0.7282715 0.3010254 0.75354 0.2836914 0.755127 0.03045654 0.8398438 0.05041497 0.8411865 0.03045654 0.8464356 0.03045654 0.8398438 0.03045654 0.8464356 0.01436609 0.8417969 0.01436609 0.8417969 0.03045654 0.8464356 0.01436609 0.8536377 0.01436609 0.8417969 0.01436609 0.8536377 0.003679215 0.873169 0.05041497 0.8436279 0.05041497 0.8682861 0.1286621 0.8699951 0.05041497 0.8436279 0.1286621 0.8699951 0.1286621 0.8432617 0.1286621 0.8432617 0.1286621 0.8699951 0.2144775 0.850708 0.2144775 0.850708 0.1286621 0.8699951 0.2144775 0.8756714 0.2144775 0.850708 0.2144775 0.8756714 0.2351074 0.8487549 0.2780762 0.8730469 0.2780762 0.8449707 0.2492675 0.8475342 0.2780762 0.8730469 0.2492675 0.8475342 0.2492675 0.8756714 0.2492675 0.8756714 0.2492675 0.8475342 0.2351074 0.8487549 0.2492675 0.8756714 0.2351074 0.8487549 0.2351074 0.8769531 0.2351074 0.8769531 0.2351074 0.8487549 0.2144775 0.8756714 0.2351074 0.8769531 0.2144775 0.8756714 0.2144775 0.8919067 0.2144775 0.8919067 0.2144775 0.8756714 0.1286621 0.8699951 0.2144775 0.8919067 0.1286621 0.8699951 0.1286621 0.8908081 0.1286621 0.8908081 0.1286621 0.8699951 0.05041497 0.8682861 0.1286621 0.8908081 0.05041497 0.8682861 0.05041497 0.8858643 0.1286621 0.8908081 0.05041497 0.8858643 0.1286621 0.9093628 0.1286621 0.9093628 0.05041497 0.8858643 0.05041497 0.9021607 0.05041497 0.9021607 0.05041497 0.8858643 0.03045654 0.9014282 0.2144775 0.8919067 0.1286621 0.8908081 0.2144775 0.9104614 0.2144775 0.9104614 0.1286621 0.8908081 0.1286621 0.9093628 0.01436609 0.8965454 0.01436609 0.9107666 0.03045654 0.9014282 0.03045654 0.9014282 0.01436609 0.9107666 0.03045654 0.9160156 0.03045654 0.9014282 0.03045654 0.9160156 0.05041497 0.9021607 0.05041497 0.9021607 0.03045654 0.9160156 0.04965204 0.9161377 0.05041497 0.9021607 0.04965204 0.9161377 0.1286621 0.9093628 0.1286621 0.9093628 0.04965204 0.9161377 0.1286621 0.925415 0.1286621 0.9093628 0.1286621 0.925415 0.2144775 0.9104614 0.2144775 0.9104614 0.1286621 0.925415 0.2144775 0.9262085 0.2144775 0.9104614 0.2144775 0.9262085 0.2351074 0.9310303 0.2144775 0.9104614 0.2351074 0.9310303 0.2351074 0.9124146 0.2144775 0.9104614 0.2351074 0.9124146 0.2144775 0.8919067 0.2144775 0.8919067 0.2351074 0.9124146 0.2351074 0.8898316 0.2144775 0.8919067 0.2351074 0.8898316 0.2351074 0.8769531 0.2351074 0.8769531 0.2351074 0.8898316 0.2489013 0.8911133 0.2351074 0.8769531 0.2489013 0.8911133 0.2492675 0.8756714 0.2492675 0.8756714 0.2489013 0.8911133 0.2780762 0.8938599 0.2492675 0.8756714 0.2780762 0.8938599 0.2780762 0.8730469 0.2780762 0.8730469 0.2780762 0.8938599 0.3796387 0.8909912 0.2780762 0.8730469 0.3796387 0.8909912 0.3796387 0.8568115 0.2780762 0.8730469 0.3796387 0.8568115 0.2780762 0.8449707 0.2780762 0.8449707 0.3796387 0.8568115 0.3796387 0.8269043 0.2351074 0.9124146 0.2351074 0.9310303 0.2489013 0.9130859 0.2351074 0.9124146 0.2489013 0.9130859 0.2351074 0.8898316 0.2351074 0.8898316 0.2489013 0.9130859 0.2489013 0.8911133 0.2489013 0.8911133 0.2489013 0.9130859 0.2780762 0.8938599 0.3796387 0.8269043 0.3796387 0.8066406 0.2780762 0.8449707 0.2780762 0.8449707 0.3796387 0.8066406 0.2780762 0.8210449 0.2780762 0.8449707 0.2780762 0.8210449 0.2492675 0.8475342 0.2492675 0.8475342 0.2780762 0.8210449 0.2491455 0.8220215 0.2492675 0.8475342 0.2491455 0.8220215 0.2351074 0.8487549 0.2351074 0.8487549 0.2491455 0.8220215 0.2351074 0.8225098 0.2351074 0.8487549 0.2351074 0.8225098 0.2144775 0.850708 0.2144775 0.850708 0.2351074 0.8225098 0.2144775 0.8275147 0.2144775 0.850708 0.2144775 0.8275147 0.1286621 0.8432617 0.1286621 0.8432617 0.2144775 0.8275147 0.1286621 0.8389893 0.1286621 0.8432617 0.1286621 0.8389893 0.05041497 0.8436279 0.05041497 0.8436279 0.1286621 0.8389893 0.05041497 0.8411865 0.05041497 0.8436279 0.05041497 0.8411865 0.03045654 0.8398438 0.05041497 0.8436279 0.03045654 0.8398438 0.05041497 0.8682861 0.05041497 0.8682861 0.03045654 0.8398438 0.03045654 0.8707275 0.05041497 0.8682861 0.03045654 0.8707275 0.05041497 0.8858643 0.05041497 0.8858643 0.03045654 0.8707275 0.03045654 0.8848877 0.05041497 0.8858643 0.03045654 0.8848877 0.03045654 0.9014282 0.03045654 0.9014282 0.03045654 0.8848877 0.01436609 0.8828735 0.03045654 0.9014282 0.01436609 0.8828735 0.01436609 0.8965454 0.01436609 0.8965454 0.01436609 0.8828735 0.003679215 0.873169 0.01436609 0.8965454 0.003679215 0.873169 0.01436609 0.9107666 0.01436609 0.9107666 0.003679215 0.873169 0.01436609 0.9310913 0.01436609 0.9107666 0.01436609 0.9310913 0.03045654 0.9160156 0.03045654 0.9160156 0.01436609 0.9310913 0.03045654 0.9353638 0.03045654 0.9160156 0.03045654 0.9353638 0.04965204 0.9161377 0.04965204 0.9161377 0.03045654 0.9353638 0.04882812 0.9360962 0.04965204 0.9161377 0.04882812 0.9360962 0.1286621 0.925415 0.1286621 0.925415 0.04882812 0.9360962 0.1286621 0.94104 0.1286621 0.925415 0.1286621 0.94104 0.2144775 0.9262085 0.2144775 0.9262085 0.1286621 0.94104 0.2144775 0.941742 0.2144775 0.9262085 0.2144775 0.941742 0.2351074 0.9468689 0.2144775 0.9262085 0.2351074 0.9468689 0.2351074 0.9310303 0.2351074 0.9310303 0.2351074 0.9468689 0.2489013 0.9311524 0.2351074 0.9310303 0.2489013 0.9311524 0.2489013 0.9130859 0.2489013 0.9130859 0.2489013 0.9311524 0.2780762 0.9146118 0.2489013 0.9130859 0.2780762 0.9146118 0.2780762 0.8938599 0.2780762 0.8938599 0.2780762 0.9146118 0.3796387 0.9193115 0.2780762 0.8938599 0.3796387 0.9193115 0.3796387 0.8909912 0.3796387 0.8909912 0.3796387 0.9193115 0.4199219 0.890686 0.3796387 0.8909912 0.4199219 0.890686 0.3796387 0.8568115 0.3796387 0.8568115 0.4199219 0.890686 0.4199219 0.8583984 0.3796387 0.8568115 0.4199219 0.8583984 0.3796387 0.8269043 0.3796387 0.8269043 0.4199219 0.8583984 0.4199219 0.8364258 0.3796387 0.8269043 0.4199219 0.8364258 0.3796387 0.8066406 0.3796387 0.8066406 0.4199219 0.8364258 0.4199219 0.7940674 0.4199219 0.7940674 0.4199219 0.8364258 0.4438477 0.8354492 0.4199219 0.7940674 0.4438477 0.8354492 0.4338379 0.7939453 0.01436609 0.8828735 0.01436609 0.8708496 0.003679215 0.873169 0.003679215 0.873169 0.01436609 0.8708496 0.01436609 0.8417969 0.01436609 0.8417969 0.01436609 0.8708496 0.03045654 0.8398438 0.03045654 0.8398438 0.01436609 0.8708496 0.03045654 0.8707275 0.03045654 0.8707275 0.01436609 0.8708496 0.01436609 0.8828735 0.03045654 0.8707275 0.01436609 0.8828735 0.03045654 0.8848877 0.4199219 0.9206543 0.4199219 0.890686 0.3796387 0.9193115 0.4199219 0.9206543 0.3796387 0.9193115 0.4199219 0.9482422 0.4199219 0.9482422 0.3796387 0.9193115 0.3796387 0.949646 0.3796387 0.949646 0.3796387 0.9193115 0.2780762 0.9313355 0.2780762 0.9313355 0.3796387 0.9193115 0.2780762 0.9146118 0.2780762 0.9313355 0.2780762 0.9146118 0.2489013 0.9311524 0.2489013 0.9311524 0.2351074 0.9468689 0.2491455 0.9494629 0.2489013 0.9311524 0.2491455 0.9494629 0.2780762 0.9313355 0.2780762 0.9313355 0.2491455 0.9494629 0.2780762 0.9509888 0.2780762 0.9313355 0.2780762 0.9509888 0.3796387 0.949646 0.3796387 0.949646 0.2780762 0.9509888 0.3796387 0.9705505 0.3796387 0.949646 0.3796387 0.9705505 0.4199219 0.9482422 0.4199219 0.9482422 0.3796387 0.9705505 0.4199219 0.9727783 0.4199219 0.9482422 0.4199219 0.9727783 0.4438477 0.9462586 0.4199219 0.9482422 0.4438477 0.9462586 0.4438477 0.9206543 0.4199219 0.9482422 0.4438477 0.9206543 0.4199219 0.9206543 0.4199219 0.9206543 0.4438477 0.9206543 0.4438477 0.8956909 0.4199219 0.9206543 0.4438477 0.8956909 0.4199219 0.890686 0.4199219 0.890686 0.4438477 0.8956909 0.4199219 0.8583984 0.4199219 0.8583984 0.4438477 0.8956909 0.4438477 0.8519287 0.4199219 0.8583984 0.4438477 0.8519287 0.4199219 0.8364258 0.4199219 0.8364258 0.4438477 0.8519287 0.4438477 0.8354492 0.4438477 0.9462586 0.4199219 0.9727783 0.434082 0.9808197 0.9287109 0.7304688 0.9189453 0.7331543 0.9189453 0.7557373 0.9287109 0.7304688 0.9189453 0.7557373 0.9287109 0.7557373 0.9287109 0.7557373 0.9189453 0.7557373 0.9189453 0.8051758 0.9287109 0.7557373 0.9189453 0.8051758 0.9287109 0.7988281 0.9287109 0.7988281 0.9189453 0.8051758 0.9296875 0.8175049 0.9296875 0.8175049 0.9189453 0.8051758 0.9238281 0.8175049 0.9189453 0.7143555 0.9189453 0.7331543 0.9287109 0.7304688 0.9189453 0.7143555 0.9287109 0.7304688 0.9287109 0.7143555 0.9189453 0.7143555 0.9287109 0.7143555 0.9189453 0.6828613 0.9189453 0.6828613 0.9287109 0.7143555 0.9189453 0.6789551 0.9189453 0.6828613 0.9189453 0.6789551 0.9082031 0.7143555 0.9189453 0.6828613 0.9082031 0.7143555 0.9189453 0.7143555 0.9189453 0.7143555 0.9082031 0.7143555 0.9189453 0.7331543 0.9189453 0.7331543 0.9082031 0.7143555 0.9082031 0.7302246 0.9189453 0.7331543 0.9082031 0.7302246 0.9189453 0.7557373 0.9189453 0.7557373 0.9082031 0.7302246 0.9082031 0.755249 0.9189453 0.7557373 0.9082031 0.755249 0.9189453 0.8051758 0.9189453 0.8051758 0.9082031 0.755249 0.9082031 0.7988281 0.9189453 0.8051758 0.9082031 0.7988281 0.9072266 0.8218994 0.9189453 0.8051758 0.9072266 0.8218994 0.9238281 0.8175049 0.9238281 0.8175049 0.9072266 0.8218994 0.9008789 0.8300781 0.9238281 0.8175049 0.9008789 0.8300781 0.9047852 0.8483887 0.9238281 0.8175049 0.9047852 0.8483887 0.9296875 0.8175049 0.9296875 0.8175049 0.9047852 0.8483887 0.9462891 0.8603516 0.9296875 0.8175049 0.9462891 0.8603516 0.9487305 0.8175049 0.9487305 0.8175049 0.9462891 0.8603516 0.9765625 0.8175049 0.9487305 0.8175049 0.9765625 0.8175049 0.9604492 0.8051758 0.9604492 0.8051758 0.9765625 0.8175049 0.9707031 0.7988281 0.9604492 0.8051758 0.9707031 0.7988281 0.9707031 0.7557373 0.9604492 0.8051758 0.9707031 0.7557373 0.9604492 0.7557373 0.9604492 0.7557373 0.9707031 0.7557373 0.9707031 0.7365723 0.9604492 0.7557373 0.9707031 0.7365723 0.9604492 0.7351074 0.9604492 0.7351074 0.9707031 0.7365723 0.9707031 0.7143555 0.9604492 0.7351074 0.9707031 0.7143555 0.9604492 0.7143555 0.9604492 0.7143555 0.9707031 0.7143555 0.9604492 0.6933594 0.9604492 0.7143555 0.9604492 0.6933594 0.9501953 0.7143555 0.9501953 0.7143555 0.9604492 0.6933594 0.9604492 0.6804199 0.9604492 0.6804199 0.9604492 0.6933594 0.9707031 0.7143555 0.9487305 0.8175049 0.9604492 0.8051758 0.9501953 0.7988281 0.9501953 0.7988281 0.9604492 0.8051758 0.9604492 0.7557373 0.9501953 0.7988281 0.9604492 0.7557373 0.9501953 0.7557373 0.9501953 0.7557373 0.9604492 0.7557373 0.9501953 0.7363281 0.9501953 0.7363281 0.9604492 0.7557373 0.9604492 0.7351074 0.9501953 0.7363281 0.9604492 0.7351074 0.9501953 0.7143555 0.9501953 0.7143555 0.9604492 0.7351074 0.9604492 0.7143555 0.9970703 0.7358399 0.9970703 0.7143555 0.9897461 0.7333984 0.9970703 0.7358399 0.9897461 0.7333984 0.9897461 0.7557373 0.9897461 0.7557373 0.9897461 0.7333984 0.9780274 0.7358399 0.9897461 0.7557373 0.9780274 0.7358399 0.9780274 0.7557373 0.9897461 0.7557373 0.9780274 0.7557373 0.9780274 0.7988281 0.9897461 0.7557373 0.9780274 0.7988281 0.9897461 0.8051758 0.9897461 0.8051758 0.9780274 0.7988281 0.9765625 0.8175049 0.9897461 0.8051758 0.9765625 0.8175049 0.9946289 0.8789063 0.9946289 0.8789063 0.9765625 0.8175049 0.9462891 0.8603516 0.9946289 0.8789063 0.9462891 0.8603516 0.9589844 0.9318237 0.9589844 0.9318237 0.9462891 0.8603516 0.8891602 0.8746338 0.9589844 0.9318237 0.8891602 0.8746338 0.9106445 0.9255371 0.9589844 0.9318237 0.9106445 0.9255371 0.9624024 0.9611817 0.9624024 0.9611817 0.9106445 0.9255371 0.9213867 0.9611817 0.9624024 0.9611817 0.9726563 0.9611817 0.9589844 0.9318237 0.9589844 0.9318237 0.9726563 0.9611817 0.9824219 0.9274292 0.9589844 0.9318237 0.9824219 0.9274292 0.9946289 0.8789063 0.9970703 0.7557373 0.9970703 0.7358399 0.9897461 0.7557373 0.9970703 0.7557373 0.9897461 0.7557373 0.9970703 0.8081055 0.9970703 0.8081055 0.9897461 0.7557373 0.9897461 0.8051758 0.9970703 0.8081055 0.9897461 0.8051758 0.9970703 0.8203125 0.9970703 0.8203125 0.9897461 0.8051758 0.9946289 0.8789063 0.9897461 0.7333984 0.9970703 0.7143555 0.9897461 0.7143555 0.9897461 0.7333984 0.9897461 0.7143555 0.9780274 0.7358399 0.9780274 0.7358399 0.9897461 0.7143555 0.9780274 0.7143555 0.9780274 0.7143555 0.9897461 0.7143555 0.9916992 0.7019043 0.9780274 0.7143555 0.9916992 0.7019043 0.9941406 0.6828613 0.9941406 0.6828613 0.9916992 0.7019043 0.9970703 0.7143555 0.9970703 0.7143555 0.9916992 0.7019043 0.9897461 0.7143555 0.8774414 0.7633057 0.8886719 0.7404785 0.8886719 0.7351074 0.8886719 0.7351074 0.8886719 0.7404785 0.9008789 0.7633057 0.9008789 0.7633057 0.8886719 0.7404785 0.8886719 0.7633057 0.9008789 0.7633057 0.8886719 0.7633057 0.8886719 0.7786865 0.8886719 0.7786865 0.8886719 0.7633057 0.8774414 0.7633057 0.8886719 0.7786865 0.8774414 0.7633057 0.8774414 0.7786865 0.8886719 0.7786865 0.8774414 0.7786865 0.8920899 0.8270264 0.8920899 0.8270264 0.8774414 0.7786865 0.8774414 0.8270264 0.8920899 0.8270264 0.8774414 0.8270264 0.9047852 0.8483887 0.9047852 0.8483887 0.8774414 0.8270264 0.8891602 0.8746338 0.9047852 0.8483887 0.8891602 0.8746338 0.9462891 0.8603516 0.8774414 0.7633057 0.8886719 0.7633057 0.8886719 0.7404785 0.8920899 0.8270264 0.9047852 0.8483887 0.9008789 0.8270264 0.8920899 0.8270264 0.9008789 0.8270264 0.8886719 0.7786865 0.8886719 0.7786865 0.9008789 0.8270264 0.9008789 0.7786865 0.8886719 0.7786865 0.9008789 0.7786865 0.9008789 0.7633057 0.9423828 0.7375488 0.9521484 0.7348633 0.9423828 0.7143555 0.9423828 0.7143555 0.9521484 0.7348633 0.9521484 0.7143555 0.9423828 0.7143555 0.9521484 0.7143555 0.9423828 0.6904297 0.9423828 0.6904297 0.9521484 0.7143555 0.9418945 0.6809082 0.9423828 0.6904297 0.9418945 0.6809082 0.9316406 0.7143555 0.9423828 0.6904297 0.9316406 0.7143555 0.9423828 0.7143555 0.9423828 0.7143555 0.9316406 0.7143555 0.9316406 0.734375 0.9423828 0.7143555 0.9316406 0.734375 0.9423828 0.7375488 0.9423828 0.7375488 0.9316406 0.734375 0.9423828 0.7557373 0.9423828 0.7375488 0.9423828 0.7557373 0.9521484 0.7348633 0.9521484 0.7348633 0.9423828 0.7557373 0.9521484 0.7557373 0.9521484 0.7557373 0.9423828 0.7557373 0.9521484 0.7988281 0.9521484 0.7988281 0.9423828 0.7557373 0.9423828 0.8051758 0.9521484 0.7988281 0.9423828 0.8051758 0.9487305 0.8175049 0.9487305 0.8175049 0.9423828 0.8051758 0.9296875 0.8175049 0.9296875 0.8175049 0.9423828 0.8051758 0.9316406 0.7988281 0.9316406 0.7988281 0.9423828 0.8051758 0.9423828 0.7557373 0.9316406 0.7988281 0.9423828 0.7557373 0.9316406 0.7557373 0.9316406 0.7557373 0.9423828 0.7557373 0.9316406 0.734375 0.3271484 0.7282715 0.2839356 0.7282715 0.3010254 0.75354 0.3010254 0.75354 0.2839356 0.7282715 0.2836914 0.755127 0.3010254 0.75354 0.2836914 0.755127 0.3115234 0.7818604 0.3115234 0.7818604 0.2836914 0.755127 0.255127 0.7818604 0.255127 0.7818604 0.2836914 0.755127 0.2490234 0.755127 0.2490234 0.755127 0.2836914 0.755127 0.2839356 0.7282715 0.2490234 0.755127 0.2839356 0.7282715 0.2412109 0.7282715 0.2412109 0.7282715 0.2839356 0.7282715 0.2607422 0.6835938 0.2607422 0.6835938 0.2839356 0.7282715 0.2858887 0.6835938 0.2607422 0.6835938 0.2858887 0.6835938 0.2875977 0.638916 0.2875977 0.638916 0.2858887 0.6835938 0.310791 0.6835938 0.310791 0.6835938 0.2858887 0.6835938 0.2839356 0.7282715 0.310791 0.6835938 0.2839356 0.7282715 0.3271484 0.7282715 0.4973145 0.9232788 0.5854492 0.9543762 0.5195313 0.8947754 0.4973145 0.9232788 0.5195313 0.8947754 0.4736328 0.8983154 0.4736328 0.8983154 0.5195313 0.8947754 0.4782715 0.8408203 0.4782715 0.8408203 0.5195313 0.8947754 0.5405274 0.8380127 0.4782715 0.8408203 0.5405274 0.8380127 0.5429688 0.7885742 0.4782715 0.8408203 0.5429688 0.7885742 0.4750977 0.7941895 0.4750977 0.7941895 0.5429688 0.7885742 0.4743652 0.7528076 0.4743652 0.7528076 0.5429688 0.7885742 0.5351563 0.7265625 0.4711914 0.6787109 0.4743652 0.7528076 0.5131836 0.6782227 0.5131836 0.6782227 0.4743652 0.7528076 0.5351563 0.7265625 0.5131836 0.6782227 0.5351563 0.7265625 0.5644531 0.6721192 0.5644531 0.6721192 0.5351563 0.7265625 0.6645508 0.6604004 0.6645508 0.6604004 0.5351563 0.7265625 0.6494141 0.7172852 0.6494141 0.7172852 0.5351563 0.7265625 0.6469727 0.7529297 0.6469727 0.7529297 0.5351563 0.7265625 0.5429688 0.7885742 0.6469727 0.7529297 0.5429688 0.7885742 0.6479492 0.8033447 0.6479492 0.8033447 0.5429688 0.7885742 0.5405274 0.8380127 0.6479492 0.8033447 0.5405274 0.8380127 0.6484375 0.8526611 0.6484375 0.8526611 0.5405274 0.8380127 0.6376953 0.8981323 0.6376953 0.8981323 0.5405274 0.8380127 0.5195313 0.8947754 0.6376953 0.8981323 0.5195313 0.8947754 0.6308594 0.9255371 0.6308594 0.9255371 0.5195313 0.8947754 0.5854492 0.9543762 0.6308594 0.9255371 0.5854492 0.9543762 0.6708984 0.9711304 0.6308594 0.9255371 0.6708984 0.9711304 0.6791992 0.9442444 0.6308594 0.9255371 0.6791992 0.9442444 0.6376953 0.8981323 0.6376953 0.8981323 0.6791992 0.9442444 0.6889649 0.9226074 0.8618164 0.005859375 0.9526367 0.005859375 0.8618164 0.03320312 0.8618164 0.03320312 0.9526367 0.005859375 0.9526367 0.03320312 0.8618164 0.03320312 0.9526367 0.03320312 0.9526367 0.04589837 0.8618164 0.03320312 0.9526367 0.04589837 0.8618164 0.04589837 0.2917481 0.2060546 0.3256836 0.2836914 0.2624512 0.2368164 0.2917481 0.2060546 0.2624512 0.2368164 0.2120361 0.17041 0.2120361 0.17041 0.2624512 0.2368164 0.1757812 0.1977539 0.2120361 0.17041 0.1757812 0.1977539 0.1395263 0.1347656 0.1395263 0.1347656 0.1757812 0.1977539 0.1097412 0.1660156 0.1395263 0.1347656 0.1097412 0.1660156 0.07531738 0.1254882 0.07531738 0.1254882 0.1097412 0.1660156 0.065979 0.1826171 0.07531738 0.1254882 0.065979 0.1826171 0.04800415 0.1386718 0.04800415 0.1386718 0.065979 0.1826171 0.01235955 0.140625 0.04800415 0.1386718 0.01235955 0.140625 0.01235955 0.08154296 0.04800415 0.1386718 0.01235955 0.08154296 0.07531738 0.1254882 0.07531738 0.1254882 0.01235955 0.08154296 0.09149169 0.1040039 0.07531738 0.1254882 0.09149169 0.1040039 0.1395263 0.1347656 0.1395263 0.1347656 0.09149169 0.1040039 0.09631347 0.08886718 0.1395263 0.1347656 0.09631347 0.08886718 0.140625 0.09667968 0.1395263 0.1347656 0.140625 0.09667968 0.2120361 0.17041 0.2120361 0.17041 0.140625 0.09667968 0.2214355 0.1435546 0.2120361 0.17041 0.2214355 0.1435546 0.2917481 0.2060546 0.09149169 0.1040039 0.01235955 0.08154296 0.09631347 0.08886718 0.01235955 0.1791992 0.01235955 0.140625 0.065979 0.1826171 0.2854004 0.3564453 0.2836914 0.4121094 0.2585449 0.4130859 0.2585449 0.4130859 0.2836914 0.4121094 0.2330322 0.4472656 0.2585449 0.4130859 0.2330322 0.4472656 0.2229003 0.4418945 0.2229003 0.4418945 0.2330322 0.4472656 0.2148437 0.4648438 0.2229003 0.4418945 0.2148437 0.4648438 0.2008056 0.4589844 0.2008056 0.4589844 0.2148437 0.4648438 0.1794432 0.487793 0.2008056 0.4589844 0.1794432 0.487793 0.1680908 0.4765625 0.1680908 0.4765625 0.1794432 0.487793 0.1428222 0.501709 0.1680908 0.4765625 0.1428222 0.501709 0.1369628 0.4892578 0.1369628 0.4892578 0.1428222 0.501709 0.1035766 0.5161133 0.1369628 0.4892578 0.1035766 0.5161133 0.1019897 0.5004883 0.1019897 0.5004883 0.1035766 0.5161133 0.06054687 0.5085449 0.06054687 0.5085449 0.1035766 0.5161133 0.0586242 0.5236817 0.06054687 0.5085449 0.0586242 0.5236817 0.01235955 0.5112305 0.01235955 0.5112305 0.0586242 0.5236817 0.01235955 0.5285645 0.01235955 0.5285645 0.0586242 0.5236817 0.05624383 0.5461426 0.01235955 0.5285645 0.05624383 0.5461426 0.01701349 0.5500488 0.01701349 0.5500488 0.05624383 0.5461426 0.02766418 0.5915527 0.02766418 0.5915527 0.05624383 0.5461426 0.09295654 0.576416 0.02766418 0.5915527 0.09295654 0.576416 0.03482049 0.6105957 0.03482049 0.6105957 0.09295654 0.576416 0.09399414 0.6037598 0.03482049 0.6105957 0.09399414 0.6037598 0.07513427 0.7163086 0.07513427 0.7163086 0.09399414 0.6037598 0.139038 0.6257324 0.07513427 0.7163086 0.139038 0.6257324 0.178955 0.6679688 0.178955 0.6679688 0.139038 0.6257324 0.1975097 0.5957031 0.178955 0.6679688 0.1975097 0.5957031 0.2259521 0.6430664 0.2259521 0.6430664 0.1975097 0.5957031 0.2436523 0.559082 0.2259521 0.6430664 0.2436523 0.559082 0.2766113 0.5839844 0.2766113 0.5839844 0.2436523 0.559082 0.2729492 0.4697266 0.2766113 0.5839844 0.2729492 0.4697266 0.3300781 0.480957 0.3300781 0.480957 0.2729492 0.4697266 0.2836914 0.4121094 0.3300781 0.480957 0.2836914 0.4121094 0.3457031 0.4194336 0.3457031 0.4194336 0.2836914 0.4121094 0.2854004 0.3564453 0.3457031 0.4194336 0.2854004 0.3564453 0.3308106 0.3520508 0.3308106 0.3520508 0.2854004 0.3564453 0.3256836 0.2836914 0.3256836 0.2836914 0.2854004 0.3564453 0.2849121 0.3007813 0.3256836 0.2836914 0.2849121 0.3007813 0.2624512 0.2368164 0.2624512 0.2368164 0.2849121 0.3007813 0.2081298 0.2626953 0.2624512 0.2368164 0.2081298 0.2626953 0.1757812 0.1977539 0.1757812 0.1977539 0.2081298 0.2626953 0.1356201 0.2128906 0.1757812 0.1977539 0.1356201 0.2128906 0.1097412 0.1660156 0.1097412 0.1660156 0.1356201 0.2128906 0.09527587 0.224121 0.1097412 0.1660156 0.09527587 0.224121 0.065979 0.1826171 0.065979 0.1826171 0.09527587 0.224121 0.05334466 0.2265625 0.065979 0.1826171 0.05334466 0.2265625 0.01235955 0.1791992 0.01235955 0.1791992 0.05334466 0.2265625 0.01235955 0.2211914 0.01235955 0.2211914 0.05334466 0.2265625 0.01235955 0.2763672 0.01235955 0.2763672 0.05334466 0.2265625 0.0516662 0.2866211 0.01235955 0.2763672 0.0516662 0.2866211 0.05288696 0.3095703 0.05288696 0.3095703 0.0516662 0.2866211 0.09539794 0.309082 0.05288696 0.3095703 0.09539794 0.309082 0.05380249 0.3295899 0.05380249 0.3295899 0.09539794 0.309082 0.08575439 0.3295899 0.05380249 0.3295899 0.08575439 0.3295899 0.08526611 0.3515625 0.08526611 0.3515625 0.08575439 0.3295899 0.1519775 0.3442383 0.08526611 0.3515625 0.1519775 0.3442383 0.0895996 0.3720703 0.0895996 0.3720703 0.1519775 0.3442383 0.100769 0.3876953 0.0895996 0.3720703 0.100769 0.3876953 0.05615234 0.3725586 0.05615234 0.3725586 0.100769 0.3876953 0.05670166 0.4174805 0.05615234 0.3725586 0.05670166 0.4174805 0.01235955 0.3666992 0.01235955 0.3666992 0.05670166 0.4174805 0.01235955 0.4121094 0.01235955 0.4121094 0.05670166 0.4174805 0.05880737 0.4599609 0.01235955 0.4121094 0.05880737 0.4599609 0.01235955 0.4628906 0.01235955 0.4628906 0.05880737 0.4599609 0.05615234 0.4775391 0.01235955 0.4628906 0.05615234 0.4775391 0.01235955 0.4814453 0.139038 0.6257324 0.09399414 0.6037598 0.09295654 0.576416 0.05334466 0.2265625 0.09527587 0.224121 0.0516662 0.2866211 0.01235955 0.3666992 0.01235955 0.3198242 0.05615234 0.3725586 0.05615234 0.3725586 0.01235955 0.3198242 0.05380249 0.3295899 0.05615234 0.3725586 0.05380249 0.3295899 0.08526611 0.3515625 0.05615234 0.3725586 0.08526611 0.3515625 0.0895996 0.3720703 0.05288696 0.3095703 0.05380249 0.3295899 0.01235955 0.3198242 0.05288696 0.3095703 0.01235955 0.3198242 0.01235955 0.2763672 0.100769 0.3876953 0.1519775 0.3442383 0.1154785 0.3964844 0.2148437 0.4648438 0.2165527 0.5246582 0.1794432 0.487793 0.1794432 0.487793 0.2165527 0.5246582 0.1445312 0.5219727 0.1794432 0.487793 0.1445312 0.5219727 0.1428222 0.501709 0.1428222 0.501709 0.1445312 0.5219727 0.1035766 0.5161133 0.1445312 0.5219727 0.2165527 0.5246582 0.1739501 0.543457 0.2330322 0.4472656 0.2836914 0.4121094 0.2729492 0.4697266 0.2330322 0.4472656 0.2729492 0.4697266 0.2148437 0.4648438 0.2148437 0.4648438 0.2729492 0.4697266 0.2436523 0.559082 0.2148437 0.4648438 0.2436523 0.559082 0.2165527 0.5246582 0.2165527 0.5246582 0.2436523 0.559082 0.1975097 0.5957031 0.2165527 0.5246582 0.1975097 0.5957031 0.1739501 0.543457 0.1739501 0.543457 0.1975097 0.5957031 0.1392822 0.5610352 0.1739501 0.543457 0.1392822 0.5610352 0.1445312 0.5219727 0.1445312 0.5219727 0.1392822 0.5610352 0.09997558 0.5368652 0.1445312 0.5219727 0.09997558 0.5368652 0.1035766 0.5161133 0.1035766 0.5161133 0.09997558 0.5368652 0.0586242 0.5236817 0.0586242 0.5236817 0.09997558 0.5368652 0.05624383 0.5461426 0.05624383 0.5461426 0.09997558 0.5368652 0.09295654 0.576416 0.09295654 0.576416 0.09997558 0.5368652 0.1392822 0.5610352 0.09295654 0.576416 0.1392822 0.5610352 0.139038 0.6257324 0.139038 0.6257324 0.1392822 0.5610352 0.1975097 0.5957031 0.2585449 0.4130859 0.2283935 0.3637695 0.2854004 0.3564453 0.2854004 0.3564453 0.2283935 0.3637695 0.2229003 0.3134766 0.2854004 0.3564453 0.2229003 0.3134766 0.2849121 0.3007813 0.2849121 0.3007813 0.2229003 0.3134766 0.2081298 0.2626953 0.2081298 0.2626953 0.2229003 0.3134766 0.1926269 0.2949219 0.2081298 0.2626953 0.1926269 0.2949219 0.1628417 0.284668 0.2081298 0.2626953 0.1628417 0.284668 0.1356201 0.2128906 0.1995849 0.3842774 0.2154541 0.3623047 0.2283935 0.3637695 0.2283935 0.3637695 0.2154541 0.3623047 0.2189941 0.3398438 0.2283935 0.3637695 0.2189941 0.3398438 0.2229003 0.3134766 0.2229003 0.3134766 0.2189941 0.3398438 0.2127684 0.315918 0.2229003 0.3134766 0.2127684 0.315918 0.1926269 0.2949219 0.1926269 0.2949219 0.2127684 0.315918 0.1519775 0.3442383 0.1926269 0.2949219 0.1519775 0.3442383 0.1628417 0.284668 0.1628417 0.284668 0.1519775 0.3442383 0.1335449 0.2856445 0.1628417 0.284668 0.1335449 0.2856445 0.1356201 0.2128906 0.1356201 0.2128906 0.1335449 0.2856445 0.09527587 0.224121 0.09527587 0.224121 0.1335449 0.2856445 0.1062011 0.2836914 0.09527587 0.224121 0.1062011 0.2836914 0.0516662 0.2866211 0.0516662 0.2866211 0.1062011 0.2836914 0.1095581 0.2939453 0.0516662 0.2866211 0.1095581 0.2939453 0.09539794 0.309082 0.09539794 0.309082 0.1095581 0.2939453 0.1519775 0.3442383 0.09539794 0.309082 0.1519775 0.3442383 0.08575439 0.3295899 0.2154541 0.3623047 0.1995849 0.3842774 0.1519775 0.3442383 0.2154541 0.3623047 0.1519775 0.3442383 0.2189941 0.3398438 0.2189941 0.3398438 0.1519775 0.3442383 0.2127684 0.315918 0.1095581 0.2939453 0.1062011 0.2836914 0.1335449 0.2856445 0.1095581 0.2939453 0.1335449 0.2856445 0.1519775 0.3442383 0.1162719 0.4150391 0.05670166 0.4174805 0.100769 0.3876953 0.1162719 0.4150391 0.100769 0.3876953 0.1154785 0.3964844 0.1162719 0.4150391 0.1154785 0.3964844 0.1463623 0.4038086 0.1463623 0.4038086 0.1154785 0.3964844 0.1519775 0.3442383 0.1463623 0.4038086 0.1519775 0.3442383 0.1752929 0.3979492 0.1752929 0.3979492 0.1519775 0.3442383 0.1995849 0.3842774 0.1752929 0.3979492 0.1995849 0.3842774 0.2133789 0.4301758 0.2133789 0.4301758 0.1995849 0.3842774 0.2283935 0.3637695 0.2133789 0.4301758 0.2283935 0.3637695 0.2312011 0.4233399 0.2312011 0.4233399 0.2283935 0.3637695 0.2585449 0.4130859 0.2312011 0.4233399 0.2585449 0.4130859 0.2313232 0.4301758 0.2312011 0.4233399 0.2313232 0.4301758 0.2133789 0.4301758 0.2133789 0.4301758 0.2313232 0.4301758 0.2113037 0.4404297 0.2133789 0.4301758 0.2113037 0.4404297 0.1862792 0.4389649 0.1862792 0.4389649 0.2113037 0.4404297 0.1843261 0.4506836 0.1862792 0.4389649 0.1843261 0.4506836 0.15625 0.4477539 0.15625 0.4477539 0.1843261 0.4506836 0.1533203 0.4609375 0.15625 0.4477539 0.1533203 0.4609375 0.1203002 0.4550781 0.1203002 0.4550781 0.1533203 0.4609375 0.1203613 0.4697266 0.1203002 0.4550781 0.1203613 0.4697266 0.05880737 0.4599609 0.05880737 0.4599609 0.1203613 0.4697266 0.05615234 0.4775391 0.05880737 0.4599609 0.05670166 0.4174805 0.1203002 0.4550781 0.1203002 0.4550781 0.05670166 0.4174805 0.1162719 0.4150391 0.1203002 0.4550781 0.1162719 0.4150391 0.15625 0.4477539 0.15625 0.4477539 0.1162719 0.4150391 0.1463623 0.4038086 0.15625 0.4477539 0.1463623 0.4038086 0.1752929 0.3979492 0.15625 0.4477539 0.1752929 0.3979492 0.1862792 0.4389649 0.1862792 0.4389649 0.1752929 0.3979492 0.2133789 0.4301758 0.09942626 0.005859375 0.07537841 0.03320312 0.07537841 0.005859375 0.07537841 0.005859375 0.07537841 0.03320312 0.0447998 0.03320312 0.0447998 0.03320312 0.07537841 0.03320312 0.07537841 0.04589837 0.07537841 0.04589837 0.07537841 0.03320312 0.09942626 0.04589837 0.09942626 0.04589837 0.07537841 0.03320312 0.09942626 0.03320312 0.09942626 0.03320312 0.07537841 0.03320312 0.09942626 0.005859375 0.09942626 0.03320312 0.09942626 0.005859375 0.1295166 0.03320312 0.1295166 0.03320312 0.09942626 0.005859375 0.1295166 0.005859375 0.1295166 0.03320312 0.1295166 0.005859375 0.1549072 0.03320312 0.1549072 0.03320312 0.1295166 0.005859375 0.1549072 0.005859375 0.1549072 0.03320312 0.1549072 0.005859375 0.1829833 0.03320312 0.1829833 0.03320312 0.1549072 0.005859375 0.1829833 0.005859375 0.1829833 0.03320312 0.1829833 0.005859375 0.22229 0.03320312 0.1829833 0.03320312 0.22229 0.03320312 0.22229 0.04589837 0.22229 0.04589837 0.22229 0.03320312 0.2388916 0.03320312 0.22229 0.04589837 0.2388916 0.03320312 0.2388916 0.04589837 0.2388916 0.04589837 0.2388916 0.03320312 0.2612305 0.03320312 0.2612305 0.03320312 0.2388916 0.03320312 0.2612305 0.005859375 0.2612305 0.03320312 0.2612305 0.005859375 0.284668 0.03320312 0.284668 0.03320312 0.2612305 0.005859375 0.284668 0.005859375 0.284668 0.03320312 0.284668 0.005859375 0.3105469 0.03320312 0.3105469 0.03320312 0.284668 0.005859375 0.3105469 0.005859375 0.3105469 0.03320312 0.3105469 0.005859375 0.3527832 0.03320312 0.3527832 0.03320312 0.3105469 0.005859375 0.3527832 0.005859375 0.3527832 0.03320312 0.3527832 0.005859375 0.4204102 0.005859375 0.3527832 0.03320312 0.4204102 0.005859375 0.4204102 0.03320312 0.4204102 0.03320312 0.4204102 0.005859375 0.4526367 0.03320312 0.4204102 0.03320312 0.4526367 0.03320312 0.4526367 0.04589837 0.4526367 0.04589837 0.4526367 0.03320312 0.4890137 0.04589837 0.4890137 0.04589837 0.4526367 0.03320312 0.4890137 0.03320312 0.4890137 0.04589837 0.4890137 0.03320312 0.5195313 0.04589837 0.5195313 0.04589837 0.4890137 0.03320312 0.5195313 0.03320312 0.5195313 0.04589837 0.5195313 0.03320312 0.5522461 0.04589837 0.5522461 0.04589837 0.5195313 0.03320312 0.5522461 0.03320312 0.5522461 0.04589837 0.5522461 0.03320312 0.5844727 0.04589837 0.5844727 0.04589837 0.5522461 0.03320312 0.5844727 0.03320312 0.5844727 0.04589837 0.5844727 0.03320312 0.6147461 0.03320312 0.6147461 0.03320312 0.5844727 0.03320312 0.6147461 0.005859375 0.6147461 0.03320312 0.6147461 0.005859375 0.6489258 0.03320312 0.6489258 0.03320312 0.6147461 0.005859375 0.6489258 0.005859375 0.6489258 0.03320312 0.6489258 0.005859375 0.6782227 0.005859375 0.6489258 0.03320312 0.6782227 0.005859375 0.6782227 0.03320312 0.6782227 0.03320312 0.6782227 0.005859375 0.7021484 0.03320312 0.6782227 0.03320312 0.7021484 0.03320312 0.6782227 0.04589837 0.6782227 0.04589837 0.7021484 0.03320312 0.7021484 0.04589837 0.7021484 0.04589837 0.7021484 0.03320312 0.7236328 0.04589837 0.7236328 0.04589837 0.7021484 0.03320312 0.7236328 0.03320312 0.7236328 0.04589837 0.7236328 0.03320312 0.7573242 0.04589837 0.7573242 0.04589837 0.7236328 0.03320312 0.7573242 0.03320312 0.7573242 0.04589837 0.7573242 0.03320312 0.7827149 0.04589837 0.7827149 0.04589837 0.7573242 0.03320312 0.7827149 0.03320312 0.7827149 0.04589837 0.7827149 0.03320312 0.8017578 0.03320312 0.8017578 0.03320312 0.7827149 0.03320312 0.8017578 0.005859375 0.8017578 0.03320312 0.8017578 0.005859375 0.8618164 0.005859375 0.8017578 0.03320312 0.8618164 0.005859375 0.8618164 0.03320312 0.8017578 0.03320312 0.8618164 0.03320312 0.8618164 0.04589837 0.8017578 0.03320312 0.8618164 0.04589837 0.8017578 0.04589837 0.8017578 0.03320312 0.8017578 0.04589837 0.7827149 0.04589837 0.7236328 0.03320312 0.7021484 0.03320312 0.6782227 0.005859375 0.7236328 0.03320312 0.6782227 0.005859375 0.7573242 0.005859375 0.7236328 0.03320312 0.7573242 0.005859375 0.7573242 0.03320312 0.7573242 0.03320312 0.7573242 0.005859375 0.7827149 0.03320312 0.7827149 0.03320312 0.7573242 0.005859375 0.7827149 0.005859375 0.7827149 0.03320312 0.7827149 0.005859375 0.8017578 0.005859375 0.2612305 0.005859375 0.2388916 0.03320312 0.2388916 0.005859375 0.2388916 0.005859375 0.2388916 0.03320312 0.22229 0.005859375 0.22229 0.005859375 0.2388916 0.03320312 0.22229 0.03320312 0.22229 0.005859375 0.22229 0.03320312 0.1829833 0.005859375 0.09942626 0.04589837 0.09942626 0.03320312 0.1295166 0.04589837 0.1295166 0.04589837 0.09942626 0.03320312 0.1295166 0.03320312 0.1295166 0.04589837 0.1295166 0.03320312 0.1549072 0.03320312 0.1295166 0.04589837 0.1549072 0.03320312 0.1549072 0.04589837 0.1549072 0.04589837 0.1549072 0.03320312 0.1829833 0.03320312 0.1549072 0.04589837 0.1829833 0.03320312 0.1829833 0.04589837 0.1829833 0.04589837 0.1829833 0.03320312 0.22229 0.04589837 0.6782227 0.04589837 0.6489258 0.04589837 0.6782227 0.03320312 0.6782227 0.03320312 0.6489258 0.04589837 0.6489258 0.03320312 0.6489258 0.03320312 0.6489258 0.04589837 0.6147461 0.04589837 0.6489258 0.03320312 0.6147461 0.04589837 0.6147461 0.03320312 0.6147461 0.03320312 0.6147461 0.04589837 0.5844727 0.04589837 0.4526367 0.03320312 0.4204102 0.005859375 0.4526367 0.005859375 0.4526367 0.03320312 0.4526367 0.005859375 0.4890137 0.03320312 0.4890137 0.03320312 0.4526367 0.005859375 0.4890137 0.005859375 0.4890137 0.03320312 0.4890137 0.005859375 0.5195313 0.005859375 0.4890137 0.03320312 0.5195313 0.005859375 0.5195313 0.03320312 0.5195313 0.03320312 0.5195313 0.005859375 0.5522461 0.03320312 0.5522461 0.03320312 0.5195313 0.005859375 0.5522461 0.005859375 0.5522461 0.03320312 0.5522461 0.005859375 0.5844727 0.005859375 0.5522461 0.03320312 0.5844727 0.005859375 0.5844727 0.03320312 0.5844727 0.03320312 0.5844727 0.005859375 0.6147461 0.005859375 0.2612305 0.04589837 0.2388916 0.04589837 0.2612305 0.03320312 0.2612305 0.04589837 0.2612305 0.03320312 0.284668 0.04589837 0.284668 0.04589837 0.2612305 0.03320312 0.284668 0.03320312 0.284668 0.04589837 0.284668 0.03320312 0.3105469 0.04589837 0.3105469 0.04589837 0.284668 0.03320312 0.3105469 0.03320312 0.3105469 0.04589837 0.3105469 0.03320312 0.3527832 0.04589837 0.3527832 0.04589837 0.3105469 0.03320312 0.3527832 0.03320312 0.3527832 0.04589837 0.3527832 0.03320312 0.4204102 0.04589837 0.4204102 0.04589837 0.3527832 0.03320312 0.4204102 0.03320312 0.4204102 0.04589837 0.4204102 0.03320312 0.4526367 0.04589837 0.4560547 0.1328125 0.4792481 0.1411132 0.4719238 0.1665039 0.4560547 0.1328125 0.4719238 0.1665039 0.4440918 0.1601562 0.4440918 0.1601562 0.4719238 0.1665039 0.4680176 0.1899414 0.4440918 0.1601562 0.4680176 0.1899414 0.4377442 0.1865234 0.4377442 0.1865234 0.4680176 0.1899414 0.4667969 0.2128906 0.4377442 0.1865234 0.4667969 0.2128906 0.4355469 0.2124023 0.4355469 0.2124023 0.4667969 0.2128906 0.4370117 0.2368164 0.4370117 0.2368164 0.4072266 0.2705078 0.3994141 0.2421875 0.4370117 0.2368164 0.3994141 0.2421875 0.4355469 0.2124023 0.4355469 0.2124023 0.3994141 0.2421875 0.3972168 0.211914 0.4355469 0.2124023 0.3972168 0.211914 0.4008789 0.180664 0.4355469 0.2124023 0.4008789 0.180664 0.4377442 0.1865234 0.4377442 0.1865234 0.4008789 0.180664 0.411377 0.1489257 0.4377442 0.1865234 0.411377 0.1489257 0.4440918 0.1601562 0.4440918 0.1601562 0.411377 0.1489257 0.4306641 0.1191406 0.4440918 0.1601562 0.4306641 0.1191406 0.4560547 0.1328125 0.4560547 0.1328125 0.4306641 0.1191406 0.4787598 0.09375 0.4560547 0.1328125 0.4787598 0.09375 0.5004883 0.1132812 0.4560547 0.1328125 0.5004883 0.1132812 0.4792481 0.1411132 0.4792481 0.1411132 0.5004883 0.1132812 0.5009766 0.1450195 0.4792481 0.1411132 0.5009766 0.1450195 0.4719238 0.1665039 0.4719238 0.1665039 0.5009766 0.1450195 0.496582 0.1694335 0.4719238 0.1665039 0.496582 0.1694335 0.4943848 0.1918945 0.4719238 0.1665039 0.4943848 0.1918945 0.4680176 0.1899414 0.4680176 0.1899414 0.4943848 0.1918945 0.4938965 0.2124023 0.4680176 0.1899414 0.4938965 0.2124023 0.4667969 0.2128906 0.4667969 0.2128906 0.4938965 0.2124023 0.4677734 0.2338867 0.4667969 0.2128906 0.4677734 0.2338867 0.4370117 0.2368164 0.4370117 0.2368164 0.4677734 0.2338867 0.4416504 0.2607422 0.4370117 0.2368164 0.4416504 0.2607422 0.4072266 0.2705078 0.4677734 0.2338867 0.4938965 0.2124023 0.4943848 0.2319335 0.4416504 0.2607422 0.4677734 0.2338867 0.470459 0.2553711 0.470459 0.2553711 0.4677734 0.2338867 0.4943848 0.2319335 0.470459 0.2553711 0.4943848 0.2319335 0.4958496 0.2519531 0.4506836 0.2856445 0.4870606 0.3056641 0.4702149 0.3154297 0.4506836 0.2856445 0.4702149 0.3154297 0.4230957 0.2998047 0.4230957 0.2998047 0.4702149 0.3154297 0.4511719 0.3291016 0.4230957 0.2998047 0.4511719 0.3291016 0.4003906 0.3154297 0.4003906 0.3154297 0.4511719 0.3291016 0.4326172 0.3505859 0.4326172 0.3505859 0.4511719 0.3291016 0.4758301 0.3642578 0.4758301 0.3642578 0.4511719 0.3291016 0.4907227 0.3378906 0.4758301 0.3642578 0.4907227 0.3378906 0.5415039 0.3652344 0.5415039 0.3652344 0.4907227 0.3378906 0.5146484 0.3261719 0.5415039 0.3652344 0.5146484 0.3261719 0.5415039 0.3256836 0.5415039 0.3256836 0.5146484 0.3261719 0.5239258 0.2998047 0.5415039 0.3256836 0.5239258 0.2998047 0.5415039 0.3022461 0.5415039 0.3022461 0.5239258 0.2998047 0.5205078 0.2724609 0.5415039 0.3022461 0.5205078 0.2724609 0.5415039 0.2744141 0.5415039 0.2744141 0.5205078 0.2724609 0.519043 0.2504883 0.5415039 0.2744141 0.519043 0.2504883 0.5415039 0.25 0.5415039 0.25 0.519043 0.2504883 0.5185547 0.230957 0.5415039 0.25 0.5185547 0.230957 0.5415039 0.230957 0.5415039 0.230957 0.5185547 0.230957 0.5180664 0.211914 0.5415039 0.230957 0.5180664 0.211914 0.5415039 0.2109375 0.5415039 0.2109375 0.5180664 0.211914 0.5185547 0.1918945 0.5415039 0.2109375 0.5185547 0.1918945 0.5415039 0.1899414 0.5415039 0.1899414 0.5185547 0.1918945 0.5415039 0.1708984 0.5415039 0.1708984 0.5185547 0.1918945 0.5195313 0.1708984 0.5415039 0.1708984 0.5195313 0.1708984 0.5415039 0.1455078 0.5415039 0.1455078 0.5195313 0.1708984 0.5214844 0.1464843 0.5415039 0.1455078 0.5214844 0.1464843 0.5410156 0.1186523 0.5410156 0.1186523 0.5214844 0.1464843 0.5200195 0.1196289 0.5410156 0.1186523 0.5200195 0.1196289 0.5410156 0.09667968 0.5410156 0.09667968 0.5200195 0.1196289 0.5317383 0.08789062 0.5410156 0.09667968 0.5317383 0.08789062 0.5395508 0.07470703 0.5395508 0.07470703 0.5317383 0.08789062 0.5307617 0.07861328 0.5395508 0.07470703 0.5307617 0.07861328 0.5410156 0.06591796 0.5410156 0.06591796 0.5307617 0.07861328 0.5268555 0.06933593 0.5410156 0.06591796 0.5268555 0.06933593 0.4899902 0.06152337 0.4899902 0.06152337 0.5268555 0.06933593 0.4787598 0.09375 0.4899902 0.06152337 0.4787598 0.09375 0.4467774 0.07226562 0.4467774 0.07226562 0.4787598 0.09375 0.4306641 0.1191406 0.4467774 0.07226562 0.4306641 0.1191406 0.4030762 0.09765625 0.4030762 0.09765625 0.4306641 0.1191406 0.411377 0.1489257 0.4030762 0.09765625 0.411377 0.1489257 0.3720703 0.130371 0.3720703 0.130371 0.411377 0.1489257 0.4008789 0.180664 0.3720703 0.130371 0.4008789 0.180664 0.3537598 0.1694335 0.3537598 0.1694335 0.4008789 0.180664 0.3972168 0.211914 0.3537598 0.1694335 0.3972168 0.211914 0.347168 0.2109375 0.347168 0.2109375 0.3972168 0.211914 0.3505859 0.2504883 0.3505859 0.2504883 0.3972168 0.211914 0.3994141 0.2421875 0.3505859 0.2504883 0.3994141 0.2421875 0.3642578 0.2875977 0.3642578 0.2875977 0.3994141 0.2421875 0.4072266 0.2705078 0.3642578 0.2875977 0.4072266 0.2705078 0.4230957 0.2998047 0.4230957 0.2998047 0.4072266 0.2705078 0.4506836 0.2856445 0.4506836 0.2856445 0.4072266 0.2705078 0.4416504 0.2607422 0.4506836 0.2856445 0.4416504 0.2607422 0.4760742 0.2783203 0.4760742 0.2783203 0.4416504 0.2607422 0.470459 0.2553711 0.4760742 0.2783203 0.470459 0.2553711 0.4990234 0.2739258 0.4990234 0.2739258 0.470459 0.2553711 0.4958496 0.2519531 0.4990234 0.2739258 0.4958496 0.2519531 0.5205078 0.2724609 0.5205078 0.2724609 0.4958496 0.2519531 0.519043 0.2504883 0.519043 0.2504883 0.4958496 0.2519531 0.4943848 0.2319335 0.519043 0.2504883 0.4943848 0.2319335 0.5185547 0.230957 0.5185547 0.230957 0.4943848 0.2319335 0.4938965 0.2124023 0.5185547 0.230957 0.4938965 0.2124023 0.5180664 0.211914 0.5180664 0.211914 0.4938965 0.2124023 0.4943848 0.1918945 0.5180664 0.211914 0.4943848 0.1918945 0.5185547 0.1918945 0.5185547 0.1918945 0.4943848 0.1918945 0.496582 0.1694335 0.5185547 0.1918945 0.496582 0.1694335 0.5195313 0.1708984 0.5195313 0.1708984 0.496582 0.1694335 0.5009766 0.1450195 0.5195313 0.1708984 0.5009766 0.1450195 0.5214844 0.1464843 0.5214844 0.1464843 0.5009766 0.1450195 0.5200195 0.1196289 0.5200195 0.1196289 0.5009766 0.1450195 0.5004883 0.1132812 0.5200195 0.1196289 0.5004883 0.1132812 0.5317383 0.08789062 0.5317383 0.08789062 0.5004883 0.1132812 0.5307617 0.07861328 0.5307617 0.07861328 0.5004883 0.1132812 0.4787598 0.09375 0.5307617 0.07861328 0.4787598 0.09375 0.5268555 0.06933593 0.4003906 0.3154297 0.3642578 0.2875977 0.4230957 0.2998047 0.5410156 0.09667968 0.5395508 0.07470703 0.5410156 0.06591796 0.5053711 0.3012695 0.5239258 0.2998047 0.5146484 0.3261719 0.5053711 0.3012695 0.5146484 0.3261719 0.4870606 0.3056641 0.4870606 0.3056641 0.5146484 0.3261719 0.4907227 0.3378906 0.4870606 0.3056641 0.4907227 0.3378906 0.4702149 0.3154297 0.4702149 0.3154297 0.4907227 0.3378906 0.4511719 0.3291016 0.4870606 0.3056641 0.4506836 0.2856445 0.4760742 0.2783203 0.4870606 0.3056641 0.4760742 0.2783203 0.5053711 0.3012695 0.5053711 0.3012695 0.4760742 0.2783203 0.4990234 0.2739258 0.5053711 0.3012695 0.4990234 0.2739258 0.5239258 0.2998047 0.5239258 0.2998047 0.4990234 0.2739258 0.5205078 0.2724609 0.1752929 0.3979492 0.15625 0.4477539 0.1862792 0.4389649 0.1752929 0.3979492 0.1862792 0.4389649 0.2133789 0.4301758 0.1752929 0.3979492 0.2133789 0.4301758 0.1995849 0.3842774 0.1995849 0.3842774 0.2133789 0.4301758 0.2283935 0.3637695 0.2283935 0.3637695 0.2133789 0.4301758 0.2312011 0.4233399 0.01235955 0.4121094 0.01235955 0.4628906 0.05880737 0.4599609 0.05880737 0.4599609 0.01235955 0.4628906 0.05615234 0.4775391 0.05880737 0.4599609 0.05615234 0.4775391 0.1203613 0.4697266 0.05880737 0.4599609 0.1203613 0.4697266 0.1203002 0.4550781 0.1203002 0.4550781 0.1203613 0.4697266 0.1533203 0.4609375 0.1203002 0.4550781 0.1533203 0.4609375 0.15625 0.4477539 0.15625 0.4477539 0.1533203 0.4609375 0.1843261 0.4506836 0.15625 0.4477539 0.1843261 0.4506836 0.1862792 0.4389649 0.1862792 0.4389649 0.1843261 0.4506836 0.2113037 0.4404297 0.1862792 0.4389649 0.2113037 0.4404297 0.2133789 0.4301758 0.2133789 0.4301758 0.2113037 0.4404297 0.2313232 0.4301758 0.2133789 0.4301758 0.2313232 0.4301758 0.2312011 0.4233399 0.2312011 0.4233399 0.2313232 0.4301758 0.2585449 0.4130859 0.2312011 0.4233399 0.2585449 0.4130859 0.2283935 0.3637695 0.2283935 0.3637695 0.2585449 0.4130859 0.2854004 0.3564453 0.2283935 0.3637695 0.2854004 0.3564453 0.2229003 0.3134766 0.2229003 0.3134766 0.2854004 0.3564453 0.2849121 0.3007813 0.2229003 0.3134766 0.2849121 0.3007813 0.2081298 0.2626953 0.2081298 0.2626953 0.2849121 0.3007813 0.2624512 0.2368164 0.2081298 0.2626953 0.2624512 0.2368164 0.1757812 0.1977539 0.1757812 0.1977539 0.2624512 0.2368164 0.2120361 0.17041 0.1757812 0.1977539 0.2120361 0.17041 0.1395263 0.1347656 0.1395263 0.1347656 0.2120361 0.17041 0.140625 0.09667968 0.1395263 0.1347656 0.140625 0.09667968 0.09631347 0.08886718 0.1395263 0.1347656 0.09631347 0.08886718 0.09149169 0.1040039 0.09149169 0.1040039 0.09631347 0.08886718 0.01235955 0.08154296 0.09149169 0.1040039 0.01235955 0.08154296 0.07531738 0.1254882 0.07531738 0.1254882 0.01235955 0.08154296 0.04800415 0.1386718 0.07531738 0.1254882 0.04800415 0.1386718 0.065979 0.1826171 0.065979 0.1826171 0.04800415 0.1386718 0.01235955 0.140625 0.065979 0.1826171 0.01235955 0.140625 0.01235955 0.1791992 0.065979 0.1826171 0.01235955 0.1791992 0.05334466 0.2265625 0.05334466 0.2265625 0.01235955 0.1791992 0.01235955 0.2211914 0.05334466 0.2265625 0.01235955 0.2211914 0.01235955 0.2763672 0.05334466 0.2265625 0.01235955 0.2763672 0.0516662 0.2866211 0.0516662 0.2866211 0.01235955 0.2763672 0.05288696 0.3095703 0.0516662 0.2866211 0.05288696 0.3095703 0.09539794 0.309082 0.09539794 0.309082 0.05288696 0.3095703 0.05380249 0.3295899 0.09539794 0.309082 0.05380249 0.3295899 0.08575439 0.3295899 0.08575439 0.3295899 0.05380249 0.3295899 0.08526611 0.3515625 0.08575439 0.3295899 0.08526611 0.3515625 0.1519775 0.3442383 0.1519775 0.3442383 0.08526611 0.3515625 0.0895996 0.3720703 0.1519775 0.3442383 0.0895996 0.3720703 0.100769 0.3876953 0.100769 0.3876953 0.0895996 0.3720703 0.05615234 0.3725586 0.100769 0.3876953 0.05615234 0.3725586 0.05670166 0.4174805 0.05670166 0.4174805 0.05615234 0.3725586 0.01235955 0.3666992 0.05670166 0.4174805 0.01235955 0.3666992 0.01235955 0.4121094 0.05670166 0.4174805 0.01235955 0.4121094 0.05880737 0.4599609 0.05670166 0.4174805 0.05880737 0.4599609 0.1203002 0.4550781 0.05670166 0.4174805 0.1203002 0.4550781 0.1162719 0.4150391 0.1162719 0.4150391 0.1203002 0.4550781 0.15625 0.4477539 0.1162719 0.4150391 0.15625 0.4477539 0.1463623 0.4038086 0.1463623 0.4038086 0.15625 0.4477539 0.1752929 0.3979492 0.1463623 0.4038086 0.1752929 0.3979492 0.1519775 0.3442383 0.1519775 0.3442383 0.1752929 0.3979492 0.1995849 0.3842774 0.1519775 0.3442383 0.1995849 0.3842774 0.2154541 0.3623047 0.2154541 0.3623047 0.1995849 0.3842774 0.2283935 0.3637695 0.2154541 0.3623047 0.2283935 0.3637695 0.2189941 0.3398438 0.2189941 0.3398438 0.2283935 0.3637695 0.2229003 0.3134766 0.2189941 0.3398438 0.2229003 0.3134766 0.2127684 0.315918 0.2127684 0.315918 0.2229003 0.3134766 0.1926269 0.2949219 0.2127684 0.315918 0.1926269 0.2949219 0.1519775 0.3442383 0.1519775 0.3442383 0.1926269 0.2949219 0.1628417 0.284668 0.1519775 0.3442383 0.1628417 0.284668 0.1335449 0.2856445 0.1335449 0.2856445 0.1628417 0.284668 0.1356201 0.2128906 0.1335449 0.2856445 0.1356201 0.2128906 0.09527587 0.224121 0.09527587 0.224121 0.1356201 0.2128906 0.1097412 0.1660156 0.09527587 0.224121 0.1097412 0.1660156 0.065979 0.1826171 0.065979 0.1826171 0.1097412 0.1660156 0.07531738 0.1254882 0.07531738 0.1254882 0.1097412 0.1660156 0.1395263 0.1347656 0.07531738 0.1254882 0.1395263 0.1347656 0.09149169 0.1040039 0.05615234 0.3725586 0.0895996 0.3720703 0.08526611 0.3515625 0.05615234 0.3725586 0.08526611 0.3515625 0.05380249 0.3295899 0.0516662 0.2866211 0.09527587 0.224121 0.05334466 0.2265625 0.05334466 0.2265625 0.09527587 0.224121 0.065979 0.1826171 0.1395263 0.1347656 0.1097412 0.1660156 0.1757812 0.1977539 0.1757812 0.1977539 0.1097412 0.1660156 0.1356201 0.2128906 0.1757812 0.1977539 0.1356201 0.2128906 0.2081298 0.2626953 0.2081298 0.2626953 0.1356201 0.2128906 0.1628417 0.284668 0.2081298 0.2626953 0.1628417 0.284668 0.1926269 0.2949219 0.2081298 0.2626953 0.1926269 0.2949219 0.2229003 0.3134766 0.2154541 0.3623047 0.2189941 0.3398438 0.1519775 0.3442383 0.1519775 0.3442383 0.2189941 0.3398438 0.2127684 0.315918 0.01235955 0.140625 0.04800415 0.1386718 0.01235955 0.08154296 0.01235955 0.4814453 0.05615234 0.4775391 0.01235955 0.4628906 0.100769 0.3876953 0.1154785 0.3964844 0.1519775 0.3442383 0.1519775 0.3442383 0.1154785 0.3964844 0.1463623 0.4038086 0.1463623 0.4038086 0.1154785 0.3964844 0.1162719 0.4150391 0.1162719 0.4150391 0.1154785 0.3964844 0.100769 0.3876953 0.1162719 0.4150391 0.100769 0.3876953 0.05670166 0.4174805 0.01235955 0.3666992 0.05615234 0.3725586 0.01235955 0.3198242 0.01235955 0.3198242 0.05615234 0.3725586 0.05380249 0.3295899 0.01235955 0.3198242 0.05380249 0.3295899 0.05288696 0.3095703 0.01235955 0.3198242 0.05288696 0.3095703 0.01235955 0.2763672 0.08575439 0.3295899 0.1519775 0.3442383 0.09539794 0.309082 0.09539794 0.309082 0.1519775 0.3442383 0.1095581 0.2939453 0.09539794 0.309082 0.1095581 0.2939453 0.0516662 0.2866211 0.0516662 0.2866211 0.1095581 0.2939453 0.1062011 0.2836914 0.0516662 0.2866211 0.1062011 0.2836914 0.09527587 0.224121 0.09527587 0.224121 0.1062011 0.2836914 0.1335449 0.2856445 0.1335449 0.2856445 0.1062011 0.2836914 0.1095581 0.2939453 0.1335449 0.2856445 0.1095581 0.2939453 0.1519775 0.3442383 0.2854004 0.3564453 0.2585449 0.4130859 0.2836914 0.4121094 0.2836914 0.4121094 0.2585449 0.4130859 0.2330322 0.4472656 0.2836914 0.4121094 0.2330322 0.4472656 0.2729492 0.4697266 0.2729492 0.4697266 0.2330322 0.4472656 0.2148437 0.4648438 0.2729492 0.4697266 0.2148437 0.4648438 0.2436523 0.559082 0.2436523 0.559082 0.2148437 0.4648438 0.2165527 0.5246582 0.2436523 0.559082 0.2165527 0.5246582 0.1975097 0.5957031 0.2148437 0.4648438 0.1794432 0.487793 0.2165527 0.5246582 0.2330322 0.4472656 0.2585449 0.4130859 0.2229003 0.4418945 0.2330322 0.4472656 0.2229003 0.4418945 0.2148437 0.4648438 0.2148437 0.4648438 0.2229003 0.4418945 0.2008056 0.4589844 0.2148437 0.4648438 0.2008056 0.4589844 0.1794432 0.487793 0.1794432 0.487793 0.2008056 0.4589844 0.1680908 0.4765625 0.1794432 0.487793 0.1680908 0.4765625 0.1428222 0.501709 0.1428222 0.501709 0.1680908 0.4765625 0.1369628 0.4892578 0.1428222 0.501709 0.1369628 0.4892578 0.1035766 0.5161133 0.1035766 0.5161133 0.1369628 0.4892578 0.1019897 0.5004883 0.1035766 0.5161133 0.1019897 0.5004883 0.06054687 0.5085449 0.1035766 0.5161133 0.06054687 0.5085449 0.0586242 0.5236817 0.0586242 0.5236817 0.06054687 0.5085449 0.01235955 0.5112305 0.0586242 0.5236817 0.01235955 0.5112305 0.01235955 0.5285645 0.0586242 0.5236817 0.01235955 0.5285645 0.05624383 0.5461426 0.05624383 0.5461426 0.01235955 0.5285645 0.01701349 0.5500488 0.05624383 0.5461426 0.01701349 0.5500488 0.02766418 0.5915527 0.05624383 0.5461426 0.02766418 0.5915527 0.09295654 0.576416 0.09295654 0.576416 0.02766418 0.5915527 0.03482049 0.6105957 0.09295654 0.576416 0.03482049 0.6105957 0.09399414 0.6037598 0.09399414 0.6037598 0.03482049 0.6105957 0.07513427 0.7163086 0.09399414 0.6037598 0.07513427 0.7163086 0.139038 0.6257324 0.139038 0.6257324 0.07513427 0.7163086 0.178955 0.6679688 0.139038 0.6257324 0.178955 0.6679688 0.1975097 0.5957031 0.1975097 0.5957031 0.178955 0.6679688 0.2259521 0.6430664 0.1975097 0.5957031 0.2259521 0.6430664 0.2436523 0.559082 0.2436523 0.559082 0.2259521 0.6430664 0.2766113 0.5839844 0.2436523 0.559082 0.2766113 0.5839844 0.2729492 0.4697266 0.2729492 0.4697266 0.2766113 0.5839844 0.3300781 0.480957 0.2729492 0.4697266 0.3300781 0.480957 0.2836914 0.4121094 0.2836914 0.4121094 0.3300781 0.480957 0.3457031 0.4194336 0.2836914 0.4121094 0.3457031 0.4194336 0.2854004 0.3564453 0.2854004 0.3564453 0.3457031 0.4194336 0.3308106 0.3520508 0.2854004 0.3564453 0.3308106 0.3520508 0.3256836 0.2836914 0.2854004 0.3564453 0.3256836 0.2836914 0.2849121 0.3007813 0.2849121 0.3007813 0.3256836 0.2836914 0.2624512 0.2368164 0.2624512 0.2368164 0.3256836 0.2836914 0.2917481 0.2060546 0.2624512 0.2368164 0.2917481 0.2060546 0.2120361 0.17041 0.2120361 0.17041 0.2917481 0.2060546 0.2214355 0.1435546 0.2120361 0.17041 0.2214355 0.1435546 0.140625 0.09667968 0.09295654 0.576416 0.09399414 0.6037598 0.139038 0.6257324 0.09295654 0.576416 0.139038 0.6257324 0.1392822 0.5610352 0.1392822 0.5610352 0.139038 0.6257324 0.1975097 0.5957031 0.1392822 0.5610352 0.1975097 0.5957031 0.1739501 0.543457 0.1739501 0.543457 0.1975097 0.5957031 0.2165527 0.5246582 0.1739501 0.543457 0.2165527 0.5246582 0.1445312 0.5219727 0.1445312 0.5219727 0.2165527 0.5246582 0.1794432 0.487793 0.1445312 0.5219727 0.1794432 0.487793 0.1428222 0.501709 0.1445312 0.5219727 0.1428222 0.501709 0.1035766 0.5161133 0.1445312 0.5219727 0.1035766 0.5161133 0.09997558 0.5368652 0.09997558 0.5368652 0.1035766 0.5161133 0.0586242 0.5236817 0.09997558 0.5368652 0.0586242 0.5236817 0.05624383 0.5461426 0.09997558 0.5368652 0.05624383 0.5461426 0.09295654 0.576416 0.09997558 0.5368652 0.09295654 0.576416 0.1392822 0.5610352 0.09997558 0.5368652 0.1392822 0.5610352 0.1445312 0.5219727 0.1445312 0.5219727 0.1392822 0.5610352 0.1739501 0.543457 0.7871094 0.5026856 0.7871094 0.4736328 0.7905274 0.4736328 0.302002 0.1005859 0.3041992 0.08691406 0.28125 0.09863281 0.302002 0.1005859 0.28125 0.09863281 0.2851563 0.1103515 0.302002 0.1005859 0.2851563 0.1103515 0.300293 0.1113281 0.300293 0.1113281 0.2851563 0.1103515 0.2922363 0.1230468 0.3684082 0.09570312 0.3737793 0.07373046 0.3085938 0.07373046 0.3684082 0.09570312 0.3085938 0.07373046 0.3041992 0.08691406 0.3041992 0.08691406 0.3085938 0.07373046 0.2773438 0.08496093 0.3041992 0.08691406 0.2773438 0.08496093 0.28125 0.09863281 0.28125 0.09863281 0.2773438 0.08496093 0.2325439 0.1108398 0.28125 0.09863281 0.2325439 0.1108398 0.2442626 0.1245117 0.28125 0.09863281 0.2442626 0.1245117 0.2851563 0.1103515 0.2851563 0.1103515 0.2442626 0.1245117 0.2578125 0.1347656 0.2851563 0.1103515 0.2578125 0.1347656 0.2744141 0.1416015 0.2851563 0.1103515 0.2744141 0.1416015 0.2856445 0.1420898 0.2851563 0.1103515 0.2856445 0.1420898 0.2922363 0.1230468 0.2922363 0.1230468 0.2856445 0.1420898 0.3027344 0.1425781 0.2922363 0.1230468 0.3027344 0.1425781 0.300293 0.1113281 0.300293 0.1113281 0.3027344 0.1425781 0.3134766 0.1401367 0.300293 0.1113281 0.3134766 0.1401367 0.3217774 0.1381835 0.300293 0.1113281 0.3217774 0.1381835 0.3300781 0.1367187 0.300293 0.1113281 0.3300781 0.1367187 0.3447266 0.1264648 0.300293 0.1113281 0.3447266 0.1264648 0.302002 0.1005859 0.302002 0.1005859 0.3447266 0.1264648 0.3569336 0.1152343 0.302002 0.1005859 0.3569336 0.1152343 0.3041992 0.08691406 0.3041992 0.08691406 0.3569336 0.1152343 0.3684082 0.09570312 0.3085938 0.07373046 0.2736817 0.07373046 0.2773438 0.08496093 0.2773438 0.08496093 0.2736817 0.07373046 0.2230224 0.09375 0.2773438 0.08496093 0.2230224 0.09375 0.2325439 0.1108398 0.2230224 0.09375 0.2736817 0.07373046 0.217285 0.07373046 0.9267578 0.4750977 0.9223633 0.4750977 0.9223633 0.5322266 0.9267578 0.4750977 0.9223633 0.5322266 0.9267578 0.5324707 0.9267578 0.5324707 0.9223633 0.5322266 0.9223633 0.5563965 0.9267578 0.5324707 0.9223633 0.5563965 0.9267578 0.5563965 0.9267578 0.5563965 0.9223633 0.5563965 0.9223633 0.5847168 0.9267578 0.5563965 0.9223633 0.5847168 0.9267578 0.5847168 0.9267578 0.5847168 0.9223633 0.5847168 0.9223633 0.5949707 0.9223633 0.4355469 0.9223633 0.4750977 0.9267578 0.4355469 0.9267578 0.4355469 0.9223633 0.4750977 0.9267578 0.4750977 0.9267578 0.4355469 0.9267578 0.4750977 0.9316406 0.4750977 0.9316406 0.4750977 0.9267578 0.4750977 0.9267578 0.5324707 0.9316406 0.4750977 0.9267578 0.5324707 0.9316406 0.5327149 0.9316406 0.5327149 0.9267578 0.5324707 0.9316406 0.5566406 0.9316406 0.5566406 0.9267578 0.5324707 0.9267578 0.5563965 0.9316406 0.5566406 0.9267578 0.5563965 0.9316406 0.5900879 0.9316406 0.5900879 0.9267578 0.5563965 0.9267578 0.5847168 0.9316406 0.5900879 0.9267578 0.5847168 0.9272461 0.5952149 0.9272461 0.5952149 0.9267578 0.5847168 0.9223633 0.5949707 0.9272461 0.5952149 0.9223633 0.5949707 0.9262695 0.6096192 0.9272461 0.5952149 0.9262695 0.6096192 0.9316406 0.5900879 0.9316406 0.4750977 0.9316406 0.4355469 0.9267578 0.4355469 0.8378906 0.4736328 0.8398438 0.5014649 0.8413086 0.4736328 0.9750977 0.3364258 0.9750977 0.3364258 0.9399414 0.2700195 0.9750977 0.3364258 0.9399414 0.2700195 0.9399414 0.3364258 0.9399414 0.3364258 0.9399414 0.2700195 0.9072266 0.3364258 0.9072266 0.3364258 0.9399414 0.2700195 0.9072266 0.3364258 0.6225586 0.503418 0.6176758 0.4736328 0.6196289 0.4736328 0.9399414 0.3364258 0.9072266 0.3364258 0.9399414 0.2700195 0.9399414 0.3364258 0.9399414 0.2700195 0.9750977 0.3364258 0.9750977 0.3364258 0.9750977 0.3364258 0.9399414 0.2700195 0.9750977 0.3364258 0.9399414 0.2700195 0.9399414 0.3364258 0.9399414 0.3364258 0.9399414 0.2700195 0.9072266 0.3364258 0.9072266 0.3364258 0.9399414 0.2700195 0.9072266 0.3364258 0.6196289 0.4736328 0.6176758 0.4736328 0.6142578 0.503418 0.9399414 0.3364258 0.9072266 0.3364258 0.9399414 0.2700195 0.9399414 0.3364258 0.9399414 0.2700195 0.9750977 0.3364258 0.9750977 0.3364258 0.9750977 0.3364258 0.9399414 0.2700195 0.9750977 0.3364258 0.9399414 0.2700195 0.9399414 0.3364258 0.9399414 0.3364258 0.9399414 0.2700195 0.9072266 0.3364258 0.9072266 0.3364258 0.9399414 0.2700195 0.9072266 0.3364258 0.6206055 0.4736328 0.6186524 0.4736328 0.6152344 0.5 0.9399414 0.3364258 0.9072266 0.3364258 0.9399414 0.2700195 0.9399414 0.3364258 0.9399414 0.2700195 0.9750977 0.3364258 0.9399414 0.2700195 0.9750977 0.3364258 0.9399414 0.3364258 0.9399414 0.2700195 0.9399414 0.3364258 0.9072266 0.3364258 0.9399414 0.3364258 0.9072266 0.3364258 0.9399414 0.2700195 0.9399414 0.3364258 0.9399414 0.2700195 0.9750977 0.3364258 0.9399414 0.3364258 0.9072266 0.3364258 0.9399414 0.2700195 0.9399414 0.3364258 0.9399414 0.2700195 0.9750977 0.3364258 0.9399414 0.3364258 0.9072266 0.3364258 0.9399414 0.2700195 0.9399414 0.3364258 0.9399414 0.2700195 0.9750977 0.3364258 0.9399414 0.2700195 0.9750977 0.3364258 0.9399414 0.3364258 0.9399414 0.2700195 0.9399414 0.3364258 0.9072266 0.3364258 0.9399414 0.3364258 0.9072266 0.3364258 0.9399414 0.2700195 0.9399414 0.3364258 0.9399414 0.2700195 0.9750977 0.3364258 0.9750977 0.3364258 0.9750977 0.3364258 0.9399414 0.2700195 0.9750977 0.3364258 0.9399414 0.2700195 0.9399414 0.3364258 0.9399414 0.3364258 0.9399414 0.2700195 0.9072266 0.3364258 0.9072266 0.3364258 0.9399414 0.2700195 0.9072266 0.3364258 0.387207 0.4355469 0.387207 0.4750977 0.4008789 0.4355469 0.9399414 0.3364258 0.9072266 0.3364258 0.9399414 0.2700195 0.9399414 0.3364258 0.9399414 0.2700195 0.9750977 0.3364258 0.9399414 0.2700195 0.9750977 0.3364258 0.9399414 0.3364258 0.9399414 0.2700195 0.9399414 0.3364258 0.9072266 0.3364258 0.9399414 0.3364258 0.9072266 0.3364258 0.9399414 0.2700195 0.9399414 0.3364258 0.9399414 0.2700195 0.9750977 0.3364258 0.9750977 0.3364258 0.9750977 0.3364258 0.9399414 0.2700195 0.9750977 0.3364258 0.9399414 0.2700195 0.9399414 0.3364258 0.9399414 0.3364258 0.9399414 0.2700195 0.9072266 0.3364258 0.9072266 0.3364258 0.9399414 0.2700195 0.9072266 0.3364258 0.5698242 0.3056641 0.5512695 0.3876953 0.5615234 0.3876953 0.9399414 0.3364258 0.9072266 0.3364258 0.9399414 0.2700195 0.9399414 0.3364258 0.9399414 0.2700195 0.9750977 0.3364258 0.9750977 0.3364258 0.9750977 0.3364258 0.9399414 0.2700195 0.9750977 0.3364258 0.9399414 0.2700195 0.9399414 0.3364258 0.9399414 0.3364258 0.9399414 0.2700195 0.9072266 0.3364258 0.9072266 0.3364258 0.9399414 0.2700195 0.9072266 0.3364258 0.4902344 0.4355469 0.4643555 0.4355469 0.4902344 0.4750977 0.9399414 0.3364258 0.9072266 0.3364258 0.9399414 0.2700195 0.9399414 0.3364258 0.9399414 0.2700195 0.9750977 0.3364258 0.9750977 0.3364258 0.9750977 0.3364258 0.9399414 0.2700195 0.9750977 0.3364258 0.9399414 0.2700195 0.9399414 0.3364258 0.9399414 0.3364258 0.9399414 0.2700195 0.9072266 0.3364258 0.9072266 0.3364258 0.9399414 0.2700195 0.9072266 0.3364258 0.9072266 0.3364258 0.9072266 0.3364258 0.9399414 0.2700195 0.9399414 0.2700195 0.9072266 0.3364258 0.9399414 0.3364258 0.9399414 0.2700195 0.9399414 0.3364258 0.9750977 0.3364258 0.9399414 0.2700195 0.9750977 0.3364258 0.9750977 0.3364258 0.9399414 0.3364258 0.9072266 0.3364258 0.9399414 0.2700195 0.9399414 0.3364258 0.9399414 0.2700195 0.9750977 0.3364258 0.9750977 0.3364258 0.9750977 0.3364258 0.9399414 0.2700195 0.9750977 0.3364258 0.9399414 0.2700195 0.9399414 0.3364258 0.9399414 0.3364258 0.9399414 0.2700195 0.9072266 0.3364258 0.9072266 0.3364258 0.9399414 0.2700195 0.9072266 0.3364258 0.9750977 0.3364258 0.9750977 0.3364258 0.9399414 0.2700195 0.9072266 0.3364258 0.9072266 0.3364258 0.9399414 0.2700195 0.9399414 0.2700195 0.9072266 0.3364258 0.9399414 0.3364258 0.9399414 0.2700195 0.9399414 0.3364258 0.9750977 0.3364258 0.9008789 0.8300781 0.9047852 0.8483887 0.9008789 0.8270264 0.9399414 0.3364258 0.9072266 0.3364258 0.9399414 0.2700195 0.9399414 0.3364258 0.9399414 0.2700195 0.9750977 0.3364258 0.9750977 0.3364258 0.9750977 0.3364258 0.9399414 0.2700195 0.9750977 0.3364258 0.9399414 0.2700195 0.9399414 0.3364258 0.9399414 0.3364258 0.9399414 0.2700195 0.9072266 0.3364258 0.9072266 0.3364258 0.9399414 0.2700195 0.9072266 0.3364258 0.7373047 0.9396057 0.7519531 0.9396057 0.7373047 0.9682922 0.7373047 0.9682922 0.7519531 0.9396057 0.7519531 0.9682922 0.7519531 0.9682922 0.7519531 0.9396057 0.7763672 0.9415283 0.7763672 0.9415283 0.7519531 0.9396057 0.7519531 0.9223023 0.7519531 0.9223023 0.7519531 0.9396057 0.7373047 0.9223023 0.7373047 0.9223023 0.7519531 0.9396057 0.7373047 0.9396057 0.7373047 0.9223023 0.7373047 0.9396057 0.690918 0.9223023 0.690918 0.9223023 0.7373047 0.9396057 0.690918 0.9396057 0.690918 0.9396057 0.7373047 0.9396057 0.7373047 0.9682922 0.690918 0.9396057 0.7373047 0.9682922 0.690918 0.9682922 0.9399414 0.3364258 0.9072266 0.3364258 0.9399414 0.2700195 0.9399414 0.3364258 0.9399414 0.2700195 0.9750977 0.3364258 0.9750977 0.3364258 0.9750977 0.3364258 0.9399414 0.2700195 0.9750977 0.3364258 0.9399414 0.2700195 0.9399414 0.3364258 0.9399414 0.3364258 0.9399414 0.2700195 0.9072266 0.3364258 0.9072266 0.3364258 0.9399414 0.2700195 0.9072266 0.3364258 0.753418 0.4736328 0.7666016 0.5021973 0.7675781 0.4736328 0.9399414 0.3364258 0.9072266 0.3364258 0.9399414 0.2700195 0.9399414 0.3364258 0.9399414 0.2700195 0.9750977 0.3364258 0.7426758 0.7791748 0.6987305 0.7741699 0.6796875 0.7805176 0.7426758 0.7791748 0.6796875 0.7805176 0.6987305 0.7835693 0.6987305 0.7835693 0.6796875 0.7805176 0.6796875 0.8079834 0.6796875 0.8079834 0.6796875 0.7805176 0.6503906 0.8033447 0.6796875 0.8079834 0.6503906 0.8033447 0.6796875 0.8334961 0.6796875 0.8334961 0.6503906 0.8033447 0.6523438 0.8544922 0.6796875 0.8334961 0.6523438 0.8544922 0.6821289 0.857666 0.6821289 0.857666 0.6523438 0.8544922 0.6811524 0.8883057 0.6821289 0.857666 0.6811524 0.8883057 0.6987305 0.8867798 0.6821289 0.857666 0.6987305 0.8867798 0.7001953 0.857666 0.7001953 0.857666 0.6987305 0.8867798 0.7788086 0.8867798 0.7001953 0.857666 0.6796875 0.8334961 0.6821289 0.857666 0.6796875 0.7805176 0.6503906 0.7529297 0.6503906 0.8033447 0.6523438 0.8544922 0.6411133 0.8945923 0.6811524 0.8883057 0.6796875 0.8334961 0.6987305 0.8079834 0.6796875 0.8079834 0.6796875 0.8079834 0.6987305 0.8079834 0.6987305 0.7835693 0.6987305 0.7835693 0.6987305 0.8079834 0.7788086 0.7835693 0.7788086 0.7835693 0.6987305 0.8079834 0.7788086 0.8126221 0.8120117 0.84375 0.8310547 0.8664551 0.8310547 0.8438721 0.8310547 0.8438721 0.8310547 0.8664551 0.8457031 0.8664551 0.8457031 0.8664551 0.8310547 0.8664551 0.8310547 0.8867798 0.8310547 0.8867798 0.8310547 0.8664551 0.8120117 0.8664551 0.8310547 0.8867798 0.8120117 0.8664551 0.8120117 0.8867798 0.8120117 0.8867798 0.8120117 0.8664551 0.7788086 0.8867798 0.7788086 0.8867798 0.8120117 0.8664551 0.7788086 0.8664551 0.7788086 0.8867798 0.7788086 0.8664551 0.7001953 0.857666 0.7001953 0.857666 0.7788086 0.8664551 0.7788086 0.8435059 0.7001953 0.857666 0.7788086 0.8435059 0.6987305 0.8377686 0.7001953 0.857666 0.6987305 0.8377686 0.6796875 0.8334961 0.6796875 0.8334961 0.6987305 0.8377686 0.7426758 0.8397217 0.6796875 0.8334961 0.7426758 0.8397217 0.6987305 0.8293457 0.6796875 0.8334961 0.6987305 0.8293457 0.6987305 0.8079834 0.6987305 0.8079834 0.6987305 0.8293457 0.7788086 0.8300781 0.6987305 0.8079834 0.7788086 0.8300781 0.7788086 0.8126221 0.7788086 0.8126221 0.7788086 0.8300781 0.8071289 0.8070068 0.7788086 0.8126221 0.8071289 0.8070068 0.7788086 0.7835693 0.7788086 0.7835693 0.8071289 0.8070068 0.8076172 0.7835693 0.8076172 0.7835693 0.8071289 0.8070068 0.8310547 0.8070068 0.8076172 0.7835693 0.8310547 0.8070068 0.8310547 0.7835693 0.8310547 0.7835693 0.8310547 0.8070068 0.8457031 0.8077393 0.8457031 0.8077393 0.8310547 0.8070068 0.8310547 0.8300781 0.8310547 0.8300781 0.8310547 0.8070068 0.8071289 0.8070068 0.8310547 0.8300781 0.8071289 0.8070068 0.8081055 0.8300781 0.8081055 0.8300781 0.8071289 0.8070068 0.7788086 0.8300781 0.8310547 0.8664551 0.8120117 0.84375 0.8120117 0.8664551 0.8120117 0.8664551 0.8120117 0.84375 0.7788086 0.8435059 0.8120117 0.8664551 0.7788086 0.8435059 0.7788086 0.8664551 0.7788086 0.7277832 0.8061524 0.7510986 0.8061524 0.7277832 0.8061524 0.7277832 0.8061524 0.7510986 0.8310547 0.7510986 0.8061524 0.7277832 0.8310547 0.7510986 0.8310547 0.7277832 0.8310547 0.7277832 0.8310547 0.7510986 0.8457031 0.7510986 0.8457031 0.7510986 0.8310547 0.7510986 0.8310547 0.7741699 0.8310547 0.7741699 0.8310547 0.7510986 0.8066406 0.7741699 0.8066406 0.7741699 0.8310547 0.7510986 0.8061524 0.7510986 0.8066406 0.7741699 0.8061524 0.7510986 0.7788086 0.7741699 0.7788086 0.7741699 0.8061524 0.7510986 0.7788086 0.7510986 0.7788086 0.7741699 0.7788086 0.7510986 0.6987305 0.7741699 0.6987305 0.7741699 0.7788086 0.7510986 0.6987305 0.7510986 0.6987305 0.7741699 0.6987305 0.7510986 0.6796875 0.7805176 0.6796875 0.7805176 0.6987305 0.7510986 0.6796875 0.7510986 0.6796875 0.7805176 0.6796875 0.7510986 0.6503906 0.7529297 0.6503906 0.7529297 0.6796875 0.7510986 0.6796875 0.7241211 0.6503906 0.7529297 0.6796875 0.7241211 0.6533203 0.7180176 0.6533203 0.7180176 0.6796875 0.7241211 0.6796875 0.7131348 0.6533203 0.7180176 0.6796875 0.7131348 0.6669922 0.6611328 0.6669922 0.6611328 0.6796875 0.7131348 0.6987305 0.7116699 0.6669922 0.6611328 0.6987305 0.7116699 0.7070313 0.6616211 0.7070313 0.6616211 0.6987305 0.7116699 0.7719727 0.6616211 0.7719727 0.6616211 0.6987305 0.7116699 0.7719727 0.689209 0.7719727 0.6616211 0.7719727 0.689209 0.7895508 0.689209 0.7895508 0.689209 0.7719727 0.689209 0.7719727 0.7175293 0.7895508 0.689209 0.7719727 0.7175293 0.7910156 0.7175293 0.7895508 0.689209 0.7910156 0.7175293 0.8115234 0.6879883 0.8115234 0.6879883 0.7910156 0.7175293 0.8115234 0.7175293 0.8115234 0.6879883 0.8115234 0.7175293 0.8417969 0.6887207 0.8115234 0.6879883 0.8417969 0.6887207 0.8115234 0.6616211 0.8115234 0.6879883 0.8115234 0.6616211 0.7895508 0.689209 0.7895508 0.689209 0.8115234 0.6616211 0.7910156 0.6616211 0.7895508 0.689209 0.7910156 0.6616211 0.7719727 0.6616211 0.6796875 0.7241211 0.6987305 0.7116699 0.6796875 0.7131348 0.6796875 0.7510986 0.6987305 0.7510986 0.6796875 0.7241211 0.7719727 0.7175293 0.7719727 0.689209 0.6987305 0.7175293 0.6987305 0.7175293 0.7719727 0.689209 0.6987305 0.7116699 0.6987305 0.7175293 0.6987305 0.7116699 0.6796875 0.7241211 0.6987305 0.7175293 0.6796875 0.7241211 0.7426758 0.7226563 0.7426758 0.7226563 0.6796875 0.7241211 0.6987305 0.7277832 0.6987305 0.7277832 0.6796875 0.7241211 0.6987305 0.7510986 0.6987305 0.7277832 0.6987305 0.7510986 0.7788086 0.7277832 0.7788086 0.7277832 0.6987305 0.7510986 0.7788086 0.7510986 0.7788086 0.7277832 0.7788086 0.7510986 0.8061524 0.7510986 0.3649902 0.4355469 0.3820801 0.4750977 0.3820801 0.4355469 0.9428711 0.5947266 0.9511719 0.6096192 0.9589844 0.5947266 0.9428711 0.5947266 0.9589844 0.5947266 0.9428711 0.5888672 0.9428711 0.5888672 0.9589844 0.5947266 0.9589844 0.5888672 0.9428711 0.5888672 0.9589844 0.5888672 0.9428711 0.5493164 0.9428711 0.5493164 0.9589844 0.5888672 0.9589844 0.5490723 0.9428711 0.5493164 0.9589844 0.5490723 0.9589844 0.5100098 0.9428711 0.5493164 0.9589844 0.5100098 0.9428711 0.5100098 0.9428711 0.5100098 0.9589844 0.5100098 0.9428711 0.4750977 0.9428711 0.4750977 0.9589844 0.5100098 0.9589844 0.4750977 0.9428711 0.4750977 0.9589844 0.4750977 0.9589844 0.4355469 0.9428711 0.4750977 0.9589844 0.4355469 0.9428711 0.4355469 0.9428711 0.4750977 0.9428711 0.4355469 0.9350586 0.4355469 0.3271484 0.7282715 0.310791 0.6835938 0.2839356 0.7282715 0.3271484 0.7282715 0.2839356 0.7282715 0.3010254 0.75354 0.3010254 0.75354 0.2839356 0.7282715 0.2836914 0.755127 0.3010254 0.75354 0.2836914 0.755127 0.3115234 0.7818604 0.3115234 0.7818604 0.2836914 0.755127 0.255127 0.7818604 0.255127 0.7818604 0.2836914 0.755127 0.2490234 0.755127 0.2490234 0.755127 0.2836914 0.755127 0.2839356 0.7282715 0.2490234 0.755127 0.2839356 0.7282715 0.2412109 0.7282715 0.2412109 0.7282715 0.2839356 0.7282715 0.2607422 0.6835938 0.2607422 0.6835938 0.2839356 0.7282715 0.2858887 0.6835938 0.2607422 0.6835938 0.2858887 0.6835938 0.2875977 0.638916 0.2875977 0.638916 0.2858887 0.6835938 0.310791 0.6835938 0.310791 0.6835938 0.2858887 0.6835938 0.2839356 0.7282715 0.4345703 0.6096192 0.4399414 0.5952149 0.4367676 0.5952149 0.4367676 0.5952149 0.4399414 0.5952149 0.4399414 0.5844727 0.4367676 0.5952149 0.4399414 0.5844727 0.4367676 0.5844727 0.4367676 0.5844727 0.4399414 0.5844727 0.4399414 0.5678711 0.4367676 0.5844727 0.4399414 0.5678711 0.4367676 0.5678711 0.4367676 0.5678711 0.4399414 0.5678711 0.4343262 0.5466309 0.4343262 0.5466309 0.4399414 0.5678711 0.4399414 0.5466309 0.4343262 0.5466309 0.4399414 0.5466309 0.4343262 0.503418 0.4343262 0.503418 0.4399414 0.5466309 0.4399414 0.503418 0.4343262 0.503418 0.4399414 0.503418 0.4343262 0.4736328 0.4343262 0.4736328 0.4399414 0.503418 0.4399414 0.4736328 0.4343262 0.4736328 0.4399414 0.4736328 0.4389649 0.4331055 0.4389649 0.4331055 0.4399414 0.4736328 0.4418945 0.4335938 0.4389649 0.4331055 0.4418945 0.4335938 0.4440918 0.3876953 0.300293 0.1113281 0.2922363 0.1230468 0.2851563 0.1103515 0.300293 0.1113281 0.2851563 0.1103515 0.302002 0.1005859 0.302002 0.1005859 0.2851563 0.1103515 0.28125 0.09863281 0.302002 0.1005859 0.28125 0.09863281 0.3041992 0.08691406 0.3041992 0.08691406 0.28125 0.09863281 0.2773438 0.08496093 0.3041992 0.08691406 0.2773438 0.08496093 0.3085938 0.07373046 0.3085938 0.07373046 0.2773438 0.08496093 0.2736817 0.07373046 0.3085938 0.07373046 0.3737793 0.07373046 0.3684082 0.09570312 0.3085938 0.07373046 0.3684082 0.09570312 0.3041992 0.08691406 0.3041992 0.08691406 0.3684082 0.09570312 0.3569336 0.1152343 0.3041992 0.08691406 0.3569336 0.1152343 0.302002 0.1005859 0.302002 0.1005859 0.3569336 0.1152343 0.3447266 0.1264648 0.302002 0.1005859 0.3447266 0.1264648 0.300293 0.1113281 0.300293 0.1113281 0.3447266 0.1264648 0.3300781 0.1367187 0.300293 0.1113281 0.3300781 0.1367187 0.3217774 0.1381835 0.300293 0.1113281 0.3217774 0.1381835 0.3134766 0.1401367 0.300293 0.1113281 0.3134766 0.1401367 0.3027344 0.1425781 0.300293 0.1113281 0.3027344 0.1425781 0.2922363 0.1230468 0.2922363 0.1230468 0.3027344 0.1425781 0.2856445 0.1420898 0.2922363 0.1230468 0.2856445 0.1420898 0.2851563 0.1103515 0.2851563 0.1103515 0.2856445 0.1420898 0.2744141 0.1416015 0.2851563 0.1103515 0.2744141 0.1416015 0.2578125 0.1347656 0.2851563 0.1103515 0.2578125 0.1347656 0.2442626 0.1245117 0.2851563 0.1103515 0.2442626 0.1245117 0.28125 0.09863281 0.28125 0.09863281 0.2442626 0.1245117 0.2325439 0.1108398 0.28125 0.09863281 0.2325439 0.1108398 0.2773438 0.08496093 0.2773438 0.08496093 0.2325439 0.1108398 0.2230224 0.09375 0.2773438 0.08496093 0.2230224 0.09375 0.2736817 0.07373046 0.2736817 0.07373046 0.2230224 0.09375 0.217285 0.07373046 0.4958496 0.2519531 0.5205078 0.2724609 0.519043 0.2504883 0.4958496 0.2519531 0.519043 0.2504883 0.4943848 0.2319335 0.4943848 0.2319335 0.519043 0.2504883 0.5185547 0.230957 0.4943848 0.2319335 0.5185547 0.230957 0.4938965 0.2124023 0.4938965 0.2124023 0.5185547 0.230957 0.5180664 0.211914 0.4938965 0.2124023 0.5180664 0.211914 0.4943848 0.1918945 0.4943848 0.1918945 0.5180664 0.211914 0.5185547 0.1918945 0.4943848 0.1918945 0.5185547 0.1918945 0.496582 0.1694335 0.496582 0.1694335 0.5185547 0.1918945 0.5195313 0.1708984 0.496582 0.1694335 0.5195313 0.1708984 0.5009766 0.1450195 0.5009766 0.1450195 0.5195313 0.1708984 0.5214844 0.1464843 0.5009766 0.1450195 0.5214844 0.1464843 0.5200195 0.1196289 0.5009766 0.1450195 0.5200195 0.1196289 0.5004883 0.1132812 0.5004883 0.1132812 0.5200195 0.1196289 0.5317383 0.08789062 0.5004883 0.1132812 0.5317383 0.08789062 0.5307617 0.07861328 0.5004883 0.1132812 0.5307617 0.07861328 0.4787598 0.09375 0.5004883 0.1132812 0.4787598 0.09375 0.4560547 0.1328125 0.4560547 0.1328125 0.4787598 0.09375 0.4306641 0.1191406 0.4560547 0.1328125 0.4306641 0.1191406 0.4440918 0.1601562 0.4440918 0.1601562 0.4306641 0.1191406 0.411377 0.1489257 0.4440918 0.1601562 0.411377 0.1489257 0.4377442 0.1865234 0.4377442 0.1865234 0.411377 0.1489257 0.4008789 0.180664 0.4377442 0.1865234 0.4008789 0.180664 0.4355469 0.2124023 0.4377442 0.1865234 0.4355469 0.2124023 0.4667969 0.2128906 0.4667969 0.2128906 0.4355469 0.2124023 0.4370117 0.2368164 0.4667969 0.2128906 0.4370117 0.2368164 0.4677734 0.2338867 0.4677734 0.2338867 0.4370117 0.2368164 0.4416504 0.2607422 0.4677734 0.2338867 0.4416504 0.2607422 0.470459 0.2553711 0.470459 0.2553711 0.4416504 0.2607422 0.4760742 0.2783203 0.470459 0.2553711 0.4760742 0.2783203 0.4990234 0.2739258 0.4990234 0.2739258 0.4760742 0.2783203 0.5053711 0.3012695 0.4990234 0.2739258 0.5053711 0.3012695 0.5239258 0.2998047 0.5239258 0.2998047 0.5053711 0.3012695 0.5146484 0.3261719 0.5146484 0.3261719 0.5053711 0.3012695 0.4870606 0.3056641 0.5146484 0.3261719 0.4870606 0.3056641 0.4907227 0.3378906 0.4907227 0.3378906 0.4870606 0.3056641 0.4702149 0.3154297 0.4907227 0.3378906 0.4702149 0.3154297 0.4511719 0.3291016 0.4511719 0.3291016 0.4702149 0.3154297 0.4230957 0.2998047 0.4230957 0.2998047 0.4702149 0.3154297 0.4506836 0.2856445 0.4230957 0.2998047 0.4506836 0.2856445 0.4072266 0.2705078 0.4702149 0.3154297 0.4870606 0.3056641 0.4506836 0.2856445 0.4787598 0.09375 0.5307617 0.07861328 0.5268555 0.06933593 0.5239258 0.2998047 0.5205078 0.2724609 0.4990234 0.2739258 0.4990234 0.2739258 0.5205078 0.2724609 0.4958496 0.2519531 0.4990234 0.2739258 0.4958496 0.2519531 0.470459 0.2553711 0.470459 0.2553711 0.4958496 0.2519531 0.4943848 0.2319335 0.470459 0.2553711 0.4943848 0.2319335 0.4677734 0.2338867 0.4677734 0.2338867 0.4943848 0.2319335 0.4938965 0.2124023 0.4677734 0.2338867 0.4938965 0.2124023 0.4667969 0.2128906 0.4667969 0.2128906 0.4938965 0.2124023 0.4680176 0.1899414 0.4667969 0.2128906 0.4680176 0.1899414 0.4377442 0.1865234 0.4377442 0.1865234 0.4680176 0.1899414 0.4440918 0.1601562 0.4440918 0.1601562 0.4680176 0.1899414 0.4719238 0.1665039 0.4440918 0.1601562 0.4719238 0.1665039 0.4560547 0.1328125 0.4560547 0.1328125 0.4719238 0.1665039 0.4792481 0.1411132 0.4560547 0.1328125 0.4792481 0.1411132 0.5004883 0.1132812 0.5004883 0.1132812 0.4792481 0.1411132 0.5009766 0.1450195 0.5009766 0.1450195 0.4792481 0.1411132 0.4719238 0.1665039 0.5009766 0.1450195 0.4719238 0.1665039 0.496582 0.1694335 0.496582 0.1694335 0.4719238 0.1665039 0.4943848 0.1918945 0.4943848 0.1918945 0.4719238 0.1665039 0.4680176 0.1899414 0.4943848 0.1918945 0.4680176 0.1899414 0.4938965 0.2124023 0.4870606 0.3056641 0.5053711 0.3012695 0.4760742 0.2783203 0.4870606 0.3056641 0.4760742 0.2783203 0.4506836 0.2856445 0.4506836 0.2856445 0.4760742 0.2783203 0.4416504 0.2607422 0.4506836 0.2856445 0.4416504 0.2607422 0.4072266 0.2705078 0.4072266 0.2705078 0.4416504 0.2607422 0.4370117 0.2368164 0.4072266 0.2705078 0.4370117 0.2368164 0.3994141 0.2421875 0.3994141 0.2421875 0.4370117 0.2368164 0.4355469 0.2124023 0.3994141 0.2421875 0.4355469 0.2124023 0.3972168 0.211914 0.3972168 0.211914 0.4355469 0.2124023 0.4008789 0.180664 0.3972168 0.211914 0.4008789 0.180664 0.3537598 0.1694335 0.3537598 0.1694335 0.4008789 0.180664 0.3720703 0.130371 0.3720703 0.130371 0.4008789 0.180664 0.411377 0.1489257 0.3720703 0.130371 0.411377 0.1489257 0.4030762 0.09765625 0.4030762 0.09765625 0.411377 0.1489257 0.4306641 0.1191406 0.4030762 0.09765625 0.4306641 0.1191406 0.4467774 0.07226562 0.4467774 0.07226562 0.4306641 0.1191406 0.4787598 0.09375 0.4467774 0.07226562 0.4787598 0.09375 0.4899902 0.06152337 0.4899902 0.06152337 0.4787598 0.09375 0.5268555 0.06933593 0.4899902 0.06152337 0.5268555 0.06933593 0.5410156 0.06591796 0.5410156 0.06591796 0.5268555 0.06933593 0.5307617 0.07861328 0.5410156 0.06591796 0.5307617 0.07861328 0.5395508 0.07470703 0.5395508 0.07470703 0.5307617 0.07861328 0.5317383 0.08789062 0.5395508 0.07470703 0.5317383 0.08789062 0.5410156 0.09667968 0.5410156 0.09667968 0.5317383 0.08789062 0.5200195 0.1196289 0.5410156 0.09667968 0.5200195 0.1196289 0.5410156 0.1186523 0.5410156 0.1186523 0.5200195 0.1196289 0.5214844 0.1464843 0.5410156 0.1186523 0.5214844 0.1464843 0.5415039 0.1455078 0.5415039 0.1455078 0.5214844 0.1464843 0.5195313 0.1708984 0.5415039 0.1455078 0.5195313 0.1708984 0.5415039 0.1708984 0.5415039 0.1708984 0.5195313 0.1708984 0.5185547 0.1918945 0.5415039 0.1708984 0.5185547 0.1918945 0.5415039 0.1899414 0.5415039 0.1899414 0.5185547 0.1918945 0.5415039 0.2109375 0.5415039 0.2109375 0.5185547 0.1918945 0.5180664 0.211914 0.5415039 0.2109375 0.5180664 0.211914 0.5415039 0.230957 0.5415039 0.230957 0.5180664 0.211914 0.5185547 0.230957 0.5415039 0.230957 0.5185547 0.230957 0.5415039 0.25 0.5415039 0.25 0.5185547 0.230957 0.519043 0.2504883 0.5415039 0.25 0.519043 0.2504883 0.5415039 0.2744141 0.5415039 0.2744141 0.519043 0.2504883 0.5205078 0.2724609 0.5415039 0.2744141 0.5205078 0.2724609 0.5415039 0.3022461 0.5415039 0.3022461 0.5205078 0.2724609 0.5239258 0.2998047 0.5415039 0.3022461 0.5239258 0.2998047 0.5415039 0.3256836 0.5415039 0.3256836 0.5239258 0.2998047 0.5146484 0.3261719 0.5415039 0.3256836 0.5146484 0.3261719 0.5415039 0.3652344 0.5415039 0.3652344 0.5146484 0.3261719 0.4907227 0.3378906 0.5415039 0.3652344 0.4907227 0.3378906 0.4758301 0.3642578 0.4758301 0.3642578 0.4907227 0.3378906 0.4511719 0.3291016 0.4758301 0.3642578 0.4511719 0.3291016 0.4326172 0.3505859 0.4326172 0.3505859 0.4511719 0.3291016 0.4003906 0.3154297 0.4003906 0.3154297 0.4511719 0.3291016 0.4230957 0.2998047 0.4003906 0.3154297 0.4230957 0.2998047 0.3642578 0.2875977 0.3642578 0.2875977 0.4230957 0.2998047 0.4072266 0.2705078 0.3642578 0.2875977 0.4072266 0.2705078 0.3994141 0.2421875 0.3642578 0.2875977 0.3994141 0.2421875 0.3505859 0.2504883 0.3505859 0.2504883 0.3994141 0.2421875 0.3972168 0.211914 0.3505859 0.2504883 0.3972168 0.211914 0.347168 0.2109375 0.347168 0.2109375 0.3972168 0.211914 0.3537598 0.1694335 0.5395508 0.07470703 0.5410156 0.09667968 0.5410156 0.06591796 0.7373047 0.9682922 0.690918 0.9396057 0.690918 0.9682922 0.7519531 0.9682922 0.7519531 0.9396057 0.7373047 0.9682922 0.7373047 0.9682922 0.7519531 0.9396057 0.7373047 0.9396057 0.7373047 0.9682922 0.7373047 0.9396057 0.690918 0.9396057 0.690918 0.9396057 0.7373047 0.9396057 0.690918 0.9223023 0.690918 0.9223023 0.7373047 0.9396057 0.7373047 0.9223023 0.7373047 0.9223023 0.7373047 0.9396057 0.7519531 0.9396057 0.7373047 0.9223023 0.7519531 0.9396057 0.7519531 0.9223023 0.7519531 0.9223023 0.7519531 0.9396057 0.7763672 0.9415283 0.7763672 0.9415283 0.7519531 0.9396057 0.7519531 0.9682922 0.3271484 0.7282715 0.2839356 0.7282715 0.310791 0.6835938 0.310791 0.6835938 0.2839356 0.7282715 0.2858887 0.6835938 0.310791 0.6835938 0.2858887 0.6835938 0.2875977 0.638916 0.2875977 0.638916 0.2858887 0.6835938 0.2607422 0.6835938 0.2607422 0.6835938 0.2858887 0.6835938 0.2839356 0.7282715 0.2607422 0.6835938 0.2839356 0.7282715 0.2412109 0.7282715 0.2412109 0.7282715 0.2839356 0.7282715 0.2490234 0.755127 0.2490234 0.755127 0.2839356 0.7282715 0.2836914 0.755127 0.2490234 0.755127 0.2836914 0.755127 0.255127 0.7818604 0.255127 0.7818604 0.2836914 0.755127 0.3115234 0.7818604 0.3115234 0.7818604 0.2836914 0.755127 0.3010254 0.75354 0.3010254 0.75354 0.2836914 0.755127 0.2839356 0.7282715 0.3010254 0.75354 0.2839356 0.7282715 0.3271484 0.7282715 0.4370117 0.5944824 0.4511719 0.583252 0.4370117 0.583252 0.4370117 0.583252 0.4511719 0.583252 0.4511719 0.5546875 0.4370117 0.583252 0.4511719 0.5546875 0.4370117 0.5546875 0.4370117 0.5546875 0.4511719 0.5546875 0.4511719 0.515625 0.4370117 0.5546875 0.4511719 0.515625 0.4370117 0.515625 0.4370117 0.515625 0.4511719 0.515625 0.4523926 0.4814453 0.4370117 0.515625 0.4523926 0.4814453 0.4370117 0.4814453 0.4370117 0.4814453 0.4523926 0.4814453 0.4499512 0.4355469 0.4370117 0.4814453 0.4499512 0.4355469 0.4370117 0.4355469 0.3271484 0.7282715 0.2839356 0.7282715 0.3010254 0.75354 0.3010254 0.75354 0.2839356 0.7282715 0.2836914 0.755127 0.3010254 0.75354 0.2836914 0.755127 0.3115234 0.7818604 0.3115234 0.7818604 0.2836914 0.755127 0.255127 0.7818604 0.255127 0.7818604 0.2836914 0.755127 0.2490234 0.755127 0.2490234 0.755127 0.2836914 0.755127 0.2839356 0.7282715 0.2490234 0.755127 0.2839356 0.7282715 0.2412109 0.7282715 0.2412109 0.7282715 0.2839356 0.7282715 0.2607422 0.6835938 0.2607422 0.6835938 0.2839356 0.7282715 0.2858887 0.6835938 0.2607422 0.6835938 0.2858887 0.6835938 0.2875977 0.638916 0.2875977 0.638916 0.2858887 0.6835938 0.310791 0.6835938 0.310791 0.6835938 0.2858887 0.6835938 0.2839356 0.7282715 0.310791 0.6835938 0.2839356 0.7282715 0.3271484 0.7282715 0.5395508 0.4736328 0.5253906 0.4736328 0.5395508 0.503418 0.5395508 0.503418 0.5253906 0.4736328 0.5253906 0.503418 0.5395508 0.503418 0.5253906 0.503418 0.5253906 0.5466309 0.5395508 0.503418 0.5253906 0.5466309 0.5395508 0.5466309 0.5395508 0.5466309 0.5253906 0.5466309 0.5253906 0.5646973 0.5395508 0.5466309 0.5253906 0.5646973 0.5395508 0.5646973 0.5395508 0.5646973 0.5253906 0.5646973 0.5253906 0.5898438 0.5395508 0.5646973 0.5253906 0.5898438 0.5395508 0.5842285 0.5395508 0.5842285 0.5253906 0.5898438 0.5395508 0.5952149 0.5395508 0.5952149 0.5253906 0.5898438 0.5336914 0.6096192 0.6005859 0.4736328 0.5854492 0.4736328 0.5996094 0.503418 0.5996094 0.503418 0.5854492 0.4736328 0.5898438 0.503418 0.5996094 0.503418 0.5898438 0.503418 0.5996094 0.5466309 0.5996094 0.5466309 0.5898438 0.503418 0.5898438 0.5466309 0.5996094 0.5466309 0.5898438 0.5466309 0.5996094 0.5646973 0.5996094 0.5646973 0.5898438 0.5466309 0.5898438 0.5646973 0.5996094 0.5646973 0.5898438 0.5646973 0.5996094 0.5898438 0.5996094 0.5898438 0.5898438 0.5646973 0.5898438 0.5898438 0.5996094 0.5898438 0.5898438 0.5898438 0.5913086 0.6101074 0.3010254 0.75354 0.3115234 0.7818604 0.2836914 0.755127 0.2836914 0.755127 0.3115234 0.7818604 0.255127 0.7818604 0.2836914 0.755127 0.255127 0.7818604 0.2490234 0.755127 0.2836914 0.755127 0.2490234 0.755127 0.2839356 0.7282715 0.2839356 0.7282715 0.2490234 0.755127 0.2412109 0.7282715 0.2839356 0.7282715 0.2412109 0.7282715 0.2607422 0.6835938 0.2839356 0.7282715 0.2607422 0.6835938 0.2858887 0.6835938 0.2858887 0.6835938 0.2607422 0.6835938 0.2875977 0.638916 0.2858887 0.6835938 0.2875977 0.638916 0.310791 0.6835938 0.2858887 0.6835938 0.310791 0.6835938 0.2839356 0.7282715 0.2839356 0.7282715 0.310791 0.6835938 0.3271484 0.7282715 0.2839356 0.7282715 0.3271484 0.7282715 0.3010254 0.75354 0.2839356 0.7282715 0.3010254 0.75354 0.2836914 0.755127 0.3740234 0.6135254 0.3820801 0.5944824 0.3649902 0.5944824 0.3649902 0.5944824 0.3820801 0.5944824 0.3820801 0.5822754 0.3649902 0.5944824 0.3820801 0.5822754 0.3649902 0.5822754 0.3649902 0.5822754 0.3820801 0.5822754 0.3820801 0.5593262 0.3649902 0.5822754 0.3820801 0.5593262 0.3649902 0.5593262 0.3649902 0.5593262 0.3820801 0.5593262 0.3820801 0.5327149 0.3649902 0.5593262 0.3820801 0.5327149 0.3649902 0.5327149 0.3649902 0.5327149 0.3820801 0.5327149 0.3820801 0.4750977 0.3649902 0.5327149 0.3820801 0.4750977 0.3649902 0.4750977 0.3649902 0.4750977 0.3820801 0.4750977 0.3649902 0.4355469 0.9072266 0.3364258 0.9072266 0.3364258 0.9399414 0.2700195 0.9399414 0.2700195 0.9072266 0.3364258 0.9399414 0.3364258 0.9399414 0.2700195 0.9399414 0.3364258 0.9750977 0.3364258 0.9399414 0.2700195 0.9750977 0.3364258 0.9750977 0.3364258 0.3271484 0.7282715 0.2839356 0.7282715 0.3010254 0.75354 0.3010254 0.75354 0.2839356 0.7282715 0.2836914 0.755127 0.3010254 0.75354 0.2836914 0.755127 0.3115234 0.7818604 0.3115234 0.7818604 0.2836914 0.755127 0.255127 0.7818604 0.255127 0.7818604 0.2836914 0.755127 0.2490234 0.755127 0.2490234 0.755127 0.2836914 0.755127 0.2839356 0.7282715 0.2490234 0.755127 0.2839356 0.7282715 0.2412109 0.7282715 0.2412109 0.7282715 0.2839356 0.7282715 0.2607422 0.6835938 0.2607422 0.6835938 0.2839356 0.7282715 0.2858887 0.6835938 0.2607422 0.6835938 0.2858887 0.6835938 0.2875977 0.638916 0.2875977 0.638916 0.2858887 0.6835938 0.310791 0.6835938 0.310791 0.6835938 0.2858887 0.6835938 0.2839356 0.7282715 0.310791 0.6835938 0.2839356 0.7282715 0.3271484 0.7282715 0.9072266 0.3364258 0.9072266 0.3364258 0.9399414 0.2700195 0.9399414 0.2700195 0.9072266 0.3364258 0.9399414 0.3364258 0.9399414 0.2700195 0.9399414 0.3364258 0.9750977 0.3364258 0.9399414 0.2700195 0.9750977 0.3364258 0.9750977 0.3364258 0.3010254 0.75354 0.3115234 0.7818604 0.2836914 0.755127 0.2836914 0.755127 0.3115234 0.7818604 0.255127 0.7818604 0.2836914 0.755127 0.255127 0.7818604 0.2490234 0.755127 0.2836914 0.755127 0.2490234 0.755127 0.2839356 0.7282715 0.2839356 0.7282715 0.2490234 0.755127 0.2412109 0.7282715 0.2839356 0.7282715 0.2412109 0.7282715 0.2607422 0.6835938 0.2839356 0.7282715 0.2607422 0.6835938 0.2858887 0.6835938 0.2858887 0.6835938 0.2607422 0.6835938 0.2875977 0.638916 0.2858887 0.6835938 0.2875977 0.638916 0.310791 0.6835938 0.2858887 0.6835938 0.310791 0.6835938 0.2839356 0.7282715 0.2839356 0.7282715 0.310791 0.6835938 0.3271484 0.7282715 0.2839356 0.7282715 0.3271484 0.7282715 0.3010254 0.75354 0.2839356 0.7282715 0.3010254 0.75354 0.2836914 0.755127 0.9072266 0.3364258 0.9072266 0.3364258 0.9399414 0.2700195 0.9399414 0.2700195 0.9072266 0.3364258 0.9399414 0.3364258 0.9399414 0.2700195 0.9399414 0.3364258 0.9750977 0.3364258 0.9399414 0.2700195 0.9750977 0.3364258 0.9750977 0.3364258 0.3271484 0.7282715 0.2839356 0.7282715 0.3010254 0.75354 0.3010254 0.75354 0.2839356 0.7282715 0.2836914 0.755127 0.3010254 0.75354 0.2836914 0.755127 0.3115234 0.7818604 0.3115234 0.7818604 0.2836914 0.755127 0.255127 0.7818604 0.255127 0.7818604 0.2836914 0.755127 0.2490234 0.755127 0.2490234 0.755127 0.2836914 0.755127 0.2839356 0.7282715 0.2490234 0.755127 0.2839356 0.7282715 0.2412109 0.7282715 0.2412109 0.7282715 0.2839356 0.7282715 0.2607422 0.6835938 0.2607422 0.6835938 0.2839356 0.7282715 0.2858887 0.6835938 0.2607422 0.6835938 0.2858887 0.6835938 0.2875977 0.638916 0.2875977 0.638916 0.2858887 0.6835938 0.310791 0.6835938 0.310791 0.6835938 0.2858887 0.6835938 0.2839356 0.7282715 0.310791 0.6835938 0.2839356 0.7282715 0.3271484 0.7282715 0.9072266 0.3364258 0.9072266 0.3364258 0.9399414 0.2700195 0.9399414 0.2700195 0.9072266 0.3364258 0.9399414 0.3364258 0.9399414 0.2700195 0.9399414 0.3364258 0.9750977 0.3364258 0.9399414 0.2700195 0.9750977 0.3364258 0.9750977 0.3364258 0.3010254 0.75354 0.3115234 0.7818604 0.2836914 0.755127 0.2836914 0.755127 0.3115234 0.7818604 0.255127 0.7818604 0.2836914 0.755127 0.255127 0.7818604 0.2490234 0.755127 0.2836914 0.755127 0.2490234 0.755127 0.2839356 0.7282715 0.2839356 0.7282715 0.2490234 0.755127 0.2412109 0.7282715 0.2839356 0.7282715 0.2412109 0.7282715 0.2607422 0.6835938 0.2839356 0.7282715 0.2607422 0.6835938 0.2858887 0.6835938 0.2858887 0.6835938 0.2607422 0.6835938 0.2875977 0.638916 0.2858887 0.6835938 0.2875977 0.638916 0.310791 0.6835938 0.2858887 0.6835938 0.310791 0.6835938 0.2839356 0.7282715 0.2839356 0.7282715 0.310791 0.6835938 0.3271484 0.7282715 0.2839356 0.7282715 0.3271484 0.7282715 0.3010254 0.75354 0.2839356 0.7282715 0.3010254 0.75354 0.2836914 0.755127 0.9072266 0.3364258 0.9072266 0.3364258 0.9399414 0.2700195 0.9399414 0.2700195 0.9072266 0.3364258 0.9399414 0.3364258 0.9399414 0.2700195 0.9399414 0.3364258 0.9750977 0.3364258 0.9399414 0.2700195 0.9750977 0.3364258 0.9750977 0.3364258 0.3271484 0.7282715 0.2839356 0.7282715 0.3010254 0.75354 0.3010254 0.75354 0.2839356 0.7282715 0.2836914 0.755127 0.3010254 0.75354 0.2836914 0.755127 0.3115234 0.7818604 0.3115234 0.7818604 0.2836914 0.755127 0.255127 0.7818604 0.255127 0.7818604 0.2836914 0.755127 0.2490234 0.755127 0.2490234 0.755127 0.2836914 0.755127 0.2839356 0.7282715 0.2490234 0.755127 0.2839356 0.7282715 0.2412109 0.7282715 0.2412109 0.7282715 0.2839356 0.7282715 0.2607422 0.6835938 0.2607422 0.6835938 0.2839356 0.7282715 0.2858887 0.6835938 0.2607422 0.6835938 0.2858887 0.6835938 0.2875977 0.638916 0.2875977 0.638916 0.2858887 0.6835938 0.310791 0.6835938 0.310791 0.6835938 0.2858887 0.6835938 0.2839356 0.7282715 0.310791 0.6835938 0.2839356 0.7282715 0.3271484 0.7282715 0.9072266 0.3364258 0.9072266 0.3364258 0.9399414 0.2700195 0.9399414 0.2700195 0.9072266 0.3364258 0.9399414 0.3364258 0.9399414 0.2700195 0.9399414 0.3364258 0.9750977 0.3364258 0.9399414 0.2700195 0.9750977 0.3364258 0.9750977 0.3364258 0.3010254 0.75354 0.3115234 0.7818604 0.2836914 0.755127 0.2836914 0.755127 0.3115234 0.7818604 0.255127 0.7818604 0.2836914 0.755127 0.255127 0.7818604 0.2490234 0.755127 0.2836914 0.755127 0.2490234 0.755127 0.2839356 0.7282715 0.2839356 0.7282715 0.2490234 0.755127 0.2412109 0.7282715 0.2839356 0.7282715 0.2412109 0.7282715 0.2607422 0.6835938 0.2839356 0.7282715 0.2607422 0.6835938 0.2858887 0.6835938 0.2858887 0.6835938 0.2607422 0.6835938 0.2875977 0.638916 0.2858887 0.6835938 0.2875977 0.638916 0.310791 0.6835938 0.2858887 0.6835938 0.310791 0.6835938 0.2839356 0.7282715 0.2839356 0.7282715 0.310791 0.6835938 0.3271484 0.7282715 0.2839356 0.7282715 0.3271484 0.7282715 0.3010254 0.75354 0.2839356 0.7282715 0.3010254 0.75354 0.2836914 0.755127 0.9072266 0.3364258 0.9072266 0.3364258 0.9399414 0.2700195 0.9399414 0.2700195 0.9072266 0.3364258 0.9399414 0.3364258 0.9399414 0.2700195 0.9399414 0.3364258 0.9750977 0.3364258 0.9399414 0.2700195 0.9750977 0.3364258 0.9750977 0.3364258 0.3271484 0.7282715 0.2839356 0.7282715 0.3010254 0.75354 0.3010254 0.75354 0.2839356 0.7282715 0.2836914 0.755127 0.3010254 0.75354 0.2836914 0.755127 0.3115234 0.7818604 0.3115234 0.7818604 0.2836914 0.755127 0.255127 0.7818604 0.255127 0.7818604 0.2836914 0.755127 0.2490234 0.755127 0.2490234 0.755127 0.2836914 0.755127 0.2839356 0.7282715 0.2490234 0.755127 0.2839356 0.7282715 0.2412109 0.7282715 0.2412109 0.7282715 0.2839356 0.7282715 0.2607422 0.6835938 0.2607422 0.6835938 0.2839356 0.7282715 0.2858887 0.6835938 0.2607422 0.6835938 0.2858887 0.6835938 0.2875977 0.638916 0.2875977 0.638916 0.2858887 0.6835938 0.310791 0.6835938 0.310791 0.6835938 0.2858887 0.6835938 0.2839356 0.7282715 0.310791 0.6835938 0.2839356 0.7282715 0.3271484 0.7282715 0.9072266 0.3364258 0.9072266 0.3364258 0.9399414 0.2700195 0.9399414 0.2700195 0.9072266 0.3364258 0.9399414 0.3364258 0.9399414 0.2700195 0.9399414 0.3364258 0.9750977 0.3364258 0.9399414 0.2700195 0.9750977 0.3364258 0.9750977 0.3364258 0.3010254 0.75354 0.3115234 0.7818604 0.2836914 0.755127 0.2836914 0.755127 0.3115234 0.7818604 0.255127 0.7818604 0.2836914 0.755127 0.255127 0.7818604 0.2490234 0.755127 0.2836914 0.755127 0.2490234 0.755127 0.2839356 0.7282715 0.2839356 0.7282715 0.2490234 0.755127 0.2412109 0.7282715 0.2839356 0.7282715 0.2412109 0.7282715 0.2607422 0.6835938 0.2839356 0.7282715 0.2607422 0.6835938 0.2858887 0.6835938 0.2858887 0.6835938 0.2607422 0.6835938 0.2875977 0.638916 0.2858887 0.6835938 0.2875977 0.638916 0.310791 0.6835938 0.2858887 0.6835938 0.310791 0.6835938 0.2839356 0.7282715 0.2839356 0.7282715 0.310791 0.6835938 0.3271484 0.7282715 0.2839356 0.7282715 0.3271484 0.7282715 0.3010254 0.75354 0.2839356 0.7282715 0.3010254 0.75354 0.2836914 0.755127 0.4008789 0.4355469 0.387207 0.4750977 0.4008789 0.4750977 0.4008789 0.4750977 0.387207 0.4750977 0.387207 0.5327149 0.4008789 0.4750977 0.387207 0.5327149 0.4008789 0.5327149 0.4008789 0.5327149 0.387207 0.5327149 0.387207 0.5581055 0.4008789 0.5327149 0.387207 0.5581055 0.4008789 0.5581055 0.4008789 0.5581055 0.387207 0.5581055 0.387207 0.5830078 0.4008789 0.5581055 0.387207 0.5830078 0.4008789 0.5830078 0.4008789 0.5830078 0.387207 0.5830078 0.4008789 0.5944824 0.4008789 0.5944824 0.387207 0.5830078 0.387207 0.5944824 0.4008789 0.5944824 0.387207 0.5944824 0.3896484 0.6135254 0.3271484 0.7282715 0.2839356 0.7282715 0.3010254 0.75354 0.3010254 0.75354 0.2839356 0.7282715 0.2836914 0.755127 0.3010254 0.75354 0.2836914 0.755127 0.3115234 0.7818604 0.3115234 0.7818604 0.2836914 0.755127 0.255127 0.7818604 0.255127 0.7818604 0.2836914 0.755127 0.2490234 0.755127 0.2490234 0.755127 0.2836914 0.755127 0.2839356 0.7282715 0.2490234 0.755127 0.2839356 0.7282715 0.2412109 0.7282715 0.2412109 0.7282715 0.2839356 0.7282715 0.2607422 0.6835938 0.2607422 0.6835938 0.2839356 0.7282715 0.2858887 0.6835938 0.2607422 0.6835938 0.2858887 0.6835938 0.2875977 0.638916 0.2875977 0.638916 0.2858887 0.6835938 0.310791 0.6835938 0.310791 0.6835938 0.2858887 0.6835938 0.2839356 0.7282715 0.310791 0.6835938 0.2839356 0.7282715 0.3271484 0.7282715 0.3010254 0.75354 0.3115234 0.7818604 0.2836914 0.755127 0.2836914 0.755127 0.3115234 0.7818604 0.255127 0.7818604 0.2836914 0.755127 0.255127 0.7818604 0.2490234 0.755127 0.2836914 0.755127 0.2490234 0.755127 0.2839356 0.7282715 0.2839356 0.7282715 0.2490234 0.755127 0.2412109 0.7282715 0.2839356 0.7282715 0.2412109 0.7282715 0.2607422 0.6835938 0.2839356 0.7282715 0.2607422 0.6835938 0.2858887 0.6835938 0.2858887 0.6835938 0.2607422 0.6835938 0.2875977 0.638916 0.2858887 0.6835938 0.2875977 0.638916 0.310791 0.6835938 0.2858887 0.6835938 0.310791 0.6835938 0.2839356 0.7282715 0.2839356 0.7282715 0.310791 0.6835938 0.3271484 0.7282715 0.2839356 0.7282715 0.3271484 0.7282715 0.3010254 0.75354 0.2839356 0.7282715 0.3010254 0.75354 0.2836914 0.755127</float_array>
          <technique_common>
            <accessor source="#chr626_0-mesh-map-0-array" count="8808" stride="2">
              <param name="S" type="float"/>
              <param name="T" type="float"/>
            </accessor>
          </technique_common>
        </source>
        <vertices id="chr626_0-mesh-vertices">
          <input semantic="POSITION" source="#chr626_0-mesh-positions"/>
        </vertices>
        <polylist material="chr626_mat_000-material" count="2936">
          <input semantic="VERTEX" source="#chr626_0-mesh-vertices" offset="0"/>
          <input semantic="NORMAL" source="#chr626_0-mesh-normals" offset="1"/>
          <input semantic="TEXCOORD" source="#chr626_0-mesh-map-0" offset="2" set="0"/>
          <vcount>3 3 3 3 3 3 3 3 3 3 3 3 3 3 3 3 3 3 3 3 3 3 3 3 3 3 3 3 3 3 3 3 3 3 3 3 3 3 3 3 3 3 3 3 3 3 3 3 3 3 3 3 3 3 3 3 3 3 3 3 3 3 3 3 3 3 3 3 3 3 3 3 3 3 3 3 3 3 3 3 3 3 3 3 3 3 3 3 3 3 3 3 3 3 3 3 3 3 3 3 3 3 3 3 3 3 3 3 3 3 3 3 3 3 3 3 3 3 3 3 3 3 3 3 3 3 3 3 3 3 3 3 3 3 3 3 3 3 3 3 3 3 3 3 3 3 3 3 3 3 3 3 3 3 3 3 3 3 3 3 3 3 3 3 3 3 3 3 3 3 3 3 3 3 3 3 3 3 3 3 3 3 3 3 3 3 3 3 3 3 3 3 3 3 3 3 3 3 3 3 3 3 3 3 3 3 3 3 3 3 3 3 3 3 3 3 3 3 3 3 3 3 3 3 3 3 3 3 3 3 3 3 3 3 3 3 3 3 3 3 3 3 3 3 3 3 3 3 3 3 3 3 3 3 3 3 3 3 3 3 3 3 3 3 3 3 3 3 3 3 3 3 3 3 3 3 3 3 3 3 3 3 3 3 3 3 3 3 3 3 3 3 3 3 3 3 3 3 3 3 3 3 3 3 3 3 3 3 3 3 3 3 3 3 3 3 3 3 3 3 3 3 3 3 3 3 3 3 3 3 3 3 3 3 3 3 3 3 3 3 3 3 3 3 3 3 3 3 3 3 3 3 3 3 3 3 3 3 3 3 3 3 3 3 3 3 3 3 3 3 3 3 3 3 3 3 3 3 3 3 3 3 3 3 3 3 3 3 3 3 3 3 3 3 3 3 3 3 3 3 3 3 3 3 3 3 3 3 3 3 3 3 3 3 3 3 3 3 3 3 3 3 3 3 3 3 3 3 3 3 3 3 3 3 3 3 3 3 3 3 3 3 3 3 3 3 3 3 3 3 3 3 3 3 3 3 3 3 3 3 3 3 3 3 3 3 3 3 3 3 3 3 3 3 3 3 3 3 3 3 3 3 3 3 3 3 3 3 3 3 3 3 3 3 3 3 3 3 3 3 3 3 3 3 3 3 3 3 3 3 3 3 3 3 3 3 3 3 3 3 3 3 3 3 3 3 3 3 3 3 3 3 3 3 3 3 3 3 3 3 3 3 3 3 3 3 3 3 3 3 3 3 3 3 3 3 3 3 3 3 3 3 3 3 3 3 3 3 3 3 3 3 3 3 3 3 3 3 3 3 3 3 3 3 3 3 3 3 3 3 3 3 3 3 3 3 3 3 3 3 3 3 3 3 3 3 3 3 3 3 3 3 3 3 3 3 3 3 3 3 3 3 3 3 3 3 3 3 3 3 3 3 3 3 3 3 3 3 3 3 3 3 3 3 3 3 3 3 3 3 3 3 3 3 3 3 3 3 3 3 3 3 3 3 3 3 3 3 3 3 3 3 3 3 3 3 3 3 3 3 3 3 3 3 3 3 3 3 3 3 3 3 3 3 3 3 3 3 3 3 3 3 3 3 3 3 3 3 3 3 3 3 3 3 3 3 3 3 3 3 3 3 3 3 3 3 3 3 3 3 3 3 3 3 3 3 3 3 3 3 3 3 3 3 3 3 3 3 3 3 3 3 3 3 3 3 3 3 3 3 3 3 3 3 3 3 3 3 3 3 3 3 3 3 3 3 3 3 3 3 3 3 3 3 3 3 3 3 3 3 3 3 3 3 3 3 3 3 3 3 3 3 3 3 3 3 3 3 3 3 3 3 3 3 3 3 3 3 3 3 3 3 3 3 3 3 3 3 3 3 3 3 3 3 3 3 3 3 3 3 3 3 3 3 3 3 3 3 3 3 3 3 3 3 3 3 3 3 3 3 3 3 3 3 3 3 3 3 3 3 3 3 3 3 3 3 3 3 3 3 3 3 3 3 3 3 3 3 3 3 3 3 3 3 3 3 3 3 3 3 3 3 3 3 3 3 3 3 3 3 3 3 3 3 3 3 3 3 3 3 3 3 3 3 3 3 3 3 3 3 3 3 3 3 3 3 3 3 3 3 3 3 3 3 3 3 3 3 3 3 3 3 3 3 3 3 3 3 3 3 3 3 3 3 3 3 3 3 3 3 3 3 3 3 3 3 3 3 3 3 3 3 3 3 3 3 3 3 3 3 3 3 3 3 3 3 3 3 3 3 3 3 3 3 3 3 3 3 3 3 3 3 3 3 3 3 3 3 3 3 3 3 3 3 3 3 3 3 3 3 3 3 3 3 3 3 3 3 3 3 3 3 3 3 3 3 3 3 3 3 3 3 3 3 3 3 3 3 3 3 3 3 3 3 3 3 3 3 3 3 3 3 3 3 3 3 3 3 3 3 3 3 3 3 3 3 3 3 3 3 3 3 3 3 3 3 3 3 3 3 3 3 3 3 3 3 3 3 3 3 3 3 3 3 3 3 3 3 3 3 3 3 3 3 3 3 3 3 3 3 3 3 3 3 3 3 3 3 3 3 3 3 3 3 3 3 3 3 3 3 3 3 3 3 3 3 3 3 3 3 3 3 3 3 3 3 3 3 3 3 3 3 3 3 3 3 3 3 3 3 3 3 3 3 3 3 3 3 3 3 3 3 3 3 3 3 3 3 3 3 3 3 3 3 3 3 3 3 3 3 3 3 3 3 3 3 3 3 3 3 3 3 3 3 3 3 3 3 3 3 3 3 3 3 3 3 3 3 3 3 3 3 3 3 3 3 3 3 3 3 3 3 3 3 3 3 3 3 3 3 3 3 3 3 3 3 3 3 3 3 3 3 3 3 3 3 3 3 3 3 3 3 3 3 3 3 3 3 3 3 3 3 3 3 3 3 3 3 3 3 3 3 3 3 3 3 3 3 3 3 3 3 3 3 3 3 3 3 3 3 3 3 3 3 3 3 3 3 3 3 3 3 3 3 3 3 3 3 3 3 3 3 3 3 3 3 3 3 3 3 3 3 3 3 3 3 3 3 3 3 3 3 3 3 3 3 3 3 3 3 3 3 3 3 3 3 3 3 3 3 3 3 3 3 3 3 3 3 3 3 3 3 3 3 3 3 3 3 3 3 3 3 3 3 3 3 3 3 3 3 3 3 3 3 3 3 3 3 3 3 3 3 3 3 3 3 3 3 3 3 3 3 3 3 3 3 3 3 3 3 3 3 3 3 3 3 3 3 3 3 3 3 3 3 3 3 3 3 3 3 3 3 3 3 3 3 3 3 3 3 3 3 3 3 3 3 3 3 3 3 3 3 3 3 3 3 3 3 3 3 3 3 3 3 3 3 3 3 3 3 3 3 3 3 3 3 3 3 3 3 3 3 3 3 3 3 3 3 3 3 3 3 3 3 3 3 3 3 3 3 3 3 3 3 3 3 3 3 3 3 3 3 3 3 3 3 3 3 3 3 3 3 3 3 3 3 3 3 3 3 3 3 3 3 3 3 3 3 3 3 3 3 3 3 3 3 3 3 3 3 3 3 3 3 3 3 3 3 3 3 3 3 3 3 3 3 3 3 3 3 3 3 3 3 3 3 3 3 3 3 3 3 3 3 3 3 3 3 3 3 3 3 3 3 3 3 3 3 3 3 3 3 3 3 3 3 3 3 3 3 3 3 3 3 3 3 3 3 3 3 3 3 3 3 3 3 3 3 3 3 3 3 3 3 3 3 3 3 3 3 3 3 3 3 3 3 3 3 3 3 3 3 3 3 3 3 3 3 3 3 3 3 3 3 3 3 3 3 3 3 3 3 3 3 3 3 3 3 3 3 3 3 3 3 3 3 3 3 3 3 3 3 3 3 3 3 3 3 3 3 3 3 3 3 3 3 3 3 3 3 3 3 3 3 3 3 3 3 3 3 3 3 3 3 3 3 3 3 3 3 3 3 3 3 3 3 3 3 3 3 3 3 3 3 3 3 3 3 3 3 3 3 3 3 3 3 3 3 3 3 3 3 3 3 3 3 3 3 3 3 3 3 3 3 3 3 3 3 3 3 3 3 3 3 3 3 3 3 3 3 3 3 3 3 3 3 3 3 3 3 3 3 3 3 3 3 3 3 3 3 3 3 3 3 3 3 3 3 3 3 3 3 3 3 3 3 3 3 3 3 3 3 3 3 3 3 3 3 3 3 3 3 3 3 3 3 3 3 3 3 3 3 3 3 3 3 3 3 3 3 3 3 3 3 3 3 3 3 3 3 3 3 3 3 3 3 3 3 3 3 3 3 3 3 3 3 3 3 3 3 3 3 3 3 3 3 3 3 3 3 3 3 3 3 3 3 3 3 3 3 3 3 3 3 3 3 3 3 3 3 3 3 3 3 3 3 3 3 3 3 3 3 3 3 3 3 3 3 3 3 3 3 3 3 3 3 3 3 3 3 3 3 3 3 3 3 3 3 3 3 3 3 3 3 3 3 3 3 3 3 3 3 3 3 3 3 3 3 3 3 3 3 3 3 3 3 3 3 3 3 3 3 3 3 3 3 3 3 3 3 3 3 3 3 3 3 3 3 3 3 3 3 3 3 3 3 3 3 3 3 3 3 3 3 3 3 3 3 3 3 3 3 3 3 3 3 3 3 3 3 3 3 3 3 3 3 3 3 3 3 3 3 3 3 3 3 3 3 3 3 3 3 3 3 3 3 3 3 3 3 3 3 3 3 3 3 3 3 3 3 3 3 3 3 3 3 3 3 3 3 3 3 3 3 3 3 3 3 3 3 3 3 3 3 3 3 3 3 3 3 3 3 3 3 3 3 3 3 3 3 3 3 3 3 3 3 3 3 3 3 3 3 3 3 3 3 3 3 3 3 3 3 3 3 3 3 3 3 3 3 3 3 3 3 3 3 3 3 3 3 3 3 3 3 3 3 3 3 3 3 3 3 3 3 3 3 3 3 3 3 3 3 3 3 3 3 3 3 3 3 3 3 3 3 3 3 3 3 3 3 3 3 3 3 3 3 3 3 3 3 3 3 3 3 3 3 3 3 3 3 3 3 3 3 3 3 3 3 3 3 3 3 3 3 3 3 3 3 3 3 3 3 3 3 3 3 3 3 3 3 3 3 3 3 3 3 3 3 3 3 3 3 3 3 3 3 3 3 3 3 3 3 3 3 3 3 3 3 3 3 3 3 3 3 3 3 3 3 3 3 3 3 3 3 3 3 3 3 3 3 3 3 3 3 3 3 3 3 3 3 3 3 3 3 3 3 3 3 3 3 3 3 3 3 3 3 3 3 3 3 3 3 3 3 3 3 3 3 3 3 3 3 3 3 3 3 3 3 3 3 3 3 3 3 3 3 3 3 3 3 3 3 3 3 3 3 3 3 3 3 3 3 3 3 3 3 3 3 3 3 3 3 3 3 3 3 3 3 3 3 3 3 3 3 3 3 3 3 3 3 3 3 3 3 3 3 3 3 3 3 3 3 3 3 3 3 3 3 3 3 3 3 3 3 3 3 3 3 3 3 3 3 3 3 3 3 3 3 3 3 3 3 3 3 3 3 3 3 3 3 3 3 3 3 3 3 3 3 3 3 3 3 3 3 3 3 3 3 3 3 3 3 3 3 3 3 3 3 3 3 3 3 3 3 3 3 3 3 3 3 3 3 3 3 3 3 3 3 3 3 3 3 3 3 3 3 3 3 3 3 3 3 3 3 3 3 3 3 3 3 3 3 3 3 3 3 3 3 3 3 3 3 3 3 3 3 3 3 3 3 3 3 3 3 3 3 3 3 3 3 3 3 3 3 3 3 3 3 3 3 3 3 3 3 3 3 3 3 3 3 3 3 3 3 3 3 3 3 3 3 3 3 3 3 3 3 3 3 3 3 3 3 3 3 3 3 3 3 3 3 3 3 3 3 3 3 3 3 3 3 3 3 3 3 3 3 3 3 3 3 3 3 3 3 3 3 3 3 3 3 3 3 3 3 3 3 3 3 3 3 3 3 3 3 3 3 3 3 3 3 3 3 3 3 3 3 3 3 3 3 3 3 3 3 3 3 3 3 3 3 3 3 3 3 3 3 3 3 3 3 3 3 3 3 3 3 3 3 3 3 3 3 3 3 3 3 3 3 3 3 3 3 3 3 3 3 3 3 3 3 3 3 3 3 3 3 3 3 3 3 3 3 3 3 3 3 3 3 3 3 3 3 3 3 3 3 3 3 3 3 3 3 3 3 3 3 3 3 3 3 3 3 3 3 3 3 3 3 3 3 3 3 3 3 3 3 3 3 3 3 3 3 3 3 3 3 3 3 3 3 3 3 3 3 3 3 3 3 3 3 3 3 3 3 3 3 3 3 3 3 3 3 3 3 3 3 3 3 3 3 3 3 3 3 3 3 3 3 3 3 3 3 3 3 3 3 3 3 3 3 3 3 3 3 3 3 3 3 3 3 3 3 3 3 3 3 3 3 3 3 3 3 3 3 3 3 3 3 3 3 3 3 3 3 3 3 3 3 3 3 3 3 3 3 3 3 3 3 3 3 3 3 3 3 3 3 3 3 3 3 3 3 3 3 3 3 3 3 3 3 3 3 3 3 3 3 </vcount>
          <p>980 0 0 981 0 1 982 0 2 2379 1 3 2380 2 4 2376 3 5 2379 1 6 2376 3 7 2375 4 8 2375 4 9 2376 3 10 2377 5 11 2377 5 12 2376 3 13 2378 6 14 103 7 15 104 8 16 105 9 17 105 9 18 104 8 19 106 10 20 105 9 21 106 10 22 107 11 23 105 9 24 107 11 25 110 12 26 110 12 27 107 11 28 111 13 29 110 12 30 111 13 31 118 14 32 110 12 33 118 14 34 117 15 35 117 15 36 118 14 37 119 16 38 117 15 39 119 16 40 116 17 41 117 15 42 116 17 43 110 12 44 110 12 45 116 17 46 109 18 47 110 12 48 109 18 49 103 7 50 110 12 51 103 7 52 105 9 53 2261 19 54 2260 20 55 2218 21 56 2261 19 57 2218 21 58 2262 22 59 2262 22 60 2218 21 61 2229 23 62 2262 22 63 2229 23 64 2263 24 65 2263 24 66 2229 23 67 2225 25 68 2263 24 69 2225 25 70 2226 26 71 2263 24 72 2226 26 73 2264 27 74 306 28 75 2157 29 76 2147 30 77 306 28 78 2147 30 79 2148 31 80 306 28 81 2148 31 82 304 32 83 306 28 84 304 32 85 305 33 86 306 28 87 305 33 88 307 34 89 306 28 90 307 34 91 314 35 92 314 35 93 307 34 94 315 36 95 314 35 96 315 36 97 316 37 98 316 37 99 315 36 100 317 38 101 316 37 102 317 38 103 313 39 104 316 37 105 313 39 106 312 40 107 312 40 108 313 39 109 308 41 110 312 40 111 308 41 112 2154 42 113 2154 42 114 308 41 115 2152 43 116 2152 43 117 308 41 118 310 44 119 2152 43 120 310 44 121 321 45 122 321 45 123 310 44 124 320 46 125 320 46 126 310 44 127 311 47 128 320 46 129 311 47 130 327 48 131 327 48 132 311 47 133 319 49 134 327 48 135 319 49 136 324 50 137 324 50 138 319 49 139 325 51 140 324 50 141 325 51 142 2248 52 143 324 50 144 2248 52 145 2243 53 146 2243 53 147 2248 52 148 333 54 149 2243 53 150 333 54 151 332 55 152 332 55 153 333 54 154 334 56 155 332 55 156 334 56 157 2246 57 158 2246 57 159 334 56 160 2238 58 161 2246 57 162 2238 58 163 2239 59 164 2239 59 165 2238 58 166 2202 60 167 2239 59 168 2202 60 169 2204 61 170 2204 61 171 2202 60 172 2203 62 173 2204 61 174 2203 62 175 2205 63 176 2205 63 177 2203 62 178 2198 64 179 2205 63 180 2198 64 181 2254 65 182 2254 65 183 2198 64 184 2255 66 185 2255 66 186 2198 64 187 2199 67 188 2255 66 189 2199 67 190 2256 68 191 2256 68 192 2199 67 193 2221 69 194 2256 68 195 2221 69 196 2257 70 197 2257 70 198 2221 69 199 2208 71 200 2257 70 201 2208 71 202 2258 72 203 2258 72 204 2208 71 205 2259 73 206 2259 73 207 2208 71 208 2210 74 209 2259 73 210 2210 74 211 2260 20 212 2260 20 213 2210 74 214 2216 75 215 2260 20 216 2216 75 217 2218 21 218 2218 21 219 2216 75 220 2217 76 221 2218 21 222 2217 76 223 2230 77 224 2218 21 225 2230 77 226 2229 23 227 2229 23 228 2230 77 229 2223 78 230 2229 23 231 2223 78 232 2225 25 233 2225 25 234 2223 78 235 2224 79 236 2225 25 237 2224 79 238 2226 26 239 2226 26 240 2224 79 241 2232 80 242 2226 26 243 2232 80 244 2264 27 245 2264 27 246 2232 80 247 2265 81 248 2265 81 249 2232 80 250 2234 82 251 2234 82 252 2232 80 253 2233 83 254 2233 83 255 2232 80 256 2224 79 257 2157 29 258 306 28 259 314 35 260 2157 29 261 314 35 262 2158 84 263 2158 84 264 314 35 265 316 37 266 2158 84 267 316 37 268 312 40 269 2158 84 270 312 40 271 2154 42 272 308 41 273 313 39 274 309 85 275 308 41 276 309 85 277 310 44 278 310 44 279 309 85 280 311 47 281 311 47 282 309 85 283 318 86 284 311 47 285 318 86 286 319 49 287 319 49 288 318 86 289 325 51 290 326 87 291 327 48 292 324 50 293 326 87 294 324 50 295 2242 88 296 2242 88 297 324 50 298 2243 53 299 2242 88 300 2243 53 301 332 55 302 2242 88 303 332 55 304 2241 89 305 2241 89 306 332 55 307 2246 57 308 2241 89 309 2246 57 310 2251 90 311 2251 90 312 2246 57 313 2239 59 314 2251 90 315 2239 59 316 2252 91 317 2252 91 318 2239 59 319 2204 61 320 2252 91 321 2204 61 322 2253 92 323 2253 92 324 2204 61 325 2205 63 326 2253 92 327 2205 63 328 2254 65 329 2217 76 330 2216 75 331 2215 93 332 2215 93 333 2216 75 334 2210 74 335 2215 93 336 2210 74 337 2211 94 338 2211 94 339 2210 74 340 2209 95 341 2209 95 342 2210 74 343 2208 71 344 2209 95 345 2208 71 346 2221 69 347 2209 95 348 2221 69 349 2220 96 350 2220 96 351 2221 69 352 2199 67 353 2220 96 354 2199 67 355 2197 97 356 2197 97 357 2199 67 358 2198 64 359 2197 97 360 2198 64 361 2196 98 362 2196 98 363 2198 64 364 2203 62 365 2164 99 366 2168 100 367 1645 101 368 2164 99 369 1645 101 370 2161 102 371 2161 102 372 1645 101 373 1641 103 374 2161 102 375 1641 103 376 2162 104 377 2162 104 378 1641 103 379 1643 105 380 2162 104 381 1643 105 382 2163 106 383 2386 107 384 2384 108 385 2381 109 386 2381 109 387 2384 108 388 2365 110 389 2381 109 390 2365 110 391 2168 100 392 2168 100 393 2365 110 394 1670 111 395 2168 100 396 1670 111 397 1645 101 398 1645 101 399 1670 111 400 1646 112 401 1645 101 402 1646 112 403 1641 103 404 1641 103 405 1646 112 406 1642 113 407 1641 103 408 1642 113 409 1643 105 410 1643 105 411 1642 113 412 1644 114 413 1643 105 414 1644 114 415 2163 106 416 2163 106 417 1644 114 418 1647 115 419 2163 106 420 1647 115 421 2165 116 422 2165 116 423 1647 115 424 1663 117 425 1663 117 426 1647 115 427 1662 118 428 1663 117 429 1662 118 430 2344 119 431 2344 119 432 1662 118 433 1676 120 434 2344 119 435 1676 120 436 1675 121 437 1675 121 438 1676 120 439 1677 122 440 1675 121 441 1677 122 442 2341 123 443 2341 123 444 1677 122 445 2340 124 446 2341 123 447 2340 124 448 2333 125 449 2341 123 450 2333 125 451 2334 126 452 2334 126 453 2333 125 454 2270 127 455 2334 126 456 2270 127 457 2272 128 458 2272 128 459 2270 127 460 2271 129 461 2272 128 462 2271 129 463 2273 130 464 2273 130 465 2271 129 466 2266 131 467 2273 130 468 2266 131 469 2268 132 470 2268 132 471 2266 131 472 2267 133 473 2268 132 474 2267 133 475 2269 134 476 2269 134 477 2267 133 478 2282 135 479 2269 134 480 2282 135 481 2283 136 482 2283 136 483 2282 135 484 2275 137 485 2283 136 486 2275 137 487 2274 138 488 2274 138 489 2275 137 490 2276 139 491 2274 138 492 2276 139 493 2357 140 494 2357 140 495 2276 139 496 2278 141 497 2357 140 498 2278 141 499 2358 142 500 2358 142 501 2278 141 502 2359 143 503 2359 143 504 2278 141 505 2281 144 506 2359 143 507 2281 144 508 2288 145 509 2288 145 510 2281 144 511 2289 146 512 2288 145 513 2289 146 514 2284 147 515 2288 145 516 2284 147 517 2286 148 518 2286 148 519 2284 147 520 2285 149 521 2286 148 522 2285 149 523 2287 150 524 2287 150 525 2285 149 526 2291 151 527 2287 150 528 2291 151 529 2290 152 530 2290 152 531 2291 151 532 2292 153 533 2290 152 534 2292 153 535 2363 154 536 2290 152 537 2363 154 538 2287 150 539 2287 150 540 2363 154 541 2362 155 542 2287 150 543 2362 155 544 2286 148 545 2286 148 546 2362 155 547 2361 156 548 2286 148 549 2361 156 550 2360 157 551 2286 148 552 2360 157 553 2288 145 554 2288 145 555 2360 157 556 2359 143 557 1644 114 558 1642 113 559 1647 115 560 1647 115 561 1642 113 562 1648 158 563 1647 115 564 1648 158 565 1662 118 566 2165 116 567 1663 117 568 2166 159 569 2166 159 570 1663 117 571 2344 119 572 2166 159 573 2344 119 574 2347 160 575 2280 161 576 2289 146 577 2281 144 578 2280 161 579 2281 144 580 2278 141 581 2280 161 582 2278 141 583 2279 162 584 2279 162 585 2278 141 586 2277 163 587 2277 163 588 2278 141 589 2276 139 590 2277 163 591 2276 139 592 2275 137 593 1669 164 594 1646 112 595 1670 111 596 1669 164 597 1670 111 598 2365 110 599 1669 164 600 2365 110 601 2364 165 602 2364 165 603 2365 110 604 2385 166 605 2385 166 606 2365 110 607 2384 108 608 2349 167 609 1675 121 610 2341 123 611 2349 167 612 2341 123 613 2348 168 614 2348 168 615 2341 123 616 2350 169 617 2350 169 618 2341 123 619 2334 126 620 2350 169 621 2334 126 622 2351 170 623 2351 170 624 2334 126 625 2272 128 626 2351 170 627 2272 128 628 2352 171 629 2352 171 630 2272 128 631 2273 130 632 2352 171 633 2273 130 634 2353 172 635 2353 172 636 2273 130 637 2268 132 638 2353 172 639 2268 132 640 2354 173 641 2354 173 642 2268 132 643 2269 134 644 2354 173 645 2269 134 646 2355 174 647 2355 174 648 2269 134 649 2283 136 650 2355 174 651 2283 136 652 2356 175 653 2356 175 654 2283 136 655 2274 138 656 2356 175 657 2274 138 658 2357 140 659 1675 121 660 2345 176 661 2344 119 662 2344 119 663 2345 176 664 2346 177 665 96 178 666 97 179 667 98 180 668 98 180 669 97 179 670 99 181 671 98 180 672 99 181 673 101 182 674 101 182 675 99 181 676 102 183 677 102 183 678 99 181 679 100 184 680 100 184 681 99 181 682 97 179 683 100 184 684 97 179 685 108 185 686 108 185 687 97 179 688 112 186 689 112 186 690 97 179 691 113 187 692 112 186 693 113 187 694 115 188 695 115 188 696 113 187 697 114 189 698 114 189 699 113 187 700 97 179 701 114 189 702 97 179 703 96 178 704 2250 190 705 2249 191 706 331 192 707 2250 190 708 331 192 709 2160 193 710 2160 193 711 331 192 712 323 194 713 2160 193 714 323 194 715 2159 195 716 2159 195 717 323 194 718 302 196 719 2159 195 720 302 196 721 2149 197 722 291 198 723 290 199 724 289 200 725 289 200 726 290 199 727 288 201 728 289 200 729 288 201 730 301 202 731 301 202 732 288 201 733 300 203 734 301 202 735 300 203 736 299 204 737 299 204 738 300 203 739 298 205 740 299 204 741 298 205 742 297 206 743 297 206 744 298 205 745 296 207 746 297 206 747 296 207 748 292 208 749 292 208 750 296 207 751 2151 209 752 292 208 753 2151 209 754 2150 210 755 292 208 756 2150 210 757 293 211 758 293 211 759 2150 210 760 2149 197 761 293 211 762 2149 197 763 295 212 764 295 212 765 2149 197 766 302 196 767 295 212 768 302 196 769 294 213 770 294 213 771 302 196 772 303 214 773 303 214 774 302 196 775 322 215 776 322 215 777 302 196 778 323 194 779 322 215 780 323 194 781 330 216 782 330 216 783 323 194 784 331 192 785 330 216 786 331 192 787 328 217 788 328 217 789 331 192 790 2249 191 791 328 217 792 2249 191 793 2245 218 794 2245 218 795 2249 191 796 2247 219 797 2245 218 798 2247 219 799 2240 220 800 2245 218 801 2240 220 802 2236 221 803 2236 221 804 2240 220 805 2206 222 806 2236 221 807 2206 222 808 2175 223 809 2175 223 810 2206 222 811 2207 224 812 2175 223 813 2207 224 814 2173 225 815 2173 225 816 2207 224 817 2200 226 818 2173 225 819 2200 226 820 2171 227 821 2171 227 822 2200 226 823 2201 228 824 2171 227 825 2201 228 826 2169 229 827 2169 229 828 2201 228 829 2222 230 830 2169 229 831 2222 230 832 2185 231 833 2185 231 834 2222 230 835 2212 232 836 2185 231 837 2212 232 838 2177 233 839 2177 233 840 2212 232 841 2213 234 842 2177 233 843 2213 234 844 2178 235 845 2178 235 846 2213 234 847 2182 236 848 2178 235 849 2182 236 850 2180 237 851 2180 237 852 2182 236 853 2181 238 854 2181 238 855 2182 236 856 2184 239 857 2184 239 858 2182 236 859 2183 240 860 2184 239 861 2183 240 862 2191 241 863 2191 241 864 2183 240 865 2192 242 866 2191 241 867 2192 242 868 2190 243 869 2190 243 870 2192 242 871 2189 244 872 2190 243 873 2189 244 874 2188 245 875 2188 245 876 2189 244 877 2187 246 878 2188 245 879 2187 246 880 2195 247 881 2195 247 882 2187 246 883 2193 248 884 2195 247 885 2193 248 886 2194 249 887 2194 249 888 2193 248 889 2235 250 890 2235 250 891 2193 248 892 2187 246 893 2235 250 894 2187 246 895 2228 251 896 2228 251 897 2187 246 898 2189 244 899 2228 251 900 2189 244 901 2227 252 902 2227 252 903 2189 244 904 2231 253 905 2231 253 906 2189 244 907 2192 242 908 2231 253 909 2192 242 910 2219 254 911 2219 254 912 2192 242 913 2183 240 914 2219 254 915 2183 240 916 2182 236 917 2219 254 918 2182 236 919 2214 255 920 2214 255 921 2182 236 922 2213 234 923 293 211 924 295 212 925 294 213 926 293 211 927 294 213 928 292 208 929 292 208 930 294 213 931 297 206 932 2178 235 933 2180 237 934 2179 256 935 2178 235 936 2179 256 937 2177 233 938 2177 233 939 2179 256 940 2185 231 941 2185 231 942 2179 256 943 2186 257 944 2185 231 945 2186 257 946 2169 229 947 2169 229 948 2186 257 949 2170 258 950 2169 229 951 2170 258 952 2171 227 953 2171 227 954 2170 258 955 2172 259 956 2171 227 957 2172 259 958 2173 225 959 2173 225 960 2172 259 961 2174 260 962 2173 225 963 2174 260 964 2175 223 965 2175 223 966 2174 260 967 2176 261 968 2175 223 969 2176 261 970 2236 221 971 2236 221 972 2176 261 973 2237 262 974 2236 221 975 2237 262 976 2245 218 977 2245 218 978 2237 262 979 2244 263 980 2245 218 981 2244 263 982 329 264 983 2245 218 984 329 264 985 328 217 986 328 217 987 329 264 988 330 216 989 290 199 990 2146 265 991 2145 266 992 290 199 993 2145 266 994 288 201 995 288 201 996 2145 266 997 2156 267 998 288 201 999 2156 267 1000 300 203 1001 300 203 1002 2156 267 1003 2155 268 1004 300 203 1005 2155 268 1006 298 205 1007 298 205 1008 2155 268 1009 296 207 1010 296 207 1011 2155 268 1012 2153 269 1013 296 207 1014 2153 269 1015 2151 209 1016 79 270 1017 80 271 1018 81 272 1019 81 272 1020 80 271 1021 82 273 1022 81 272 1023 82 273 1024 83 274 1025 81 272 1026 83 274 1027 86 275 1028 86 275 1029 83 274 1030 87 276 1031 86 275 1032 87 276 1033 94 277 1034 86 275 1035 94 277 1036 93 278 1037 93 278 1038 94 277 1039 95 279 1040 93 278 1041 95 279 1042 92 280 1043 93 278 1044 92 280 1045 86 275 1046 86 275 1047 92 280 1048 85 281 1049 86 275 1050 85 281 1051 79 270 1052 86 275 1053 79 270 1054 81 272 1055 1811 282 1056 1810 283 1057 2015 284 1058 1811 282 1059 2015 284 1060 2116 285 1061 1810 283 1062 1811 282 1063 1808 286 1064 1810 283 1065 1808 286 1066 1809 287 1067 1809 287 1068 1808 286 1069 1994 288 1070 1809 287 1071 1994 288 1072 1995 289 1073 1809 287 1074 1995 289 1075 1986 290 1076 1809 287 1077 1986 290 1078 1815 291 1079 1809 287 1080 1815 291 1081 1810 283 1082 1810 283 1083 1815 291 1084 1814 292 1085 1810 283 1086 1814 292 1087 2015 284 1088 2015 284 1089 1814 292 1090 2010 293 1091 1169 294 1092 1171 295 1093 1196 296 1094 1196 296 1095 1171 295 1096 1197 297 1097 1196 296 1098 1197 297 1099 1221 298 1100 1221 298 1101 1197 297 1102 1220 299 1103 1221 298 1104 1220 299 1105 1229 300 1106 1229 300 1107 1220 299 1108 1228 301 1109 1229 300 1110 1228 301 1111 1824 302 1112 1824 302 1113 1228 301 1114 1818 303 1115 1824 302 1116 1818 303 1117 1800 304 1118 1800 304 1119 1818 303 1120 2009 305 1121 1800 304 1122 2009 305 1123 2013 306 1124 2013 306 1125 2009 305 1126 2014 307 1127 2013 306 1128 2014 307 1129 1826 308 1130 1826 308 1131 2014 307 1132 2011 309 1133 1826 308 1134 2011 309 1135 1825 310 1136 1825 310 1137 2011 309 1138 2010 293 1139 1825 310 1140 2010 293 1141 1813 311 1142 1813 311 1143 2010 293 1144 1814 292 1145 1813 311 1146 1814 292 1147 1812 312 1148 1812 312 1149 1814 292 1150 1815 291 1151 1812 312 1152 1815 291 1153 1985 313 1154 1985 313 1155 1815 291 1156 1986 290 1157 1985 313 1158 1986 290 1159 1988 314 1160 1988 314 1161 1986 290 1162 1995 289 1163 1988 314 1164 1995 289 1165 2001 315 1166 2001 315 1167 1995 289 1168 1994 288 1169 2001 315 1170 1994 288 1171 2004 316 1172 2001 315 1173 2004 316 1174 2002 317 1175 2002 317 1176 2004 316 1177 2006 318 1178 2002 317 1179 2006 318 1180 2007 319 1181 1803 320 1182 1800 304 1183 2013 306 1184 1803 320 1185 2013 306 1186 1826 308 1187 2001 315 1188 2002 317 1189 2003 321 1190 1171 295 1191 1182 322 1192 1197 297 1193 1197 297 1194 1182 322 1195 1200 323 1196 1197 297 1197 1200 323 1198 1220 299 1199 1220 299 1200 1200 323 1201 1219 324 1202 1220 299 1203 1219 324 1204 1228 301 1205 1228 301 1206 1219 324 1207 1227 325 1208 1228 301 1209 1227 325 1210 1818 303 1211 1818 303 1212 1227 325 1213 2009 305 1214 2009 305 1215 1227 325 1216 1226 326 1217 2009 305 1218 1226 326 1219 2016 327 1220 2009 305 1221 2016 327 1222 2014 307 1223 2014 307 1224 2016 327 1225 2017 328 1226 2014 307 1227 2017 328 1228 2011 309 1229 2011 309 1230 2017 328 1231 2012 329 1232 2012 329 1233 2017 328 1234 2121 330 1235 1200 323 1236 1218 331 1237 1219 324 1238 1219 324 1239 1218 331 1240 1226 326 1241 1219 324 1242 1226 326 1243 1227 325 1244 2011 309 1245 2012 329 1246 2010 293 1247 2010 293 1248 2012 329 1249 2121 330 1250 2010 293 1251 2121 330 1252 2120 332 1253 2120 332 1254 2121 330 1255 2088 333 1256 2088 333 1257 2121 330 1258 2122 334 1259 2122 334 1260 2121 330 1261 2123 335 1262 2123 335 1263 2121 330 1264 2017 328 1265 2123 335 1266 2017 328 1267 2018 336 1268 2018 336 1269 2017 328 1270 2016 327 1271 2018 336 1272 2016 327 1273 2008 337 1274 2008 337 1275 2016 327 1276 1226 326 1277 2008 337 1278 1226 326 1279 1217 338 1280 1217 338 1281 1226 326 1282 1218 331 1283 1217 338 1284 1218 331 1285 1195 339 1286 1195 339 1287 1218 331 1288 1200 323 1289 1195 339 1290 1200 323 1291 1181 340 1292 1181 340 1293 1200 323 1294 1182 322 1295 1181 340 1296 1182 322 1297 1180 341 1298 1180 341 1299 1182 322 1300 1199 342 1301 1199 342 1302 1182 322 1303 1171 295 1304 1199 342 1305 1171 295 1306 1170 343 1307 1170 343 1308 1171 295 1309 1169 294 1310 1170 343 1311 1169 294 1312 1213 344 1313 1703 345 1314 1800 304 1315 1801 346 1316 1801 346 1317 1800 304 1318 1803 320 1319 1801 346 1320 1803 320 1321 1816 347 1322 1816 347 1323 1803 320 1324 1826 308 1325 1816 347 1326 1826 308 1327 1825 310 1328 1816 347 1329 1825 310 1330 1804 348 1331 1804 348 1332 1825 310 1333 1827 349 1334 1804 348 1335 1827 349 1336 1805 350 1337 1805 350 1338 1827 349 1339 1828 351 1340 2088 333 1341 2087 352 1342 2129 353 1343 1987 354 1344 1985 313 1345 1988 314 1346 1987 354 1347 1988 314 1348 1989 355 1349 1989 355 1350 1988 314 1351 1996 356 1352 1989 355 1353 1996 356 1354 1997 357 1355 1997 357 1356 1996 356 1357 2002 317 1358 1996 356 1359 1988 314 1360 2005 358 1361 1181 340 1362 1194 359 1363 1195 339 1364 1195 339 1365 1194 359 1366 1217 338 1367 1217 338 1368 1194 359 1369 1193 360 1370 1217 338 1371 1193 360 1372 1216 361 1373 1216 361 1374 1193 360 1375 1192 362 1376 1216 361 1377 1192 362 1378 1215 363 1379 1180 341 1380 1185 364 1381 1181 340 1382 1181 340 1383 1185 364 1384 1184 365 1385 1181 340 1386 1184 365 1387 1194 359 1388 1194 359 1389 1184 365 1390 1187 366 1391 1194 359 1392 1187 366 1393 1193 360 1394 1193 360 1395 1187 366 1396 1179 367 1397 1193 360 1398 1179 367 1399 1192 362 1400 1192 362 1401 1179 367 1402 1190 368 1403 1192 362 1404 1190 368 1405 1215 363 1406 1215 363 1407 1190 368 1408 1680 369 1409 1215 363 1410 1680 369 1411 1681 370 1412 1215 363 1413 1681 370 1414 1216 361 1415 1216 361 1416 1681 370 1417 2137 371 1418 1216 361 1419 2137 371 1420 1217 338 1421 1217 338 1422 2137 371 1423 2008 337 1424 2008 337 1425 2137 371 1426 2018 336 1427 1166 372 1428 1167 373 1429 1168 374 1430 1168 374 1431 1167 373 1432 1176 375 1433 1168 374 1434 1176 375 1435 1190 368 1436 1168 374 1437 1190 368 1438 1179 367 1439 1168 374 1440 1179 367 1441 1166 372 1442 1166 372 1443 1179 367 1444 1178 376 1445 1178 376 1446 1179 367 1447 1177 377 1448 1177 377 1449 1179 367 1450 1187 366 1451 1177 377 1452 1187 366 1453 1186 378 1454 1186 378 1455 1187 366 1456 1184 365 1457 1186 378 1458 1184 365 1459 1183 379 1460 1183 379 1461 1184 365 1462 1185 364 1463 1175 380 1464 1176 375 1465 1167 373 1466 1742 381 1467 1733 382 1468 1734 383 1469 1734 383 1470 1733 382 1471 1726 384 1472 1734 383 1473 1726 384 1474 1727 385 1475 1727 385 1476 1726 384 1477 1725 386 1478 1725 386 1479 1726 384 1480 1133 387 1481 1725 386 1482 1133 387 1483 1724 388 1484 1724 388 1485 1133 387 1486 1132 389 1487 1724 388 1488 1132 389 1489 1715 390 1490 1715 390 1491 1132 389 1492 1714 391 1493 1715 390 1494 1714 391 1495 1719 392 1496 1719 392 1497 1714 391 1498 1721 393 1499 1719 392 1500 1721 393 1501 1960 394 1502 1960 394 1503 1721 393 1504 1959 395 1505 1960 394 1506 1959 395 1507 1784 396 1508 1784 396 1509 1959 395 1510 2072 397 1511 1784 396 1512 2072 397 1513 1958 398 1514 1958 398 1515 2072 397 1516 1203 399 1517 1958 398 1518 1203 399 1519 1202 400 1520 1202 400 1521 1203 399 1522 1201 401 1523 1202 400 1524 1201 401 1525 1222 402 1526 1222 402 1527 1201 401 1528 1224 403 1529 1222 402 1530 1224 403 1531 1189 404 1532 1189 404 1533 1224 403 1534 1188 405 1535 1189 404 1536 1188 405 1537 1173 406 1538 1173 406 1539 1188 405 1540 1174 407 1541 1173 406 1542 1174 407 1543 1172 408 1544 1172 408 1545 1174 407 1546 1175 380 1547 1175 380 1548 1174 407 1549 1176 375 1550 1176 375 1551 1174 407 1552 1191 409 1553 1176 375 1554 1191 409 1555 1190 368 1556 1190 368 1557 1191 409 1558 1214 410 1559 1190 368 1560 1214 410 1561 1680 369 1562 1680 369 1563 1214 410 1564 1712 411 1565 1680 369 1566 1712 411 1567 1681 370 1568 1681 370 1569 1712 411 1570 2138 412 1571 1681 370 1572 2138 412 1573 2137 371 1574 2137 371 1575 2138 412 1576 2144 413 1577 2137 371 1578 2144 413 1579 2018 336 1580 2018 336 1581 2144 413 1582 2124 414 1583 2018 336 1584 2124 414 1585 2123 335 1586 2123 335 1587 2124 414 1588 2119 415 1589 2123 335 1590 2119 415 1591 2122 334 1592 2122 334 1593 2119 415 1594 2118 416 1595 2122 334 1596 2118 416 1597 2088 333 1598 2088 333 1599 2118 416 1600 2089 417 1601 2088 333 1602 2089 417 1603 2087 352 1604 2087 352 1605 2089 417 1606 2091 418 1607 2087 352 1608 2091 418 1609 2129 353 1610 2129 353 1611 2091 418 1612 2128 419 1613 2128 419 1614 2091 418 1615 2097 420 1616 2128 419 1617 2097 420 1618 2127 421 1619 2127 421 1620 2097 420 1621 2096 422 1622 2127 421 1623 2096 422 1624 2126 423 1625 2126 423 1626 2096 422 1627 2113 424 1628 2126 423 1629 2113 424 1630 2125 425 1631 2125 425 1632 2113 424 1633 2112 426 1634 2112 426 1635 2113 424 1636 2114 427 1637 2114 427 1638 2113 424 1639 2099 428 1640 2099 428 1641 2113 424 1642 2096 422 1643 2099 428 1644 2096 422 1645 2098 429 1646 2098 429 1647 2096 422 1648 2097 420 1649 2098 429 1650 2097 420 1651 2092 430 1652 2092 430 1653 2097 420 1654 2091 418 1655 2092 430 1656 2091 418 1657 2089 417 1658 1191 409 1659 1174 407 1660 1188 405 1661 1191 409 1662 1188 405 1663 1214 410 1664 1214 410 1665 1188 405 1666 1224 403 1667 1712 411 1668 1214 410 1669 1225 431 1670 1225 431 1671 1214 410 1672 1224 403 1673 1225 431 1674 1224 403 1675 1201 401 1676 2118 416 1677 2119 415 1678 2117 432 1679 2117 432 1680 2119 415 1681 2143 433 1682 2143 433 1683 2119 415 1684 2124 414 1685 2143 433 1686 2124 414 1687 2144 413 1688 2143 433 1689 2144 413 1690 2138 412 1691 1714 391 1692 1132 389 1693 1131 434 1694 1131 434 1695 1132 389 1696 1130 435 1697 1130 435 1698 1132 389 1699 1133 387 1700 1130 435 1701 1133 387 1702 1741 436 1703 1741 436 1704 1133 387 1705 1726 384 1706 1741 436 1707 1726 384 1708 1733 382 1709 1173 406 1710 1198 437 1711 1189 404 1712 1189 404 1713 1198 437 1714 1222 402 1715 1222 402 1716 1198 437 1717 1223 438 1718 1222 402 1719 1223 438 1720 1202 400 1721 1202 400 1722 1223 438 1723 1230 439 1724 1202 400 1725 1230 439 1726 1958 398 1727 1958 398 1728 1230 439 1729 1961 440 1730 1958 398 1731 1961 440 1732 1784 396 1733 1784 396 1734 1961 440 1735 1781 441 1736 1784 396 1737 1781 441 1738 1783 442 1739 1784 396 1740 1783 442 1741 1960 394 1742 1960 394 1743 1783 442 1744 1719 392 1745 2071 443 1746 2070 444 1747 2136 445 1748 2136 445 1749 2070 444 1750 1721 393 1751 1721 393 1752 2070 444 1753 1959 395 1754 1959 395 1755 2070 444 1756 2072 397 1757 2072 397 1758 2070 444 1759 2069 446 1760 2072 397 1761 2069 446 1762 1203 399 1763 2069 446 1764 2070 444 1765 2071 443 1766 1771 447 1767 1769 448 1768 1770 449 1769 1770 449 1770 1769 448 1771 1776 450 1772 1770 449 1773 1776 450 1774 1775 451 1775 1775 451 1776 1776 450 1777 1763 452 1778 1775 451 1779 1763 452 1780 1762 453 1781 1762 453 1782 1763 452 1783 1755 454 1784 1762 453 1785 1755 454 1786 1754 455 1787 1754 455 1788 1755 454 1789 1751 456 1790 1754 455 1791 1751 456 1792 1749 457 1793 1749 457 1794 1751 456 1795 1750 458 1796 1749 457 1797 1750 458 1798 1748 459 1799 1748 459 1800 1750 458 1801 1820 460 1802 1820 460 1803 1750 458 1804 1819 461 1805 1820 460 1806 1819 461 1807 2133 462 1808 2133 462 1809 1819 461 1810 1781 441 1811 1781 441 1812 1819 461 1813 1782 463 1814 1781 441 1815 1782 463 1816 1783 442 1817 1783 442 1818 1782 463 1819 1747 464 1820 1783 442 1821 1747 464 1822 1719 392 1823 1719 392 1824 1747 464 1825 1720 465 1826 1719 392 1827 1720 465 1828 1715 390 1829 1715 390 1830 1720 465 1831 1724 388 1832 1820 460 1833 2132 466 1834 1748 459 1835 1744 467 1836 1750 458 1837 1791 468 1838 1819 461 1839 1750 458 1840 1782 463 1841 1782 463 1842 1750 458 1843 1744 467 1844 1782 463 1845 1744 467 1846 1747 464 1847 1747 464 1848 1744 467 1849 1746 469 1850 1746 469 1851 1744 467 1852 1745 470 1853 1745 470 1854 1744 467 1855 1791 468 1856 1745 470 1857 1791 468 1858 1792 471 1859 1745 470 1860 1792 471 1861 1752 472 1862 1752 472 1863 1792 471 1864 1793 473 1865 1752 472 1866 1793 473 1867 1760 474 1868 1760 474 1869 1793 473 1870 1794 475 1871 1760 474 1872 1794 475 1873 1777 476 1874 1777 476 1875 1794 475 1876 1795 477 1877 1777 476 1878 1795 477 1879 1766 478 1880 1766 478 1881 1795 477 1882 1767 479 1883 1766 478 1884 1767 479 1885 1768 480 1886 1766 478 1887 1768 480 1888 1777 476 1889 1777 476 1890 1768 480 1891 1778 481 1892 1777 476 1893 1778 481 1894 1760 474 1895 1760 474 1896 1778 481 1897 1761 482 1898 1760 474 1899 1761 482 1900 1752 472 1901 1752 472 1902 1761 482 1903 1753 483 1904 1752 472 1905 1753 483 1906 1745 470 1907 1745 470 1908 1753 483 1909 1746 469 1910 1212 484 1911 1210 485 1912 1211 486 1913 1211 486 1914 1210 485 1915 1638 487 1916 1211 486 1917 1638 487 1918 1637 488 1919 1637 488 1920 1638 487 1921 1160 489 1922 1637 488 1923 1160 489 1924 1159 490 1925 1159 490 1926 1160 489 1927 1150 491 1928 1159 490 1929 1150 491 1930 1148 492 1931 1148 492 1932 1150 491 1933 1149 493 1934 1148 492 1935 1149 493 1936 1147 494 1937 1147 494 1938 1149 493 1939 1707 495 1940 1147 494 1941 1707 495 1942 1706 496 1943 1706 496 1944 1707 495 1945 1705 497 1946 1706 496 1947 1705 497 1948 1704 498 1949 1704 498 1950 1705 497 1951 1703 345 1952 1704 498 1953 1703 345 1954 1802 499 1955 1802 499 1956 1703 345 1957 1801 346 1958 1802 499 1959 1801 346 1960 1817 500 1961 1817 500 1962 1801 346 1963 1816 347 1964 1817 500 1965 1816 347 1966 1807 501 1967 1807 501 1968 1816 347 1969 1804 348 1970 1807 501 1971 1804 348 1972 1806 502 1973 1806 502 1974 1804 348 1975 1805 350 1976 1806 502 1977 1805 350 1978 1829 503 1979 1829 503 1980 1805 350 1981 1828 351 1982 1829 503 1983 1828 351 1984 1830 504 1985 1829 503 1986 1830 504 1987 1990 505 1988 1990 505 1989 1830 504 1990 1991 506 1991 1990 505 1992 1991 506 1993 1992 507 1994 1990 505 1995 1992 507 1996 1998 508 1997 1990 505 1998 1998 508 1999 1999 509 2000 1990 505 2001 1999 509 2002 2000 510 2003 1990 505 2004 2000 510 2005 1993 511 2006 1990 505 2007 1993 511 2008 1829 503 2009 1829 503 2010 1993 511 2011 1806 502 2012 1704 498 2013 1802 499 2014 1817 500 2015 1704 498 2016 1817 500 2017 1706 496 2018 1706 496 2019 1817 500 2020 2079 512 2021 2079 512 2022 1817 500 2023 2080 513 2024 2079 512 2025 2080 513 2026 2093 514 2027 2093 514 2028 2080 513 2029 2094 515 2030 2093 514 2031 2094 515 2032 2103 516 2033 2103 516 2034 2094 515 2035 2101 517 2036 2103 516 2037 2101 517 2038 2100 518 2039 2100 518 2040 2101 517 2041 2102 519 2042 2100 518 2043 2102 519 2044 2110 520 2045 2100 518 2046 2110 520 2047 2109 521 2048 2109 521 2049 2110 520 2050 2111 522 2051 1913 523 2052 1912 524 2053 1905 525 2054 1905 525 2055 1912 524 2056 1911 526 2057 1905 525 2058 1911 526 2059 1906 527 2060 1906 527 2061 1911 526 2062 1899 528 2063 1899 528 2064 1911 526 2065 1902 529 2066 1899 528 2067 1902 529 2068 1891 530 2069 1891 530 2070 1902 529 2071 1897 531 2072 1891 530 2073 1897 531 2074 1896 532 2075 1891 530 2076 1896 532 2077 1892 533 2078 1892 533 2079 1896 532 2080 1927 534 2081 1892 533 2082 1927 534 2083 1918 535 2084 1918 535 2085 1927 534 2086 1929 536 2087 1918 535 2088 1929 536 2089 1933 537 2090 1933 537 2091 1929 536 2092 1928 538 2093 1933 537 2094 1928 538 2095 1932 539 2096 1932 539 2097 1928 538 2098 1713 540 2099 1713 540 2100 1928 538 2101 1931 541 2102 1713 540 2103 1931 541 2104 2138 412 2105 1713 540 2106 2138 412 2107 1712 411 2108 1713 540 2109 1712 411 2110 1682 542 2111 1682 542 2112 1712 411 2113 1225 431 2114 1682 542 2115 1225 431 2116 1679 543 2117 1679 543 2118 1225 431 2119 1201 401 2120 1679 543 2121 1201 401 2122 1203 399 2123 1679 543 2124 1203 399 2125 2055 544 2126 2055 544 2127 1203 399 2128 2069 446 2129 2055 544 2130 2069 446 2131 2067 545 2132 2067 545 2133 2069 446 2134 2068 546 2135 2067 545 2136 2068 546 2137 2060 547 2138 2060 547 2139 2068 546 2140 1962 548 2141 2060 547 2142 1962 548 2143 1945 549 2144 1945 549 2145 1962 548 2146 1942 550 2147 1945 549 2148 1942 550 2149 1944 551 2150 1944 551 2151 1942 550 2152 1943 552 2153 1944 551 2154 1943 552 2155 1951 553 2156 1951 553 2157 1943 552 2158 1950 554 2159 1951 553 2160 1950 554 2161 1984 555 2162 1984 555 2163 1950 554 2164 1981 556 2165 1984 555 2166 1981 556 2167 1972 557 2168 1972 557 2169 1981 556 2170 1970 558 2171 1972 557 2172 1970 558 2173 1971 559 2174 1971 559 2175 1970 558 2176 1983 560 2177 1983 560 2178 1970 558 2179 1981 556 2180 1983 560 2181 1981 556 2182 1982 561 2183 1982 561 2184 1981 556 2185 1950 554 2186 1982 561 2187 1950 554 2188 1966 562 2189 1966 562 2190 1950 554 2191 1943 552 2192 1966 562 2193 1943 552 2194 1965 563 2195 1965 563 2196 1943 552 2197 1942 550 2198 1965 563 2199 1942 550 2200 1964 564 2201 1964 564 2202 1942 550 2203 1962 548 2204 1964 564 2205 1962 548 2206 1963 565 2207 1963 565 2208 1962 548 2209 2073 566 2210 2073 566 2211 1962 548 2212 2068 546 2213 2073 566 2214 2068 546 2215 2069 446 2216 1929 536 2217 1927 534 2218 1930 567 2219 1929 536 2220 1930 567 2221 1928 538 2222 1928 538 2223 1930 567 2224 1931 541 2225 1918 535 2226 1889 568 2227 1892 533 2228 1892 533 2229 1889 568 2230 1891 530 2231 1891 530 2232 1889 568 2233 1890 569 2234 1891 530 2235 1890 569 2236 1899 528 2237 1899 528 2238 1890 569 2239 1898 570 2240 1899 528 2241 1898 570 2242 1906 527 2243 1906 527 2244 1898 570 2245 1903 571 2246 1906 527 2247 1903 571 2248 1905 525 2249 1905 525 2250 1903 571 2251 1904 572 2252 1905 525 2253 1904 572 2254 1915 573 2255 1915 573 2256 1904 572 2257 1937 574 2258 1937 574 2259 1904 572 2260 1903 571 2261 1937 574 2262 1903 571 2263 1936 575 2264 1936 575 2265 1903 571 2266 1898 570 2267 1936 575 2268 1898 570 2269 1935 576 2270 1935 576 2271 1898 570 2272 1890 569 2273 1935 576 2274 1890 569 2275 1934 577 2276 1934 577 2277 1890 569 2278 1889 568 2279 1934 577 2280 1889 568 2281 1917 578 2282 1917 578 2283 1889 568 2284 1916 579 2285 1916 579 2286 1889 568 2287 1918 535 2288 1916 579 2289 1918 535 2290 1922 580 2291 1916 579 2292 1922 580 2293 1925 581 2294 1925 581 2295 1922 580 2296 1926 582 2297 1925 581 2298 1926 582 2299 1924 583 2300 1923 584 2301 1713 540 2302 1682 542 2303 1923 584 2304 1682 542 2305 1679 543 2306 1923 584 2307 1679 543 2308 2055 544 2309 1923 584 2310 2055 544 2311 2056 585 2312 2056 585 2313 2055 544 2314 2057 586 2315 2056 585 2316 2057 586 2317 2039 587 2318 2039 587 2319 2057 586 2320 2038 588 2321 2039 587 2322 2038 588 2323 2030 589 2324 2030 589 2325 2038 588 2326 2027 590 2327 2030 589 2328 2027 590 2329 2029 591 2330 2029 591 2331 2027 590 2332 2028 592 2333 2029 591 2334 2028 592 2335 2035 593 2336 2035 593 2337 2028 592 2338 2034 594 2339 2035 593 2340 2034 594 2341 2050 595 2342 2050 595 2343 2034 594 2344 2049 596 2345 2050 595 2346 2049 596 2347 2042 597 2348 2042 597 2349 2049 596 2350 2040 598 2351 2042 597 2352 2040 598 2353 2041 599 2354 2041 599 2355 2040 598 2356 2078 600 2357 2078 600 2358 2040 598 2359 2049 596 2360 2078 600 2361 2049 596 2362 2077 601 2363 2077 601 2364 2049 596 2365 2034 594 2366 2077 601 2367 2034 594 2368 2076 602 2369 2076 602 2370 2034 594 2371 2028 592 2372 2076 602 2373 2028 592 2374 2075 603 2375 2075 603 2376 2028 592 2377 2027 590 2378 2075 603 2379 2027 590 2380 2074 604 2381 2074 604 2382 2027 590 2383 2038 588 2384 2074 604 2385 2038 588 2386 2060 547 2387 2060 547 2388 2038 588 2389 2067 545 2390 2067 545 2391 2038 588 2392 2057 586 2393 2067 545 2394 2057 586 2395 2055 544 2396 2039 587 2397 2019 605 2398 2059 606 2399 2039 587 2400 2059 606 2401 2056 585 2402 2056 585 2403 2059 606 2404 1923 584 2405 2090 607 2406 2118 416 2407 1151 608 2408 1151 608 2409 2118 416 2410 2117 432 2411 1151 608 2412 2117 432 2413 2141 609 2414 2141 609 2415 2117 432 2416 2143 433 2417 2141 609 2418 2143 433 2419 2142 610 2420 2142 610 2421 2143 433 2422 2138 412 2423 2142 610 2424 2138 412 2425 2140 611 2426 2140 611 2427 2138 412 2428 1931 541 2429 2140 611 2430 1931 541 2431 1871 612 2432 1871 612 2433 1931 541 2434 1872 613 2435 1871 612 2436 1872 613 2437 1832 614 2438 1832 614 2439 1872 613 2440 1873 615 2441 1832 614 2442 1873 615 2443 1874 616 2444 1832 614 2445 1874 616 2446 1833 617 2447 1833 617 2448 1874 616 2449 1875 618 2450 1833 617 2451 1875 618 2452 1844 619 2453 1844 619 2454 1875 618 2455 1876 620 2456 1844 619 2457 1876 620 2458 1850 621 2459 1850 621 2460 1876 620 2461 1877 622 2462 1850 621 2463 1877 622 2464 1869 623 2465 1869 623 2466 1877 622 2467 1878 624 2468 1869 623 2469 1878 624 2470 1862 625 2471 1862 625 2472 1878 624 2473 1863 626 2474 1862 625 2475 1863 626 2476 1864 627 2477 1862 625 2478 1864 627 2479 1869 623 2480 1869 623 2481 1864 627 2482 1870 628 2483 1869 623 2484 1870 628 2485 1850 621 2486 1850 621 2487 1870 628 2488 1851 629 2489 1850 621 2490 1851 629 2491 1844 619 2492 1844 619 2493 1851 629 2494 1845 630 2495 1844 619 2496 1845 630 2497 1833 617 2498 1833 617 2499 1845 630 2500 1834 631 2501 1833 617 2502 1834 631 2503 1832 614 2504 1832 614 2505 1834 631 2506 1835 632 2507 1832 614 2508 1835 632 2509 1871 612 2510 1871 612 2511 1835 632 2512 2134 633 2513 1871 612 2514 2134 633 2515 2140 611 2516 2140 611 2517 2134 633 2518 2139 634 2519 2140 611 2520 2139 634 2521 2141 609 2522 2141 609 2523 2139 634 2524 1152 635 2525 2141 609 2526 1152 635 2527 1151 608 2528 1151 608 2529 1152 635 2530 1153 636 2531 1151 608 2532 1153 636 2533 1158 637 2534 1158 637 2535 1153 636 2536 1140 638 2537 1140 638 2538 1153 636 2539 1141 639 2540 1140 638 2541 1141 639 2542 1142 640 2543 1142 640 2544 1141 639 2545 1143 641 2546 1142 640 2547 1143 641 2548 1635 642 2549 1635 642 2550 1143 641 2551 1636 643 2552 1635 642 2553 1636 643 2554 1204 644 2555 1204 644 2556 1636 643 2557 1205 645 2558 1204 644 2559 1205 645 2560 1206 646 2561 2141 609 2562 2142 610 2563 2140 611 2564 2139 634 2565 2134 633 2566 1835 632 2567 2139 634 2568 1835 632 2569 1152 635 2570 1152 635 2571 1835 632 2572 1837 647 2573 1837 647 2574 1835 632 2575 1836 648 2576 1837 647 2577 1836 648 2578 1847 649 2579 1847 649 2580 1836 648 2581 1846 650 2582 1847 649 2583 1846 650 2584 1853 651 2585 1853 651 2586 1846 650 2587 1852 652 2588 1853 651 2589 1852 652 2590 1866 653 2591 1866 653 2592 1852 652 2593 1865 654 2594 1866 653 2595 1865 654 2596 1859 655 2597 1859 655 2598 1865 654 2599 1860 656 2600 1859 655 2601 1860 656 2602 1861 657 2603 2019 605 2604 2020 658 2605 2021 659 2606 2021 659 2607 2020 658 2608 2022 660 2609 2021 659 2610 2022 660 2611 2032 661 2612 2032 661 2613 2022 660 2614 2033 662 2615 2032 661 2616 2033 662 2617 2036 663 2618 2036 663 2619 2033 662 2620 2037 664 2621 2036 663 2622 2037 664 2623 2051 665 2624 2036 663 2625 2051 665 2626 2052 666 2627 2052 666 2628 2051 665 2629 2047 667 2630 2052 666 2631 2047 667 2632 2046 668 2633 2046 668 2634 2047 667 2635 2048 669 2636 1879 670 2637 1880 671 2638 1881 672 2639 1881 672 2640 1880 671 2641 1882 673 2642 1881 672 2643 1882 673 2644 1883 674 2645 1883 674 2646 1882 673 2647 1884 675 2648 1883 674 2649 1884 675 2650 1885 676 2651 1883 674 2652 1885 676 2653 1886 677 2654 1886 677 2655 1885 676 2656 1887 678 2657 1886 677 2658 1887 678 2659 1888 679 2660 1888 679 2661 1887 678 2662 2115 680 2663 1888 679 2664 2115 680 2665 2106 681 2666 2106 681 2667 2115 680 2668 2107 682 2669 2106 681 2670 2107 682 2671 2108 683 2672 2106 681 2673 2108 683 2674 1888 679 2675 1888 679 2676 2108 683 2677 2105 684 2678 1888 679 2679 2105 684 2680 2104 685 2681 1888 679 2682 2104 685 2683 1886 677 2684 1886 677 2685 2104 685 2686 1883 674 2687 1883 674 2688 2104 685 2689 2095 686 2690 1883 674 2691 2095 686 2692 1881 672 2693 1881 672 2694 2095 686 2695 2090 607 2696 1881 672 2697 2090 607 2698 1879 670 2699 72 687 2700 73 688 2701 74 689 2702 74 689 2703 73 688 2704 75 690 2705 74 689 2706 75 690 2707 77 691 2708 77 691 2709 75 690 2710 78 692 2711 78 692 2712 75 690 2713 76 693 2714 76 693 2715 75 690 2716 73 688 2717 76 693 2718 73 688 2719 84 694 2720 84 694 2721 73 688 2722 88 695 2723 88 695 2724 73 688 2725 89 696 2726 88 695 2727 89 696 2728 91 697 2729 91 697 2730 89 696 2731 90 698 2732 90 698 2733 89 696 2734 73 688 2735 90 698 2736 73 688 2737 72 687 2738 1756 699 2739 1790 700 2740 1757 701 2741 1756 699 2742 1757 701 2743 1758 702 2744 1758 702 2745 1757 701 2746 1759 703 2747 1758 702 2748 1759 703 2749 1764 704 2750 1764 704 2751 1759 703 2752 1765 705 2753 1764 704 2754 1765 705 2755 1779 706 2756 1779 706 2757 1765 705 2758 1780 707 2759 1779 706 2760 1780 707 2761 1772 708 2762 1772 708 2763 1780 707 2764 1773 709 2765 1772 708 2766 1773 709 2767 1774 710 2768 1530 711 2769 1531 712 2770 1527 713 2771 1530 711 2772 1527 713 2773 1526 714 2774 1526 714 2775 1527 713 2776 1528 715 2777 1528 715 2778 1527 713 2779 1529 716 2780 55 717 2781 56 718 2782 57 719 2783 57 719 2784 56 718 2785 58 720 2786 57 719 2787 58 720 2788 59 721 2789 57 719 2790 59 721 2791 62 722 2792 62 722 2793 59 721 2794 63 723 2795 62 722 2796 63 723 2797 70 724 2798 62 722 2799 70 724 2800 69 725 2801 69 725 2802 70 724 2803 71 726 2804 69 725 2805 71 726 2806 68 727 2807 69 725 2808 68 727 2809 62 722 2810 62 722 2811 68 727 2812 61 728 2813 62 722 2814 61 728 2815 55 717 2816 62 722 2817 55 717 2818 57 719 2819 1523 729 2820 1532 730 2821 1524 731 2822 1523 729 2823 1524 731 2824 1525 732 2825 1513 733 2826 1522 734 2827 1514 735 2828 1513 733 2829 1514 735 2830 1515 736 2831 1502 737 2832 1512 738 2833 1503 739 2834 1502 737 2835 1503 739 2836 1504 740 2837 1458 741 2838 1459 742 2839 1460 743 2840 1458 741 2841 1460 743 2842 1486 744 2843 1458 741 2844 1486 744 2845 1494 745 2846 1494 745 2847 1486 744 2848 1493 746 2849 48 747 2850 49 748 2851 50 749 2852 50 749 2853 49 748 2854 51 750 2855 50 749 2856 51 750 2857 53 751 2858 53 751 2859 51 750 2860 54 752 2861 54 752 2862 51 750 2863 52 753 2864 52 753 2865 51 750 2866 49 748 2867 52 753 2868 49 748 2869 60 754 2870 60 754 2871 49 748 2872 64 755 2873 64 755 2874 49 748 2875 65 756 2876 64 755 2877 65 756 2878 67 757 2879 67 757 2880 65 756 2881 66 758 2882 66 758 2883 65 756 2884 49 748 2885 66 758 2886 49 748 2887 48 747 2888 1490 759 2889 1489 760 2890 1450 761 2891 1490 759 2892 1450 761 2893 1454 762 2894 1454 762 2895 1450 761 2896 1455 763 2897 1455 763 2898 1450 761 2899 1452 764 2900 1455 763 2901 1452 764 2902 1465 765 2903 1484 766 2904 1256 767 2905 1255 768 2906 1255 768 2907 1256 767 2908 1257 769 2909 1255 768 2910 1257 769 2911 1262 770 2912 1255 768 2913 1262 770 2914 1260 771 2915 1260 771 2916 1262 770 2917 1261 772 2918 1260 771 2919 1261 772 2920 1259 773 2921 1259 773 2922 1261 772 2923 1267 774 2924 1259 773 2925 1267 774 2926 1479 775 2927 1479 775 2928 1267 774 2929 1234 776 2930 1479 775 2931 1234 776 2932 1480 777 2933 1480 777 2934 1234 776 2935 1482 778 2936 1480 777 2937 1482 778 2938 1463 779 2939 1480 777 2940 1463 779 2941 1401 780 2942 1401 780 2943 1463 779 2944 1464 781 2945 1401 780 2946 1464 781 2947 1400 782 2948 1400 782 2949 1464 781 2950 1472 783 2951 1400 782 2952 1472 783 2953 1470 784 2954 1470 784 2955 1472 783 2956 1469 785 2957 1470 784 2958 1469 785 2959 1465 765 2960 1465 765 2961 1469 785 2962 1441 786 2963 1465 765 2964 1441 786 2965 1455 763 2966 1455 763 2967 1441 786 2968 1442 787 2969 1455 763 2970 1442 787 2971 1454 762 2972 1454 762 2973 1442 787 2974 1491 788 2975 1454 762 2976 1491 788 2977 1490 759 2978 1490 759 2979 1491 788 2980 1457 789 2981 1490 759 2982 1457 789 2983 1462 790 2984 1462 790 2985 1457 789 2986 1447 791 2987 1462 790 2988 1447 791 2989 1461 792 2990 1461 792 2991 1447 791 2992 1449 793 2993 1461 792 2994 1449 793 2995 1487 794 2996 1487 794 2997 1449 793 2998 1488 795 2999 1487 794 3000 1488 795 3001 1451 796 3002 1451 796 3003 1488 795 3004 1444 797 3005 1451 796 3006 1444 797 3007 1453 798 3008 1453 798 3009 1444 797 3010 1443 799 3011 1453 798 3012 1443 799 3013 1474 800 3014 1474 800 3015 1443 799 3016 1476 801 3017 1474 800 3018 1476 801 3019 1475 802 3020 1474 800 3021 1475 802 3022 1473 803 3023 1473 803 3024 1475 802 3025 1408 804 3026 1473 803 3027 1408 804 3028 1406 805 3029 1406 805 3030 1408 804 3031 1409 806 3032 1406 805 3033 1409 806 3034 1407 807 3035 1407 807 3036 1409 806 3037 1484 766 3038 1407 807 3039 1484 766 3040 1483 808 3041 1483 808 3042 1484 766 3043 1255 768 3044 1483 808 3045 1255 768 3046 1260 771 3047 1483 808 3048 1260 771 3049 1485 809 3050 1485 809 3051 1260 771 3052 1259 773 3053 1485 809 3054 1259 773 3055 1481 810 3056 1481 810 3057 1259 773 3058 1479 775 3059 1481 810 3060 1479 775 3061 1403 811 3062 1403 811 3063 1479 775 3064 1399 812 3065 1403 811 3066 1399 812 3067 1398 813 3068 1398 813 3069 1399 812 3070 1400 782 3071 1398 813 3072 1400 782 3073 1470 784 3074 1398 813 3075 1470 784 3076 1467 814 3077 1467 814 3078 1470 784 3079 1465 765 3080 1467 814 3081 1465 765 3082 1466 815 3083 1466 815 3084 1465 765 3085 1452 764 3086 1466 815 3087 1452 764 3088 1453 798 3089 1453 798 3090 1452 764 3091 1451 796 3092 1451 796 3093 1452 764 3094 1450 761 3095 1451 796 3096 1450 761 3097 1487 794 3098 1487 794 3099 1450 761 3100 1489 760 3101 1487 794 3102 1489 760 3103 1461 792 3104 1461 792 3105 1489 760 3106 1490 759 3107 1461 792 3108 1490 759 3109 1462 790 3110 1400 782 3111 1399 812 3112 1401 780 3113 1401 780 3114 1399 812 3115 1479 775 3116 1401 780 3117 1479 775 3118 1480 777 3119 1257 769 3120 1256 767 3121 1258 816 3122 1403 811 3123 1405 817 3124 1481 810 3125 1481 810 3126 1405 817 3127 1485 809 3128 1234 776 3129 1232 818 3130 1482 778 3131 1447 791 3132 1448 819 3133 1449 793 3134 1449 793 3135 1448 819 3136 1488 795 3137 1483 808 3138 1485 809 3139 1407 807 3140 1407 807 3141 1485 809 3142 1405 817 3143 1407 807 3144 1405 817 3145 1406 805 3146 1406 805 3147 1405 817 3148 1404 820 3149 1404 820 3150 1405 817 3151 1403 811 3152 1404 820 3153 1403 811 3154 1402 821 3155 1402 821 3156 1403 811 3157 1398 813 3158 1402 821 3159 1398 813 3160 1468 822 3161 1468 822 3162 1398 813 3163 1467 814 3164 1468 822 3165 1467 814 3166 1466 815 3167 1468 822 3168 1466 815 3169 1478 823 3170 1478 823 3171 1466 815 3172 1477 824 3173 1478 823 3174 1477 824 3175 1473 803 3176 1473 803 3177 1477 824 3178 1474 800 3179 1474 800 3180 1477 824 3181 1453 798 3182 1453 798 3183 1477 824 3184 1466 815 3185 1402 821 3186 1468 822 3187 1478 823 3188 1402 821 3189 1478 823 3190 1404 820 3191 1404 820 3192 1478 823 3193 1473 803 3194 1404 820 3195 1473 803 3196 1406 805 3197 1488 795 3198 1446 825 3199 1444 797 3200 1444 797 3201 1446 825 3202 1445 826 3203 1444 797 3204 1445 826 3205 1443 799 3206 1443 799 3207 1445 826 3208 1476 801 3209 1231 827 3210 1232 818 3211 1233 828 3212 1233 828 3213 1232 818 3214 1234 776 3215 1233 828 3216 1234 776 3217 1266 829 3218 1266 829 3219 1234 776 3220 1267 774 3221 1266 829 3222 1267 774 3223 1261 772 3224 1447 791 3225 1457 789 3226 1456 830 3227 1456 830 3228 1457 789 3229 1491 788 3230 1456 830 3231 1491 788 3232 1492 831 3233 1492 831 3234 1491 788 3235 1442 787 3236 1492 831 3237 1442 787 3238 1440 832 3239 1440 832 3240 1442 787 3241 1441 786 3242 1440 832 3243 1441 786 3244 1439 833 3245 1439 833 3246 1441 786 3247 1469 785 3248 1439 833 3249 1469 785 3250 1471 834 3251 1471 834 3252 1469 785 3253 1472 783 3254 31 835 3255 32 836 3256 33 837 3257 33 837 3258 32 836 3259 34 838 3260 33 837 3261 34 838 3262 35 839 3263 33 837 3264 35 839 3265 38 840 3266 38 840 3267 35 839 3268 39 841 3269 38 840 3270 39 841 3271 46 842 3272 38 840 3273 46 842 3274 45 843 3275 45 843 3276 46 842 3277 47 844 3278 45 843 3279 47 844 3280 44 845 3281 45 843 3282 44 845 3283 38 840 3284 38 840 3285 44 845 3286 37 846 3287 38 840 3288 37 846 3289 31 835 3290 38 840 3291 31 835 3292 33 837 3293 1290 847 3294 1347 848 3295 1397 849 3296 1290 847 3297 1397 849 3298 1291 850 3299 1276 851 3300 1302 852 3301 1303 853 3302 1276 851 3303 1303 853 3304 1289 854 3305 1289 854 3306 1303 853 3307 1347 848 3308 1289 854 3309 1347 848 3310 1293 855 3311 1293 855 3312 1347 848 3313 1290 847 3314 1293 855 3315 1290 847 3316 1292 856 3317 1292 856 3318 1290 847 3319 1291 850 3320 1292 856 3321 1291 850 3322 1342 857 3323 1292 856 3324 1342 857 3325 1355 858 3326 1292 856 3327 1355 858 3328 1354 859 3329 1354 859 3330 1355 858 3331 1370 860 3332 1354 859 3333 1370 860 3334 1369 861 3335 1369 861 3336 1370 860 3337 1344 862 3338 1369 861 3339 1344 862 3340 1434 863 3341 1434 863 3342 1344 862 3343 1339 864 3344 1434 863 3345 1339 864 3346 1341 865 3347 1341 865 3348 1339 864 3349 1340 866 3350 1340 866 3351 1339 864 3352 1344 862 3353 1289 854 3354 1293 855 3355 1295 867 3356 1343 868 3357 1293 855 3358 1292 856 3359 1343 868 3360 1292 856 3361 1356 869 3362 1356 869 3363 1292 856 3364 1354 859 3365 1356 869 3366 1354 859 3367 1371 870 3368 1371 870 3369 1354 859 3370 1369 861 3371 1371 870 3372 1369 861 3373 1434 863 3374 1371 870 3375 1434 863 3376 1341 865 3377 1387 871 3378 1302 852 3379 1277 872 3380 1277 872 3381 1302 852 3382 1276 851 3383 1277 872 3384 1276 851 3385 1275 873 3386 1275 873 3387 1276 851 3388 1274 874 3389 1274 874 3390 1276 851 3391 1288 875 3392 1288 875 3393 1276 851 3394 1289 854 3395 1288 875 3396 1289 854 3397 1287 876 3398 1287 876 3399 1289 854 3400 1295 867 3401 1287 876 3402 1295 867 3403 1328 877 3404 1328 877 3405 1295 867 3406 1329 878 3407 1328 877 3408 1329 878 3409 1349 879 3410 1349 879 3411 1329 878 3412 1348 880 3413 1349 879 3414 1348 880 3415 1383 881 3416 1349 879 3417 1383 881 3418 1382 882 3419 1382 882 3420 1383 881 3421 1333 883 3422 1382 882 3423 1333 883 3424 1332 884 3425 1332 884 3426 1333 883 3427 1331 885 3428 1332 884 3429 1331 885 3430 1418 886 3431 1418 886 3432 1331 885 3433 1419 887 3434 1419 887 3435 1331 885 3436 1333 883 3437 1330 888 3438 1287 876 3439 1328 877 3440 1330 888 3441 1328 877 3442 1350 889 3443 1350 889 3444 1328 877 3445 1349 879 3446 1350 889 3447 1349 879 3448 1384 890 3449 1384 890 3450 1349 879 3451 1382 882 3452 1384 890 3453 1382 882 3454 1418 886 3455 1418 886 3456 1382 882 3457 1332 884 3458 1297 891 3459 1315 892 3460 1296 893 3461 1297 891 3462 1296 893 3463 1288 875 3464 1297 891 3465 1288 875 3466 1287 876 3467 1297 891 3468 1287 876 3469 1316 894 3470 1297 891 3471 1316 894 3472 1307 895 3473 1307 895 3474 1316 894 3475 1309 896 3476 1307 895 3477 1309 896 3478 1308 897 3479 1307 895 3480 1308 897 3481 1306 898 3482 1306 898 3483 1308 897 3484 1412 899 3485 1306 898 3486 1412 899 3487 1414 900 3488 1414 900 3489 1412 899 3490 1411 901 3491 1414 900 3492 1411 901 3493 1413 902 3494 1413 902 3495 1411 901 3496 1410 903 3497 1410 903 3498 1411 901 3499 1412 899 3500 1410 903 3501 1412 899 3502 1308 897 3503 1306 898 3504 1414 900 3505 1317 904 3506 1306 898 3507 1317 904 3508 1307 895 3509 1307 895 3510 1317 904 3511 1318 905 3512 1307 895 3513 1318 905 3514 1315 892 3515 1307 895 3516 1315 892 3517 1297 891 3518 1335 906 3519 1294 907 3520 1293 855 3521 1293 855 3522 1294 907 3523 1295 867 3524 1295 867 3525 1294 907 3526 1334 908 3527 1334 908 3528 1294 907 3529 1336 909 3530 1334 908 3531 1336 909 3532 1358 910 3533 1358 910 3534 1336 909 3535 1360 911 3536 1360 911 3537 1336 909 3538 1359 912 3539 1360 911 3540 1359 912 3541 1424 913 3542 1424 913 3543 1359 912 3544 1372 914 3545 1424 913 3546 1372 914 3547 1425 915 3548 1424 913 3549 1425 915 3550 1423 916 3551 1423 916 3552 1425 915 3553 1427 917 3554 1423 916 3555 1427 917 3556 1426 918 3557 1423 916 3558 1426 918 3559 1424 913 3560 1424 913 3561 1426 918 3562 1360 911 3563 1372 914 3564 1359 912 3565 1336 909 3566 1372 914 3567 1336 909 3568 1357 919 3569 1357 919 3570 1336 909 3571 1335 906 3572 1335 906 3573 1336 909 3574 1294 907 3575 1280 920 3576 1281 921 3577 1282 922 3578 1282 922 3579 1281 921 3580 1433 923 3581 1433 923 3582 1281 921 3583 1285 924 3584 1285 924 3585 1281 921 3586 1280 920 3587 1285 924 3588 1280 920 3589 1283 925 3590 1283 925 3591 1280 920 3592 1282 922 3593 1283 925 3594 1282 922 3595 1284 926 3596 1283 925 3597 1284 926 3598 1393 927 3599 1283 925 3600 1393 927 3601 1389 928 3602 1389 928 3603 1393 927 3604 1347 848 3605 1389 928 3606 1347 848 3607 1346 929 3608 1346 929 3609 1347 848 3610 1303 853 3611 1285 924 3612 1283 925 3613 1286 930 3614 1286 930 3615 1283 925 3616 1389 928 3617 1286 930 3618 1389 928 3619 1346 929 3620 1364 931 3621 1366 932 3622 1365 933 3623 1364 931 3624 1365 933 3625 1352 934 3626 1366 932 3627 1364 931 3628 1435 935 3629 1366 932 3630 1435 935 3631 1367 936 3632 1366 932 3633 1367 936 3634 1368 937 3635 1366 932 3636 1368 937 3637 1365 933 3638 1365 933 3639 1368 937 3640 1495 938 3641 1365 933 3642 1495 938 3643 1353 939 3644 1365 933 3645 1353 939 3646 1351 940 3647 1365 933 3648 1351 940 3649 1352 934 3650 1352 934 3651 1351 940 3652 1301 941 3653 1352 934 3654 1301 941 3655 1345 942 3656 1345 942 3657 1301 941 3658 1269 943 3659 1345 942 3660 1269 943 3661 1337 944 3662 1337 944 3663 1269 943 3664 1299 945 3665 1299 945 3666 1269 943 3667 1298 946 3668 1299 945 3669 1298 946 3670 1363 947 3671 1363 947 3672 1298 946 3673 1361 948 3674 1363 947 3675 1361 948 3676 1374 949 3677 1374 949 3678 1361 948 3679 1362 950 3680 1374 949 3681 1362 950 3682 1373 951 3683 1374 949 3684 1373 951 3685 1428 952 3686 1428 952 3687 1373 951 3688 1429 953 3689 1428 952 3690 1429 953 3691 1430 954 3692 1428 952 3693 1430 954 3694 1431 955 3695 1428 952 3696 1431 955 3697 1374 949 3698 1374 949 3699 1431 955 3700 1375 956 3701 1374 949 3702 1375 956 3703 1363 947 3704 1353 939 3705 1301 941 3706 1351 940 3707 1362 950 3708 1361 948 3709 1298 946 3710 1362 950 3711 1298 946 3712 1338 957 3713 1338 957 3714 1298 946 3715 1268 958 3716 1268 958 3717 1298 946 3718 1269 943 3719 1353 939 3720 1300 959 3721 1301 941 3722 1301 941 3723 1300 959 3724 1253 960 3725 1301 941 3726 1253 960 3727 1269 943 3728 1269 943 3729 1253 960 3730 1252 961 3731 1269 943 3732 1252 961 3733 1270 962 3734 1269 943 3735 1270 962 3736 1268 958 3737 1268 958 3738 1270 962 3739 1271 963 3740 1268 958 3741 1271 963 3742 1338 957 3743 1338 957 3744 1271 963 3745 1305 964 3746 1305 964 3747 1271 963 3748 1304 965 3749 1304 965 3750 1271 963 3751 1327 966 3752 1304 965 3753 1327 966 3754 1379 967 3755 1379 967 3756 1327 966 3757 1378 968 3758 1379 967 3759 1378 968 3760 1377 969 3761 1377 969 3762 1378 968 3763 1376 970 3764 1377 969 3765 1376 970 3766 1422 971 3767 1422 971 3768 1376 970 3769 1420 972 3770 1422 971 3771 1420 972 3772 1421 973 3773 1422 971 3774 1421 973 3775 1437 974 3776 1422 971 3777 1437 974 3778 1381 975 3779 1422 971 3780 1381 975 3781 1377 969 3782 1377 969 3783 1381 975 3784 1380 976 3785 1377 969 3786 1380 976 3787 1379 967 3788 1379 967 3789 1380 976 3790 1304 965 3791 1271 963 3792 1270 962 3793 1263 977 3794 1378 968 3795 1327 966 3796 1326 978 3797 1253 960 3798 1300 959 3799 1254 979 3800 1253 960 3801 1254 979 3802 1252 961 3803 1252 961 3804 1254 979 3805 1501 980 3806 1314 981 3807 1310 982 3808 1496 983 3809 1496 983 3810 1310 982 3811 1264 984 3812 1496 983 3813 1264 984 3814 1263 977 3815 1263 977 3816 1264 984 3817 1265 985 3818 1263 977 3819 1265 985 3820 1271 963 3821 1271 963 3822 1265 985 3823 1327 966 3824 1327 966 3825 1265 985 3826 1264 984 3827 1327 966 3828 1264 984 3829 1326 978 3830 1326 978 3831 1264 984 3832 1323 986 3833 1323 986 3834 1264 984 3835 1312 987 3836 1312 987 3837 1264 984 3838 1311 988 3839 1312 987 3840 1311 988 3841 1322 989 3842 1322 989 3843 1311 988 3844 1321 990 3845 1322 989 3846 1321 990 3847 1320 991 3848 1320 991 3849 1321 990 3850 1319 992 3851 1320 991 3852 1319 992 3853 1415 993 3854 1320 991 3855 1415 993 3856 1417 994 3857 1417 994 3858 1415 993 3859 1416 995 3860 1417 994 3861 1416 995 3862 1436 996 3863 1417 994 3864 1436 996 3865 1325 997 3866 1417 994 3867 1325 997 3868 1320 991 3869 1320 991 3870 1325 997 3871 1324 998 3872 1320 991 3873 1324 998 3874 1322 989 3875 1322 989 3876 1324 998 3877 1312 987 3878 1313 999 3879 1321 990 3880 1311 988 3881 1313 999 3882 1311 988 3883 1314 981 3884 1314 981 3885 1311 988 3886 1310 982 3887 1310 982 3888 1311 988 3889 1264 984 3890 1247 1000 3891 1235 1001 3892 1438 1002 3893 1438 1002 3894 1235 1001 3895 1237 1003 3896 1237 1003 3897 1235 1001 3898 1236 1004 3899 1236 1004 3900 1235 1001 3901 1248 1005 3902 1236 1004 3903 1248 1005 3904 1251 1006 3905 1251 1006 3906 1248 1005 3907 1250 1007 3908 1251 1006 3909 1250 1007 3910 1244 1008 3911 1244 1008 3912 1250 1007 3913 1246 1009 3914 1244 1008 3915 1246 1009 3916 1245 1010 3917 1244 1008 3918 1245 1010 3919 1243 1011 3920 1243 1011 3921 1245 1010 3922 1278 1012 3923 1243 1011 3924 1278 1012 3925 1273 1013 3926 1243 1011 3927 1273 1013 3928 1272 1014 3929 1243 1011 3930 1272 1014 3931 1497 1015 3932 1243 1011 3933 1497 1015 3934 1498 1016 3935 1243 1011 3936 1498 1016 3937 1244 1008 3938 1244 1008 3939 1498 1016 3940 1499 1017 3941 1244 1008 3942 1499 1017 3943 1251 1006 3944 1251 1006 3945 1499 1017 3946 1500 1018 3947 1251 1006 3948 1500 1018 3949 1236 1004 3950 1278 1012 3951 1245 1010 3952 1279 1019 3953 1237 1003 3954 1236 1004 3955 1238 1020 3956 1235 1001 3957 1247 1000 3958 1248 1005 3959 1248 1005 3960 1247 1000 3961 1249 1021 3962 1248 1005 3963 1249 1021 3964 1388 1022 3965 1248 1005 3966 1388 1022 3967 1250 1007 3968 1125 1023 3969 1105 1024 3970 1108 1025 3971 1125 1023 3972 1108 1025 3973 1126 1026 3974 1125 1023 3975 1126 1026 3976 1134 1027 3977 1134 1027 3978 1126 1026 3979 1135 1028 3980 1134 1027 3981 1135 1028 3982 1728 1029 3983 1134 1027 3984 1728 1029 3985 1729 1030 3986 1729 1030 3987 1728 1029 3988 1735 1031 3989 1735 1031 3990 1728 1029 3991 1740 1032 3992 1105 1024 3993 1106 1033 3994 1107 1034 3995 1105 1024 3996 1107 1034 3997 1108 1025 3998 1108 1025 3999 1107 1034 4000 1685 1035 4001 1108 1025 4002 1685 1035 4003 1126 1026 4004 1126 1026 4005 1685 1035 4006 1686 1036 4007 1126 1026 4008 1686 1036 4009 1135 1028 4010 1135 1028 4011 1686 1036 4012 1687 1037 4013 1135 1028 4014 1687 1037 4015 1728 1029 4016 1728 1029 4017 1687 1037 4018 1732 1038 4019 1728 1029 4020 1732 1038 4021 1740 1032 4022 1740 1032 4023 1732 1038 4024 1743 1039 4025 1740 1032 4026 1743 1039 4027 1739 1040 4028 1740 1032 4029 1739 1040 4030 1735 1031 4031 1735 1031 4032 1739 1040 4033 1738 1041 4034 1735 1031 4035 1738 1041 4036 1737 1042 4037 1685 1035 4038 1107 1034 4039 1723 1043 4040 1919 1044 4041 1920 1045 4042 1113 1046 4043 1919 1044 4044 1113 1046 4045 1921 1047 4046 1113 1046 4047 2135 1048 4048 1114 1049 4049 1112 1050 4050 2131 1050 4051 1113 1046 4052 1112 1050 4053 1113 1046 4054 1111 1051 4055 1111 1051 4056 1113 1046 4057 1114 1049 4058 1111 1051 4059 1114 1049 4060 1127 1052 4061 1111 1051 4062 1127 1052 4063 2031 1053 4064 2031 1053 4065 1127 1052 4066 2026 1054 4067 2031 1053 4068 2026 1054 4069 2024 1055 4070 2024 1055 4071 2026 1054 4072 2025 1056 4073 2024 1055 4074 2025 1056 4075 2023 1057 4076 2023 1057 4077 2025 1056 4078 2054 1058 4079 2054 1058 4080 2025 1056 4081 2053 1059 4082 2054 1058 4083 2053 1059 4084 2043 1060 4085 2043 1060 4086 2053 1059 4087 2044 1061 4088 2043 1060 4089 2044 1061 4090 2045 1062 4091 24 1063 4092 25 1064 4093 26 1065 4094 26 1065 4095 25 1064 4096 27 1066 4097 26 1065 4098 27 1066 4099 29 1067 4100 29 1067 4101 27 1066 4102 30 1068 4103 30 1068 4104 27 1066 4105 28 1069 4106 28 1069 4107 27 1066 4108 25 1064 4109 28 1069 4110 25 1064 4111 36 1070 4112 36 1070 4113 25 1064 4114 40 1071 4115 40 1071 4116 25 1064 4117 41 1072 4118 40 1071 4119 41 1072 4120 43 1073 4121 43 1073 4122 41 1072 4123 42 1074 4124 42 1074 4125 41 1072 4126 25 1064 4127 42 1074 4128 25 1064 4129 24 1063 4130 1974 1075 4131 1975 1076 4132 1973 1077 4133 1974 1075 4134 1973 1077 4135 1977 1078 4136 1977 1078 4137 1973 1077 4138 1980 1079 4139 1977 1078 4140 1980 1079 4141 1978 1080 4142 1977 1078 4143 1978 1080 4144 1952 1081 4145 1952 1081 4146 1978 1080 4147 1947 1082 4148 1952 1081 4149 1947 1082 4150 1946 1083 4151 1946 1083 4152 1947 1082 4153 1939 1084 4154 1946 1083 4155 1939 1084 4156 1099 1085 4157 1099 1085 4158 1939 1084 4159 1100 1086 4160 1099 1085 4161 1100 1086 4162 1098 1087 4163 1098 1087 4164 1100 1086 4165 1798 1088 4166 1798 1088 4167 1100 1086 4168 1799 1089 4169 1798 1088 4170 1799 1089 4171 1796 1090 4172 1798 1088 4173 1796 1090 4174 1797 1091 4175 1953 1092 4176 1100 1086 4177 1939 1084 4178 7 1093 4179 8 1094 4180 9 1095 4181 9 1095 4182 8 1094 4183 10 1096 4184 9 1095 4185 10 1096 4186 11 1097 4187 9 1095 4188 11 1097 4189 14 1098 4190 14 1098 4191 11 1097 4192 15 1099 4193 14 1098 4194 15 1099 4195 22 1100 4196 14 1098 4197 22 1100 4198 21 1101 4199 21 1101 4200 22 1100 4201 23 1102 4202 21 1101 4203 23 1102 4204 20 1103 4205 21 1101 4206 20 1103 4207 14 1098 4208 14 1098 4209 20 1103 4210 13 1104 4211 14 1098 4212 13 1104 4213 7 1093 4214 14 1098 4215 7 1093 4216 9 1095 4217 1083 1105 4218 1084 1106 4219 1076 1107 4220 1083 1105 4221 1076 1107 4222 1048 1108 4223 1048 1108 4224 1076 1107 4225 1049 1109 4226 1048 1108 4227 1049 1109 4228 1050 1110 4229 1035 1111 4230 1041 1112 4231 1040 1113 4232 1035 1111 4233 1040 1113 4234 1033 1114 4235 1033 1114 4236 1040 1113 4237 1065 1115 4238 1065 1115 4239 1040 1113 4240 1067 1116 4241 1065 1115 4242 1067 1116 4243 1063 1117 4244 995 1118 4245 997 1119 4246 996 1120 4247 995 1118 4248 996 1120 4249 994 1121 4250 994 1121 4251 996 1120 4252 1063 1117 4253 994 1121 4254 1063 1117 4255 1068 1122 4256 1068 1122 4257 1063 1117 4258 1067 1116 4259 1068 1122 4260 1067 1116 4261 1056 1123 4262 1056 1123 4263 1067 1116 4264 1040 1113 4265 1056 1123 4266 1040 1113 4267 1042 1124 4268 1042 1124 4269 1040 1113 4270 1041 1112 4271 1042 1124 4272 1041 1112 4273 1043 1125 4274 1042 1124 4275 1043 1125 4276 1044 1126 4277 1044 1126 4278 1043 1125 4279 1045 1127 4280 1045 1127 4281 1043 1125 4282 1080 1128 4283 1056 1123 4284 1042 1124 4285 1058 1129 4286 1058 1129 4287 1042 1124 4288 1044 1126 4289 1052 1130 4290 1047 1131 4291 1080 1128 4292 1080 1128 4293 1047 1131 4294 1081 1132 4295 1080 1128 4296 1081 1132 4297 1045 1127 4298 1045 1127 4299 1081 1132 4300 1032 1133 4301 1045 1127 4302 1032 1133 4303 1044 1126 4304 1044 1126 4305 1032 1133 4306 1030 1134 4307 1044 1126 4308 1030 1134 4309 1058 1129 4310 1058 1129 4311 1030 1134 4312 1060 1135 4313 1058 1129 4314 1060 1135 4315 1059 1136 4316 1058 1129 4317 1059 1136 4318 1057 1137 4319 1058 1129 4320 1057 1137 4321 1056 1123 4322 1056 1123 4323 1057 1137 4324 1055 1138 4325 1056 1123 4326 1055 1138 4327 1068 1122 4328 1068 1122 4329 1055 1138 4330 992 1139 4331 1068 1122 4332 992 1139 4333 994 1121 4334 994 1121 4335 992 1139 4336 993 1140 4337 994 1121 4338 993 1140 4339 995 1118 4340 995 1118 4341 993 1140 4342 1071 1141 4343 995 1118 4344 1071 1141 4345 1075 1142 4346 995 1118 4347 1075 1142 4348 997 1119 4349 997 1119 4350 1075 1142 4351 1074 1143 4352 1057 1137 4353 1059 1136 4354 988 1144 4355 1057 1137 4356 988 1144 4357 1055 1138 4358 1055 1138 4359 988 1144 4360 992 1139 4361 992 1139 4362 988 1144 4363 993 1140 4364 1074 1143 4365 1073 1145 4366 997 1119 4367 997 1119 4368 1073 1145 4369 998 1146 4370 997 1119 4371 998 1146 4372 996 1120 4373 996 1120 4374 998 1146 4375 999 1147 4376 996 1120 4377 999 1147 4378 1063 1117 4379 1063 1117 4380 999 1147 4381 1064 1148 4382 1063 1117 4383 1064 1148 4384 1065 1115 4385 1065 1115 4386 1064 1148 4387 1066 1149 4388 1065 1115 4389 1066 1149 4390 1033 1114 4391 1033 1114 4392 1066 1149 4393 1034 1150 4394 1033 1114 4395 1034 1150 4396 1035 1111 4397 1035 1111 4398 1034 1150 4399 1036 1151 4400 1035 1111 4401 1036 1151 4402 1078 1152 4403 1035 1111 4404 1078 1152 4405 1041 1112 4406 1041 1112 4407 1078 1152 4408 1077 1153 4409 1041 1112 4410 1077 1153 4411 1043 1125 4412 1043 1125 4413 1077 1153 4414 1079 1154 4415 1043 1125 4416 1079 1154 4417 1080 1128 4418 1080 1128 4419 1079 1154 4420 1051 1155 4421 1080 1128 4422 1051 1155 4423 1052 1130 4424 1052 1130 4425 1051 1155 4426 1037 1156 4427 1052 1130 4428 1037 1156 4429 1047 1131 4430 1047 1131 4431 1037 1156 4432 1046 1157 4433 1047 1131 4434 1046 1157 4435 1081 1132 4436 1081 1132 4437 1046 1157 4438 1082 1158 4439 1081 1132 4440 1082 1158 4441 1032 1133 4442 1032 1133 4443 1082 1158 4444 1031 1159 4445 1032 1133 4446 1031 1159 4447 1030 1134 4448 1030 1134 4449 1031 1159 4450 1029 1160 4451 1030 1134 4452 1029 1160 4453 1060 1135 4454 1060 1135 4455 1029 1160 4456 1062 1161 4457 1060 1135 4458 1062 1161 4459 1061 1162 4460 1060 1135 4461 1061 1162 4462 1059 1136 4463 1059 1136 4464 1061 1162 4465 989 1163 4466 1059 1136 4467 989 1163 4468 988 1144 4469 988 1144 4470 989 1163 4471 990 1164 4472 988 1144 4473 990 1164 4474 993 1140 4475 993 1140 4476 990 1164 4477 1069 1165 4478 993 1140 4479 1069 1165 4480 1071 1141 4481 1071 1141 4482 1069 1165 4483 849 1166 4484 1071 1141 4485 849 1166 4486 1075 1142 4487 1075 1142 4488 849 1166 4489 851 1167 4490 1075 1142 4491 851 1167 4492 1074 1143 4493 1074 1143 4494 851 1167 4495 848 1168 4496 1074 1143 4497 848 1168 4498 1073 1145 4499 1073 1145 4500 848 1168 4501 846 1169 4502 846 1169 4503 848 1168 4504 847 1170 4505 846 1169 4506 847 1170 4507 845 1171 4508 1051 1155 4509 1038 1172 4510 1037 1156 4511 1037 1156 4512 1038 1172 4513 1039 1173 4514 1039 1173 4515 1038 1172 4516 1078 1152 4517 1078 1152 4518 1038 1172 4519 1077 1153 4520 1077 1153 4521 1038 1172 4522 1051 1155 4523 1077 1153 4524 1051 1155 4525 1079 1154 4526 856 1174 4527 849 1166 4528 1069 1165 4529 856 1174 4530 1069 1165 4531 821 1175 4532 821 1175 4533 1069 1165 4534 1070 1176 4535 1070 1176 4536 1069 1165 4537 991 1177 4538 991 1177 4539 1069 1165 4540 990 1164 4541 991 1177 4542 990 1164 4543 989 1163 4544 989 1163 4545 1061 1162 4546 1054 1178 4547 989 1163 4548 1054 1178 4549 991 1177 4550 991 1177 4551 1054 1178 4552 1053 1179 4553 991 1177 4554 1053 1179 4555 1070 1176 4556 1070 1176 4557 1053 1179 4558 1072 1180 4559 1070 1176 4560 1072 1180 4561 821 1175 4562 821 1175 4563 1072 1180 4564 822 1181 4565 821 1175 4566 822 1181 4567 823 1182 4568 821 1175 4569 823 1182 4570 857 1183 4571 821 1175 4572 857 1183 4573 856 1174 4574 856 1174 4575 857 1183 4576 850 1184 4577 856 1174 4578 850 1184 4579 849 1166 4580 849 1166 4581 850 1184 4582 851 1167 4583 851 1167 4584 850 1184 4585 852 1185 4586 851 1167 4587 852 1185 4588 848 1168 4589 848 1168 4590 852 1185 4591 847 1170 4592 823 1182 4593 822 1181 4594 824 1186 4595 961 1187 4596 960 1188 4597 944 1189 4598 961 1187 4599 944 1189 4600 946 1190 4601 946 1190 4602 944 1189 4603 881 1191 4604 946 1190 4605 881 1191 4606 933 1192 4607 933 1192 4608 881 1191 4609 883 1193 4610 883 1193 4611 881 1191 4612 880 1194 4613 1024 1195 4614 960 1188 4615 961 1187 4616 1024 1195 4617 961 1187 4618 930 1196 4619 1024 1195 4620 930 1196 4621 929 1197 4622 929 1197 4623 930 1196 4624 931 1198 4625 929 1197 4626 931 1198 4627 934 1199 4628 929 1197 4629 934 1199 4630 1024 1195 4631 1024 1195 4632 934 1199 4633 960 1188 4634 960 1188 4635 934 1199 4636 959 1200 4637 960 1188 4638 959 1200 4639 944 1189 4640 944 1189 4641 959 1200 4642 945 1201 4643 944 1189 4644 945 1201 4645 881 1191 4646 881 1191 4647 945 1201 4648 932 1202 4649 881 1191 4650 932 1202 4651 882 1203 4652 881 1191 4653 882 1203 4654 880 1194 4655 880 1194 4656 882 1203 4657 987 1204 4658 880 1194 4659 987 1204 4660 936 1205 4661 880 1194 4662 936 1205 4663 883 1193 4664 883 1193 4665 936 1205 4666 878 1206 4667 883 1193 4668 878 1206 4669 884 1207 4670 884 1207 4671 878 1206 4672 877 1208 4673 884 1207 4674 877 1208 4675 918 1209 4676 918 1209 4677 877 1208 4678 920 1210 4679 918 1209 4680 920 1210 4681 940 1211 4682 918 1209 4683 940 1211 4684 938 1212 4685 938 1212 4686 940 1211 4687 974 1213 4688 938 1212 4689 974 1213 4690 973 1214 4691 973 1214 4692 974 1213 4693 1008 1215 4694 973 1214 4695 1008 1215 4696 923 1216 4697 923 1216 4698 1008 1215 4699 921 1217 4700 923 1216 4701 921 1217 4702 922 1218 4703 922 1218 4704 921 1217 4705 1009 1219 4706 1009 1219 4707 921 1217 4708 1008 1215 4709 884 1207 4710 918 1209 4711 919 1220 4712 919 1220 4713 918 1209 4714 938 1212 4715 919 1220 4716 938 1212 4717 939 1221 4718 939 1221 4719 938 1212 4720 972 1222 4721 972 1222 4722 938 1212 4723 973 1214 4724 972 1222 4725 973 1214 4726 922 1218 4727 922 1218 4728 973 1214 4729 923 1216 4730 908 1223 4731 1003 1224 4732 899 1225 4733 908 1223 4734 899 1225 4735 897 1226 4736 897 1226 4737 899 1225 4738 898 1227 4739 897 1226 4740 898 1227 4741 896 1228 4742 897 1226 4743 896 1228 4744 906 1229 4745 897 1226 4746 906 1229 4747 887 1230 4748 887 1230 4749 906 1229 4750 877 1208 4751 887 1230 4752 877 1208 4753 879 1231 4754 879 1231 4755 877 1208 4756 878 1206 4757 879 1231 4758 878 1206 4759 866 1232 4760 866 1232 4761 878 1206 4762 893 1233 4763 866 1232 4764 893 1233 4765 892 1234 4766 866 1232 4767 892 1234 4768 864 1235 4769 864 1235 4770 892 1234 4771 977 1236 4772 864 1235 4773 865 1237 4774 866 1232 4775 866 1232 4776 865 1237 4777 867 1238 4778 866 1232 4779 867 1238 4780 879 1231 4781 907 1239 4782 908 1223 4783 897 1226 4784 907 1239 4785 897 1226 4786 905 1240 4787 905 1240 4788 897 1226 4789 887 1230 4790 905 1240 4791 887 1230 4792 886 1241 4793 886 1241 4794 887 1230 4795 879 1231 4796 899 1225 4797 1003 1224 4798 1001 1242 4799 899 1225 4800 1001 1242 4801 898 1227 4802 898 1227 4803 1001 1242 4804 1000 1243 4805 1000 1243 4806 1001 1242 4807 1002 1244 4808 1000 1243 4809 1002 1244 4810 1004 1245 4811 1004 1245 4812 1002 1244 4813 1003 1224 4814 1003 1224 4815 1002 1244 4816 1001 1242 4817 876 1246 4818 872 1247 4819 1023 1248 4820 1023 1248 4821 872 1247 4822 871 1249 4823 871 1249 4824 872 1247 4825 870 1250 4826 871 1249 4827 870 1250 4828 873 1251 4829 873 1251 4830 870 1250 4831 876 1246 4832 873 1251 4833 876 1246 4834 875 1252 4835 873 1251 4836 875 1252 4837 979 1253 4838 979 1253 4839 875 1252 4840 937 1254 4841 979 1253 4842 937 1254 4843 936 1205 4844 936 1205 4845 937 1254 4846 893 1233 4847 936 1205 4848 893 1233 4849 878 1206 4850 876 1246 4851 870 1250 4852 872 1247 4853 979 1253 4854 936 1205 4855 983 1255 4856 979 1253 4857 983 1255 4858 873 1251 4859 873 1251 4860 983 1255 4861 874 1256 4862 873 1251 4863 874 1256 4864 871 1249 4865 950 1257 4866 949 1258 4867 1015 1259 4868 1015 1259 4869 949 1258 4870 1016 1260 4871 1015 1259 4872 1016 1260 4873 1013 1261 4874 1013 1261 4875 1016 1260 4876 1017 1262 4877 1013 1261 4878 1017 1262 4879 1014 1263 4880 1013 1261 4881 1014 1263 4882 1015 1259 4883 1015 1259 4884 1014 1263 4885 962 1264 4886 1015 1259 4887 962 1264 4888 950 1257 4889 950 1257 4890 962 1264 4891 926 1265 4892 950 1257 4893 926 1265 4894 949 1258 4895 949 1258 4896 926 1265 4897 948 1266 4898 948 1266 4899 926 1265 4900 924 1267 4901 924 1267 4902 926 1265 4903 885 1268 4904 924 1267 4905 885 1268 4906 884 1207 4907 884 1207 4908 885 1268 4909 883 1193 4910 883 1193 4911 885 1268 4912 925 1269 4913 925 1269 4914 885 1268 4915 926 1265 4916 925 1269 4917 926 1265 4918 947 1270 4919 947 1270 4920 926 1265 4921 962 1264 4922 0 1271 4923 1 1272 4924 2 1273 4925 2 1273 4926 1 1272 4927 3 1274 4928 2 1273 4929 3 1274 4930 5 1275 4931 5 1275 4932 3 1274 4933 6 1276 4934 6 1276 4935 3 1274 4936 4 1277 4937 4 1277 4938 3 1274 4939 1 1272 4940 4 1277 4941 1 1272 4942 12 1278 4943 12 1278 4944 1 1272 4945 16 1279 4946 16 1279 4947 1 1272 4948 17 1280 4949 16 1279 4950 17 1280 4951 19 1281 4952 19 1281 4953 17 1280 4954 18 1282 4955 18 1282 4956 17 1280 4957 1 1272 4958 18 1282 4959 1 1272 4960 0 1271 4961 837 1283 4962 838 1284 4963 839 1285 4964 837 1283 4965 839 1285 4966 978 1286 4967 978 1286 4968 839 1285 4969 841 1287 4970 841 1287 4971 839 1285 4972 840 1288 4973 841 1287 4974 840 1288 4975 834 1289 4976 841 1287 4977 834 1289 4978 833 1290 4979 833 1290 4980 834 1289 4981 835 1291 4982 835 1291 4983 834 1289 4984 836 1292 4985 868 1293 4986 835 1291 4987 869 1294 4988 869 1294 4989 835 1291 4990 836 1292 4991 869 1294 4992 836 1292 4993 863 1295 4994 863 1295 4995 836 1292 4996 862 1296 4997 862 1296 4998 836 1292 4999 1087 1297 5000 1087 1297 5001 836 1292 5002 1088 1298 5003 1088 1298 5004 836 1292 5005 834 1289 5006 1088 1298 5007 834 1289 5008 1089 1299 5009 1089 1299 5010 834 1289 5011 840 1288 5012 1089 1299 5013 840 1288 5014 1090 1300 5015 1090 1300 5016 840 1288 5017 826 1301 5018 826 1301 5019 840 1288 5020 839 1285 5021 826 1301 5022 839 1285 5023 828 1302 5024 828 1302 5025 839 1285 5026 838 1284 5027 828 1302 5028 838 1284 5029 1028 1303 5030 828 1302 5031 1028 1303 5032 827 1304 5033 828 1302 5034 827 1304 5035 826 1301 5036 826 1301 5037 827 1304 5038 825 1305 5039 2369 1306 5040 2370 1307 5041 2371 1308 5042 2371 1308 5043 2370 1307 5044 2372 1309 5045 2371 1308 5046 2372 1309 5047 2374 1310 5048 2371 1308 5049 2374 1310 5050 2373 1311 5051 723 1312 5052 708 1313 5053 722 1314 5054 723 1312 5055 722 1314 5056 739 1315 5057 739 1315 5058 722 1314 5059 738 1316 5060 739 1315 5061 738 1316 5062 750 1317 5063 750 1317 5064 738 1316 5065 748 1318 5066 750 1317 5067 748 1318 5068 762 1319 5069 762 1319 5070 748 1318 5071 747 1320 5072 762 1319 5073 747 1320 5074 761 1321 5075 761 1321 5076 747 1320 5077 759 1322 5078 761 1321 5079 759 1322 5080 760 1323 5081 761 1321 5082 760 1323 5083 762 1319 5084 762 1319 5085 760 1323 5086 763 1324 5087 762 1319 5088 763 1324 5089 750 1317 5090 750 1317 5091 763 1324 5092 764 1325 5093 750 1317 5094 764 1325 5095 751 1326 5096 750 1317 5097 751 1326 5098 739 1315 5099 739 1315 5100 751 1326 5101 740 1327 5102 739 1315 5103 740 1327 5104 723 1312 5105 763 1324 5106 760 1323 5107 764 1325 5108 746 1328 5109 759 1322 5110 747 1320 5111 691 1329 5112 672 1330 5113 689 1331 5114 689 1331 5115 672 1330 5116 813 1332 5117 689 1331 5118 813 1332 5119 819 1333 5120 819 1333 5121 813 1332 5122 668 1334 5123 819 1333 5124 668 1334 5125 670 1335 5126 670 1335 5127 668 1334 5128 669 1336 5129 670 1335 5130 669 1336 5131 671 1337 5132 671 1337 5133 669 1336 5134 774 1338 5135 671 1337 5136 774 1338 5137 775 1339 5138 775 1339 5139 774 1338 5140 772 1340 5141 775 1339 5142 772 1340 5143 800 1341 5144 800 1341 5145 772 1340 5146 801 1342 5147 801 1342 5148 772 1340 5149 768 1343 5150 801 1342 5151 768 1343 5152 802 1344 5153 802 1344 5154 768 1343 5155 770 1345 5156 770 1345 5157 768 1343 5158 769 1346 5159 770 1345 5160 769 1346 5161 771 1347 5162 771 1347 5163 769 1346 5164 627 1348 5165 627 1348 5166 769 1346 5167 628 1349 5168 627 1348 5169 628 1349 5170 629 1350 5171 629 1350 5172 628 1349 5173 630 1351 5174 629 1350 5175 630 1351 5176 767 1352 5177 767 1352 5178 630 1351 5179 632 1353 5180 767 1352 5181 632 1353 5182 635 1354 5183 635 1354 5184 632 1353 5185 633 1355 5186 635 1354 5187 633 1355 5188 634 1356 5189 634 1356 5190 633 1355 5191 644 1357 5192 634 1356 5193 644 1357 5194 645 1358 5195 645 1358 5196 644 1357 5197 653 1359 5198 645 1358 5199 653 1359 5200 654 1360 5201 654 1360 5202 653 1359 5203 672 1330 5204 654 1360 5205 672 1330 5206 673 1361 5207 673 1361 5208 672 1330 5209 691 1329 5210 673 1361 5211 691 1329 5212 692 1362 5213 692 1362 5214 691 1329 5215 708 1313 5216 708 1313 5217 691 1329 5218 707 1363 5219 708 1313 5220 707 1363 5221 722 1314 5222 722 1314 5223 707 1363 5224 721 1364 5225 722 1314 5226 721 1364 5227 738 1316 5228 738 1316 5229 721 1364 5230 749 1365 5231 738 1316 5232 749 1365 5233 748 1318 5234 748 1318 5235 749 1365 5236 735 1366 5237 748 1318 5238 735 1366 5239 747 1320 5240 747 1320 5241 735 1366 5242 732 1367 5243 747 1320 5244 732 1367 5245 746 1328 5246 746 1328 5247 732 1367 5248 731 1368 5249 731 1368 5250 732 1367 5251 733 1369 5252 733 1369 5253 732 1367 5254 734 1370 5255 733 1369 5256 734 1370 5257 716 1371 5258 716 1371 5259 734 1370 5260 717 1372 5261 716 1371 5262 717 1372 5263 701 1373 5264 701 1373 5265 717 1372 5266 703 1374 5267 701 1373 5268 703 1374 5269 702 1375 5270 702 1375 5271 703 1374 5272 684 1376 5273 702 1375 5274 684 1376 5275 814 1377 5276 814 1377 5277 684 1376 5278 683 1378 5279 814 1377 5280 683 1378 5281 682 1379 5282 682 1379 5283 683 1378 5284 665 1380 5285 682 1379 5286 665 1380 5287 681 1381 5288 681 1381 5289 665 1380 5290 663 1382 5291 663 1382 5292 665 1380 5293 664 1383 5294 663 1382 5295 664 1383 5296 662 1384 5297 662 1384 5298 664 1383 5299 804 1385 5300 662 1384 5301 804 1385 5302 803 1386 5303 632 1353 5304 630 1351 5305 628 1349 5306 732 1367 5307 735 1366 5308 734 1370 5309 681 1381 5310 700 1387 5311 682 1379 5312 682 1379 5313 700 1387 5314 701 1373 5315 682 1379 5316 701 1373 5317 702 1375 5318 682 1379 5319 702 1375 5320 814 1377 5321 716 1371 5322 701 1373 5323 700 1387 5324 716 1371 5325 700 1387 5326 733 1369 5327 683 1378 5328 684 1376 5329 685 1388 5330 668 1334 5331 811 1389 5332 669 1336 5333 669 1336 5334 811 1389 5335 776 1390 5336 669 1336 5337 776 1390 5338 774 1338 5339 774 1338 5340 776 1390 5341 772 1340 5342 776 1390 5343 811 1389 5344 812 1391 5345 813 1332 5346 672 1330 5347 653 1359 5348 813 1332 5349 653 1359 5350 668 1334 5351 668 1334 5352 653 1359 5353 644 1357 5354 668 1334 5355 644 1357 5356 811 1389 5357 811 1389 5358 644 1357 5359 633 1355 5360 811 1389 5361 633 1355 5362 812 1391 5363 812 1391 5364 633 1355 5365 631 1392 5366 812 1391 5367 631 1392 5368 776 1390 5369 776 1390 5370 631 1392 5371 773 1393 5372 776 1390 5373 773 1393 5374 772 1340 5375 772 1340 5376 773 1393 5377 768 1343 5378 768 1343 5379 773 1393 5380 769 1346 5381 769 1346 5382 773 1393 5383 628 1349 5384 628 1349 5385 773 1393 5386 631 1392 5387 628 1349 5388 631 1392 5389 632 1353 5390 632 1353 5391 631 1392 5392 633 1355 5393 689 1331 5394 690 1394 5395 691 1329 5396 691 1329 5397 690 1394 5398 706 1395 5399 691 1329 5400 706 1395 5401 707 1363 5402 707 1363 5403 706 1395 5404 721 1364 5405 721 1364 5406 706 1395 5407 736 1396 5408 721 1364 5409 736 1396 5410 737 1397 5411 721 1364 5412 737 1397 5413 749 1365 5414 688 1398 5415 816 1399 5416 690 1394 5417 690 1394 5418 816 1399 5419 704 1400 5420 690 1394 5421 704 1400 5422 706 1395 5423 706 1395 5424 704 1400 5425 705 1401 5426 706 1395 5427 705 1401 5428 736 1396 5429 736 1396 5430 705 1401 5431 684 1376 5432 736 1396 5433 684 1376 5434 737 1397 5435 737 1397 5436 684 1376 5437 720 1402 5438 737 1397 5439 720 1402 5440 749 1365 5441 749 1365 5442 720 1402 5443 735 1366 5444 735 1366 5445 720 1402 5446 719 1403 5447 735 1366 5448 719 1403 5449 734 1370 5450 734 1370 5451 719 1403 5452 718 1404 5453 734 1370 5454 718 1404 5455 717 1372 5456 717 1372 5457 718 1404 5458 684 1376 5459 717 1372 5460 684 1376 5461 703 1374 5462 816 1399 5463 688 1398 5464 684 1376 5465 816 1399 5466 684 1376 5467 704 1400 5468 704 1400 5469 684 1376 5470 705 1401 5471 718 1404 5472 719 1403 5473 720 1402 5474 718 1404 5475 720 1402 5476 684 1376 5477 667 1405 5478 665 1380 5479 683 1378 5480 667 1405 5481 683 1378 5482 685 1388 5483 667 1405 5484 685 1388 5485 686 1406 5486 686 1406 5487 685 1388 5488 684 1376 5489 686 1406 5490 684 1376 5491 687 1407 5492 687 1407 5493 684 1376 5494 688 1398 5495 687 1407 5496 688 1398 5497 815 1408 5498 815 1408 5499 688 1398 5500 690 1394 5501 815 1408 5502 690 1394 5503 778 1409 5504 778 1409 5505 690 1394 5506 689 1331 5507 778 1409 5508 689 1331 5509 777 1410 5510 778 1409 5511 777 1410 5512 815 1408 5513 815 1408 5514 777 1410 5515 817 1411 5516 815 1408 5517 817 1411 5518 809 1412 5519 809 1412 5520 817 1411 5521 808 1413 5522 809 1412 5523 808 1413 5524 807 1414 5525 807 1414 5526 808 1413 5527 806 1415 5528 807 1414 5529 806 1415 5530 666 1416 5531 666 1416 5532 806 1415 5533 805 1417 5534 666 1416 5535 805 1417 5536 664 1383 5537 664 1383 5538 805 1417 5539 804 1385 5540 664 1383 5541 665 1380 5542 666 1416 5543 666 1416 5544 665 1380 5545 667 1405 5546 666 1416 5547 667 1405 5548 807 1414 5549 807 1414 5550 667 1405 5551 686 1406 5552 807 1414 5553 686 1406 5554 687 1407 5555 807 1414 5556 687 1407 5557 809 1412 5558 809 1412 5559 687 1407 5560 815 1408 5561 2321 1418 5562 2329 1419 5563 2331 1420 5564 2331 1420 5565 2329 1419 5566 2330 1421 5567 2330 1421 5568 2329 1419 5569 2332 1422 5570 2332 1422 5571 2329 1419 5572 2324 1423 5573 2324 1423 5574 2329 1419 5575 2320 1424 5576 2320 1424 5577 2329 1419 5578 2321 1418 5579 2320 1424 5580 2321 1418 5581 2322 1425 5582 2322 1425 5583 2321 1418 5584 2323 1426 5585 2322 1425 5586 2323 1426 5587 2327 1427 5588 2327 1427 5589 2323 1426 5590 2326 1428 5591 2327 1427 5592 2326 1428 5593 2314 1429 5594 2314 1429 5595 2326 1428 5596 2315 1430 5597 2314 1429 5598 2315 1430 5599 2312 1431 5600 2314 1429 5601 2312 1431 5602 2311 1432 5603 2311 1432 5604 2312 1431 5605 2306 1433 5606 2311 1432 5607 2306 1433 5608 2310 1434 5609 2310 1434 5610 2306 1433 5611 2305 1435 5612 2305 1435 5613 2306 1433 5614 2307 1436 5615 2305 1435 5616 2307 1436 5617 2317 1437 5618 2317 1437 5619 2307 1436 5620 2318 1438 5621 2317 1437 5622 2318 1438 5623 2293 1439 5624 2293 1439 5625 2318 1438 5626 2294 1440 5627 2293 1439 5628 2294 1440 5629 2295 1441 5630 2295 1441 5631 2294 1440 5632 2296 1442 5633 2295 1441 5634 2296 1442 5635 2300 1443 5636 2295 1441 5637 2300 1443 5638 2299 1444 5639 2299 1444 5640 2300 1443 5641 2301 1445 5642 2299 1444 5643 2301 1445 5644 2304 1446 5645 2304 1446 5646 2301 1445 5647 2337 1447 5648 2337 1447 5649 2301 1445 5650 2335 1448 5651 2337 1447 5652 2335 1448 5653 2343 1449 5654 2343 1449 5655 2335 1448 5656 2342 1450 5657 2343 1449 5658 2342 1450 5659 2339 1451 5660 2339 1451 5661 2342 1450 5662 1673 1452 5663 2339 1451 5664 1673 1452 5665 2338 1453 5666 2338 1453 5667 1673 1452 5668 1674 1454 5669 2338 1453 5670 1674 1454 5671 1664 1455 5672 1664 1455 5673 1674 1454 5674 1665 1456 5675 1664 1455 5676 1665 1456 5677 1655 1457 5678 1655 1457 5679 1665 1456 5680 1656 1458 5681 1655 1457 5682 1656 1458 5683 1651 1459 5684 1655 1457 5685 1651 1459 5686 1652 1460 5687 1652 1460 5688 1651 1459 5689 1650 1461 5690 1652 1460 5691 1650 1461 5692 1657 1462 5693 1657 1462 5694 1650 1461 5695 1658 1463 5696 1658 1463 5697 1650 1461 5698 1659 1464 5699 1659 1464 5700 1650 1461 5701 1649 1465 5702 1659 1464 5703 1649 1465 5704 1660 1466 5705 1660 1466 5706 1649 1465 5707 1653 1467 5708 1660 1466 5709 1653 1467 5710 1668 1468 5711 1668 1468 5712 1653 1467 5713 1666 1469 5714 1668 1468 5715 1666 1469 5716 2366 1470 5717 2366 1470 5718 1666 1469 5719 2367 1471 5720 2366 1470 5721 2367 1471 5722 2383 1472 5723 2366 1470 5724 2383 1472 5725 2382 1473 5726 2366 1470 5727 2382 1473 5728 2387 1474 5729 2366 1470 5730 2387 1474 5731 2368 1475 5732 2366 1470 5733 2368 1475 5734 1668 1468 5735 1649 1465 5736 1650 1461 5737 1651 1459 5738 1649 1465 5739 1651 1459 5740 1654 1476 5741 1649 1465 5742 1654 1476 5743 1653 1467 5744 1653 1467 5745 1654 1476 5746 1666 1469 5747 1666 1469 5748 1654 1476 5749 1667 1477 5750 1666 1469 5751 1667 1477 5752 2367 1471 5753 2307 1436 5754 2306 1433 5755 2308 1478 5756 2308 1478 5757 2306 1433 5758 2313 1479 5759 2313 1479 5760 2306 1433 5761 2312 1431 5762 2313 1479 5763 2312 1431 5764 2315 1430 5765 2324 1423 5766 2320 1424 5767 2325 1480 5768 2325 1480 5769 2320 1424 5770 2322 1425 5771 2325 1480 5772 2322 1425 5773 2327 1427 5774 2325 1480 5775 2327 1427 5776 2328 1481 5777 2328 1481 5778 2327 1427 5779 2314 1429 5780 2328 1481 5781 2314 1429 5782 2316 1482 5783 2316 1482 5784 2314 1429 5785 2311 1432 5786 1657 1462 5787 1661 1483 5788 1652 1460 5789 1652 1460 5790 1661 1483 5791 1655 1457 5792 1655 1457 5793 1661 1483 5794 2167 1484 5795 1655 1457 5796 2167 1484 5797 1664 1455 5798 1664 1455 5799 2167 1484 5800 2338 1453 5801 2301 1445 5802 2300 1443 5803 2302 1485 5804 2301 1445 5805 2302 1485 5806 2335 1448 5807 2335 1448 5808 2302 1485 5809 2336 1486 5810 2335 1448 5811 2336 1486 5812 1678 1487 5813 2335 1448 5814 1678 1487 5815 2342 1450 5816 2342 1450 5817 1678 1487 5818 1673 1452 5819 1673 1452 5820 1678 1487 5821 1671 1488 5822 1673 1452 5823 1671 1488 5824 1672 1489 5825 1673 1452 5826 1672 1489 5827 1674 1454 5828 1674 1454 5829 1672 1489 5830 1665 1456 5831 2309 1490 5832 2310 1434 5833 2305 1435 5834 2309 1490 5835 2305 1435 5836 2319 1491 5837 2319 1491 5838 2305 1435 5839 2317 1437 5840 2319 1491 5841 2317 1437 5842 2297 1492 5843 2297 1492 5844 2317 1437 5845 2293 1439 5846 2297 1492 5847 2293 1439 5848 2298 1493 5849 2298 1493 5850 2293 1439 5851 2295 1441 5852 2298 1493 5853 2295 1441 5854 2303 1494 5855 2303 1494 5856 2295 1441 5857 2299 1444 5858 2303 1494 5859 2299 1444 5860 2304 1446 5861 726 1495 5862 727 1496 5863 712 1497 5864 726 1495 5865 712 1497 5866 711 1498 5867 711 1498 5868 712 1497 5869 696 1499 5870 711 1498 5871 696 1499 5872 695 1500 5873 695 1500 5874 696 1499 5875 677 1501 5876 695 1500 5877 677 1501 5878 676 1502 5879 676 1502 5880 677 1501 5881 657 1503 5882 657 1503 5883 647 1504 5884 656 1505 5885 657 1503 5886 656 1505 5887 676 1502 5888 676 1502 5889 656 1505 5890 675 1506 5891 676 1502 5892 675 1506 5893 694 1507 5894 676 1502 5895 694 1507 5896 695 1500 5897 695 1500 5898 694 1507 5899 710 1508 5900 695 1500 5901 710 1508 5902 711 1498 5903 711 1498 5904 710 1508 5905 725 1509 5906 711 1498 5907 725 1509 5908 726 1495 5909 726 1495 5910 725 1509 5911 742 1510 5912 726 1495 5913 742 1510 5914 743 1511 5915 726 1495 5916 743 1511 5917 727 1496 5918 727 1496 5919 743 1511 5920 728 1512 5921 727 1496 5922 728 1512 5923 712 1497 5924 712 1497 5925 728 1512 5926 713 1513 5927 712 1497 5928 713 1513 5929 697 1514 5930 712 1497 5931 697 1514 5932 696 1499 5933 696 1499 5934 697 1514 5935 678 1515 5936 696 1499 5937 678 1515 5938 677 1501 5939 677 1501 5940 678 1515 5941 658 1516 5942 677 1501 5943 658 1516 5944 657 1503 5945 657 1503 5946 658 1516 5947 648 1517 5948 657 1503 5949 648 1517 5950 647 1504 5951 658 1516 5952 678 1515 5953 659 1518 5954 648 1517 5955 658 1516 5956 649 1519 5957 649 1519 5958 658 1516 5959 659 1518 5960 649 1519 5961 659 1518 5962 650 1520 5963 639 1521 5964 621 1522 5965 619 1523 5966 639 1521 5967 619 1523 5968 638 1524 5969 638 1524 5970 619 1523 5971 618 1525 5972 638 1524 5973 618 1525 5974 646 1526 5975 646 1526 5976 618 1525 5977 637 1527 5978 637 1527 5979 618 1525 5980 636 1528 5981 636 1528 5982 618 1525 5983 620 1529 5984 636 1528 5985 620 1529 5986 766 1530 5987 766 1530 5988 620 1529 5989 623 1531 5990 766 1530 5991 623 1531 5992 626 1532 5993 626 1532 5994 623 1531 5995 624 1533 5996 626 1532 5997 624 1533 5998 625 1534 5999 625 1534 6000 624 1533 6001 642 1535 6002 625 1534 6003 642 1535 6004 643 1536 6005 643 1536 6006 642 1535 6007 651 1537 6008 643 1536 6009 651 1537 6010 652 1538 6011 652 1538 6012 651 1537 6013 660 1539 6014 652 1538 6015 660 1539 6016 661 1540 6017 661 1540 6018 660 1539 6019 679 1541 6020 661 1540 6021 679 1541 6022 680 1542 6023 680 1542 6024 679 1541 6025 698 1543 6026 680 1542 6027 698 1543 6028 699 1544 6029 699 1544 6030 698 1543 6031 715 1545 6032 715 1545 6033 698 1543 6034 714 1546 6035 715 1545 6036 714 1546 6037 730 1547 6038 730 1547 6039 714 1546 6040 729 1548 6041 730 1547 6042 729 1548 6043 745 1549 6044 745 1549 6045 729 1548 6046 744 1550 6047 745 1549 6048 744 1550 6049 758 1551 6050 758 1551 6051 744 1550 6052 757 1552 6053 758 1551 6054 757 1552 6055 756 1553 6056 756 1553 6057 757 1552 6058 755 1554 6059 756 1553 6060 755 1554 6061 754 1555 6062 754 1555 6063 755 1554 6064 753 1556 6065 754 1555 6066 753 1556 6067 765 1557 6068 765 1557 6069 753 1556 6070 742 1510 6071 765 1557 6072 742 1510 6073 752 1558 6074 752 1558 6075 742 1510 6076 725 1509 6077 752 1558 6078 725 1509 6079 741 1559 6080 741 1559 6081 725 1509 6082 710 1508 6083 741 1559 6084 710 1508 6085 724 1560 6086 724 1560 6087 710 1508 6088 694 1507 6089 724 1560 6090 694 1507 6091 709 1561 6092 709 1561 6093 694 1507 6094 675 1506 6095 709 1561 6096 675 1506 6097 693 1562 6098 693 1562 6099 675 1506 6100 674 1563 6101 674 1563 6102 675 1506 6103 656 1505 6104 674 1563 6105 656 1505 6106 655 1564 6107 655 1564 6108 656 1505 6109 647 1504 6110 655 1564 6111 647 1504 6112 638 1524 6113 638 1524 6114 647 1504 6115 639 1521 6116 639 1521 6117 647 1504 6118 648 1517 6119 639 1521 6120 648 1517 6121 640 1565 6122 640 1565 6123 648 1517 6124 649 1519 6125 640 1565 6126 649 1519 6127 641 1566 6128 641 1566 6129 649 1519 6130 650 1520 6131 641 1566 6132 650 1520 6133 642 1535 6134 642 1535 6135 650 1520 6136 651 1537 6137 651 1537 6138 650 1520 6139 659 1518 6140 651 1537 6141 659 1518 6142 660 1539 6143 660 1539 6144 659 1518 6145 678 1515 6146 660 1539 6147 678 1515 6148 679 1541 6149 679 1541 6150 678 1515 6151 697 1514 6152 679 1541 6153 697 1514 6154 698 1543 6155 698 1543 6156 697 1514 6157 713 1513 6158 698 1543 6159 713 1513 6160 714 1546 6161 714 1546 6162 713 1513 6163 728 1512 6164 714 1546 6165 728 1512 6166 729 1548 6167 729 1548 6168 728 1512 6169 744 1550 6170 744 1550 6171 728 1512 6172 743 1511 6173 744 1550 6174 743 1511 6175 757 1552 6176 757 1552 6177 743 1511 6178 755 1554 6179 755 1554 6180 743 1511 6181 742 1510 6182 755 1554 6183 742 1510 6184 753 1556 6185 646 1526 6186 655 1564 6187 638 1524 6188 758 1551 6189 756 1553 6190 754 1555 6191 622 1567 6192 624 1533 6193 623 1531 6194 622 1567 6195 623 1531 6196 621 1522 6197 621 1522 6198 623 1531 6199 620 1529 6200 621 1522 6201 620 1529 6202 619 1523 6203 619 1523 6204 620 1529 6205 618 1525 6206 621 1522 6207 639 1521 6208 640 1565 6209 621 1522 6210 640 1565 6211 622 1567 6212 622 1567 6213 640 1565 6214 641 1566 6215 622 1567 6216 641 1566 6217 624 1533 6218 624 1533 6219 641 1566 6220 642 1535 6221 484 1568 6222 604 1569 6223 603 1570 6224 484 1568 6225 603 1570 6226 612 1571 6227 484 1568 6228 612 1571 6229 485 1572 6230 485 1572 6231 612 1571 6232 488 1573 6233 488 1573 6234 612 1571 6235 575 1574 6236 461 1575 6237 459 1576 6238 460 1577 6239 460 1577 6240 459 1576 6241 601 1578 6242 460 1577 6243 601 1578 6244 602 1579 6245 460 1577 6246 602 1579 6247 463 1580 6248 463 1580 6249 602 1579 6250 606 1581 6251 463 1580 6252 606 1581 6253 604 1569 6254 604 1569 6255 606 1581 6256 605 1582 6257 604 1569 6258 605 1582 6259 603 1570 6260 603 1570 6261 605 1582 6262 614 1583 6263 603 1570 6264 614 1583 6265 612 1571 6266 612 1571 6267 614 1583 6268 574 1584 6269 612 1571 6270 574 1584 6271 575 1574 6272 575 1574 6273 574 1584 6274 486 1585 6275 575 1574 6276 486 1585 6277 488 1573 6278 488 1573 6279 486 1585 6280 487 1586 6281 488 1573 6282 487 1586 6283 502 1587 6284 502 1587 6285 487 1586 6286 504 1588 6287 502 1587 6288 504 1588 6289 518 1589 6290 518 1589 6291 504 1588 6292 519 1590 6293 518 1589 6294 519 1590 6295 535 1591 6296 535 1591 6297 519 1590 6298 536 1592 6299 535 1591 6300 536 1592 6301 547 1593 6302 547 1593 6303 536 1592 6304 548 1594 6305 547 1593 6306 548 1594 6307 561 1595 6308 547 1593 6309 561 1595 6310 560 1596 6311 560 1596 6312 561 1595 6313 558 1597 6314 560 1596 6315 558 1597 6316 559 1598 6317 559 1598 6318 558 1597 6319 557 1599 6320 559 1598 6321 557 1599 6322 544 1600 6323 544 1600 6324 557 1599 6325 556 1601 6326 544 1600 6327 556 1601 6328 543 1602 6329 544 1600 6330 543 1602 6331 529 1603 6332 529 1603 6333 543 1602 6334 531 1604 6335 529 1603 6336 531 1604 6337 530 1605 6338 529 1603 6339 530 1605 6340 528 1606 6341 528 1606 6342 530 1605 6343 513 1607 6344 528 1606 6345 513 1607 6346 515 1608 6347 515 1608 6348 513 1607 6349 498 1609 6350 515 1608 6351 498 1609 6352 499 1610 6353 499 1610 6354 498 1609 6355 500 1611 6356 499 1610 6357 500 1611 6358 482 1612 6359 482 1612 6360 500 1611 6361 611 1613 6362 482 1612 6363 611 1613 6364 480 1614 6365 480 1614 6366 611 1613 6367 479 1615 6368 480 1614 6369 479 1615 6370 462 1616 6371 462 1616 6372 479 1615 6373 478 1617 6374 462 1616 6375 478 1617 6376 461 1575 6377 462 1616 6378 461 1575 6379 460 1577 6380 462 1616 6381 460 1577 6382 463 1580 6383 462 1616 6384 463 1580 6385 464 1618 6386 464 1618 6387 463 1580 6388 604 1569 6389 464 1618 6390 604 1569 6391 483 1619 6392 483 1619 6393 604 1569 6394 484 1568 6395 483 1619 6396 484 1568 6397 482 1612 6398 482 1612 6399 484 1568 6400 485 1572 6401 482 1612 6402 485 1572 6403 613 1620 6404 613 1620 6405 485 1572 6406 488 1573 6407 613 1620 6408 488 1573 6409 501 1621 6410 501 1621 6411 488 1573 6412 502 1587 6413 501 1621 6414 502 1587 6415 503 1622 6416 503 1622 6417 502 1587 6418 534 1623 6419 503 1622 6420 534 1623 6421 482 1612 6422 482 1612 6423 534 1623 6424 533 1624 6425 482 1612 6426 533 1624 6427 516 1625 6428 516 1625 6429 533 1624 6430 545 1626 6431 516 1625 6432 545 1626 6433 532 1627 6434 532 1627 6435 545 1626 6436 546 1628 6437 532 1627 6438 546 1628 6439 544 1600 6440 544 1600 6441 546 1628 6442 559 1598 6443 559 1598 6444 546 1628 6445 547 1593 6446 559 1598 6447 547 1593 6448 560 1596 6449 479 1615 6450 611 1613 6451 500 1611 6452 479 1615 6453 500 1611 6454 498 1609 6455 528 1606 6456 532 1627 6457 529 1603 6458 529 1603 6459 532 1627 6460 544 1600 6461 547 1593 6462 546 1628 6463 535 1591 6464 535 1591 6465 546 1628 6466 545 1626 6467 535 1591 6468 545 1626 6469 518 1589 6470 518 1589 6471 545 1626 6472 533 1624 6473 518 1589 6474 533 1624 6475 534 1623 6476 518 1589 6477 534 1623 6478 502 1587 6479 613 1620 6480 501 1621 6481 482 1612 6482 482 1612 6483 501 1621 6484 503 1622 6485 556 1601 6486 557 1599 6487 558 1597 6488 600 1629 6489 601 1578 6490 459 1576 6491 480 1614 6492 481 1630 6493 482 1612 6494 482 1612 6495 481 1630 6496 483 1619 6497 483 1619 6498 481 1630 6499 464 1618 6500 464 1618 6501 481 1630 6502 480 1614 6503 464 1618 6504 480 1614 6505 462 1616 6506 478 1617 6507 479 1615 6508 497 1631 6509 497 1631 6510 479 1615 6511 498 1609 6512 497 1631 6513 498 1609 6514 513 1607 6515 497 1631 6516 513 1607 6517 530 1605 6518 499 1610 6519 482 1612 6520 515 1608 6521 515 1608 6522 482 1612 6523 514 1632 6524 515 1608 6525 514 1632 6526 528 1606 6527 528 1606 6528 514 1632 6529 517 1633 6530 528 1606 6531 517 1633 6532 532 1627 6533 532 1627 6534 517 1633 6535 516 1625 6536 516 1625 6537 517 1633 6538 514 1632 6539 516 1625 6540 514 1632 6541 482 1612 6542 487 1586 6543 486 1585 6544 469 1634 6545 469 1634 6546 486 1585 6547 610 1635 6548 469 1634 6549 610 1635 6550 450 1636 6551 450 1636 6552 610 1635 6553 465 1637 6554 450 1636 6555 465 1637 6556 441 1638 6557 441 1638 6558 465 1637 6559 608 1639 6560 441 1638 6561 608 1639 6562 430 1640 6563 465 1637 6564 467 1641 6565 608 1639 6566 610 1635 6567 486 1585 6568 616 1642 6569 610 1635 6570 616 1642 6571 465 1637 6572 465 1637 6573 616 1642 6574 466 1643 6575 465 1637 6576 466 1643 6577 467 1641 6578 467 1641 6579 466 1643 6580 468 1644 6581 467 1641 6582 468 1644 6583 572 1645 6584 572 1645 6585 468 1644 6586 571 1646 6587 572 1645 6588 571 1646 6589 569 1647 6590 569 1647 6591 571 1646 6592 597 1648 6593 569 1647 6594 597 1648 6595 598 1649 6596 569 1647 6597 598 1649 6598 565 1650 6599 565 1650 6600 598 1649 6601 599 1651 6602 565 1650 6603 599 1651 6604 566 1652 6605 565 1650 6606 566 1652 6607 567 1653 6608 567 1653 6609 566 1652 6610 568 1347 6611 567 1653 6612 568 1347 6613 424 1654 6614 567 1653 6615 424 1654 6616 426 1655 6617 426 1655 6618 424 1654 6619 425 1656 6620 426 1655 6621 425 1656 6622 427 1657 6623 427 1657 6624 425 1656 6625 564 1658 6626 427 1657 6627 564 1658 6628 429 1659 6629 429 1659 6630 564 1658 6631 431 1660 6632 429 1659 6633 431 1660 6634 430 1640 6635 430 1640 6636 431 1660 6637 432 1661 6638 430 1640 6639 432 1661 6640 441 1638 6641 441 1638 6642 432 1661 6643 442 1662 6644 441 1638 6645 442 1662 6646 450 1636 6647 450 1636 6648 442 1662 6649 451 1663 6650 450 1636 6651 451 1663 6652 469 1634 6653 469 1634 6654 451 1663 6655 470 1664 6656 469 1634 6657 470 1664 6658 487 1586 6659 487 1586 6660 470 1664 6661 489 1665 6662 487 1586 6663 489 1665 6664 505 1666 6665 487 1586 6666 505 1666 6667 504 1588 6668 504 1588 6669 505 1666 6670 519 1590 6671 519 1590 6672 505 1666 6673 520 1667 6674 519 1590 6675 520 1667 6676 536 1592 6677 536 1592 6678 520 1667 6679 537 1668 6680 536 1592 6681 537 1668 6682 548 1594 6683 426 1655 6684 427 1657 6685 429 1659 6686 426 1655 6687 429 1659 6688 428 1669 6689 428 1669 6690 429 1659 6691 430 1640 6692 428 1669 6693 430 1640 6694 609 1670 6695 609 1670 6696 430 1640 6697 608 1639 6698 609 1670 6699 608 1639 6700 573 1671 6701 573 1671 6702 608 1639 6703 467 1641 6704 573 1671 6705 467 1641 6706 572 1645 6707 573 1671 6708 572 1645 6709 569 1647 6710 573 1671 6711 569 1647 6712 570 1672 6713 570 1672 6714 569 1647 6715 565 1650 6716 570 1672 6717 565 1650 6718 567 1653 6719 570 1672 6720 567 1653 6721 426 1655 6722 570 1672 6723 426 1655 6724 428 1669 6725 570 1672 6726 428 1669 6727 573 1671 6728 573 1671 6729 428 1669 6730 609 1670 6731 2084 1673 6732 2085 1673 6733 2086 1673 6734 581 1674 6735 579 1675 6736 590 1676 6737 581 1674 6738 590 1676 6739 585 1677 6740 581 1674 6741 585 1677 6742 584 1678 6743 584 1678 6744 585 1677 6745 607 1679 6746 578 1680 6747 576 1681 6748 577 1682 6749 578 1680 6750 577 1682 6751 579 1675 6752 579 1675 6753 577 1682 6754 588 1683 6755 579 1675 6756 588 1683 6757 590 1676 6758 590 1676 6759 588 1683 6760 593 1684 6761 590 1676 6762 593 1684 6763 594 1685 6764 590 1676 6765 594 1685 6766 585 1677 6767 585 1677 6768 594 1685 6769 586 1686 6770 585 1677 6771 586 1686 6772 587 1687 6773 585 1677 6774 587 1687 6775 617 1688 6776 585 1677 6777 617 1688 6778 607 1679 6779 607 1679 6780 617 1688 6781 595 1689 6782 607 1679 6783 595 1689 6784 584 1678 6785 584 1678 6786 595 1689 6787 596 1690 6788 584 1678 6789 596 1690 6790 615 1691 6791 584 1678 6792 615 1691 6793 582 1692 6794 584 1678 6795 582 1692 6796 583 1693 6797 584 1678 6798 583 1693 6799 581 1674 6800 581 1674 6801 583 1693 6802 580 1694 6803 581 1674 6804 580 1694 6805 579 1675 6806 579 1675 6807 580 1694 6808 578 1680 6809 577 1682 6810 589 1695 6811 588 1683 6812 588 1683 6813 589 1695 6814 591 1696 6815 588 1683 6816 591 1696 6817 593 1684 6818 591 1696 6819 589 1695 6820 592 1697 6821 1104 1698 6822 1103 1699 6823 1123 1700 6824 1104 1698 6825 1123 1700 6826 1124 1701 6827 1124 1701 6828 1123 1700 6829 1689 1702 6830 1124 1701 6831 1689 1702 6832 1690 1703 6833 1690 1703 6834 1689 1702 6835 1700 1704 6836 1690 1703 6837 1700 1704 6838 1699 1705 6839 1699 1705 6840 1700 1704 6841 1702 1706 6842 1102 1707 6843 1103 1699 6844 1101 1708 6845 1101 1708 6846 1103 1699 6847 1104 1698 6848 1101 1708 6849 1104 1698 6850 1683 1709 6851 1683 1709 6852 1104 1698 6853 1124 1701 6854 1683 1709 6855 1124 1701 6856 1684 1710 6857 1684 1710 6858 1124 1701 6859 1701 1711 6860 1701 1711 6861 1124 1701 6862 1690 1703 6863 1701 1711 6864 1690 1703 6865 1694 1712 6866 1694 1712 6867 1690 1703 6868 1699 1705 6869 1694 1712 6870 1699 1705 6871 1692 1713 6872 1692 1713 6873 1699 1705 6874 1702 1706 6875 1692 1713 6876 1702 1706 6877 1693 1714 6878 1692 1713 6879 1693 1714 6880 1694 1712 6881 1683 1709 6882 1722 1715 6883 1101 1708 6884 2081 1716 6885 2082 1716 6886 2083 1716 6887 1630 1717 6888 1631 1718 6889 1627 1719 6890 1630 1717 6891 1627 1719 6892 1626 1720 6893 1626 1720 6894 1627 1719 6895 1628 1721 6896 1628 1721 6897 1627 1719 6898 1629 1722 6899 2064 1723 6900 2065 1723 6901 2066 1723 6902 1623 1724 6903 1632 1725 6904 1624 1726 6905 1623 1724 6906 1624 1726 6907 1625 1727 6908 1620 1728 6909 1621 1729 6910 1617 1730 6911 1620 1728 6912 1617 1730 6913 1616 1731 6914 1616 1731 6915 1617 1730 6916 1618 1732 6917 1618 1732 6918 1617 1730 6919 1619 1733 6920 2061 1734 6921 2062 1734 6922 2063 1734 6923 1613 1735 6924 1622 1736 6925 1614 1737 6926 1613 1735 6927 1614 1737 6928 1615 1727 6929 1610 1738 6930 1611 1739 6931 1607 1740 6932 1610 1738 6933 1607 1740 6934 1606 1741 6935 1606 1741 6936 1607 1740 6937 1608 1742 6938 1608 1742 6939 1607 1740 6940 1609 1743 6941 1954 1744 6942 1955 1744 6943 1956 1744 6944 1603 1745 6945 1612 1746 6946 1604 1747 6947 1603 1745 6948 1604 1747 6949 1605 1748 6950 1593 1749 6951 1602 1750 6952 1594 1751 6953 1593 1749 6954 1594 1751 6955 1595 1752 6956 1583 1753 6957 1592 1754 6958 1584 1755 6959 1583 1753 6960 1584 1755 6961 1585 1756 6962 1573 1757 6963 1582 1758 6964 1574 1759 6965 1573 1757 6966 1574 1759 6967 1575 1760 6968 1563 1761 6969 1564 1762 6970 1565 1763 6971 1563 1761 6972 1565 1763 6973 1572 1764 6974 1553 1765 6975 1562 1766 6976 1554 1767 6977 1553 1765 6978 1554 1767 6979 1555 1768 6980 1543 1769 6981 1552 1770 6982 1544 1771 6983 1543 1769 6984 1544 1771 6985 1545 1772 6986 1540 1773 6987 1541 1774 6988 1537 1775 6989 1540 1773 6990 1537 1775 6991 1536 1776 6992 1536 1776 6993 1537 1775 6994 1538 1777 6995 1538 1777 6996 1537 1775 6997 1539 1778 6998 1838 1779 6999 1839 1779 7000 1840 1779 7001 1533 1780 7002 1542 1781 7003 1534 1782 7004 1533 1780 7005 1534 1782 7006 1535 1783 7007 405 1784 7008 406 1785 7009 407 1786 7010 405 1784 7011 407 1786 7012 414 1787 7013 395 1788 7014 396 1789 7015 397 1790 7016 395 1788 7017 397 1790 7018 404 1791 7019 389 1792 7020 391 1793 7021 390 1794 7022 389 1792 7023 390 1794 7024 388 1795 7025 388 1795 7026 390 1794 7027 392 1796 7028 392 1796 7029 390 1794 7030 393 1797 7031 1821 1798 7032 1822 1798 7033 1823 1798 7034 385 1799 7035 386 1800 7036 387 1801 7037 385 1799 7038 387 1801 7039 394 1802 7040 382 1803 7041 383 1804 7042 379 1805 7043 382 1803 7044 379 1805 7045 378 1806 7046 378 1806 7047 379 1805 7048 380 1807 7049 380 1807 7050 379 1805 7051 381 1808 7052 1787 1809 7053 1788 1809 7054 1789 1809 7055 375 1810 7056 384 1811 7057 376 1812 7058 375 1810 7059 376 1812 7060 377 1813 7061 372 1814 7062 373 1815 7063 369 1816 7064 372 1814 7065 369 1816 7066 368 1817 7067 368 1817 7068 369 1816 7069 370 1818 7070 370 1818 7071 369 1816 7072 371 1819 7073 1519 1820 7074 1520 1821 7075 1516 1822 7076 1516 1822 7077 1520 1821 7078 1517 1823 7079 1516 1822 7080 1517 1823 7081 1518 1824 7082 1516 1822 7083 1518 1824 7084 1521 1825 7085 365 1826 7086 374 1827 7087 366 1828 7088 365 1826 7089 366 1828 7090 367 1829 7091 359 1830 7092 361 1831 7093 360 1832 7094 359 1830 7095 360 1832 7096 358 1833 7097 358 1833 7098 360 1832 7099 362 1834 7100 362 1834 7101 360 1832 7102 363 1835 7103 1510 1836 7104 1511 1836 7105 1505 1837 7106 1508 1838 7107 1509 1839 7108 1505 1837 7109 1505 1837 7110 1509 1839 7111 1506 1840 7112 1505 1837 7113 1506 1840 7114 1507 1841 7115 1390 1842 7116 1391 1842 7117 1392 1842 7118 355 1843 7119 356 1844 7120 357 1845 7121 355 1843 7122 357 1845 7123 364 1846 7124 349 1847 7125 351 1848 7126 350 1849 7127 349 1847 7128 350 1849 7129 348 1850 7130 348 1850 7131 350 1849 7132 352 1851 7133 352 1851 7134 350 1849 7135 353 1852 7136 1239 1853 7137 1240 1854 7138 1241 1855 7139 1241 1855 7140 1240 1854 7141 1242 1856 7142 1242 1856 7143 1240 1854 7144 1432 1857 7145 1432 1857 7146 1240 1854 7147 1385 1858 7148 1385 1858 7149 1240 1854 7150 1386 1859 7151 1386 1859 7152 1240 1854 7153 1239 1853 7154 1386 1859 7155 1239 1853 7156 1394 1860 7157 1394 1860 7158 1239 1853 7159 1395 1861 7160 1395 1861 7161 1239 1853 7162 1241 1855 7163 1395 1861 7164 1241 1855 7165 1396 1862 7166 345 1863 7167 346 1844 7168 347 1864 7169 345 1863 7170 347 1864 7171 354 1865 7172 339 1866 7173 341 1867 7174 340 1868 7175 339 1866 7176 340 1868 7177 338 1869 7178 338 1869 7179 340 1868 7180 342 1870 7181 342 1870 7182 340 1868 7183 343 1871 7184 1163 1872 7185 1164 1872 7186 1165 1872 7187 335 1873 7188 336 1874 7189 337 1875 7190 335 1873 7191 337 1875 7192 344 1876 7193 894 1877 7194 895 1878 7195 861 1879 7196 894 1877 7197 861 1879 7198 928 1880 7199 928 1880 7200 861 1879 7201 858 1881 7202 858 1881 7203 861 1879 7204 859 1882 7205 858 1881 7206 859 1882 7207 860 1883 7208 860 1883 7209 859 1882 7210 842 1884 7211 860 1883 7212 842 1884 7213 844 1885 7214 844 1885 7215 842 1884 7216 843 1886 7217 844 1885 7218 843 1886 7219 890 1887 7220 844 1885 7221 890 1887 7222 891 1888 7223 891 1888 7224 890 1887 7225 943 1889 7226 891 1888 7227 860 1883 7228 844 1885 7229 861 1879 7230 853 1890 7231 859 1882 7232 842 1884 7233 1091 1891 7234 843 1886 7235 860 1883 7236 889 1892 7237 858 1881 7238 858 1881 7239 889 1892 7240 928 1880 7241 928 1880 7242 889 1892 7243 951 1893 7244 951 1893 7245 889 1892 7246 952 1894 7247 954 1895 7248 956 1896 7249 1025 1897 7250 1025 1897 7251 956 1896 7252 958 1898 7253 958 1898 7254 956 1896 7255 957 1899 7256 957 1899 7257 956 1896 7258 955 1900 7259 957 1899 7260 955 1900 7261 1085 1901 7262 1085 1901 7263 955 1900 7264 943 1889 7265 943 1889 7266 955 1900 7267 942 1902 7268 943 1889 7269 942 1902 7270 891 1888 7271 891 1888 7272 942 1902 7273 941 1903 7274 891 1888 7275 941 1903 7276 935 1904 7277 891 1888 7278 935 1904 7279 860 1883 7280 860 1883 7281 935 1904 7282 927 1905 7283 860 1883 7284 927 1905 7285 888 1906 7286 860 1883 7287 888 1906 7288 889 1892 7289 889 1892 7290 888 1906 7291 953 1907 7292 889 1892 7293 953 1907 7294 952 1894 7295 952 1894 7296 953 1907 7297 963 1908 7298 952 1894 7299 963 1908 7300 951 1893 7301 951 1893 7302 963 1908 7303 964 1909 7304 964 1909 7305 963 1908 7306 1018 1910 7307 964 1909 7308 1018 1910 7309 1020 1911 7310 1020 1911 7311 1018 1910 7312 1019 1912 7313 1019 1912 7314 1018 1910 7315 1021 1913 7316 1021 1913 7317 1018 1910 7318 963 1908 7319 1021 1913 7320 963 1908 7321 965 1914 7322 965 1914 7323 963 1908 7324 953 1907 7325 956 1896 7326 954 1895 7327 955 1900 7328 955 1900 7329 954 1895 7330 941 1903 7331 955 1900 7332 941 1903 7333 942 1902 7334 968 1915 7335 967 1916 7336 969 1917 7337 969 1917 7338 967 1916 7339 1011 1918 7340 969 1917 7341 1011 1918 7342 1010 1919 7343 1010 1919 7344 1011 1918 7345 1012 1920 7346 1012 1920 7347 1011 1918 7348 1027 1921 7349 1027 1921 7350 1011 1918 7351 970 1922 7352 970 1922 7353 1011 1918 7354 967 1916 7355 970 1922 7356 967 1916 7357 971 1923 7358 971 1923 7359 967 1916 7360 966 1924 7361 971 1923 7362 966 1924 7363 895 1878 7364 895 1878 7365 966 1924 7366 916 1925 7367 895 1878 7368 916 1925 7369 861 1879 7370 861 1879 7371 916 1925 7372 854 1926 7373 861 1879 7374 854 1926 7375 853 1890 7376 853 1890 7377 854 1926 7378 855 1927 7379 853 1890 7380 855 1927 7381 1086 1928 7382 1086 1928 7383 855 1927 7384 902 1929 7385 1086 1928 7386 902 1929 7387 904 1930 7388 904 1930 7389 902 1929 7390 901 1931 7391 904 1930 7392 901 1931 7393 903 1932 7394 903 1932 7395 901 1931 7396 911 1933 7397 911 1933 7398 901 1931 7399 909 1934 7400 911 1933 7401 909 1934 7402 910 1935 7403 910 1935 7404 909 1934 7405 915 1936 7406 910 1935 7407 915 1936 7408 914 1937 7409 910 1935 7410 914 1937 7411 1006 1938 7412 1006 1938 7413 914 1937 7414 1026 1939 7415 1006 1938 7416 1026 1939 7417 1007 1940 7418 1006 1938 7419 1007 1940 7420 1005 1941 7421 1006 1938 7422 1005 1941 7423 910 1935 7424 910 1935 7425 1005 1941 7426 912 1942 7427 910 1935 7428 912 1942 7429 911 1933 7430 855 1927 7431 901 1931 7432 902 1929 7433 854 1926 7434 916 1925 7435 855 1927 7436 915 1936 7437 909 1934 7438 900 1943 7439 900 1943 7440 909 1934 7441 901 1931 7442 900 1943 7443 901 1931 7444 855 1927 7445 900 1943 7446 855 1927 7447 913 1944 7448 913 1944 7449 855 1927 7450 917 1945 7451 917 1945 7452 855 1927 7453 916 1925 7454 917 1945 7455 916 1925 7456 968 1915 7457 968 1915 7458 916 1925 7459 966 1924 7460 968 1915 7461 966 1924 7462 967 1916 7463 1144 1946 7464 1145 1946 7465 1146 1946 7466 1910 1947 7467 1914 1948 7468 1909 1949 7469 1910 1947 7470 1909 1949 7471 1908 1950 7472 1908 1950 7473 1909 1949 7474 1907 1951 7475 1908 1950 7476 1907 1951 7477 1900 1952 7478 1900 1952 7479 1907 1951 7480 1901 1953 7481 1900 1952 7482 1901 1953 7483 1894 1954 7484 1900 1952 7485 1894 1954 7486 1893 1955 7487 1893 1955 7488 1894 1954 7489 1710 1956 7490 1710 1956 7491 1894 1954 7492 1895 1957 7493 1710 1956 7494 1895 1957 7495 1711 1958 7496 1710 1956 7497 1711 1958 7498 1709 1959 7499 1710 1956 7500 1709 1959 7501 1831 1960 7502 120 1961 7503 138 1962 7504 121 1963 7505 120 1961 7506 121 1963 7507 122 1964 7508 122 1964 7509 121 1963 7510 123 1965 7511 122 1964 7512 123 1965 7513 125 1966 7514 125 1966 7515 123 1965 7516 126 1967 7517 126 1967 7518 123 1965 7519 124 1968 7520 124 1968 7521 123 1965 7522 121 1963 7523 124 1968 7524 121 1963 7525 132 1969 7526 132 1969 7527 121 1963 7528 136 1970 7529 136 1970 7530 121 1963 7531 137 1971 7532 136 1970 7533 137 1971 7534 139 1972 7535 139 1972 7536 137 1971 7537 138 1962 7538 138 1962 7539 137 1971 7540 121 1963 7541 1969 1973 7542 1967 1974 7543 1968 1975 7544 1968 1975 7545 1967 1974 7546 1976 1976 7547 1968 1975 7548 1976 1976 7549 1979 1977 7550 1979 1977 7551 1976 1976 7552 1949 1978 7553 1979 1977 7554 1949 1978 7555 1948 1979 7556 1948 1979 7557 1949 1978 7558 1941 1980 7559 1941 1980 7560 1949 1978 7561 1940 1981 7562 1941 1980 7563 1940 1981 7564 1938 1982 7565 1938 1982 7566 1940 1981 7567 1096 1983 7568 1938 1982 7569 1096 1983 7570 1095 1984 7571 1095 1984 7572 1096 1983 7573 1097 1985 7574 1095 1984 7575 1097 1985 7576 1110 1986 7577 1110 1986 7578 1097 1985 7579 1109 1986 7580 1110 1986 7581 1109 1986 7582 2130 1986 7583 786 1987 7584 810 1988 7585 788 1989 7586 786 1987 7587 788 1989 7588 783 1990 7589 783 1990 7590 788 1989 7591 793 1991 7592 783 1990 7593 793 1991 7594 779 1992 7595 779 1992 7596 793 1991 7597 791 1993 7598 779 1992 7599 791 1993 7600 780 1994 7601 780 1994 7602 791 1993 7603 792 1995 7604 780 1994 7605 782 1996 7606 781 1997 7607 780 1994 7608 781 1997 7609 779 1992 7610 779 1992 7611 781 1997 7612 784 1998 7613 779 1992 7614 784 1998 7615 783 1990 7616 783 1990 7617 784 1998 7618 787 1999 7619 783 1990 7620 787 1999 7621 786 1987 7622 786 1987 7623 787 1999 7624 785 2000 7625 786 1987 7626 785 2000 7627 818 2001 7628 786 1987 7629 818 2001 7630 798 2002 7631 786 1987 7632 798 2002 7633 799 2003 7634 786 1987 7635 799 2003 7636 810 1988 7637 810 1988 7638 799 2003 7639 820 2004 7640 810 1988 7641 820 2004 7642 788 1989 7643 788 1989 7644 820 2004 7645 789 2005 7646 788 1989 7647 789 2005 7648 790 2006 7649 788 1989 7650 790 2006 7651 797 2007 7652 788 1989 7653 797 2007 7654 793 1991 7655 793 1991 7656 797 2007 7657 796 2008 7658 793 1991 7659 796 2008 7660 791 1993 7661 791 1993 7662 796 2008 7663 795 2009 7664 791 1993 7665 795 2009 7666 792 1995 7667 792 1995 7668 795 2009 7669 794 2010 7670 447 2011 7671 439 2012 7672 448 2013 7673 447 2011 7674 448 2013 7675 456 2014 7676 456 2014 7677 448 2013 7678 457 2015 7679 456 2014 7680 457 2015 7681 475 2016 7682 475 2016 7683 457 2015 7684 476 2017 7685 475 2016 7686 476 2017 7687 494 2018 7688 494 2018 7689 476 2017 7690 495 2019 7691 494 2018 7692 495 2019 7693 510 2020 7694 510 2020 7695 495 2019 7696 511 2021 7697 510 2020 7698 511 2021 7699 525 2022 7700 525 2022 7701 511 2021 7702 526 2023 7703 525 2022 7704 526 2023 7705 541 2024 7706 525 2022 7707 541 2024 7708 540 2025 7709 540 2025 7710 541 2024 7711 553 2026 7712 540 2025 7713 553 2026 7714 551 2027 7715 540 2025 7716 551 2027 7717 539 2028 7718 540 2025 7719 539 2028 7720 523 2029 7721 523 2029 7722 539 2028 7723 522 2030 7724 523 2029 7725 522 2030 7726 508 2031 7727 508 2031 7728 522 2030 7729 507 2032 7730 508 2031 7731 507 2032 7732 492 2033 7733 492 2033 7734 507 2032 7735 491 2034 7736 492 2033 7737 491 2034 7738 472 2035 7739 492 2033 7740 472 2035 7741 474 2036 7742 474 2036 7743 472 2035 7744 453 2037 7745 474 2036 7746 453 2037 7747 455 2038 7748 455 2038 7749 453 2037 7750 445 2039 7751 455 2038 7752 445 2039 7753 446 2040 7754 446 2040 7755 445 2039 7756 437 2041 7757 446 2040 7758 437 2041 7759 438 2042 7760 438 2042 7761 437 2041 7762 420 2043 7763 438 2042 7764 420 2043 7765 421 2044 7766 421 2044 7767 420 2043 7768 419 2045 7769 419 2045 7770 420 2043 7771 418 2046 7772 419 2045 7773 418 2046 7774 416 2047 7775 416 2047 7776 418 2046 7777 417 2048 7778 416 2047 7779 417 2048 7780 415 2049 7781 415 2049 7782 417 2048 7783 435 2050 7784 435 2050 7785 417 2048 7786 436 2051 7787 435 2050 7788 436 2051 7789 444 2052 7790 417 2048 7791 418 2046 7792 436 2051 7793 539 2028 7794 551 2027 7795 550 2053 7796 421 2044 7797 439 2012 7798 438 2042 7799 438 2042 7800 439 2012 7801 447 2011 7802 438 2042 7803 447 2011 7804 446 2040 7805 446 2040 7806 447 2011 7807 456 2014 7808 446 2040 7809 456 2014 7810 455 2038 7811 455 2038 7812 456 2014 7813 475 2016 7814 455 2038 7815 475 2016 7816 474 2036 7817 474 2036 7818 475 2016 7819 493 2054 7820 474 2036 7821 493 2054 7822 492 2033 7823 492 2033 7824 493 2054 7825 508 2031 7826 508 2031 7827 493 2054 7828 509 2055 7829 508 2031 7830 509 2055 7831 523 2029 7832 523 2029 7833 509 2055 7834 524 2056 7835 523 2029 7836 524 2056 7837 540 2025 7838 540 2025 7839 524 2056 7840 525 2022 7841 525 2022 7842 524 2056 7843 509 2055 7844 525 2022 7845 509 2055 7846 510 2020 7847 510 2020 7848 509 2055 7849 494 2018 7850 494 2018 7851 509 2055 7852 493 2054 7853 494 2018 7854 493 2054 7855 475 2016 7856 418 2046 7857 420 2043 7858 437 2041 7859 418 2046 7860 437 2041 7861 436 2051 7862 436 2051 7863 437 2041 7864 445 2039 7865 436 2051 7866 445 2039 7867 444 2052 7868 444 2052 7869 445 2039 7870 453 2037 7871 444 2052 7872 453 2037 7873 454 2057 7874 454 2057 7875 453 2037 7876 472 2035 7877 454 2057 7878 472 2035 7879 473 2058 7880 473 2058 7881 472 2035 7882 491 2034 7883 473 2058 7884 491 2034 7885 506 2059 7886 506 2059 7887 491 2034 7888 521 2060 7889 521 2060 7890 491 2034 7891 507 2032 7892 521 2060 7893 507 2032 7894 538 2061 7895 538 2061 7896 507 2032 7897 522 2030 7898 538 2061 7899 522 2030 7900 549 2062 7901 549 2062 7902 522 2030 7903 539 2028 7904 549 2062 7905 539 2028 7906 562 2063 7907 562 2063 7908 539 2028 7909 550 2053 7910 562 2063 7911 550 2053 7912 552 2064 7913 552 2064 7914 550 2053 7915 551 2027 7916 552 2064 7917 551 2027 7918 554 2065 7919 554 2065 7920 551 2027 7921 553 2026 7922 554 2065 7923 553 2026 7924 555 2066 7925 555 2066 7926 553 2026 7927 541 2024 7928 555 2066 7929 541 2024 7930 542 2067 7931 542 2067 7932 541 2024 7933 526 2023 7934 542 2067 7935 526 2023 7936 527 2068 7937 527 2068 7938 526 2023 7939 511 2021 7940 527 2068 7941 511 2021 7942 512 2069 7943 512 2069 7944 511 2021 7945 495 2019 7946 512 2069 7947 495 2019 7948 496 2070 7949 496 2070 7950 495 2019 7951 477 2071 7952 477 2071 7953 495 2019 7954 476 2017 7955 477 2071 7956 476 2017 7957 458 2072 7958 458 2072 7959 476 2017 7960 457 2015 7961 458 2072 7962 457 2015 7963 449 2073 7964 449 2073 7965 457 2015 7966 448 2013 7967 449 2073 7968 448 2013 7969 440 2074 7970 440 2074 7971 448 2013 7972 439 2012 7973 440 2074 7974 439 2012 7975 423 2075 7976 423 2075 7977 439 2012 7978 421 2044 7979 423 2075 7980 421 2044 7981 422 2076 7982 422 2076 7983 421 2044 7984 419 2045 7985 422 2076 7986 419 2045 7987 563 2077 7988 563 2077 7989 419 2045 7990 416 2047 7991 563 2077 7992 416 2047 7993 433 2078 7994 433 2078 7995 416 2047 7996 415 2049 7997 433 2078 7998 415 2049 7999 434 2079 8000 434 2079 8001 415 2049 8002 443 2080 8003 443 2080 8004 415 2049 8005 435 2050 8006 443 2080 8007 435 2050 8008 452 2081 8009 452 2081 8010 435 2050 8011 444 2052 8012 452 2081 8013 444 2052 8014 454 2057 8015 452 2081 8016 454 2057 8017 471 2082 8018 471 2082 8019 454 2057 8020 473 2058 8021 471 2082 8022 473 2058 8023 490 2083 8024 490 2083 8025 473 2058 8026 506 2059 8027 554 2065 8028 555 2066 8029 552 2064 8030 831 2084 8031 984 2085 8032 986 2086 8033 829 2087 8034 830 2088 8035 831 2084 8036 831 2084 8037 830 2088 8038 832 2089 8039 831 2084 8040 832 2089 8041 984 2085 8042 984 2085 8043 832 2089 8044 985 2090 8045 985 2090 8046 832 2089 8047 975 2091 8048 975 2091 8049 832 2089 8050 830 2088 8051 975 2091 8052 830 2088 8053 976 2092 8054 976 2092 8055 830 2088 8056 1022 2093 8057 1022 2093 8058 830 2088 8059 829 2087 8060 133 2094 8061 134 2095 8062 140 2096 8063 140 2096 8064 134 2095 8065 141 2097 8066 140 2096 8067 141 2097 8068 143 2098 8069 143 2098 8070 141 2097 8071 142 2099 8072 142 2099 8073 141 2097 8074 134 2095 8075 142 2099 8076 134 2095 8077 135 2100 8078 135 2100 8079 134 2095 8080 131 2101 8081 131 2101 8082 134 2095 8083 129 2102 8084 131 2101 8085 129 2102 8086 130 2103 8087 130 2103 8088 129 2102 8089 128 2104 8090 128 2104 8091 129 2102 8092 127 2105 8093 127 2105 8094 129 2102 8095 134 2095 8096 127 2105 8097 134 2095 8098 133 2094 8099 1736 2106 8100 1731 2107 8101 1730 2108 8102 1730 2108 8103 1731 2107 8104 1139 2109 8105 1730 2108 8106 1139 2109 8107 1138 2110 8108 1138 2110 8109 1139 2109 8110 1136 2111 8111 1138 2110 8112 1136 2111 8113 1137 2112 8114 1137 2112 8115 1136 2111 8116 1716 2113 8117 1137 2112 8118 1716 2113 8119 1717 2114 8120 1717 2114 8121 1716 2113 8122 1786 2115 8123 1717 2114 8124 1786 2115 8125 1785 2116 8126 144 2117 8127 145 2118 8128 146 2119 8129 146 2119 8130 145 2118 8131 147 2120 8132 146 2119 8133 147 2120 8134 149 2121 8135 149 2121 8136 147 2120 8137 150 2122 8138 150 2122 8139 147 2120 8140 148 2123 8141 148 2123 8142 147 2120 8143 145 2118 8144 148 2123 8145 145 2118 8146 156 2124 8147 156 2124 8148 145 2118 8149 160 2125 8150 160 2125 8151 145 2118 8152 161 2126 8153 160 2125 8154 161 2126 8155 163 2127 8156 163 2127 8157 161 2126 8158 162 2128 8159 162 2128 8160 161 2126 8161 145 2118 8162 162 2128 8163 145 2118 8164 144 2117 8165 1122 2129 8166 1121 2130 8167 1120 2131 8168 1120 2131 8169 1121 2130 8170 1119 2132 8171 1120 2131 8172 1119 2132 8173 1092 2133 8174 1120 2131 8175 1092 2133 8176 1094 2134 8177 1094 2134 8178 1092 2133 8179 1093 2135 8180 1094 2134 8181 1093 2135 8182 1688 2136 8183 1688 2136 8184 1093 2135 8185 1696 2137 8186 1688 2136 8187 1696 2137 8188 1698 2138 8189 1698 2138 8190 1696 2137 8191 1695 2139 8192 1695 2139 8193 1696 2137 8194 1697 2140 8195 1957 2141 8196 1718 2142 8197 1115 2143 8198 1115 2143 8199 1718 2142 8200 1116 2144 8201 1115 2143 8202 1116 2144 8203 1117 2145 8204 1117 2145 8205 1116 2144 8206 1118 2146 8207 1117 2145 8208 1118 2146 8209 1128 2147 8210 1128 2147 8211 1118 2146 8212 1129 2148 8213 1128 2147 8214 1129 2148 8215 1639 2149 8216 1639 2149 8217 1129 2148 8218 1640 2150 8219 1639 2149 8220 1640 2150 8221 1691 2151 8222 151 2152 8223 152 2153 8224 153 2154 8225 153 2154 8226 152 2153 8227 154 2155 8228 153 2154 8229 154 2155 8230 155 2156 8231 153 2154 8232 155 2156 8233 158 2157 8234 158 2157 8235 155 2156 8236 159 2158 8237 158 2157 8238 159 2158 8239 166 2159 8240 158 2157 8241 166 2159 8242 165 2160 8243 165 2160 8244 166 2159 8245 167 2161 8246 165 2160 8247 167 2161 8248 164 2162 8249 165 2160 8250 164 2162 8251 158 2157 8252 158 2157 8253 164 2162 8254 157 2163 8255 158 2157 8256 157 2163 8257 151 2152 8258 158 2157 8259 151 2152 8260 153 2154 8261 1209 2164 8262 1207 2165 8263 1208 2166 8264 1208 2166 8265 1207 2165 8266 1634 2167 8267 1208 2166 8268 1634 2167 8269 1633 2168 8270 1633 2168 8271 1634 2167 8272 1162 2169 8273 1633 2168 8274 1162 2169 8275 1161 2170 8276 1161 2170 8277 1162 2169 8278 1157 2171 8279 1161 2170 8280 1157 2171 8281 1155 2172 8282 1155 2172 8283 1157 2171 8284 1156 2173 8285 1155 2172 8286 1156 2173 8287 1154 2174 8288 1154 2174 8289 1156 2173 8290 1708 2175 8291 1599 2176 8292 1600 2177 8293 1596 2178 8294 1596 2178 8295 1600 2177 8296 1597 2179 8297 1596 2178 8298 1597 2179 8299 1598 2180 8300 1596 2178 8301 1598 2180 8302 1601 2181 8303 168 2182 8304 169 2183 8305 170 2184 8306 170 2184 8307 169 2183 8308 171 2185 8309 170 2184 8310 171 2185 8311 173 2186 8312 173 2186 8313 171 2185 8314 174 2187 8315 174 2187 8316 171 2185 8317 172 2188 8318 172 2188 8319 171 2185 8320 169 2183 8321 172 2188 8322 169 2183 8323 180 2189 8324 180 2189 8325 169 2183 8326 184 2190 8327 184 2190 8328 169 2183 8329 185 2191 8330 184 2190 8331 185 2191 8332 187 2192 8333 187 2192 8334 185 2191 8335 186 2193 8336 186 2193 8337 185 2191 8338 169 2183 8339 186 2193 8340 169 2183 8341 168 2182 8342 1589 2194 8343 1590 2195 8344 1586 2196 8345 1586 2196 8346 1590 2195 8347 1587 2197 8348 1586 2196 8349 1587 2197 8350 1588 2198 8351 1586 2196 8352 1588 2198 8353 1591 2199 8354 175 2200 8355 176 2201 8356 177 2202 8357 177 2202 8358 176 2201 8359 178 2203 8360 177 2202 8361 178 2203 8362 179 2204 8363 177 2202 8364 179 2204 8365 182 2205 8366 182 2205 8367 179 2204 8368 183 2206 8369 182 2205 8370 183 2206 8371 190 2207 8372 182 2205 8373 190 2207 8374 189 2208 8375 189 2208 8376 190 2207 8377 191 2209 8378 189 2208 8379 191 2209 8380 188 2210 8381 189 2208 8382 188 2210 8383 182 2205 8384 182 2205 8385 188 2210 8386 181 2211 8387 182 2205 8388 181 2211 8389 175 2200 8390 182 2205 8391 175 2200 8392 177 2202 8393 1579 2212 8394 1580 2213 8395 1576 2214 8396 1576 2214 8397 1580 2213 8398 1577 2215 8399 1576 2214 8400 1577 2215 8401 1578 2216 8402 1576 2214 8403 1578 2216 8404 1581 2217 8405 192 2218 8406 193 2219 8407 194 2220 8408 194 2220 8409 193 2219 8410 195 2221 8411 194 2220 8412 195 2221 8413 197 2222 8414 197 2222 8415 195 2221 8416 198 2223 8417 198 2223 8418 195 2221 8419 196 2224 8420 196 2224 8421 195 2221 8422 193 2219 8423 196 2224 8424 193 2219 8425 204 2225 8426 204 2225 8427 193 2219 8428 208 2226 8429 208 2226 8430 193 2219 8431 209 2227 8432 208 2226 8433 209 2227 8434 211 2228 8435 211 2228 8436 209 2227 8437 210 2229 8438 210 2229 8439 209 2227 8440 193 2219 8441 210 2229 8442 193 2219 8443 192 2218 8444 1571 2230 8445 1567 2231 8446 1566 2232 8447 1566 2232 8448 1567 2231 8449 1568 2233 8450 1566 2232 8451 1568 2233 8452 1569 2234 8453 1566 2232 8454 1569 2234 8455 1570 2235 8456 199 2236 8457 200 2237 8458 201 2238 8459 201 2238 8460 200 2237 8461 202 2239 8462 201 2238 8463 202 2239 8464 203 2240 8465 201 2238 8466 203 2240 8467 206 2241 8468 206 2241 8469 203 2240 8470 207 2242 8471 206 2241 8472 207 2242 8473 214 2243 8474 206 2241 8475 214 2243 8476 213 2244 8477 213 2244 8478 214 2243 8479 215 2245 8480 213 2244 8481 215 2245 8482 212 2246 8483 213 2244 8484 212 2246 8485 206 2241 8486 206 2241 8487 212 2246 8488 205 2247 8489 206 2241 8490 205 2247 8491 199 2236 8492 206 2241 8493 199 2236 8494 201 2238 8495 1559 2248 8496 1560 2249 8497 1556 2250 8498 1556 2250 8499 1560 2249 8500 1557 2251 8501 1556 2250 8502 1557 2251 8503 1558 2252 8504 1556 2250 8505 1558 2252 8506 1561 2253 8507 216 2254 8508 217 2255 8509 218 2256 8510 218 2256 8511 217 2255 8512 219 2257 8513 218 2256 8514 219 2257 8515 221 2258 8516 221 2258 8517 219 2257 8518 222 2259 8519 222 2259 8520 219 2257 8521 220 2260 8522 220 2260 8523 219 2257 8524 217 2255 8525 220 2260 8526 217 2255 8527 228 2261 8528 228 2261 8529 217 2255 8530 232 2262 8531 232 2262 8532 217 2255 8533 233 2263 8534 232 2262 8535 233 2263 8536 235 2264 8537 235 2264 8538 233 2263 8539 234 2265 8540 234 2265 8541 233 2263 8542 217 2255 8543 234 2265 8544 217 2255 8545 216 2254 8546 1549 2266 8547 1550 2267 8548 1546 2268 8549 1546 2268 8550 1550 2267 8551 1547 2269 8552 1546 2268 8553 1547 2269 8554 1548 2270 8555 1546 2268 8556 1548 2270 8557 1551 2271 8558 223 2272 8559 224 2273 8560 225 2274 8561 225 2274 8562 224 2273 8563 226 2275 8564 225 2274 8565 226 2275 8566 227 2276 8567 225 2274 8568 227 2276 8569 230 2277 8570 230 2277 8571 227 2276 8572 231 2278 8573 230 2277 8574 231 2278 8575 238 2279 8576 230 2277 8577 238 2279 8578 237 2280 8579 237 2280 8580 238 2279 8581 239 2281 8582 237 2280 8583 239 2281 8584 236 2282 8585 237 2280 8586 236 2282 8587 230 2277 8588 230 2277 8589 236 2282 8590 229 2283 8591 230 2277 8592 229 2283 8593 223 2272 8594 230 2277 8595 223 2272 8596 225 2274 8597 413 2284 8598 409 2285 8599 408 2286 8600 408 2286 8601 409 2285 8602 410 2287 8603 408 2286 8604 410 2287 8605 411 2288 8606 408 2286 8607 411 2288 8608 412 2289 8609 240 2290 8610 241 2291 8611 242 2292 8612 242 2292 8613 241 2291 8614 243 2293 8615 242 2292 8616 243 2293 8617 245 2294 8618 245 2294 8619 243 2293 8620 246 2295 8621 246 2295 8622 243 2293 8623 244 2296 8624 244 2296 8625 243 2293 8626 241 2291 8627 244 2296 8628 241 2291 8629 252 2297 8630 252 2297 8631 241 2291 8632 256 2298 8633 256 2298 8634 241 2291 8635 257 2299 8636 256 2298 8637 257 2299 8638 259 2300 8639 259 2300 8640 257 2299 8641 258 2301 8642 258 2301 8643 257 2299 8644 241 2291 8645 258 2301 8646 241 2291 8647 240 2290 8648 403 2302 8649 399 2303 8650 398 2304 8651 398 2304 8652 399 2303 8653 400 2305 8654 398 2304 8655 400 2305 8656 401 2306 8657 398 2304 8658 401 2306 8659 402 2307 8660 247 2308 8661 248 2309 8662 249 2310 8663 249 2310 8664 248 2309 8665 250 2311 8666 249 2310 8667 250 2311 8668 251 2312 8669 249 2310 8670 251 2312 8671 254 2313 8672 254 2313 8673 251 2312 8674 255 2314 8675 254 2313 8676 255 2314 8677 262 2315 8678 254 2313 8679 262 2315 8680 261 2316 8681 261 2316 8682 262 2315 8683 263 2317 8684 261 2316 8685 263 2317 8686 260 2318 8687 261 2316 8688 260 2318 8689 254 2313 8690 254 2313 8691 260 2318 8692 253 2319 8693 254 2313 8694 253 2319 8695 247 2308 8696 254 2313 8697 247 2308 8698 249 2310 8699 1841 2320 8700 1842 2321 8701 1843 2322 8702 1843 2322 8703 1842 2321 8704 1848 2323 8705 1843 2322 8706 1848 2323 8707 1849 2324 8708 1849 2324 8709 1848 2323 8710 1854 2325 8711 1849 2324 8712 1854 2325 8713 1855 2326 8714 1855 2326 8715 1854 2325 8716 1868 2327 8717 1855 2326 8718 1868 2327 8719 1867 2328 8720 1867 2328 8721 1868 2327 8722 1856 2329 8723 1856 2329 8724 1868 2327 8725 1857 2330 8726 1856 2329 8727 1857 2330 8728 1858 2331 8729 264 2332 8730 265 2333 8731 266 2334 8732 266 2334 8733 265 2333 8734 267 2335 8735 266 2334 8736 267 2335 8737 269 2336 8738 269 2336 8739 267 2335 8740 270 2337 8741 270 2337 8742 267 2335 8743 268 2338 8744 268 2338 8745 267 2335 8746 265 2333 8747 268 2338 8748 265 2333 8749 276 2339 8750 276 2339 8751 265 2333 8752 280 2340 8753 280 2340 8754 265 2333 8755 281 2341 8756 280 2340 8757 281 2341 8758 283 2342 8759 283 2342 8760 281 2341 8761 282 2343 8762 282 2343 8763 281 2341 8764 265 2333 8765 282 2343 8766 265 2333 8767 264 2332 8768 271 2344 8769 272 2345 8770 273 2346 8771 273 2346 8772 272 2345 8773 274 2347 8774 273 2346 8775 274 2347 8776 275 2348 8777 273 2346 8778 275 2348 8779 278 2349 8780 278 2349 8781 275 2348 8782 279 2350 8783 278 2349 8784 279 2350 8785 286 2351 8786 278 2349 8787 286 2351 8788 285 2352 8789 285 2352 8790 286 2351 8791 287 2353 8792 285 2352 8793 287 2353 8794 284 2354 8795 285 2352 8796 284 2354 8797 278 2349 8798 278 2349 8799 284 2354 8800 277 2355 8801 278 2349 8802 277 2355 8803 271 2344 8804 278 2349 8805 271 2344 8806 273 2346 8807</p>
        </polylist>
      </mesh>
    </geometry>
    <geometry id="chr626_1-mesh" name="chr626_1">
      <mesh>
        <source id="chr626_1-mesh-positions">
          <float_array id="chr626_1-mesh-positions-array" count="7161">-3.044e-4 0.1021929 0.02609121 -2.767e-4 0.105161 0.02069938 0.006173074 0.103577 0.0242747 0.004935741 0.1058779 0.01955991 0.01011192 0.105162 0.01806139 -8.7e-6 0.106507 0.0154007 0.007146716 0.106501 0.01341539 -2.717e-4 0.103935 0.02039587 0.004860043 0.103161 0.01926648 -8.7e-6 0.106507 0.0154007 0.007146716 0.106501 0.01341539 0.009964764 0.103934 0.01780092 0.01278191 0.1021929 0.02274787 -3.044e-4 0.1021929 0.02609121 0.006087422 0.10109 0.02394288 0.01278191 0.1021929 0.02274787 0.01114022 0.09916675 0.02919358 0.007731676 0.100302 0.03021913 0.004276216 0.09916174 0.0310831 0.009309053 0.09600478 0.03625488 0.004276216 0.09916174 0.0310831 0.007637739 0.09822416 0.02987551 0.01114022 0.09916675 0.02919358 0.009309053 0.09600478 0.03625488 0.01278191 0.1021929 0.02274787 0.01011192 0.105162 0.01806139 0.01748543 0.103576 0.01793587 0.01405322 0.105879 0.01446878 0.01778423 0.105163 0.01058369 0.007146716 0.106501 0.01341539 0.01229369 0.106486 0.007996141 0.009964764 0.103934 0.01780092 0.01384633 0.1031579 0.01425921 0.007146716 0.106501 0.01341539 0.01229369 0.106486 0.007996141 0.0175352 0.103932 0.01043748 0.02244347 0.1021929 0.01330918 0.01278191 0.1021929 0.02274787 0.01724529 0.10109 0.01769137 0.02244347 0.1021929 0.01330918 0.02424448 0.09916675 0.0197122 0.02180546 0.100302 0.02230465 0.01924502 0.09916174 0.02478069 0.02618932 0.09600478 0.02674305 0.01924502 0.09916174 0.02478069 0.02155238 0.09822416 0.02205407 0.02424448 0.09916675 0.0197122 0.02618932 0.09600478 0.02674305 0.02244347 0.1021929 0.01330918 0.01778423 0.105163 0.01058369 0.02411079 0.103576 0.006789982 0.01940238 0.10588 0.005503654 0.02069169 0.105164 2.735e-4 0.01229369 0.106486 0.007996141 0.01437819 0.106481 6.182e-4 0.0175352 0.103932 0.01043748 0.01912665 0.103155 0.005426168 0.01229369 0.106486 0.007996141 0.01437819 0.106481 6.182e-4 0.02040731 0.103931 2.709e-4 0.02609121 0.1021929 3.043e-4 0.02244347 0.1021929 0.01330918 0.02378058 0.10109 0.006698489 0.02609121 0.1021929 3.043e-4 0.03085255 0.09916675 0.004948914 0.03003638 0.100302 0.008413553 0.02905708 0.09916174 0.01183813 0.0360521 0.09600478 0.01006543 0.02905708 0.09916174 0.01183813 0.02969199 0.09822416 0.008323073 0.03085255 0.09916675 0.004948914 0.0360521 0.09600478 0.01006543 0.02609121 0.1021929 3.043e-4 0.02069169 0.105164 2.735e-4 0.0242756 0.103576 -0.006174862 0.0195536 0.10588 -0.004934132 0.0180549 0.105165 -0.01010847 0.01437819 0.106481 6.182e-4 0.01244348 0.106476 -0.006743848 0.02040731 0.103931 2.709e-4 0.01928025 0.103154 -0.004864335 0.01437819 0.106481 6.182e-4 0.01244348 0.106476 -0.006743848 0.01781016 0.1039299 -0.009970664 0.02274787 0.1021929 -0.01278203 0.02609121 0.1021929 3.043e-4 0.0239439 0.10109 -0.006089091 0.02274787 0.1021929 -0.01278203 0.02919358 0.09916675 -0.01114022 0.03021913 0.100302 -0.007731676 0.0310831 0.09916174 -0.004276216 0.03625488 0.09600478 -0.009309053 0.0310831 0.09916174 -0.004276216 0.02987551 0.09822416 -0.007637739 0.02919358 0.09916675 -0.01114022 0.03625488 0.09600478 -0.009309053 0.02274787 0.1021929 -0.01278203 0.0180549 0.105165 -0.01010847 0.01793575 0.103576 -0.01748538 0.01446646 0.10588 -0.01404905 0.01058125 0.105165 -0.01778131 0.01244348 0.106476 -0.006743848 0.007143199 0.106474 -0.01213228 0.01781016 0.1039299 -0.009970664 0.01426637 0.103153 -0.01385378 0.01244348 0.106476 -0.006743848 0.007143199 0.106474 -0.01213228 0.01043826 0.1039299 -0.01754099 0.01330918 0.1021929 -0.02244347 0.02274787 0.1021929 -0.01278203 0.01769137 0.10109 -0.01724529 0.01330918 0.1021929 -0.02244347 0.0197122 0.09916675 -0.02424448 0.02230465 0.100302 -0.02180546 0.02478069 0.09916174 -0.01924502 0.02674305 0.09600478 -0.02618932 0.02478069 0.09916174 -0.01924502 0.02205407 0.09822416 -0.02155238 0.0197122 0.09916675 -0.02424448 0.02674305 0.09600478 -0.02618932 0.01330918 0.1021929 -0.02244347 0.01058125 0.105165 -0.01778131 0.006789982 0.103576 -0.02411079 0.005504012 0.10588 -0.01939988 2.728e-4 0.105165 -0.02068996 0.007143199 0.106474 -0.01213228 2.7e-6 0.1064749 -0.01410639 0.01043826 0.1039299 -0.01754099 0.005428194 0.103153 -0.01913088 0.007143199 0.106474 -0.01213228 2.7e-6 0.1064749 -0.01410639 2.689e-4 0.1039299 -0.02040988 3.043e-4 0.1021929 -0.02609121 0.01330918 0.1021929 -0.02244347 0.006698489 0.10109 -0.02378058 3.043e-4 0.1021929 -0.02609121 0.004948914 0.09916675 -0.03085255 0.008413553 0.100302 -0.03003638 0.01183813 0.09916174 -0.02905708 0.01006543 0.09600478 -0.0360521 0.01183813 0.09916174 -0.02905708 0.008323073 0.09822416 -0.02969199 0.004948914 0.09916675 -0.03085255 0.01006543 0.09600478 -0.0360521 3.043e-4 0.1021929 -0.02609121 2.728e-4 0.105165 -0.02068996 -0.006174862 0.103576 -0.0242756 -0.004933178 0.10588 -0.01955294 -0.0101087 0.105165 -0.01805436 2.7e-6 0.1064749 -0.01410639 -0.007175326 0.1064749 -0.01213812 2.689e-4 0.1039299 -0.02040988 -0.004863858 0.103153 -0.0192821 2.7e-6 0.1064749 -0.01410639 -0.007175326 0.1064749 -0.01213812 -0.009972453 0.1039299 -0.0178098 -0.01278203 0.1021929 -0.02274787 3.043e-4 0.1021929 -0.02609121 -0.006089091 0.10109 -0.0239439 -0.01278203 0.1021929 -0.02274787 -0.01114022 0.09916675 -0.02919358 -0.007731676 0.100302 -0.03021913 -0.004276216 0.09916174 -0.0310831 -0.009309053 0.09600478 -0.03625488 -0.004276216 0.09916174 -0.0310831 -0.007637739 0.09822416 -0.02987551 -0.01114022 0.09916675 -0.02919358 -0.009309053 0.09600478 -0.03625488 -0.01278203 0.1021929 -0.02274787 -0.0101087 0.105165 -0.01805436 -0.01748538 0.103576 -0.01793575 -0.01404851 0.10588 -0.01446646 -0.01778113 0.105165 -0.01058059 -0.007175326 0.1064749 -0.01213812 -0.01227146 0.106472 -0.006747186 -0.009972453 0.1039299 -0.0178098 -0.01385319 0.103153 -0.01426756 -0.007175326 0.1064749 -0.01213812 -0.01227146 0.106472 -0.006747186 -0.01754236 0.1039299 -0.01043748 -0.02244359 0.1021929 -0.01330918 -0.01278203 0.1021929 -0.02274787 -0.01724529 0.10109 -0.01769137 -0.02244359 0.1021929 -0.01330918 -0.02424448 0.09916675 -0.0197122 -0.02180546 0.100302 -0.02230465 -0.01924502 0.09916174 -0.02478069 -0.02618932 0.09600478 -0.02674305 -0.01924502 0.09916174 -0.02478069 -0.02155238 0.09822416 -0.02205407 -0.02424448 0.09916675 -0.0197122 -0.02618932 0.09600478 -0.02674305 -0.02244359 0.1021929 -0.01330918 -0.01778113 0.105165 -0.01058059 -0.02411079 0.103576 -0.006789982 -0.01939976 0.10588 -0.005504786 -0.02069091 0.105164 -2.722e-4 -0.01227146 0.106472 -0.006747186 -0.0142731 0.106478 6.179e-4 -0.01754236 0.1039299 -0.01043748 -0.01913052 0.103153 -0.00542885 -0.01227146 0.106472 -0.006747186 -0.0142731 0.106478 6.179e-4 -0.02040868 0.1039299 -2.669e-4 -0.02609121 0.1021929 -3.043e-4 -0.02244359 0.1021929 -0.01330918 -0.02378058 0.10109 -0.006698489 -0.02609121 0.1021929 -3.043e-4 -0.03085255 0.09916675 -0.004948914 -0.03003638 0.100302 -0.008413553 -0.02905708 0.09916174 -0.01183813 -0.0360521 0.09600478 -0.01006543 -0.02905708 0.09916174 -0.01183813 -0.02969199 0.09822416 -0.008323073 -0.03085255 0.09916675 -0.004948914 -0.0360521 0.09600478 -0.01006543 -0.02609121 0.1021929 -3.043e-4 -0.02069091 0.105164 -2.722e-4 -0.0242756 0.103576 0.006174862 -0.01955509 0.10588 0.004932284 -0.01805758 0.105163 0.01011127 -0.0142731 0.106478 6.179e-4 -0.01238197 0.106488 0.007994055 -0.02040868 0.1039299 -2.669e-4 -0.01927793 0.103155 0.004862487 -0.0142731 0.106478 6.179e-4 -0.01238197 0.106488 0.007994055 -0.0178039 0.103932 0.009971678 -0.02274787 0.1021929 0.01278203 -0.02609121 0.1021929 -3.043e-4 -0.0239439 0.10109 0.006089091 -0.02274787 0.1021929 0.01278203 -0.02919358 0.09916675 0.01114022 -0.03021913 0.100302 0.007731676 -0.0310831 0.09916174 0.004276216 -0.03625488 0.09600478 0.009309053 -0.0310831 0.09916174 0.004276216 -0.02987551 0.09822416 0.007637739 -0.02919358 0.09916675 0.01114022 -0.03625488 0.09600478 0.009309053 -0.02274787 0.1021929 0.01278203 -0.01805758 0.105163 0.01011127 -0.01793587 0.103576 0.01748543 -0.01447117 0.105879 0.01405102 -0.01058489 0.105162 0.01778841 -0.01238197 0.106488 0.007994055 -0.007186353 0.106501 0.01340943 -0.0178039 0.103932 0.009971678 -0.01425904 0.1031579 0.01384586 -0.01238197 0.106488 0.007994055 -0.007186353 0.106501 0.01340943 -0.01043033 0.103934 0.01753252 -0.01330918 0.1021929 0.02244347 -0.02274787 0.1021929 0.01278203 -0.01769137 0.10109 0.01724529 -0.01330918 0.1021929 0.02244347 -0.0197122 0.09916675 0.02424448 -0.02230465 0.100302 0.02180546 -0.02478069 0.09916174 0.01924502 -0.02674305 0.09600478 0.02618932 -0.02478069 0.09916174 0.01924502 -0.02205407 0.09822416 0.02155238 -0.0197122 0.09916675 0.02424448 -0.02674305 0.09600478 0.02618932 -0.01330918 0.1021929 0.02244347 -0.01058489 0.105162 0.01778841 -0.006791949 0.103575 0.0241115 -0.005506694 0.1058779 0.01940697 -2.767e-4 0.105161 0.02069938 -0.007186353 0.106501 0.01340943 -8.7e-6 0.106507 0.0154007 -0.01043033 0.103934 0.01753252 -0.005424082 0.103161 0.0191152 -0.007186353 0.106501 0.01340943 -8.7e-6 0.106507 0.0154007 -2.717e-4 0.103935 0.02039587 -3.044e-4 0.1021929 0.02609121 -0.01330918 0.1021929 0.02244347 -0.006700038 0.101089 0.02378129 -3.044e-4 0.1021929 0.02609121 -0.004948914 0.09916675 0.03085255 -0.008413553 0.100302 0.03003638 -0.01183813 0.09916174 0.02905708 -0.01006543 0.09600478 0.0360521 -0.01183813 0.09916174 0.02905708 -0.008323073 0.09822416 0.02969199 -0.004948914 0.09916675 0.03085255 -0.01006543 0.09600478 0.0360521 0.0216012 0.170095 -0.0143885 0.01576393 0.158421 -0.008635282 0.02571749 0.167845 -0.01306229 0.01814806 0.157302 -0.007799685 0.04028767 0.192349 -0.02885097 0.04323798 0.186787 -0.02485358 0.04269868 0.191788 -0.0302397 0.0450598 0.188893 -0.03161275 0.03456169 0.190962 -0.02414685 0.03954529 0.1862599 -0.02341318 0.03077071 0.185405 -0.02145689 0.0267964 0.1792979 -0.01852208 0.03668379 0.181576 -0.02066659 0.0319665 0.1759639 -0.01720649 0.04663014 0.181733 -0.03166478 0.04533159 0.180615 -0.02582281 0.01672315 0.1585379 -0.0047369 0.02381986 0.170821 -0.007829189 0.01814806 0.157302 -0.007799685 0.02571749 0.167845 -0.01306229 0.04460161 0.192288 -0.01959502 0.0468567 0.191272 -0.02096915 0.04323798 0.186787 -0.02485358 0.04905426 0.187978 -0.02198958 0.03873383 0.1919559 -0.0160427 0.03954529 0.1862599 -0.02341318 0.02972799 0.180419 -0.01084369 0.03430312 0.186587 -0.01350438 0.0319665 0.1759639 -0.01720649 0.03668379 0.181576 -0.02066659 0.04533159 0.180615 -0.02582281 0.05087119 0.1819339 -0.02296108 0.04811143 0.1891509 -0.02720117 0.04542577 0.192822 -0.02582055 0.04860019 0.172239 -0.02745205 0.05087125 0.174151 -0.03271317 0.05401688 0.17396 -0.02444368 0.04860019 0.172239 -0.02745205 0.05387693 0.174713 -0.02921694 0.05049717 0.182551 -0.02817642 0.05584102 0.158904 -0.03435236 0.05160385 0.1647779 -0.02920484 0.05438834 0.1573129 -0.0301932 0.05392456 0.166347 -0.03394955 0.05894559 0.158531 -0.0279532 0.05689007 0.152575 -0.03174895 0.05438834 0.1573129 -0.0301932 -0.02097314 0.120524 0.02390915 -0.0225144 0.11664 0.0239073 -0.0197454 0.119741 0.02593499 -0.02279186 0.1196359 0.02680879 -0.0225144 0.11664 0.0239073 -0.02408236 0.120366 0.0247575 -0.0234695 0.120659 0.02381199 -0.02408236 0.120366 0.0247575 -0.02033156 0.119468 0.02684396 -0.02033156 0.119468 0.02684396 -0.02632409 0.122776 0.01981163 -0.02800506 0.119155 0.01857906 -0.02575749 0.121495 0.02187579 -0.02892786 0.121559 0.02187168 -0.02800506 0.119155 0.01857906 -0.02955019 0.122801 0.01975566 -0.02868205 0.123199 0.01908993 -0.02955019 0.122801 0.01975566 -0.02658873 0.12112 0.02251857 -0.02658873 0.12112 0.02251857 -0.03025114 0.1256639 0.01551187 -0.03193217 0.122043 0.01427918 -0.0296846 0.124383 0.01757603 -0.03285485 0.124448 0.0175718 -0.03193217 0.122043 0.01427918 -0.03347718 0.125689 0.0154559 -0.03260898 0.126088 0.01479011 -0.03347718 0.125689 0.0154559 -0.03051573 0.124009 0.01821875 -0.03051573 0.124009 0.01821875 0.006550252 0.118144 0.02974617 0.004975855 0.117577 0.03159606 0.007566452 0.114099 0.02998673 0.007841348 0.117111 0.03287178 0.009474158 0.117619 0.0310055 0.007566452 0.114099 0.02998673 0.009474158 0.117619 0.0310055 0.009034156 0.117962 0.02998358 0.005396962 0.117256 0.03257787 0.005396962 0.117256 0.03257787 -9.19e-5 0.118008 0.03062415 -0.002231895 0.117683 0.03186398 1.44e-5 0.113831 0.0306338 -3.34e-5 0.116522 0.03383225 0.002154529 0.116776 0.03258574 1.44e-5 0.113831 0.0306338 0.002154529 0.116776 0.03258574 0.002119839 0.117271 0.0315324 -0.002198219 0.117217 0.03287672 -0.002198219 0.117217 0.03287672 -0.006550252 0.118144 0.02974617 -0.007566452 0.114099 0.02998673 -0.004975855 0.117577 0.03159606 -0.007841348 0.117111 0.03287178 -0.007566452 0.114099 0.02998673 -0.009474158 0.117619 0.0310055 -0.009034156 0.117962 0.02998358 -0.009474158 0.117619 0.0310055 -0.005396962 0.117256 0.03257787 -0.005396962 0.117256 0.03257787 -0.024158 0.116498 0.01760929 -0.02369123 0.118641 0.02040237 -0.02600705 0.117147 0.01783919 -0.02369123 0.118641 0.02040237 -0.02531135 0.115535 0.0198037 -0.0265026 0.116712 0.01881146 -0.02293336 0.115381 0.01868069 -0.02345806 0.1149629 0.01964497 -0.0265026 0.116712 0.01881146 -0.02345806 0.1149629 0.01964497 -0.02910536 0.122765 0.01680433 -0.02967298 0.120477 0.01397079 -0.02891319 0.119405 0.01529568 -0.02910536 0.122765 0.01680433 -0.03131639 0.119902 0.01609796 -0.03201669 0.121017 0.01480549 -0.02963411 0.119164 0.01620489 -0.03201669 0.121017 0.01480549 -0.0313192 0.121246 0.0139203 -0.02963411 0.119164 0.01620489 0.02112793 0.108623 -0.004424214 0.01912677 0.108117 -0.009988248 0.01271045 0.105953 -0.00697124 0.01623928 0.10804 -0.01479011 0.01157701 0.108041 -0.01846915 0.007387816 0.105951 -0.01255273 0.006006658 0.10804 -0.02077502 -3.7e-6 0.108041 -0.02156352 -2.8e-6 0.105951 -0.01459389 -3.9e-6 0.1060889 0.01859748 0.008519351 0.106582 0.01784449 0 0.1059409 0.01582956 0.007368445 0.105945 0.01380765 0.01639145 0.108333 0.01614248 0.01271468 0.105955 0.008253455 0.02122956 0.108797 0.007871568 0.02191567 0.1086249 6.413e-4 0.01467233 0.105957 6.403e-4 0.01467233 0.105957 6.403e-4 0.02191567 0.1086249 6.413e-4 0.02894729 0.113447 -0.00709182 0.0263561 0.113646 -0.01456391 0.02175378 0.113649 -0.02098387 0.01551491 0.113649 -0.0259065 0.008052647 0.113649 -0.02900552 -2.5e-6 0.113649 -0.03005987 0.02894878 0.1134459 0.008629798 0.02989596 0.113497 6.404e-4 0.02989596 0.113497 6.404e-4 0.03422838 0.120237 -0.008615195 0.03072077 0.120248 -0.0172488 0.02522128 0.120258 -0.0246672 0.01793158 0.120262 -0.03036588 0.00931245 0.120266 -0.03395009 -2.1e-6 0.120267 -0.03517246 0.03426408 0.120144 0.009584248 0.03544044 0.120236 6.404e-4 0.03544044 0.120236 6.404e-4 0.03352159 0.127376 -0.01865589 0.03747099 0.1273649 -0.009344875 0.02726829 0.1273919 -0.02665305 0.01933991 0.1274009 -0.03279668 0.01004588 0.127408 -0.03666263 -2e-6 0.1274099 -0.03798127 0 0.118592 0.03601419 -7e-7 0.127026 0.0387082 0.009062886 0.118773 0.03473901 0.0100519 0.1270189 0.03730952 0.01764637 0.119481 0.03131479 0.01915997 0.126951 0.03327208 0.03073847 0.118193 0.01689076 0.02623713 0.115217 0.01964199 0.02922272 0.119349 0.01842248 0.02519768 0.116605 0.0211085 0.03720992 0.12703 0.01017081 0.03877568 0.127364 6.476e-4 0.03877568 0.127364 6.476e-4 0.03406846 0.1348739 -0.01887077 0.03817361 0.134869 -0.009457647 0.02758598 0.13488 -0.02694946 0.01954895 0.1348839 -0.03315246 0.01015293 0.1348879 -0.03705525 -2e-6 0.1348879 -0.03838449 -9e-7 0.1342819 0.03866338 0.01015216 0.13428 0.03733456 0.01763999 0.131654 0.03446722 0.02463728 0.138476 0.0288555 0.01953518 0.130059 0.03327018 0.02373498 0.128522 0.03056299 0.02759039 0.129135 0.02744984 0.03086239 0.1311759 0.02424079 0.03594869 0.127214 0.01356655 0.03380656 0.134606 0.01972717 0.0378068 0.1348469 0.01062369 0.03949648 0.134869 6.478e-4 0.03949648 0.134869 6.478e-4 0.03634119 0.142636 -0.009029448 0.03243947 0.142633 -0.0180425 0.02634602 0.1426259 -0.02577549 0.01871711 0.142623 -0.03171116 0.009718358 0.1426219 -0.03544378 -3e-6 0.142621 -0.03671646 -9e-7 0.141816 0.03669357 0.009718358 0.1418089 0.03542459 0.01493084 0.137634 0.03466469 0.01468598 0.141559 0.03359299 0.03260004 0.138494 0.02041536 0.0313791 0.1424199 0.02011257 0.03244143 0.1423789 0.0189284 0.03624916 0.14257 0.01021623 0.0376091 0.142634 6.449e-4 0.0376091 0.142634 6.449e-4 0.03205019 0.150076 -0.008024096 0.02864521 0.1500729 -0.01609998 0.02340215 0.1500689 -0.02303147 0.01670753 0.150066 -0.0283541 0.008710741 0.150066 -0.03169924 -3.2e-6 0.1499289 -0.0329321 0.009207189 0.145556 0.03373098 0.01572966 0.145043 0.03156805 0.01743555 0.1476349 0.02923494 0.01668381 0.1492739 0.0283401 0.02057129 0.148899 0.02634495 0.02863949 0.1497409 0.01683741 0.03204792 0.149955 0.009112179 0.03318649 0.150065 6.223e-4 0.03318649 0.150065 6.223e-4 0.02585417 0.156453 -0.006429672 0.02313727 0.156453 -0.013022 0.01893121 0.156452 -0.0186789 0.01351779 0.156452 -0.02302002 0.007083833 0.156452 -0.02575063 -3.9e-6 0.156315 -0.02677518 0.008713185 0.14914 0.03142148 0 0.149176 0.03269416 0.007091999 0.155638 0.02575331 0 0.15564 0.02668577 0.01351642 0.155703 0.02312296 0.02843523 0.146429 0.02094709 0.02435559 0.148751 0.02340549 0.02313387 0.156086 0.01372259 0.0258516 0.156282 0.007441461 0.02678555 0.156408 5.721e-4 0.02678555 0.156408 5.721e-4 0.01740413 0.161338 -0.006691694 0.01340723 0.161341 -0.01301759 0.007267892 0.161343 -0.01705068 -4.1e-6 0.161342 -0.01867353 -1.1e-6 0.1607689 0.0190643 0.007274389 0.160782 0.01745778 0.01340889 0.160902 0.01361465 0.01892906 0.155869 0.01904368 0.01740288 0.161103 0.007598996 0.01901119 0.1612669 5.289e-4 0.01901119 0.1612669 5.289e-4 0.01062828 0.163999 -0.003811419 0 0.165349 5.584e-4 0.008192956 0.16402 -0.007597804 0.004414856 0.164022 -0.01002556 0.001300871 0.164961 -0.002562165 -5.6e-6 0.164022 -0.01100236 -1.3e-6 0.163699 0.0117886 0 0.165349 5.584e-4 0.004427671 0.163703 0.01081359 0.008200943 0.1637549 0.008463859 0.0106306 0.16385 0.004790604 0.01160782 0.1639389 5.176e-4 0.01160782 0.1639389 5.176e-4 -2.4e-6 0.101267 6.404e-4 -2.4e-6 0.101267 6.404e-4 0.006765007 0.109778 0.02657228 0.006183147 0.107629 0.02306222 -1.5e-6 0.109293 0.02690446 0 0.107748 0.02337646 0.01407295 0.110905 0.02492028 0.01264739 0.108637 0.02208089 0.01958119 0.114365 0.02410113 0.02022069 0.112684 0.02266412 0.01953613 0.110779 0.02046829 0.03281211 0.123114 0.01701575 0.03302943 0.123983 0.01757955 -3.4e-6 0.115883 0.03359699 0.008586883 0.116324 0.03255498 -2.9e-6 0.1276119 0.002592325 0.008475959 0.127636 0.002815306 0.0168249 0.117467 0.02991676 0.0167756 0.127533 0.004794061 0.0269007 0.119902 0.02351021 0.02324217 0.127218 0.007150471 0.02211457 0.118513 0.02702564 0.02348589 0.118443 0.005882084 0.02922272 0.119349 0.01842248 0.02519768 0.116605 0.0211085 0.007788479 0.11417 6.797e-4 -3.6e-6 0.114111 2.947e-4 0.01661849 0.115939 0.002768993 0.007243633 0.11166 0.02769458 0 0.111187 0.02835881 0.01395338 0.1129299 0.0261349 0.01958119 0.114365 0.02410113 0.03281211 0.123114 0.01701575 0.03594869 0.127214 0.01356655 0.01395338 0.1129299 0.0261349 0.007243633 0.11166 0.02769458 0 0.111187 0.02835881 -3.4e-6 0.115883 0.03359699 0.008586883 0.116324 0.03255498 0.0168249 0.117467 0.02991676 0.02731662 0.121439 0.02440619 0.0269007 0.119902 0.02351021 0.02273249 0.120406 0.02811723 0.02211457 0.118513 0.02702564 0.0296036 0.122922 0.01020646 0.02740496 0.113734 0.01486569 0.02192729 0.110531 0.0153014 0.03291088 0.120989 0.01527673 0.01582509 0.134307 0.03498709 0.03078174 0.122648 0.02064067 0.03223258 0.134804 0.02153509 0.03023487 0.121173 0.02015197 0.03023487 0.121173 0.02015197 0.03205102 0.122057 0.01632022 0.03205102 0.122057 0.01632022 -0.02112793 0.108623 -0.004424214 -0.01271176 0.105953 -0.006971955 -0.01912677 0.108117 -0.009988248 -0.01623928 0.10804 -0.01479011 -0.007391691 0.105952 -0.01255339 -0.01157701 0.108041 -0.01846915 -0.006010532 0.10804 -0.02077329 -2.8e-6 0.105951 -0.01459389 -3.7e-6 0.108041 -0.02156352 -3.9e-6 0.1060889 0.01859748 0 0.1059409 0.01582956 -0.008520841 0.106582 0.01784396 -0.00736922 0.105945 0.0138089 -0.01639145 0.108333 0.01614248 -0.01271593 0.105955 0.00825417 -0.02122956 0.108797 0.007871568 -0.01467382 0.105957 6.403e-4 -0.02191567 0.1086249 6.413e-4 -0.01467382 0.105957 6.403e-4 -0.02191567 0.1086249 6.413e-4 -0.02894729 0.113447 -0.00709182 -0.0263561 0.113646 -0.01456391 -0.02175378 0.113649 -0.02098387 -0.01551491 0.113649 -0.0259065 -0.008055567 0.113649 -0.02900427 -2.5e-6 0.113649 -0.03005987 -0.02894878 0.1134459 0.008629798 -0.02989596 0.113497 6.404e-4 -0.02989596 0.113497 6.404e-4 -0.03422838 0.120237 -0.008615195 -0.03072077 0.120248 -0.0172488 -0.02522128 0.120258 -0.0246672 -0.01793158 0.120262 -0.03036588 -0.009314775 0.120265 -0.03394901 -2.1e-6 0.120267 -0.03517246 -0.03426408 0.120144 0.009584248 -0.03544044 0.120236 6.404e-4 -0.03544044 0.120236 6.404e-4 -0.03747099 0.1273649 -0.009344875 -0.03352159 0.127376 -0.01865589 -0.02726829 0.1273919 -0.02665305 -0.01933991 0.1274009 -0.03279668 -0.01004797 0.127407 -0.03666198 -2e-6 0.1274099 -0.03798127 0 0.118592 0.03601419 -0.009065091 0.118772 0.03473788 -7e-7 0.127026 0.0387082 -0.01005303 0.127018 0.03730911 -0.01764816 0.119626 0.0313133 -0.01916015 0.12695 0.03327167 -0.03073799 0.118193 0.01689106 -0.02922517 0.119349 0.01842218 -0.02623647 0.115307 0.01964432 -0.02519756 0.116695 0.02110755 -0.03720992 0.12703 0.01017081 -0.03877568 0.127364 6.476e-4 -0.03877568 0.127364 6.476e-4 -0.03817361 0.134869 -0.009457647 -0.03406846 0.1348739 -0.01887077 -0.02758598 0.13488 -0.02694946 -0.01954895 0.1348839 -0.03315246 -0.01015496 0.134887 -0.03705483 -2e-6 0.1348879 -0.03838449 -9e-7 0.1342819 0.03866338 -0.01015299 0.13428 0.0373345 -0.01763999 0.131654 0.03446722 -0.01953518 0.130059 0.03327018 -0.02463728 0.138476 0.0288555 -0.02373528 0.12852 0.03056269 -0.02759009 0.1291339 0.02745008 -0.03086239 0.1311759 0.02424079 -0.03594869 0.127214 0.01356655 -0.0378068 0.1348469 0.01062369 -0.03380656 0.134606 0.01972717 -0.03949648 0.134869 6.478e-4 -0.03949648 0.134869 6.478e-4 -0.03634119 0.142636 -0.009029448 -0.03243947 0.142633 -0.0180425 -0.02634602 0.1426259 -0.02577549 -0.01871711 0.142623 -0.03171116 -0.009720563 0.142621 -0.03544348 -3e-6 0.142621 -0.03671646 -9e-7 0.141816 0.03669357 -0.009718358 0.1418089 0.03542459 -0.01468598 0.141559 0.03359299 -0.01493084 0.137634 0.03466469 -0.03260004 0.138494 0.02041536 -0.03244143 0.1423789 0.0189284 -0.0313791 0.1424199 0.02011257 -0.03624916 0.14257 0.01021623 -0.0376091 0.142634 6.449e-4 -0.0376091 0.142634 6.449e-4 -0.03205019 0.150076 -0.008024096 -0.02864521 0.1500729 -0.01609998 -0.02340215 0.1500689 -0.02303147 -0.01670759 0.150066 -0.0283541 -0.008714258 0.150066 -0.03169846 -3.2e-6 0.1499289 -0.0329321 -0.009207189 0.145556 0.03373098 -0.01743555 0.1476349 0.02923494 -0.01572966 0.145043 0.03156805 -0.02057129 0.148899 0.02634495 -0.01668381 0.1492739 0.0283401 -0.02863949 0.1497409 0.01683741 -0.03204792 0.149955 0.009112179 -0.03318649 0.150065 6.223e-4 -0.03318649 0.150065 6.223e-4 -0.02585417 0.156453 -0.006429672 -0.02313727 0.156453 -0.013022 -0.01893121 0.156452 -0.0186789 -0.01351779 0.156452 -0.02302002 -0.007088363 0.156452 -0.02574986 -3.9e-6 0.156315 -0.02677518 0 0.15564 0.02668577 0 0.149176 0.03269416 -0.007092893 0.155638 0.02575409 -0.008713185 0.14914 0.03142148 -0.01351642 0.155703 0.02312296 -0.02435559 0.148751 0.02340549 -0.02843523 0.146429 0.02094709 -0.02313387 0.156086 0.01372259 -0.0258516 0.156282 0.007441461 -0.02678555 0.156408 5.721e-4 -0.02678555 0.156408 5.721e-4 -0.01740413 0.161338 -0.006691694 -0.01340723 0.161341 -0.01301759 -0.007271826 0.161342 -0.01705008 -4.1e-6 0.161342 -0.01867353 -1.1e-6 0.1607689 0.0190643 -0.007275581 0.160781 0.01745831 -0.01892906 0.155869 0.01904368 -0.01340889 0.160902 0.01361465 -0.01740288 0.161103 0.007598996 -0.01901119 0.1612669 5.289e-4 -0.01901119 0.1612669 5.289e-4 -0.01062828 0.163999 -0.003811419 -0.008192956 0.16402 -0.007597804 0 0.165349 5.584e-4 -0.00130093 0.164961 -0.002562165 -0.004421055 0.164022 -0.01002299 -5.6e-6 0.164022 -0.01100236 -1.3e-6 0.163699 0.0117886 -0.004427671 0.163703 0.01081359 0 0.165349 5.584e-4 -0.008200943 0.1637549 0.008463859 -0.0106306 0.16385 0.004790604 -0.01160782 0.1639389 5.176e-4 -0.01160782 0.1639389 5.176e-4 -2.4e-6 0.101267 6.404e-4 -2.4e-6 0.101267 6.404e-4 -0.006765007 0.109778 0.02657228 -1.5e-6 0.109293 0.02690446 -0.006186187 0.107629 0.02306252 0 0.107748 0.02337646 -0.0140739 0.110906 0.02492028 -0.0126475 0.108637 0.02208089 -0.02022218 0.112776 0.02266675 -0.01957869 0.114455 0.02410066 -0.01953762 0.110781 0.02047127 -0.03281211 0.123114 0.01701575 -0.03302943 0.123983 0.01757955 -0.008479773 0.127636 0.002815783 -0.00859189 0.116325 0.03255498 -2.9e-6 0.1276119 0.002592325 -3.4e-6 0.115883 0.03359699 -0.01677572 0.127534 0.004795134 -0.01682978 0.117614 0.02991592 -0.02689296 0.119899 0.0235126 -0.02211368 0.118732 0.02702873 -0.02324116 0.127219 0.007151365 -0.02348601 0.118444 0.005881667 -0.02519756 0.116695 0.02110755 -0.02922517 0.119349 0.01842218 -0.007791638 0.114171 6.799e-4 -3.6e-6 0.114111 2.947e-4 -0.01661819 0.115939 0.002768695 0 0.111187 0.02835881 -0.00724411 0.111659 0.0276947 -0.01395332 0.112929 0.02613538 -0.01957869 0.114455 0.02410066 -0.03594869 0.127214 0.01356655 -0.03281211 0.123114 0.01701575 -0.01395332 0.112929 0.02613538 -0.00724411 0.111659 0.0276947 0 0.111187 0.02835881 -3.4e-6 0.115883 0.03359699 -0.00859189 0.116325 0.03255498 -0.01682978 0.117614 0.02991592 -0.02211368 0.118732 0.02702873 -0.02689296 0.119899 0.0235126 -0.02273106 0.120624 0.02811819 -0.02731478 0.121438 0.0244078 -0.0296036 0.122922 0.01020646 -0.02740478 0.113734 0.01486718 -0.02192729 0.110531 0.0153014 -0.03291088 0.120989 0.01527673 -0.01582509 0.134307 0.03498709 -0.03078174 0.122648 0.02064067 -0.03223258 0.134804 0.02153509 -0.03023487 0.121173 0.02015197 -0.03023487 0.121173 0.02015197 -0.03205102 0.122057 0.01632022 -0.03205102 0.122057 0.01632022 0.10789 0.10242 0.004445493 0.113443 0.102863 0.005465984 0.1080279 0.09507614 0.005575478 0.113304 0.09381467 0.00687468 0.140322 0.09561568 0.01892155 0.1384339 0.09223628 0.02091699 0.1363019 0.09750139 0.01637494 0.132937 0.09421288 0.01712775 0.1583139 0.08110976 0.02320027 0.148028 0.08534318 0.02287316 0.159839 0.08397597 0.02455192 0.1479679 0.08850288 0.02439558 0.1135179 0.103666 5.697e-4 0.113479 0.102092 -0.004002869 0.124022 0.103164 0.001295506 0.122615 0.100031 -0.007633209 0.119337 0.08960884 0.008358955 0.119626 0.09453904 0.01073265 0.129702 0.08846855 0.01228958 0.122681 0.102578 0.008376657 0.113443 0.102863 0.005465984 0.1400989 0.105125 0.01303005 0.145657 0.1060349 0.01417523 0.142669 0.100175 0.0171113 0.113304 0.09381467 0.00687468 0.113361 0.09172648 0.001594901 0.1080279 0.09507614 0.005575478 0.108068 0.09264206 0.001220583 0.107932 0.101577 -0.003987908 0.108088 0.09452807 -0.003590226 0.113479 0.102092 -0.004002869 0.113385 0.09329509 -0.003393352 0.1414729 0.103872 -0.001618683 0.147217 0.09994769 -0.005441129 0.146696 0.104276 -0.001605153 0.1079069 0.103332 3.885e-4 0.1135179 0.103666 5.697e-4 0.146559 0.106319 0.006928682 0.1462849 0.1029109 0.01047211 0.140836 0.105505 0.006156384 0.146481 0.101155 0.002568781 0.144542 0.09537708 -0.011186 0.129197 0.09283846 -0.009804964 0.113361 0.09172648 0.001594901 0.117886 0.08975404 8.252e-4 0.113385 0.09329509 -0.003393352 0.118291 0.0924986 -0.006177484 0.113385 0.09329509 -0.003393352 0.118291 0.0924986 -0.006177484 0.160095 0.08332425 0.01967287 0.1621289 0.08353286 0.02135056 0.16086 0.08704805 0.02243202 0.149783 0.08763128 0.01845836 0.150065 0.0906741 0.02253389 0.148028 0.08534318 0.02287316 0.1583139 0.08110976 0.02320027 0.147973 0.09346276 -0.004809439 0.129197 0.09283846 -0.009804964 0.1340389 0.09401875 0.001621305 0.144113 0.09510219 0.01389473 0.142669 0.100175 0.0171113 0.148817 0.09620189 0.013637 0.1464859 0.09490609 0.01064103 0.1501359 0.09541696 0.006926 0.1477789 0.09391349 0.003454983 0.144542 0.09537708 -0.011186 0.1496509 0.09194809 -0.009044587 0.148087 0.101876 0.010908 0.148459 0.105399 0.007644832 0.1471549 0.102105 0.01772838 0.148024 0.104841 0.01432925 0.119337 0.08960884 0.008358955 0.129702 0.08846855 0.01228958 0.149421 0.09937906 0.002582192 0.1477789 0.09391349 0.003454983 0.1636369 0.09898847 -0.005268514 0.1710889 0.09373027 -0.004750311 0.1618199 0.09510838 -0.008070349 0.169529 0.09052646 -0.007595837 0.150132 0.09709376 -0.005222678 0.148584 0.09919017 -0.009190082 0.145736 0.10048 -0.009199261 0.1483449 0.09577447 -0.01184689 0.144542 0.09537708 -0.011186 0.1483449 0.09577447 -0.01184689 0.150132 0.09709376 -0.005222678 0.1624529 0.09756737 -0.01137918 0.1698009 0.09261065 -0.01078796 0.1635699 0.101682 -0.009432554 0.1624529 0.09756737 -0.01137918 0.170879 0.09608745 -0.008727252 0.1698009 0.09261065 -0.01078796 0.147973 0.09346276 -0.004809439 0.1710889 0.09373027 -0.004750311 0.1636369 0.09898847 -0.005268514 0.1487939 0.102465 -0.001277387 0.1491659 0.09868967 -0.004671037 0.150231 0.09498804 -3.994e-4 0.149421 0.09937906 0.002582192 0.1491659 0.09868967 -0.004671037 0.186273 0.09010457 0.001021564 0.1834059 0.09002155 0.001712203 0.1846359 0.09347975 0.004661381 0.148999 0.100973 0.003363609 0.148087 0.101876 0.010908 0.167304 0.100974 0.007306039 0.1464859 0.09490609 0.01064103 0.148999 0.100973 0.003363609 0.184684 0.09787374 0.01605182 0.1854839 0.100233 0.01708847 0.183398 0.10075 0.01375639 0.1471549 0.102105 0.01772838 0.148033 0.103713 0.01027429 0.182428 0.09968036 0.01874732 0.148033 0.103713 0.01027429 0.1381829 0.09098094 0.01241368 0.136933 0.08816444 0.01890319 0.165452 0.09844505 5.483e-4 0.165845 0.103018 0.003846645 0.165301 0.102365 -0.002978265 0.16382 0.105947 0.01217049 0.16372 0.107461 0.01625597 0.163044 0.104358 0.01828736 0.1653209 0.101072 0.01434999 0.163044 0.104358 0.01828736 0.16382 0.105947 0.01217049 0.165564 0.104573 0.01184451 0.166145 0.105618 0.005355596 0.175958 0.1026329 0.006049156 0.174719 0.09873145 0.007902801 0.166145 0.105618 0.005355596 0.1655049 0.1076959 0.009075343 0.165564 0.104573 0.01184451 0.1751909 0.101911 0.01297897 0.174862 0.1030369 0.01609015 0.182892 0.1015509 0.0161693 0.1854839 0.100233 0.01708847 0.182428 0.09968036 0.01874732 0.174169 0.100616 0.01844197 0.174098 0.09810024 0.0149343 0.1751909 0.101911 0.01297897 0.174714 0.101644 0.01197421 0.175755 0.104223 0.009505152 0.175958 0.1026329 0.006049156 0.174714 0.101644 0.01197421 0.16602 0.104713 1.661e-4 0.165301 0.102365 -0.002978265 0.1747829 0.09944868 5.783e-4 0.173994 0.09718829 -0.002371013 0.174511 0.09771746 0.004130959 0.165845 0.103018 0.003846645 0.174511 0.09771746 0.004130959 0.174142 0.09349215 9.798e-4 0.173994 0.09718829 -0.002371013 0.150065 0.0906741 0.02253389 0.16086 0.08704805 0.02243202 0.113304 0.09381467 0.00687468 0.113304 0.09381467 0.00687468 0.140978 0.09065896 0.01394057 0.1363019 0.09750139 0.01637494 0.1381829 0.09098094 0.01241368 0.140322 0.09561568 0.01892155 0.140322 0.09561568 0.01892155 0.1384339 0.09223628 0.02091699 0.140322 0.09561568 0.01892155 0.136933 0.08816444 0.01890319 0.1363019 0.09750139 0.01637494 0.06247568 0.101168 5.1e-5 0.07156258 0.100572 -2.86e-5 0.06244796 0.09957218 0.002972364 0.07155877 0.09922569 0.002772808 0.06247919 0.09935986 -0.003929316 0.07156449 0.09886777 -0.00335896 0.06238085 0.09612768 -0.004847109 0.07132816 0.09514927 -0.004092395 0.06233602 0.09261536 -1.35e-5 0.07131808 0.09225666 1.063e-4 0.07132947 0.09500366 0.003715336 0.06233739 0.09591996 0.004074871 0.1783689 0.08978968 -0.004606366 0.177785 0.08707588 -0.007495701 0.175728 0.08807867 -0.00734812 0.1800699 0.0881024 -0.008598089 0.17645 0.08920109 -0.01026666 0.17645 0.08920109 -0.01026666 0.1800699 0.0881024 -0.008598089 0.1787289 0.09100586 -0.008350551 0.184385 0.09301555 -0.001399338 0.1886039 0.09281378 0.001136004 0.184385 0.09301555 -0.001399338 0.1886039 0.09281378 0.001136004 0.184888 0.09518826 0.00132966 0.186716 0.09875488 0.009402871 0.184176 0.09777927 0.008934259 0.184794 0.100539 0.01237303 0.1849589 0.1019009 0.006754279 0.187819 0.1017529 0.009667754 0.185032 0.103286 0.009639263 0.1849589 0.1019009 0.006754279 0.187819 0.1017529 0.009667754 0.184794 0.100539 0.01237303 0.1626989 0.08278006 0.02385091 0.1626989 0.08278006 0.02385091 0.182357 0.09715718 0.01563376 0.183398 0.10075 0.01375639 0.1783689 0.08978968 -0.004606366 0.1846359 0.09347975 0.004661381 0.136933 0.08816444 0.01890319 0.03519326 0.09646928 0.004078567 0.01944786 0.09727019 0.00399971 0.03520643 0.100809 0.002972662 0.01954329 0.101038 0.002655982 0.03518092 0.09323847 -1.57e-4 0.01946061 0.09444808 -4.59e-5 0.03519326 0.09646928 0.004078567 0.01944786 0.09727019 0.00399971 0.007632315 0.09980529 3.278e-4 0.009172976 0.09267967 2.264e-4 0.009306371 0.09897166 -0.004211485 0.03518468 0.09665215 -0.004471898 0.03519785 0.1009269 -0.003559589 0.01944595 0.09767615 -0.003498077 0.01953697 0.100915 -0.00268054 0.03520661 0.102299 2.87e-5 0.0195676 0.102115 1.701e-4 0.009302496 0.09846556 0.004876196 0.009378969 0.102439 0.003439784 0.009172976 0.09267967 2.264e-4 0.007632315 0.09980529 3.278e-4 0.009302496 0.09846556 0.004876196 0.009377777 0.102324 -0.003591299 0.009378671 0.103676 1.504e-4 0.07132947 0.09500366 0.003715336 0.06233739 0.09591996 0.004074871 0.05898153 0.09993475 -0.004137158 0.05898779 0.101893 -3.68e-4 0.05438894 0.09968096 -0.003204584 0.05440431 0.100856 4.9e-6 0.05898058 0.100105 0.002760589 0.05442309 0.09951895 0.002628386 0.05885845 0.09693908 0.004033744 0.05441778 0.09654879 0.003409147 0.05884563 0.09312599 -5.473e-4 0.05440908 0.09387189 -2.342e-4 0.05885845 0.09693908 0.004033744 0.05441778 0.09654879 0.003409147 0.05438619 0.09670776 -0.003864884 0.05887323 0.09720218 -0.005202293 0.09526824 0.102436 -3.126e-4 0.0952813 0.100903 0.005351603 0.09529387 0.100432 -0.005595386 0.09691154 0.09277677 0.006077051 0.09691154 0.09277677 0.006077051 0.09716856 0.08989506 7.531e-4 0.09692889 0.09217649 -0.005233049 0.01527971 0.09804499 0.005213797 0.0152707 0.09860026 -0.004606187 0.01502221 0.09432184 3.587e-4 0.0155273 0.102447 -0.004083037 0.01553809 0.104019 1.267e-4 0.01552647 0.102601 0.003809928 0.01527971 0.09804499 0.005213797 0.01502221 0.09432184 3.587e-4 0.01944786 0.09727019 0.00399971 0.174169 0.100616 0.01844197 0.142467 0.100304 -0.009047687 0.142467 0.100304 -0.009047687 0.1414729 0.103872 -0.001618683 0.140836 0.105505 0.006156384 0.1400989 0.105125 0.01303005 0.1363019 0.09750139 0.01637494 -0.007962346 0.01139342 0.008487284 -0.01139372 0.01218783 0.005620658 -0.01088249 0.006171882 0.008275985 -0.002382636 0.02581727 0.004861176 -0.005246758 0.02588778 0.002850592 -0.005054593 0.01948207 0.006401896 -0.005246758 0.02588778 0.002850592 -0.005714297 0.02603369 0.005125999 -0.005054593 0.01948207 0.006401896 -0.00864458 0.02372258 0.007451415 -0.01060909 0.02036541 0.008277893 -0.008556544 0.02011191 0.005565464 -0.007081389 0.02590924 0.005116343 -0.01316839 0.01951277 0.006180882 -0.01142388 0.01976287 0.008803546 -0.00864458 0.02372258 0.007451415 -0.007081389 0.02590924 0.005116343 -0.001455307 0.03513735 0.002071857 -0.002628684 0.03521156 0.001795887 -0.002382636 0.02581727 0.004861176 -0.002306938 0.02599847 0.002558231 -0.001323997 0.03519999 0.001171588 -0.001455307 0.03513735 0.002071857 -0.005392432 0.01977443 0.008863866 -0.007962346 0.01139342 0.008487284 -0.00955379 0.02039289 0.01139605 -0.01235896 0.0123164 0.01108676 -0.005392432 0.01977443 0.008863866 -0.005714297 0.02603369 0.005125999 -0.008556544 0.02011191 0.005565464 -0.007081389 0.02590924 0.005116343 -0.01369327 0.0124157 0.008154571 -0.01139372 0.01218783 0.005620658 -0.0154879 0.01525872 0.006683886 -0.01447856 0.01541388 0.009355843 -5.699e-4 0.01923096 0.003735542 -0.01088249 0.006171882 0.008275985 -0.01554369 0.007603824 0.0108186 -0.01976716 0.01286536 0.01208072 -0.02259546 0.014063 0.01033288 -0.018323 0.01711368 0.01046377 -0.01654189 0.01592737 0.0121414 -0.01914459 0.01264613 0.006431818 -0.01740926 0.01205307 0.009160578 -0.01789045 0.01684135 0.008130192 -0.02216202 0.01385939 0.007889389 -0.01914459 0.01264613 0.006431818 -0.0154879 0.01525872 0.006683886 0.004286885 0.01192092 -0.002092421 0.006931304 0.007334589 -0.004286587 0.006137192 0.01295286 -0.006385087 0.008760988 0.008712172 -0.00863856 0.005260646 0.02609914 0.001234889 0.002969682 0.02028828 -0.004331767 0.006080031 0.0203886 3.325e-4 0.001005887 0.01967549 6.73e-5 0.006080031 0.0203886 3.325e-4 0.004286885 0.01192092 -0.002092421 0.009242594 0.01296496 -0.002092242 -1.6e-5 0.02604836 -0.002675354 0.002969682 0.02028828 -0.004331767 0.002030313 0.02601498 -0.003106892 0.009242594 0.01296496 -0.002092242 0.006137192 0.01295286 -0.006385087 0.001005887 0.01967549 6.73e-5 0.006931304 0.007334589 -0.004286587 0.0116657 0.009026169 -0.004087448 0.0116657 0.009026169 -0.004087448 0.008760988 0.008712172 -0.00863856 -1.6e-5 0.02604836 -0.002675354 5.553e-4 0.02616178 0.001422107 0.001005887 0.01967549 6.73e-5 0.007444918 0.10598 -0.01261442 0.007450342 0.103828 -0.007254064 0.0129354 0.105981 -0.007014036 0.008129596 0.103812 0.008384883 0.00406605 0.10383 0.01081472 0.007442176 0.1059859 0.0139063 0.01288139 0.106006 0.008321762 0.01062613 0.103789 0.005922377 0.008129596 0.103812 0.008384883 0.01497179 0.106002 6.393e-4 0.01153528 0.103839 6.093e-4 -0.007470428 0.1059859 -0.0126248 -3.7e-4 0.1038269 -0.01110529 -1.6e-6 0.105994 -0.01469051 -0.007440686 0.105984 0.01390391 -7.01e-4 0.10382 0.01185059 -0.008368551 0.103835 0.008566081 -0.01490366 0.106029 6.375e-4 -0.01287639 0.105998 0.008306384 -0.01227068 0.103837 6.579e-4 -0.01295661 0.105996 -0.007027626 -0.008374392 0.103835 -0.007247686 0.0116446 0.0960654 0.007358253 0.008865952 0.09614688 0.01056861 0.008483469 0.0962494 -0.008484065 0.01304024 0.0962525 7.511e-4 -1.689e-4 0.09623545 -0.01301455 -0.009337186 0.09624838 -0.008476078 -0.0133152 0.09625464 8.045e-4 -0.009327054 0.09624958 0.009842276 0.007702291 0.096192 0.009558081 0.004144906 0.09624069 0.01250791 0.007702291 0.096192 0.009558081 -9e-7 0.105983 0.01595211 -0.001283586 0.09624999 0.01341372 0.008317649 0.0720089 0.007088184 0.005862236 0.05923771 0.006869792 0.004076421 0.07210779 0.01021188 0.01086688 0.003367662 -0.006972432 0.01437699 -1.4e-4 -0.008607983 0.01271861 0.004480004 -0.01080578 0.01271861 0.004480004 -0.01080578 0.01437699 -1.4e-4 -0.008607983 0.01474648 0.005144596 -0.006856203 0.01474648 0.005144596 -0.006856203 0.01437699 -1.4e-4 -0.008607983 0.01086688 0.003367662 -0.006972432 0.01288139 0.106006 0.008321762 0.01239985 0.08452248 8.159e-4 9.37e-5 0.08454489 -0.01260858 -0.008797168 0.08452987 -0.00818026 -0.0122748 0.08451318 8.643e-4 -0.00878638 0.08452558 0.009544491 -0.001751422 0.08455318 0.01267099 0.003197193 0.0845552 0.01215511 0.006094694 0.08457696 0.009401381 0.007307708 0.08458358 0.01086694 0.006094694 0.08457696 0.009401381 0.01061606 0.08437776 0.007767975 0.01035249 0.07201606 7.275e-4 -0.0072788 0.07200908 0.007995545 -0.002177119 0.07200288 0.009956777 0.001388967 0.07198047 0.009964883 0.002780497 0.07207608 0.00822246 0.002780497 0.07207608 0.00822246 -0.113304 0.09381467 0.00687468 -0.113443 0.102863 0.005465984 -0.1080279 0.09507614 0.005575478 -0.10789 0.10242 0.004445493 -0.132937 0.09421288 0.01712775 -0.1384339 0.09223628 0.02091699 -0.1363019 0.09750139 0.01637494 -0.140322 0.09561568 0.01892155 -0.1479679 0.08850288 0.02439558 -0.148028 0.08534318 0.02287316 -0.159839 0.08397597 0.02455192 -0.1583139 0.08110976 0.02320027 -0.122615 0.100031 -0.007633209 -0.113479 0.102092 -0.004002869 -0.124022 0.103164 0.001295506 -0.1135179 0.103666 5.697e-4 -0.119626 0.09453904 0.01073265 -0.129702 0.08846855 0.01228958 -0.119337 0.08960884 0.008358955 -0.113443 0.102863 0.005465984 -0.122681 0.102578 0.008376657 -0.1400989 0.105125 0.01303005 -0.142669 0.100175 0.0171113 -0.145657 0.1060349 0.01417523 -0.108068 0.09264206 0.001220583 -0.113361 0.09172648 0.001594901 -0.1080279 0.09507614 0.005575478 -0.113304 0.09381467 0.00687468 -0.107932 0.101577 -0.003987908 -0.113479 0.102092 -0.004002869 -0.108088 0.09452807 -0.003590226 -0.113385 0.09329509 -0.003393352 -0.1414729 0.103872 -0.001618683 -0.146696 0.104276 -0.001605153 -0.147217 0.09994769 -0.005441129 -0.1135179 0.103666 5.697e-4 -0.1079069 0.103332 3.885e-4 -0.146559 0.106319 0.006928682 -0.140836 0.105505 0.006156384 -0.1462849 0.1029109 0.01047211 -0.146481 0.101155 0.002568781 -0.144542 0.09537708 -0.011186 -0.129197 0.09283846 -0.009804964 -0.118291 0.0924986 -0.006177484 -0.117886 0.08975404 8.252e-4 -0.113385 0.09329509 -0.003393352 -0.113361 0.09172648 0.001594901 -0.118291 0.0924986 -0.006177484 -0.113385 0.09329509 -0.003393352 -0.160095 0.08332425 0.01967287 -0.16086 0.08704805 0.02243202 -0.1621289 0.08353286 0.02135056 -0.149783 0.08763128 0.01845836 -0.150065 0.0906741 0.02253389 -0.1583139 0.08110976 0.02320027 -0.148028 0.08534318 0.02287316 -0.147973 0.09346276 -0.004809439 -0.1340389 0.09401875 0.001621305 -0.129197 0.09283846 -0.009804964 -0.144113 0.09510219 0.01389473 -0.148817 0.09620189 0.013637 -0.142669 0.100175 0.0171113 -0.1464859 0.09490609 0.01064103 -0.1477789 0.09391349 0.003454983 -0.1501359 0.09541696 0.006926 -0.144542 0.09537708 -0.011186 -0.1496509 0.09194809 -0.009044587 -0.148459 0.105399 0.007644832 -0.148087 0.101876 0.010908 -0.1471549 0.102105 0.01772838 -0.148024 0.104841 0.01432925 -0.119337 0.08960884 0.008358955 -0.129702 0.08846855 0.01228958 -0.1477789 0.09391349 0.003454983 -0.149421 0.09937906 0.002582192 -0.169529 0.09052646 -0.007595837 -0.1710889 0.09373027 -0.004750311 -0.1618199 0.09510838 -0.008070349 -0.1636369 0.09898847 -0.005268514 -0.145736 0.10048 -0.009199261 -0.148584 0.09919017 -0.009190082 -0.150132 0.09709376 -0.005222678 -0.1483449 0.09577447 -0.01184689 -0.144542 0.09537708 -0.011186 -0.1483449 0.09577447 -0.01184689 -0.150132 0.09709376 -0.005222678 -0.1698009 0.09261065 -0.01078796 -0.1624529 0.09756737 -0.01137918 -0.1698009 0.09261065 -0.01078796 -0.1624529 0.09756737 -0.01137918 -0.170879 0.09608745 -0.008727252 -0.1635699 0.101682 -0.009432554 -0.147973 0.09346276 -0.004809439 -0.1636369 0.09898847 -0.005268514 -0.1710889 0.09373027 -0.004750311 -0.1491659 0.09868967 -0.004671037 -0.1487939 0.102465 -0.001277387 -0.150231 0.09498804 -3.994e-4 -0.149421 0.09937906 0.002582192 -0.1491659 0.09868967 -0.004671037 -0.186273 0.09010457 0.001021564 -0.1846359 0.09347975 0.004661381 -0.1834059 0.09002155 0.001712203 -0.148999 0.100973 0.003363609 -0.148087 0.101876 0.010908 -0.167304 0.100974 0.007306039 -0.1464859 0.09490609 0.01064103 -0.148999 0.100973 0.003363609 -0.184684 0.09787374 0.01605182 -0.183398 0.10075 0.01375639 -0.1854839 0.100233 0.01708847 -0.1471549 0.102105 0.01772838 -0.148033 0.103713 0.01027429 -0.182428 0.09968036 0.01874732 -0.148033 0.103713 0.01027429 -0.136933 0.08816444 0.01890319 -0.1381829 0.09098094 0.01241368 -0.165845 0.103018 0.003846645 -0.165452 0.09844505 5.483e-4 -0.165301 0.102365 -0.002978265 -0.16372 0.107461 0.01625597 -0.16382 0.105947 0.01217049 -0.163044 0.104358 0.01828736 -0.1653209 0.101072 0.01434999 -0.163044 0.104358 0.01828736 -0.16382 0.105947 0.01217049 -0.165564 0.104573 0.01184451 -0.166145 0.105618 0.005355596 -0.174719 0.09873145 0.007902801 -0.175958 0.1026329 0.006049156 -0.1655049 0.1076959 0.009075343 -0.166145 0.105618 0.005355596 -0.165564 0.104573 0.01184451 -0.1751909 0.101911 0.01297897 -0.174862 0.1030369 0.01609015 -0.182892 0.1015509 0.0161693 -0.182428 0.09968036 0.01874732 -0.1854839 0.100233 0.01708847 -0.174098 0.09810024 0.0149343 -0.174169 0.100616 0.01844197 -0.1751909 0.101911 0.01297897 -0.174714 0.101644 0.01197421 -0.175958 0.1026329 0.006049156 -0.175755 0.104223 0.009505152 -0.174714 0.101644 0.01197421 -0.173994 0.09718829 -0.002371013 -0.165301 0.102365 -0.002978265 -0.1747829 0.09944868 5.783e-4 -0.16602 0.104713 1.661e-4 -0.165845 0.103018 0.003846645 -0.174511 0.09771746 0.004130959 -0.174142 0.09349215 9.798e-4 -0.174511 0.09771746 0.004130959 -0.173994 0.09718829 -0.002371013 -0.16086 0.08704805 0.02243202 -0.150065 0.0906741 0.02253389 -0.113304 0.09381467 0.00687468 -0.113304 0.09381467 0.00687468 -0.140978 0.09065896 0.01394057 -0.1363019 0.09750139 0.01637494 -0.140322 0.09561568 0.01892155 -0.1381829 0.09098094 0.01241368 -0.140322 0.09561568 0.01892155 -0.140322 0.09561568 0.01892155 -0.1384339 0.09223628 0.02091699 -0.136933 0.08816444 0.01890319 -0.1363019 0.09750139 0.01637494 -0.06247568 0.101168 5.1e-5 -0.06244796 0.09957218 0.002972364 -0.07156258 0.100572 -2.86e-5 -0.07155877 0.09922569 0.002772808 -0.06247919 0.09935986 -0.003929316 -0.07156449 0.09886777 -0.00335896 -0.06238085 0.09612768 -0.004847109 -0.07132816 0.09514927 -0.004092395 -0.06233602 0.09261536 -1.35e-5 -0.07131808 0.09225666 1.063e-4 -0.06233739 0.09591996 0.004074871 -0.07132947 0.09500366 0.003715336 -0.1783689 0.08978968 -0.004606366 -0.175728 0.08807867 -0.00734812 -0.177785 0.08707588 -0.007495701 -0.17645 0.08920109 -0.01026666 -0.1800699 0.0881024 -0.008598089 -0.17645 0.08920109 -0.01026666 -0.1787289 0.09100586 -0.008350551 -0.1800699 0.0881024 -0.008598089 -0.184385 0.09301555 -0.001399338 -0.1886039 0.09281378 0.001136004 -0.184385 0.09301555 -0.001399338 -0.184888 0.09518826 0.00132966 -0.1886039 0.09281378 0.001136004 -0.186716 0.09875488 0.009402871 -0.184794 0.100539 0.01237303 -0.184176 0.09777927 0.008934259 -0.1849589 0.1019009 0.006754279 -0.187819 0.1017529 0.009667754 -0.185032 0.103286 0.009639263 -0.187819 0.1017529 0.009667754 -0.1849589 0.1019009 0.006754279 -0.184794 0.100539 0.01237303 -0.1626989 0.08278006 0.02385091 -0.1626989 0.08278006 0.02385091 -0.182357 0.09715718 0.01563376 -0.183398 0.10075 0.01375639 -0.1783689 0.08978968 -0.004606366 -0.1846359 0.09347975 0.004661381 -0.136933 0.08816444 0.01890319 -0.03519326 0.09646928 0.004078567 -0.03520643 0.100809 0.002972662 -0.01944786 0.09727019 0.00399971 -0.01954329 0.101038 0.002655982 -0.03518092 0.09323847 -1.57e-4 -0.03519326 0.09646928 0.004078567 -0.01946061 0.09444808 -4.59e-5 -0.01944786 0.09727019 0.00399971 -0.007632315 0.09980529 3.278e-4 -0.009306371 0.09897166 -0.004211485 -0.009172976 0.09267967 2.264e-4 -0.01953697 0.100915 -0.00268054 -0.03519785 0.1009269 -0.003559589 -0.01944595 0.09767615 -0.003498077 -0.03518468 0.09665215 -0.004471898 -0.0195676 0.102115 1.701e-4 -0.03520661 0.102299 2.87e-5 -0.009302496 0.09846556 0.004876196 -0.009378969 0.102439 0.003439784 -0.009172976 0.09267967 2.264e-4 -0.009302496 0.09846556 0.004876196 -0.007632315 0.09980529 3.278e-4 -0.009377777 0.102324 -0.003591299 -0.009378671 0.103676 1.504e-4 -0.07132947 0.09500366 0.003715336 -0.06233739 0.09591996 0.004074871 -0.05440431 0.100856 4.9e-6 -0.05898779 0.101893 -3.68e-4 -0.05438894 0.09968096 -0.003204584 -0.05898153 0.09993475 -0.004137158 -0.05442309 0.09951895 0.002628386 -0.05898058 0.100105 0.002760589 -0.05441778 0.09654879 0.003409147 -0.05885845 0.09693908 0.004033744 -0.05884563 0.09312599 -5.473e-4 -0.05885845 0.09693908 0.004033744 -0.05440908 0.09387189 -2.342e-4 -0.05441778 0.09654879 0.003409147 -0.05438619 0.09670776 -0.003864884 -0.05887323 0.09720218 -0.005202293 -0.09526824 0.102436 -3.126e-4 -0.0952813 0.100903 0.005351603 -0.09529387 0.100432 -0.005595386 -0.09691154 0.09277677 0.006077051 -0.09716856 0.08989506 7.531e-4 -0.09691154 0.09277677 0.006077051 -0.09692889 0.09217649 -0.005233049 -0.01527971 0.09804499 0.005213797 -0.0152707 0.09860026 -0.004606187 -0.01502221 0.09432184 3.587e-4 -0.0155273 0.102447 -0.004083037 -0.01553809 0.104019 1.267e-4 -0.01552647 0.102601 0.003809928 -0.01527971 0.09804499 0.005213797 -0.01944786 0.09727019 0.00399971 -0.01502221 0.09432184 3.587e-4 -0.174169 0.100616 0.01844197 -0.142467 0.100304 -0.009047687 -0.142467 0.100304 -0.009047687 -0.1414729 0.103872 -0.001618683 -0.140836 0.105505 0.006156384 -0.1400989 0.105125 0.01303005 -0.1363019 0.09750139 0.01637494 -0.01773786 0.116762 0.0232703 -0.01958608 0.114303 0.02080738 -0.01782011 0.114134 0.02071052 -0.01773786 0.116762 0.0232703 -0.01701027 0.1131629 0.02291518 -0.0188266 0.11327 0.0229777 -0.0200569 0.113921 0.02182877 -0.01701027 0.1131629 0.02291518 -0.01655799 0.113568 0.02185171 -0.0200569 0.113921 0.02182877 -0.01080822 0.115134 0.02619832 -0.0127058 0.112699 0.02404528 -0.0108239 0.112696 0.02361315 -0.01080822 0.115134 0.02619832 -0.009363353 0.111715 0.02557438 -0.01127547 0.111617 0.0259878 -0.01292818 0.1122159 0.02512365 -0.009363353 0.111715 0.02557438 -0.009176373 0.112203 0.02449148 -0.01292818 0.1122159 0.02512365 -0.01409167 0.119184 0.02832728 -0.01640468 0.119069 0.02798819 -0.01497304 0.115197 0.02817416 -0.01544761 0.118329 0.03075408 -0.01312029 0.118354 0.03100121 -0.01497304 0.115197 0.02817416 -0.01312029 0.118354 0.03100121 -0.01259082 0.118706 0.03001993 -0.01699036 0.118708 0.02899849 -0.01699036 0.118708 0.02899849 0.01394057 0.119248 0.02805691 0.0125904 0.118696 0.0300368 0.0149737 0.115197 0.02817386 0.01559048 0.118208 0.03100949 0.0169909 0.118713 0.02897638 0.0149737 0.115197 0.02817386 0.0169909 0.118713 0.02897638 0.016424 0.119062 0.02799701 0.01310545 0.118355 0.03098952 0.01310545 0.118355 0.03098952 0.01082265 0.112699 0.02360719 0.01270616 0.112699 0.02404588 0.01080822 0.115134 0.02619832 0.01080822 0.115134 0.02619832 0.01292842 0.1122159 0.02512311 0.01127666 0.111615 0.02599436 0.009362995 0.111716 0.02557379 0.009176075 0.112203 0.02449208 0.01292842 0.1122159 0.02512311 0.009362995 0.111716 0.02557379 0.01773774 0.116762 0.0232703 0.01655656 0.113566 0.0218575 0.01779669 0.11416 0.0206601 0.01773774 0.116762 0.0232703 0.02005726 0.113924 0.02182388 0.0188499 0.113256 0.02303308 0.01700508 0.113165 0.0229116 0.02005726 0.113924 0.02182388 0.01959049 0.114303 0.0208109 0.01700508 0.113165 0.0229116 -0.003486037 0.111639 0.02432346 -0.003473699 0.1142089 0.0269196 -0.005393207 0.11177 0.02479153 -0.003473699 0.1142089 0.0269196 -0.003941476 0.110691 0.02671372 -0.005587041 0.111282 0.02585715 -0.001827538 0.111268 0.0252434 -0.002039909 0.1107839 0.02630555 -0.005587041 0.111282 0.02585715 -0.002039909 0.1107839 0.02630555 0.003486037 0.111639 0.02432346 0.005393207 0.11177 0.02479153 0.003473699 0.1142089 0.0269196 0.003473699 0.1142089 0.0269196 0.005587041 0.111282 0.02585715 0.003941476 0.110691 0.02671372 0.002039909 0.1107839 0.02630555 0.001827538 0.111268 0.0252434 0.005587041 0.111282 0.02585715 0.002039909 0.1107839 0.02630555 0.024158 0.116498 0.01760929 0.02600705 0.117147 0.01783919 0.02369123 0.118641 0.02040237 0.02369123 0.118641 0.02040237 0.0265026 0.116712 0.01881146 0.02531135 0.115535 0.0198037 0.02345806 0.1149629 0.01964497 0.02293336 0.115381 0.01868069 0.0265026 0.116712 0.01881146 0.02345806 0.1149629 0.01964497 0.02910536 0.122765 0.01680433 0.02891319 0.119405 0.01529568 0.02967298 0.120477 0.01397079 0.02910536 0.122765 0.01680433 0.03201669 0.121017 0.01480549 0.03131639 0.119902 0.01609796 0.02963411 0.119164 0.01620489 0.03201669 0.121017 0.01480549 0.0313192 0.121246 0.0139203 0.02963411 0.119164 0.01620489 0.02097314 0.120524 0.02390915 0.0197454 0.119741 0.02593499 0.0225144 0.11664 0.0239073 0.02279186 0.1196359 0.02680879 0.02408236 0.120366 0.0247575 0.0225144 0.11664 0.0239073 0.02408236 0.120366 0.0247575 0.0234695 0.120659 0.02381199 0.02033156 0.119468 0.02684396 0.02033156 0.119468 0.02684396 0.02632409 0.122776 0.01981163 0.02575749 0.121495 0.02187579 0.02800506 0.119155 0.01857906 0.0289278 0.121559 0.02187168 0.02955019 0.122801 0.01975566 0.02800506 0.119155 0.01857906 0.02955019 0.122801 0.01975566 0.02868205 0.123199 0.01908993 0.02658873 0.12112 0.02251857 0.02658873 0.12112 0.02251857 0.03025114 0.1256639 0.01551187 0.0296846 0.124383 0.01757603 0.03193217 0.122043 0.01427918 0.03285485 0.124448 0.0175718 0.03347718 0.125689 0.0154559 0.03193217 0.122043 0.01427918 0.03347718 0.125689 0.0154559 0.03260898 0.126088 0.01479011 0.03051573 0.124009 0.01821875 0.03051573 0.124009 0.01821875 0.0144217 0.005979537 -0.006091177 0.01183098 0.005405664 -0.01072078 0.0100044 0.003882527 -0.006342649 0.01183098 0.005405664 -0.01072078 0.0100044 0.003882527 -0.006342649 0.0144217 0.005979537 -0.006091177 -0.01360023 0.001390933 0.008304655 -0.01805841 0.002124488 0.01048946 -0.04028838 0.192349 -0.02885162 -0.04270279 0.191783 -0.03024286 -0.04373782 0.186421 -0.02469998 -0.04505038 0.1888859 -0.03161329 -0.03456169 0.190962 -0.02414685 -0.03953284 0.1862559 -0.02341175 -0.04662233 0.181738 -0.03166198 -0.04532819 0.180621 -0.02582538 -0.04459571 0.192294 -0.01959407 -0.04373782 0.186421 -0.02469998 -0.04686349 0.19128 -0.02097827 -0.04905682 0.1879789 -0.02199167 -0.03873383 0.191955 -0.01604259 -0.03953284 0.1862559 -0.02341175 -0.05086892 0.181935 -0.02295958 -0.04532819 0.180621 -0.02582538 -0.04811215 0.18915 -0.02720201 -0.04542565 0.192822 -0.02582067 -0.04254233 0.193677 -0.02441966 -0.03577089 0.192588 -0.02018308 -0.05048328 0.182581 -0.02817791 -0.04871964 0.172012 -0.02743715 -0.05086731 0.174147 -0.03271293 -0.05474811 0.17399 -0.02498298 -0.04871964 0.172012 -0.02743715 -0.03430312 0.186587 -0.01350438 -0.03668349 0.1815739 -0.02066266 -0.03143376 0.186921 -0.01716732 -0.03668349 0.1815739 -0.02066266 -0.03077101 0.1854029 -0.02145767 -0.05455476 0.156984 -0.03019171 -0.0589478 0.158532 -0.02795439 -0.05202108 0.164139 -0.0285952 -0.05737739 0.165912 -0.02642387 -0.05583339 0.158908 -0.0343492 -0.05455476 0.156984 -0.03019171 -0.05202108 0.164139 -0.0285952 -0.05689632 0.152571 -0.03174889 0.008145987 0.05923509 7.335e-4 0.008110284 0.08453059 -0.008186578 3.581e-4 0.07201427 -0.009940445 0.007012844 0.05923974 -0.002531707 -0.00955379 0.02039289 0.01139605 -0.01235896 0.0123164 0.01108676 -0.01654189 0.01592737 0.0121414 -0.01330083 0.02040749 0.01175808 -0.01976716 0.01286536 0.01208072 -0.01450437 0.007276833 0.005253016 -0.01679885 0.007576346 0.007843375 -0.01450437 0.007276833 0.005253016 -0.017672 -0.001707792 0.007286131 -0.0189855 0.001630187 0.007447183 -0.01805841 0.002124488 0.01048946 -0.017672 -0.001707792 0.007286131 -0.01664555 0.001590073 0.005417585 -0.017672 -0.001707792 0.007286131 -0.01360023 0.001390933 0.008304655 -0.01620113 0.002520263 0.004895687 -0.01975452 0.002646267 0.007402658 -0.01620113 0.002520263 0.004895687 -0.01554369 0.007603824 0.0108186 -0.01664555 0.001590073 0.005417585 1.457e-4 0.0460065 -4.385e-4 0.00287503 0.03524476 9.568e-4 3.657e-4 0.03523939 0.001058042 5.553e-4 0.02616178 0.001422107 0.005260646 0.02609914 0.001234889 0.002969682 0.02028828 -0.004331767 0.005260646 0.02609914 0.001234889 0.002030313 0.02601498 -0.003106892 0.002030313 0.02601498 -0.003106892 0.005260646 0.02609914 0.001234889 0.005545616 0.01905488 -0.003647387 0.00679928 0.07202118 -0.006429076 0.005853891 0.05925279 -0.004201591 -0.01330083 0.02040749 0.01175808 -0.01571738 0.02158898 0.01033061 -0.01316839 0.01951277 0.006180882 -0.015392 0.02120989 0.007691681 -0.007642686 0.0261873 0.01043021 -0.01129925 0.02655887 0.009711682 -0.015392 0.02120989 0.007691681 -0.007642686 0.0261873 0.01043021 -0.007642686 0.0261873 0.01043021 -0.007642686 0.0261873 0.01043021 -0.01789045 0.01684135 0.008130192 -0.02216202 0.01385939 0.007889389 -0.02580064 0.009662866 0.0105288 -0.02565413 0.009551346 0.007940471 -0.02252787 0.008378744 0.006192088 -0.02068668 0.007860183 0.00927025 -0.02565413 0.009551346 0.007940471 -0.02252787 0.008378744 0.006192088 -0.02299422 0.008574187 0.0123434 -0.02383869 0.007792115 0.01134651 -0.02631956 0.008576273 0.009101748 -0.02343297 0.007803559 0.006965458 -0.02343297 0.007803559 0.006965458 -0.02565413 0.009551346 0.007940471 -0.02631956 0.008576273 0.009101748 -0.026591 0.004627287 0.009247899 -0.02190107 0.006929457 0.009441494 -0.02299422 0.008574187 0.0123434 -0.026591 0.004627287 0.009247899 -0.02383869 0.007792115 0.01134651 -0.01244175 0.02706468 0.004444599 -0.01155918 0.02645355 0.007171154 -0.01287513 0.0202229 0.004687786 -0.01416158 0.02156513 0.001895785 -0.007081389 0.02590924 0.005116343 -0.01001137 0.02652627 0.002141952 -0.008879363 0.01993542 0.002165496 -0.0121755 0.02089619 -3.882e-4 -0.01818776 0.01405656 9.409e-4 -0.01929783 0.01546543 -0.001745462 -0.01395183 0.01316899 -0.0013327 -0.01680755 0.01442927 -0.004152894 -0.008879363 0.01993542 0.002165496 -0.01395183 0.01316899 -0.0013327 -0.01287513 0.0202229 0.004687786 -0.01818776 0.01405656 9.409e-4 -0.02128428 0.01000183 -2.955e-4 -0.0225234 0.01124215 -0.003349483 -0.01700508 0.00861299 -0.002805829 -0.0199154 0.01010131 -0.006061971 -0.01700508 0.00861299 -0.002805829 -0.02128428 0.01000183 -2.955e-4 -0.0256375 0.004533231 -0.003421664 -0.0244224 0.004019916 -0.001189351 -0.0256024 -9.253e-4 -0.002558231 -0.02308768 0.004366159 -0.005893886 -0.0256024 -9.253e-4 -0.002558231 -0.02095478 0.003522694 -0.003374516 -0.02095478 0.003522694 -0.003374516 -0.0256024 -9.253e-4 -0.002558231 -0.0244224 0.004019916 -0.001189351 -0.01964759 0.004347503 -0.002947986 -0.02256011 0.005701184 -0.006816089 -0.02595108 0.006344795 -0.003727853 -0.02451688 0.005140662 -2.862e-4 -0.01964759 0.004347503 -0.002947986 -0.02451688 0.005140662 -2.862e-4 -0.004176199 0.04584676 0.005895972 -0.002046704 0.0457533 0.008383989 -0.007558465 0.03534829 0.007746875 -0.009344756 0.03607827 0.005255818 -0.007081389 0.02590924 0.005116343 -0.01155918 0.02645355 0.007171154 -0.007081389 0.02590924 0.005116343 -0.008879363 0.01993542 0.002165496 -0.01155918 0.02645355 0.007171154 -0.01155918 0.02645355 0.007171154 -0.0121755 0.02089619 -3.882e-4 -0.01680755 0.01442927 -0.004152894 -0.0199154 0.01010131 -0.006061971 -0.02256011 0.005701184 -0.006816089 -0.02308768 0.004366159 -0.005893886 -0.002524197 0.04568195 0.00459969 -0.004733264 0.03520405 0.004485726 -0.002628684 0.03521156 0.001795887 1.457e-4 0.0460065 -4.385e-4 -0.001211941 0.03520596 0.00110656 -0.002542257 0.03519868 0.003191292 -0.002524197 0.04568195 0.00459969 -0.003565073 0.03521287 0.002647995 -0.005090296 0.01721835 -0.00245285 -0.003161787 0.01729702 -0.004557371 -0.004969716 0.01176893 -0.0101661 -0.006756246 0.01132506 -0.007740855 -0.004969716 0.01176893 -0.0101661 -0.003161787 0.01729702 -0.004557371 -0.00431776 0.01829457 -0.006961286 -0.006233096 0.01288199 -0.012142 -0.009209752 0.0116645 -0.008756041 -0.00884056 0.01286453 -0.01136362 -0.007020235 0.0183475 -0.006498694 -0.007563292 0.01730817 -0.003920555 -0.004594564 0.02595216 0.001452744 -0.002547085 0.02607685 0.001947104 -0.001336932 0.05921864 0.007665038 -0.006638348 0.03524327 0.003089964 -0.004733264 0.03520405 0.004485726 -4.447e-4 0.0592786 0.007279992 -0.004176199 0.04584676 0.005895972 -0.002524197 0.04568195 0.00459969 -4.447e-4 0.0592786 0.007279992 -0.006730437 0.02603018 -0.001033782 -0.005773067 0.03517228 0.001550555 -0.007563292 0.01730817 -0.003920555 -0.009209752 0.0116645 -0.008756041 -0.007146716 0.007518827 -0.01020169 -0.009818375 0.008136868 -0.01147598 0.005500793 0.02620327 -0.003786385 0.00566864 0.02641725 -0.005935907 0.002689242 0.02588629 -0.006399095 0.003102958 0.02027964 -0.008522152 0.006067574 0.02103459 -0.007220923 0.003102958 0.02027964 -0.008522152 0.001818299 0.0200051 -0.004559934 0.002030313 0.02601498 -0.003106892 0.005500793 0.02620327 -0.003786385 0.001818299 0.0200051 -0.004559934 0.005500793 0.02620327 -0.003786385 0.006433606 0.02042251 -0.004334211 0.001818299 0.0200051 -0.004559934 0.00556463 0.01339155 -0.01206278 0.00866729 0.01432693 -0.01109939 0.00556463 0.01339155 -0.01206278 0.005127191 0.01171654 -0.007908582 0.005127191 0.01171654 -0.007908582 0.009025692 0.01291686 -0.007811605 0.007494509 0.009330689 -0.01485353 0.01080548 0.01063436 -0.01386439 0.007494509 0.009330689 -0.01485353 0.007645308 0.007250607 -0.01063907 0.007645308 0.007250607 -0.01063907 0.0116977 0.00900948 -0.01051795 0.0146299 0.004564583 -0.01518493 0.01492649 5.565e-4 -0.01913708 0.01170039 0.003263175 -0.01549935 0.01170039 0.003263175 -0.01549935 0.01492649 5.565e-4 -0.01913708 0.01167869 0.004825592 -0.0182144 0.01421946 0.005793869 -0.0176661 0.01167869 0.004825592 -0.0182144 0.01492649 5.565e-4 -0.01913708 0.01054108 0.005778849 -0.01846647 0.01093828 0.003474891 -0.01429998 0.01480275 0.005250573 -0.01381099 0.01093828 0.003474891 -0.01429998 0.01444458 0.007143557 -0.01758319 0.01054108 0.005778849 -0.01846647 0.005500793 0.02620327 -0.003786385 0.005339086 0.03521263 -0.004496932 0.004555583 0.0351597 -0.006276786 0.006433606 0.02042251 -0.004334211 0.009025692 0.01291686 -0.007811605 0.0116977 0.00900948 -0.01051795 0.01480275 0.005250573 -0.01381099 0.0146299 0.004564583 -0.01518493 -1.6e-5 0.02604836 -0.002675354 4.933e-4 0.01995259 -8.096e-4 5.553e-4 0.02616178 0.001422107 0.002174377 0.02021366 0.001427352 0.004850149 0.01275235 -9.481e-4 0.004858136 0.01246178 0.002109885 0.007056593 0.009704768 -7.146e-4 0.007089555 0.009334683 0.002496898 0.009732544 0.005393326 -0.00186342 0.01038503 0.005222678 0.001553595 0.01067048 0.02136778 -0.00157243 0.009462475 0.02203029 -0.004814565 0.01309007 0.01824671 -0.006670117 0.01415532 0.01810073 -0.003534615 0.009349167 0.01517629 -0.005791485 0.01139295 0.01560217 -0.003058791 0.007547616 0.01911228 -8.867e-4 0.005545616 0.01905488 -0.003647387 0.009349167 0.01517629 -0.005791485 0.01706802 0.01494807 -0.00923866 0.01848083 0.014813 -0.006201863 0.01344466 0.01192593 -0.00818336 0.01569968 0.01245278 -0.005232453 0.01344466 0.01192593 -0.00818336 0.02104538 0.01085746 -0.008557677 0.01959013 0.01152116 -0.01134091 0.01946318 0.01027023 -0.01142781 0.02114462 0.009440064 -0.00927329 0.0183373 0.009190499 -0.006870985 0.0190345 0.008632659 -0.007665455 0.01551878 0.008814752 -0.01044905 0.0163238 0.00790888 -0.01050478 0.01551878 0.008814752 -0.01044905 0.0163238 0.00790888 -0.01050478 0.01982229 0.004713237 -0.01218295 0.01982229 0.004713237 -0.01218295 0.01982229 0.004713237 -0.01218295 0.005260646 0.02609914 0.001234889 0.008316397 0.02697706 -7.705e-4 0.004809141 0.0456947 -0.001166105 1.457e-4 0.0460065 -4.385e-4 0.001070976 0.0351172 4.712e-4 0.0066908 0.03540897 5.275e-4 0.004809141 0.0456947 -0.001166105 1.457e-4 0.0460065 -4.385e-4 0.004809141 0.0456947 -0.001166105 0.00287503 0.03524476 9.568e-4 0.005500793 0.02620327 -0.003786385 0.006752431 0.045749 -0.003017902 0.004579544 0.04574078 -0.005088746 0.005339086 0.03521263 -0.004496932 0.007983088 0.03531968 -0.002790391 0.004809141 0.0456947 -0.001166105 0.0066908 0.03540897 5.275e-4 0.007547616 0.01911228 -8.867e-4 0.01139295 0.01560217 -0.003058791 0.01569968 0.01245278 -0.005232453 0.0183373 0.009190499 -0.006870985 0.0190345 0.008632659 -0.007665455 -4.518e-4 0.0196672 0.009193658 -0.005298495 0.02003705 0.01113355 -0.003739297 0.01138788 0.009450078 5.576e-4 0.011294 0.01022696 -0.002107799 0.0204671 0.01223367 -4.518e-4 0.0196672 0.009193658 5.576e-4 0.011294 0.01022696 -8.653e-4 0.0122022 0.0149827 -0.003739297 0.01138788 0.009450078 -0.004216492 0.01200467 0.01333326 -5.46e-4 0.00588268 0.01163685 -0.005130887 0.007263123 0.01083225 -5.46e-4 0.00588268 0.01163685 -0.001878023 0.006687462 0.01675075 -0.005130887 0.007263123 0.01083225 -0.004024267 0.02618449 0.009360074 -0.005714297 0.02603369 0.005125999 -0.005392432 0.01977443 0.008863866 -0.004024267 0.02618449 0.009360074 -0.004024267 0.02618449 0.009360074 0.001279532 0.05930382 0.009505391 -0.006336987 0.03547734 0.009932398 -0.003908038 0.03529 0.009574055 -4.447e-4 0.0592786 0.007279992 -0.00118345 0.02633541 0.0105136 -0.005298495 0.02003705 0.01113355 -0.004024267 0.02618449 0.009360074 -0.004216492 0.01200467 0.01333326 -0.005196869 0.00747627 0.01469856 -0.006624877 0.002488732 0.0114324 -0.005956888 -0.001946508 0.01190209 -0.003423452 0.001516759 0.01105475 -0.004682183 2.586e-4 0.01539415 -0.003423452 0.001516759 0.01105475 -0.005956888 -0.001946508 0.01190209 -0.006826817 0.002108395 0.01419705 -0.005956888 -0.001946508 0.01190209 -0.006624877 0.002488732 0.0114324 -0.006985962 0.003689885 0.01056563 -0.006985962 0.003689885 0.01056563 -0.005196869 0.00747627 0.01469856 -0.001984477 0.001728475 0.01154243 -0.007269084 0.002952992 0.01496529 -0.00401777 0.001146674 0.01655757 -0.006826817 0.002108395 0.01419705 -0.007269084 0.002952992 0.01496529 -0.001984477 0.001728475 0.01154243 -0.009818375 0.008136868 -0.01147598 -0.009348571 0.009266972 -0.01429992 -0.0105313 0.003647089 -0.01305377 -0.01026326 0.003061473 -0.01417845 -0.009876072 0.004861891 -0.01613867 -0.007906973 0.002622902 -0.01225131 -0.0105313 0.003647089 -0.01305377 -0.01026326 0.003061473 -0.01417845 -0.005191504 0.007694303 -0.01253664 -0.005191504 0.007694303 -0.01253664 -0.006522655 0.009052276 -0.01490169 -0.009867846 0.0039469 -0.01620066 -0.01093256 -2.382e-4 -0.01735675 -0.006600499 0.002140462 -0.01482856 -0.01093256 -2.382e-4 -0.01735675 -0.005656421 0.002546191 -0.0138098 -0.006887257 0.004287064 -0.01659888 -0.009876072 0.004861891 -0.01613867 -0.0075773 0.003434181 -0.01664429 -0.005656421 0.002546191 -0.0138098 -0.0075773 0.003434181 -0.01664429 -0.006600499 0.002140462 -0.01482856 -0.01093256 -2.382e-4 -0.01735675 -0.01041907 0.07201308 7.762e-4 -0.004901587 0.05922859 0.006766915 -0.006334424 0.02633124 -0.00344485 -0.006617486 0.03520053 -0.002851188 -0.006482005 0.0351963 -3.609e-4 -0.004702687 0.04565101 0.004440069 -0.006165385 0.04567617 5.156e-4 -0.003677666 0.02631479 -0.004486799 -0.008057892 0.05924755 7.389e-4 -0.006938338 0.0456407 -0.002144873 -0.006510496 0.05926012 -0.002311766 -0.002306938 0.02599847 0.002558231 -5.699e-4 0.01923096 0.003735542 0.002661347 0.02599698 0.003804743 0.003713667 0.01964658 0.004955351 0.006983399 0.006570219 0.01116174 0.007226288 0.006302893 0.00711137 0.004006326 0.01068097 0.009593665 0.003635585 0.01102823 0.006315827 0.002856791 0.02003908 0.00834155 0.003713667 0.01964658 0.004955351 0.007575929 0.01348096 0.00746417 0.006552219 0.01331335 0.01063585 -2.713e-4 0.01828032 0.007486045 0.003635585 0.01102823 0.006315827 0.007575929 0.01348096 0.00746417 0.01128429 0.008762598 0.008375287 0.01037758 0.008559584 0.011877 0.007226288 0.006302893 0.00711137 0.01128429 0.008762598 0.008375287 0.002009451 0.02620005 0.007520437 0.002661347 0.02599698 0.003804743 0.01273477 0.003507316 0.01141721 0.01321899 0.003889024 0.00827068 0.01395958 -6.122e-4 0.008776366 0.009745776 0.0023368 0.01072233 0.01395958 -6.122e-4 0.008776366 0.01064562 0.002145469 0.007508099 0.01064562 0.002145469 0.007508099 0.01395958 -6.122e-4 0.008776366 0.01321899 0.003889024 0.00827068 0.01271456 0.004747927 0.01207566 0.01358926 0.005321085 0.007953047 0.01358926 0.005321085 0.007953047 0.00956279 0.002584636 0.006900072 0.00956279 0.002584636 0.006900072 0.008767962 0.003405094 0.0113995 0.00562036 0.04563599 0.002094209 0.003764033 0.0350973 0.001341164 0.004753947 0.03517031 0.004581153 0.001070976 0.0351172 4.712e-4 -0.002306938 0.02599847 0.002558231 -3.31e-4 0.0261119 0.007619798 -0.002382636 0.02581727 0.004861176 -4.518e-4 0.0196672 0.009193658 -3.31e-4 0.0261119 0.007619798 -2.713e-4 0.01828032 0.007486045 -0.002382636 0.02581727 0.004861176 -3.31e-4 0.0261119 0.007619798 0.001517236 0.0351758 0.008884251 0.002527236 0.03520989 0.005319595 0.003345549 0.04568403 0.007571101 -0.002323985 0.0352931 0.01072657 -5.961e-4 0.03519028 0.00881958 6.483e-4 0.04572218 0.008031785 -5.961e-4 0.03519028 0.00881958 -2.713e-4 0.01828032 0.007486045 0.004006326 0.01068097 0.009593665 0.006983399 0.006570219 0.01116174 0.008767962 0.003405094 0.0113995 0.009745776 0.0023368 0.01072233 0.002174377 0.02021366 0.001427352 -0.002760291 0.02605247 -0.002875566 -0.002547085 0.02607685 0.001947104 -0.002873957 0.01961058 0.002197444 -0.003161787 0.01729702 -0.004557371 -0.002547085 0.02607685 0.001947104 -0.002760291 0.02605247 -0.002875566 -0.002782464 0.01940482 -7.758e-4 -0.001129448 0.01975375 -0.003130972 -0.002760291 0.02605247 -0.002875566 -0.001129448 0.01975375 -0.003130972 -2.87e-5 0.01089751 -4.88e-4 0.002457082 0.01188313 -0.002439796 0.004858136 0.01246178 0.002109885 -0.002873957 0.01961058 0.002197444 8.4e-6 0.01135301 0.002674162 0.002457082 0.01188313 -0.002439796 0.005257487 0.002721965 -8.68e-4 0.006760895 0.004370868 -0.00347197 0.004734456 0.008423388 -0.00239861 0.002550423 0.007014632 -2.879e-4 0.01038503 0.005222678 0.001553595 0.002967715 0.007323384 0.002917528 0.007089555 0.009334683 0.002496898 0.006192982 0.003106594 0.00256145 0.004734456 0.008423388 -0.00239861 0.006760895 0.004370868 -0.00347197 0.009879052 0.004271686 -0.001995623 0.007457852 0.003480315 -0.002590954 0.0108509 -9.246e-4 -0.001400589 0.0100733 0.004212975 5.926e-4 0.0108509 -9.246e-4 -0.001400589 0.007078886 0.002592504 0.001350522 0.0108509 -9.246e-4 -0.001400589 0.007457852 0.003480315 -0.002590954 0.006165981 0.001942992 -9.603e-4 0.0100733 0.004212975 5.926e-4 -0.002760291 0.02605247 -0.002875566 -0.00107938 0.03514057 -0.004242122 -0.002682924 0.03516298 -0.005226135 -0.001514256 0.02597832 -0.005061089 -0.00365138 0.03518038 -0.003635466 -0.004130065 0.03521651 -0.004295885 -0.003677666 0.02631479 -0.004486799 -0.004932284 0.04568898 -0.003918886 -0.003966987 0.04537415 -0.005387187 0.007078886 0.002592504 0.001350522 0.006192982 0.003106594 0.00256145 0.002967715 0.007323384 0.002917528 8.4e-6 0.01135301 0.002674162 -0.002873957 0.01961058 0.002197444 1.457e-4 0.0460065 -4.385e-4 1.457e-4 0.0460065 -4.385e-4 -0.005714297 0.02603369 0.005125999 -0.002524197 0.04568195 0.00459969 0.002027273 0.0351805 -0.006506979 0.001070976 0.0351172 4.712e-4 -0.004024267 0.02618449 0.009360074 -0.007299244 0.07201176 -0.006426036 1.8e-5 0.05925422 -0.008188247 0.001577377 0.03513759 -0.004988968 0.001488149 0.04570138 -0.006279647 -3.76e-5 0.03494572 -0.005681157 -7.64e-4 0.04526799 -0.007376492 -0.002269268 0.04513072 -0.005612194 -0.004944503 0.05924755 -0.005259335 0.02146422 0.1712149 -0.01079398 0.0160672 0.158621 -0.006664097 0.02146422 0.1712149 -0.01079398 0.0160672 0.158621 -0.006664097 0.04811143 0.1891509 -0.02720117 0.04542577 0.192822 -0.02582055 0.04254388 0.193677 -0.02441889 0.04254388 0.193677 -0.02441889 0.03577089 0.192588 -0.02018308 0.03577089 0.192588 -0.02018308 0.03143316 0.1869199 -0.01716697 0.02707421 0.180657 -0.01436913 0.02707421 0.180657 -0.01436913 0.03143316 0.1869199 -0.01716697 0.05049717 0.182551 -0.02817642 0.05387693 0.174713 -0.02921694 -0.04254233 0.193677 -0.02441966 -0.04542565 0.192822 -0.02582067 -0.04811215 0.18915 -0.02720201 -0.03577089 0.192588 -0.02018308 -0.05048328 0.182581 -0.02817791 -0.0538643 0.174718 -0.02924203 -0.0538643 0.174718 -0.02924203 -0.03143376 0.186921 -0.01716732 0.082147 0.140796 -0.06097441 0.07615727 0.149984 -0.05473375 0.08089417 0.13993 -0.05773556 0.07672297 0.147489 -0.05165612 0.06652969 0.1560559 -0.04398792 0.0623604 0.1564149 -0.03951597 0.06806617 0.152961 -0.04062438 0.06508076 0.153627 -0.03750008 0.08235108 0.1245689 -0.06172299 0.08078557 0.126447 -0.058375 0.0775544 0.1175799 -0.05806171 0.07638239 0.120296 -0.05556905 0.07047647 0.114464 -0.05053019 0.07145905 0.111219 -0.05267125 0.06406044 0.105763 -0.04611521 0.06343728 0.11 -0.04528856 0.08396196 0.132961 -0.06295448 0.08204925 0.13328 -0.05952066 0.05278605 0.102572 -0.04127782 0.05617034 0.104209 -0.04135608 0.05130499 0.105224 -0.04115456 0.0551719 0.1078889 -0.04167073 0.05984908 0.108968 -0.04304397 0.0602594 0.104944 -0.04272109 0.05070883 0.100132 -0.04121786 0.04896456 0.101637 -0.04140388 0.04848688 0.09576058 -0.04137635 0.07672297 0.147489 -0.05165612 0.08029478 0.14919 -0.04966312 0.08089417 0.13993 -0.05773556 0.08547878 0.139993 -0.05608797 0.07879847 0.150425 -0.05256456 0.08460325 0.1409159 -0.05901825 0.06508076 0.153627 -0.03750008 0.06618338 0.156902 -0.03507578 0.06806617 0.152961 -0.04062438 0.07094055 0.156162 -0.03959971 0.0641002 0.15771 -0.03724879 0.06891596 0.157137 -0.04196095 0.08442276 0.125163 -0.05723685 0.07961648 0.118857 -0.05351579 0.08078557 0.126447 -0.058375 0.07638239 0.120296 -0.05556905 0.084248 0.124377 -0.05982977 0.07935547 0.117474 -0.0559405 0.07314455 0.111243 -0.05054503 0.07047647 0.114464 -0.05053019 0.0734241 0.112893 -0.04851967 0.06343728 0.11 -0.04528856 0.06566578 0.108681 -0.0427035 0.0654785 0.106433 -0.04404371 0.08204925 0.13328 -0.05952066 0.08669567 0.132752 -0.05838 0.08622175 0.132879 -0.06118619 0.0551719 0.1078889 -0.04167073 0.05538558 0.1068789 -0.03879237 0.05130499 0.105224 -0.04115456 0.05201053 0.1048949 -0.03863406 0.05616426 0.104891 -0.03927028 0.05288279 0.103106 -0.03913438 0.06095254 0.107949 -0.03997695 0.05984908 0.108968 -0.04304397 0.06105583 0.105734 -0.04068768 0.04918521 0.101203 -0.03952842 0.04848688 0.09576058 -0.04137635 0.04896456 0.101637 -0.04140388 0.05056047 0.100203 -0.0395047 0.05951899 0.15534 -0.03700417 0.05903929 0.1522099 -0.03296208 0.05903929 0.1522099 -0.03296208 0.06282579 0.155901 -0.03169739 0.06113958 0.156769 -0.03435283 0.05864512 0.159689 -0.03212779 0.05669468 0.166626 -0.03035318 0.05719465 0.165669 -0.02618449 0.05689007 0.152575 -0.03174895 0.05743974 0.156468 -0.03523761 0.06039983 0.1565269 -0.02954739 0.05956768 0.1573259 -0.03281402 0.05160385 0.1647779 -0.02920484 0.05864512 0.159689 -0.03212779 0.05669468 0.166626 -0.03035318 0.05956768 0.1573259 -0.03281402 0.06113958 0.156769 -0.03435283 0.0641002 0.15771 -0.03724879 0.06891596 0.157137 -0.04196095 0.07879847 0.150425 -0.05256456 0.08460325 0.1409159 -0.05901825 0.08622175 0.132879 -0.06118619 0.084248 0.124377 -0.05982977 0.07935547 0.117474 -0.0559405 0.07314455 0.111243 -0.05054503 0.0654785 0.106433 -0.04404371 0.06105583 0.105734 -0.04068768 0.05616426 0.104891 -0.03927028 0.05288279 0.103106 -0.03913438 0.05056047 0.100203 -0.0395047 -0.0767216 0.14749 -0.05165421 -0.07615715 0.149984 -0.05473375 -0.08089566 0.13993 -0.05773049 -0.08214139 0.140796 -0.06097298 -0.0650748 0.153627 -0.03749454 -0.06236028 0.1564149 -0.03951597 -0.06806558 0.152962 -0.04062038 -0.06652748 0.156053 -0.04398745 -0.08235108 0.1245689 -0.06172299 -0.07754957 0.117583 -0.05806237 -0.08078658 0.126448 -0.05837506 -0.07638567 0.120299 -0.05556541 -0.07145905 0.111219 -0.05267125 -0.07047647 0.114464 -0.05053025 -0.06343936 0.110002 -0.04528599 -0.06405967 0.105765 -0.04611796 -0.08205097 0.1332809 -0.05951577 -0.08395785 0.1329619 -0.06295406 -0.05517685 0.107891 -0.04167145 -0.05617028 0.10421 -0.0413562 -0.05130743 0.105229 -0.0411508 -0.05278509 0.102577 -0.04128247 -0.06025946 0.104942 -0.04271805 -0.0598464 0.108965 -0.04304558 -0.05070918 0.100132 -0.0412175 -0.04848444 0.09576177 -0.04137861 -0.04896503 0.101638 -0.04140412 -0.0854789 0.139993 -0.05608803 -0.08029478 0.14919 -0.04966312 -0.08089566 0.13993 -0.05773049 -0.0767216 0.14749 -0.05165421 -0.08460319 0.140915 -0.05901938 -0.07879877 0.150424 -0.05256575 -0.07094055 0.156162 -0.03959983 -0.06618338 0.156902 -0.03507578 -0.06806558 0.152962 -0.04062038 -0.0650748 0.153627 -0.03749454 -0.06891697 0.157137 -0.04196387 -0.06410139 0.15771 -0.03725147 -0.08442276 0.125163 -0.05723685 -0.08078658 0.126448 -0.05837506 -0.0796166 0.118857 -0.05351579 -0.07638567 0.120299 -0.05556541 -0.08424675 0.124374 -0.05982881 -0.079355 0.117473 -0.0559405 -0.07314455 0.111243 -0.05054509 -0.0734241 0.112893 -0.04851967 -0.07047647 0.114464 -0.05053025 -0.06566578 0.108681 -0.04270339 -0.06343936 0.110002 -0.04528599 -0.0654785 0.106433 -0.04404383 -0.08669579 0.132752 -0.05838012 -0.08205097 0.1332809 -0.05951577 -0.08622169 0.132879 -0.06118625 -0.05201059 0.1048949 -0.03863388 -0.0553857 0.1068789 -0.03879225 -0.05130743 0.105229 -0.0411508 -0.05517685 0.107891 -0.04167145 -0.05287891 0.103102 -0.03913569 -0.0561605 0.104887 -0.03927129 -0.0598464 0.108965 -0.04304558 -0.06095254 0.107949 -0.03997695 -0.06105583 0.105734 -0.04068756 -0.04918539 0.101203 -0.03952842 -0.04896503 0.101638 -0.04140412 -0.04848444 0.09576177 -0.04137861 -0.05056059 0.100203 -0.03950452 -0.05903798 0.152211 -0.03295093 -0.05951899 0.15534 -0.03700417 -0.06282085 0.155898 -0.03169208 -0.05903798 0.152211 -0.03295093 -0.06113958 0.156769 -0.03435271 -0.05669099 0.166621 -0.03036898 -0.05864429 0.15969 -0.03212857 -0.05689632 0.152571 -0.03174889 -0.05743885 0.156468 -0.03523725 -0.06040191 0.156522 -0.02954983 -0.0595678 0.1573259 -0.03281402 -0.05391037 0.166341 -0.03394871 -0.05864429 0.15969 -0.03212857 -0.05669099 0.166621 -0.03036898 -0.05669099 0.166621 -0.03036898 -0.0595678 0.1573259 -0.03281402 -0.05864429 0.15969 -0.03212857 -0.06113958 0.156769 -0.03435271 -0.06410139 0.15771 -0.03725147 -0.06891697 0.157137 -0.04196387 -0.07879877 0.150424 -0.05256575 -0.08460319 0.140915 -0.05901938 -0.08622169 0.132879 -0.06118625 -0.08424675 0.124374 -0.05982881 -0.079355 0.117473 -0.0559405 -0.07314455 0.111243 -0.05054509 -0.0654785 0.106433 -0.04404383 -0.06105583 0.105734 -0.04068756 -0.0561605 0.104887 -0.03927129 -0.05287891 0.103102 -0.03913569 -0.05056059 0.100203 -0.03950452 -0.0319572 0.1759539 -0.0172035 -0.02679926 0.1792939 -0.0185253 -0.02973502 0.180423 -0.01084589 -0.0319572 0.1759539 -0.0172035 -0.02707111 0.180655 -0.0143758 -0.02551972 0.167846 -0.0127626 -0.02328479 0.1708279 -0.007108867 -0.01815158 0.1573079 -0.007803142 -0.01671779 0.158519 -0.00473237 -0.02098482 0.1712149 -0.01036489 -0.01606059 0.158609 -0.006664097 -0.02081525 0.170103 -0.01409435 -0.02551972 0.167846 -0.0127626 -0.01576679 0.15841 -0.00863856 -0.01815158 0.1573079 -0.007803142 -0.02098482 0.1712149 -0.01036489 -0.01606059 0.158609 -0.006664097 -0.02707111 0.180655 -0.0143758 -0.02328479 0.1708279 -0.007108867 -0.02551972 0.167846 -0.0127626 -0.02081525 0.170103 -0.01409435 -0.02551972 0.167846 -0.0127626 -0.02098482 0.1712149 -0.01036489 -0.02098482 0.1712149 -0.01036489</float_array>
          <technique_common>
            <accessor source="#chr626_1-mesh-positions-array" count="2387" stride="3">
              <param name="X" type="float"/>
              <param name="Y" type="float"/>
              <param name="Z" type="float"/>
            </accessor>
          </technique_common>
        </source>
        <source id="chr626_1-mesh-normals">
          <float_array id="chr626_1-mesh-normals-array" count="7074">-0.6170129 -0.5308868 0.5809082 -0.462004 -0.8591541 0.2200149 -0.3386066 -0.9328392 0.123113 -0.3387333 -0.8805724 0.3314392 -0.5296009 -0.8271028 0.1882123 -0.3625957 -0.8569725 0.3662275 -0.3997681 -0.8235241 0.4024843 -0.1915705 -0.8248186 0.5319539 -0.2345972 -0.8573924 0.4580857 -0.1319959 -0.9332186 0.3341861 -0.2059444 -0.9579409 0.1998406 -0.04724353 -0.9908329 0.1265627 -0.1285153 -0.9906756 0.04522907 0.1761848 0.9139148 -0.3656758 0.2931677 0.9119758 -0.2869724 0.28352 0.8945988 -0.3454123 0.3503628 0.8948596 -0.2765364 0.3698894 0.9137367 -0.1681287 0.2710399 0.9248196 -0.2669199 0.3779817 0.9174715 -0.1239999 0.4246991 0.9009138 -0.08935892 0.261065 0.9286514 -0.2635371 0.2234886 0.9477591 -0.2276086 0.08902442 0.9007427 -0.425132 0.1284538 0.9190445 -0.3726351 0.3381779 0.9128454 -0.2287988 0.4018123 0.9099831 -0.1023605 0.4245207 0.8909746 -0.1610798 0.4510999 0.8898702 -0.06811815 0.4091725 0.9116732 0.03781342 0.368209 0.9248103 -0.09564578 0.3893626 0.917465 0.08157753 0.4124917 0.9009141 0.1349235 0.3578724 0.9286493 -0.09766256 0.3073541 0.947759 -0.08536088 0.2896866 0.9007384 -0.3236542 0.2975944 0.9190299 -0.2584991 0.411831 0.9108563 -0.02713185 0.4063652 0.9063638 0.1156378 0.4602862 0.8843771 0.07754856 0.4408757 0.8805917 0.1737439 0.3439173 0.9080284 0.2391765 0.3666859 0.9248176 0.101262 0.2964355 0.9174456 0.2653667 0.2897462 0.900917 0.3231033 0.3587583 0.9286514 0.09433615 0.3088511 0.9477639 0.07971531 0.4127081 0.9007371 -0.1354432 0.3869585 0.9190381 -0.07504779 0.3829252 0.9023019 0.1980394 0.3068379 0.8991504 0.3120567 0.392166 0.8649625 0.3131224 0.3206372 0.8670877 0.3812488 0.1851296 0.9041322 0.3850611 0.2669535 0.9248 0.2710736 0.1240606 0.9174386 0.3780417 0.08935892 0.9009138 0.4246991 0.2635371 0.9286514 0.261065 0.2276086 0.9477591 0.2234886 0.425132 0.9007427 0.08902442 0.3726704 0.9190257 0.1284859 0.2350585 0.8960425 0.3766369 0.1138664 0.8914602 0.4385581 0.1854645 0.8464772 0.4990785 0.0872845 0.8500781 0.5193735 -0.02731466 0.8982715 0.4385913 0.09567767 0.9247928 0.3682447 -0.08160817 0.9174361 0.3894243 -0.1349551 0.9009218 0.4124647 0.09766089 0.9286636 0.3578357 0.08536088 0.947759 0.3073541 0.3236873 0.9007455 0.2896278 0.2585869 0.9190165 0.2975596 0.8048524 0.3308892 -0.4926714 0.05835235 -0.1221066 -0.9908002 0.8006497 0.3296721 -0.5002763 -0.01275706 -0.1961178 -0.9804974 -0.8030011 -0.4872454 -0.3431928 -0.7084646 -0.4389831 -0.5526048 -0.6049607 -0.621777 -0.4974094 0.1622071 -0.2653301 -0.9504151 -0.5627142 -0.6607421 -0.4967621 -0.612613 -0.6084929 -0.5044223 0.1482011 -0.2707965 -0.9511603 0.7934415 0.3425794 -0.5030806 0.7845314 0.3468528 -0.5140075 0.218366 -0.2937794 -0.9305965 0.2761034 -0.4723697 -0.8370387 -0.2764099 -0.8893519 -0.3642128 0.4951766 -0.3699557 -0.7860872 0.2154014 -0.9537724 -0.2095723 0.6381904 -0.278306 -0.7178154 0.60285 -0.7944203 -0.0739485 0.8775384 -0.4753308 0.06314343 0.6124532 -0.1237236 -0.7807648 -0.1021171 0.5031087 -0.8581689 0.5275009 -0.0347923 -0.8488418 -0.3829867 0.2945418 -0.8755378 -0.2956711 0.2981126 -0.9075834 0.6495138 -0.1047731 -0.7530966 0.6470941 -0.02597165 -0.7619676 0.9523032 -0.2885841 0.09918552 0.517576 0.07397866 -0.8524332 0.9305216 -0.3658607 0.01660227 0.7114332 0.0626254 -0.6999579 0.6655673 -0.7462911 0.008362293 0.6775011 -0.1598608 -0.7179394 0.184643 -0.9611815 -0.20503 0.6291584 -0.4009645 -0.6658734 0.1451201 -0.9626455 -0.2285909 0.7284688 -0.3518282 -0.5878351 0.4136032 0.6273023 -0.6598668 0.8099173 -0.03961384 -0.5852048 -3.05193e-5 0.7604811 -0.6493601 -0.2714086 0.4953902 -0.8251824 0.7401528 0.01727384 -0.672217 -0.2566995 0.0763598 -0.9634702 0.7908411 0.08084505 -0.6066585 -0.1737452 -0.3822517 -0.9075771 0.6973917 0.06451731 -0.7137804 0.5722743 -0.04794639 -0.8186596 0.8104871 0.5455536 -0.2132652 0.7296013 0.5690683 -0.3792669 0.5543797 -0.08459895 -0.8279531 0.4941955 -0.2917929 -0.8189186 -0.02652132 -0.8700166 -0.4923085 -0.03796547 -0.9346407 -0.3535612 0.2579181 -0.4668833 -0.8458713 -0.2829703 -0.8974051 -0.3385145 -0.1117291 -0.5204362 -0.8465595 -0.6689233 -0.6878759 -0.2817242 -0.3899732 -0.3782539 -0.8395504 -0.6958056 -0.1070306 -0.7102106 0.0690962 0.2110121 -0.9750384 -0.1515585 0.1852213 -0.9709393 -0.7736995 0.1123422 -0.6235131 -0.9245523 -0.3327217 -0.1857405 0.8236119 0.2979859 -0.4825639 0.584669 0.5493881 -0.596938 0.932996 -0.3577436 0.03921687 0.9129825 -0.394583 0.1037653 -0.1902887 -0.6363001 -0.7476045 -0.06409007 -0.7413395 -0.6680631 0.6581723 0.425282 -0.6212443 0.4298921 0.2913048 -0.854596 0.2020039 0.1779551 -0.9630818 0.4095343 -0.9113886 -0.04065126 0.7150067 -0.6963289 0.06238144 0.9072116 -0.3970844 0.1388925 0.9884769 0.03082406 0.1481998 0.9207747 0.3861943 -0.05502671 -0.2990569 0.2674086 -0.916001 -0.307446 0.3851162 -0.8701509 0.1205508 0.5845952 -0.8023192 0.3955585 0.6330278 -0.6654392 0.5444319 0.6303739 -0.5533739 -0.0690034 0.210703 -0.9751118 0.3902818 -0.3788675 -0.8391302 -0.2019451 0.1774687 -0.9631838 0.1120365 -0.5206905 -0.8463624 -0.2578894 -0.4666119 -0.8460298 -0.4300102 0.2913327 -0.8545271 -0.4943222 -0.2920704 -0.8187432 -0.6581471 0.4252244 -0.6213104 -0.7295928 0.5690616 -0.379293 0.6166661 -0.598904 -0.5109179 -0.1440486 -0.178016 -0.9734271 0.6313464 -0.5244383 -0.571285 0.7789999 -0.5274005 -0.3391281 7.93502e-4 -0.2445816 -0.9696284 -0.7989557 0.334091 -0.5000531 -0.8017522 0.3399588 -0.4915501 -0.1401444 -0.2493728 -0.9582133 -0.7844595 0.3465734 -0.5143056 -0.2182413 -0.2937148 -0.9306463 -0.8233539 0.2986329 -0.4826042 -0.6122166 0.5543826 -0.5637826 -0.2760772 -0.4729568 -0.8367158 -0.5092449 -0.3557024 -0.7836744 0.2761693 -0.8894246 -0.3642176 -0.2161648 -0.9533776 -0.2105799 -0.6242677 -0.2639595 -0.7352655 -0.6035452 -0.79374 -0.07556521 -0.8774163 -0.4756969 0.06207525 -0.6061349 -0.1219838 -0.785952 -0.9368445 -0.3483144 0.03161776 -0.5313712 -0.03485298 -0.8464218 -0.5303926 -0.03192299 -0.847151 0.3735518 0.3325649 -0.8659443 0.4064203 0.3089429 -0.8598703 -0.5738489 -0.004852473 -0.818947 0.3451144 0.3627546 -0.8656243 -0.5117223 0.07614642 -0.8557699 -0.080356 0.5934991 -0.8008133 -0.7042346 0.04645043 -0.7084463 -0.3967799 0.6728869 -0.6243309 -0.6876571 -0.1656578 -0.7068842 -0.5443079 0.6304022 -0.5534636 -0.629247 -0.4009321 -0.6658091 -0.4133794 0.627531 -0.6597896 -0.7285639 -0.3516774 -0.5878075 -0.8099482 -0.03943073 -0.5851746 -0.4094467 -0.9114279 -0.04065167 -0.7150285 -0.6963204 0.06222814 -0.7399025 0.01751786 -0.672486 -0.9072324 -0.3970801 0.138769 -0.7906351 0.08075428 -0.606939 -0.9884904 0.03082448 0.1481102 -0.697341 0.06460988 -0.7138215 -0.9208459 0.3860332 -0.05496448 -0.8104977 0.5455607 -0.2132069 -0.5720738 -0.04815852 -0.8187872 -0.5543234 -0.08459967 -0.8279907 0.02639955 -0.8704833 -0.4914895 0.037813 -0.9344614 -0.354051 0.2837707 -0.8970915 -0.3386754 0.6693193 -0.687753 -0.281083 0.6958604 -0.1071212 -0.7101433 0.1514348 0.1852192 -0.970959 0.7735365 0.1124933 -0.6236879 0.9245564 -0.3326926 -0.1857719 0.562664 -0.6608464 -0.4966802 0.3813111 0.2896609 -0.8778944 0.04855614 0.5482786 -0.834885 -0.1450864 -0.9625939 -0.22883 -0.1844896 -0.9613605 -0.2043272 -0.6649517 -0.7468346 0.008789479 -0.9306117 -0.3656465 0.01626652 -0.95144 -0.3068718 0.02432388 -0.9325951 -0.3597257 -0.02938961 1.22077e-4 0.760509 -0.6493274 0.2720743 0.4954102 -0.8249511 0.2575501 0.07599234 -0.9632721 0.1740483 -0.3824302 -0.9074439 0.191016 -0.6366795 -0.7470958 0.06427389 -0.7413171 -0.6680704 0.594798 -0.3638556 0.7168156 0.6815872 -0.3654989 0.6339161 -0.1181701 -0.06357133 0.9909564 0.7303931 -0.3376069 0.5937572 -0.1276302 -0.08499526 0.9881733 -0.3687922 -0.01809775 0.9293357 0.6307776 -0.2476965 0.735368 0.7248895 -0.3542656 0.5907886 -0.6618749 -0.07178169 0.7461696 -0.8561229 -0.5046035 0.1114864 -0.8479761 -0.5175447 0.114386 -0.6731013 -0.06015336 0.7371 -0.8355573 -0.5462039 0.05920737 -0.7071505 -0.1176804 0.6972013 -0.6702353 -0.3810645 0.6368472 -0.2496128 0.515248 0.819886 -0.4730776 -0.3838396 0.7930101 -0.7032927 0.4903577 0.5147123 -0.216781 -0.3719428 0.9025878 -0.08505755 -0.1679788 0.9821143 0.6779938 -0.4509582 0.5804836 -0.3509136 -0.03228962 0.935851 -0.8514811 0.3137662 0.4201556 -0.8761873 0.2552354 0.4088406 -0.8661925 0.2783645 0.4149985 -0.4703278 -0.156135 0.8685699 -0.6764172 0.4367231 0.5930706 -0.4724939 0.6133081 0.6329318 -0.5976015 -0.02160775 0.801502 -0.4261083 0.7679533 0.4782045 -0.6861707 -0.2384796 0.6872389 -0.6255498 0.7043501 0.3355269 -0.6499482 -0.3061739 0.6955752 -0.8307596 0.5013978 0.2417415 -0.4764368 -0.3981548 0.7838883 -0.905652 0.2038365 0.3718132 -0.2368599 -0.3297605 0.9138685 -0.8821751 0.004028439 0.4709044 -0.09430485 -0.03976672 0.9947488 -0.8387747 -0.1800971 0.5138308 -0.1073984 0.2629872 0.9588031 -0.1901334 0.4207351 0.8870351 0.502687 0.7264257 0.4686273 -0.216966 0.5538753 0.8038333 0.4115825 0.8545998 0.3166371 0.4124926 0.9109262 -0.007965385 -0.1464005 0.772074 0.6184405 -0.08923906 0.8879652 0.4511699 -0.4591963 0.06668508 0.8858284 -0.1818928 0.1200309 0.9759649 0.1556504 0.8189962 0.5522845 -0.02307212 -0.002441465 0.9997308 0.455075 0.5347307 0.7120181 0.05655121 0.01184123 0.9983296 0.6275058 0.4104225 0.6616569 0.6496549 0.305036 0.6963487 0.8198035 0.5637789 -0.1003772 0.5943616 0.7831229 -0.1829016 0.3640322 0.8853599 -0.2891687 0.2859346 0.9239695 -0.2540115 -0.9313154 0.2590141 0.2560538 0.006714165 0.4502163 0.8928944 -0.06958311 0.4581499 0.8861472 -0.128517 0.4207398 0.898032 0.3576886 -0.8277806 0.4322478 -0.1148745 -0.9591901 0.2583761 -0.5965824 -0.7898888 0.1420042 -0.7528701 -0.2344765 0.6149858 -0.7093871 -0.2257196 0.667698 -0.6208774 -0.08597183 0.7791791 0.5168743 -0.4863244 0.7045067 0.3638569 -0.730247 0.5782279 -0.1948326 -0.9259738 0.3234393 -0.3544253 -0.9002396 0.2528862 -0.08844387 -0.9108072 0.4032467 0.2749149 -0.8093937 0.5189447 0.5148539 -0.5129007 0.6869195 0.6145361 -0.03662312 0.7880381 0.5929923 0.4651464 0.6572662 -0.5101064 -0.8591603 -0.04043859 -0.3575341 -0.931847 -0.06189322 -0.4590959 -0.880562 0.1176503 -0.5527612 -0.827097 -0.1018115 -0.4971499 -0.8569656 0.1358388 -0.5474516 -0.8235275 0.1486585 -0.4319073 -0.8248111 0.3648872 -0.4322199 -0.8573898 0.2794078 -0.2829144 -0.9326409 0.2239205 -0.2795518 -0.9574345 0.07190215 -0.1051974 -0.9906324 0.08706945 -0.141242 -0.989671 -0.02453726 0.1148143 -0.9591969 0.258378 0.5965405 -0.7899141 0.1420392 0.670086 -0.3809138 0.6370944 0.8354178 -0.5464566 0.05884212 0.7071828 -0.1180164 0.6971116 0.683779 -0.06808793 0.7265056 0.8620353 -0.4941306 0.1128281 0.6415374 0.02050864 0.7668175 0.895361 -0.4183824 0.152594 0.7533093 0.02298104 0.6572648 0.9030346 -0.4186022 -0.09644085 -0.07556533 0.4882451 0.869429 -0.03408932 0.4657147 0.8842782 0.04626649 0.4457578 0.8939571 0.1288828 0.4203724 0.8981516 0.2497386 0.5118986 0.8219431 0.4753643 -0.3853638 0.7909006 -0.3577105 -0.8277606 0.4322679 0.2167773 -0.3834729 0.8977507 -0.6786266 -0.4513496 0.5794391 0.06665366 -0.1834807 0.9807611 0.3367134 -0.01916575 0.9414121 0.6651598 0.5078348 0.5474178 0.9211934 0.2893836 0.2601156 0.8536791 0.2965537 0.4281213 0.114598 -0.07333666 0.9907013 0.8527141 0.2331382 0.4674668 0.09372437 -0.1053217 0.9900116 0.3494157 -0.006775259 0.9369433 -0.5844348 -0.3615561 0.7264388 0.4686269 -0.1567481 0.8693785 -0.3640351 -0.730237 0.5781285 0.1948326 -0.9259738 0.3234393 0.5974712 -0.02221781 0.8015826 0.354421 -0.9002593 0.2528222 0.6860168 -0.2386623 0.6873292 0.08789616 -0.9112213 0.4024304 0.6494278 -0.3072109 0.6956041 -0.2750083 -0.809399 0.5188871 0.4764312 -0.3981196 0.7839096 -0.5157444 -0.5131808 0.6860417 0.2352124 -0.3303411 0.9140842 -0.6153928 -0.03662323 0.7873694 0.09314465 -0.03958338 0.9948655 -0.5931438 0.4650845 0.6571734 0.1076715 0.2632582 0.958698 -0.5036868 0.7264455 0.4675217 0.1883056 0.4217802 0.8869286 0.2169021 0.5539597 0.8037924 0.7520141 -0.2333773 0.6164495 0.7094216 -0.2256904 0.6676712 0.6211061 -0.08469212 0.779137 0.1460636 0.7728008 0.6176119 0.4590699 0.06604355 0.885942 0.08938938 0.8872411 0.4525625 0.1814948 0.1196944 0.9760804 -0.1559217 0.8194667 0.5515095 0.02206486 -7.62963e-4 0.9997563 -0.4565087 0.5364695 0.7097889 -0.05713081 0.0120548 0.9982939 -0.6270485 0.4100871 0.6622982 -0.6496985 0.3049811 0.6963322 -0.819598 0.5640287 -0.1006529 -0.5939987 0.7828527 -0.1852221 -0.3637602 0.8850613 -0.2904222 -0.2857787 0.9242029 -0.2533371 -0.4126265 0.9108608 -0.008484423 -0.4116145 0.8545725 0.3166688 -0.5962499 -0.3641529 0.7154572 -0.6835442 -0.3659588 0.6315391 -0.72999 -0.3463935 0.5891742 0.8527309 0.2979568 0.4290359 0.6732025 0.4385064 0.5954079 0.4737805 0.6122767 0.6329687 0.4265377 0.7678655 0.4779627 0.6258609 0.7038685 0.3359574 0.8309076 0.501212 0.2416181 0.9051178 0.2030159 0.3735591 0.8812927 0.004028439 0.4725538 0.8385069 -0.1798174 0.5143656 -0.4215266 -0.859167 -0.2900818 -0.282362 -0.9304946 -0.2333484 -0.4564491 -0.8805477 -0.1276324 -0.4278182 -0.8271009 -0.3645213 -0.4984802 -0.856966 -0.130869 -0.5484535 -0.8235194 -0.1449643 -0.5564869 -0.8248116 0.1000419 -0.5140007 -0.8574003 0.02584958 -0.3607385 -0.9312364 0.05163866 -0.2810221 -0.9565679 -0.0774886 -0.1398997 -0.9899191 0.02209585 -0.1182932 -0.9882186 -0.09711277 0.2539186 0.20814 0.944565 -0.3720258 0.04913544 0.926921 0.2126274 0.1051692 0.9714573 -0.6958351 -0.0654329 0.7152147 -0.1727069 -0.1148429 0.9782553 -0.6896129 -0.2805939 0.6676086 -0.9931088 -0.02496427 0.1145061 -0.6789534 -0.4635207 0.5693601 -0.9144707 -0.397235 -0.07712143 -0.4921835 -0.7512306 0.4397819 -0.8353066 -0.546047 -0.06399846 -0.6146758 -0.6239228 0.4825911 -0.9046989 -0.4200911 -0.0710172 -0.749277 -0.3571357 0.557708 -0.9722852 -0.22801 0.05169975 -0.7981177 -0.1492713 0.5837177 -0.9920901 -0.09094738 -0.0865221 -0.9265679 -0.06769192 0.3699862 -0.5701017 -0.04892253 0.8201163 -0.5571287 -0.006866812 0.8303979 -0.0197457 0.1198476 0.992596 0.4565325 0.05966448 0.8877039 0.1770703 0.1272941 0.9759317 -0.2378081 0.1574502 0.9584658 0.007416009 0.1901618 0.9817248 -0.8184314 -0.06961411 0.5703719 0.7196775 0.4915756 0.4903243 0.6836572 0.5428423 0.4877859 0.6920192 0.5367689 0.4826891 0.70875 0.5167225 0.4802824 0.7487558 0.4663625 0.4710319 0.8067171 0.3710844 0.4598956 0.8259819 0.3383401 0.4508658 0.8569963 0.2714946 0.4380047 0.8617138 0.2647859 0.4328254 0.8338145 0.2472358 0.4935867 0.8607527 0.2822991 0.4235706 0.6549353 0.03607332 0.7548235 0.4210404 0.1493296 0.8946651 0.559475 0.02963393 0.8283173 0.6194483 -0.1210697 0.7756456 -0.2438184 -0.4144821 0.876788 -0.1033378 -0.5577377 0.8235595 0.01300114 -0.6440156 0.764902 -0.04025501 -0.4699676 0.8817654 0.7891027 0.535092 0.3016511 0.6383808 0.6693278 0.3800925 0.7040039 0.6347236 0.3185979 0.7345764 0.6137492 0.2893258 0.7839277 0.5701071 0.2458358 0.8793823 0.4402405 0.181315 0.8824402 0.4250752 0.2015201 0.9321247 0.3039431 0.1968809 0.9256728 0.2962483 0.2353017 0.9463523 0.1316006 0.2951247 0.9541755 0.06405931 0.2923107 -0.9926447 -0.1190258 0.02212655 -0.5564309 0.007294118 0.8308619 -0.9431933 -0.05990898 0.3267987 -0.4812896 -0.2159851 0.8495356 -0.3049494 -0.463467 0.8319882 -0.1565024 -0.6563156 0.7380765 -0.7669555 -0.2542581 -0.5891793 -0.6958102 -0.4336797 -0.5725122 -0.3343716 0.1919066 -0.9226959 -0.4064866 0.1424335 -0.9024863 -0.7673508 -0.4702438 -0.4359399 -0.5552135 0.1694451 -0.8142643 -0.9560438 -0.1705716 -0.2385073 -0.6367591 0.3661121 -0.6786014 -0.9887108 0.1299176 -0.07464843 -0.9678714 0.2489414 0.0354017 -0.3223476 -0.1023626 0.9410707 -0.4192399 -0.3599414 0.8334747 -0.1575091 -0.6711762 0.724371 0.4361498 -0.2351503 0.8686068 0.361257 -0.1782327 0.915274 0.3227363 -0.07217693 0.9437329 -0.951351 -0.1937372 -0.2395773 -0.9110327 -0.1315994 -0.3907696 -0.6760959 -0.1789046 -0.7147639 -0.721377 0.1283628 0.6805426 -0.7135744 0.1546418 0.6832991 -0.03802645 0.1694099 0.9848119 -0.7213923 0.1047738 0.6845551 -0.01867753 0.1212819 0.9924424 -0.710797 -0.08313482 0.6984671 -0.01046788 -0.101444 0.9947862 0.730112 0.1170718 0.6732241 0.7156212 0.1692001 0.6776855 0.7111592 0.1307139 0.6907724 0.3361654 -0.1144458 0.9348236 0.2688134 0.01904398 0.963004 0.3515514 -0.1036739 0.9304103 -0.8776418 0.1701142 0.448114 -0.9278177 0.1889451 0.321643 -0.3357757 0.1840022 -0.9237954 -0.4538545 2.74675e-4 -0.8910758 -0.1647745 -0.1045597 -0.9807736 -0.1138659 -0.1254326 -0.9855462 -0.1507331 -0.1699296 -0.9738602 -0.1629114 -0.1673672 -0.9723415 0.04364156 0.05877876 0.9973167 0.2476041 0.0854544 0.9650854 0.5434265 0.05295091 0.8377851 0.8803268 0.09842443 0.4640446 0.9859495 0.1670309 0.002105772 0.9933546 0.1148725 -0.007141351 0.7252967 -0.06979817 0.6848889 0.006317496 0.4932538 0.8698626 -0.609228 0.4979848 0.6171325 -0.8779352 0.4641304 0.117528 -0.3962658 0.8890039 0.2294459 -0.5473299 0.8368341 0.01178038 -0.8125817 0.4121353 -0.4121353 -0.5214505 0.8125118 -0.2606032 -0.6440706 0.1371824 -0.7525652 -0.8881624 -0.07687723 -0.4530537 -0.1114264 -0.1509795 -0.982237 -0.8524543 0.123449 -0.5080178 0.04168879 0.002349913 -0.999128 -0.8018544 0.1767961 -0.570765 0.1935852 -0.002655148 -0.9810799 -0.7527257 0.1528096 -0.640354 0.2021571 -0.007965385 -0.9793208 -0.1538462 -0.05456793 -0.9865869 0.3433989 -0.1369689 -0.9291484 0.2209598 -0.2106443 -0.9522635 0.3945826 -0.2774805 -0.8759618 0.05151611 -0.08288973 -0.9952263 0.6277652 -0.4700685 -0.6204405 0.3410547 -0.3487761 -0.8729473 0.7236487 -0.5453231 -0.4230313 0.6708726 -0.6275354 -0.3951318 0.7298987 -0.653448 0.2006336 0.6544528 -0.6576573 -0.3730662 0.680436 -0.7143434 0.1634633 0.8401467 -0.2054513 -0.5019395 0.8061227 -0.5874863 0.07089507 0.8854619 -0.1480805 -0.4404878 0.6412404 0.2230653 -0.7342021 0.6564127 -0.07291096 -0.7508704 0.754235 0.03747826 0.6555342 0.8155779 -0.5582968 0.1521102 0.9074093 -0.3571101 -0.2215419 0.7760457 -0.3709626 -0.5100392 0.4950854 -0.1316301 -0.8588154 0.3748689 -0.3980025 -0.8372977 0.4543734 -0.4250137 -0.7828846 0.653529 -0.1288807 -0.7458482 0.767713 -0.1345901 -0.6265002 0.8253272 -0.1590043 -0.541805 0.7803114 -0.146583 -0.6079702 0.9060587 -0.3860698 -0.1732279 0.8935921 -0.4321165 0.1215261 -0.6411739 0.04425251 -0.7661187 -0.1086492 -0.07385706 -0.9913328 -0.7190621 0.2089647 -0.6627848 -0.3433986 0.2016993 -0.9172759 -0.8920521 -0.005340874 -0.451901 -0.5723602 -0.09216845 -0.814806 -0.713019 -0.0172128 -0.7009334 -0.983554 0.1617231 -0.080419 -0.984379 0.1760621 -5.79854e-4 -0.3920772 0.8382951 -0.3788625 -0.4655095 0.5973831 -0.6530196 -0.2338682 0.8777307 -0.4182039 -0.3371414 0.4711191 -0.8150967 -0.004425227 0.8816007 -0.4719755 0.08002197 0.4781481 -0.8746262 0.2266943 0.8792493 -0.4189634 0.6240887 0.474239 -0.6209757 0.1275702 -0.07834279 -0.9887307 0.7076917 -0.07114148 -0.7029306 0.7136687 0.1090768 -0.6919388 0.6879605 0.1772546 -0.7037693 0.9903475 0.1369701 -0.0212413 0.9516853 0.03448683 0.3051326 -0.2155234 -0.0625329 0.9744945 0.6608283 0.1525645 0.7348675 0.7679845 0.2295957 0.5979011 0.8799712 -0.004394769 0.4750068 -0.4211906 -0.06015259 -0.9049753 -0.4204977 0.1474702 -0.8952286 0.1557984 0.1189622 -0.9805992 -0.6163352 -0.03528016 -0.7866933 -0.6746636 0.1576941 -0.7210837 -0.7581876 0.2282528 -0.6107801 -0.4311154 0.2315192 -0.8720886 0.1820169 0.1865032 -0.9654462 0.5977178 0.1916909 -0.7784523 0.9443071 0.05603218 -0.3242603 0.9790126 0.01312303 -0.2033773 0.8007509 -0.1517392 0.5794594 -0.388239 -0.03946173 0.9207134 0.5879136 0.1313528 -0.798188 -0.2542239 0.163277 -0.9532633 -0.08087462 0.224923 -0.9710144 -0.4192724 0.2414371 -0.8751679 0.633219 0.4765012 0.609902 0.9993135 -0.03662276 -0.005615472 0.8853824 0.4648631 5.1882e-4 0.4628875 0.8456007 -0.2658849 0.6398374 0.7685067 -0.00238049 0.4565718 0.8502124 0.262071 0.2388741 0.8738271 0.4235156 -0.00640887 0.85608 0.5168037 -0.2289221 0.8919448 0.3899092 -0.9834517 0.1641934 0.07657271 -0.9886752 0.1104496 0.101599 -0.9903414 -0.06341844 0.1232967 -0.6967897 0.2427822 0.6749378 -0.9434892 0.1613529 0.2894709 -0.9124343 -0.369222 -0.1764623 -0.3755336 -0.321729 -0.8691749 -0.7696394 -0.5835928 -0.258988 -0.2264529 -0.445978 -0.865923 -0.779065 -0.5784619 -0.241743 -0.3943985 -0.4036458 -0.8255422 -0.9507071 -0.2083248 -0.2296883 -0.6032415 -0.001648008 -0.7975569 -0.9843152 0.03433442 -0.1730456 -0.6191263 0.3344674 -0.7105029 -0.6965703 0.2288025 -0.6800289 -0.01763987 0.5190041 -0.8545897 0.08978593 0.2473538 -0.9647563 0.2480899 -0.01324528 -0.9686465 0.409444 -0.05725377 -0.910537 0.2711041 -0.07617646 -0.959531 -0.6475275 0.01699918 -0.7618526 -0.6087041 0.02758926 -0.7929176 0.06500655 -0.1681625 -0.9836136 -0.4144825 -0.1323621 -0.9003803 0.3742552 -0.2742443 -0.8858461 0.3492891 -0.2591667 -0.9004608 -0.3139209 -0.2498915 -0.9159739 0.4259902 -0.2811145 -0.859946 -0.4681305 -0.2507744 -0.8473289 0.4472301 -0.3042471 -0.841082 -0.4073954 -0.03750759 -0.9124814 0.5608794 0.2206528 -0.7979515 -0.1893401 0.5452228 -0.8166287 0.6481396 0.5723295 -0.5023486 -0.05368375 0.8308317 -0.5539286 -0.3830176 0.8377557 -0.3891825 -0.508936 0.8607903 -0.004944086 -0.6516528 0.7402814 -0.1653242 -0.9350106 0.209757 -0.2859325 -0.9521817 -0.04895186 -0.3015853 -0.8968217 -0.0924105 -0.4326327 -0.2842587 0.270708 0.919736 -0.2381995 0.2027977 0.9498075 -0.04001092 -0.08212774 -0.9958184 -0.02264499 0.0883522 -0.9958319 -0.1056579 0.01284861 -0.9943196 -0.04129171 -0.09924662 -0.9942059 -0.01876938 0.1493007 -0.9886138 -0.4948346 -0.03466951 -0.8682953 -0.2688149 0.1021484 -0.95776 -0.7630413 0.01715177 -0.6461222 0.4427775 0.1131664 -0.8894614 0.756182 0.06848573 -0.6507676 0.9504136 0.05740565 -0.3056448 0.966793 -0.2306655 0.1100224 0.6986787 -0.4537917 0.5531015 0.9634947 -0.2666777 0.02368295 0.7119202 -0.5484597 0.4385907 0.977793 -0.1900103 0.08841305 0.6748673 -0.4316306 0.5985392 0.7064042 -0.2154981 0.6742061 -0.4522689 -0.3938241 0.8002222 -0.4964559 -0.002685666 0.8680578 -0.8986299 -0.1328489 0.4181094 -0.8621707 0.1328505 0.4888889 -0.3459332 0.1715779 0.9224377 -0.7161105 0.325735 0.6173187 -0.620573 0.4412434 0.6482232 0.121985 -0.1510087 0.9809771 -0.9078465 -0.07641935 0.4122802 -0.5449238 -0.3413594 0.7658537 -0.87614 -0.1694721 0.4512847 -0.3874489 -0.550974 0.7391286 -0.4018734 -0.2578545 0.8786404 -0.8715141 -0.05365324 0.4874265 0.6812708 -0.3507829 0.6425119 0.6961003 -0.1774355 0.6956731 0.9829297 -0.0802958 0.1655358 0.9797169 -0.1189931 0.1612312 0.1757301 -0.06494504 0.9822938 -0.7275839 0.4786062 -0.4914854 -0.1179258 0.5114085 -0.851208 -0.584418 0.5723323 -0.5752316 0.4532163 0.2949721 -0.8411816 0.4696339 0.4125624 -0.7805359 -0.1948341 0.6241771 -0.7565995 0.4055709 0.5000587 -0.7651494 -0.1947128 0.4805865 -0.8550577 0.4529939 0.3726068 -0.8099141 -0.045412 0.6354023 -0.7708449 0.4362164 0.5763318 -0.6910549 0.5551444 0.6380346 -0.5335978 0.1624217 0.816595 -0.553888 -0.2380189 0.9257074 -0.2939606 -0.3975687 0.6872534 -0.6079655 -0.7008011 0.3491645 -0.6220628 0.006042778 0.2232168 -0.9747501 0.007385671 0.2232794 -0.9747266 -0.05572766 0.3286895 -0.9427925 -0.0788908 0.3492865 -0.9336891 -0.1027585 0.4094774 -0.9065147 -0.1229616 0.41915 -0.899552 -0.172191 0.4906926 -0.8541493 -0.2065532 0.5243181 -0.826091 -0.1914488 0.4875795 -0.8518297 -0.2013353 0.4948692 -0.8453215 -0.1183219 0.3198691 -0.9400446 0.9332311 -0.3236507 0.155981 0.8606957 -0.1979154 -0.4690763 0.8561462 -0.5080784 0.09418123 0.7662848 -0.3797242 -0.518283 0.7354171 -0.6660473 0.1246702 0.7465081 -0.446501 -0.4933179 0.7742692 -0.6088864 0.1725243 0.8951966 -0.135842 -0.4244645 0.9590176 -0.2115314 0.1885196 0.909273 0.1138956 -0.4003133 0.9819297 0.12223 0.1444786 0.9808941 0.03653174 0.1910821 0.6859189 0.1885476 0.7028265 0.6352559 -0.20341 0.7450332 0.4908732 -0.5215757 0.6978554 0.3935106 -0.6363191 0.6635114 0.5055806 -0.5956426 0.6241781 -0.07382625 -0.2587124 0.9631291 -0.02969539 -0.1147531 0.9929501 0.4571795 -0.3012257 0.8368095 -0.5769301 0.1345275 0.805639 -0.5202873 0.07541233 0.8506551 -0.642214 -0.0552091 0.7645347 -0.6274409 -0.009857594 0.7786018 -0.6594711 0.1134114 0.7431257 -0.6728087 0.1458235 0.7253027 -0.6467885 0.2641722 0.7154563 -0.6726157 0.2734838 0.6876007 -0.6261597 0.4220176 0.6556106 -0.6249327 0.4483512 0.6390934 -0.5209342 0.5903961 0.6164901 -0.484982 0.6189616 0.6178019 -0.4844892 0.6195662 0.6175825 -0.01348924 0.07104754 0.9973818 0.5371038 0.8125683 0.2263899 0.2422631 0.90487 -0.3500271 0.5227606 0.8162926 0.2457392 0.1657502 0.6486265 0.7428395 0.5972385 0.4274578 0.6786648 0.7564452 0.6099233 0.2361869 0.5933594 0.3022953 0.7460176 0.7917362 0.5042427 0.344809 0.5047003 0.3323874 0.796741 0.8087284 0.4397207 0.3906458 0.9386479 0.1952922 0.2842556 0.9804702 0.1965152 0.007751941 0.8927604 0.4420924 -0.08679485 0.79972 0.5720788 -0.1821374 0.6099219 0.73624 -0.2931654 -0.4670617 0.5331047 -0.7054451 -0.3771922 0.2848093 -0.8812546 -0.4501299 0.526001 -0.7215996 -0.3605793 0.3515152 -0.8639559 -0.3274406 0.2099416 -0.921253 -0.1069083 -0.04580914 -0.9932131 -0.1134992 -0.001159667 -0.9935374 -0.08139538 -0.1074285 -0.9908754 -0.08890175 -0.1445989 -0.9854886 -0.1337648 -0.07373386 -0.9882664 -0.1423718 -0.08939057 -0.9857686 -0.9672445 -0.003112912 0.2538281 -0.7976241 -0.2055481 0.5670502 -0.9585227 -0.08786535 0.2711343 -0.7788937 -0.3290331 0.533912 -0.7451006 -0.4221748 0.5163272 -0.8783762 -0.4760401 -0.04291009 -0.7964826 -0.6016804 -0.05996966 -0.7148075 -0.5551577 0.4252648 -0.9272121 -0.3566811 0.1142649 -0.7529946 -0.3095234 0.5806844 -0.9905094 -0.01461881 0.1366662 -0.7255009 -0.1235719 0.6770365 -0.7679492 -0.07071244 0.6365956 -0.4072149 0.1911404 0.8931077 -0.443988 -0.1087386 0.8894103 -0.3987927 -0.3509998 0.8472094 -0.4745392 -0.282453 0.8336864 -0.2734844 0.1310503 0.9529073 -0.2566972 0.1127685 0.9598906 -0.2963736 0.1406027 0.9446659 -0.3013729 0.06112909 0.9515449 -0.3127918 0.05108922 0.9484468 -0.2170549 -0.1067268 0.9703075 -0.2183064 -0.1363309 0.9663106 -0.2595016 -0.02447605 0.9654325 -0.2606968 -4.57791e-4 0.9654207 -0.3916557 0.2117742 0.8954092 -0.378012 0.159036 0.9120386 -0.3172468 0.05414098 0.9467963 0.7573231 -1.83113e-4 0.6530404 0.9920309 0.05887174 0.1113955 0.2824819 0.1133468 0.9525526 0.1793617 0.1128602 0.977288 0.1610518 0.1239705 0.979129 0.2819045 0.04867786 0.9582069 0.9842229 -0.113624 0.1356286 0.9872131 -0.07892334 0.1384973 0.9915033 0.1250671 0.03576833 0.9415125 0.3365335 0.0173043 0.9134541 0.4065527 0.01779294 0.8488999 0.5278347 -0.0275591 0.831314 0.5551758 -0.02639913 0.832917 0.5530908 0.01843327 0.8426393 0.5382699 0.01498496 0.8225579 0.5680264 0.02728426 0.6729188 0.738291 0.04590094 0.6678529 0.7428387 0.04651129 0.476686 0.8753029 0.08133476 0.6065391 0.7854732 0.1230535 -0.2200726 -0.8591104 -0.462058 -0.134894 -0.9268625 -0.3503278 -0.331499 -0.8805387 -0.3387627 -0.1882123 -0.8271028 -0.5296009 -0.3662371 -0.8569644 -0.3626053 -0.4024843 -0.8235241 -0.3997681 -0.5319539 -0.8248186 -0.1915705 -0.458089 -0.8573986 -0.2345684 -0.3413293 -0.9296525 -0.1387108 -0.2093023 -0.9550144 -0.2100958 -0.1434988 -0.9881951 -0.0536518 -0.06515848 -0.9858006 -0.1547628 -0.9983378 0.03732472 0.04391682 0.04046863 -0.8590897 -0.5102228 0.05740696 -0.9249517 -0.3757244 -0.1176201 -0.8805337 -0.4591581 0.1018124 -0.8270735 -0.5527964 -0.1358723 -0.8569539 -0.4971608 -0.1486585 -0.8235275 -0.5474516 -0.3648872 -0.8248111 -0.4319073 -0.2794322 -0.8573405 -0.432302 -0.2280119 -0.9264836 -0.2993973 -0.07477164 -0.9531708 -0.2930439 -0.1051378 -0.9848778 -0.1377016 0.02258419 -0.9841849 -0.1756993 0.99768 -0.0520966 -0.04382586 0.04971522 0.4426765 0.8953022 0.08795511 0.473865 0.8761941 -0.7455255 0.04635876 0.6648629 -0.6771203 0.05017286 0.73416 -0.9272441 -0.3707512 0.0525546 -0.9170046 -0.3867979 -0.09741663 0.8014695 0.01629734 -0.5978137 0.3823149 0.6213419 -0.6839369 0.07425349 0.6407227 -0.7641733 0.425713 0.6128875 -0.6656858 0.6953527 0.5167841 -0.4994185 0.4001426 0.1909916 0.8963304 0.7696679 0.3113586 0.5573752 -0.3642784 0.269516 0.8914384 -0.4855237 0.07385545 0.8710982 -0.8566749 0.4715832 0.2090873 -0.7629718 0.617885 -0.1899799 -0.8004627 0.1562898 0.5786477 0.1311082 0.0418716 -0.9904834 -0.2147646 0.08676648 -0.9728041 0.1310782 0.04187178 -0.9904875 0.4610254 -0.008087575 -0.8873502 0.31786 -0.01965451 -0.9479339 -0.02884012 0.09238004 -0.9953061 0.3465155 -0.02945107 -0.9375818 0.6371735 -0.1350767 -0.7587913 0.1562616 0.7877783 -0.5958085 0.02929836 0.7939553 -0.6072698 0.03470051 0.7465651 -0.6644069 -0.3427611 0.6558881 -0.6725516 -0.5362241 0.5214222 -0.6637642 -0.9366016 0.206523 -0.283065 -0.02267593 0.999695 0.009796738 0.006958365 0.8049773 -0.5932649 -0.01562583 0.7974971 -0.6031204 -0.03366208 0.9960383 0.08230888 -0.004913508 0.8201644 -0.572107 0.04468023 0.8522214 0.5212699 -0.9864403 -0.1480179 0.07089596 -0.5245315 0.2084453 0.8254801 -0.235915 0.5567655 0.7964649 -0.03283822 0.8891956 -0.4563475 0.05166894 0.8725733 -0.4857429 0.02566641 0.9966889 -0.07715195 -0.2094797 0.9750084 -0.07400757 -0.101323 0.6524345 0.7510413 0.07278913 0.5425769 0.8368465 -0.03561538 -0.57299 0.8187882 0.00262463 -0.5520898 0.8337806 -0.06811779 -0.9950631 0.07217675 -0.08383482 -0.9947876 0.05804651 -0.1030647 -0.7047894 -0.70189 -0.06894254 -0.620544 -0.7811352 -0.01440489 -0.09720265 -0.9951604 -0.02917641 -0.2038381 -0.9785698 -0.02859658 -0.6315668 -0.7747941 0.05459809 -0.276012 -0.9596023 0.06113046 -0.6262288 -0.7772391 -0.03033596 -0.3296369 -0.9436203 -0.02542245 -0.6798753 -0.732887 -0.04196417 -0.6250376 -0.7794659 -0.0662564 -0.9947008 -0.07861655 0.03012192 -0.6297526 -0.7762116 0.03241068 -0.9983532 -0.04733425 0.216808 -0.6501493 -0.7282173 0.2303298 -0.9731109 -0.001861631 0.1823806 -0.6733985 -0.7164301 0.1882395 -0.9821231 -4.57781e-4 -0.5161092 -0.6046757 -0.606629 -0.517817 -0.85548 -0.004425227 -0.5227293 -0.5516002 0.6499935 0.0619542 0.3104426 0.9485712 0.03253304 0.3318009 0.9427884 -0.0178231 0.3400735 0.94023 -0.05725431 0.9983188 -0.009033679 -0.137735 0.7707425 -0.6220813 -0.1632159 0.9858573 0.03802675 -0.1439896 0.7663066 -0.626132 -0.1023607 0.9936075 -0.04760962 -0.08359295 0.7898453 -0.6075827 -0.09241145 0.9954072 -0.02499502 0.07657241 0.9951977 -0.06097716 0.07632786 0.5946007 0.80039 -0.02148544 -0.5355188 0.84425 -0.009888231 -0.6122485 0.7906036 -0.01095634 -0.999897 0.00927776 0.1266219 -0.9906968 -0.04986745 0.008423268 -0.999958 -0.003601253 -0.1044995 -0.6608742 0.7431859 0.00915569 -0.6515505 0.7585501 0.2055803 -0.6236689 0.754171 0.1870833 -0.6121867 0.7682625 -0.04300194 0.3929692 0.9185457 -0.09537249 -0.1524739 -0.983695 -0.2982348 0.8886922 -0.348256 0.01895231 0.3487415 0.9370273 0.1300743 -0.6448476 0.7531616 -0.006195425 -0.6734434 0.7392129 -0.09839236 0.1779852 0.9791018 -0.1138671 0.3627208 0.9249151 -0.07083505 -0.995201 0.06750845 -0.1874166 -0.6799917 -0.7088627 -0.2014566 -0.1536942 -0.9673642 -0.06018334 -0.2538262 -0.9653757 0.02087503 -0.247205 -0.9687384 0.1522619 -0.3205771 -0.9349046 0.1602576 -0.2945433 -0.9421051 -0.4343784 -0.300308 -0.8491941 0.2630773 0.6940724 -0.6701147 0.1259817 0.5179656 -0.8460735 0.1197873 0.4978881 -0.8589287 0.3702297 0.8965045 0.2433304 -0.260997 0.9627775 -0.07028484 -0.1695042 0.970758 0.1699925 0.2242841 0.9214298 0.3172756 0.1624825 0.9802359 0.1128588 0.5319572 0.8351086 -0.1400545 0.5064361 0.8497164 -0.1466448 0.08365327 0.5516356 -0.8298797 0.001831114 0.7403005 -0.6722736 -0.07370364 0.9518916 0.2974394 -0.2089959 0.7978346 -0.5654915 -0.1864699 0.9540178 0.2346896 0.07818865 0.7365055 -0.6718976 0.08643114 0.9793699 0.182659 0.6851894 0.7252918 0.06683731 0.3144059 0.4088619 0.856727 0.9020299 0.3885113 -0.1881518 -0.03344875 0.4488424 0.8929848 0.06772154 0.3947933 0.9162707 0.3303651 0.3567332 0.8738423 -0.5943032 0.7500435 -0.290239 -0.4770403 0.8784549 0.0273754 -0.3756282 0.8671373 0.3270725 -0.1863512 0.9110336 0.3678194 0.09320539 0.9927263 0.07620626 0.4492995 0.8754656 -0.1780169 0.4545206 0.8873727 -0.07733529 0.6308561 0.7716093 -0.08148545 0.3809101 0.4759469 -0.7927057 -0.1914753 0.9784653 -0.07709062 -0.1380364 0.5715556 -0.8088696 -0.3175222 0.5467829 -0.7747312 -0.4146938 0.9091036 -0.03949171 0.01751786 0.6070522 -0.7944689 -0.1678259 0.980282 -0.1043152 0.4307432 0.8953014 0.1135607 -0.02267569 0.6312884 0.7752166 0.7576074 0.6524994 -0.01660239 -0.2824295 0.6500091 0.7054939 -0.02536106 0.6775776 0.7350139 0.5521283 0.5570419 0.6203699 0.6394751 0.7624382 -0.09879159 0.4090254 0.4100936 0.8151819 -0.04214638 0.9544747 0.2952997 0.09805798 0.3644595 0.9260421 -0.001129209 0.4317284 0.9020029 -0.1661743 0.9523056 0.2559298 0.1266552 0.97491 0.183055 -0.2093324 0.7937784 -0.571048 0.195599 0.7037172 -0.683025 0.7028321 0.7088749 0.05936026 0.9357191 0.334338 0.1124633 0.2856304 0.4240965 0.8593937 0.337364 0.4595952 -0.8215581 -0.05334764 0.7922798 -0.6078214 0.04611402 0.6071121 0.7932772 0.2301735 0.9575915 0.1733168 -0.01355028 0.5441185 0.838899 0.3408093 0.5825834 -0.7378658 -0.1809173 0.9669371 -0.179727 -0.1724637 0.5222741 -0.8351564 -0.3238444 0.5363226 -0.7794119 -0.452114 0.8744412 -0.1759136 -0.4103004 0.8879872 -0.2076833 -0.2663702 0.8285921 0.4924248 0.01797586 0.9935588 -0.1118841 0.3723975 0.9238522 0.0884146 -0.1032781 0.6949907 -0.7115628 -0.1475929 0.7801122 0.6079815 -0.388543 0.7483672 0.5375694 0.3195332 0.3167254 0.8930754 0.5160164 -0.5495263 0.6570755 0.8221056 0.2008798 0.5327191 0.8103167 0.4839438 0.3304319 -0.01089537 0.8538997 0.5203236 0.2088139 0.1191478 0.9706702 0.4014201 -0.720377 0.5656138 0.4965722 -0.6534392 0.5713434 0.4261696 0.1602561 0.8903356 0.09378379 0.9036573 0.4178614 -0.1807971 0.8413599 0.5093389 -0.9175998 0.1679489 0.3602829 0.2509877 -0.9197797 0.3016797 0.115424 -0.9356305 0.3335761 0.2419536 -0.9365325 -0.2537034 0.2753465 -0.9490633 -0.1531771 0.2928896 -0.924142 0.2453107 0.3432171 -0.8881651 -0.3055566 0.1424623 -0.7717624 -0.6197477 0.13169 -0.6710853 -0.7295905 0.003418147 -0.5803597 -0.8143531 0.08816921 -0.9465758 -0.3101946 0.08368229 -0.9843199 -0.1552792 -0.2751667 -0.8116746 0.5152356 -0.02786356 -0.9996097 -0.002044737 -0.8345783 0.009308338 -0.5508108 -0.0985161 -0.426842 -0.8989441 0.1460624 -0.9834952 -0.1067849 0.03064125 -0.6638227 -0.7472621 0.06717276 -0.9832378 -0.1695038 0.1968822 -0.9559667 -0.2176355 0.1220162 -0.863788 0.4888583 0.1932804 -0.8944981 0.403133 0.2800722 -0.9460865 -0.1627268 0.2281324 -0.8754487 0.4260812 0.4672127 -0.8536421 -0.230234 0.158824 -0.6860808 -0.7099776 0.1253427 -0.6592475 -0.7414054 0.1338239 -0.9895651 0.05340749 0.2022482 -0.4559819 0.8667043 -0.1681582 -0.6917071 -0.7023277 0.06756842 -0.9896002 -0.1269884 -0.04916584 -0.9032362 -0.426318 0.2555679 -0.9620268 0.09586083 0.4585265 -0.8764619 0.1468603 0.7662453 -0.211559 -0.6067215 0.09051978 -0.5695791 -0.8169369 0.3621364 -0.9306717 0.05203455 0.1883949 -0.9782314 0.08701014 0.1723705 -0.7565626 0.6307944 0.4652608 -0.87632 0.1248834 0.3874158 -0.6791832 0.6233934 0.4584592 -0.8845681 0.08575886 0.3657997 -0.6940916 0.6200222 0.5309476 -0.8400185 0.1116403 0.3983093 -0.8036076 -0.4422268 0.3868048 -0.8160012 -0.4295626 0.1403251 -0.8951453 -0.4231119 0.320546 -0.3851862 0.8653796 0.2672557 -0.9456036 0.185495 -0.3057705 -0.5061282 -0.8064358 -0.3024486 -0.527347 -0.7939962 0.1158201 -0.8583199 0.4998728 -0.06076329 -0.4712134 0.8799238 0.1084966 -0.8230785 0.5574679 0.4953655 -0.8008069 0.3366325 0.2688397 -0.9588991 0.09076273 0.4042221 -0.135229 -0.9046092 0.1213735 -0.6426663 -0.7564711 0.1684335 -0.8835206 0.4370604 0.2264841 -0.9379512 0.2625885 0.1240912 -0.4216842 0.8982115 0.5521867 -0.7831878 0.2858443 0.3082754 -0.4124683 0.857226 0.3691297 -0.4011138 0.8383622 0.6969497 -0.6574876 0.286306 0.8331677 -0.4158819 0.3645185 0.625124 -0.7226938 -0.2948456 0.4828729 -0.7740249 -0.4095355 0.2366741 -0.8216607 -0.5185163 -0.1299208 -0.6144152 0.7782124 -0.4993301 -0.1742055 -0.8487178 -0.4728087 0.3823183 -0.7939047 -0.6291245 0.1947435 -0.752514 -0.4717038 -0.2300837 -0.8512092 -0.3137662 -0.514612 -0.7979508 -0.4229591 0.0217598 -0.9058876 -0.2325569 -0.7962788 -0.5584419 -0.1955384 -0.8018386 -0.5646411 -0.04568725 -0.9901357 0.1324535 0.05395752 -0.9941552 0.09351009 -0.1631574 -0.6844003 0.7106167 -0.1885769 -0.5519667 0.8122632 -0.3915969 0.007721424 0.9201046 -0.1748458 -0.1344686 0.9753704 -0.08487349 -0.3203281 0.943497 -0.06372427 -0.6318411 0.7724741 -0.06454873 -0.9436025 0.3247277 -0.1204287 -0.9902868 0.06949216 -0.2421672 -0.8694217 -0.4306518 -0.4048363 0.3772775 -0.8329281 -0.5184535 0.02700912 -0.8546792 -0.4995132 0.05453836 0.864588 -0.2205629 -0.5843834 -0.7809277 0.8936268 -0.2852 -0.3465432 0.9970262 0.07297098 -0.0247814 0.991542 -0.06045871 0.1148442 0.8794285 -0.1312916 0.4575677 0.8625899 -0.1388615 0.4864733 0.8165147 -0.1259533 0.5634177 0.7837003 -0.1009267 0.6128848 0.9743661 -0.09039878 0.2060067 0.9893791 0.1363913 0.05026549 0.9929869 -0.02719211 0.1150555 0.9932556 -0.05728501 0.1008057 0.9364723 -0.3448024 0.06427276 0.9424335 -0.3337887 0.02011215 0.9813749 -0.1854345 0.05017352 0.9952224 -0.083866 0.04998999 0.9484379 0.2965833 0.1118215 0.9512832 0.2883453 0.1091671 0.9830092 0.1579346 0.09353995 0.4218367 -0.1954146 0.8853626 0.5402284 0.2359474 0.8077636 0.4267533 -0.1416102 0.8932124 0.3063234 -0.34667 0.8865585 0.2741824 -0.3776112 0.8844398 0.335037 -0.3072648 0.8906956 0.3597931 -0.2819992 0.8893961 0.4409107 -0.1904092 0.8771215 0.4415131 -0.1889408 0.8771361 0.3940886 -0.2186973 0.8926733 0.3851574 -0.2172691 0.8969103 -0.1990175 0.2369226 -0.9509258 0.3427611 0.6558881 -0.6725516 0.9366016 0.206523 -0.283065 0.5362241 0.5214222 -0.6637642 -0.03470051 0.7465651 -0.6644069 -0.1562588 0.787764 -0.5958281 -0.02929836 0.7939553 -0.6072698 0.5838908 -0.2420467 0.7749096 -0.2303298 -0.9731109 -0.001861631 -0.1882395 -0.9821231 -4.57781e-4 -0.2055803 -0.6236689 0.754171 -0.03241068 -0.9983532 -0.04733425 -0.00915569 -0.6515505 0.7585501 -0.03253304 0.3318009 0.9427884 0.0178231 0.3400735 0.94023 0.1044995 -0.6608742 0.7431859 0.1138671 0.3627208 0.9249151 0.09839236 0.1779852 0.9791018 0.1632157 0.9858561 0.0380572 -0.01895231 0.3487415 0.9370273 0.1023607 0.9936075 -0.04760962 0.04300194 0.3929692 0.9185457 0.0662564 -0.9947008 -0.07861655 0.05725431 0.9983188 -0.009033679 0.02267593 0.999695 0.009796738 0.03366208 0.9960383 0.08230888 0.09241145 0.9954072 -0.02499502 -0.07632786 0.5946007 0.80039 0.02148544 -0.5355188 0.84425 0.009888231 -0.6122485 0.7906036 -0.1300743 -0.6448476 0.7531616 0.006195306 -0.6734282 0.7392267 -0.008423268 -0.999958 -0.003601253 0.02542245 -0.6798753 -0.732887 0.04196417 -0.6250376 -0.7794659 -0.03012192 -0.6297526 -0.7762116 -0.216808 -0.6501493 -0.7282173 -0.1823806 -0.6733985 -0.7164301 0.5161092 -0.6046757 -0.606629 0.517817 -0.85548 -0.004425227 -0.07657241 0.9951977 -0.06097716 -0.1266219 -0.9906968 -0.04986745 -0.05166894 0.8725733 -0.4857429 0.0835914 0.7898306 -0.6076019 0.1439896 0.7663066 -0.626132 0.137735 0.7707425 -0.6220813 -0.006958365 0.8049773 -0.5932649 0.01562583 0.7974971 -0.6031204 0.004913508 0.8201644 -0.572107 -0.04468023 0.8522214 0.5212699 -0.0619542 0.3104426 0.9485712 -0.1870833 -0.6121867 0.7682625 0.5227293 -0.5516002 0.6499935 0.9864403 -0.1480179 0.07089596 0.4343784 -0.300308 -0.8491941 -0.1602576 -0.2945433 -0.9421051 -0.1522619 -0.3205771 -0.9349046 -0.02087503 -0.247205 -0.9687384 0.06018334 -0.2538262 -0.9653757 0.03033596 -0.3296369 -0.9436203 -0.06113046 -0.6262288 -0.7772391 0.01095634 -0.999897 0.00927776 0.08383482 -0.9947876 0.05804651 -0.002624571 -0.552111 0.8337666 -0.07278913 0.5425769 0.8368465 -0.02566641 0.9966889 -0.07715195 0.03283822 0.8891956 -0.4563475 0.2094797 0.9750084 -0.07400757 0.2982348 0.8886922 -0.348256 0.5245315 0.2084453 0.8254801 0.235915 0.5567655 0.7964649 0.06811779 -0.9950631 0.07217675 0.1030647 -0.7047894 -0.70189 0.06894254 -0.620544 -0.7811352 0.02859658 -0.6315668 -0.7747941 0.101323 0.6524345 0.7510413 0.03561538 -0.57299 0.8187882 0.07083505 -0.995201 0.06750845 0.1874166 -0.6799917 -0.7088627 0.09537249 -0.1524739 -0.983695 0.01440489 -0.09720265 -0.9951604 0.02917641 -0.2038381 -0.9785698 -0.05459809 -0.276012 -0.9596023 0.2014566 -0.1536942 -0.9673642 -0.2630773 0.6940724 -0.6701147 -0.3702297 0.8965045 0.2433304 -0.1197873 0.4978881 -0.8589287 -0.1259817 0.5179656 -0.8460735 0.3756282 0.8671373 0.3270725 0.4770403 0.8784549 0.0273754 0.1695042 0.970758 0.1699925 0.260997 0.9627775 -0.07028484 -0.2242841 0.9214298 0.3172756 -0.1624825 0.9802359 0.1128588 -0.5319572 0.8351086 -0.1400545 -0.5064361 0.8497164 -0.1466448 -0.08365327 0.5516356 -0.8298797 -0.001831114 0.7403005 -0.6722736 0.07370364 0.9518916 0.2974394 0.2089959 0.7978346 -0.5654915 0.1864699 0.9540178 0.2346896 -0.07818865 0.7365055 -0.6718976 -0.08643114 0.9793699 0.182659 -0.6851894 0.7252918 0.06683731 -0.3144059 0.4088619 0.856727 -0.9020299 0.3885113 -0.1881518 0.5943032 0.7500435 -0.290239 -0.4545206 0.8873727 -0.07733529 -0.3303651 0.3567332 0.8738423 -0.06772154 0.3947933 0.9162707 0.03344875 0.4488424 0.8929848 0.1863512 0.9110336 0.3678194 -0.09320539 0.9927263 0.07620626 -0.4492995 0.8754656 -0.1780169 -0.6308561 0.7716093 -0.08148545 -0.3809101 0.4759469 -0.7927057 0.1914753 0.9784653 -0.07709062 0.1380364 0.5715556 -0.8088696 0.3175222 0.5467829 -0.7747312 0.4146938 0.9091036 -0.03949171 -0.01751786 0.6070522 -0.7944689 0.1678259 0.980282 -0.1043152 -0.4307432 0.8953014 0.1135607 0.02267569 0.6312884 0.7752166 -0.7576074 0.6524994 -0.01660239 -0.5521283 0.5570419 0.6203699 0.02536106 0.6775776 0.7350139 0.2824295 0.6500091 0.7054939 -0.337364 0.4595952 -0.8215581 -0.6394751 0.7624382 -0.09879159 -0.4090254 0.4100936 0.8151819 0.04214638 0.9544747 0.2952997 -0.09805798 0.3644595 0.9260421 0.001129209 0.4317284 0.9020029 0.1661743 0.9523056 0.2559298 -0.1266552 0.97491 0.183055 0.2093324 0.7937784 -0.571048 -0.195599 0.7037172 -0.683025 -0.7028321 0.7088749 0.05936026 -0.9357191 0.334338 0.1124633 -0.2856304 0.4240965 0.8593937 0.05334764 0.7922798 -0.6078214 -0.2301735 0.9575915 0.1733168 -0.04611402 0.6071121 0.7932772 0.01355028 0.5441185 0.838899 -0.3408093 0.5825834 -0.7378658 0.1809163 0.9669318 -0.1797566 0.1724637 0.5222741 -0.8351564 0.3238444 0.5363226 -0.7794119 0.452114 0.8744412 -0.1759136 0.4103004 0.8879872 -0.2076833 0.2663702 0.8285921 0.4924248 -0.01797586 0.9935588 -0.1118841 -0.3723985 0.9238548 0.08838433 0.1032781 0.6949907 -0.7115628 0.1475929 0.7801122 0.6079815 0.388543 0.7483672 0.5375694 -0.3195332 0.3167254 0.8930754 -0.8221056 0.2008798 0.5327191 -0.5160164 -0.5495263 0.6570755 -0.8103167 0.4839438 0.3304319 0.01089537 0.8538997 0.5203236 -0.2088139 0.1191478 0.9706702 -0.4014201 -0.720377 0.5656138 -0.4965722 -0.6534392 0.5713434 -0.4261696 0.1602561 0.8903356 -0.09378379 0.9036573 0.4178614 0.1807971 0.8413599 0.5093389 -0.115424 -0.9356305 0.3335761 -0.08816921 -0.9465758 -0.3101946 -0.08368229 -0.9843199 -0.1552792 0.2751667 -0.8116746 0.5152356 0.02786356 -0.9996097 -0.002044737 0.8345783 0.009308338 -0.5508108 0.0985161 -0.426842 -0.8989441 -0.1460624 -0.9834952 -0.1067849 -0.03064125 -0.6638227 -0.7472621 -0.06717276 -0.9832378 -0.1695038 -0.1968822 -0.9559667 -0.2176355 -0.1220162 -0.863788 0.4888583 -0.1932804 -0.8944981 0.403133 -0.2800722 -0.9460865 -0.1627268 -0.2281324 -0.8754487 0.4260812 -0.4672127 -0.8536421 -0.230234 -0.158824 -0.6860808 -0.7099776 -0.1253399 -0.6592326 -0.7414192 -0.1338239 -0.9895651 0.05340749 -0.2022482 -0.4559819 0.8667043 -0.06756842 -0.9896002 -0.1269884 -0.1424623 -0.7717624 -0.6197477 -0.2753465 -0.9490633 -0.1531771 -0.3432171 -0.8881651 -0.3055566 -0.2928896 -0.924142 0.2453107 -0.2509877 -0.9197797 0.3016797 -0.2419536 -0.9365325 -0.2537034 -0.003418147 -0.5803597 -0.8143531 0.1681582 -0.6917071 -0.7023277 0.3024486 -0.527347 -0.7939962 0.04916584 -0.9032362 -0.426318 -0.2555679 -0.9620268 0.09586083 -0.4585265 -0.8764619 0.1468603 -0.7662453 -0.211559 -0.6067215 -0.09051978 -0.5695791 -0.8169369 -0.3621364 -0.9306717 0.05203455 -0.1883949 -0.9782314 0.08701014 -0.1723705 -0.7565626 0.6307944 -0.4652608 -0.87632 0.1248834 -0.3873898 -0.6791912 0.6234007 -0.4584592 -0.8845681 0.08575886 -0.3658066 -0.6941047 0.6200034 -0.5309476 -0.8400185 0.1116403 -0.3983093 -0.8036076 -0.4422268 -0.3868048 -0.8160012 -0.4295626 -0.1403251 -0.8951453 -0.4231119 -0.13169 -0.6710853 -0.7295905 0.3057705 -0.5061282 -0.8064358 -0.320546 -0.3851862 0.8653796 -0.2672557 -0.9456036 0.185495 0.06076329 -0.4712134 0.8799238 -0.1158201 -0.8583199 0.4998728 -0.1084966 -0.8230785 0.5574679 -0.4953655 -0.8008069 0.3366325 -0.2688397 -0.9588991 0.09076273 -0.4042221 -0.135229 -0.9046092 -0.1213735 -0.6426663 -0.7564711 -0.1684335 -0.8835206 0.4370604 -0.2264841 -0.9379512 0.2625885 -0.1240912 -0.4216842 0.8982115 -0.5521867 -0.7831878 0.2858443 -0.3082754 -0.4124683 0.857226 -0.3691297 -0.4011138 0.8383622 -0.6969497 -0.6574876 0.286306 -0.8331677 -0.4158819 0.3645185 -0.625124 -0.7226938 -0.2948456 -0.4828729 -0.7740249 -0.4095355 -0.2366741 -0.8216607 -0.5185163 0.1299208 -0.6144152 0.7782124 -0.3120893 0.4946246 -0.8111392 0.1631574 -0.6844003 0.7106167 0.1885769 -0.5519667 0.8122632 0.04568725 -0.9901357 0.1324535 -0.05395752 -0.9941552 0.09351009 0.1955384 -0.8018386 -0.5646411 0.2205629 -0.5843834 -0.7809277 0.4717038 -0.2300837 -0.8512092 0.3137662 -0.514612 -0.7979508 0.4993301 -0.1742055 -0.8487178 0.4229591 0.0217598 -0.9058876 0.4728087 0.3823183 -0.7939047 0.4048363 0.3772775 -0.8329281 0.5184535 0.02700912 -0.8546792 0.2325569 -0.7962788 -0.5584419 0.1204287 -0.9902868 0.06949216 0.06454873 -0.9436025 0.3247277 0.06372427 -0.6318411 0.7724741 0.08487349 -0.3203281 0.943497 0.1748458 -0.1344686 0.9753704 0.3915969 0.007721424 0.9201046 0.4995132 0.05453836 0.864588 0.2421672 -0.8694217 -0.4306518 0.6291245 0.1947435 -0.752514 -0.4667018 0.3376355 -0.81743 -0.4214046 0.4698991 -0.7756372 -0.3306747 0.6000363 -0.7284303 -0.3946471 0.4416776 -0.8057137 -0.3676673 0.450497 -0.813556 -0.3776181 0.3760006 -0.8461844 -0.3674195 0.3989152 -0.8401605 -0.2941742 0.5599045 -0.7745763 -0.3093717 0.5780616 -0.7550722 -0.4046879 0.5354638 -0.741287 -0.4177733 0.5484553 -0.7243357 -0.465358 0.410759 -0.7840403 0.612312 0.3966615 0.6839106 0.6139639 0.1523236 0.7744972 -0.09006226 0.7503459 0.6548817 0.05862718 0.8184618 0.5715621 -0.6233921 0.5221587 -0.5820075 -0.725444 0.4522351 -0.5188588 -0.7634097 0.6228683 -0.1709996 -0.7607817 0.648227 -0.03183144 -0.661595 0.576477 0.479548 -0.713451 0.6998394 -0.03482258 -0.5115047 0.7432689 0.4311777 -0.517021 0.8537057 -0.06225854 -0.2262062 0.7800941 -0.5833387 -0.4856821 0.6407195 -0.5946355 -0.5986055 0.5153183 -0.6132853 -0.6730402 0.6984322 0.2433297 -0.8353114 0.5372606 -0.1166445 -0.7338075 0.5390634 0.4134457 -0.7464656 0.6650102 -0.02346915 -0.6967863 0.6935513 0.1829632 -0.7168353 0.6362035 -0.2852936 0.1087094 0.3760882 -0.9201847 0.2897507 0.3991626 -0.869893 -0.1251569 -0.04416042 -0.9911537 -0.245861 -0.01992887 -0.9691002 -0.2452827 -0.4940447 -0.8341201 -0.1217097 -0.5742146 -0.8096075 0.1528393 -0.09640961 -0.9835371 0.0656464 -0.5632897 -0.8236476 0.2789729 -0.1192982 -0.9528599 0.3869534 0.290238 -0.8752308 0.8866355 -0.3908557 -0.2472032 0.9219657 -0.3166405 0.2229759 0.9457163 -0.3206914 -0.05270594 0.7835537 -0.2627105 0.5630514 0.889528 -0.1942886 0.4135118 0.9012511 -0.4082196 0.1452695 0.8727231 -0.4627299 0.1556777 0.8353419 -0.3842371 -0.3931487 0.8234021 -0.4453024 -0.3517312 0.8592973 -0.4826909 0.1691676 0.8956087 -0.07232987 -0.4389233 0.9812739 0.005340754 0.1925436 0.8425624 0.4942211 0.2140892 0.5982699 0.2179993 0.7710703 0.8907266 0.3357086 0.306441 0.6023013 -0.1708478 0.7797719 0.6686488 -0.3835369 0.6370308 0.6840339 -0.3542705 0.6376442 0.4400032 0.8130459 -0.3812526 0.6172897 0.5311634 -0.580361 0.4990802 0.589478 -0.6351652 0.3434914 0.6571658 -0.6709299 0.7415342 0.4237643 -0.5201451 0.6116669 0.7474166 -0.2592916 0.4577215 0.8645071 -0.2076501 0.8411123 0.5122972 -0.1734412 0.9405191 0.2428435 -0.2375942 0.8090738 0.3153892 -0.4959125 0.6464215 0.7518644 -0.1297665 0.4183017 0.9017018 -0.1093517 0.322376 0.925866 -0.197094 0.2738484 0.8860324 -0.3741039 0.1694754 0.710985 -0.6824796 0.113957 0.9186754 -0.3782188 0.1514951 0.9698557 -0.1908643 0.2753439 0.9520455 -0.1333993 0.1152704 0.9763962 -0.1826565 0.9578908 -0.06476068 -0.2797345 0.892081 0.192272 -0.4089289 0.6863398 0.1329404 -0.7150276 0.6330354 0.1881832 -0.7509016 0.5830977 0.3448657 -0.7355711 0.4774425 0.4523556 -0.753275 0.3470981 0.467589 -0.8129474 0.2018527 0.5328925 -0.8217549 0.08819931 0.5920953 -0.8010269 0.05969607 0.7721431 -0.6326386 6.7141e-4 0.9305746 -0.3661017 0.04721224 0.9832791 -0.1758787 0.0669887 0.9833453 -0.1689519 0.2061563 0.9590315 -0.194315 0.3190819 0.9448853 -0.07333844 0.4358432 0.8980549 -0.05948168 0.6626952 0.7450361 -0.07587087 0.846301 0.5208429 -0.1117923 0.956202 0.2508386 -0.1508572 0.9835624 -0.06933885 -0.1667246 0.921014 -0.3635163 -0.1399618 0.897261 -0.3568291 -0.259992 0.7598196 -0.6095098 -0.2262123 0.6735545 -0.6191697 -0.4036749 0.5285357 -0.7761093 -0.3439541 0.4313514 -0.7701702 -0.469866 0.304279 -0.888696 -0.3429777 0.3023884 -0.7636926 -0.5703813 0.1687101 -0.8851481 -0.4336472 0.1668801 -0.754745 -0.6344376 0.0908252 -0.8793507 -0.4674326 0.08594274 -0.7527621 -0.6526584 0.1013858 -0.5833503 -0.8058682 0.2015502 -0.6104189 -0.7660068 0.2103386 -0.4871482 -0.847611 0.3969035 -0.4266598 -0.8126679 0.2286807 -0.3390383 -0.9125559 0.4042924 -0.3197227 -0.8569278 0.4134469 -0.234725 -0.8797534 0.6034224 -0.2403069 -0.7603513 0.4310273 -0.154734 -0.8889729 0.4669754 -0.03756922 -0.8834719 0.2446757 -0.1211323 -0.9620087 0.2596552 0.1668166 -0.9511842 0.1312611 -0.1259509 -0.9833143 0.1381277 0.149267 -0.9791017 0.2425085 0.4990255 -0.8319635 0.1336129 0.4871776 -0.8630213 0.2157081 0.671326 -0.709078 0.1238146 0.6605786 -0.7404768 0.05972623 -0.9593744 -0.2757419 0.5380508 -0.003357052 -0.8429057 0.1121585 -0.3552145 -0.9280318 0.4891339 -0.5580772 -0.6702969 0.4197542 -0.4841486 -0.7677283 0.336386 -0.6292818 -0.700606 0.5709842 -0.5586239 -0.601595 0.6762192 -0.4677104 -0.5691875 0.802694 -0.3523174 -0.4812014 0.6953127 -0.3261557 -0.6404396 0.794933 -0.2007856 -0.5725092 0.7409171 -0.1651399 -0.6509767 0.8644571 -0.04315418 -0.500851 0.791415 0.038881 -0.6100414 0.4799236 0.207504 -0.8524175 0.5981134 0.1153317 -0.7930694 0.6841791 0.1159424 -0.7200392 0.794965 0.3347349 -0.5059478 0.8474775 0.3117499 -0.4296441 0.829438 0.4328166 -0.3531322 0.7585003 0.44592 -0.4752187 0.6780407 0.3980899 -0.6178877 0.6463099 0.5102848 -0.5673561 0.5771141 0.4270522 -0.6961076 0.542086 0.5549042 -0.6310501 0.4454268 0.4740843 -0.7594993 0.3974547 0.6314779 -0.6657818 0.7850826 -0.6087717 -0.1142038 0.5971707 -0.7806526 -0.1843059 0.3985536 -0.8960514 -0.1955686 0.1733197 -0.9634369 -0.2043275 0.09753811 -0.9616481 -0.2563581 0.07965552 -0.9912688 -0.1050781 0.2258101 -0.9668728 -0.1190241 0.2460743 -0.9661998 -0.07684671 0.4343151 -0.8942661 -0.107976 0.6221843 -0.7766089 -0.09881949 0.8550022 -0.07471156 0.513215 0.8364716 0.2397897 0.4927638 0.7007295 -0.07797747 0.7091529 0.800367 -0.3622938 0.4776566 0.6623628 -0.3467615 0.6641024 0.692272 -0.5986384 0.4029784 0.578499 -0.5869835 0.5663827 0.5462297 -0.7775945 0.3114162 0.4540078 -0.7757441 0.4382902 0.8250617 0.5210273 0.218641 0.932174 0.2569094 0.2550477 0.961435 -0.07059007 0.2658191 0.8948242 -0.3717244 0.2472058 0.7659939 -0.607906 0.2090545 0.6053486 -0.7797048 0.1600427 0.4044416 -0.9000748 0.162149 0.3109588 -0.9006788 0.3034511 0.3215237 -0.7775471 0.5404101 0.4137161 -0.5812352 0.7007173 0.474607 -0.3383989 0.8125482 0.5009067 -0.07770109 0.8620064 0.6906288 0.2174524 0.6897437 0.7514179 0.5027764 0.427302 0.623997 0.4880642 0.6102633 0.4916904 0.2110994 0.8447945 0.4399727 0.4870647 0.7544482 0.3236557 0.9025434 0.2840114 0.6054505 0.7270717 0.3237228 0.3950083 0.9068436 0.1469798 0.6464159 0.7477073 0.1519219 0.4250391 0.9024184 0.07059061 0.6584563 0.7484275 0.07931995 0.4420967 0.8943563 0.06839281 0.3196867 0.9445636 0.07483261 0.2633504 0.9562283 0.1275703 0.2062173 0.9590616 0.1941012 0.139381 0.961079 0.2385377 0.06729394 0.9578939 0.279125 0.1123716 0.9027572 0.4152134 0.05673509 0.8997655 0.4326699 0.1782622 0.7254701 0.6647676 0.08978772 0.7232154 0.6847611 0.2259317 0.4883337 0.8429028 0.1137453 0.4854397 0.8668392 0.2534361 0.2102811 0.9442204 0.1271716 0.2082905 0.9697641 0.2581899 -0.07809787 0.9629324 0.1294612 -0.07767057 0.9885379 0.2442476 -0.3360198 0.9096339 0.1225035 -0.3323527 0.9351656 0.1053831 -0.5733355 0.8125152 0.2122602 -0.57971 0.7866905 0.07694017 -0.7694323 0.6340774 0.1628788 -0.7768864 0.608209 0.08304208 -0.8993022 0.4293712 0.1669387 -0.9038494 0.3939387 0.05273687 -0.9698954 0.2377433 0.09238201 -0.9712782 0.2192814 0.04409986 -0.9934536 0.105382 0.1723707 -0.9705619 0.1682201 0.07739531 -0.9944506 0.07126104 0.2263876 -0.9703112 0.08511662 0.2470821 -0.9680333 0.04315388 0.4385946 -0.8952262 0.07877063 0.6258159 -0.7759678 0.07892125 0.7881608 -0.6068151 0.10285 0.9208782 -0.370744 0.1205497 0.9891333 -0.06967574 0.1294632 0.9580475 0.2578232 0.1251882 0.8447825 0.524052 0.1082225 0.4994781 0.7210478 0.4802204 0.3490507 0.7233409 0.5957697 0.2202299 0.9017648 0.3719127 -0.7742491 -0.2512364 0.5808776 -0.8644571 -0.04315418 -0.500851 -0.8474775 0.3117499 -0.4296441 -0.794965 0.3347349 -0.5059478 -0.7914141 0.03891146 -0.6100407 -0.684993 0.1144147 -0.7195096 -0.6837539 0.3948584 -0.6136511 -0.5806248 0.4260153 -0.6938199 -0.1335516 0.4873597 -0.8629279 -0.1380984 0.1492379 -0.9791103 -0.238844 0.4982581 -0.8334822 -0.2108857 0.6715689 -0.7102975 -0.3899444 0.63184 -0.669867 -0.440823 0.4724412 -0.7632001 -0.5456596 0.5549985 -0.6278793 -0.653507 0.5075643 -0.5615221 -0.7585901 0.4457358 -0.475248 -0.829438 0.4328166 -0.3531322 -0.892081 0.192272 -0.4089289 -0.9578908 -0.06476068 -0.2797345 -0.802694 -0.3523174 -0.4812014 -0.897261 -0.3568291 -0.259992 -0.6735545 -0.6191697 -0.4036749 -0.7598196 -0.6095098 -0.2262123 -0.5285357 -0.7761093 -0.3439541 -0.5971707 -0.7806526 -0.1843059 -0.3985536 -0.8960514 -0.1955686 -0.4343151 -0.8942661 -0.107976 -0.2460743 -0.9661998 -0.07684671 -0.2258101 -0.9668728 -0.1190241 -0.07965523 -0.9912655 -0.1051083 -0.1733197 -0.9634369 -0.2043275 -0.09753888 -0.9616555 -0.2563295 -0.1686508 -0.8851571 -0.4336516 -0.05966418 -0.9593884 -0.2757067 -0.09079366 -0.8793406 -0.4674578 -0.1668466 -0.7547621 -0.6344262 -0.0860033 -0.7527582 -0.652655 -0.1013858 -0.5833503 -0.8058682 -0.2015464 -0.6104381 -0.7659925 -0.2103386 -0.4871482 -0.847611 -0.3969035 -0.4266598 -0.8126679 -0.2286807 -0.3390383 -0.9125559 -0.4042924 -0.3197227 -0.8569278 -0.4134358 -0.2347187 -0.8797603 -0.6034224 -0.2403069 -0.7603513 -0.4310157 -0.1547298 -0.8889794 -0.4669749 -0.03759968 -0.8834708 -0.2446389 -0.1211597 -0.9620147 -0.25902 0.1661183 -0.9514796 -0.1312311 -0.1259514 -0.9833182 -0.4794554 0.2039898 -0.8535283 -0.5977843 0.1116706 -0.7938411 -0.7409171 -0.1651399 -0.6509767 -0.794933 -0.2007856 -0.5725092 -0.6953127 -0.3261557 -0.6404396 -0.6762192 -0.4677104 -0.5691875 -0.5709842 -0.5586239 -0.601595 -0.4891339 -0.5580772 -0.6702969 -0.4313514 -0.7701702 -0.469866 -0.3023884 -0.7636926 -0.5703813 -0.3043067 -0.8886877 -0.3429744 -0.1121585 -0.3552145 -0.9280318 -0.1237235 0.660764 -0.7403267 -0.5380863 -0.003387629 -0.8428829 -0.4197542 -0.4841486 -0.7677283 -0.336386 -0.6292818 -0.700606 -0.8411123 0.5122972 -0.1734412 -0.846301 0.5208429 -0.1117923 -0.6626952 0.7450361 -0.07587087 -0.6464215 0.7518644 -0.1297665 -0.4358065 0.8980728 -0.05948084 -0.4182901 0.9017074 -0.1093487 -0.3190179 0.944907 -0.07333779 -0.2753089 0.9520602 -0.1333665 -0.2061283 0.9590432 -0.1942868 -0.1153012 0.9763981 -0.1826264 -0.066989 0.9833503 -0.1689223 -0.1514653 0.9698602 -0.1908652 -0.0471822 0.9832583 -0.1760025 -0.113866 0.918711 -0.3781599 -6.71418e-4 0.930585 -0.3660753 -0.0596956 0.7721976 -0.6325721 -0.1694757 0.7109252 -0.6825419 -0.08819985 0.5921296 -0.8010016 -0.2018519 0.5326156 -0.8219346 -0.3411486 0.6583394 -0.6709746 -0.3436156 0.4681034 -0.81413 -0.4741807 0.4552587 -0.7535863 -0.4955071 0.5996686 -0.628387 -0.5847511 0.3441975 -0.7345708 -0.6190485 0.5360367 -0.5739719 -0.6341274 0.1857396 -0.7505886 -0.7428002 0.4223819 -0.5194627 -0.6862832 0.1328802 -0.7150933 -0.8090922 0.315354 -0.4959051 -0.9405191 0.2428435 -0.2375942 -0.956202 0.2508386 -0.1508572 -0.9835624 -0.06933885 -0.1667246 -0.921014 -0.3635163 -0.1399618 -0.7850826 -0.6087717 -0.1142038 -0.6221843 -0.7766089 -0.09881949 -0.6120693 0.7484307 -0.2553875 -0.4577577 0.8644873 -0.2076527 -0.3223415 0.925885 -0.1970611 -0.4363931 0.8183096 -0.374073 -0.2737877 0.8860639 -0.3740738 0.277848 0.8606145 -0.4267823 0.6482817 -0.31703 -0.6922593 0.5545094 -0.4838261 -0.6770759 0.1790902 0.8625205 -0.4732707 0.3826856 -0.5571358 -0.736988 0.07641935 0.8459846 -0.5277027 -0.005096733 0.9353023 0.3538132 -0.0101934 0.9349267 0.3546947 0.01767081 0.8598586 -0.5102263 0.1555557 -0.6115105 -0.7757946 0.1883967 -0.9775695 -0.09415256 0.2580991 -0.959029 -0.1168267 0.3654373 -0.9183542 -0.1519247 0.5326857 -0.8260687 -0.1840015 0.6335592 -0.7144365 -0.296957 0.6687456 0.7414433 0.05514889 -0.1886082 0.82832 0.5275539 -0.002105832 0.9063402 0.4225437 0.03695899 0.9153078 0.4010556 0.01184129 0.9237437 0.3828281 -0.009003162 0.931783 0.3629043 0.0996443 -0.9904007 -0.0957989 0.04925781 -0.5988761 -0.7993254 0.05533123 -0.9930935 -0.1034599 0.8206382 -0.5652512 -0.08392852 0.5979626 -0.7394497 0.3092815 -0.18101 -0.861133 0.4750636 -0.1856502 -0.7143096 0.6747562 -0.8327982 -0.5384745 0.1284233 -0.8968712 -0.3241152 -0.300951 -0.5474568 0.5659211 0.6164612 -0.5635117 0.5330228 0.6311429 -0.6218875 0.3837776 0.6826205 -0.6640657 0.3921708 0.636568 -0.6025759 0.2844412 0.7456511 -0.5574728 0.3034269 0.7727588 -0.5797767 0.2596589 0.7722929 -0.6048893 0.2447634 0.7577597 -0.6363893 0.2631072 0.7251091 -0.6826478 0.2630428 0.6817628 -0.2857772 0.2065811 0.9357648 -0.01440483 0.08087468 0.9966203 -0.7801924 -0.3362298 0.5274935 -0.812663 -0.2029216 0.5462616 -0.7607872 -0.3838117 0.5233464 -0.6822264 -0.5437608 0.4887651 -0.6798735 -0.545498 0.4901059 -0.5905771 -0.6844542 0.4274825 -0.5844129 -0.6940075 0.4204941 -0.5741673 -0.7089117 0.409605 -0.5844147 -0.6982824 0.4133538 -0.7469045 -0.4762268 0.4640495 -0.7671847 -0.4389231 0.467733 -0.8792433 -0.09335988 0.4671351 -0.6446624 0.6920285 -0.3248186 -0.9160519 0.3995214 -0.03509658 -0.6911639 0.6620182 -0.2898695 -0.2927107 0.8093721 -0.5091537 0.7613413 0.645489 0.06085598 0.5344576 0.8172208 -0.2156508 0.5409429 0.2053294 0.8156107 0.6873546 0.07309359 0.7226349 -0.1939186 -0.09091651 0.9767957 -0.6080599 0.001464903 0.7938899 0.7461333 -0.6586042 0.09760034 0.4525717 -0.7775114 0.4366406 -0.4125934 -0.784718 0.4625844 -0.3682768 -0.6427677 0.6717306 -0.9320487 -0.3604898 0.03650063 -0.8915038 -0.1376122 -0.4316061 -0.6446913 0.6920878 -0.3246346 -0.916068 0.3994979 -0.03494459 -0.6912087 0.6620624 -0.2896618 -0.2926766 0.8094842 -0.5089948 0.7615491 0.6452093 0.06122177 0.5349391 0.8170272 -0.2151902 0.5410164 0.2053036 0.8155685 -0.1940125 -0.09091758 0.9767769 0.6170129 -0.5308868 0.5809082 -0.4565919 0.6404067 -0.6175786 -0.8250773 0.4306516 -0.3657685 -0.5136743 0.620981 -0.5920485 -0.05777239 0.6972979 -0.7144496 0.7840356 0.6025385 0.1491163 0.6584817 0.7234876 -0.2072862 0.3255454 0.3448944 0.8803795 0.4758862 0.1884257 0.8590856 -0.453669 0.1287302 0.8818238 -0.7921527 0.2019141 0.5759557 -0.1528393 -0.09640961 -0.9835371 -0.2897507 0.3991626 -0.869893 0.1251569 -0.04416042 -0.9911537 -0.1087094 0.3760882 -0.9201847 0.245861 -0.01992887 -0.9691002 0.2452827 -0.4940447 -0.8341201 0.1217097 -0.5742146 -0.8096075 -0.0656464 -0.5632897 -0.8236476 -0.2789729 -0.1192982 -0.9528599 -0.3869534 0.290238 -0.8752308 0.9853087 0.09769159 -0.1400826 -0.4245829 -0.1060541 -0.8991562 -0.6638235 -0.349506 -0.6611989 -0.4455517 -0.1253734 -0.886434 -0.125922 0.1448744 -0.9814046 -0.2834916 0.03680598 -0.9582682 -0.5548388 -0.1310188 -0.8215765 -0.2834352 0.0368371 -0.9582837 0.02203494 0.2002983 -0.9794872 -0.2694835 -0.917831 0.2914878 -0.5879834 -0.8065621 -0.06109946 0.5368937 -0.7627663 0.3604622 0.5205373 -0.633184 0.5728169 0.9783169 -0.2009676 -0.05008167 0.8847861 0.03949201 -0.4643211 -0.4044416 -0.9000748 0.162149 -0.2263876 -0.9703112 0.08511662 -0.1723402 -0.9705621 0.1682507 -0.220259 0.9017588 0.3719103 -0.3236557 0.9025434 0.2840114 -0.4994781 0.7210478 0.4802204 -0.6054505 0.7270717 0.3237228 -0.7514179 0.5027764 0.427302 -0.8250617 0.5210273 0.218641 -0.8364716 0.2397897 0.4927638 -0.932174 0.2569094 0.2550477 -0.8550022 -0.07471156 0.513215 -0.961435 -0.07059007 0.2658191 -0.8948242 -0.3717244 0.2472058 -0.9208782 -0.370744 0.1205497 -0.7881608 -0.6068151 0.10285 -0.7659939 -0.607906 0.2090545 -0.6258159 -0.7759678 0.07892125 -0.6053486 -0.7797048 0.1600427 -0.4385946 -0.8952262 0.07877063 -0.2470821 -0.9680333 0.04315388 -0.07733446 -0.9944531 0.07129174 -0.0440694 -0.9934549 0.1053822 -0.09225976 -0.9712761 0.2193421 -0.05255466 -0.9699118 0.2377169 -0.1668497 -0.9038633 0.3939447 -0.08286023 -0.8993158 0.4293777 -0.1627866 -0.7768836 0.6082373 -0.07684731 -0.7694502 0.634067 -0.2121728 -0.5797213 0.7867057 -0.1052606 -0.5733634 0.8125115 -0.2441877 -0.3360518 0.9096381 -0.1223821 -0.3323848 0.9351701 -0.1294009 -0.07770156 0.9885434 -0.2581323 -0.07812941 0.9629453 -0.1271116 0.2082921 0.9697716 -0.2534018 0.2102475 0.944237 -0.1136834 0.4854664 0.8668324 -0.2258714 0.4883046 0.8429358 -0.08966463 0.7232379 0.6847535 -0.1782034 0.7254487 0.6648065 -0.05658298 0.8997733 0.4326737 -0.1123099 0.9027519 0.4152415 -0.0671724 0.9579018 0.2791274 -0.1393511 0.961083 0.2385388 -0.2061588 0.9590737 0.1941037 -0.2633163 0.9562461 0.1275076 -0.3196227 0.9445854 0.0748319 -0.425014 0.90243 0.0705915 -0.4420722 0.8943683 0.06839376 -0.6584563 0.7484275 0.07931995 -0.6464159 0.7477073 0.1519219 -0.8447825 0.524052 0.1082225 -0.9580475 0.2578232 0.1251882 -0.9891333 -0.06967574 0.1294632 -0.3950101 0.9068477 0.14695 -0.623997 0.4880642 0.6102633 -0.6906288 0.2174524 0.6897437 -0.7007295 -0.07797747 0.7091529 -0.800367 -0.3622938 0.4776566 -0.692272 -0.5986384 0.4029784 -0.5462297 -0.7775945 0.3114162 -0.3109588 -0.9006788 0.3034511 -0.3215184 -0.7775343 0.5404317 -0.4136909 -0.5812426 0.7007262 -0.4746001 -0.3383635 0.8125668 -0.5008839 -0.07770228 0.8620197 -0.4916673 0.2111026 0.8448072 -0.4399626 0.4870535 0.7544614 -0.3490775 0.7233332 0.5957634 -0.6623628 -0.3467615 0.6641024 -0.578499 -0.5869835 0.5663827 -0.4540078 -0.7757441 0.4382902 -0.1309276 0.04052954 -0.9905632 -0.459155 -0.009064018 -0.88831 -0.1308975 0.04052966 -0.9905672 0.2131115 0.08526903 -0.9732999 -0.5868268 -0.7429029 0.3220711 -0.8239905 -0.5567635 -0.105139 0.1814063 -0.8527687 0.4897728 0.1893405 -0.6973919 0.6912271 0.8273412 -0.543636 0.1413032 0.8924103 -0.3157511 -0.3223432 -0.2696108 0.6014208 -0.7520659 -0.3469717 0.4073385 -0.8447994 -0.3635174 0.3689804 -0.8553997 -0.3942809 0.2654583 -0.8798151 -0.411153 0.2662789 -0.8718078 -0.4389265 0.2512336 -0.8626849 -0.4616436 0.2336296 -0.8557468 -0.4993808 0.119512 -0.8581001 -0.4639786 0.1247307 -0.8770212 -0.3760209 0.09323459 -0.9219087 -0.2809646 0.1335238 -0.9503844 0.1309276 0.04052954 -0.9905632 -0.2131115 0.08526903 -0.9732999 0.1308975 0.04052966 -0.9905672 0.459155 -0.009064018 -0.88831 -0.8273412 -0.543636 0.1413032 -0.8924103 -0.3157511 -0.3223432 -0.1814063 -0.8527687 0.4897728 -0.1893405 -0.6973919 0.6912271 0.5868268 -0.7429029 0.3220711 0.8239905 -0.5567635 -0.105139 0.7923636 0.2116184 -0.5721694 0.9891318 0.009308397 -0.1467369 0.7272961 -0.6070822 0.3201434 0.6675589 -0.5082457 0.5441064 -0.0978744 -0.9095575 0.4038883 -0.447256 -0.8858753 0.1232357 -0.3129101 -0.03500515 -0.9491375 -0.6539993 -0.1573883 -0.7399418 -0.3437057 -0.04553443 -0.9379729 0.06115931 0.08667284 -0.9943578 -0.1307724 0.04000991 -0.9906048 -0.4635215 -0.01031535 -0.8860257 -0.1308663 0.04001063 -0.9905923 0.2181185 0.08539181 -0.9721793 -0.5988805 -0.7391778 0.3081535 -0.8206256 -0.5652425 -0.08411037 0.1808595 -0.8617836 0.4739398 0.1856484 -0.7155537 0.6734372 0.8331883 -0.5381237 0.1273587 0.896838 -0.3242362 -0.3009195 0.8912429 -0.1384642 -0.4318727 0.9344123 -0.3554593 0.02285897 0.4113029 -0.7908968 0.4531138 0.3664419 -0.6548162 0.6610115 -0.4627317 -0.7764688 0.4277567 -0.7458278 -0.6590312 0.09705096 -0.3603401 0.6775872 -0.6411167 -0.7568545 0.5235326 -0.3912608 -0.4157614 0.6672081 -0.6180419 0.04605334 0.6798439 -0.7319095 0.4245829 -0.1060541 -0.8991562 0.125922 0.1448744 -0.9814046 0.4455517 -0.1253734 -0.886434 0.6638235 -0.349506 -0.6611989 0.2834916 0.03680598 -0.9582682 -0.02203494 0.2002983 -0.9794872 0.2834352 0.0368371 -0.9582837 0.5548388 -0.1310188 -0.8215765 -0.9783169 -0.2009676 -0.05008167 -0.8847861 0.03949201 -0.4643211 -0.5368937 -0.7627663 0.3604622 -0.5205373 -0.633184 0.5728169 0.2694835 -0.917831 0.2914878 0.5879834 -0.8065621 -0.06109946 0.447256 -0.8858753 0.1232357 0.0978744 -0.9095575 0.4038883 -0.7272961 -0.6070822 0.3201434 -0.6675589 -0.5082457 0.5441064 -0.9891318 0.009308397 -0.1467369 -0.7923636 0.2116184 -0.5721694 0.2850491 0.6764574 -0.6790821 -0.1271423 0.6800253 -0.7220806 0.3470104 0.6650576 -0.6612732 0.7074677 0.5214831 -0.4770165 0.5457802 0.2080209 0.8116967 0.8286551 0.3152015 0.4625783 -0.2481519 0.3241143 0.9128914 -0.3786828 0.1494528 0.9133801 -0.8283951 0.5025672 0.2473618 -0.7675927 0.6289127 -0.1235729 0.1910493 0.02026462 0.9813713 0.867931 0.4174394 0.2691474 0.6970437 0.6156776 -0.3675205 0.7300562 0.4089914 -0.5474888 0.6348346 0.6109074 -0.4730511 0.4388332 0.7856211 -0.4361476 0.4414312 0.7757092 -0.4510143 0.4591377 0.7533168 -0.4708573 0.4521127 0.7519646 -0.4797326 0.4309905 0.7922449 -0.431967 0.5178623 0.6611533 -0.5428581 0.3724623 0.8072764 -0.4577955 0.4833364 0.6188732 -0.6191784 0.3944948 0.7270352 -0.5619553 -0.2248049 0.675666 -0.7020957 -0.3014401 0.8027822 -0.5144655 -0.3031141 0.8006643 -0.5167772 -0.2614855 0.7182307 -0.6448023 -0.2534034 0.7272185 -0.6379185 -0.191568 0.5291697 -0.8266083 -0.187264 0.5171126 -0.8351807 -0.1236049 0.4339296 -0.8924276 -0.09128391 0.4244352 -0.9008452 0.009521961 0.2554146 -0.9667848 0.02313357 0.265182 -0.9639209 0.03952151 0.1005892 -0.9941428 0.06918656 0.7638604 -0.6416623 -0.4160095 0.6927592 -0.5890849 0.003723323 0.7652081 -0.6437722 0.4675901 0.6798231 -0.564978 0.7937058 0.2925239 0.5333488 0.8736915 0.4523187 0.1790841 0.01562559 0.2036514 0.9789188 0.104191 0.004944026 0.994545 -0.7166536 0.2707365 0.6427359 -0.8542363 0.4591329 0.24388 0.01617521 0.8963214 0.4431098 -0.1202133 0.8914529 0.436876 -0.09622585 0.8457682 0.5248017 -0.1902293 0.8511031 0.4893224 -0.2425624 0.8982563 0.3664683 -0.1012313 0.924785 0.3667767 -0.2654286 0.9174177 0.2964669 -0.3231061 0.900925 0.2897182 -0.09433454 0.9286658 0.3587215 -0.07971531 0.9477639 0.3088511 0.1354765 0.900756 0.4126558 0.07510828 0.9189701 0.3871083 -0.1976411 0.9018065 0.3842955 -0.3119966 0.8985124 0.3087615 -0.3309199 0.8618626 0.384298 -0.3914076 0.8679634 0.3056794 -0.3841112 0.9043675 0.1859518 -0.2710355 0.9248045 0.2669765 -0.3779831 0.917475 0.1239699 -0.4246991 0.9009138 0.08935892 -0.261065 0.9286514 0.2635371 -0.2234886 0.9477591 0.2276086 -0.08902442 0.9007427 0.425132 -0.1285467 0.9189928 0.3727304 -0.3500196 0.9076278 0.2317289 -0.4079182 0.9066002 0.1080681 -0.4471316 0.8797667 0.1615057 -0.4577308 0.8867734 0.06415188 -0.408563 0.9119803 -0.03698945 -0.3681825 0.9248207 0.09564685 -0.3892989 0.9174894 -0.08160746 -0.4124917 0.9009141 -0.1349235 -0.3578724 0.9286493 0.09766256 -0.3073541 0.947759 0.08536088 -0.2896866 0.9007384 0.3236542 -0.2976222 0.9190216 0.2584967 -0.4091764 0.9119868 0.02923774 -0.3962324 0.9118258 -0.1075806 -0.4460104 0.8918682 -0.07513874 -0.4095355 0.8973524 -0.1644368 -0.3256396 0.9159108 -0.2346619 -0.3666882 0.9248233 -0.1012017 -0.2962821 0.9175042 -0.2653355 -0.2897462 0.900917 -0.3231033 -0.3587583 0.9286514 -0.09433615 -0.3088511 0.9477639 -0.07971531 -0.4127081 0.9007371 0.1354432 -0.3870105 0.9190164 0.075046 -0.3692842 0.9117352 -0.1799116 -0.2890785 0.9123736 -0.2898415 -0.3543846 0.8920958 -0.2803154 -0.2774198 0.8991575 -0.3384582 -0.1629405 0.9166356 -0.3650063 -0.2669482 0.9248121 -0.2710377 -0.1239699 0.917475 -0.3779831 -0.08935892 0.9009138 -0.4246991 -0.2635371 0.9286514 -0.261065 -0.2276086 0.9477591 -0.2234886 -0.425132 0.9007427 -0.08902442 -0.3726704 0.9190257 -0.1284859 -0.2294763 0.9124117 -0.3388888 -0.1039799 0.911831 -0.3971807 -0.1610812 0.8924779 -0.4213504 -0.06656169 0.8963398 -0.4383428 0.04007178 0.9149369 -0.4016029 -0.09564685 0.9248207 -0.3681825 0.08160877 0.9174736 -0.3893357 0.1349235 0.9009141 -0.4124917 -0.09766256 0.9286493 -0.3578724 -0.08536088 0.947759 -0.3073541 -0.3236542 0.9007384 -0.2896866 -0.2584967 0.9190216 -0.2976222 -0.2900818 -0.859167 0.4215266 -0.1276307 -0.8805668 0.4564127 -0.3645213 -0.8271008 0.4278181 -0.1308655 -0.8569742 0.4984672 -0.1449643 -0.8235194 0.5484535 0.1000419 -0.8248115 0.5564869 0.02584958 -0.8574003 0.5140007 0.05264616 -0.9331957 0.3554915 -0.07934975 -0.9580568 0.2753742 0.02209603 -0.9906921 0.1343161 -0.08740592 -0.9910688 0.1007121 -0.231734 -0.9329792 0.2754074 -0.2850491 0.6764574 -0.6790821 -0.7074677 0.5214831 -0.4770165 -0.3470104 0.6650576 -0.6612732 0.1271423 0.6800253 -0.7220806 0.8283951 0.5025672 0.2473618 0.7675927 0.6289127 -0.1235729 0.2481519 0.3241143 0.9128914 0.3786828 0.1494528 0.9133801 -0.5457802 0.2080209 0.8116967 -0.8286551 0.3152015 0.4625783 -0.04934972 -0.5989418 -0.7992706 -0.05520951 -0.9931001 -0.1034606 -0.09958362 -0.9904039 -0.09582978 -0.1556471 -0.6114491 -0.7758247 -0.1941021 -0.976523 -0.09341925 -0.3834719 -0.557461 -0.7363333 -0.2679308 -0.9567255 -0.1135326 -0.5542556 -0.4854962 -0.6760874 -0.3629386 -0.9202257 -0.1464939 -0.527007 -0.8303077 -0.181254 -0.6336061 -0.7143595 -0.297042 -0.6482566 -0.3170021 -0.6922956 -0.6688275 0.7413716 0.0551176 -0.2805306 0.8586214 -0.429036 0.1885187 0.828298 0.5276203 0.002349913 0.9062586 0.4227172 -0.06192249 0.9161422 0.3960418 -0.01284873 0.9259962 0.3773142 -0.1788397 0.8610859 -0.47597 0.02365249 0.9323669 0.360739 -0.07550472 0.8455674 -0.5285025 0.0172128 0.9348353 0.3546643 -0.01767081 0.8598586 -0.5102263 0.005188286 0.9353018 0.353813 -0.07504689 0.9190272 -0.3869845 -0.1354432 0.9007371 -0.4127081 0.1012319 0.9248204 -0.3666871 -0.02993899 0.9132773 -0.4062367 0.1096866 0.9119191 -0.3954396 0.07391697 0.8938404 -0.4422508 0.1651988 0.8953636 -0.4135617 0.2360069 0.9140882 -0.3297627 0.2653357 0.9174746 -0.296374 0.3231033 0.900917 -0.2897462 0.09433615 0.9286513 -0.3587582 0.07971531 0.9477639 -0.3088511 0.6446624 0.6920285 -0.3248186 0.2927107 0.8093721 -0.5091537 0.6911639 0.6620182 -0.2898695 0.9160519 0.3995214 -0.03509658 0.1939186 -0.09091651 0.9767957 0.6080599 0.001464903 0.7938899 -0.5409429 0.2053294 0.8156107 -0.6873546 0.07309359 0.7226349 -0.7613413 0.645489 0.06085598 -0.5344576 0.8172208 -0.2156508 -0.04043859 -0.8591603 0.5101064 -0.06286907 -0.9327512 0.3549966 0.117652 -0.8805743 0.4590718 -0.1018115 -0.827097 0.5527612 0.1358388 -0.8569656 0.4971499 0.1486585 -0.8235275 0.5474516 0.3648872 -0.8248111 0.4319073 0.2794005 -0.8573979 0.4322086 0.2231589 -0.9333488 0.2811766 0.0687586 -0.9580124 0.278361 0.08777189 -0.9904858 0.1059916 -0.02429342 -0.9911787 0.1302873 0.6446913 0.6920878 -0.3246346 0.2926812 0.8094968 -0.5089722 0.6912087 0.6620624 -0.2896618 0.9160689 0.3994984 -0.03491413 0.1940125 -0.09091758 0.9767769 -0.5410164 0.2053036 0.8155685 -0.7615491 0.6452093 0.06122177 -0.5349391 0.8170272 -0.2151902 0.2200123 -0.8591742 0.4619679 0.123176 -0.9326403 0.3391308 0.3314392 -0.8805724 0.3387333 0.1882123 -0.8271028 0.5296009 0.3662275 -0.8569725 0.3625957 0.4024843 -0.8235241 0.3997681 0.5319539 -0.8248186 0.1915705 0.4580649 -0.8574105 0.2345716 0.3326919 -0.933924 0.1307756 0.1982809 -0.9582 0.2062463 0.1293695 -0.9905208 0.04617506 0.0444352 -0.991522 0.1221053 0.4565919 0.6404067 -0.6175786 0.05777239 0.6972979 -0.7144496 0.5136743 0.620981 -0.5920485 0.8250773 0.4306516 -0.3657685 -0.2493107 0.2237662 0.942217 -0.2067372 0.2489758 0.9461876 -0.2116785 0.2053917 0.9555138 -0.5213287 0.3384577 0.7833664 -0.5243464 0.3557596 0.7736253 -0.5047007 0.3284812 0.7983592 -0.4495148 0.2737557 0.8502908 -0.227733 0.2551085 0.9397113 -0.1488113 0.208934 0.9665411 -0.1487497 0.161293 0.9756321 -0.1272967 0.1487213 0.9806516 -0.2006027 -0.04178076 0.9787814 -0.03973644 0.2191303 0.9748861 -0.1060236 -0.06354093 0.9923315 0.2387791 0.4526855 0.8591045 0.1541535 0.1269607 0.979856 0.453669 0.1287302 0.8818238 0.7921527 0.2019141 0.5759557 -0.3255454 0.3448944 0.8803795 -0.4758862 0.1884257 0.8590856 -0.7840356 0.6025385 0.1491163 -0.6584817 0.7234876 -0.2072862 0.4215015 -0.8591781 0.2900855 0.2752245 -0.93298 0.2319479 0.4563886 -0.8805791 0.1276325 0.4278182 -0.8271009 0.3645213 0.4984802 -0.856966 0.130869 0.5484535 -0.8235194 0.1449643 0.5564869 -0.8248116 -0.1000419 0.5140002 -0.8573996 -0.02588003 0.3564667 -0.9328563 -0.05206608 0.2749741 -0.9579533 0.08194285 0.1411195 -0.9897595 -0.02148532 0.09720343 -0.9915971 0.08536201 0.8539882 0.4927935 0.1669095 0.7615063 0.6197462 -0.1897967 0.3485645 0.3222261 0.8801552 0.4805254 0.1474995 0.864488 -0.4452816 0.2069231 0.8711528 -0.7688828 0.3139867 0.5569845 0.5100705 -0.8591817 0.04043817 0.3588129 -0.9313206 0.06241154 0.4591082 -0.8805551 -0.1176535 0.5527612 -0.827097 0.1018115 0.4971499 -0.8569656 -0.1358388 0.5474516 -0.8235275 -0.1486585 0.4319073 -0.8248111 -0.3648872 0.4322199 -0.8573898 -0.2794078 0.2891073 -0.930527 -0.2248036 0.2831863 -0.956803 -0.06582957 0.1241199 -0.9877409 -0.09466928 0.1334601 -0.9907115 0.02606332 0.2900858 -0.8591179 -0.4216239 0.2371678 -0.9259342 -0.2939343 0.1276923 -0.8805095 -0.4565062 0.3645213 -0.8271008 -0.4278181 0.1308355 -0.8569777 -0.4984692 0.1449643 -0.8235194 -0.5484535 -0.100041 -0.8248354 -0.5564518 -0.0257579 -0.8573673 -0.5140603 -0.04657191 -0.9254265 -0.3760547 0.08548325 -0.953195 -0.2900206 -0.01913547 -0.983357 -0.1806733 0.1050787 -0.9856895 -0.1318138 0.462004 -0.8591541 -0.2200149 0.3469726 -0.9287903 -0.1302253 0.3387931 -0.8805385 -0.3314685 0.5296009 -0.8271028 -0.1882123 0.3626053 -0.8569644 -0.3662371 0.3997681 -0.8235241 -0.4024843 0.1915705 -0.8248186 -0.5319539 0.2346606 -0.85734 -0.4581514 0.144446 -0.9272563 -0.3454436 0.2168372 -0.9549691 -0.2025238 0.07019329 -0.9849956 -0.1576603 0.1414239 -0.9886551 -0.05060005</float_array>
          <technique_common>
            <accessor source="#chr626_1-mesh-normals-array" count="2358" stride="3">
              <param name="X" type="float"/>
              <param name="Y" type="float"/>
              <param name="Z" type="float"/>
            </accessor>
          </technique_common>
        </source>
        <vertices id="chr626_1-mesh-vertices">
          <input semantic="POSITION" source="#chr626_1-mesh-positions"/>
        </vertices>
        <polylist material="chr626_mat_001-material" count="2936">
          <input semantic="VERTEX" source="#chr626_1-mesh-vertices" offset="0"/>
          <input semantic="NORMAL" source="#chr626_1-mesh-normals" offset="1"/>
          <vcount>3 3 3 3 3 3 3 3 3 3 3 3 3 3 3 3 3 3 3 3 3 3 3 3 3 3 3 3 3 3 3 3 3 3 3 3 3 3 3 3 3 3 3 3 3 3 3 3 3 3 3 3 3 3 3 3 3 3 3 3 3 3 3 3 3 3 3 3 3 3 3 3 3 3 3 3 3 3 3 3 3 3 3 3 3 3 3 3 3 3 3 3 3 3 3 3 3 3 3 3 3 3 3 3 3 3 3 3 3 3 3 3 3 3 3 3 3 3 3 3 3 3 3 3 3 3 3 3 3 3 3 3 3 3 3 3 3 3 3 3 3 3 3 3 3 3 3 3 3 3 3 3 3 3 3 3 3 3 3 3 3 3 3 3 3 3 3 3 3 3 3 3 3 3 3 3 3 3 3 3 3 3 3 3 3 3 3 3 3 3 3 3 3 3 3 3 3 3 3 3 3 3 3 3 3 3 3 3 3 3 3 3 3 3 3 3 3 3 3 3 3 3 3 3 3 3 3 3 3 3 3 3 3 3 3 3 3 3 3 3 3 3 3 3 3 3 3 3 3 3 3 3 3 3 3 3 3 3 3 3 3 3 3 3 3 3 3 3 3 3 3 3 3 3 3 3 3 3 3 3 3 3 3 3 3 3 3 3 3 3 3 3 3 3 3 3 3 3 3 3 3 3 3 3 3 3 3 3 3 3 3 3 3 3 3 3 3 3 3 3 3 3 3 3 3 3 3 3 3 3 3 3 3 3 3 3 3 3 3 3 3 3 3 3 3 3 3 3 3 3 3 3 3 3 3 3 3 3 3 3 3 3 3 3 3 3 3 3 3 3 3 3 3 3 3 3 3 3 3 3 3 3 3 3 3 3 3 3 3 3 3 3 3 3 3 3 3 3 3 3 3 3 3 3 3 3 3 3 3 3 3 3 3 3 3 3 3 3 3 3 3 3 3 3 3 3 3 3 3 3 3 3 3 3 3 3 3 3 3 3 3 3 3 3 3 3 3 3 3 3 3 3 3 3 3 3 3 3 3 3 3 3 3 3 3 3 3 3 3 3 3 3 3 3 3 3 3 3 3 3 3 3 3 3 3 3 3 3 3 3 3 3 3 3 3 3 3 3 3 3 3 3 3 3 3 3 3 3 3 3 3 3 3 3 3 3 3 3 3 3 3 3 3 3 3 3 3 3 3 3 3 3 3 3 3 3 3 3 3 3 3 3 3 3 3 3 3 3 3 3 3 3 3 3 3 3 3 3 3 3 3 3 3 3 3 3 3 3 3 3 3 3 3 3 3 3 3 3 3 3 3 3 3 3 3 3 3 3 3 3 3 3 3 3 3 3 3 3 3 3 3 3 3 3 3 3 3 3 3 3 3 3 3 3 3 3 3 3 3 3 3 3 3 3 3 3 3 3 3 3 3 3 3 3 3 3 3 3 3 3 3 3 3 3 3 3 3 3 3 3 3 3 3 3 3 3 3 3 3 3 3 3 3 3 3 3 3 3 3 3 3 3 3 3 3 3 3 3 3 3 3 3 3 3 3 3 3 3 3 3 3 3 3 3 3 3 3 3 3 3 3 3 3 3 3 3 3 3 3 3 3 3 3 3 3 3 3 3 3 3 3 3 3 3 3 3 3 3 3 3 3 3 3 3 3 3 3 3 3 3 3 3 3 3 3 3 3 3 3 3 3 3 3 3 3 3 3 3 3 3 3 3 3 3 3 3 3 3 3 3 3 3 3 3 3 3 3 3 3 3 3 3 3 3 3 3 3 3 3 3 3 3 3 3 3 3 3 3 3 3 3 3 3 3 3 3 3 3 3 3 3 3 3 3 3 3 3 3 3 3 3 3 3 3 3 3 3 3 3 3 3 3 3 3 3 3 3 3 3 3 3 3 3 3 3 3 3 3 3 3 3 3 3 3 3 3 3 3 3 3 3 3 3 3 3 3 3 3 3 3 3 3 3 3 3 3 3 3 3 3 3 3 3 3 3 3 3 3 3 3 3 3 3 3 3 3 3 3 3 3 3 3 3 3 3 3 3 3 3 3 3 3 3 3 3 3 3 3 3 3 3 3 3 3 3 3 3 3 3 3 3 3 3 3 3 3 3 3 3 3 3 3 3 3 3 3 3 3 3 3 3 3 3 3 3 3 3 3 3 3 3 3 3 3 3 3 3 3 3 3 3 3 3 3 3 3 3 3 3 3 3 3 3 3 3 3 3 3 3 3 3 3 3 3 3 3 3 3 3 3 3 3 3 3 3 3 3 3 3 3 3 3 3 3 3 3 3 3 3 3 3 3 3 3 3 3 3 3 3 3 3 3 3 3 3 3 3 3 3 3 3 3 3 3 3 3 3 3 3 3 3 3 3 3 3 3 3 3 3 3 3 3 3 3 3 3 3 3 3 3 3 3 3 3 3 3 3 3 3 3 3 3 3 3 3 3 3 3 3 3 3 3 3 3 3 3 3 3 3 3 3 3 3 3 3 3 3 3 3 3 3 3 3 3 3 3 3 3 3 3 3 3 3 3 3 3 3 3 3 3 3 3 3 3 3 3 3 3 3 3 3 3 3 3 3 3 3 3 3 3 3 3 3 3 3 3 3 3 3 3 3 3 3 3 3 3 3 3 3 3 3 3 3 3 3 3 3 3 3 3 3 3 3 3 3 3 3 3 3 3 3 3 3 3 3 3 3 3 3 3 3 3 3 3 3 3 3 3 3 3 3 3 3 3 3 3 3 3 3 3 3 3 3 3 3 3 3 3 3 3 3 3 3 3 3 3 3 3 3 3 3 3 3 3 3 3 3 3 3 3 3 3 3 3 3 3 3 3 3 3 3 3 3 3 3 3 3 3 3 3 3 3 3 3 3 3 3 3 3 3 3 3 3 3 3 3 3 3 3 3 3 3 3 3 3 3 3 3 3 3 3 3 3 3 3 3 3 3 3 3 3 3 3 3 3 3 3 3 3 3 3 3 3 3 3 3 3 3 3 3 3 3 3 3 3 3 3 3 3 3 3 3 3 3 3 3 3 3 3 3 3 3 3 3 3 3 3 3 3 3 3 3 3 3 3 3 3 3 3 3 3 3 3 3 3 3 3 3 3 3 3 3 3 3 3 3 3 3 3 3 3 3 3 3 3 3 3 3 3 3 3 3 3 3 3 3 3 3 3 3 3 3 3 3 3 3 3 3 3 3 3 3 3 3 3 3 3 3 3 3 3 3 3 3 3 3 3 3 3 3 3 3 3 3 3 3 3 3 3 3 3 3 3 3 3 3 3 3 3 3 3 3 3 3 3 3 3 3 3 3 3 3 3 3 3 3 3 3 3 3 3 3 3 3 3 3 3 3 3 3 3 3 3 3 3 3 3 3 3 3 3 3 3 3 3 3 3 3 3 3 3 3 3 3 3 3 3 3 3 3 3 3 3 3 3 3 3 3 3 3 3 3 3 3 3 3 3 3 3 3 3 3 3 3 3 3 3 3 3 3 3 3 3 3 3 3 3 3 3 3 3 3 3 3 3 3 3 3 3 3 3 3 3 3 3 3 3 3 3 3 3 3 3 3 3 3 3 3 3 3 3 3 3 3 3 3 3 3 3 3 3 3 3 3 3 3 3 3 3 3 3 3 3 3 3 3 3 3 3 3 3 3 3 3 3 3 3 3 3 3 3 3 3 3 3 3 3 3 3 3 3 3 3 3 3 3 3 3 3 3 3 3 3 3 3 3 3 3 3 3 3 3 3 3 3 3 3 3 3 3 3 3 3 3 3 3 3 3 3 3 3 3 3 3 3 3 3 3 3 3 3 3 3 3 3 3 3 3 3 3 3 3 3 3 3 3 3 3 3 3 3 3 3 3 3 3 3 3 3 3 3 3 3 3 3 3 3 3 3 3 3 3 3 3 3 3 3 3 3 3 3 3 3 3 3 3 3 3 3 3 3 3 3 3 3 3 3 3 3 3 3 3 3 3 3 3 3 3 3 3 3 3 3 3 3 3 3 3 3 3 3 3 3 3 3 3 3 3 3 3 3 3 3 3 3 3 3 3 3 3 3 3 3 3 3 3 3 3 3 3 3 3 3 3 3 3 3 3 3 3 3 3 3 3 3 3 3 3 3 3 3 3 3 3 3 3 3 3 3 3 3 3 3 3 3 3 3 3 3 3 3 3 3 3 3 3 3 3 3 3 3 3 3 3 3 3 3 3 3 3 3 3 3 3 3 3 3 3 3 3 3 3 3 3 3 3 3 3 3 3 3 3 3 3 3 3 3 3 3 3 3 3 3 3 3 3 3 3 3 3 3 3 3 3 3 3 3 3 3 3 3 3 3 3 3 3 3 3 3 3 3 3 3 3 3 3 3 3 3 3 3 3 3 3 3 3 3 3 3 3 3 3 3 3 3 3 3 3 3 3 3 3 3 3 3 3 3 3 3 3 3 3 3 3 3 3 3 3 3 3 3 3 3 3 3 3 3 3 3 3 3 3 3 3 3 3 3 3 3 3 3 3 3 3 3 3 3 3 3 3 3 3 3 3 3 3 3 3 3 3 3 3 3 3 3 3 3 3 3 3 3 3 3 3 3 3 3 3 3 3 3 3 3 3 3 3 3 3 3 3 3 3 3 3 3 3 3 3 3 3 3 3 3 3 3 3 3 3 3 3 3 3 3 3 3 3 3 3 3 3 3 3 3 3 3 3 3 3 3 3 3 3 3 3 3 3 3 3 3 3 3 3 3 3 3 3 3 3 3 3 3 3 3 3 3 3 3 3 3 3 3 3 3 3 3 3 3 3 3 3 3 3 3 3 3 3 3 3 3 3 3 3 3 3 3 3 3 3 3 3 3 3 3 3 3 3 3 3 3 3 3 3 3 3 3 3 3 3 3 3 3 3 3 3 3 3 3 3 3 3 3 3 3 3 3 3 3 3 3 3 3 3 3 3 3 3 3 3 3 3 3 3 3 3 3 3 3 3 3 3 3 3 3 3 3 3 3 3 3 3 3 3 3 3 3 3 3 3 3 3 3 3 3 3 3 3 3 3 3 3 3 3 3 3 3 3 3 3 3 3 3 3 3 3 3 3 3 3 3 3 3 3 3 3 3 3 3 3 3 3 3 3 3 3 3 3 3 3 3 3 3 3 3 3 3 3 3 3 3 3 3 3 3 3 3 3 3 3 3 3 3 3 3 3 3 3 3 3 3 3 3 3 3 3 3 3 3 3 3 3 3 3 3 3 3 3 3 3 3 3 3 3 3 3 3 3 3 3 3 3 3 3 3 3 3 3 3 3 3 3 3 3 3 3 3 3 3 3 3 3 3 3 3 3 3 3 3 3 3 3 3 3 3 3 3 3 3 3 3 3 3 3 3 3 3 3 3 3 3 3 3 3 3 3 3 3 3 3 3 3 3 3 3 3 3 3 3 3 3 3 3 3 3 3 3 3 3 3 3 3 3 3 3 3 3 3 3 3 3 3 3 3 3 3 3 3 3 3 3 3 3 3 3 3 3 3 3 3 3 3 3 3 3 3 3 3 3 3 3 3 3 3 3 3 3 3 3 3 3 3 3 3 3 3 3 3 3 3 3 3 3 3 3 3 3 3 3 3 3 3 3 3 3 3 3 3 3 3 3 3 3 3 3 3 3 3 3 3 3 3 3 3 3 3 3 3 3 3 3 3 3 3 3 3 3 3 3 3 3 3 3 3 3 3 3 3 3 3 3 3 3 3 3 3 3 3 3 3 3 3 3 3 3 3 3 3 3 3 3 3 3 3 3 3 3 3 3 3 3 3 3 3 3 3 3 3 3 3 3 3 3 3 3 3 3 3 3 3 3 3 3 3 3 3 3 3 3 3 3 3 3 3 3 3 3 3 3 3 3 3 3 3 3 3 3 3 3 3 3 3 3 3 3 3 3 3 3 3 3 3 3 3 3 3 3 3 3 3 3 3 3 3 3 3 3 3 3 3 3 3 3 3 3 3 3 3 3 3 3 3 3 3 3 3 3 3 3 3 3 3 3 3 3 3 3 3 3 3 3 3 3 3 3 3 3 3 3 3 3 3 3 3 3 3 3 3 3 3 3 3 3 3 3 3 3 3 3 3 3 3 3 3 3 3 3 3 3 3 3 3 3 3 3 3 3 3 3 3 3 3 3 3 3 3 3 3 3 3 3 3 3 3 3 3 3 3 3 3 3 3 3 3 3 3 3 3 3 3 3 3 3 3 3 3 3 3 3 3 3 3 3 3 3 3 3 3 3 3 3 3 3 3 3 3 3 3 3 3 3 3 3 3 3 3 3 3 3 3 3 3 3 3 3 3 3 3 3 3 3 3 3 3 3 3 3 3 3 3 3 3 3 3 3 3 3 3 3 3 3 3 3 3 3 3 3 3 3 3 3 3 3 3 3 3 3 3 3 3 3 3 3 3 3 3 3 3 3 3 3 3 3 3 3 3 3 3 3 3 3 3 3 3 3 3 3 3 3 3 3 3 3 3 3 3 3 3 3 3 3 3 3 3 3 3 3 3 3 3 3 3 3 3 3 3 3 3 3 3 3 3 3 3 3 3 3 3 3 3 3 3 3 3 3 3 3 3 3 3 3 3 3 3 3 3 3 3 </vcount>
          <p>980 0 981 0 982 0 96 1 97 2 98 3 96 1 98 3 114 4 114 4 98 3 113 5 114 4 113 5 115 6 115 6 113 5 112 7 112 7 113 5 98 3 112 7 98 3 108 8 108 8 98 3 100 9 100 9 98 3 99 10 100 9 99 10 102 11 102 11 99 10 101 12 101 12 99 10 97 2 97 2 99 10 98 3 103 13 104 14 105 15 105 15 104 14 106 16 106 16 104 14 107 17 107 17 104 14 110 18 107 17 110 18 111 19 111 19 110 18 118 20 118 20 110 18 117 21 118 20 117 21 119 22 119 22 117 21 116 23 116 23 117 21 110 18 116 23 110 18 109 24 109 24 110 18 103 13 103 13 110 18 104 14 79 25 80 26 81 27 81 27 80 26 82 28 82 28 80 26 83 29 83 29 80 26 86 30 83 29 86 30 87 31 87 31 86 30 94 32 94 32 86 30 93 33 94 32 93 33 95 34 95 34 93 33 92 35 92 35 93 33 86 30 92 35 86 30 85 36 85 36 86 30 79 25 79 25 86 30 80 26 55 37 56 38 57 39 57 39 56 38 58 40 58 40 56 38 59 41 59 41 56 38 62 42 59 41 62 42 63 43 63 43 62 42 70 44 70 44 62 42 69 45 70 44 69 45 71 46 71 46 69 45 68 47 68 47 69 45 62 42 68 47 62 42 61 48 61 48 62 42 55 37 55 37 62 42 56 38 31 49 32 50 33 51 33 51 32 50 34 52 34 52 32 50 35 53 35 53 32 50 38 54 35 53 38 54 39 55 39 55 38 54 46 56 46 56 38 54 45 57 46 56 45 57 47 58 47 58 45 57 44 59 44 59 45 57 38 54 44 59 38 54 37 60 37 60 38 54 31 49 31 49 38 54 32 50 7 61 8 62 9 63 9 63 8 62 10 64 10 64 8 62 11 65 11 65 8 62 14 66 11 65 14 66 15 67 15 67 14 66 22 68 22 68 14 66 21 69 22 68 21 69 23 70 23 70 21 69 20 71 20 71 21 69 14 66 20 71 14 66 13 72 13 72 14 66 7 61 7 61 14 66 8 62 2368 73 2369 74 2370 75 2370 75 2369 74 2371 76 2371 76 2369 74 2373 77 2373 77 2369 74 2372 78 2367 79 2365 80 1665 81 2365 80 2367 79 2386 82 2365 80 2386 82 2381 83 2365 80 2381 83 2382 84 2365 80 2382 84 2366 85 2365 80 2366 85 1663 86 2365 80 1663 86 1665 81 1665 81 1663 86 1650 87 1665 81 1650 87 1657 88 1657 88 1650 87 1646 89 1657 88 1646 89 1656 90 1656 90 1646 89 1648 91 1656 90 1648 91 1655 92 1655 92 1648 91 1654 93 1654 93 1648 91 1649 94 1649 94 1648 91 1647 95 1649 94 1647 95 1652 96 1652 96 1647 95 1653 97 1652 96 1653 97 1662 98 1652 96 1662 98 1661 99 1661 99 1662 98 1671 100 1661 99 1671 100 2337 101 2337 101 1671 100 1669 102 2337 101 1669 102 2338 103 2338 103 1669 102 2341 104 2338 103 2341 104 2342 105 2342 105 2341 104 2334 106 2342 105 2334 106 2336 107 2336 107 2334 106 2299 108 2336 107 2299 108 2303 109 2303 109 2299 108 2298 110 2298 110 2299 108 2300 111 2298 110 2300 111 2293 112 2293 112 2300 111 2295 113 2293 112 2295 113 2294 114 2293 112 2294 114 2292 115 2292 115 2294 114 2317 116 2292 115 2317 116 2316 117 2316 117 2317 116 2305 118 2316 117 2305 118 2304 119 2304 119 2305 118 2306 120 2304 119 2306 120 2309 121 2309 121 2306 120 2310 122 2310 122 2306 120 2311 123 2310 122 2311 123 2313 124 2313 124 2311 123 2314 125 2313 124 2314 125 2325 126 2313 124 2325 126 2326 127 2326 127 2325 126 2322 128 2326 127 2322 128 2320 129 2320 129 2322 128 2321 130 2320 129 2321 130 2319 131 2319 131 2321 130 2328 132 2319 131 2328 132 2323 133 2323 133 2328 132 2331 134 2331 134 2328 132 2330 135 2330 135 2328 132 2329 136 2329 136 2328 132 2321 130 2366 85 1664 137 1663 86 1663 86 1664 137 1651 138 1663 86 1651 138 1650 87 1650 87 1651 138 1646 89 1646 89 1651 138 1647 95 1646 89 1647 95 1648 91 1654 93 1649 94 1658 139 1658 139 1649 94 1652 96 1658 139 1652 96 2166 140 2166 140 1652 96 1661 99 2166 140 1661 99 2337 101 2305 118 2307 141 2306 120 2306 120 2307 141 2312 142 2306 120 2312 142 2311 123 2311 123 2312 142 2314 125 2315 143 2310 122 2313 124 2315 143 2313 124 2327 144 2327 144 2313 124 2326 127 2327 144 2326 127 2324 145 2324 145 2326 127 2320 129 2324 145 2320 129 2319 131 2324 145 2319 131 2323 133 2303 109 2298 110 2302 146 2302 146 2298 110 2293 112 2302 146 2293 112 2297 147 2297 147 2293 112 2292 115 2297 147 2292 115 2296 148 2296 148 2292 115 2316 117 2296 148 2316 117 2318 149 2318 149 2316 117 2304 119 2318 149 2304 119 2308 150 2308 150 2304 119 2309 121 1671 100 1662 98 1670 151 1671 100 1670 151 1669 102 1669 102 1670 151 1668 152 1669 102 1668 152 1675 153 1669 102 1675 153 2341 104 2341 104 1675 153 2334 106 2334 106 1675 153 2335 154 2334 106 2335 154 2301 155 2334 106 2301 155 2299 108 2299 108 2301 155 2300 111 2263 156 2225 157 2262 158 2262 158 2225 157 2223 159 2262 158 2223 159 2228 160 2262 158 2228 160 2261 161 2261 161 2228 160 2217 162 2261 161 2217 162 2260 163 2260 163 2217 162 2259 164 2156 165 305 166 2146 167 2146 167 305 166 2147 168 2147 168 305 166 304 169 304 169 305 166 306 170 306 170 305 166 307 171 307 171 305 166 314 172 307 171 314 172 316 173 316 173 314 172 315 174 316 173 315 174 317 175 317 175 315 174 313 176 313 176 315 174 312 177 313 176 312 177 308 178 308 178 312 177 2153 179 308 178 2153 179 2151 180 308 178 2151 180 309 181 309 181 2151 180 321 182 309 181 321 182 320 183 309 181 320 183 311 184 311 184 320 183 327 185 311 184 327 185 319 186 319 186 327 185 324 187 319 186 324 187 325 188 325 188 324 187 2247 189 2247 189 324 187 2242 190 2247 189 2242 190 334 191 334 191 2242 190 332 192 334 191 332 192 333 193 333 193 332 192 2245 194 333 193 2245 194 2237 195 2237 195 2245 194 2238 196 2237 195 2238 196 2201 197 2201 197 2238 196 2202 198 2201 197 2202 198 2203 199 2203 199 2202 198 2204 200 2203 199 2204 200 2196 201 2196 201 2204 200 2253 202 2196 201 2253 202 2254 203 2196 201 2254 203 2198 204 2198 204 2254 203 2255 205 2198 204 2255 205 2220 206 2220 206 2255 205 2256 207 2220 206 2256 207 2207 208 2207 208 2256 207 2257 209 2207 208 2257 209 2258 210 2207 208 2258 210 2208 211 2208 211 2258 210 2259 164 2208 211 2259 164 2215 212 2215 212 2259 164 2217 162 2215 212 2217 162 2216 213 2216 213 2217 162 2229 214 2229 214 2217 162 2228 160 2229 214 2228 160 2222 215 2222 215 2228 160 2223 159 2222 215 2223 159 2224 216 2224 216 2223 159 2225 157 2224 216 2225 157 2231 217 2231 217 2225 157 2263 156 2231 217 2263 156 2264 218 2231 217 2264 218 2232 219 2231 217 2232 219 2233 220 2231 217 2233 220 2224 216 2153 179 312 177 2157 221 2157 221 312 177 315 174 2157 221 315 174 314 172 2157 221 314 172 2156 165 2156 165 314 172 305 166 319 186 325 188 318 222 319 186 318 222 311 184 311 184 318 222 310 223 311 184 310 223 309 181 309 181 310 223 308 178 308 178 310 223 313 176 2253 202 2204 200 2252 224 2252 224 2204 200 2202 198 2252 224 2202 198 2251 225 2251 225 2202 198 2238 196 2251 225 2238 196 2250 226 2250 226 2238 196 2245 194 2250 226 2245 194 2240 227 2240 227 2245 194 332 192 2240 227 332 192 2241 228 2241 228 332 192 2242 190 2241 228 2242 190 324 187 2241 228 324 187 326 229 326 229 324 187 327 185 2195 230 2203 199 2196 201 2195 230 2196 201 2197 231 2197 231 2196 201 2198 204 2197 231 2198 204 2219 232 2219 232 2198 204 2220 206 2219 232 2220 206 2209 233 2209 233 2220 206 2207 208 2209 233 2207 208 2208 211 2209 233 2208 211 2210 234 2210 234 2208 211 2214 235 2214 235 2208 211 2215 212 2214 235 2215 212 2216 213 2164 236 2165 237 1660 238 2346 239 2343 240 2165 237 2165 237 2343 240 1660 238 1672 241 2343 240 2344 242 2344 242 2343 240 2345 243 2383 244 2385 245 2380 246 2383 244 2380 246 2364 247 2364 247 2380 246 2167 248 2364 247 2167 248 1667 249 1667 249 2167 248 1642 250 1667 249 1642 250 1643 251 1643 251 1642 250 1638 252 1643 251 1638 252 1640 253 1640 253 1638 252 1639 254 1640 253 1639 254 1641 255 1641 255 1639 254 2162 256 1641 255 2162 256 1644 257 1644 257 2162 256 2164 236 1644 257 2164 236 1660 238 1644 257 1660 238 1659 258 1659 258 1660 238 2343 240 1659 258 2343 240 1674 259 1674 259 2343 240 1672 241 1674 259 1672 241 1673 260 1673 260 1672 241 2340 261 1673 260 2340 261 2339 262 2339 262 2340 261 2332 263 2332 263 2340 261 2333 264 2332 263 2333 264 2269 265 2269 265 2333 264 2270 266 2269 265 2270 266 2271 267 2271 267 2270 266 2272 268 2271 267 2272 268 2265 269 2265 269 2272 268 2266 270 2265 269 2266 270 2267 271 2267 271 2266 270 2268 272 2267 271 2268 272 2281 273 2281 273 2268 272 2282 274 2281 273 2282 274 2275 275 2275 275 2282 274 2273 276 2275 275 2273 276 2274 277 2274 277 2273 276 2356 278 2274 277 2356 278 2277 279 2277 279 2356 278 2357 280 2277 279 2357 280 2358 281 2277 279 2358 281 2280 282 2280 282 2358 281 2287 283 2280 282 2287 283 2288 284 2288 284 2287 283 2283 285 2283 285 2287 283 2284 286 2283 285 2284 286 2285 287 2285 287 2284 286 2286 288 2285 287 2286 288 2291 289 2291 289 2286 288 2289 290 2291 289 2289 290 2290 291 2290 291 2289 290 2362 292 2362 292 2289 290 2286 288 2362 292 2286 288 2361 293 2361 293 2286 288 2284 286 2361 293 2284 286 2360 294 2360 294 2284 286 2359 295 2359 295 2284 286 2287 283 2359 295 2287 283 2358 281 1641 255 1644 257 1640 253 1640 253 1644 257 1645 296 1645 296 1644 257 1659 258 2384 297 2383 244 2364 247 2384 297 2364 247 2363 298 2363 298 2364 247 1666 299 1666 299 2364 247 1667 249 1666 299 1667 249 1643 251 2162 256 1639 254 2161 300 2161 300 1639 254 1638 252 2161 300 1638 252 2160 301 2160 301 1638 252 1642 250 2160 301 1642 250 2163 302 2163 302 1642 250 2167 248 2275 275 2274 277 2276 303 2276 303 2274 277 2277 279 2276 303 2277 279 2278 304 2278 304 2277 279 2279 305 2279 305 2277 279 2280 282 2279 305 2280 282 2288 284 1672 241 2348 306 2340 261 2340 261 2348 306 2347 307 2340 261 2347 307 2349 308 2340 261 2349 308 2333 264 2333 264 2349 308 2350 309 2333 264 2350 309 2270 266 2270 266 2350 309 2351 310 2270 266 2351 310 2272 268 2272 268 2351 310 2352 311 2272 268 2352 311 2266 270 2266 270 2352 311 2353 312 2266 270 2353 312 2268 272 2268 272 2353 312 2354 313 2268 272 2354 313 2282 274 2282 274 2354 313 2355 314 2282 274 2355 314 2273 276 2273 276 2355 314 2356 278 72 315 73 316 74 317 72 315 74 317 90 318 90 318 74 317 89 319 90 318 89 319 91 320 91 320 89 319 88 321 88 321 89 319 74 317 88 321 74 317 84 322 84 322 74 317 76 323 76 323 74 317 75 324 76 323 75 324 78 325 78 325 75 324 77 326 77 326 75 324 73 316 73 316 75 324 74 317 2150 327 2152 328 296 329 296 329 2152 328 2154 330 296 329 2154 330 298 331 298 331 2154 330 299 332 299 332 2154 330 2155 333 299 332 2155 333 288 334 288 334 2155 333 2144 335 288 334 2144 335 289 336 289 336 2144 335 2145 337 289 336 291 338 290 339 289 336 290 339 288 334 288 334 290 339 301 340 288 334 301 340 299 332 299 332 301 340 300 341 299 332 300 341 298 331 298 331 300 341 297 342 298 331 297 342 296 329 296 329 297 342 292 343 296 329 292 343 2150 327 2150 327 292 343 2149 344 2149 344 292 343 294 345 2149 344 294 345 2148 346 2148 346 294 345 295 347 2148 346 295 347 302 348 302 348 295 347 293 349 302 348 293 349 303 350 302 348 303 350 322 351 302 348 322 351 323 352 323 352 322 351 329 353 323 352 329 353 331 354 331 354 329 353 328 355 331 354 328 355 2248 356 2248 356 328 355 2244 357 2248 356 2244 357 2246 358 2246 358 2244 357 2239 359 2239 359 2244 357 2235 360 2239 359 2235 360 2205 361 2205 361 2235 360 2173 362 2205 361 2173 362 2206 363 2206 363 2173 362 2172 364 2206 363 2172 364 2199 365 2199 365 2172 364 2169 366 2199 365 2169 366 2200 367 2200 367 2169 366 2168 368 2200 367 2168 368 2221 369 2221 369 2168 368 2184 370 2221 369 2184 370 2211 371 2211 371 2184 370 2176 372 2211 371 2176 372 2212 373 2212 373 2176 372 2178 374 2212 373 2178 374 2181 375 2181 375 2178 374 2179 376 2181 375 2179 376 2180 377 2181 375 2180 377 2183 378 2181 375 2183 378 2182 379 2182 379 2183 378 2190 380 2182 379 2190 380 2191 381 2191 381 2190 380 2189 382 2191 381 2189 382 2187 383 2187 383 2189 382 2188 384 2187 383 2188 384 2186 385 2186 385 2188 384 2193 386 2186 385 2193 386 2192 387 2192 387 2193 386 2194 388 2192 387 2194 388 2234 389 2192 387 2234 389 2186 385 2186 385 2234 389 2227 390 2186 385 2227 390 2187 383 2187 383 2227 390 2226 391 2187 383 2226 391 2230 392 2187 383 2230 392 2191 381 2191 381 2230 392 2218 393 2191 381 2218 393 2182 379 2182 379 2218 393 2181 375 2181 375 2218 393 2213 394 2181 375 2213 394 2212 373 292 343 297 342 293 349 292 343 293 349 294 345 294 345 293 349 295 347 2158 395 2148 346 302 348 2158 395 302 348 323 352 2158 395 323 352 2159 396 2159 396 323 352 331 354 2159 396 331 354 2249 397 2249 397 331 354 2248 356 328 355 329 353 330 398 328 355 330 398 2244 357 2244 357 330 398 2243 399 2244 357 2243 399 2236 400 2244 357 2236 400 2235 360 2235 360 2236 400 2175 401 2235 360 2175 401 2173 362 2173 362 2175 401 2174 402 2173 362 2174 402 2172 364 2172 364 2174 402 2171 403 2172 364 2171 403 2169 366 2169 366 2171 403 2170 404 2169 366 2170 404 2168 368 2168 368 2170 404 2185 405 2168 368 2185 405 2184 370 2184 370 2185 405 2177 406 2184 370 2177 406 2176 372 2176 372 2177 406 2178 374 2178 374 2177 406 2179 376 48 407 49 408 50 409 48 407 50 409 66 410 66 410 50 409 65 411 66 410 65 411 67 412 67 412 65 411 64 413 64 413 65 411 50 409 64 413 50 409 60 414 60 414 50 409 52 415 52 415 50 409 51 416 52 415 51 416 54 417 54 417 51 416 53 418 53 418 51 416 49 408 49 408 51 416 50 409 2140 419 2139 420 2141 421 1861 422 1862 423 1863 424 1861 422 1863 424 1877 425 1861 422 1877 425 1868 426 1868 426 1877 425 1876 427 1868 426 1876 427 1850 428 1850 428 1876 427 1875 429 1850 428 1875 429 1844 430 1844 430 1875 429 1874 431 1844 430 1874 431 1834 432 1834 432 1874 431 1873 433 1834 432 1873 433 1831 434 1831 434 1873 433 1870 435 1831 434 1870 435 1871 436 1831 434 1871 436 1872 437 1872 437 1871 436 1927 438 1872 437 1927 438 2139 420 2139 420 1927 438 2137 439 2139 420 2137 439 2141 421 2141 421 2137 439 2142 440 2141 421 2142 440 2140 419 2140 419 2142 440 2116 441 2140 419 2116 441 1151 442 1151 442 2116 441 2118 443 1151 442 2118 443 2088 444 1203 445 1204 446 1202 447 1202 447 1204 446 1633 448 1202 447 1633 448 1632 449 1632 449 1633 448 1143 450 1632 449 1143 450 1141 451 1141 451 1143 450 1142 452 1141 451 1142 452 1140 453 1140 453 1142 452 1152 454 1140 453 1152 454 1156 455 1156 455 1152 454 1151 442 1151 442 1152 454 1153 456 1151 442 1153 456 2140 419 2140 419 1153 456 2138 457 2140 419 2138 457 2139 420 2139 420 2138 457 2133 458 2139 420 2133 458 1872 437 1872 437 2133 458 1832 459 1872 437 1832 459 1831 434 1831 434 1832 459 1833 460 1831 434 1833 460 1834 432 1834 432 1833 460 1843 461 1834 432 1843 461 1844 430 1844 430 1843 461 1849 462 1844 430 1849 462 1850 428 1850 428 1849 462 1869 463 1850 428 1869 463 1868 426 1868 426 1869 463 1862 423 1868 426 1862 423 1861 422 1859 464 1860 465 1858 466 1858 466 1860 465 1864 467 1858 466 1864 467 1865 468 1865 468 1864 467 1851 469 1865 468 1851 469 1852 470 1852 470 1851 469 1845 471 1852 470 1845 471 1846 472 1846 472 1845 471 1835 473 1846 472 1835 473 1836 474 1836 474 1835 473 1832 459 1836 474 1832 459 1153 456 1153 456 1832 459 2138 457 2138 457 1832 459 2133 458 1926 475 1927 438 1928 476 1926 475 1928 476 1929 477 1929 477 1928 476 1925 478 1889 479 1890 480 1888 481 1888 481 1890 480 1891 482 1888 481 1891 482 1933 483 1933 483 1891 482 1934 484 1934 484 1891 482 1898 485 1934 484 1898 485 1935 486 1935 486 1898 485 1902 487 1935 486 1902 487 1936 488 1936 488 1902 487 1905 489 1936 488 1905 489 1914 490 1914 490 1905 489 1904 491 1904 491 1905 489 1902 487 1904 491 1902 487 1903 492 1903 492 1902 487 1898 485 1903 492 1898 485 1897 493 1897 493 1898 485 1891 482 1897 493 1891 482 1890 480 1897 493 1890 480 1901 494 1901 494 1890 480 1896 495 1896 495 1890 480 1895 496 1895 496 1890 480 1889 479 1895 496 1889 479 1925 478 1925 478 1889 479 1916 497 1925 478 1916 497 1929 477 1929 477 1916 497 1931 498 1929 477 1931 498 1926 475 1926 475 1931 498 1930 499 1926 475 1930 499 1712 500 1926 475 1712 500 1927 438 1927 438 1712 500 2137 439 2137 439 1712 500 1711 501 2137 439 1711 501 1678 502 1678 502 1711 501 1677 503 1678 502 1677 503 1213 504 1213 504 1677 503 1188 505 1213 504 1188 505 1190 506 1213 504 1190 506 1214 507 1213 504 1214 507 1678 502 1678 502 1214 507 2136 508 1678 502 2136 508 2137 439 2137 439 2136 508 2143 509 2137 439 2143 509 2142 440 1916 497 1889 479 1888 481 1897 493 1901 494 1910 510 1897 493 1910 510 1903 492 1903 492 1910 510 1904 491 1904 491 1910 510 1911 511 1904 491 1911 511 1912 512 1711 501 1712 500 1679 513 1679 513 1712 500 1921 514 1933 483 1932 515 1888 481 1888 481 1932 515 1915 516 1888 481 1915 516 1916 497 1916 497 1915 516 1920 517 1920 517 1915 516 1924 518 1920 517 1924 518 1923 519 1923 519 1924 518 1922 520 2119 521 2118 443 2117 522 2117 522 2118 443 2116 441 2117 522 2116 441 2142 440 2117 522 2142 440 2123 523 2123 523 2142 440 2143 509 2123 523 2143 509 2017 524 2017 524 2143 509 2136 508 2017 524 2136 508 2007 525 2007 525 2136 508 1215 526 1215 526 2136 508 1214 507 1215 526 1214 507 1191 527 1191 527 1214 507 1190 506 1191 527 1190 506 1176 528 1176 528 1190 506 1188 505 1176 528 1188 505 1165 529 1165 529 1188 505 1174 530 1165 529 1174 530 1166 531 1166 531 1174 530 1173 532 1173 532 1174 530 1171 533 1173 532 1171 533 1170 534 1170 534 1171 533 1172 535 1172 535 1171 533 1186 536 1172 535 1186 536 1187 537 1187 537 1186 536 1222 538 1187 537 1222 538 1220 539 1220 539 1222 538 1199 540 1220 539 1199 540 1201 541 1201 541 1199 540 1200 542 1201 541 1200 542 1957 543 1957 543 1200 542 2071 544 1957 543 2071 544 1781 545 1781 545 2071 544 1959 546 1781 545 1959 546 1958 547 1958 547 1959 546 1720 548 1958 547 1720 548 1718 549 1718 549 1720 548 1713 550 1718 549 1713 550 1714 551 1714 551 1713 550 1132 552 1714 551 1132 552 1723 553 1723 553 1132 552 1131 554 1723 553 1131 554 1724 555 1724 555 1131 554 1725 556 1724 555 1725 556 1726 557 1726 557 1725 556 1733 558 1733 558 1725 556 1732 559 1733 558 1732 559 1741 560 2122 561 2119 521 2117 522 2122 561 2117 522 2123 523 2122 561 2123 523 2017 524 1714 551 1723 553 1719 562 1714 551 1719 562 1718 549 1718 549 1719 562 1744 563 1718 549 1744 563 1782 564 1718 549 1782 564 1958 547 1958 547 1782 564 1781 545 1732 559 1725 556 1740 565 1740 565 1725 556 1131 554 1740 565 1131 554 1130 566 1130 566 1131 554 1132 552 1130 566 1132 552 1133 567 1133 567 1132 552 1713 550 1172 535 1187 537 1196 568 1196 568 1187 537 1220 539 1196 568 1220 539 1221 569 1221 569 1220 539 1201 541 1221 569 1201 541 1228 570 1228 570 1201 541 1957 543 1228 570 1957 543 1960 571 1960 571 1957 543 1781 545 1960 571 1781 545 1780 572 1780 572 1781 545 1782 564 1780 572 1782 564 1783 573 2071 544 1200 542 2068 574 2071 544 2068 574 2069 575 2069 575 2068 574 2070 576 2069 575 2070 576 2135 577 2069 575 2135 577 1720 548 2069 575 1720 548 1959 546 2069 575 1959 546 2071 544 2056 578 2037 579 2067 580 2056 578 2067 580 2054 581 2054 581 2067 580 2068 574 2054 581 2068 574 1200 542 2054 581 1200 542 1676 582 1211 583 1167 584 1169 585 1169 585 1167 584 1168 586 1169 585 1168 586 1197 587 1197 587 1168 586 1179 588 1197 587 1179 588 1178 589 1178 589 1179 588 1180 590 1180 590 1179 588 1198 591 1180 590 1198 591 1193 592 1193 592 1198 591 1216 593 1193 592 1216 593 1215 526 1215 526 1216 593 1224 594 1215 526 1224 594 2007 525 2007 525 1224 594 2015 595 2007 525 2015 595 2017 524 2017 524 2015 595 2016 596 2017 524 2016 596 2122 561 2122 561 2016 596 2120 597 2122 561 2120 597 2119 521 2119 521 2120 597 2087 598 2119 521 2087 598 2118 443 2118 443 2087 598 2086 599 2120 597 2016 596 2010 600 1168 586 1195 601 1179 588 1179 588 1195 601 1198 591 1198 591 1195 601 1218 602 1198 591 1218 602 1217 603 1198 591 1217 603 1216 593 1216 593 1217 603 1224 594 1168 586 1167 584 1194 604 1168 586 1194 604 1195 601 1195 601 1194 604 1219 605 1195 601 1219 605 1218 602 1218 602 1219 605 1227 606 1218 602 1227 606 1226 607 1218 602 1226 607 1217 603 1217 603 1226 607 1225 608 1217 603 1225 608 1224 594 1224 594 1225 608 2008 609 1224 594 2008 609 2015 595 2015 595 2008 609 2013 610 2015 595 2013 610 2016 596 2016 596 2013 610 2011 611 2016 596 2011 611 2010 600 2010 600 2011 611 2009 612 2010 600 2009 612 2120 597 2120 597 2009 612 2121 613 2120 597 2121 613 2087 598 2012 614 2013 610 2008 609 2012 614 2008 609 1801 615 1801 615 2008 609 1817 616 1817 616 2008 609 1225 608 1817 616 1225 608 1226 607 1817 616 1226 607 1823 617 1823 617 1226 607 1227 606 1823 617 1801 615 1817 616 1191 527 1176 528 1185 618 1191 527 1185 618 1192 619 1192 619 1185 618 1183 620 1192 619 1183 620 1180 590 1192 619 1180 590 1193 592 1192 619 1193 592 1215 526 1192 619 1215 526 1191 527 1178 589 1180 590 1182 621 1182 621 1180 590 1183 620 1182 621 1183 620 1181 622 1181 622 1183 620 1184 623 1184 623 1183 620 1185 618 1184 623 1185 618 1175 624 1175 624 1185 618 1176 528 1175 624 1176 528 1177 625 1177 625 1176 528 1164 626 1164 626 1176 528 1165 529 1164 626 1165 529 1166 531 1676 582 1200 542 1199 540 1676 582 1199 540 1223 627 1223 627 1199 540 1222 538 1223 627 1222 538 1212 628 1212 628 1222 538 1186 536 1212 628 1186 536 1189 629 1189 629 1186 536 1171 533 1189 629 1171 533 1174 530 1189 629 1174 530 1188 505 1189 629 1188 505 1212 628 1212 628 1188 505 1677 503 1212 628 1677 503 1711 501 1212 628 1711 501 1223 627 1223 627 1711 501 1679 513 1223 627 1679 513 1676 582 1676 582 1679 513 1921 514 1676 582 1921 514 2054 581 2054 581 1921 514 2055 630 2054 581 2055 630 2056 578 2056 578 2055 630 2038 631 2056 578 2038 631 2037 579 2037 579 2038 631 2027 632 2037 579 2027 632 2026 633 2026 633 2027 632 2028 634 2026 633 2028 634 2029 635 2029 635 2028 634 2033 636 2029 635 2033 636 2034 637 2034 637 2033 636 2049 638 2034 637 2049 638 2048 639 2048 639 2049 638 2040 640 2048 639 2040 640 2039 641 2039 641 2040 640 2041 642 2039 641 2041 642 2077 643 2039 641 2077 643 2048 639 2048 639 2077 643 2076 644 2048 639 2076 644 2034 637 2034 637 2076 644 2075 645 2034 637 2075 645 2029 635 2029 635 2075 645 2074 646 2029 635 2074 646 2026 633 2026 633 2074 646 2073 647 2026 633 2073 647 2037 579 2037 579 2073 647 2059 648 2037 579 2059 648 2067 580 2067 580 2059 648 2066 649 2067 580 2066 649 2068 574 2068 574 2066 649 2072 650 2072 650 2066 649 1961 651 2072 650 1961 651 1963 652 1963 652 1961 651 1962 653 1962 653 1961 651 1941 654 1962 653 1941 654 1964 655 1964 655 1941 654 1944 656 1964 655 1944 656 1965 657 1965 657 1944 656 1950 658 1965 657 1950 658 1982 659 1982 659 1950 658 1980 660 1982 659 1980 660 1981 661 1981 661 1980 660 1969 662 1981 661 1969 662 1971 663 1971 663 1969 662 1970 664 1970 664 1969 662 1980 660 1970 664 1980 660 1983 665 1983 665 1980 660 1950 658 1983 665 1950 658 1949 666 1949 666 1950 658 1944 656 1949 666 1944 656 1943 667 1943 667 1944 656 1941 654 1943 667 1941 654 1942 668 1942 668 1941 654 1961 651 1942 668 1961 651 2059 648 2059 648 1961 651 2066 649 2055 630 1921 514 2057 669 2055 630 2057 669 2038 631 2038 631 2057 669 2018 670 1701 671 1704 672 1703 673 1701 671 1703 673 1702 674 1702 674 1703 673 1816 675 1702 674 1816 675 1799 676 1799 676 1816 675 1800 677 1799 676 1800 677 1700 678 1700 678 1800 677 1801 615 1801 615 1800 677 1802 679 1801 615 1802 679 2012 614 2012 614 1802 679 1825 680 2012 614 1825 680 2013 610 2013 610 1825 680 2011 611 2011 611 1825 680 1824 681 2011 611 1824 681 2009 612 2009 612 1824 681 1814 682 2009 612 1814 682 1813 683 1813 683 1814 682 1811 684 1813 683 1811 684 1812 685 1812 685 1811 684 1984 686 1812 685 1984 686 1985 687 1985 687 1984 686 1988 688 1985 687 1988 688 1994 689 1994 689 1988 688 2000 690 1994 689 2000 690 1993 691 1993 691 2000 690 2003 692 2003 692 2000 690 2002 693 2003 692 2002 693 2005 694 2005 694 2002 693 2006 695 1700 678 1701 671 1702 674 1700 678 1702 674 1799 676 2000 690 2001 696 2002 693 1808 697 1809 698 1807 699 1807 699 1809 698 1810 700 1807 699 1810 700 1993 691 1993 691 1810 700 1994 689 1994 689 1810 700 1985 687 1985 687 1810 700 1812 685 1812 685 1810 700 1809 698 1812 685 1809 698 1813 683 1813 683 1809 698 2014 701 1813 683 2014 701 2009 612 1808 697 2115 702 2014 701 1808 697 2014 701 1809 698 1996 703 2002 693 1995 704 1996 703 1995 704 1987 705 1987 705 1995 704 1988 688 1987 705 1988 688 1986 706 1986 706 1988 688 1984 686 1995 704 2004 707 1988 688 1805 708 1803 709 1804 710 1804 710 1803 709 1815 711 1804 710 1815 711 1816 675 1816 675 1815 711 1800 677 1800 677 1815 711 1802 679 1802 679 1815 711 1825 680 1825 680 1815 711 1824 681 1824 681 1815 711 1803 709 1824 681 1803 709 1826 712 1826 712 1803 709 1806 713 1826 712 1806 713 1827 714 1827 714 1806 713 1828 715 1827 714 1828 715 1829 716 1829 716 1828 715 1989 717 1829 716 1989 717 1990 718 1990 718 1989 717 1991 719 1991 719 1989 717 1998 720 1998 720 1989 717 1997 721 1997 721 1989 717 1999 722 1999 722 1989 717 1992 723 1992 723 1989 717 1828 715 1992 723 1828 715 1805 708 1805 708 1828 715 1806 713 1805 708 1806 713 1803 709 1703 673 1704 672 1147 724 1147 724 1704 672 1148 725 1147 724 1148 725 1149 726 1149 726 1148 725 1150 727 1149 726 1150 727 1157 728 1157 728 1150 727 1158 729 1157 728 1158 729 1634 730 1634 730 1158 729 1635 731 1634 730 1635 731 1210 732 1210 732 1635 731 1208 733 1210 732 1208 733 1209 734 1783 573 1782 564 1744 563 1783 573 1744 563 1743 735 1743 735 1744 563 1745 736 1743 735 1745 736 1746 737 1746 737 1745 736 1751 738 1746 737 1751 738 1752 739 1752 739 1751 738 1759 740 1752 739 1759 740 1760 741 1760 741 1759 740 1777 742 1760 741 1777 742 1776 743 1776 743 1777 742 1766 744 1776 743 1766 744 1765 745 1765 745 1766 744 1767 746 1765 745 1767 746 1794 747 1765 745 1794 747 1776 743 1776 743 1794 747 1793 748 1776 743 1793 748 1760 741 1760 741 1793 748 1792 749 1760 741 1792 749 1752 739 1752 739 1792 749 1791 750 1752 739 1791 750 1746 737 1746 737 1791 750 1790 751 1746 737 1790 751 1743 735 1743 735 1790 751 1748 752 1743 735 1748 752 1783 573 1783 573 1748 752 1818 753 1783 573 1818 753 1780 572 1780 572 1818 753 2132 754 2132 754 1818 753 1819 755 1819 755 1818 753 1748 752 1819 755 1748 752 1747 756 1747 756 1748 752 1749 757 1749 757 1748 752 1750 758 1749 757 1750 758 1753 759 1753 759 1750 758 1754 760 1753 759 1754 760 1761 761 1761 761 1754 760 1762 762 1761 761 1762 762 1774 763 1774 763 1762 762 1775 764 1774 763 1775 764 1770 765 1770 765 1775 764 1768 766 1770 765 1768 766 1769 767 1819 755 1747 756 2131 768 2113 769 2124 770 2111 771 2113 769 2111 771 2112 772 2113 769 2112 772 2096 773 2113 769 2096 773 2095 774 2095 774 2096 773 2097 775 2095 774 2097 775 2098 776 2098 776 2097 775 2090 777 2098 776 2090 777 2089 778 2089 778 2090 777 2086 599 2089 778 2086 599 2085 779 2085 779 2086 599 2087 598 2085 779 2087 598 2128 780 2085 779 2128 780 2089 778 2089 778 2128 780 2127 781 2089 778 2127 781 2098 776 2098 776 2127 781 2126 782 2098 776 2126 782 2095 774 2095 774 2126 782 2125 783 2095 774 2125 783 2113 769 2113 769 2125 783 2124 770 2108 784 2109 785 2110 786 2108 784 2110 786 2099 787 2099 787 2110 786 2102 788 2099 787 2102 788 2100 789 2099 787 2100 789 2101 790 2101 790 2100 789 2093 791 2101 790 2093 791 2091 792 2091 792 2093 791 2092 793 2091 792 2092 793 2078 794 2078 794 2092 793 1816 675 2078 794 1816 675 1703 673 1878 795 1879 796 1880 797 1880 797 1879 796 1881 798 1881 798 1879 796 1882 799 1881 798 1882 799 1883 800 1883 800 1882 799 1885 801 1885 801 1882 799 1884 802 1885 801 1884 802 1887 803 1887 803 1884 802 1886 804 1887 803 1886 804 2114 805 2114 805 1886 804 2105 806 2114 805 2105 806 2107 807 2107 807 2105 806 2106 808 2106 808 2105 806 1886 804 2106 808 1886 804 2104 809 2104 809 1886 804 2103 810 2103 810 1886 804 1884 802 2103 810 1884 802 1882 799 2103 810 1882 799 2094 811 2094 811 1882 799 1879 796 2094 811 1879 796 2088 444 2088 444 1879 796 1878 795 2018 670 2019 812 2020 813 2020 813 2019 812 2021 814 2021 814 2019 812 2031 815 2021 814 2031 815 2032 816 2032 816 2031 815 2035 817 2032 816 2035 817 2036 818 2036 818 2035 817 2050 819 2050 819 2035 817 2051 820 2050 819 2051 820 2047 821 2047 821 2051 820 2045 822 2047 821 2045 822 2046 823 1113 824 1112 825 2134 826 1917 827 1918 828 1113 824 1917 827 1113 824 1919 829 2130 830 1114 831 1113 824 1113 824 1114 831 1111 832 1113 824 1111 832 1112 825 1112 825 1111 832 1127 833 1127 833 1111 832 2030 834 1127 833 2030 834 2025 835 2025 835 2030 834 2024 836 2025 835 2024 836 2023 837 2023 837 2024 836 2022 838 2023 837 2022 838 2053 839 2023 837 2053 839 2052 840 2052 840 2053 839 2042 841 2052 840 2042 841 2044 842 2044 842 2042 841 2043 843 24 844 25 845 26 846 24 844 26 846 42 847 42 847 26 846 41 848 42 847 41 848 43 849 43 849 41 848 40 850 40 850 41 848 26 846 40 850 26 846 36 851 36 851 26 846 28 852 28 852 26 846 27 853 28 852 27 853 30 854 30 854 27 853 29 855 29 855 27 853 25 845 25 845 27 853 26 846 2082 856 2083 856 2084 856 0 857 1 858 2 859 0 857 2 859 18 860 18 860 2 859 17 861 18 860 17 861 19 862 19 862 17 861 16 863 16 863 17 861 2 859 16 863 2 859 12 864 12 864 2 859 4 865 4 865 2 859 3 866 4 865 3 866 6 867 6 867 3 866 5 868 5 868 3 866 1 858 1 858 3 866 2 859 2079 869 2080 869 2081 869 2375 870 2377 871 2376 872 2375 870 2376 872 2374 873 2374 873 2376 872 2378 874 2378 874 2376 872 2379 875 2063 876 2064 876 2065 876 1523 877 1524 878 1525 879 1523 877 1525 879 1529 880 1521 881 1528 882 1522 883 1521 881 1522 883 1520 884 1520 884 1522 883 1527 885 1527 885 1522 883 1526 886 2060 887 2061 887 2062 887 1513 888 1514 889 1515 890 1513 888 1515 890 1519 891 1503 892 1504 893 1505 894 1503 892 1505 894 1509 895 1492 896 1491 897 1484 898 1492 896 1484 898 1456 899 1456 899 1484 898 1457 900 1456 899 1457 900 1458 901 1441 902 1474 903 1442 904 1441 902 1442 904 1443 905 1443 905 1442 904 1444 906 1443 905 1444 906 1486 907 1445 908 1446 909 1447 910 1447 910 1446 909 1486 907 1255 911 1482 912 1253 913 1255 911 1253 913 1254 914 1254 914 1253 913 1260 915 1260 915 1253 913 1259 916 1260 915 1259 916 1258 917 1258 917 1259 916 1257 918 1258 917 1257 918 1265 919 1265 919 1257 918 1477 920 1265 919 1477 920 1232 921 1232 921 1477 920 1478 922 1232 921 1478 922 1480 923 1480 923 1478 922 1461 924 1461 924 1478 922 1399 925 1461 924 1399 925 1462 926 1462 926 1399 925 1397 927 1462 926 1397 927 1470 928 1470 928 1397 927 1468 929 1470 928 1468 929 1467 930 1467 930 1468 929 1463 931 1467 930 1463 931 1438 932 1438 932 1463 931 1453 933 1438 932 1453 933 1440 934 1440 934 1453 933 1452 935 1440 934 1452 935 1489 936 1489 936 1452 935 1488 937 1489 936 1488 937 1455 938 1455 938 1488 937 1460 939 1455 938 1460 939 1445 908 1445 908 1460 939 1459 940 1445 908 1459 940 1446 909 1446 909 1459 940 1485 941 1446 909 1485 941 1486 907 1486 907 1485 941 1450 942 1486 907 1450 942 1443 905 1443 905 1450 942 1451 943 1443 905 1451 943 1441 902 1441 902 1451 943 1473 944 1441 902 1473 944 1474 903 1474 903 1473 944 1472 945 1472 945 1473 944 1471 946 1472 945 1471 946 1406 947 1406 947 1471 946 1404 948 1406 947 1404 948 1407 949 1407 949 1404 948 1405 950 1407 949 1405 950 1482 912 1482 912 1405 950 1481 951 1482 912 1481 951 1253 913 1253 913 1481 951 1259 916 1259 916 1481 951 1483 952 1259 916 1483 952 1257 918 1257 918 1483 952 1479 953 1257 918 1479 953 1477 920 1477 920 1479 953 1401 954 1477 920 1401 954 1398 955 1398 955 1401 954 1396 956 1398 955 1396 956 1397 927 1397 927 1396 956 1468 929 1468 929 1396 956 1464 957 1468 929 1464 957 1463 931 1463 931 1464 957 1465 958 1463 931 1465 958 1449 959 1449 959 1465 958 1451 943 1449 959 1451 943 1450 942 1449 959 1450 942 1448 960 1448 960 1450 942 1485 941 1448 960 1485 941 1487 961 1487 961 1485 941 1459 940 1487 961 1459 940 1488 937 1488 937 1459 940 1460 939 1463 931 1449 959 1453 933 1453 933 1449 959 1448 960 1453 933 1448 960 1452 935 1452 935 1448 960 1488 937 1488 937 1448 960 1487 961 1397 927 1399 925 1398 955 1398 955 1399 925 1477 920 1477 920 1399 925 1478 922 1401 954 1479 953 1403 962 1403 962 1479 953 1483 952 1232 921 1480 923 1231 963 1254 914 1256 964 1255 911 1483 952 1481 951 1405 950 1483 952 1405 950 1403 962 1403 962 1405 950 1404 948 1403 962 1404 948 1402 965 1403 962 1402 965 1401 954 1401 954 1402 965 1400 966 1401 954 1400 966 1396 956 1396 956 1400 966 1466 967 1396 956 1466 967 1464 957 1464 957 1466 967 1465 958 1465 958 1466 967 1476 968 1465 958 1476 968 1475 969 1475 969 1476 968 1471 946 1475 969 1471 946 1473 944 1475 969 1473 944 1451 943 1475 969 1451 943 1465 958 1466 967 1400 966 1476 968 1476 968 1400 966 1402 965 1476 968 1402 965 1471 946 1471 946 1402 965 1404 948 1258 917 1265 919 1264 970 1264 970 1265 919 1232 921 1264 970 1232 921 1230 971 1230 971 1232 921 1231 963 1230 971 1231 963 1229 972 1469 973 1470 928 1467 930 1469 973 1467 930 1437 974 1437 974 1467 930 1438 932 1437 974 1438 932 1439 975 1439 975 1438 932 1440 934 1439 975 1440 934 1490 976 1490 976 1440 934 1489 936 1490 976 1489 936 1454 977 1454 977 1489 936 1455 938 1454 977 1455 938 1445 908 1288 978 1290 979 1395 980 1288 978 1395 980 1345 981 1300 982 1273 983 1301 984 1301 984 1273 983 1286 985 1301 984 1286 985 1345 981 1345 981 1286 985 1291 986 1345 981 1291 986 1288 978 1288 978 1291 986 1289 987 1288 978 1289 987 1290 979 1290 979 1289 987 1340 988 1340 988 1289 987 1353 989 1353 989 1289 987 1352 990 1353 989 1352 990 1368 991 1368 991 1352 990 1367 992 1368 991 1367 992 1342 993 1342 993 1367 992 1432 994 1342 993 1432 994 1337 995 1337 995 1432 994 1338 996 1337 995 1338 996 1339 997 1337 995 1339 997 1342 993 1338 996 1432 994 1369 998 1369 998 1432 994 1367 992 1369 998 1367 992 1352 990 1369 998 1352 990 1354 999 1354 999 1352 990 1289 987 1354 999 1289 987 1341 1000 1341 1000 1289 987 1291 986 1300 982 1385 1001 1275 1002 1300 982 1275 1002 1273 983 1273 983 1275 1002 1274 1003 1273 983 1274 1003 1272 1004 1273 983 1272 1004 1287 1005 1273 983 1287 1005 1286 985 1286 985 1287 1005 1285 1006 1286 985 1285 1006 1292 1007 1292 1007 1285 1006 1326 1008 1292 1007 1326 1008 1327 1009 1327 1009 1326 1008 1347 1010 1327 1009 1347 1010 1346 1011 1346 1011 1347 1010 1381 1012 1381 1012 1347 1010 1380 1013 1381 1012 1380 1013 1330 1014 1330 1014 1380 1013 1331 1015 1330 1014 1331 1015 1329 1016 1329 1016 1331 1015 1416 1017 1329 1016 1416 1017 1417 1018 1329 1016 1417 1018 1330 1014 1416 1017 1331 1015 1380 1013 1416 1017 1380 1013 1382 1019 1382 1019 1380 1013 1347 1010 1382 1019 1347 1010 1348 1020 1348 1020 1347 1010 1326 1008 1348 1020 1326 1008 1328 1021 1328 1021 1326 1008 1285 1006 1291 986 1286 985 1292 1007 1291 986 1292 1007 1293 1022 1293 1022 1292 1007 1332 1023 1293 1022 1332 1023 1334 1024 1334 1024 1332 1023 1356 1025 1334 1024 1356 1025 1358 1026 1334 1024 1358 1026 1357 1027 1357 1027 1358 1026 1423 1028 1357 1027 1423 1028 1370 1029 1370 1029 1423 1028 1422 1030 1422 1030 1423 1028 1421 1031 1422 1030 1421 1031 1425 1032 1425 1032 1421 1031 1424 1033 1424 1033 1421 1031 1423 1028 1424 1033 1423 1028 1358 1026 1291 986 1293 1022 1333 1034 1333 1034 1293 1022 1334 1024 1333 1034 1334 1024 1355 1035 1355 1035 1334 1024 1370 1029 1370 1029 1334 1024 1357 1027 1313 1036 1295 1037 1294 1038 1294 1038 1295 1037 1287 1005 1287 1005 1295 1037 1285 1006 1285 1006 1295 1037 1314 1039 1314 1039 1295 1037 1306 1040 1314 1039 1306 1040 1307 1041 1307 1041 1306 1040 1305 1042 1305 1042 1306 1040 1304 1043 1305 1042 1304 1043 1409 1044 1409 1044 1304 1043 1411 1045 1409 1044 1411 1045 1410 1046 1410 1046 1411 1045 1412 1047 1410 1046 1412 1047 1408 1048 1410 1046 1408 1048 1409 1044 1409 1044 1408 1048 1305 1042 1295 1037 1313 1036 1306 1040 1306 1040 1313 1036 1316 1049 1306 1040 1316 1049 1315 1050 1306 1040 1315 1050 1304 1043 1304 1043 1315 1050 1411 1045 1278 1051 1279 1052 1280 1053 1280 1053 1279 1052 1431 1054 1280 1053 1431 1054 1283 1055 1280 1053 1283 1055 1278 1051 1278 1051 1283 1055 1281 1056 1278 1051 1281 1056 1279 1052 1279 1052 1281 1056 1282 1057 1282 1057 1281 1056 1391 1058 1391 1058 1281 1056 1387 1059 1391 1058 1387 1059 1345 981 1345 981 1387 1059 1344 1060 1345 981 1344 1060 1301 984 1283 1055 1284 1061 1281 1056 1281 1056 1284 1061 1387 1059 1387 1059 1284 1061 1344 1060 1953 1062 1954 1062 1955 1062 1362 1063 1350 1064 1363 1065 1362 1063 1363 1065 1364 1066 1362 1063 1364 1066 1433 1067 1433 1067 1364 1066 1366 1068 1366 1068 1364 1066 1365 1069 1365 1069 1364 1066 1363 1065 1365 1069 1363 1065 1493 1070 1493 1070 1363 1065 1351 1071 1351 1071 1363 1065 1349 1072 1349 1072 1363 1065 1350 1064 1349 1072 1350 1064 1299 1073 1299 1073 1350 1064 1343 1074 1299 1073 1343 1074 1268 1075 1268 1075 1343 1074 1335 1076 1268 1075 1335 1076 1297 1077 1268 1075 1297 1077 1296 1078 1296 1078 1297 1077 1361 1079 1296 1078 1361 1079 1359 1080 1359 1080 1361 1079 1372 1081 1359 1080 1372 1081 1360 1082 1360 1082 1372 1081 1371 1083 1371 1083 1372 1081 1426 1084 1371 1083 1426 1084 1428 1085 1428 1085 1426 1084 1427 1086 1427 1086 1426 1084 1429 1087 1429 1087 1426 1084 1372 1081 1429 1087 1372 1081 1373 1088 1373 1088 1372 1081 1361 1079 1351 1071 1349 1072 1299 1073 1266 1089 1268 1075 1296 1078 1266 1089 1296 1078 1336 1090 1336 1090 1296 1078 1360 1082 1360 1082 1296 1078 1359 1080 1298 1091 1351 1071 1299 1073 1298 1091 1299 1073 1252 1092 1252 1092 1299 1073 1268 1075 1252 1092 1268 1075 1250 1093 1250 1093 1268 1075 1267 1094 1267 1094 1268 1075 1266 1089 1267 1094 1266 1089 1269 1095 1269 1095 1266 1089 1336 1090 1269 1095 1336 1090 1302 1096 1269 1095 1302 1096 1303 1097 1269 1095 1303 1097 1325 1098 1325 1098 1303 1097 1377 1099 1325 1098 1377 1099 1375 1100 1375 1100 1377 1099 1376 1101 1375 1100 1376 1101 1374 1102 1374 1102 1376 1101 1419 1103 1374 1102 1419 1103 1418 1104 1418 1104 1419 1103 1420 1105 1420 1105 1419 1103 1435 1106 1435 1106 1419 1103 1379 1107 1379 1107 1419 1103 1376 1101 1379 1107 1376 1101 1378 1108 1378 1108 1376 1101 1377 1099 1378 1108 1377 1099 1303 1097 1375 1100 1324 1109 1325 1098 1269 1095 1261 1110 1267 1094 1250 1093 1499 1111 1251 1112 1250 1093 1251 1112 1252 1092 1252 1092 1251 1112 1298 1091 1308 1113 1312 1114 1494 1115 1308 1113 1494 1115 1263 1116 1263 1116 1494 1115 1261 1110 1263 1116 1261 1110 1262 1117 1262 1117 1261 1110 1269 1095 1262 1117 1269 1095 1325 1098 1262 1117 1325 1098 1263 1116 1263 1116 1325 1098 1324 1109 1263 1116 1324 1109 1321 1118 1263 1116 1321 1118 1310 1119 1263 1116 1310 1119 1309 1120 1309 1120 1310 1119 1320 1121 1309 1120 1320 1121 1318 1122 1318 1122 1320 1121 1319 1123 1318 1122 1319 1123 1317 1124 1317 1124 1319 1123 1413 1125 1413 1125 1319 1123 1414 1126 1413 1125 1414 1126 1415 1127 1415 1127 1414 1126 1434 1128 1434 1128 1414 1126 1323 1129 1323 1129 1414 1126 1319 1123 1323 1129 1319 1123 1322 1130 1322 1130 1319 1123 1320 1121 1322 1130 1320 1121 1310 1119 1308 1113 1263 1116 1309 1120 1308 1113 1309 1120 1312 1114 1312 1114 1309 1120 1311 1131 1311 1131 1309 1120 1318 1122 1233 1132 1246 1133 1436 1134 1233 1132 1436 1134 1234 1135 1233 1132 1234 1135 1235 1136 1233 1132 1235 1136 1245 1137 1245 1137 1235 1136 1249 1138 1245 1137 1249 1138 1248 1139 1248 1139 1249 1138 1243 1140 1248 1139 1243 1140 1244 1141 1244 1141 1243 1140 1242 1142 1242 1142 1243 1140 1241 1143 1242 1142 1241 1143 1276 1144 1276 1144 1241 1143 1271 1145 1271 1145 1241 1143 1270 1146 1270 1146 1241 1143 1495 1147 1495 1147 1241 1143 1496 1148 1496 1148 1241 1143 1243 1140 1496 1148 1243 1140 1497 1149 1497 1149 1243 1140 1249 1138 1497 1149 1249 1138 1498 1150 1498 1150 1249 1138 1235 1136 1233 1132 1245 1137 1246 1133 1246 1133 1245 1137 1247 1151 1247 1151 1245 1137 1386 1152 1386 1152 1245 1137 1248 1139 1276 1144 1277 1153 1242 1142 1234 1135 1236 1154 1235 1136 1952 1155 1938 1156 1099 1157 1798 1158 1795 1159 1797 1160 1797 1160 1795 1159 1796 1161 1797 1160 1796 1161 1099 1157 1797 1160 1099 1157 1098 1162 1098 1162 1099 1157 1100 1163 1100 1163 1099 1157 1938 1156 1100 1163 1938 1156 1945 1164 1945 1164 1938 1156 1946 1165 1945 1164 1946 1165 1951 1166 1951 1166 1946 1165 1977 1167 1951 1166 1977 1167 1976 1168 1976 1168 1977 1167 1979 1169 1976 1168 1979 1169 1972 1170 1976 1168 1972 1170 1974 1171 1974 1171 1972 1170 1973 1172 1729 1173 1735 1174 1730 1175 1729 1173 1730 1175 1137 1176 1137 1176 1730 1175 1138 1177 1137 1176 1138 1177 1136 1178 1136 1178 1138 1177 1139 1179 1136 1178 1139 1179 1716 1180 1716 1180 1139 1179 1715 1181 1716 1180 1715 1181 1785 1182 1785 1182 1715 1181 1784 1183 1837 1184 1838 1184 1839 1184 1048 1185 1049 1186 1050 1187 1048 1185 1050 1187 1076 1188 1048 1185 1076 1188 1083 1189 1083 1189 1076 1188 1084 1190 1820 1191 1821 1191 1822 1191 1045 1192 1080 1193 1043 1194 1045 1192 1043 1194 1044 1195 1044 1195 1043 1194 1041 1196 1041 1196 1043 1194 1042 1197 1041 1196 1042 1197 1040 1198 1041 1196 1040 1198 1057 1199 1057 1199 1040 1198 1067 1200 1057 1199 1067 1200 1068 1201 1068 1201 1067 1200 1063 1202 1068 1201 1063 1202 994 1203 994 1203 1063 1202 996 1204 994 1203 996 1204 995 1205 1057 1199 1058 1206 1041 1196 1041 1196 1058 1206 1044 1195 1063 1202 1067 1200 1064 1207 1064 1207 1067 1200 1040 1198 1064 1207 1040 1198 1033 1208 1033 1208 1040 1198 1034 1209 1034 1209 1040 1198 1042 1197 995 1205 996 1204 997 1210 995 1205 997 1210 1075 1211 995 1205 1075 1211 1071 1212 995 1205 1071 1212 993 1213 995 1205 993 1213 994 1203 994 1203 993 1213 992 1214 994 1203 992 1214 1068 1201 1068 1201 992 1214 1055 1215 1068 1201 1055 1215 1057 1199 1057 1199 1055 1215 1056 1216 1057 1199 1056 1216 1058 1206 1058 1206 1056 1216 1059 1217 1058 1206 1059 1217 1060 1218 1058 1206 1060 1218 1031 1219 1058 1206 1031 1219 1044 1195 1044 1195 1031 1219 1032 1220 1044 1195 1032 1220 1045 1192 1045 1192 1032 1220 1081 1221 1045 1192 1081 1221 1080 1193 1080 1193 1081 1221 1047 1222 1080 1193 1047 1222 1052 1223 997 1210 1074 1224 1075 1211 992 1214 993 1213 988 1225 992 1214 988 1225 1055 1215 1055 1215 988 1225 1056 1216 1056 1216 988 1225 1059 1217 1073 1226 1074 1224 997 1210 1073 1226 997 1210 998 1227 998 1227 997 1210 996 1204 998 1227 996 1204 999 1228 999 1228 996 1204 1063 1202 999 1228 1063 1202 1065 1229 1065 1229 1063 1202 1064 1207 1065 1229 1064 1207 1066 1230 1066 1230 1064 1207 1033 1208 1066 1230 1033 1208 1035 1231 1035 1231 1033 1208 1034 1209 1035 1231 1034 1209 1036 1232 1036 1232 1034 1209 1078 1233 1078 1233 1034 1209 1042 1197 1078 1233 1042 1197 1077 1234 1077 1234 1042 1197 1043 1194 1077 1234 1043 1194 1079 1235 1079 1235 1043 1194 1080 1193 1079 1235 1080 1193 1051 1236 1051 1236 1080 1193 1052 1223 1051 1236 1052 1223 1037 1237 1037 1237 1052 1223 1047 1222 1037 1237 1047 1222 1046 1238 1046 1238 1047 1222 1081 1221 1046 1238 1081 1221 1082 1239 1082 1239 1081 1221 1032 1220 1082 1239 1032 1220 1030 1240 1030 1240 1032 1220 1031 1219 1030 1240 1031 1219 1029 1241 1029 1241 1031 1219 1060 1218 1029 1241 1060 1218 1062 1242 1062 1242 1060 1218 1061 1243 1061 1243 1060 1218 1059 1217 1061 1243 1059 1217 990 1244 990 1244 1059 1217 988 1225 990 1244 988 1225 989 1245 989 1245 988 1225 993 1213 989 1245 993 1213 1069 1246 1069 1246 993 1213 1071 1212 1069 1246 1071 1212 849 1247 849 1247 1071 1212 1075 1211 849 1247 1075 1211 850 1248 850 1248 1075 1211 1074 1224 850 1248 1074 1224 848 1249 848 1249 1074 1224 1073 1226 848 1249 1073 1226 847 1250 848 1249 847 1250 846 1251 846 1251 847 1250 845 1252 1051 1236 1037 1237 1039 1253 1037 1237 1038 1254 1039 1253 1039 1253 1038 1254 1078 1233 1039 1253 1078 1233 1077 1234 1039 1253 1077 1234 1051 1236 1051 1236 1077 1234 1079 1235 849 1247 856 1255 1069 1246 1069 1246 856 1255 821 1256 1069 1246 821 1256 1070 1257 1069 1246 1070 1257 991 1258 1069 1246 991 1258 989 1245 989 1245 991 1258 990 1244 848 1249 846 1251 852 1259 848 1249 852 1259 850 1248 850 1248 852 1259 851 1260 850 1248 851 1260 849 1247 849 1247 851 1260 856 1255 856 1255 851 1260 857 1261 856 1255 857 1261 821 1256 821 1256 857 1261 822 1262 821 1256 822 1262 823 1263 821 1256 823 1263 1072 1264 821 1256 1072 1264 1070 1257 1070 1257 1072 1264 1053 1265 1070 1257 1053 1265 991 1258 991 1258 1053 1265 1054 1266 991 1258 1054 1266 990 1244 990 1244 1054 1266 1061 1243 822 1262 824 1267 823 1263 880 1268 936 1269 987 1270 880 1268 987 1270 881 1271 866 1272 864 1273 865 1274 865 1274 864 1273 892 1275 865 1274 892 1275 893 1276 865 1274 893 1276 879 1277 879 1277 893 1276 936 1269 879 1277 936 1269 883 1278 883 1278 936 1269 880 1268 883 1278 880 1268 882 1279 882 1279 880 1268 881 1271 882 1279 881 1271 932 1280 882 1279 932 1280 945 1281 882 1279 945 1281 944 1282 944 1282 945 1281 959 1283 944 1282 959 1283 960 1284 960 1284 959 1283 934 1285 960 1284 934 1285 1024 1286 1024 1286 934 1285 929 1287 1024 1286 929 1287 931 1288 931 1288 929 1287 930 1289 930 1289 929 1287 934 1285 892 1275 864 1273 977 1290 879 1277 883 1278 885 1291 933 1292 883 1278 882 1279 933 1292 882 1279 946 1293 946 1293 882 1279 944 1282 946 1293 944 1282 961 1294 961 1294 944 1282 960 1284 961 1294 960 1284 1024 1286 961 1294 1024 1286 931 1288 867 1295 866 1272 865 1274 867 1295 865 1274 878 1296 878 1296 865 1274 879 1277 878 1296 879 1277 877 1297 877 1297 879 1277 885 1291 877 1297 885 1291 918 1298 918 1298 885 1291 919 1299 918 1298 919 1299 938 1300 938 1300 919 1299 939 1301 938 1300 939 1301 972 1302 938 1300 972 1302 973 1303 973 1303 972 1302 923 1304 973 1303 923 1304 922 1305 922 1305 923 1304 921 1306 922 1305 921 1306 1008 1307 1008 1307 921 1306 1009 1308 1009 1308 921 1306 923 1304 920 1309 877 1297 918 1298 920 1309 918 1298 940 1310 940 1310 918 1298 938 1300 940 1310 938 1300 974 1311 974 1311 938 1300 973 1303 974 1311 973 1303 1008 1307 1008 1307 973 1303 922 1305 925 1312 884 1313 883 1278 883 1278 884 1313 885 1291 885 1291 884 1313 924 1314 924 1314 884 1313 926 1315 924 1314 926 1315 948 1316 948 1316 926 1315 949 1317 949 1317 926 1315 950 1318 949 1317 950 1318 1014 1319 1014 1319 950 1318 962 1320 1014 1319 962 1320 1015 1321 1014 1319 1015 1321 1013 1322 1013 1322 1015 1321 1017 1323 1013 1322 1017 1323 1016 1324 1013 1322 1016 1324 1014 1319 1014 1319 1016 1324 949 1317 962 1320 950 1318 926 1315 962 1320 926 1315 947 1325 947 1325 926 1315 925 1312 925 1312 926 1315 884 1313 887 1326 905 1327 886 1328 887 1326 886 1328 878 1296 887 1326 878 1296 877 1297 887 1326 877 1297 906 1329 887 1326 906 1329 898 1330 898 1330 906 1329 896 1331 898 1330 896 1331 897 1332 898 1330 897 1332 899 1333 899 1333 897 1332 1002 1334 899 1333 1002 1334 1004 1335 1004 1335 1002 1334 1001 1336 1004 1335 1001 1336 1003 1337 1003 1337 1001 1336 1000 1338 1000 1338 1001 1336 1002 1334 1000 1338 1002 1334 897 1332 905 1327 887 1326 898 1330 905 1327 898 1330 907 1339 907 1339 898 1330 908 1340 908 1340 898 1330 899 1333 908 1340 899 1333 1004 1335 870 1341 871 1342 872 1343 872 1343 871 1342 1023 1344 1023 1344 871 1342 876 1345 876 1345 871 1342 870 1341 876 1345 870 1341 873 1346 873 1346 870 1341 872 1343 873 1346 872 1343 874 1347 873 1346 874 1347 983 1348 873 1346 983 1348 979 1349 979 1349 983 1348 936 1269 979 1349 936 1269 937 1350 937 1350 936 1269 893 1276 875 1351 876 1345 873 1346 875 1351 873 1346 979 1349 875 1351 979 1349 937 1350 941 1352 942 1353 891 1354 941 1352 891 1354 935 1355 935 1355 891 1354 859 1356 935 1355 859 1356 927 1357 927 1357 859 1356 888 1358 888 1358 859 1356 889 1359 888 1358 889 1359 953 1360 953 1360 889 1359 952 1361 953 1360 952 1361 963 1362 963 1362 952 1361 951 1363 963 1362 951 1363 964 1364 963 1362 964 1364 1018 1365 1018 1365 964 1364 1019 1366 1018 1365 1019 1366 1020 1367 1018 1365 1020 1367 1021 1368 1018 1365 1021 1368 963 1362 963 1362 1021 1368 965 1369 963 1362 965 1369 953 1360 859 1356 858 1370 889 1359 889 1359 858 1370 928 1371 889 1359 928 1371 951 1363 889 1359 951 1363 952 1361 891 1354 843 1372 859 1356 958 1373 956 1374 957 1375 957 1375 956 1374 1025 1376 1025 1376 956 1374 954 1377 954 1377 956 1374 955 1378 954 1377 955 1378 941 1352 941 1352 955 1378 942 1353 942 1353 955 1378 943 1379 942 1353 943 1379 891 1354 891 1354 943 1379 890 1380 891 1354 890 1380 843 1372 843 1372 890 1380 844 1381 843 1372 844 1381 842 1382 843 1372 842 1382 859 1356 859 1356 842 1382 860 1383 859 1356 860 1383 858 1370 858 1370 860 1383 861 1384 858 1370 861 1384 928 1371 928 1371 861 1384 895 1385 895 1385 861 1384 894 1386 894 1386 861 1384 916 1387 894 1386 916 1387 966 1388 966 1388 916 1387 967 1389 966 1388 967 1389 968 1390 968 1390 967 1389 969 1391 968 1390 969 1391 1012 1392 1012 1392 969 1391 1010 1393 1012 1392 1010 1393 1011 1394 1012 1392 1011 1394 1027 1395 1012 1392 1027 1395 970 1396 1012 1392 970 1396 968 1390 968 1390 970 1396 971 1397 968 1390 971 1397 966 1388 966 1388 971 1397 894 1386 956 1374 958 1373 955 1378 955 1378 958 1373 1085 1398 955 1378 1085 1398 943 1379 842 1382 844 1381 1091 1399 917 1400 967 1389 916 1387 861 1384 860 1383 853 1401 904 1402 902 1403 1086 1404 1086 1404 902 1403 854 1405 1086 1404 854 1405 853 1401 853 1401 854 1405 855 1406 853 1401 855 1406 861 1384 861 1384 855 1406 916 1387 916 1387 855 1406 854 1405 916 1387 854 1405 917 1400 917 1400 854 1405 913 1407 913 1407 854 1405 900 1408 900 1408 854 1405 901 1409 900 1408 901 1409 909 1410 909 1410 901 1409 910 1411 909 1410 910 1411 911 1412 911 1412 910 1411 912 1413 911 1412 912 1413 1005 1414 911 1412 1005 1414 1007 1415 1007 1415 1005 1414 1006 1416 1007 1415 1006 1416 1026 1417 1007 1415 1026 1417 914 1418 1007 1415 914 1418 911 1412 911 1412 914 1418 915 1419 911 1412 915 1419 909 1410 909 1410 915 1419 900 1408 854 1405 902 1403 901 1409 901 1409 902 1403 904 1402 901 1409 904 1402 903 1420 901 1409 903 1420 910 1411 1786 1421 1787 1421 1788 1421 834 1422 836 1423 835 1424 834 1422 835 1424 833 1425 833 1425 835 1424 841 1426 825 1427 826 1428 827 1429 827 1429 826 1428 828 1430 827 1429 828 1430 838 1431 838 1431 828 1430 839 1432 838 1431 839 1432 837 1433 838 1431 837 1433 978 1434 838 1431 978 1434 841 1426 838 1431 841 1426 840 1435 840 1435 841 1426 835 1424 840 1435 835 1424 1089 1436 1089 1436 835 1424 1088 1437 1088 1437 835 1424 836 1423 1088 1437 836 1423 1087 1438 1087 1438 836 1423 862 1439 862 1439 836 1423 863 1440 863 1440 836 1423 869 1441 869 1441 836 1423 834 1422 869 1441 834 1422 868 1442 1089 1436 1090 1443 840 1435 840 1435 1090 1443 827 1429 840 1435 827 1429 838 1431 839 1432 828 1430 1028 1444 1028 1444 828 1430 826 1428 1772 1445 1773 1446 1771 1447 1771 1447 1773 1446 1779 1448 1771 1447 1779 1448 1778 1449 1778 1449 1779 1448 1764 1450 1778 1449 1764 1450 1763 1451 1763 1451 1764 1450 1758 1452 1763 1451 1758 1452 1756 1453 1756 1453 1758 1452 1757 1454 1756 1453 1757 1454 1755 1455 1755 1455 1757 1454 1789 1456 1736 1457 1737 1458 1734 1459 1734 1459 1737 1458 1738 1460 1682 1461 1683 1462 1126 1463 1682 1461 1126 1463 1135 1464 1135 1464 1126 1463 1134 1465 1135 1464 1134 1465 1728 1466 1728 1466 1134 1465 1727 1467 1728 1466 1727 1467 1734 1459 1728 1466 1734 1459 1739 1468 1739 1468 1734 1459 1738 1460 1739 1468 1738 1460 1742 1469 1739 1468 1742 1469 1731 1470 1739 1468 1731 1470 1728 1466 1728 1466 1731 1470 1684 1471 1728 1466 1684 1471 1135 1464 1135 1464 1684 1471 1682 1461 1134 1465 1126 1463 1125 1472 1125 1472 1126 1463 1106 1473 1125 1472 1106 1473 1105 1474 1126 1463 1683 1462 1106 1473 1106 1473 1683 1462 1107 1475 1106 1473 1107 1475 1105 1474 1105 1474 1107 1475 1108 1476 1683 1462 1722 1477 1107 1475 829 1478 830 1479 831 1480 829 1478 831 1480 1022 1481 1022 1481 831 1480 976 1482 976 1482 831 1480 975 1483 975 1483 831 1480 832 1484 975 1483 832 1484 985 1485 985 1485 832 1484 984 1486 984 1486 832 1484 830 1479 984 1486 830 1479 986 1487 830 1479 832 1484 831 1480 1680 1488 1101 1489 1721 1490 1103 1491 1104 1492 1101 1489 1103 1491 1101 1489 1102 1493 1102 1493 1101 1489 1680 1488 1102 1493 1680 1488 1123 1494 1123 1494 1680 1488 1681 1495 1123 1494 1681 1495 1698 1496 1123 1494 1698 1496 1686 1497 1686 1497 1698 1496 1690 1498 1686 1497 1690 1498 1696 1499 1696 1499 1690 1498 1689 1500 1696 1499 1689 1500 1699 1501 1699 1501 1689 1500 1691 1502 1691 1502 1689 1500 1690 1498 1696 1499 1699 1501 1697 1503 1696 1499 1697 1503 1686 1497 1686 1497 1697 1503 1687 1504 1686 1497 1687 1504 1123 1494 1123 1494 1687 1504 1124 1505 1123 1494 1124 1505 1102 1493 1102 1493 1124 1505 1103 1491 776 1506 670 1507 774 1508 776 1506 774 1508 772 1509 668 1510 670 1507 811 1511 811 1511 670 1507 776 1506 811 1511 776 1506 812 1512 653 1513 672 1514 813 1515 653 1513 813 1515 668 1510 653 1513 668 1510 644 1516 644 1516 668 1510 811 1511 644 1516 811 1511 633 1517 633 1517 811 1511 812 1512 633 1517 812 1512 631 1518 631 1518 812 1512 776 1506 631 1518 776 1506 773 1519 773 1519 776 1506 772 1509 773 1519 772 1509 768 1520 773 1519 768 1520 770 1521 773 1519 770 1521 629 1522 773 1519 629 1522 631 1518 631 1518 629 1522 632 1523 631 1518 632 1523 633 1517 632 1523 629 1522 630 1524 672 1514 690 1525 689 1526 672 1514 689 1526 813 1515 813 1515 689 1526 819 1527 813 1515 819 1527 668 1510 668 1510 819 1527 669 1528 668 1510 669 1528 670 1507 670 1507 669 1528 671 1529 670 1507 671 1529 774 1508 774 1508 671 1529 775 1530 774 1508 775 1530 772 1509 772 1509 775 1530 800 1531 772 1509 800 1531 801 1532 772 1509 801 1532 768 1520 768 1520 801 1532 802 1533 768 1520 802 1533 769 1534 768 1520 769 1534 770 1521 770 1521 769 1534 771 1535 770 1521 771 1535 627 1536 770 1521 627 1536 629 1522 629 1522 627 1536 628 1537 629 1522 628 1537 630 1524 630 1524 628 1537 767 1538 630 1524 767 1538 632 1523 632 1523 767 1538 634 1539 632 1523 634 1539 633 1517 633 1517 634 1539 635 1540 633 1517 635 1540 644 1516 644 1516 635 1540 645 1541 644 1516 645 1541 653 1513 653 1513 645 1541 654 1542 653 1513 654 1542 672 1514 672 1514 654 1542 673 1543 672 1514 673 1543 690 1525 690 1525 673 1543 692 1544 690 1525 692 1544 708 1545 690 1525 708 1545 707 1546 707 1546 708 1545 722 1547 707 1546 722 1547 721 1548 721 1548 722 1547 738 1549 721 1548 738 1549 748 1550 748 1550 738 1549 749 1551 748 1550 749 1551 735 1552 735 1552 749 1551 747 1553 735 1552 747 1553 733 1554 733 1554 747 1553 746 1555 733 1554 746 1555 731 1556 733 1554 731 1556 732 1557 733 1554 732 1557 734 1558 734 1558 732 1557 716 1559 734 1558 716 1559 718 1560 718 1560 716 1559 701 1561 718 1560 701 1561 702 1562 702 1562 701 1561 703 1563 702 1562 703 1563 685 1564 685 1564 703 1563 814 1565 685 1564 814 1565 683 1566 683 1566 814 1565 682 1567 683 1566 682 1567 665 1568 665 1568 682 1567 681 1569 665 1568 681 1569 664 1570 665 1568 664 1570 663 1571 663 1571 664 1570 662 1572 663 1571 662 1572 804 1573 804 1573 662 1572 803 1574 733 1554 734 1558 735 1552 682 1567 814 1565 703 1563 682 1567 703 1563 701 1561 685 1564 718 1560 702 1562 746 1555 747 1553 759 1575 683 1566 684 1576 685 1564 681 1569 682 1567 700 1577 700 1577 682 1567 701 1561 700 1577 701 1561 716 1559 700 1577 716 1559 732 1557 685 1564 719 1578 717 1579 685 1564 717 1579 718 1560 718 1560 717 1579 734 1558 734 1558 717 1579 720 1580 734 1558 720 1580 735 1552 735 1552 720 1580 719 1578 735 1552 719 1578 748 1550 748 1550 719 1578 736 1581 748 1550 736 1581 721 1548 721 1548 736 1581 737 1582 737 1582 736 1581 685 1564 685 1564 736 1581 719 1578 717 1579 719 1578 720 1580 705 1583 690 1525 707 1546 705 1583 707 1546 721 1548 705 1583 721 1548 737 1582 705 1583 737 1582 706 1584 706 1584 737 1582 685 1564 706 1584 685 1564 704 1585 704 1585 685 1564 816 1586 704 1585 816 1586 691 1587 691 1587 816 1586 688 1588 688 1588 816 1586 685 1564 689 1526 690 1525 691 1587 691 1587 690 1525 705 1583 691 1587 705 1583 704 1585 704 1585 705 1583 706 1584 665 1568 667 1589 683 1566 683 1566 667 1589 684 1576 684 1576 667 1589 686 1590 684 1576 686 1590 685 1564 685 1564 686 1590 687 1591 685 1564 687 1591 688 1588 688 1588 687 1591 815 1592 688 1588 815 1592 691 1587 691 1587 815 1592 778 1593 691 1587 778 1593 689 1526 689 1526 778 1593 777 1594 777 1594 778 1593 815 1592 777 1594 815 1592 817 1595 817 1595 815 1592 809 1596 817 1595 809 1596 807 1597 807 1597 809 1596 808 1598 807 1597 808 1598 806 1599 806 1599 808 1598 666 1600 806 1599 666 1600 805 1601 805 1601 666 1600 663 1571 805 1601 663 1571 804 1573 663 1571 666 1600 665 1568 665 1568 666 1600 667 1589 667 1589 666 1600 808 1598 667 1589 808 1598 686 1590 686 1590 808 1598 687 1591 687 1591 808 1598 809 1596 687 1591 809 1596 815 1592 708 1545 723 1602 722 1547 722 1547 723 1602 739 1603 722 1547 739 1603 738 1549 738 1549 739 1603 750 1604 738 1549 750 1604 749 1551 749 1551 750 1604 762 1605 749 1551 762 1605 747 1553 747 1553 762 1605 760 1606 747 1553 760 1606 759 1575 759 1575 760 1606 761 1607 761 1607 760 1606 762 1605 761 1607 762 1605 763 1608 763 1608 762 1605 750 1604 763 1608 750 1604 764 1609 764 1609 750 1604 751 1610 751 1610 750 1604 739 1603 751 1610 739 1603 740 1611 740 1611 739 1603 723 1602 763 1608 764 1609 761 1607 676 1612 657 1613 677 1614 676 1612 677 1614 695 1615 695 1615 677 1614 696 1616 695 1615 696 1616 711 1617 711 1617 696 1616 712 1618 711 1617 712 1618 726 1619 726 1619 712 1618 727 1620 647 1621 657 1613 656 1622 656 1622 657 1613 676 1612 656 1622 676 1612 675 1623 675 1623 676 1612 694 1624 694 1624 676 1612 695 1615 694 1624 695 1615 710 1625 710 1625 695 1615 711 1617 710 1625 711 1617 725 1626 725 1626 711 1617 726 1619 725 1626 726 1619 742 1627 742 1627 726 1619 743 1628 743 1628 726 1619 727 1620 743 1628 727 1620 728 1629 728 1629 727 1620 712 1618 728 1629 712 1618 713 1630 713 1630 712 1618 697 1631 697 1631 712 1618 696 1616 697 1631 696 1616 678 1632 678 1632 696 1616 677 1614 678 1632 677 1614 658 1633 658 1633 677 1614 657 1613 658 1633 657 1613 648 1634 648 1634 657 1613 647 1621 648 1634 649 1635 658 1633 658 1633 649 1635 659 1636 658 1633 659 1636 678 1632 649 1635 650 1637 659 1636 621 1638 639 1639 620 1640 620 1640 639 1639 638 1641 620 1640 638 1641 618 1642 618 1642 638 1641 646 1643 618 1642 646 1643 637 1644 618 1642 637 1644 636 1645 618 1642 636 1645 619 1646 619 1646 636 1645 766 1647 619 1646 766 1647 622 1648 622 1648 766 1647 625 1649 622 1648 625 1649 624 1650 624 1650 625 1649 626 1651 624 1650 626 1651 642 1652 642 1652 626 1651 643 1653 642 1652 643 1653 651 1654 651 1654 643 1653 652 1655 651 1654 652 1655 660 1656 660 1656 652 1655 661 1657 660 1656 661 1657 679 1658 679 1658 661 1657 680 1659 679 1658 680 1659 698 1660 698 1660 680 1659 699 1661 698 1660 699 1661 715 1662 698 1660 715 1662 714 1663 714 1663 715 1662 730 1664 714 1663 730 1664 729 1665 729 1665 730 1664 745 1666 729 1665 745 1666 744 1667 744 1667 745 1666 758 1668 744 1667 758 1668 757 1669 757 1669 758 1668 756 1670 757 1669 756 1670 754 1671 754 1671 756 1670 755 1672 754 1671 755 1672 753 1673 753 1673 755 1672 765 1674 753 1673 765 1674 742 1627 742 1627 765 1674 752 1675 742 1627 752 1675 725 1626 725 1626 752 1675 741 1676 725 1626 741 1676 710 1625 710 1625 741 1676 724 1677 710 1625 724 1677 694 1624 694 1624 724 1677 709 1678 694 1624 709 1678 675 1623 675 1623 709 1678 693 1679 675 1623 693 1679 674 1680 675 1623 674 1680 656 1622 656 1622 674 1680 655 1681 656 1622 655 1681 647 1621 647 1621 655 1681 638 1641 647 1621 638 1641 639 1639 647 1621 639 1639 648 1634 648 1634 639 1639 640 1682 648 1634 640 1682 649 1635 649 1635 640 1682 641 1683 649 1635 641 1683 650 1637 650 1637 641 1683 642 1652 650 1637 642 1652 651 1654 650 1637 651 1654 659 1636 659 1636 651 1654 660 1656 659 1636 660 1656 678 1632 678 1632 660 1656 679 1658 678 1632 679 1658 697 1631 697 1631 679 1658 698 1660 697 1631 698 1660 713 1630 713 1630 698 1660 714 1663 713 1630 714 1663 728 1629 728 1629 714 1663 729 1665 728 1629 729 1665 744 1667 728 1629 744 1667 743 1628 743 1628 744 1667 757 1669 743 1628 757 1669 754 1671 743 1628 754 1671 742 1627 742 1627 754 1671 753 1673 758 1668 755 1672 756 1670 646 1643 638 1641 655 1681 624 1650 623 1684 622 1648 622 1648 623 1684 621 1638 622 1648 621 1638 619 1646 619 1646 621 1638 620 1640 619 1646 620 1640 618 1642 624 1650 642 1652 641 1683 624 1650 641 1683 623 1684 623 1684 641 1683 640 1682 623 1684 640 1682 621 1638 621 1638 640 1682 639 1639 1705 1685 1706 1685 1707 1685 487 1686 575 1687 612 1688 487 1686 612 1688 485 1689 485 1689 612 1688 484 1690 484 1690 612 1688 603 1691 484 1690 603 1691 605 1692 459 1693 460 1694 461 1695 459 1693 461 1695 601 1696 601 1696 461 1695 602 1697 602 1697 461 1695 463 1698 602 1697 463 1698 606 1699 606 1699 463 1698 605 1692 606 1699 605 1692 604 1700 604 1700 605 1692 603 1691 604 1700 603 1691 614 1701 614 1701 603 1691 612 1688 614 1701 612 1688 574 1702 574 1702 612 1688 575 1687 574 1702 575 1687 486 1703 486 1703 575 1687 487 1686 486 1703 487 1686 488 1704 488 1704 487 1686 503 1705 488 1704 503 1705 504 1706 504 1706 503 1705 518 1707 504 1706 518 1707 519 1708 519 1708 518 1707 535 1709 519 1708 535 1709 536 1710 536 1710 535 1709 547 1711 536 1710 547 1711 548 1712 548 1712 547 1711 561 1713 561 1713 547 1711 560 1714 561 1713 560 1714 557 1715 557 1715 560 1714 559 1716 557 1715 559 1716 558 1717 558 1717 559 1716 544 1718 558 1717 544 1718 556 1719 556 1719 544 1718 543 1720 543 1720 544 1718 530 1721 543 1720 530 1721 531 1722 531 1722 530 1721 529 1723 529 1723 530 1721 528 1724 529 1723 528 1724 513 1725 513 1725 528 1724 514 1726 513 1725 514 1726 498 1727 498 1727 514 1726 500 1728 498 1727 500 1728 499 1729 499 1729 500 1728 481 1730 499 1729 481 1730 611 1731 611 1731 481 1730 480 1732 611 1731 480 1732 479 1733 479 1733 480 1732 462 1734 479 1733 462 1734 478 1735 478 1735 462 1734 460 1694 460 1694 462 1734 461 1695 461 1695 462 1734 463 1698 463 1698 462 1734 464 1736 463 1698 464 1736 605 1692 605 1692 464 1736 483 1737 605 1692 483 1737 484 1690 484 1690 483 1737 481 1730 484 1690 481 1730 485 1689 485 1689 481 1730 613 1738 485 1689 613 1738 487 1686 487 1686 613 1738 501 1739 487 1686 501 1739 503 1705 503 1705 501 1739 502 1740 503 1705 502 1740 533 1741 533 1741 502 1740 481 1730 533 1741 481 1730 534 1742 534 1742 481 1730 517 1743 534 1742 517 1743 546 1744 546 1744 517 1743 532 1745 546 1744 532 1745 545 1746 545 1746 532 1745 544 1718 545 1746 544 1718 559 1716 545 1746 559 1716 547 1711 547 1711 559 1716 560 1714 613 1738 481 1730 501 1739 501 1739 481 1730 502 1740 556 1719 557 1715 558 1717 528 1724 530 1721 532 1745 532 1745 530 1721 544 1718 503 1705 533 1741 518 1707 518 1707 533 1741 534 1742 518 1707 534 1742 546 1744 518 1707 546 1744 535 1709 535 1709 546 1744 545 1746 535 1709 545 1746 547 1711 478 1735 497 1747 479 1733 479 1733 497 1747 498 1727 479 1733 498 1727 499 1729 479 1733 499 1729 611 1731 513 1725 498 1727 497 1747 513 1725 497 1747 529 1723 600 1748 459 1693 601 1696 482 1749 480 1732 481 1730 482 1749 481 1730 483 1737 482 1749 483 1737 464 1736 482 1749 464 1736 480 1732 480 1732 464 1736 462 1734 481 1730 500 1728 514 1726 481 1730 514 1726 515 1750 515 1750 514 1726 528 1724 515 1750 528 1724 516 1751 516 1751 528 1724 532 1745 516 1751 532 1745 517 1743 516 1751 517 1743 515 1750 515 1750 517 1743 481 1730 450 1752 451 1753 442 1754 450 1752 442 1754 441 1755 441 1755 442 1754 431 1756 441 1755 431 1756 430 1757 430 1757 431 1756 432 1758 430 1757 432 1758 429 1759 429 1759 432 1758 564 1760 429 1759 564 1760 427 1761 427 1761 564 1760 426 1762 427 1761 426 1762 425 1763 425 1763 426 1762 424 1764 425 1763 424 1764 566 1765 566 1765 424 1764 568 1766 566 1765 568 1766 567 1767 566 1765 567 1767 565 1768 565 1768 567 1767 599 1769 565 1768 599 1769 598 1770 565 1768 598 1770 569 1771 569 1771 598 1770 597 1772 569 1771 597 1772 571 1773 569 1771 571 1773 572 1774 572 1774 571 1773 468 1775 572 1774 468 1775 466 1776 466 1776 468 1775 467 1777 466 1776 467 1777 465 1778 465 1778 467 1777 616 1779 465 1778 616 1779 610 1780 610 1780 616 1779 486 1703 610 1780 486 1703 469 1781 469 1781 486 1703 488 1704 469 1781 488 1704 470 1782 470 1782 488 1704 489 1783 489 1783 488 1704 505 1784 505 1784 488 1704 504 1706 505 1784 504 1706 519 1708 505 1784 519 1708 520 1785 520 1785 519 1708 536 1710 520 1785 536 1710 537 1786 537 1786 536 1710 548 1712 429 1759 427 1761 425 1763 470 1782 451 1753 469 1781 469 1781 451 1753 450 1752 469 1781 450 1752 610 1780 610 1780 450 1752 465 1778 465 1778 450 1752 441 1755 465 1778 441 1755 608 1787 608 1787 441 1755 430 1757 608 1787 430 1757 609 1788 609 1788 430 1757 428 1789 609 1788 428 1789 573 1790 573 1790 428 1789 570 1791 573 1790 570 1791 569 1771 569 1771 570 1791 565 1768 565 1768 570 1791 566 1765 566 1765 570 1791 425 1763 425 1763 570 1791 428 1789 425 1763 428 1789 429 1759 429 1759 428 1789 430 1757 573 1790 608 1787 609 1788 465 1778 608 1787 466 1776 466 1776 608 1787 573 1790 466 1776 573 1790 572 1774 572 1774 573 1790 569 1771 583 1792 607 1793 585 1794 583 1792 585 1794 581 1795 581 1795 585 1794 590 1796 581 1795 590 1796 579 1797 576 1798 577 1799 578 1800 578 1800 577 1799 579 1797 578 1800 579 1797 588 1801 588 1801 579 1797 590 1796 588 1801 590 1796 593 1802 593 1802 590 1796 594 1803 594 1803 590 1796 585 1794 594 1803 585 1794 587 1804 587 1804 585 1794 586 1805 586 1805 585 1794 617 1806 617 1806 585 1794 607 1793 617 1806 607 1793 596 1807 596 1807 607 1793 583 1792 596 1807 583 1792 595 1808 595 1808 583 1792 615 1809 615 1809 583 1792 582 1810 582 1810 583 1792 584 1811 584 1811 583 1792 581 1795 584 1811 581 1795 580 1812 580 1812 581 1795 579 1797 580 1812 579 1797 577 1799 593 1802 591 1813 588 1801 588 1801 591 1813 589 1814 588 1801 589 1814 578 1800 591 1813 592 1815 589 1814 1516 1816 1511 1817 1510 1818 1510 1818 1511 1817 1512 1819 1510 1818 1512 1819 1518 1820 1510 1818 1518 1820 1517 1821 1692 1822 1693 1823 1694 1824 1692 1822 1694 1824 1695 1825 1695 1825 1694 1824 1685 1826 1685 1826 1694 1824 1094 1827 1685 1826 1094 1827 1093 1828 1093 1828 1094 1827 1092 1829 1093 1828 1092 1829 1121 1830 1121 1830 1092 1829 1119 1831 1121 1830 1119 1831 1120 1832 1121 1830 1120 1832 1122 1833 1146 1834 1144 1835 1145 1836 1146 1834 1145 1836 1154 1837 1154 1837 1145 1836 1155 1838 1154 1837 1155 1838 1159 1839 1159 1839 1155 1838 1160 1840 1159 1839 1160 1840 1630 1841 1630 1841 1160 1840 1631 1842 1630 1841 1631 1842 1207 1843 1207 1843 1631 1842 1205 1844 1207 1843 1205 1844 1206 1845 1623 1846 1624 1847 1625 1848 1623 1846 1625 1848 1629 1849 1621 1850 1628 1851 1622 1852 1621 1850 1622 1852 1620 1853 1620 1853 1622 1852 1627 1854 1627 1854 1622 1852 1626 1855 1506 1856 1501 1857 1500 1858 1500 1858 1501 1857 1502 1859 1500 1858 1502 1859 1508 1860 1500 1858 1508 1860 1507 1861 1613 1862 1614 1863 1615 1864 1613 1862 1615 1864 1619 1865 1611 1866 1618 1867 1612 1868 1611 1866 1612 1868 1610 1853 1610 1853 1612 1868 1617 1869 1617 1869 1612 1868 1616 1855 1388 1870 1389 1870 1390 1870 1603 1871 1604 1872 1605 1873 1603 1871 1605 1873 1609 1874 1601 1875 1608 1876 1602 1877 1601 1875 1602 1877 1600 1878 1600 1878 1602 1877 1607 1879 1607 1879 1602 1877 1606 1880 1237 1881 1238 1882 1239 1883 1239 1883 1238 1882 1240 1884 1239 1883 1240 1884 1430 1885 1239 1883 1430 1885 1383 1886 1239 1883 1383 1886 1384 1887 1239 1883 1384 1887 1237 1881 1237 1881 1384 1887 1392 1888 1237 1881 1392 1888 1393 1889 1237 1881 1393 1889 1238 1882 1238 1882 1393 1889 1394 1890 1161 1891 1162 1891 1163 1891 1593 1892 1594 1893 1595 1894 1593 1892 1595 1894 1599 1895 1583 1896 1584 1897 1585 1898 1583 1896 1585 1898 1589 1899 1581 1900 1588 1901 1582 1902 1581 1900 1582 1902 1580 1903 1580 1903 1582 1902 1587 1904 1587 1904 1582 1902 1586 1905 539 1906 550 1907 552 1908 419 1909 418 1910 437 1911 437 1911 418 1910 436 1912 437 1911 436 1912 445 1913 445 1913 436 1912 444 1914 445 1913 444 1914 453 1915 453 1915 444 1914 454 1916 453 1915 454 1916 472 1917 472 1917 454 1916 473 1918 472 1917 473 1918 491 1919 491 1919 473 1918 506 1920 491 1919 506 1920 521 1921 491 1919 521 1921 507 1922 507 1922 521 1921 538 1923 507 1922 538 1923 522 1924 522 1924 538 1923 549 1925 522 1924 549 1925 539 1906 539 1906 549 1925 562 1926 539 1906 562 1926 550 1907 550 1907 562 1926 551 1927 550 1907 551 1927 552 1908 552 1908 551 1927 554 1928 552 1908 554 1928 553 1929 553 1929 554 1928 555 1930 553 1929 555 1930 541 1931 541 1931 555 1930 542 1932 541 1931 542 1932 526 1933 526 1933 542 1932 527 1934 526 1933 527 1934 511 1935 511 1935 527 1934 512 1936 511 1935 512 1936 495 1937 495 1937 512 1936 496 1938 495 1937 496 1938 477 1939 495 1937 477 1939 476 1940 476 1940 477 1939 458 1941 476 1940 458 1941 457 1942 457 1942 458 1941 449 1943 457 1942 449 1943 448 1944 448 1944 449 1943 440 1945 448 1944 440 1945 439 1946 439 1946 440 1945 422 1947 439 1946 422 1947 421 1948 421 1948 422 1947 423 1949 421 1948 423 1949 420 1950 420 1950 423 1949 563 1951 420 1950 563 1951 417 1952 417 1952 563 1951 433 1953 417 1952 433 1953 415 1954 415 1954 433 1953 434 1955 415 1954 434 1955 443 1956 415 1954 443 1956 435 1957 435 1957 443 1956 452 1958 435 1957 452 1958 444 1914 444 1914 452 1958 454 1916 454 1916 452 1958 471 1959 454 1916 471 1959 473 1918 473 1918 471 1959 490 1960 473 1918 490 1960 506 1920 554 1928 551 1927 555 1930 416 1961 436 1912 418 1910 446 1962 437 1911 445 1913 446 1962 445 1913 455 1963 455 1963 445 1913 453 1915 455 1963 453 1915 474 1964 474 1964 453 1915 472 1917 474 1964 472 1917 492 1965 492 1965 472 1917 491 1919 492 1965 491 1919 507 1922 492 1965 507 1922 508 1966 508 1966 507 1922 522 1924 508 1966 522 1924 523 1967 523 1967 522 1924 539 1906 523 1967 539 1906 540 1968 540 1968 539 1906 552 1908 540 1968 552 1908 553 1929 540 1968 553 1929 541 1931 540 1968 541 1931 525 1969 525 1969 541 1931 526 1933 525 1969 526 1933 511 1935 525 1969 511 1935 510 1970 510 1970 511 1935 495 1937 510 1970 495 1937 494 1971 494 1971 495 1937 476 1940 494 1971 476 1940 475 1972 475 1972 476 1940 457 1942 475 1972 457 1942 456 1973 456 1973 457 1942 448 1944 456 1973 448 1944 447 1974 447 1974 448 1944 439 1946 447 1974 439 1946 438 1975 438 1975 439 1946 421 1948 438 1975 421 1948 419 1909 419 1909 421 1948 420 1950 419 1909 420 1950 418 1910 418 1910 420 1950 417 1952 418 1910 417 1952 416 1961 416 1961 417 1952 415 1954 416 1961 415 1954 435 1957 416 1961 435 1957 436 1912 436 1912 435 1957 444 1914 419 1909 437 1911 438 1975 438 1975 437 1911 446 1962 438 1975 446 1962 447 1974 447 1974 446 1962 456 1973 456 1973 446 1962 455 1963 456 1973 455 1963 475 1972 475 1972 455 1963 474 1964 475 1972 474 1964 493 1976 493 1976 474 1964 492 1965 493 1976 492 1965 508 1966 493 1976 508 1966 509 1977 509 1977 508 1966 523 1967 509 1977 523 1967 524 1978 524 1978 523 1967 540 1968 524 1978 540 1968 525 1969 524 1978 525 1969 509 1977 509 1977 525 1969 510 1970 509 1977 510 1970 494 1971 509 1977 494 1971 493 1976 493 1976 494 1971 475 1972 1573 1979 1574 1980 1575 1981 1573 1979 1575 1981 1579 1982 1571 1983 1578 1984 1572 1985 1571 1983 1572 1985 1570 1986 1570 1986 1572 1985 1577 1987 1577 1987 1572 1985 1576 1988 1688 1989 1637 1990 1636 1991 1636 1991 1637 1990 1129 1992 1636 1991 1129 1992 1128 1993 1128 1993 1129 1992 1118 1994 1128 1993 1118 1994 1116 1995 1116 1995 1118 1994 1117 1996 1116 1995 1117 1996 1115 1997 1115 1997 1117 1996 1717 1998 1115 1997 1717 1998 1956 1999 1563 2000 1569 2001 1564 2002 1563 2000 1564 2002 1565 2003 1566 2004 1567 2005 1561 2006 1566 2004 1561 2006 1560 2007 1560 2007 1561 2006 1562 2008 1562 2008 1561 2006 1568 2009 1596 2010 1591 2011 1590 2012 1590 2012 1591 2011 1592 2013 1590 2012 1592 2013 1598 2014 1590 2012 1598 2014 1597 2015 1553 2016 1554 2017 1555 2018 1553 2016 1555 2018 1559 2019 1543 2020 1544 2021 1545 2022 1543 2020 1545 2022 1549 2023 1541 2024 1548 2025 1542 2026 1541 2024 1542 2026 1540 2027 1540 2027 1542 2026 1547 2028 1547 2028 1542 2026 1546 2029 1556 2030 1551 2031 1550 2032 1550 2032 1551 2031 1552 2033 1550 2032 1552 2033 1558 2034 1550 2032 1558 2034 1557 2035 1533 2036 1534 2037 1535 2038 1533 2036 1535 2038 1539 2039 408 2040 414 2041 409 2042 408 2040 409 2042 410 2043 398 2044 404 2045 399 2046 398 2044 399 2046 400 2047 401 2048 402 2049 396 2050 401 2048 396 2050 395 2051 395 2051 396 2050 397 2052 397 2052 396 2050 403 2053 412 2054 413 2055 405 2056 405 2056 413 2055 406 2057 405 2056 406 2057 407 2058 405 2056 407 2058 411 2059 388 2060 394 2061 389 2062 388 2060 389 2062 390 2063 391 2064 392 2065 386 2066 391 2064 386 2066 385 2067 385 2067 386 2066 387 2068 387 2068 386 2066 393 2069 1830 2070 1708 2071 1710 2072 1710 2072 1708 2071 1709 2073 1710 2072 1709 2073 1894 2074 1710 2072 1894 2074 1893 2075 1710 2072 1893 2075 1892 2076 1892 2076 1893 2075 1899 2077 1899 2077 1893 2075 1900 2078 1899 2077 1900 2078 1906 2079 1899 2077 1906 2079 1908 2080 1908 2080 1906 2079 1907 2081 1908 2080 1907 2081 1909 2082 1909 2082 1907 2081 1913 2083 1856 2084 1857 2085 1855 2086 1855 2086 1857 2085 1867 2087 1855 2086 1867 2087 1866 2088 1866 2088 1867 2087 1854 2089 1854 2089 1867 2087 1853 2090 1854 2089 1853 2090 1848 2091 1848 2091 1853 2090 1847 2092 1848 2091 1847 2092 1841 2093 1841 2093 1847 2092 1842 2094 1841 2093 1842 2094 1840 2095 378 2096 379 2097 380 2098 378 2096 380 2098 384 2099 376 2100 383 2101 377 2102 376 2100 377 2102 375 2103 375 2103 377 2102 382 2104 382 2104 377 2102 381 2105 271 2106 272 2107 273 2108 273 2108 272 2107 274 2109 274 2109 272 2107 275 2110 275 2110 272 2107 278 2111 275 2110 278 2111 279 2112 279 2112 278 2111 286 2113 286 2113 278 2111 285 2114 286 2113 285 2114 287 2115 287 2115 285 2114 284 2116 284 2116 285 2114 278 2111 284 2116 278 2111 277 2117 277 2117 278 2111 271 2106 271 2106 278 2111 272 2107 247 2118 248 2119 249 2120 249 2120 248 2119 250 2121 250 2121 248 2119 251 2122 251 2122 248 2119 254 2123 251 2122 254 2123 255 2124 255 2124 254 2123 262 2125 262 2125 254 2123 261 2126 262 2125 261 2126 263 2127 263 2127 261 2126 260 2128 260 2128 261 2126 254 2123 260 2128 254 2123 253 2129 253 2129 254 2123 247 2118 247 2118 254 2123 248 2119 223 2130 224 2131 225 2132 225 2132 224 2131 226 2133 226 2133 224 2131 227 2134 227 2134 224 2131 230 2135 227 2134 230 2135 231 2136 231 2136 230 2135 238 2137 238 2137 230 2135 237 2138 238 2137 237 2138 239 2139 239 2139 237 2138 236 2140 236 2140 237 2138 230 2135 236 2140 230 2135 229 2141 229 2141 230 2135 223 2130 223 2130 230 2135 224 2131 199 2142 200 2143 201 2144 201 2144 200 2143 202 2145 202 2145 200 2143 203 2146 203 2146 200 2143 206 2147 203 2146 206 2147 207 2148 207 2148 206 2147 214 2149 214 2149 206 2147 213 2150 214 2149 213 2150 215 2151 215 2151 213 2150 212 2152 212 2152 213 2150 206 2147 212 2152 206 2147 205 2153 205 2153 206 2147 199 2142 199 2142 206 2147 200 2143 175 2154 176 2155 177 2156 177 2156 176 2155 178 2157 178 2157 176 2155 179 2158 179 2158 176 2155 182 2159 179 2158 182 2159 183 2160 183 2160 182 2159 190 2161 190 2161 182 2159 189 2162 190 2161 189 2162 191 2163 191 2163 189 2162 188 2164 188 2164 189 2162 182 2159 188 2164 182 2159 181 2165 181 2165 182 2159 175 2154 175 2154 182 2159 176 2155 151 2166 152 2167 153 2168 153 2168 152 2167 154 2169 154 2169 152 2167 155 2170 155 2170 152 2167 158 2171 155 2170 158 2171 159 2172 159 2172 158 2171 166 2173 166 2173 158 2171 165 2174 166 2173 165 2174 167 2175 167 2175 165 2174 164 2176 164 2176 165 2174 158 2171 164 2176 158 2171 157 2177 157 2177 158 2171 151 2166 151 2166 158 2171 152 2167 120 2178 122 2179 138 2180 138 2180 122 2179 137 2181 138 2180 137 2181 139 2182 139 2182 137 2181 136 2183 136 2183 137 2181 122 2179 136 2183 122 2179 132 2184 132 2184 122 2179 124 2185 124 2185 122 2179 123 2186 124 2185 123 2186 126 2187 126 2187 123 2186 125 2188 125 2188 123 2186 121 2189 121 2189 123 2186 122 2179 121 2189 122 2179 120 2178 368 2190 369 2191 370 2192 368 2190 370 2192 374 2193 366 2194 373 2195 367 2196 366 2194 367 2196 365 2197 365 2197 367 2196 372 2198 372 2198 367 2196 371 2199 792 2200 794 2201 795 2202 792 2200 795 2202 791 2203 791 2203 795 2202 796 2204 791 2203 796 2204 793 2205 793 2205 796 2204 797 2206 793 2205 797 2206 788 2207 788 2207 797 2206 789 2208 788 2207 789 2208 790 2209 788 2207 790 2209 820 2210 788 2207 820 2210 810 2211 810 2211 820 2210 798 2212 810 2211 798 2212 787 2213 787 2213 798 2212 799 2214 787 2213 799 2214 818 2215 787 2213 818 2215 785 2216 787 2213 785 2216 786 2217 787 2213 786 2217 783 2218 783 2218 786 2217 784 2219 783 2218 784 2219 779 2220 779 2220 784 2219 780 2221 779 2220 780 2221 781 2222 781 2222 780 2221 782 2223 781 2222 792 2200 791 2203 781 2222 791 2203 779 2220 779 2220 791 2203 793 2205 779 2220 793 2205 783 2218 783 2218 793 2205 788 2207 783 2218 788 2207 787 2213 787 2213 788 2207 810 2211 133 2224 140 2225 134 2226 133 2224 134 2226 127 2227 127 2227 134 2226 128 2228 127 2227 128 2228 129 2229 129 2229 128 2228 130 2230 130 2230 128 2228 131 2231 131 2231 128 2228 134 2226 131 2231 134 2226 135 2232 135 2232 134 2226 142 2233 142 2233 134 2226 141 2234 142 2233 141 2234 143 2235 143 2235 141 2234 140 2225 140 2225 141 2234 134 2226 358 2236 364 2237 359 2238 358 2236 359 2238 360 2239 361 2240 362 2241 356 2242 361 2240 356 2242 355 2243 355 2243 356 2242 357 2244 357 2244 356 2242 363 2245 144 2246 145 2247 146 2248 144 2246 146 2248 162 2249 162 2249 146 2248 161 2250 162 2249 161 2250 163 2251 163 2251 161 2250 160 2252 160 2252 161 2250 146 2248 160 2252 146 2248 156 2253 156 2253 146 2248 148 2254 148 2254 146 2248 147 2255 148 2254 147 2255 150 2256 150 2256 147 2255 149 2257 149 2257 147 2255 145 2247 145 2247 147 2255 146 2248 348 2258 354 2259 349 2260 348 2258 349 2260 350 2261 351 2262 352 2241 346 2263 351 2262 346 2263 345 2243 345 2243 346 2263 347 2264 347 2264 346 2263 353 2265 168 2266 169 2267 170 2268 168 2266 170 2268 186 2269 186 2269 170 2268 185 2270 186 2269 185 2270 187 2271 187 2271 185 2270 184 2272 184 2272 185 2270 170 2268 184 2272 170 2268 180 2273 180 2273 170 2268 172 2274 172 2274 170 2268 171 2275 172 2274 171 2275 174 2276 174 2276 171 2275 173 2277 173 2277 171 2275 169 2267 169 2267 171 2275 170 2268 338 2278 344 2279 339 2280 338 2278 339 2280 340 2281 1109 2282 2129 2283 1110 2284 1109 2282 1110 2284 1096 2285 1109 2282 1096 2285 1095 2286 1095 2286 1096 2285 1097 2287 1095 2286 1097 2287 1937 2288 1937 2288 1097 2287 1939 2289 1937 2288 1939 2289 1940 2290 1940 2290 1939 2289 1948 2291 1940 2290 1948 2291 1947 2292 1947 2292 1948 2291 1978 2293 1978 2293 1948 2291 1975 2294 1978 2293 1975 2294 1968 2295 1968 2295 1975 2294 1966 2296 1968 2295 1966 2296 1967 2297 341 2298 342 2299 336 2300 341 2298 336 2300 335 2301 335 2301 336 2300 337 2302 337 2302 336 2300 343 2303 192 2304 193 2305 194 2306 192 2304 194 2306 210 2307 210 2307 194 2306 209 2308 210 2307 209 2308 211 2309 211 2309 209 2308 208 2310 208 2310 209 2308 194 2306 208 2310 194 2306 204 2311 204 2311 194 2306 196 2312 196 2312 194 2306 195 2313 196 2312 195 2313 198 2314 198 2314 195 2313 197 2315 197 2315 195 2313 193 2305 193 2305 195 2313 194 2306 1531 2316 1538 2317 1532 2318 1531 2316 1532 2318 1530 2319 1530 2319 1532 2318 1537 2320 1537 2320 1532 2318 1536 2321 216 2322 217 2323 218 2324 216 2322 218 2324 234 2325 234 2325 218 2324 233 2326 234 2325 233 2326 235 2327 235 2327 233 2326 232 2328 232 2328 233 2326 218 2324 232 2328 218 2324 228 2329 228 2329 218 2324 220 2330 220 2330 218 2324 219 2331 220 2330 219 2331 222 2332 222 2332 219 2331 221 2333 221 2333 219 2331 217 2323 217 2323 219 2331 218 2324 264 2334 265 2335 266 2336 264 2334 266 2336 282 2337 282 2337 266 2336 281 2338 282 2337 281 2338 283 2339 283 2339 281 2338 280 2340 280 2340 281 2338 266 2336 280 2340 266 2336 276 2341 276 2341 266 2336 268 2342 268 2342 266 2336 267 2343 268 2342 267 2343 270 2344 270 2344 267 2343 269 2345 269 2345 267 2343 265 2335 265 2335 267 2343 266 2336 240 2346 241 2347 242 2348 240 2346 242 2348 258 2349 258 2349 242 2348 257 2350 258 2349 257 2350 259 2351 259 2351 257 2350 256 2352 256 2352 257 2350 242 2348 256 2352 242 2348 252 2353 252 2353 242 2348 244 2354 244 2354 242 2348 243 2355 244 2354 243 2355 246 2356 246 2356 243 2355 245 2357 245 2357 243 2355 241 2347 241 2347 243 2355 242 2348</p>
        </polylist>
      </mesh>
    </geometry>
  </library_geometries>
  <library_controllers>
    <controller id="chr626_armature_chr626_0-skin" name="chr626_armature">
      <skin source="#chr626_0-mesh">
        <bind_shape_matrix>1 0 0 0 0 1 0 0 0 0 1 0 0 0 0 1</bind_shape_matrix>
        <source id="chr626_armature_chr626_0-skin-joints">
          <Name_array id="chr626_armature_chr626_0-skin-joints-array" count="29">J_center J_mune J_atama J_ago J_paipu01_L J_paipu03_L J_paipu05_L J_paipu01_R J_paipu03_R J_paipu05_R J_ude_L J_hiji_L J_te_L J_yubi01_L J_yubi02_L J_oyayubi_L J_ude_R J_hiji_R J_te_R J_yubi01_R J_yubi02_R J_oyayubi_R J_hippo J_shokushu01 J_shokushu03 J_shokushu01_L J_shokushu02_L J_shokushu01_R1 J_shokushu02_R</Name_array>
          <technique_common>
            <accessor source="#chr626_armature_chr626_0-skin-joints-array" count="29" stride="1">
              <param name="JOINT" type="name"/>
            </accessor>
          </technique_common>
        </source>
        <source id="chr626_armature_chr626_0-skin-bind_poses">
          <float_array id="chr626_armature_chr626_0-skin-bind_poses-array" count="464">1 0 0 0 0 1 0 -0.08465045 0 0 1 9.21e-5 0 0 0 1 1 0 0 0 0 1 0 -0.0846135 0 0 1 9.21e-5 0 0 0 1 1 0 0 0 0 1 0 -0.10384 0 0 1 9.21e-5 0 0 0 1 1 0 0 0 0 1 0 -0.127956 0 0 1 -0.002388656 0 0 0 1 0.2099628 -0.8546832 0.474797 0.1351106 0.8546832 -0.0753811 -0.513648 -0.006446659 0.474797 0.513648 0.7146562 -0.08433234 0 0 0 1 0.3106976 -0.5865212 0.7479704 0.09647876 0.5865213 -0.5009343 -0.6364414 0.02292281 0.7479705 0.6364412 0.1883682 -0.136079 0 0 0 1 0.9999999 0 0 -0.08380061 -1.49012e-7 0.9999998 1.63913e-7 -0.1329499 0 0 0.9999998 0.05954432 0 0 0 1 0.2099628 0.8546832 -0.474797 -0.1351106 -0.8546832 -0.0753811 -0.513648 -0.006446659 -0.474797 0.513648 0.7146562 -0.08433234 0 0 0 1 0.3106976 0.5865212 -0.7479704 -0.09647876 -0.5865213 -0.5009343 -0.6364414 0.02292281 -0.7479705 0.6364412 0.1883682 -0.136079 0 0 0 1 0.9999999 0 0 0.08380061 1.49012e-7 0.9999998 1.63913e-7 -0.1329499 0 0 0.9999998 0.05954432 0 0 0 1 -0.002512216 -0.9995648 0.0293942 0.09838199 0.9995648 -0.00337404 -0.02930778 -0.01051336 0.0293942 0.02930778 0.9991381 -0.003437697 0 0 0 1 -0.002398431 -0.9995006 -0.03151184 0.09829723 0.9995006 -0.003389 0.03142076 -0.05864506 -0.03151184 -0.03142076 0.9990094 0.006124317 0 0 0 1 1 0 0 -0.110637 0 1 0 -0.09806686 0 0 1 -4.43798e-4 0 0 0 1 0.1775332 -0.9841148 -5.33843e-5 0.07140421 0.9841147 0.1775332 6.38647e-5 -0.1620824 -5.33802e-5 -6.38782e-5 1 -0.003078997 0 0 0 1 1 0 0 -0.165197 0 1 0 -0.102358 0 0 1 -0.003094315 0 0 0 1 1 0 0 -0.134621 0 1 0 -0.09357106 0 0 1 -0.01400566 0 0 0 1 -0.002512216 0.9995648 -0.0293942 -0.09838199 -0.9995648 -0.00337404 -0.02930778 -0.01051336 -0.0293942 0.02930778 0.9991381 -0.003437697 0 0 0 1 -0.002398431 0.9995006 0.03151184 -0.09829723 -0.9995006 -0.003389 0.03142076 -0.05864506 0.03151184 -0.03142076 0.9990094 0.006124317 0 0 0 1 1 0 0 0.110637 0 1 0 -0.09806686 0 0 1 -4.43798e-4 0 0 0 1 0.1775332 0.9841148 5.33843e-5 -0.07140421 -0.9841147 0.1775332 6.38647e-5 -0.1620824 5.33802e-5 -6.38782e-5 1 -0.003078997 0 0 0 1 1 0 0 0.165197 0 1 0 -0.102358 0 0 1 -0.003094315 0 0 0 1 1 0 0 0.134621 0 1 0 -0.09357106 0 0 1 -0.01400566 0 0 0 1 1 0 0 0 0 -0.9999731 0.007323682 0.08464884 0 -0.007323682 -0.996933 5.28136e-4 0 0 0 1 -1 0 0 0 0 -1 2.22657e-5 0.07211339 0 0 0.9969601 0 0 0 0 1 1 0 0 0 0 1 -2.22657e-5 -0.045708 0 0 0.9969601 0 0 0 0 1 0.0797733 -0.3137503 0.9432787 0.008599162 0.3147088 -0.8926998 -0.3215601 0.02302873 0.9458298 0.3234928 0.02743607 -0.009101331 0 0 0 1 0.9999995 0 8.98222e-6 -0.005613684 -2.08432e-7 0.9999999 -2.19709e-5 -0.01219075 -8.3397e-6 0 0.9969596 0.00551939 0 0 0 1 -0.868991 0.3968641 -0.2946646 -0.01221227 -0.3969733 -0.9157062 -0.06219601 0.02217364 -0.2954076 0.06309676 0.9503861 -0.009953498 0 0 0 1 0.9999988 0 -5.28868e-6 0.01057535 6.42502e-7 1 -2.21724e-5 -0.01234257 4.93214e-6 0 0.9969601 -0.006347119 0 0 0 1</float_array>
          <technique_common>
            <accessor source="#chr626_armature_chr626_0-skin-bind_poses-array" count="29" stride="16">
              <param name="TRANSFORM" type="float4x4"/>
            </accessor>
          </technique_common>
        </source>
        <source id="chr626_armature_chr626_0-skin-weights">
          <float_array id="chr626_armature_chr626_0-skin-weights-array" count="3740">0.2999511 0.7000489 0.2999511 0.7000489 0.1999999 0.8 0.1999999 0.8 0.1999999 0.8 1 1 0.1999999 0.8 1 0.1999999 0.8 1 0.1999999 0.8 0.2999511 0.7000489 0.2999511 0.7000489 0.2999511 0.7000489 0.2999511 0.7000489 0.4000977 0.5999023 0.4000977 0.5999023 0.4000977 0.5999023 0.5 0.5 0.4000977 0.5999023 0.4000977 0.5999023 0.4000977 0.5999023 0.5 0.5 0.2999511 0.7000489 0.2999511 0.7000489 0.1999999 0.8 0.1999999 0.8 0.1999999 0.8 1 1 0.1999999 0.8 1 0.1999999 0.8 1 0.1999999 0.8 0.2999511 0.7000489 0.2999511 0.7000489 0.2999511 0.7000489 0.2999511 0.7000489 0.4000977 0.5999023 0.4000977 0.5999023 0.4000977 0.5999023 0.5 0.5 0.4000977 0.5999023 0.4000977 0.5999023 0.4000977 0.5999023 0.5 0.5 0.2999511 0.7000489 0.2999511 0.7000489 0.1999999 0.8 0.1999999 0.8 0.1999999 0.8 1 1 0.1999999 0.8 1 0.1999999 0.8 1 0.1999999 0.8 0.2999511 0.7000489 0.2999511 0.7000489 0.2999511 0.7000489 0.2999511 0.7000489 0.4000977 0.5999023 0.4000977 0.5999023 0.4000977 0.5999023 0.5 0.5 0.4000977 0.5999023 0.4000977 0.5999023 0.4000977 0.5999023 0.5 0.5 0.2999511 0.7000489 0.2999511 0.7000489 0.1999999 0.8 0.1999999 0.8 0.1999999 0.8 1 1 0.1999999 0.8 1 0.1999999 0.8 1 0.1999999 0.8 0.2999511 0.7000489 0.2999511 0.7000489 0.2999511 0.7000489 0.2999511 0.7000489 0.4000977 0.5999023 0.4000977 0.5999023 0.4000977 0.5999023 0.5 0.5 0.4000977 0.5999023 0.4000977 0.5999023 0.4000977 0.5999023 0.5 0.5 0.2999511 0.7000489 0.2999511 0.7000489 0.1999999 0.8 0.1999999 0.8 0.1999999 0.8 1 1 0.1999999 0.8 1 0.1999999 0.8 1 0.1999999 0.8 0.2999511 0.7000489 0.2999511 0.7000489 0.2999511 0.7000489 0.2999511 0.7000489 0.4000977 0.5999023 0.4000977 0.5999023 0.4000977 0.5999023 0.5 0.5 0.4000977 0.5999023 0.4000977 0.5999023 0.4000977 0.5999023 0.5 0.5 0.2999511 0.7000489 0.2999511 0.7000489 0.1999999 0.8 0.1999999 0.8 0.1999999 0.8 1 1 0.1999999 0.8 1 0.1999999 0.8 1 0.1999999 0.8 0.2999511 0.7000489 0.2999511 0.7000489 0.2999511 0.7000489 0.2999511 0.7000489 0.4000977 0.5999023 0.4000977 0.5999023 0.4000977 0.5999023 0.5 0.5 0.4000977 0.5999023 0.4000977 0.5999023 0.4000977 0.5999023 0.5 0.5 0.2999511 0.7000489 0.2999511 0.7000489 0.1999999 0.8 0.1999999 0.8 0.1999999 0.8 1 1 0.1999999 0.8 1 0.1999999 0.8 1 0.1999999 0.8 0.2999511 0.7000489 0.2999511 0.7000489 0.2999511 0.7000489 0.2999511 0.7000489 0.4000977 0.5999023 0.4000977 0.5999023 0.4000977 0.5999023 0.5 0.5 0.4000977 0.5999023 0.4000977 0.5999023 0.4000977 0.5999023 0.5 0.5 0.2999511 0.7000489 0.2999511 0.7000489 0.1999999 0.8 0.1999999 0.8 0.1999999 0.8 1 1 0.1999999 0.8 1 0.1999999 0.8 1 0.1999999 0.8 0.2999511 0.7000489 0.2999511 0.7000489 0.2999511 0.7000489 0.2999511 0.7000489 0.4000977 0.5999023 0.4000977 0.5999023 0.4000977 0.5999023 0.5 0.5 0.4000977 0.5999023 0.4000977 0.5999023 0.4000977 0.5999023 0.5 0.5 0.2999511 0.7000489 0.2999511 0.7000489 0.1999999 0.8 0.1999999 0.8 0.1999999 0.8 1 1 0.1999999 0.8 1 0.1999999 0.8 1 0.1999999 0.8 0.2999511 0.7000489 0.2999511 0.7000489 0.2999511 0.7000489 0.2999511 0.7000489 0.4000977 0.5999023 0.4000977 0.5999023 0.4000977 0.5999023 0.5 0.5 0.4000977 0.5999023 0.4000977 0.5999023 0.4000977 0.5999023 0.5 0.5 0.2999511 0.7000489 0.2999511 0.7000489 0.1999999 0.8 0.1999999 0.8 0.1999999 0.8 1 1 0.1999999 0.8 1 0.1999999 0.8 1 0.1999999 0.8 0.2999511 0.7000489 0.2999511 0.7000489 0.2999511 0.7000489 0.2999511 0.7000489 0.4000977 0.5999023 0.4000977 0.5999023 0.4000977 0.5999023 0.5 0.5 0.4000977 0.5999023 0.4000977 0.5999023 0.4000977 0.5999023 0.5 0.5 0.2999511 0.7000489 0.2999511 0.7000489 0.1999999 0.8 0.1999999 0.8 0.1999999 0.8 1 1 0.1999999 0.8 1 0.1999999 0.8 1 0.1999999 0.8 0.2999511 0.7000489 0.2999511 0.7000489 0.2999511 0.7000489 0.2999511 0.7000489 0.4000977 0.5999023 0.4000977 0.5999023 0.4000977 0.5999023 0.5 0.5 0.4000977 0.5999023 0.4000977 0.5999023 0.4000977 0.5999023 0.5 0.5 0.2999511 0.7000489 0.2999511 0.7000489 0.1999999 0.8 0.1999999 0.8 0.1999999 0.8 1 1 0.1999999 0.8 1 0.1999999 0.8 1 0.1999999 0.8 0.2999511 0.7000489 0.2999511 0.7000489 0.2999511 0.7000489 0.2999511 0.7000489 0.4000977 0.5999023 0.4000977 0.5999023 0.4000977 0.5999023 0.5 0.5 0.4000977 0.5999023 0.4000977 0.5999023 0.4000977 0.5999023 0.5 0.5 0.4000977 0.5999023 0.4000977 0.5999023 1 1 1 0.9000123 0.09998774 0.9000123 0.09998774 0.8 0.1999999 0.09998774 0.9000123 0.09998774 0.9000123 0.1999999 0.8 0.1999999 0.8 0.2999511 0.7000489 0.2999511 0.7000489 0.7000489 0.2999511 0.7000489 0.2999511 1 1 0.4000977 0.5999023 0.4000977 0.5999023 1 0.9000123 0.09998774 0.9000123 0.09998774 0.8 0.1999999 0.09998774 0.9000123 0.09998774 0.9000123 0.2999511 0.7000489 0.2999511 0.7000489 0.1999999 0.8 0.1999999 0.8 0.7000489 0.2999511 0.7000489 0.2999511 0.8 0.1999999 0.9000123 0.09998774 0.5999023 0.4000977 0.5999023 0.4000977 0.5999023 0.4000977 0.5999023 0.4000977 0.5999023 0.4000977 0.7000489 0.2999511 0.2999511 0.7000489 0.5999023 0.4000977 0.5 0.5 0.5 0.5 0.2999511 0.7000489 0.5999023 0.4000977 0.09998774 0.9000123 1 1 1 1 1 1 1 1 1 1 1 1 1 1 1 1 1 1 1 1 1 1 1 1 1 1 1 1 1 1 1 1 1 1 1 1 1 1 1 1 1 1 1 1 1 1 1 1 1 1 1 1 1 1 1 1 1 1 1 1 0.1999999 0.8 0.09998774 0.9000123 0.09998774 0.9000123 0.09998774 0.9000123 1 1 1 0.1999999 0.8 0.09998774 0.9000123 0.1999999 0.8 1 0.1999999 0.8 0.2999511 0.7000489 1 0.1999999 0.8 0.09998774 0.9000123 0.1999999 0.8 0.1999999 0.8 0.2999511 0.7000489 0.2999511 0.7000489 1 1 1 1 1 1 1 1 1 0.2999511 0.7000489 1 0.2999511 0.7000489 1 0.2999511 0.7000489 1 1 1 1 1 1 1 1 1 1 1 1 1 1 1 1 1 1 1 1 1 1 1 1 1 1 1 1 1 1 1 1 1 1 1 1 1 1 1 1 1 1 1 1 1 1 1 1 1 1 1 1 1 1 1 1 1 1 1 1 1 1 1 1 1 1 1 1 1 1 1 1 1 1 1 1 1 1 1 1 1 1 1 1 1 1 1 1 1 1 1 1 1 1 1 1 1 1 1 1 1 1 1 1 1 1 1 1 1 1 1 1 1 1 1 1 1 1 1 1 1 1 1 1 1 1 1 1 1 1 1 1 1 1 1 1 1 1 0.09998774 0.9000123 0.09998774 0.9000123 1 0.09998774 0.9000123 1 1 0.09998774 0.9000123 1 1 1 1 1 1 1 1 1 1 1 1 1 1 1 1 1 1 1 1 1 1 1 1 1 1 1 1 1 1 1 1 1 1 0.2999511 0.7000489 0.2999511 0.7000489 0.1999999 0.8 1 1 1 1 1 0.1999999 0.8 0.1999999 0.8 1 1 1 1 1 1 1 1 1 0.2999511 0.7000489 0.2999511 0.7000489 1 1 0.2999511 0.7000489 1 1 1 1 1 1 1 1 1 1 1 1 1 1 1 1 1 1 1 1 1 1 1 1 1 1 1 1 1 1 1 1 1 1 1 1 1 1 1 1 1 1 1 1 1 1 1 1 1 1 1 1 1 1 1 1 1 1 1 1 1 1 1 1 1 1 1 1 1 1 1 1 1 1 1 1 1 1 1 1 1 1 1 1 1 1 1 1 1 1 1 1 1 1 1 1 1 1 1 1 1 1 1 1 1 1 1 1 1 1 1 1 1 1 1 1 1 1 1 1 1 1 1 1 1 1 1 1 1 1 1 1 1 1 1 1 1 0.09998774 0.9000123 1 0.09998774 0.9000123 1 0.09998774 0.9000123 1 1 0.09998774 0.9000123 1 1 1 1 1 1 1 1 1 1 1 1 1 1 1 1 1 1 1 1 1 1 1 1 1 1 1 1 1 1 1 1 1 1 0.2999511 0.7000489 0.2999511 0.7000489 0.1999999 0.8 1 1 1 1 1 0.1999999 0.8 0.1999999 0.8 0.5999023 0.4000977 0.5999023 0.4000977 0.1999999 0.8 0.1999999 0.8 1 1 1 0.2999511 0.7000489 1 1 1 1 0.1999999 0.8 0.09998774 0.9000123 0.1999999 0.8 0.09998774 0.9000123 0.09998774 0.9000123 1 0.09998774 0.9000123 0.09998774 0.9000123 0.1999999 0.8 1 1 0.5999023 0.4000977 0.1999999 0.8 0.5999023 0.4000977 0.1999999 0.8 0.5999023 0.4000977 0.5999023 0.4000977 0.1999999 0.8 0.5999023 0.4000977 0.1999999 0.8 1 0.5999023 0.4000977 1 0.5999023 0.4000977 0.1999999 0.8 0.5999023 0.4000977 1 1 1 0.5999023 0.4000977 1 0.1999999 0.8 0.1999999 0.8 0.09998774 0.9000123 0.09998774 0.9000123 0.1999999 0.8 0.09998774 0.9000123 1 1 1 1 1 1 1 0.7000489 0.2999511 1 1 1 1 1 0.7000489 0.2999511 0.7000489 0.2999511 1 0.5999023 0.4000977 0.5 0.5 1 1 1 1 0.09998774 0.9000123 1 0.7000489 0.2999511 1 0.5999023 0.4000977 0.5 0.5 1 1 0.5 0.5 0.5 0.5 0.5999023 0.4000977 0.5 0.5 0.5999023 0.4000977 0.5 0.5 0.5 0.5 0.5999023 0.4000977 1 0.5999023 0.4000977 1 0.5999023 0.4000977 1 0.7000489 0.2999511 1 0.5999023 0.4000977 1 1 1 1 1 1 1 1 1 1 1 0.7000489 0.2999511 1 1 1 1 1 1 1 1 1 1 1 0.5999023 0.4000977 0.5999023 0.4000977 0.5999023 0.4000977 0.5999023 0.4000977 0.5999023 0.4000977 1 0.5999023 0.4000977 0.5999023 0.4000977 0.5999023 0.4000977 0.5999023 0.4000977 1 1 0.5999023 0.4000977 0.5999023 0.4000977 0.5999023 0.4000977 1 1 1 1 1 1 1 1 1 1 1 1 0.5999023 0.4000977 1 0.5999023 0.4000977 1 1 0.5999023 0.4000977 1 1 1 1 1 0.1999999 0.8 0.1999999 0.8 1 1 1 1 1 1 1 1 1 0.1999999 0.8 0.1999999 0.8 1 1 0.1999999 0.8 1 0.1999999 0.8 1 0.1999999 0.8 1 1 0.1999999 0.8 1 1 1 1 1 1 1 1 1 1 1 1 1 1 1 1 1 1 1 1 1 1 1 1 1 1 1 1 1 1 1 1 1 1 1 1 1 1 0.9000123 0.09998774 1 1 1 1 1 1 1 1 1 1 1 1 0.8 0.1999999 1 1 0.1999999 0.8 0.5 0.5 0.9000123 0.09998774 0.5 0.5 0.9000123 0.09998774 0.5 0.5 0.9000123 0.09998774 0.5 0.5 0.9000123 0.09998774 0.5 0.5 0.5 0.5 0.9000123 0.09998774 0.9000123 0.09998774 0.9000123 0.09998774 0.5 0.5 0.9000123 0.09998774 0.9000123 0.09998774 0.9000123 0.09998774 0.9000123 0.09998774 0.9000123 0.09998774 0.9000123 0.09998774 0.9000123 0.09998774 1 1 1 1 1 1 1 1 1 1 1 1 1 1 1 1 0.4000977 0.5999023 0.1999999 0.8 0.4000977 0.5999023 0.9000123 0.09998774 0.5999023 0.4000977 0.9000123 0.09998774 0.9000123 0.09998774 0.5999023 0.4000977 0.9000123 0.09998774 0.9000123 0.09998774 0.9000123 0.09998774 0.5999023 0.4000977 0.5999023 0.4000977 0.5999023 0.4000977 0.9000123 0.09998774 0.9000123 0.09998774 0.5999023 0.4000977 0.1999999 0.8 0.1999999 0.8 0.9000123 0.09998774 0.1999999 0.8 0.1999999 0.8 0.9000123 0.09998774 0.5999023 0.4000977 0.5999023 0.4000977 0.4000977 0.5999023 0.4000977 0.5999023 0.5999023 0.4000977 0.5999023 0.4000977 0.9000123 0.09998774 0.9000123 0.09998774 0.4000977 0.5999023 0.4000977 0.5999023 0.4000977 0.5999023 0.4000977 0.5999023 0.5999023 0.4000977 0.1999999 0.8 0.1999999 0.8 0.1999999 0.8 0.4000977 0.5999023 0.4000977 0.5999023 0.1999999 0.8 0.1999999 0.8 0.1999999 0.8 0.4000977 0.5999023 0.4000977 0.5999023 0.1999999 0.8 0.1999999 0.8 0.4000977 0.5999023 0.4000977 0.5999023 0.1999999 0.8 0.1999999 0.8 0.2999511 0.7000489 0.5999023 0.4000977 0.4000977 0.5999023 0.5999023 0.4000977 0.4000977 0.5999023 0.5999023 0.4000977 0.4000977 0.5999023 0.4000977 0.5999023 0.4000977 0.5999023 0.5999023 0.4000977 0.5999023 0.4000977 0.4000977 0.5999023 0.5999023 0.4000977 0.4000977 0.5999023 0.5999023 0.4000977 0.1999999 0.8 0.1999999 0.8 0.1999999 0.8 0.1999999 0.8 0.4000977 0.5999023 0.5999023 0.4000977 0.4000977 0.5999023 1 1 0.8 0.1999999 0.8 0.1999999 1 0.8 0.1999999 1 0.8 0.1999999 0.8 0.1999999 1 0.8 0.1999999 1 1 0.8 0.1999999 1 0.8 0.1999999 0.8 0.1999999 1 0.8 0.1999999 1 1 0.8 0.1999999 1 1 1 1 1 1 1 1 1 1 1 1 1 0.5 0.5 0.5 0.5 0.8 0.1999999 0.09998774 0.9000123 0.09998774 0.9000123 1 0.09998774 0.9000123 0.09998774 0.9000123 1 0.09998774 0.9000123 0.09998774 0.9000123 1 1 0.5 0.5 0.5 0.5 0.5 0.5 0.5 0.5 0.5 0.5 0.5 0.5 0.5 0.5 0.5 0.5 0.5 0.5 0.5 0.5 0.5 0.5 0.5 0.5 0.5 0.5 0.5 0.5 0.5 0.5 0.5 0.5 0.5 0.5 0.1999999 0.8 0.5999023 0.4000977 0.1999999 0.8 0.5999023 0.4000977 0.2999511 0.7000489 1 1 1 1 1 1 1 0.09998774 0.9000123 0.09998774 0.9000123 0.1999999 0.8 0.1999999 0.8 1 0.09998774 0.9000123 0.09998774 0.9000123 0.1999999 0.8 0.09998774 0.9000123 1 0.5999023 0.4000977 1 0.5999023 0.4000977 0.5999023 0.4000977 0.1999999 0.8 0.1999999 0.8 0.5999023 0.4000977 0.5999023 0.4000977 0.1999999 0.8 0.1999999 0.8 1 1 0.5999023 0.4000977 0.1999999 0.8 0.5999023 0.4000977 0.5999023 0.4000977 1 1 1 0.5999023 0.4000977 1 0.09998774 0.9000123 0.1999999 0.8 0.09998774 0.9000123 0.1999999 0.8 0.09998774 0.9000123 0.1999999 0.8 1 1 1 1 1 1 1 0.7000489 0.2999511 1 1 1 1 1 0.7000489 0.2999511 1 0.7000489 0.2999511 0.5999023 0.4000977 0.5 0.5 1 1 1 1 0.09998774 0.9000123 1 1 0.7000489 0.2999511 1 0.5999023 0.4000977 1 0.5999023 0.4000977 0.5999023 0.4000977 0.5 0.5 0.5 0.5 0.5 0.5 0.5999023 0.4000977 0.5 0.5 0.5 0.5 1 0.5999023 0.4000977 1 1 0.5999023 0.4000977 0.5999023 0.4000977 0.7000489 0.2999511 0.5999023 0.4000977 1 1 1 1 1 1 1 1 1 1 1 0.5999023 0.4000977 0.7000489 0.2999511 1 1 1 1 1 1 1 1 1 1 0.5999023 0.4000977 0.5999023 0.4000977 0.5999023 0.4000977 0.5999023 0.4000977 0.5999023 0.4000977 0.5999023 0.4000977 0.5999023 0.4000977 0.5999023 0.4000977 0.5999023 0.4000977 0.5999023 0.4000977 0.5999023 0.4000977 1 1 0.5999023 0.4000977 0.5999023 0.4000977 0.5999023 0.4000977 1 1 1 1 1 1 1 1 1 1 1 1 1 1 0.5999023 0.4000977 0.5999023 0.4000977 0.5999023 0.4000977 1 1 1 1 1 1 0.1999999 0.8 0.1999999 0.8 1 1 1 1 1 1 1 1 1 0.1999999 0.8 1 0.1999999 0.8 1 0.1999999 0.8 1 0.1999999 0.8 1 0.1999999 0.8 1 0.1999999 0.8 1 1 1 1 1 1 1 1 1 1 1 1 1 1 1 1 1 1 1 1 1 1 1 1 1 1 1 1 1 1 1 1 1 1 1 1 1 1 1 1 0.9000123 0.09998774 1 1 1 1 1 1 1 1 1 1 1 0.8 0.1999999 1 1 0.1999999 0.8 0.9000123 0.09998774 0.9000123 0.09998774 0.5 0.5 0.5 0.5 0.9000123 0.09998774 0.5 0.5 0.9000123 0.09998774 0.5 0.5 0.5 0.5 0.9000123 0.09998774 0.5 0.5 0.9000123 0.09998774 0.9000123 0.09998774 0.5 0.5 0.9000123 0.09998774 0.9000123 0.09998774 0.9000123 0.09998774 0.9000123 0.09998774 0.9000123 0.09998774 0.9000123 0.09998774 0.9000123 0.09998774 1 1 1 1 1 1 1 1 1 1 1 1 1 1 1 1 1 0.09998774 0.9000123 0.09998774 0.9000123 1 1 0.09998774 0.9000123 0.09998774 0.9000123 0.09998774 0.9000123 0.09998774 0.9000123 0.09998774 0.9000123 0.09998774 0.9000123 1 0.09998774 0.9000123 0.09998774 0.9000123 1 1 1 0.09998774 0.9000123 1 0.09998774 0.9000123 0.09998774 0.9000123 1 1 1 1 1 1 1 1 1 1 1 1 1 1 1 1 1 1 1 1 0.09998774 0.9000123 1 0.09998774 0.9000123 1 1 1 0.09998774 0.9000123 1 0.09998774 0.9000123 0.09998774 0.9000123 1 0.1999999 0.8 0.09998774 0.9000123 1 1 0.09998774 0.9000123 0.09998774 0.9000123 0.09998774 0.9000123 0.09998774 0.9000123 0.09998774 0.9000123 0.09998774 0.9000123 0.09998774 0.9000123 1 1 0.09998774 0.9000123 1 0.09998774 0.9000123 0.09998774 0.9000123 0.09998774 0.9000123 0.09998774 0.9000123 0.09998774 0.9000123 1 0.09998774 0.9000123 1 1 0.09998774 0.9000123 0.09998774 0.9000123 0.09998774 0.9000123 0.09998774 0.9000123 0.09998774 0.9000123 0.1999999 0.8 1 0.09998774 0.9000123 1 1 1 0.1999999 0.8 1 0.09998774 0.9000123 0.1999999 0.8 1 0.2999511 0.7000489 0.1999999 0.8 1 0.09998774 0.9000123 0.1999999 0.8 0.1999999 0.8 0.1999999 0.8 0.2999511 0.7000489 0.2999511 0.7000489 1 1 1 1 1 1 1 1 1 1 1 1 1 1 1 1 1 1 1 1 1 1 1 1 1 1 1 1 1 1 0.09998774 0.9000123 0.09998774 0.9000123 0.09998774 0.9000123 0.09998774 0.9000123 0.09998774 0.9000123 0.09998774 0.9000123 0.09998774 0.9000123 0.09998774 0.9000123 1 0.8792284 0.1207717 0.9000123 0.09998774 0.8 0.1999999 0.09998774 0.9000123 0.09998774 0.9000123 0.7000489 0.2999511 0.7000489 0.2999511 1 0.9000123 0.09998774 0.8792284 0.1207717 0.8 0.1999999 0.09998774 0.9000123 0.09998774 0.9000123 0.7000489 0.2999511 0.7000489 0.2999511 0.8 0.1999999 0.9000123 0.09998774 1 0.09998774 0.9000123 0.7003663 0.2996337 0.5969712 0.4030288 0.5999023 0.4000977 0.5964827 0.4035174 0.5969712 0.4030288 0.1999999 0.8 0.1999999 0.8 0.1999999 0.8 0.1999999 0.8 0.1999999 0.8 0.5645909 0.435409 0.5074481 0.4925519 0.2999511 0.7000489 0.5010989 0.4989011 0.2999511 0.7000489 0.5074481 0.4925519 0.5645909 0.435409 0.09998774 0.9000123 0.8 0.1999999 0.5 0.5 0.5 0.5 0.8 0.1999999 0.5999023 0.4000977 0.4000977 0.5999023 0.5999023 0.4000977 0.4000977 0.5999023 0.1999999 0.8 0.1999999 0.8 0.1999999 0.8 0.1999999 0.8 1 0.09998774 0.9000123 1 0.09998774 0.9000123 0.09998774 0.9000123 0.09998774 0.9000123 1 0.09998774 0.9000123 0.09998774 0.9000123 0.09998774 0.9000123 0.1999999 0.8 0.09998774 0.9000123 0.4000977 0.5999023 0.1999999 0.8 0.1999999 0.8 0.4000977 0.5999023 0.2999511 0.7000489 0.2999511 0.7000489 0.4000977 0.5999023 0.5999023 0.4000977 0.2999511 0.7000489 0.5 0.5 0.8 0.1999999 0.5999023 0.4000977 0.5999023 0.4000977 0.5999023 0.4000977 0.5999023 0.4000977 0.9000123 0.09998774 0.9000123 0.09998774 0.5999023 0.4000977 0.9000123 0.09998774 0.9000123 0.09998774 0.9000123 0.09998774 0.4000977 0.5999023 0.1999999 0.8 0.09998774 0.9000123 0.09998774 0.9000123 0.09998774 0.9000123 0.09998774 0.9000123 0.09998774 0.9000123 0.09998774 0.9000123 0.09998774 0.9000123 0.09998774 0.9000123 0.09998774 0.9000123 0.09998774 0.9000123 0.09998774 0.9000123 0.09998774 0.9000123 0.09998774 0.9000123 1 0.09998774 0.9000123 0.09998774 0.9000123 1 0.09998774 0.9000123 0.9000123 0.09998774 0.5999023 0.4000977 0.5999023 0.4000977 0.9000123 0.09998774 0.9000123 0.09998774 0.5999023 0.4000977 0.9000123 0.09998774 0.5999023 0.4000977 0.4000977 0.5999023 0.4000977 0.5999023 0.4000977 0.5999023 0.4000977 0.5999023 0.5999023 0.4000977 0.5999023 0.4000977 0.4000977 0.5999023 0.4000977 0.5999023 0.1999999 0.8 0.1999999 0.8 0.1999999 0.8 0.1999999 0.8 0.1999999 0.8 0.1999999 0.8 0.09998774 0.9000123 1 0.09998774 0.9000123 0.09998774 0.9000123 0.09998774 0.9000123 1 0.09998774 0.9000123 0.09998774 0.9000123 1 0.09998774 0.9000123 0.09998774 0.9000123 0.09998774 0.9000123 0.09998774 0.9000123 0.09998774 0.9000123 0.09998774 0.9000123 0.4000977 0.5999023 0.1999999 0.8 0.1999999 0.8 0.4000977 0.5999023 0.9000123 0.09998774 0.9000123 0.09998774 0.9000123 0.09998774 0.9000123 0.09998774 0.5999023 0.4000977 0.9000123 0.09998774 0.5999023 0.4000977 0.4000977 0.5999023 0.1999999 0.8 0.09998774 0.9000123 0.09998774 0.9000123 0.4000977 0.5999023 0.4000977 0.5999023 0.1999999 0.8 0.1999999 0.8 0.4000977 0.5999023 0.1999999 0.8 0.1999999 0.8 0.1999999 0.8 0.8 0.1999999 0.7000489 0.2999511 0.7000489 0.2999511 0.8 0.1999999 0.7000489 0.2999511 0.7000489 0.2999511 0.8 0.1999999 0.8 0.1999999 0.7000489 0.2999511 0.8 0.1999999 0.8 0.1999999 0.7000489 0.2999511 0.4000977 0.5999023 0.4000977 0.5999023 0.8 0.1999999 0.1999999 0.8 0.1999999 0.8 0.8 0.1999999 0.4000977 0.5999023 0.4000977 0.5999023 0.8 0.1999999 0.4000977 0.5999023 0.1999999 0.8 0.8 0.1999999 0.7000489 0.2999511 0.5999023 0.4000977 0.5999023 0.4000977 0.4000977 0.5999023 0.4000977 0.5999023 0.5999023 0.4000977 0.5999023 0.4000977 0.4000977 0.5999023 0.5999023 0.4000977 0.5999023 0.4000977 0.4000977 0.5999023 0.5999023 0.4000977 0.4000977 0.5999023 0.4000977 0.5999023 0.5999023 0.4000977 0.5999023 0.4000977 0.4000977 0.5999023 0.4000977 0.5999023 0.4000977 0.5999023 0.4000977 0.5999023 0.4000977 0.5999023 0.4000977 0.5999023 0.1999999 0.8 0.1999999 0.8 0.1999999 0.8 0.1999999 0.8 0.1999999 0.8 0.1999999 0.8 0.09998774 0.9000123 0.09998774 0.9000123 1 0.09998774 0.9000123 0.09998774 0.9000123 1 0.09998774 0.9000123 1 0.09998774 0.9000123 0.09998774 0.9000123 0.09998774 0.9000123 0.09998774 0.9000123 0.09998774 0.9000123 0.09998774 0.9000123 0.09998774 0.9000123 0.1999999 0.8 0.1999999 0.8 0.4000977 0.5999023 0.5999023 0.4000977 0.4000977 0.5999023 0.1999999 0.8 0.09998774 0.9000123 0.09998774 0.9000123 0.4000977 0.5999023 0.4000977 0.5999023 0.5999023 0.4000977 0.5999023 0.4000977 0.4000977 0.5999023 0.4000977 0.5999023 0.1999999 0.8 0.1999999 0.8 0.09998774 0.9000123 0.09998774 0.9000123 0.5999023 0.4000977 0.4000977 0.5999023 0.4000977 0.5999023 0.5999023 0.4000977 0.4000977 0.5999023 0.4000977 0.5999023 0.5999023 0.4000977 0.5999023 0.4000977 0.4000977 0.5999023 0.1999999 0.8 0.1999999 0.8 0.1999999 0.8 0.1999999 0.8 0.1999999 0.8 0.09998774 0.9000123 0.09998774 0.9000123 0.09998774 0.9000123 0.09998774 0.9000123 0.09998774 0.9000123 0.09998774 0.9000123 0.09998774 0.9000123 0.09998774 0.9000123 0.09998774 0.9000123 0.09998774 0.9000123 1 1 1 0.2999511 0.7000489 0.5999023 0.4000977 0.4000977 0.5999023 0.4000977 0.5999023 0.1999999 0.8 0.4000977 0.5999023 0.1999999 0.8 0.4000977 0.5999023 0.4000977 0.5999023 0.1999999 0.8 0.4000977 0.5999023 0.4000977 0.5999023 0.4000977 0.5999023 0.1999999 0.8 0.1999999 0.8 0.4000977 0.5999023 0.4000977 0.5999023 0.1999999 0.8 0.4000977 0.5999023 0.1999999 0.8 0.09998774 0.9000123 0.09998774 0.9000123 0.5999023 0.4000977 0.5999023 0.4000977 0.4000977 0.5999023 0.4000977 0.5999023 0.5999023 0.4000977 0.4000977 0.5999023 0.4000977 0.5999023 0.5999023 0.4000977 0.4000977 0.5999023 0.4000977 0.5999023 0.1999999 0.8 0.1999999 0.8 0.1999999 0.8 0.1999999 0.8 0.1999999 0.8 0.9000123 0.09998774 0.9000123 0.09998774 0.9000123 0.09998774 0.5999023 0.4000977 0.9000123 0.09998774 0.8 0.1999999 0.1999999 0.8 0.1999999 0.8 0.8 0.1999999 0.9000123 0.09998774 0.9000123 0.09998774 0.5999023 0.4000977 0.4000977 0.5999023 0.1999999 0.8 0.09998774 0.9000123 0.09998774 0.9000123 1 0.09998774 0.9000123 1 0.09998774 0.9000123 0.09998774 0.9000123 0.09998774 0.9000123 1 0.09998774 0.9000123 0.09998774 0.9000123 0.1999999 0.8 0.09998774 0.9000123 0.09998774 0.9000123 0.09998774 0.9000123 0.09998774 0.9000123 0.09998774 0.9000123 0.09998774 0.9000123 0.5999023 0.4000977 0.5999023 0.4000977 0.5 0.5 0.5 0.5 0.5 0.5 0.5 0.5 0.5 0.5 0.5 0.5 0.5999023 0.4000977 0.5999023 0.4000977 0.5999023 0.4000977 0.5 0.5 0.5 0.5 0.5 0.5 0.5 0.5 0.5 0.5 0.5 0.5 0.5 0.5 0.5 0.5 0.5 0.5 0.5 0.5 0.5 0.5 0.5 0.5 0.5 0.5 0.8 0.1999999 0.4000977 0.5999023 0.1999999 0.8 0.1999999 0.8 0.4000977 0.5999023 0.4000977 0.5999023 0.4000977 0.5999023 0.8 0.1999999 0.4000977 0.5999023 0.8 0.1999999 0.9000123 0.09998774 0.9000123 0.09998774 0.5999023 0.4000977 0.5999023 0.4000977 0.1999999 0.8 0.4000977 0.5999023 0.1999999 0.8 0.4000977 0.5999023 0.5999023 0.4000977 0.4000977 0.5999023 0.4000977 0.5999023 0.5999023 0.4000977 0.5999023 0.4000977 0.4000977 0.5999023 0.4000977 0.5999023 0.1999999 0.8 0.1999999 0.8 0.1999999 0.8 0.1999999 0.8 0.9000123 0.09998774 0.9000123 0.09998774 0.09998774 0.9000123 1 0.09998774 0.9000123 0.09998774 0.9000123 0.09998774 0.9000123 1 0.09998774 0.9000123 0.09998774 0.9000123 1 0.09998774 0.9000123 0.09998774 0.9000123 0.09998774 0.9000123 0.09998774 0.9000123 0.09998774 0.9000123 0.09998774 0.9000123 0.4000977 0.5999023 0.1999999 0.8 0.1999999 0.8 0.9000123 0.09998774 0.1999999 0.8 0.9000123 0.09998774 0.9000123 0.09998774 0.9000123 0.09998774 0.5999023 0.4000977 0.5999023 0.4000977 0.9000123 0.09998774 0.9000123 0.09998774 0.1999999 0.8 0.1999999 0.8 0.4000977 0.5999023 0.1999999 0.8 0.1999999 0.8 0.4000977 0.5999023 0.1999999 0.8 0.5999023 0.4000977 0.4000977 0.5999023 0.1999999 0.8 0.09998774 0.9000123 0.09998774 0.9000123 0.5999023 0.4000977 0.5999023 0.4000977 0.4000977 0.5999023 0.5999023 0.4000977 0.4000977 0.5999023 0.8 0.1999999 0.4000977 0.5999023 0.4000977 0.5999023 0.5999023 0.4000977 0.4000977 0.5999023 0.5999023 0.4000977 0.5999023 0.4000977 0.4000977 0.5999023 0.4000977 0.5999023 0.4000977 0.5999023 0.4000977 0.5999023 0.4000977 0.5999023 0.09998774 0.9000123 0.1999999 0.8 0.1999999 0.8 0.09998774 0.9000123 0.09998774 0.9000123 0.1999999 0.8 0.09998774 0.9000123 0.1999999 0.8 0.1999999 0.8 0.09998774 0.9000123 0.09998774 0.9000123 1 0.09998774 0.9000123 0.09998774 0.9000123 0.09998774 0.9000123 1 1 0.09998774 0.9000123 0.09998774 0.9000123 0.09998774 0.9000123 0.4000977 0.5999023 0.1999999 0.8 0.4000977 0.5999023 0.1999999 0.8 0.4000977 0.5999023 0.1999999 0.8 0.1999999 0.8 0.4000977 0.5999023 0.4000977 0.5999023 0.09998774 0.9000123 0.09998774 0.9000123 0.1999999 0.8 0.4000977 0.5999023 0.5999023 0.4000977 0.4000977 0.5999023 0.4000977 0.5999023 0.9000123 0.09998774 0.4000977 0.5999023 0.1999999 0.8 0.1999999 0.8 0.9000123 0.09998774 0.5 0.5 0.8 0.1999999 0.1999999 0.8 0.4000977 0.5999023 0.1999999 0.8 0.4000977 0.5999023 0.4000977 0.5999023 0.8 0.1999999 0.4000977 0.5999023 0.5 0.5 0.4000977 0.5999023 0.5 0.5 0.8 0.1999999 0.9000123 0.09998774 1 1 0.09998774 0.9000123 0.09998774 0.9000123 0.1999999 0.8 0.2999511 0.7000489 0.2999511 0.7000489 0.1999999 0.8 0.7000489 0.2999511 0.5999023 0.4000977 1 0.9000123 0.09998774 0.8 0.1999999 0.09998774 0.9000123 0.7003663 0.2996337 0.5999023 0.4000977 0.5999023 0.4000977 0.1999999 0.8 0.8 0.1999999 0.7000489 0.2999511 1 1 1 1 1 1 0.5 0.5 0.4000977 0.5999023 0.5 0.5 0.4000977 0.5999023 0.2999511 0.7000489 0.2999511 0.7000489 0.1999999 0.8 0.1999999 0.8 0.5 0.5 0.5 0.5 1 1 0.05000305 0.949997 0.05000305 0.949997 0.125 0.8750001 0.125 0.8750001 1 1 1 1 0.7000489 0.2999511 1 0.9000123 0.09998774 1 0.8 0.1999999 1 1 0.09998774 0.9000123 1 0.09998774 0.9000123 1 0.5 0.5 0.5 0.5 0.4000977 0.5999023 0.4000977 0.5999023 0.5 0.5 0.4000977 0.5999023 0.2999511 0.7000489 0.2999511 0.7000489 0.2999511 0.7000489 0.1999999 0.8 0.1999999 0.8 0.1999999 0.8 0.5 0.5 0.5 0.5 0.5 0.5 0.05000305 0.949997 1 0.05000305 0.949997 1 0.05000305 0.949997 1 0.125 0.8750001 0.125 0.8750001 0.125 0.8750001 1 1 1 1 1 0.4000977 0.5999023 0.4000977 0.5999023 0.4000977 0.5999023 0.09998774 0.9000123 0.2999511 0.7000489 0.5 0.5 0.5 0.5 0.09998774 0.9000123 0.09998774 0.9000123 0.09998774 0.9000123 0.2999511 0.7000489 0.5 0.5 0.2999511 0.7000489 0.5 0.5 0.2999511 0.7000489 0.09998774 0.9000123 0.09998774 0.9000123 1 1 0.8 0.1999999 0.5 0.5 0.5 0.5 0.4000977 0.5999023 0.2999511 0.7000489 0.1999999 0.8 0.125 0.8750001 0.05000305 0.949997 1 1 1 0.7000489 0.2999511 1 0.8 0.1999999 1 1 1 1 0.5 0.5 0.5 0.5 0.4000977 0.5999023 0.4000977 0.5999023 0.2999511 0.7000489 0.2999511 0.7000489 0.1999999 0.8 0.1999999 0.8 0.5 0.5 0.5 0.5 0.05000305 0.949997 1 0.05000305 0.949997 1 0.125 0.8750001 0.125 0.8750001 1 1 1 0.9000123 0.09998774 0.7000489 0.2999511 1 1 0.8 0.1999999 1 1 1 0.09998774 0.9000123 1 1 0.09998774 0.9000123 0.5 0.5 0.4000977 0.5999023 0.5 0.5 0.4000977 0.5999023 0.5 0.5 0.4000977 0.5999023 0.2999511 0.7000489 0.2999511 0.7000489 0.2999511 0.7000489 0.1999999 0.8 0.1999999 0.8 0.1999999 0.8 0.5 0.5 0.5 0.5 0.5 0.5 1 1 0.05000305 0.949997 0.05000305 0.949997 1 0.05000305 0.949997 0.125 0.8750001 0.125 0.8750001 0.125 0.8750001 1 1 1 1 0.4000977 0.5999023 1 0.4000977 0.5999023 0.4000977 0.5999023 0.09998774 0.9000123 0.5 0.5 0.2999511 0.7000489 0.09998774 0.9000123 0.09998774 0.9000123 0.09998774 0.9000123 0.2999511 0.7000489 0.5 0.5 0.2999511 0.7000489 0.5 0.5 0.5 0.5 0.2999511 0.7000489 0.2999511 0.7000489 0.09998774 0.9000123 0.09998774 0.9000123 1 1 0.8 0.1999999 0.5 0.5 0.5 0.5 0.4000977 0.5999023 0.2999511 0.7000489 0.1999999 0.8 0.125 0.8750001 0.05000305 0.949997 1 1 0.2999511 0.7000489 0.2999511 0.7000489 0.2999511 0.7000489 0.2999511 0.7000489 0.3001221 0.6998779 0.394724 0.605276 1 0.3888618 0.6111383 1 0.4021978 0.5978022 0.5 0.5 0.389011 0.610989 1 0.394724 0.605276 1 0.4021978 0.5978022 0.5 0.5 0.3001221 0.6998779 0.3888618 0.6111383 0.394724 0.605276 0.389011 0.610989 0.394724 0.605276 0.4021978 0.5978022 0.4021978 0.5978022</float_array>
          <technique_common>
            <accessor source="#chr626_armature_chr626_0-skin-weights-array" count="3740" stride="1">
              <param name="WEIGHT" type="float"/>
            </accessor>
          </technique_common>
        </source>
        <joints>
          <input semantic="JOINT" source="#chr626_armature_chr626_0-skin-joints"/>
          <input semantic="INV_BIND_MATRIX" source="#chr626_armature_chr626_0-skin-bind_poses"/>
        </joints>
        <vertex_weights count="2388">
          <input semantic="JOINT" source="#chr626_armature_chr626_0-skin-joints" offset="0"/>
          <input semantic="WEIGHT" source="#chr626_armature_chr626_0-skin-weights" offset="1"/>
          <vcount>2 2 2 2 2 1 1 2 1 2 1 2 2 2 2 2 2 2 2 2 2 2 2 2 2 2 2 2 2 1 1 2 1 2 1 2 2 2 2 2 2 2 2 2 2 2 2 2 2 2 2 2 2 1 1 2 1 2 1 2 2 2 2 2 2 2 2 2 2 2 2 2 2 2 2 2 2 1 1 2 1 2 1 2 2 2 2 2 2 2 2 2 2 2 2 2 2 2 2 2 2 1 1 2 1 2 1 2 2 2 2 2 2 2 2 2 2 2 2 2 2 2 2 2 2 1 1 2 1 2 1 2 2 2 2 2 2 2 2 2 2 2 2 2 2 2 2 2 2 1 1 2 1 2 1 2 2 2 2 2 2 2 2 2 2 2 2 2 2 2 2 2 2 1 1 2 1 2 1 2 2 2 2 2 2 2 2 2 2 2 2 2 2 2 2 2 2 1 1 2 1 2 1 2 2 2 2 2 2 2 2 2 2 2 2 2 2 2 2 2 2 1 1 2 1 2 1 2 2 2 2 2 2 2 2 2 2 2 2 2 2 2 2 2 2 1 1 2 1 2 1 2 2 2 2 2 2 2 2 2 2 2 2 2 2 2 2 2 2 1 1 2 1 2 1 2 2 2 2 2 2 2 2 2 2 2 2 2 2 2 1 1 1 2 2 2 2 2 2 2 2 2 2 2 1 1 2 2 1 2 2 2 2 2 2 2 2 2 2 2 2 2 2 2 2 2 2 2 2 2 2 2 2 2 2 1 1 1 1 1 1 1 1 1 1 1 1 1 1 1 1 1 1 1 1 1 1 1 1 1 1 1 1 1 1 1 1 1 1 1 1 1 1 1 1 1 1 1 1 1 1 1 1 1 1 1 1 1 1 1 1 1 1 1 1 2 2 2 2 1 1 1 2 2 2 1 2 2 1 2 2 2 2 2 2 1 1 1 1 1 1 1 1 1 2 1 2 1 2 1 1 1 1 1 1 1 1 1 1 1 1 1 1 1 1 1 1 1 1 1 1 1 1 1 1 1 1 1 1 1 1 1 1 1 1 1 1 1 1 1 1 1 1 1 1 1 1 1 1 1 1 1 1 1 1 1 1 1 1 1 1 1 1 1 1 1 1 1 1 1 1 1 1 1 1 1 1 1 1 1 1 1 1 1 1 1 1 1 1 1 1 1 1 1 1 1 1 1 1 1 1 1 1 1 1 1 1 1 1 1 1 1 1 1 1 1 1 1 1 1 1 1 1 1 1 1 1 1 1 1 1 1 1 1 1 1 1 2 2 1 2 1 1 2 1 1 1 1 1 1 1 1 1 1 1 1 1 1 1 1 1 1 1 1 1 1 1 1 1 1 1 1 1 1 1 1 1 1 2 2 2 1 1 1 1 1 2 2 1 1 1 1 1 1 1 1 1 2 2 1 1 2 1 1 1 1 1 1 1 1 1 1 1 1 1 1 1 1 1 1 1 1 1 1 1 1 1 1 1 1 1 1 1 1 1 1 1 1 1 1 1 1 1 1 1 1 1 1 1 1 1 1 1 1 1 1 1 1 1 1 1 1 1 1 1 1 1 1 1 1 1 1 1 1 1 1 1 1 1 1 1 1 1 1 1 1 1 1 1 1 1 1 1 1 1 1 1 1 1 1 1 1 1 1 1 1 1 1 1 1 1 1 1 1 1 1 1 1 1 1 1 1 1 1 1 1 1 1 1 1 1 1 1 1 1 1 1 1 1 2 1 2 1 2 1 1 2 1 1 1 1 1 1 1 1 1 1 1 1 1 1 1 1 1 1 1 1 1 1 1 1 1 1 1 1 1 1 1 1 1 1 2 2 2 1 1 1 1 1 2 2 2 2 2 2 1 1 1 2 1 1 1 1 2 2 2 2 2 1 2 2 2 1 1 2 2 2 2 2 2 2 2 2 1 2 1 2 2 2 1 1 1 2 1 2 2 2 2 2 2 1 1 1 1 1 1 1 2 1 1 1 1 1 2 2 1 2 2 1 1 1 1 2 1 2 1 2 2 1 1 2 2 2 2 2 2 2 2 1 2 1 2 1 2 1 2 1 1 1 1 1 1 1 1 1 1 1 2 1 1 1 1 1 1 1 1 1 1 1 2 2 2 2 2 1 2 2 2 2 1 1 2 2 2 1 1 1 1 1 1 1 1 1 1 1 1 2 1 2 1 1 2 1 1 1 1 1 2 2 1 1 1 1 1 1 1 1 1 2 2 1 1 2 1 2 1 2 1 1 2 1 1 1 1 1 1 1 1 1 1 1 1 1 1 1 1 1 1 1 1 1 1 1 1 1 1 1 1 1 1 1 1 1 1 1 1 1 1 2 1 1 1 1 1 1 1 1 1 1 1 1 2 1 1 2 2 2 2 2 2 2 2 2 2 2 2 2 2 2 2 2 2 2 2 2 2 1 1 1 1 1 1 1 1 1 1 1 1 1 1 1 1 2 2 2 2 2 2 2 2 2 2 2 2 2 2 2 2 2 2 2 2 2 2 2 2 2 2 2 2 2 2 2 2 2 2 2 2 2 2 2 2 2 2 2 2 2 2 2 2 2 2 2 2 2 2 2 2 2 2 2 2 2 2 2 2 2 2 2 2 2 2 2 2 2 2 1 1 2 2 1 2 1 2 2 1 2 1 1 2 1 2 2 1 2 1 1 2 1 1 1 1 1 1 1 1 1 1 1 1 1 2 2 2 2 2 1 2 2 1 2 2 1 1 2 2 2 2 2 2 2 2 2 2 2 2 2 2 2 2 2 2 2 2 2 2 1 1 1 1 1 1 1 2 2 2 2 1 2 2 2 2 1 2 1 2 2 2 2 2 2 2 2 1 1 2 2 2 2 1 1 1 2 1 2 2 2 2 2 2 1 1 1 1 1 1 1 2 1 1 1 1 1 2 1 2 2 2 1 1 1 1 2 1 1 2 1 2 1 2 2 2 2 2 2 2 2 1 2 1 1 2 2 2 2 1 1 1 1 1 1 1 1 1 1 1 2 2 1 1 1 1 1 1 1 1 1 1 2 2 2 2 2 2 2 2 2 2 2 1 1 2 2 2 1 1 1 1 1 1 1 1 1 1 1 1 1 1 2 2 2 1 1 1 1 1 1 2 2 1 1 1 1 1 1 1 1 1 2 1 2 1 2 1 2 1 2 1 2 1 1 1 1 1 1 1 1 1 1 1 1 1 1 1 1 1 1 1 1 1 1 1 1 1 1 1 1 1 1 1 1 1 1 1 1 1 1 1 1 2 1 1 1 1 1 1 1 1 1 1 1 2 1 1 2 2 2 2 2 2 2 2 2 2 2 2 2 2 2 2 2 2 2 2 2 2 1 1 1 1 1 1 1 1 1 1 1 1 1 1 1 1 1 2 2 1 1 2 2 2 2 2 2 1 2 2 1 1 1 2 1 2 2 1 1 1 1 1 1 1 1 1 1 1 1 1 1 1 1 1 1 1 1 2 1 2 1 1 1 2 1 2 2 1 2 2 1 1 2 2 2 2 2 2 2 1 1 2 1 2 2 2 2 2 1 2 1 1 2 2 2 2 2 2 1 2 1 1 1 2 1 2 2 1 2 2 1 2 2 2 2 2 2 1 1 1 1 1 1 1 1 1 1 1 1 1 1 1 1 1 1 1 1 1 1 1 1 1 1 1 1 1 1 2 2 2 2 2 2 2 2 1 2 2 2 2 2 2 2 1 2 2 2 2 2 2 2 2 2 1 2 2 2 2 2 2 2 2 2 2 2 2 2 2 2 2 2 2 2 2 2 2 2 2 2 2 2 2 2 2 2 1 2 1 2 2 2 1 2 2 2 2 2 2 2 2 2 2 2 2 2 2 2 2 2 2 2 2 2 2 2 2 2 2 2 2 2 2 2 2 2 2 2 2 2 2 2 2 2 1 2 2 1 2 2 2 2 2 2 2 2 2 2 2 2 2 2 2 2 2 2 2 2 2 2 2 2 1 2 2 2 1 2 2 1 2 2 2 2 2 2 2 2 2 2 2 2 2 2 2 2 2 2 2 2 2 2 2 2 2 2 2 2 2 2 2 2 2 2 2 2 2 2 2 2 2 2 2 2 2 2 2 2 2 2 2 2 2 2 2 2 2 2 2 2 2 2 2 2 2 2 2 2 2 2 2 2 2 2 2 2 2 2 2 2 2 2 2 1 2 2 1 2 1 2 2 2 2 2 2 2 2 2 2 2 2 2 2 2 2 2 2 2 2 2 2 2 2 2 2 2 2 2 2 2 2 2 2 2 2 2 2 2 2 2 2 2 2 2 2 2 2 2 1 1 1 2 2 2 2 2 2 2 2 2 2 2 2 2 2 2 2 2 2 2 2 2 2 2 2 2 2 2 2 2 2 2 2 2 2 2 2 2 2 2 2 2 2 2 2 2 2 2 2 2 2 2 2 2 1 2 1 2 2 2 1 2 2 2 2 2 2 2 2 2 2 2 2 2 2 2 2 2 2 2 2 2 2 2 2 2 2 2 2 2 2 2 2 2 2 2 2 2 2 2 2 2 2 2 2 2 2 2 2 2 2 2 2 2 2 2 2 2 2 2 2 2 2 2 2 2 1 2 2 2 1 2 2 1 2 2 2 2 2 2 2 2 2 2 2 2 2 2 2 2 2 2 2 2 2 2 2 2 2 2 2 2 2 2 2 2 2 2 2 2 2 2 2 2 2 2 2 2 2 2 2 2 2 2 2 2 2 2 2 2 2 2 1 2 2 2 1 1 2 2 2 2 2 2 2 2 2 2 2 2 2 2 2 2 2 2 2 2 2 2 2 2 2 2 2 2 2 2 2 2 2 2 2 2 2 2 1 1 2 2 2 2 2 2 2 2 1 2 2 2 2 2 2 2 2 2 1 1 1 1 1 1 2 2 2 2 2 2 2 2 2 2 1 1 2 2 2 2 1 1 1 1 2 1 2 1 2 1 1 2 1 2 1 2 2 2 2 2 2 2 2 2 2 2 2 2 2 2 2 1 2 1 2 1 2 2 2 1 1 1 1 1 2 2 2 2 2 2 2 2 2 2 2 2 2 2 2 2 2 1 1 2 2 2 2 2 2 2 2 1 1 1 2 1 2 1 1 1 1 2 2 2 2 2 2 2 2 2 2 2 1 2 1 2 2 1 1 1 2 2 1 1 2 1 1 1 2 1 1 2 2 2 2 2 2 2 2 2 2 2 2 2 2 2 2 1 1 2 2 1 2 2 2 2 1 1 1 1 2 1 2 2 2 2 2 2 2 2 2 2 2 2 2 2 2 2 2 1 1 2 2 2 2 2 2 2 2 1 1 2 2 2 2 2 2 1 2 1 2 2 2 1 2 1 2 2 2 2 2 2 2 2 2 </vcount>
          <v>1 0 2 1 1 2 2 3 1 4 2 5 1 6 2 7 1 8 2 9 2 10 2 11 1 12 2 13 2 14 1 15 2 16 2 17 1 18 2 19 1 20 2 21 1 22 2 23 1 24 2 25 1 26 2 27 1 28 2 29 1 30 2 31 1 32 2 33 1 34 2 35 1 36 2 37 1 38 2 39 1 40 2 41 1 42 2 43 1 44 2 45 1 46 2 47 1 48 2 49 1 50 2 51 1 52 2 53 2 54 2 55 1 56 2 57 2 58 1 59 2 60 2 61 1 62 2 63 1 64 2 65 1 66 2 67 1 68 2 69 1 70 2 71 1 72 2 73 1 74 2 75 1 76 2 77 1 78 2 79 1 80 2 81 1 82 2 83 1 84 2 85 1 86 2 87 1 88 2 89 1 90 2 91 1 92 2 93 1 94 2 95 1 96 2 97 2 98 2 99 1 100 2 101 2 102 1 103 2 104 2 105 1 106 2 107 1 108 2 109 1 110 2 111 1 112 2 113 1 114 2 115 1 116 2 117 1 118 2 119 1 120 2 121 1 122 2 123 1 124 2 125 1 126 2 127 1 128 2 129 1 130 2 131 1 132 2 133 1 134 2 135 1 136 2 137 1 138 2 139 1 140 2 141 2 142 2 143 1 144 2 145 2 146 1 147 2 148 2 149 1 150 2 151 1 152 2 153 1 154 2 155 1 156 2 157 1 158 2 159 1 160 2 161 1 162 2 163 1 164 2 165 1 166 2 167 1 168 2 169 1 170 2 171 1 172 2 173 1 174 2 175 1 176 2 177 1 178 2 179 1 180 2 181 1 182 2 183 1 184 2 185 2 186 2 187 1 188 2 189 2 190 1 191 2 192 2 193 1 194 2 195 1 196 2 197 1 198 2 199 1 200 2 201 1 202 2 203 1 204 2 205 1 206 2 207 1 208 2 209 1 210 2 211 1 212 2 213 1 214 2 215 1 216 2 217 1 218 2 219 1 220 2 221 1 222 2 223 1 224 2 225 1 226 2 227 1 228 2 229 2 230 2 231 1 232 2 233 2 234 1 235 2 236 2 237 1 238 2 239 1 240 2 241 1 242 2 243 1 244 2 245 1 246 2 247 1 248 2 249 1 250 2 251 1 252 2 253 1 254 2 255 1 256 2 257 1 258 2 259 1 260 2 261 1 262 2 263 1 264 2 265 1 266 2 267 1 268 2 269 1 270 2 271 1 272 2 273 2 274 2 275 1 276 2 277 2 278 1 279 2 280 2 281 1 282 2 283 1 284 2 285 1 286 2 287 1 288 2 289 1 290 2 291 1 292 2 293 1 294 2 295 1 296 2 297 1 298 2 299 1 300 2 301 1 302 2 303 1 304 2 305 1 306 2 307 1 308 2 309 1 310 2 311 1 312 2 313 1 314 2 315 1 316 2 317 2 318 2 319 1 320 2 321 2 322 1 323 2 324 2 325 1 326 2 327 1 328 2 329 1 330 2 331 1 332 2 333 1 334 2 335 1 336 2 337 1 338 2 339 1 340 2 341 1 342 2 343 1 344 2 345 1 346 2 347 1 348 2 349 1 350 2 351 1 352 2 353 1 354 2 355 1 356 2 357 1 358 2 359 1 360 2 361 2 362 2 363 1 364 2 365 2 366 1 367 2 368 2 369 1 370 2 371 1 372 2 373 1 374 2 375 1 376 2 377 1 378 2 379 1 380 2 381 1 382 2 383 1 384 2 385 1 386 2 387 1 388 2 389 1 390 2 391 1 392 2 393 1 394 2 395 1 396 2 397 1 398 2 399 1 400 2 401 1 402 2 403 1 404 2 405 2 406 2 407 1 408 2 409 2 410 1 411 2 412 2 413 1 414 2 415 1 416 2 417 1 418 2 419 1 420 2 421 1 422 2 423 1 424 2 425 1 426 2 427 1 428 2 429 1 430 2 431 1 432 2 433 1 434 2 435 1 436 2 437 1 438 2 439 1 440 2 441 1 442 2 443 1 444 2 445 1 446 2 447 1 448 2 449 2 450 2 451 1 452 2 453 2 454 1 455 2 456 2 457 1 458 2 459 1 460 2 461 1 462 2 463 1 464 2 465 1 466 2 467 1 468 2 469 1 470 2 471 1 472 2 473 1 474 2 475 1 476 2 477 1 478 2 479 1 480 2 481 1 482 2 483 1 484 2 485 1 486 2 487 1 488 2 489 1 490 2 491 1 492 2 493 2 494 2 495 1 496 2 497 2 498 1 499 2 500 2 501 1 502 2 503 1 504 2 505 1 506 2 507 1 508 2 509 1 510 2 511 1 512 2 513 1 514 2 515 1 516 2 517 1 518 2 519 1 520 2 521 1 522 2 523 1 524 2 525 1 526 2 527 2 528 4 529 2 530 4 531 4 532 4 533 4 534 4 535 5 536 4 537 5 538 4 539 5 540 2 541 4 542 2 543 4 544 2 545 4 546 2 547 4 548 2 549 4 550 2 551 4 552 4 553 5 554 4 555 5 556 4 557 4 558 2 559 4 560 2 561 4 562 4 563 4 564 5 565 4 566 5 567 4 568 5 569 2 570 4 571 2 572 4 573 2 574 4 575 2 576 4 577 2 578 4 579 2 580 4 581 4 582 5 583 4 584 5 585 4 586 5 587 4 588 5 589 4 590 5 591 4 592 5 593 4 594 5 595 4 596 5 597 4 598 5 599 4 600 5 601 4 602 5 603 4 604 5 605 4 606 5 607 4 608 5 609 4 610 5 611 4 612 5 613 4 614 5 615 2 616 2 617 2 618 2 619 2 620 2 621 2 622 2 623 2 624 2 625 2 626 2 627 2 628 2 629 2 630 2 631 2 632 2 633 2 634 2 635 2 636 2 637 2 638 2 639 2 640 2 641 2 642 2 643 2 644 2 645 2 646 2 647 2 648 2 649 2 650 2 651 2 652 2 653 2 654 2 655 2 656 2 657 2 658 2 659 2 660 2 661 2 662 2 663 2 664 2 665 2 666 2 667 2 668 2 669 2 670 2 671 2 672 2 673 2 674 2 675 2 676 3 677 2 678 3 679 2 680 3 681 2 682 3 683 3 684 3 685 3 686 2 687 3 688 2 689 3 690 2 691 3 692 3 693 2 694 3 695 2 696 3 697 3 698 2 699 3 700 2 701 3 702 2 703 3 704 2 705 3 706 2 707 3 708 2 709 3 710 2 711 2 712 2 713 2 714 2 715 2 716 2 717 2 718 2 719 2 720 3 721 2 722 2 723 3 724 2 725 2 726 3 727 2 728 2 729 2 730 2 731 2 732 2 733 2 734 2 735 2 736 2 737 2 738 2 739 2 740 2 741 2 742 2 743 2 744 2 745 2 746 2 747 2 748 2 749 2 750 2 751 2 752 2 753 2 754 2 755 2 756 2 757 2 758 2 759 2 760 2 761 2 762 2 763 3 764 3 765 3 766 3 767 2 768 2 769 2 770 2 771 2 772 2 773 2 774 2 775 2 776 2 777 2 778 2 779 2 780 2 781 2 782 2 783 2 784 2 785 2 786 2 787 2 788 2 789 2 790 2 791 2 792 2 793 2 794 2 795 2 796 2 797 2 798 2 799 2 800 2 801 2 802 2 803 2 804 2 805 2 806 2 807 2 808 2 809 2 810 2 811 2 812 2 813 2 814 2 815 2 816 2 817 2 818 2 819 2 820 2 821 2 822 2 823 2 824 2 825 2 826 2 827 2 828 2 829 2 830 2 831 2 832 2 833 2 834 2 835 2 836 2 837 2 838 2 839 2 840 2 841 2 842 2 843 2 844 2 845 2 846 2 847 2 848 2 849 2 850 2 851 2 852 2 853 2 854 2 855 2 856 2 857 2 858 2 859 2 860 2 861 2 862 2 863 3 864 3 865 2 866 3 867 2 868 3 869 3 870 2 871 3 872 3 873 3 874 2 875 3 876 2 877 2 878 2 879 2 880 2 881 2 882 2 883 2 884 2 885 2 886 2 887 2 888 3 889 3 890 2 891 2 892 2 893 3 894 3 895 3 896 3 897 2 898 2 899 3 900 3 901 3 902 2 903 2 904 2 905 2 906 2 907 2 908 2 909 2 910 2 911 3 912 2 913 3 914 2 915 3 916 2 917 2 918 2 919 2 920 2 921 2 922 3 923 2 924 3 925 2 926 2 927 2 928 2 929 2 930 2 931 2 932 2 933 2 934 2 935 3 936 2 937 3 938 2 939 2 940 2 941 3 942 2 943 2 944 2 945 2 946 2 947 2 948 2 949 2 950 2 951 2 952 2 953 2 954 2 955 2 956 2 957 2 958 2 959 2 960 2 961 2 962 2 963 2 964 2 965 2 966 2 967 2 968 2 969 2 970 2 971 2 972 2 973 2 974 2 975 2 976 2 977 2 978 3 979 3 980 3 981 3 982 2 983 2 984 2 985 2 986 2 987 2 988 2 989 2 990 2 991 2 992 2 993 2 994 2 995 2 996 2 997 2 998 2 999 2 1000 2 1001 2 1002 2 1003 2 1004 2 1005 2 1006 2 1007 2 1008 2 1009 2 1010 2 1011 2 1012 2 1013 2 1014 2 1015 2 1016 2 1017 2 1018 2 1019 2 1020 2 1021 2 1022 2 1023 2 1024 2 1025 2 1026 2 1027 2 1028 2 1029 2 1030 2 1031 2 1032 2 1033 2 1034 2 1035 2 1036 2 1037 2 1038 2 1039 2 1040 2 1041 2 1042 2 1043 2 1044 2 1045 2 1046 2 1047 2 1048 2 1049 2 1050 2 1051 2 1052 2 1053 2 1054 2 1055 2 1056 2 1057 2 1058 2 1059 2 1060 2 1061 2 1062 2 1063 2 1064 2 1065 2 1066 2 1067 2 1068 2 1069 2 1070 2 1071 2 1072 2 1073 2 1074 2 1075 2 1076 2 1077 2 1078 3 1079 2 1080 3 1081 3 1082 2 1083 3 1084 3 1085 2 1086 3 1087 3 1088 3 1089 2 1090 3 1091 2 1092 2 1093 2 1094 2 1095 2 1096 2 1097 2 1098 2 1099 2 1100 2 1101 2 1102 2 1103 3 1104 3 1105 2 1106 2 1107 2 1108 3 1109 3 1110 3 1111 3 1112 2 1113 2 1114 3 1115 3 1116 3 1117 2 1118 2 1119 2 1120 2 1121 2 1122 2 1123 2 1124 2 1125 2 1126 3 1127 2 1128 3 1129 2 1130 3 1131 2 1132 2 1133 2 1134 2 1135 2 1136 2 1137 3 1138 2 1139 3 1140 11 1141 12 1142 11 1143 12 1144 11 1145 12 1146 11 1147 12 1148 15 1149 12 1150 15 1151 12 1152 15 1153 15 1154 15 1155 15 1156 15 1157 11 1158 12 1159 11 1160 12 1161 11 1162 12 1163 11 1164 12 1165 11 1166 12 1167 12 1168 11 1169 12 1170 11 1171 12 1172 11 1173 12 1174 12 1175 12 1176 12 1177 13 1178 11 1179 12 1180 11 1181 12 1182 11 1183 12 1184 11 1185 12 1186 11 1187 12 1188 11 1189 12 1190 11 1191 12 1192 11 1193 12 1194 12 1195 12 1196 13 1197 13 1198 11 1199 12 1200 11 1201 12 1202 12 1203 13 1204 12 1205 13 1206 13 1207 12 1208 13 1209 12 1210 11 1211 12 1212 11 1213 12 1214 11 1215 12 1216 11 1217 12 1218 11 1219 12 1220 11 1221 12 1222 15 1223 15 1224 15 1225 15 1226 15 1227 15 1228 15 1229 12 1230 13 1231 12 1232 12 1233 12 1234 13 1235 12 1236 12 1237 13 1238 12 1239 13 1240 13 1241 12 1242 13 1243 12 1244 13 1245 13 1246 13 1247 13 1248 13 1249 11 1250 12 1251 12 1252 12 1253 13 1254 13 1255 13 1256 14 1257 13 1258 14 1259 14 1260 14 1261 12 1262 13 1263 12 1264 13 1265 12 1266 13 1267 12 1268 13 1269 12 1270 13 1271 12 1272 13 1273 12 1274 13 1275 13 1276 14 1277 14 1278 13 1279 14 1280 14 1281 13 1282 14 1283 14 1284 12 1285 13 1286 14 1287 13 1288 14 1289 13 1290 13 1291 13 1292 13 1293 13 1294 14 1295 14 1296 14 1297 13 1298 13 1299 14 1300 12 1301 13 1302 13 1303 14 1304 14 1305 14 1306 13 1307 13 1308 14 1309 13 1310 12 1311 15 1312 14 1313 13 1314 14 1315 13 1316 14 1317 13 1318 14 1319 13 1320 14 1321 13 1322 14 1323 14 1324 13 1325 14 1326 13 1327 14 1328 13 1329 14 1330 13 1331 14 1332 14 1333 14 1334 13 1335 14 1336 13 1337 14 1338 13 1339 14 1340 14 1341 14 1342 14 1343 14 1344 14 1345 14 1346 14 1347 14 1348 14 1349 14 1350 14 1351 14 1352 13 1353 14 1354 14 1355 13 1356 14 1357 14 1358 14 1359 13 1360 14 1361 14 1362 14 1363 14 1364 15 1365 15 1366 11 1367 12 1368 11 1369 12 1370 15 1371 12 1372 15 1373 12 1374 15 1375 15 1376 15 1377 15 1378 12 1379 10 1380 11 1381 10 1382 11 1383 11 1384 11 1385 10 1386 11 1387 11 1388 10 1389 11 1390 11 1391 10 1392 11 1393 11 1394 11 1395 10 1396 11 1397 14 1398 14 1399 14 1400 14 1401 14 1402 14 1403 14 1404 14 1405 14 1406 14 1407 14 1408 14 1409 14 1410 14 1411 14 1412 14 1413 14 1414 14 1415 14 1416 14 1417 14 1418 14 1419 15 1420 15 1421 14 1422 14 1423 14 1424 14 1425 15 1426 10 1427 10 1428 10 1429 10 1430 10 1431 10 1432 10 1433 10 1434 10 1435 1 1436 2 1437 10 1438 10 1439 10 1440 10 1441 10 1442 10 1443 10 1444 10 1445 10 1446 10 1447 10 1448 10 1449 1 1450 2 1451 10 1452 11 1453 10 1454 11 1455 10 1456 11 1457 10 1458 11 1459 10 1460 11 1461 10 1462 11 1463 10 1464 11 1465 10 1466 11 1467 10 1468 11 1469 10 1470 11 1471 10 1472 11 1473 10 1474 11 1475 10 1476 11 1477 10 1478 11 1479 10 1480 11 1481 10 1482 11 1483 11 1484 12 1485 11 1486 12 1487 11 1488 12 1489 11 1490 12 1491 11 1492 12 1493 11 1494 12 1495 11 1496 12 1497 10 1498 10 1499 10 1500 10 1501 10 1502 10 1503 10 1504 10 1505 10 1506 14 1507 12 1508 12 1509 12 1510 12 1511 12 1512 12 1513 27 1514 28 1515 27 1516 28 1517 27 1518 28 1519 27 1520 28 1521 27 1522 28 1523 27 1524 28 1525 27 1526 28 1527 27 1528 28 1529 27 1530 28 1531 27 1532 28 1533 27 1534 28 1535 27 1536 28 1537 27 1538 28 1539 27 1540 28 1541 27 1542 28 1543 27 1544 28 1545 27 1546 28 1547 23 1548 24 1549 23 1550 24 1551 27 1552 28 1553 23 1554 24 1555 23 1556 24 1557 27 1558 28 1559 27 1560 28 1561 27 1562 28 1563 27 1564 28 1565 27 1566 28 1567 27 1568 28 1569 27 1570 28 1571 27 1572 28 1573 27 1574 28 1575 27 1576 28 1577 27 1578 28 1579 27 1580 28 1581 27 1582 28 1583 27 1584 28 1585 27 1586 28 1587 27 1588 28 1589 27 1590 28 1591 27 1592 28 1593 27 1594 28 1595 27 1596 28 1597 27 1598 28 1599 27 1600 28 1601 27 1602 28 1603 27 1604 28 1605 27 1606 28 1607 27 1608 28 1609 25 1610 26 1611 25 1612 26 1613 25 1614 26 1615 25 1616 26 1617 24 1618 25 1619 25 1620 26 1621 24 1622 25 1623 25 1624 26 1625 25 1626 26 1627 25 1628 26 1629 25 1630 26 1631 24 1632 25 1633 24 1634 25 1635 25 1636 26 1637 25 1638 26 1639 25 1640 26 1641 25 1642 26 1643 25 1644 26 1645 25 1646 26 1647 25 1648 26 1649 25 1650 26 1651 25 1652 26 1653 25 1654 26 1655 24 1656 25 1657 25 1658 26 1659 24 1660 25 1661 2 1662 2 1663 1 1664 2 1665 1 1666 2 1667 2 1668 1 1669 2 1670 2 1671 1 1672 2 1673 1 1674 2 1675 2 1676 1 1677 2 1678 2 1679 2 1680 1 1681 2 1682 2 1683 1 1684 2 1685 1 1686 2 1687 2 1688 1 1689 2 1690 2 1691 2 1692 1 1693 2 1694 1 1695 1 1696 1 1697 1 1698 1 1699 1 1700 1 1701 1 1702 1 1703 1 1704 1 1705 2 1706 1 1707 22 1708 23 1709 22 1710 23 1711 23 1712 24 1713 25 1714 26 1715 25 1716 26 1717 26 1718 25 1719 26 1720 25 1721 26 1722 26 1723 25 1724 26 1725 25 1726 26 1727 26 1728 2 1729 0 1730 1 1731 0 1732 1 1733 0 1734 1 1735 0 1736 1 1737 0 1738 1 1739 0 1740 1 1741 0 1742 1 1743 0 1744 1 1745 0 1746 1 1747 0 1748 1 1749 0 1750 1 1751 22 1752 23 1753 22 1754 23 1755 22 1756 23 1757 22 1758 23 1759 22 1760 23 1761 22 1762 23 1763 17 1764 18 1765 17 1766 18 1767 17 1768 18 1769 17 1770 18 1771 18 1772 21 1773 18 1774 21 1775 21 1776 21 1777 21 1778 21 1779 21 1780 17 1781 18 1782 17 1783 18 1784 17 1785 18 1786 17 1787 18 1788 18 1789 17 1790 18 1791 17 1792 18 1793 17 1794 18 1795 17 1796 18 1797 18 1798 18 1799 19 1800 18 1801 17 1802 18 1803 17 1804 18 1805 17 1806 18 1807 17 1808 18 1809 17 1810 18 1811 17 1812 18 1813 17 1814 18 1815 17 1816 18 1817 18 1818 19 1819 18 1820 19 1821 17 1822 18 1823 17 1824 18 1825 18 1826 19 1827 19 1828 18 1829 19 1830 18 1831 19 1832 18 1833 17 1834 18 1835 17 1836 18 1837 17 1838 18 1839 17 1840 18 1841 17 1842 18 1843 17 1844 18 1845 21 1846 21 1847 21 1848 21 1849 21 1850 21 1851 21 1852 18 1853 19 1854 18 1855 18 1856 18 1857 18 1858 19 1859 18 1860 19 1861 19 1862 18 1863 19 1864 18 1865 19 1866 18 1867 19 1868 19 1869 19 1870 19 1871 19 1872 17 1873 18 1874 18 1875 19 1876 18 1877 19 1878 20 1879 19 1880 20 1881 20 1882 19 1883 20 1884 18 1885 19 1886 18 1887 19 1888 18 1889 19 1890 18 1891 19 1892 18 1893 19 1894 18 1895 19 1896 18 1897 19 1898 20 1899 19 1900 20 1901 20 1902 20 1903 19 1904 20 1905 19 1906 20 1907 18 1908 19 1909 19 1910 20 1911 20 1912 19 1913 19 1914 19 1915 19 1916 19 1917 20 1918 20 1919 20 1920 19 1921 19 1922 19 1923 20 1924 18 1925 19 1926 19 1927 20 1928 20 1929 20 1930 19 1931 19 1932 20 1933 19 1934 21 1935 18 1936 19 1937 20 1938 19 1939 20 1940 19 1941 20 1942 19 1943 20 1944 19 1945 20 1946 19 1947 20 1948 19 1949 20 1950 19 1951 20 1952 19 1953 20 1954 19 1955 20 1956 19 1957 20 1958 20 1959 20 1960 19 1961 20 1962 19 1963 20 1964 19 1965 20 1966 20 1967 20 1968 20 1969 20 1970 20 1971 20 1972 20 1973 20 1974 20 1975 20 1976 20 1977 20 1978 20 1979 20 1980 19 1981 20 1982 19 1983 20 1984 19 1985 20 1986 20 1987 20 1988 20 1989 20 1990 21 1991 21 1992 17 1993 18 1994 17 1995 18 1996 21 1997 18 1998 18 1999 21 2000 21 2001 21 2002 21 2003 21 2004 18 2005 16 2006 17 2007 17 2008 16 2009 17 2010 17 2011 16 2012 17 2013 17 2014 16 2015 17 2016 17 2017 16 2018 17 2019 17 2020 16 2021 17 2022 17 2023 20 2024 20 2025 20 2026 20 2027 20 2028 20 2029 20 2030 20 2031 20 2032 20 2033 20 2034 20 2035 20 2036 20 2037 20 2038 20 2039 20 2040 20 2041 20 2042 20 2043 20 2044 20 2045 21 2046 21 2047 20 2048 20 2049 20 2050 20 2051 21 2052 16 2053 16 2054 16 2055 16 2056 16 2057 16 2058 16 2059 16 2060 16 2061 16 2062 1 2063 2 2064 16 2065 16 2066 16 2067 16 2068 16 2069 16 2070 16 2071 16 2072 16 2073 16 2074 16 2075 1 2076 2 2077 16 2078 17 2079 16 2080 17 2081 16 2082 17 2083 16 2084 17 2085 16 2086 17 2087 16 2088 17 2089 16 2090 17 2091 16 2092 17 2093 16 2094 17 2095 16 2096 17 2097 16 2098 17 2099 16 2100 17 2101 16 2102 17 2103 16 2104 17 2105 16 2106 17 2107 16 2108 17 2109 17 2110 18 2111 17 2112 18 2113 17 2114 18 2115 17 2116 18 2117 17 2118 18 2119 17 2120 18 2121 17 2122 18 2123 16 2124 16 2125 16 2126 16 2127 16 2128 16 2129 16 2130 16 2131 16 2132 20 2133 18 2134 18 2135 18 2136 18 2137 18 2138 18 2139 3 2140 2 2141 3 2142 2 2143 3 2144 3 2145 3 2146 2 2147 3 2148 2 2149 3 2150 2 2151 3 2152 2 2153 3 2154 2 2155 3 2156 2 2157 3 2158 3 2159 2 2160 3 2161 2 2162 3 2163 3 2164 3 2165 3 2166 2 2167 3 2168 3 2169 2 2170 3 2171 2 2172 3 2173 2 2174 2 2175 2 2176 2 2177 2 2178 2 2179 2 2180 2 2181 2 2182 2 2183 2 2184 2 2185 2 2186 2 2187 2 2188 2 2189 2 2190 2 2191 2 2192 2 2193 2 2194 3 2195 3 2196 2 2197 3 2198 3 2199 3 2200 3 2201 2 2202 3 2203 3 2204 2 2205 3 2206 2 2207 3 2208 3 2209 2 2210 3 2211 2 2212 3 2213 3 2214 3 2215 2 2216 3 2217 2 2218 3 2219 2 2220 3 2221 2 2222 3 2223 2 2224 3 2225 2 2226 3 2227 2 2228 3 2229 3 2230 3 2231 2 2232 3 2233 3 2234 2 2235 3 2236 2 2237 3 2238 2 2239 3 2240 2 2241 3 2242 2 2243 3 2244 3 2245 2 2246 3 2247 3 2248 3 2249 2 2250 3 2251 2 2252 3 2253 2 2254 3 2255 2 2256 3 2257 2 2258 3 2259 2 2260 3 2261 3 2262 2 2263 3 2264 3 2265 3 2266 3 2267 2 2268 3 2269 3 2270 2 2271 3 2272 2 2273 3 2274 3 2275 2 2276 3 2277 2 2278 3 2279 3 2280 2 2281 3 2282 2 2283 3 2284 2 2285 3 2286 2 2287 3 2288 2 2289 3 2290 2 2291 3 2292 2 2293 2 2294 2 2295 2 2296 2 2297 2 2298 2 2299 2 2300 2 2301 2 2302 2 2303 2 2304 2 2305 2 2306 2 2307 2 2308 2 2309 2 2310 2 2311 2 2312 2 2313 2 2314 2 2315 2 2316 2 2317 2 2318 2 2319 2 2320 2 2321 2 2322 25 2323 26 2324 25 2325 26 2326 25 2327 26 2328 25 2329 26 2330 25 2331 26 2332 25 2333 26 2334 27 2335 28 2336 27 2337 28 2338 7 2339 7 2340 8 2341 7 2342 8 2343 7 2344 8 2345 2 2346 7 2347 2 2348 7 2349 7 2350 8 2351 7 2352 8 2353 7 2354 7 2355 8 2356 7 2357 8 2358 7 2359 8 2360 2 2361 7 2362 2 2363 7 2364 7 2365 8 2366 7 2367 8 2368 7 2369 8 2370 7 2371 8 2372 7 2373 2 2374 7 2375 7 2376 8 2377 7 2378 8 2379 7 2380 8 2381 7 2382 8 2383 7 2384 8 2385 2 2386 7 2387 2 2388 7 2389 2 2390 7 2391 2 2392 7 2393 2 2394 7 2395 7 2396 8 2397 7 2398 8 2399 7 2400 8 2401 7 2402 8 2403 7 2404 8 2405 7 2406 8 2407 7 2408 8 2409 7 2410 8 2411 23 2412 24 2413 0 2414 1 2415 22 2416 23 2417 23 2418 24 2419 27 2420 28 2421 27 2422 28 2423 27 2424 28 2425 27 2426 28 2427 27 2428 28 2429 27 2430 28 2431 27 2432 28 2433 27 2434 28 2435 28 2436 27 2437 28 2438 28 2439 27 2440 28 2441 27 2442 28 2443 27 2444 28 2445 28 2446 27 2447 28 2448 27 2449 28 2450 27 2451 28 2452 27 2453 28 2454 27 2455 28 2456 23 2457 24 2458 23 2459 24 2460 23 2461 24 2462 24 2463 25 2464 24 2465 25 2466 24 2467 25 2468 24 2469 25 2470 25 2471 26 2472 24 2473 25 2474 22 2475 23 2476 23 2477 24 2478 27 2479 28 2480 27 2481 28 2482 27 2483 28 2484 27 2485 28 2486 27 2487 28 2488 27 2489 28 2490 27 2491 28 2492 27 2493 28 2494 27 2495 28 2496 27 2497 28 2498 27 2499 28 2500 27 2501 28 2502 27 2503 28 2504 27 2505 28 2506 27 2507 28 2508 27 2509 28 2510 27 2511 28 2512 27 2513 28 2514 27 2515 28 2516 27 2517 28 2518 27 2519 28 2520 27 2521 28 2522 27 2523 28 2524 27 2525 28 2526 27 2527 28 2528 28 2529 27 2530 28 2531 27 2532 28 2533 28 2534 27 2535 28 2536 27 2537 28 2538 27 2539 28 2540 27 2541 28 2542 27 2543 28 2544 27 2545 28 2546 27 2547 28 2548 27 2549 28 2550 27 2551 28 2552 27 2553 28 2554 27 2555 28 2556 27 2557 28 2558 27 2559 28 2560 27 2561 28 2562 27 2563 28 2564 27 2565 28 2566 27 2567 28 2568 27 2569 28 2570 27 2571 28 2572 27 2573 28 2574 27 2575 28 2576 27 2577 28 2578 27 2579 28 2580 27 2581 28 2582 28 2583 27 2584 28 2585 27 2586 28 2587 27 2588 28 2589 28 2590 27 2591 28 2592 27 2593 28 2594 28 2595 27 2596 28 2597 27 2598 28 2599 27 2600 28 2601 27 2602 28 2603 27 2604 28 2605 27 2606 28 2607 23 2608 24 2609 23 2610 24 2611 23 2612 24 2613 23 2614 24 2615 27 2616 28 2617 27 2618 28 2619 27 2620 28 2621 27 2622 28 2623 27 2624 28 2625 27 2626 28 2627 27 2628 28 2629 27 2630 28 2631 27 2632 28 2633 27 2634 28 2635 27 2636 28 2637 23 2638 24 2639 23 2640 24 2641 23 2642 24 2643 23 2644 24 2645 23 2646 24 2647 23 2648 24 2649 23 2650 24 2651 23 2652 24 2653 25 2654 26 2655 25 2656 26 2657 25 2658 26 2659 25 2660 26 2661 25 2662 26 2663 25 2664 26 2665 25 2666 26 2667 25 2668 26 2669 25 2670 26 2671 25 2672 26 2673 25 2674 26 2675 25 2676 26 2677 24 2678 25 2679 24 2680 25 2681 23 2682 24 2683 23 2684 24 2685 23 2686 24 2687 23 2688 24 2689 23 2690 24 2691 23 2692 24 2693 23 2694 24 2695 24 2696 25 2697 23 2698 24 2699 25 2700 26 2701 25 2702 26 2703 25 2704 26 2705 25 2706 26 2707 24 2708 25 2709 24 2710 25 2711 25 2712 26 2713 25 2714 26 2715 24 2716 25 2717 25 2718 26 2719 25 2720 26 2721 24 2722 25 2723 25 2724 26 2725 24 2726 25 2727 24 2728 25 2729 25 2730 26 2731 25 2732 26 2733 25 2734 26 2735 25 2736 26 2737 25 2738 26 2739 25 2740 26 2741 25 2742 26 2743 25 2744 26 2745 25 2746 26 2747 25 2748 26 2749 25 2750 26 2751 25 2752 26 2753 25 2754 26 2755 25 2756 26 2757 25 2758 26 2759 25 2760 26 2761 26 2762 25 2763 26 2764 25 2765 26 2766 26 2767 25 2768 26 2769 26 2770 25 2771 26 2772 25 2773 26 2774 25 2775 26 2776 25 2777 26 2778 25 2779 26 2780 25 2781 26 2782 25 2783 26 2784 23 2785 24 2786 23 2787 24 2788 24 2789 25 2790 25 2791 26 2792 25 2793 26 2794 25 2795 26 2796 25 2797 26 2798 25 2799 26 2800 24 2801 25 2802 24 2803 25 2804 25 2805 26 2806 25 2807 26 2808 25 2809 26 2810 25 2811 26 2812 25 2813 26 2814 25 2815 26 2816 25 2817 26 2818 25 2819 26 2820 25 2821 26 2822 25 2823 26 2824 25 2825 26 2826 25 2827 26 2828 25 2829 26 2830 25 2831 26 2832 25 2833 26 2834 25 2835 26 2836 25 2837 26 2838 25 2839 26 2840 25 2841 26 2842 25 2843 26 2844 25 2845 26 2846 25 2847 26 2848 25 2849 26 2850 25 2851 26 2852 25 2853 26 2854 25 2855 26 2856 25 2857 26 2858 25 2859 26 2860 25 2861 26 2862 25 2863 26 2864 25 2865 26 2866 25 2867 26 2868 26 2869 26 2870 26 2871 24 2872 25 2873 25 2874 26 2875 24 2876 25 2877 23 2878 24 2879 23 2880 24 2881 23 2882 24 2883 23 2884 24 2885 23 2886 24 2887 23 2888 24 2889 23 2890 24 2891 23 2892 24 2893 24 2894 25 2895 23 2896 24 2897 23 2898 24 2899 23 2900 24 2901 23 2902 24 2903 23 2904 24 2905 23 2906 24 2907 25 2908 26 2909 25 2910 26 2911 25 2912 26 2913 25 2914 26 2915 27 2916 28 2917 27 2918 28 2919 27 2920 28 2921 27 2922 28 2923 27 2924 28 2925 27 2926 28 2927 27 2928 28 2929 27 2930 28 2931 27 2932 28 2933 27 2934 28 2935 27 2936 28 2937 27 2938 28 2939 27 2940 28 2941 27 2942 28 2943 27 2944 28 2945 27 2946 28 2947 27 2948 28 2949 27 2950 28 2951 27 2952 28 2953 27 2954 28 2955 23 2956 24 2957 23 2958 24 2959 23 2960 24 2961 23 2962 24 2963 27 2964 28 2965 27 2966 28 2967 27 2968 28 2969 27 2970 28 2971 27 2972 28 2973 27 2974 28 2975 27 2976 28 2977 28 2978 27 2979 28 2980 28 2981 27 2982 28 2983 27 2984 28 2985 27 2986 28 2987 28 2988 27 2989 28 2990 27 2991 28 2992 27 2993 28 2994 27 2995 28 2996 27 2997 28 2998 27 2999 28 3000 27 3001 28 3002 27 3003 28 3004 27 3005 28 3006 25 3007 26 3008 25 3009 26 3010 25 3011 26 3012 25 3013 26 3014 25 3015 26 3016 25 3017 26 3018 25 3019 26 3020 25 3021 26 3022 25 3023 26 3024 25 3025 26 3026 25 3027 26 3028 25 3029 26 3030 25 3031 26 3032 25 3033 26 3034 25 3035 26 3036 25 3037 26 3038 25 3039 26 3040 25 3041 26 3042 25 3043 26 3044 25 3045 26 3046 25 3047 26 3048 25 3049 26 3050 25 3051 26 3052 22 3053 23 3054 23 3055 24 3056 24 3057 25 3058 23 3059 24 3060 23 3061 24 3062 23 3063 24 3064 23 3065 24 3066 24 3067 25 3068 23 3069 24 3070 23 3071 24 3072 23 3073 24 3074 27 3075 28 3076 27 3077 28 3078 27 3079 28 3080 27 3081 28 3082 27 3083 28 3084 27 3085 28 3086 27 3087 28 3088 27 3089 28 3090 27 3091 28 3092 27 3093 28 3094 27 3095 28 3096 27 3097 28 3098 27 3099 28 3100 27 3101 28 3102 27 3103 28 3104 27 3105 28 3106 27 3107 28 3108 27 3109 28 3110 27 3111 28 3112 27 3113 28 3114 27 3115 28 3116 27 3117 28 3118 28 3119 27 3120 28 3121 27 3122 28 3123 27 3124 28 3125 28 3126 27 3127 28 3128 27 3129 28 3130 28 3131 27 3132 28 3133 27 3134 28 3135 27 3136 28 3137 27 3138 28 3139 27 3140 28 3141 27 3142 28 3143 23 3144 24 3145 23 3146 24 3147 23 3148 24 3149 27 3150 28 3151 23 3152 24 3153 27 3154 28 3155 27 3156 28 3157 27 3158 28 3159 27 3160 28 3161 27 3162 28 3163 27 3164 28 3165 27 3166 28 3167 23 3168 24 3169 23 3170 24 3171 23 3172 24 3173 23 3174 24 3175 23 3176 24 3177 23 3178 24 3179 23 3180 24 3181 27 3182 28 3183 27 3184 28 3185 27 3186 28 3187 27 3188 28 3189 27 3190 28 3191 25 3192 26 3193 25 3194 26 3195 24 3196 25 3197 25 3198 26 3199 24 3200 25 3201 25 3202 26 3203 24 3204 25 3205 24 3206 25 3207 25 3208 26 3209 24 3210 25 3211 25 3212 26 3213 25 3214 26 3215 25 3216 26 3217 25 3218 26 3219 25 3220 26 3221 25 3222 26 3223 25 3224 26 3225 25 3226 26 3227 25 3228 26 3229 25 3230 26 3231 25 3232 26 3233 25 3234 26 3235 25 3236 26 3237 25 3238 26 3239 25 3240 26 3241 25 3242 26 3243 25 3244 26 3245 25 3246 26 3247 26 3248 25 3249 26 3250 25 3251 26 3252 25 3253 26 3254 26 3255 26 3256 25 3257 26 3258 25 3259 26 3260 25 3261 26 3262 24 3263 25 3264 23 3265 24 3266 24 3267 25 3268 23 3269 24 3270 24 3271 25 3272 23 3273 24 3274 23 3275 24 3276 23 3277 24 3278 23 3279 24 3280 25 3281 26 3282 25 3283 26 3284 25 3285 26 3286 25 3287 26 3288 25 3289 26 3290 23 3291 24 3292 23 3293 24 3294 27 3295 28 3296 23 3297 24 3298 23 3299 24 3300 23 3301 24 3302 27 3303 28 3304 22 3305 23 3306 23 3307 24 3308 23 3309 24 3310 23 3311 24 3312 23 3313 24 3314 23 3315 24 3316 23 3317 24 3318 23 3319 24 3320 2 3321 4 3322 2 3323 4 3324 2 3325 4 3326 2 3327 4 3328 4 3329 5 3330 4 3331 5 3332 4 3333 4 3334 2 3335 4 3336 2 3337 4 3338 2 3339 4 3340 2 3341 4 3342 2 3343 4 3344 2 3345 4 3346 4 3347 5 3348 4 3349 5 3350 7 3351 7 3352 8 3353 7 3354 8 3355 2 3356 7 3357 7 3358 8 3359 7 3360 8 3361 7 3362 8 3363 2 3364 7 3365 5 3366 6 3367 5 3368 6 3369 5 3370 5 3371 5 3372 5 3373 5 3374 5 3375 5 3376 6 3377 5 3378 6 3379 5 3380 6 3381 5 3382 6 3383 5 3384 6 3385 5 3386 6 3387 5 3388 6 3389 5 3390 6 3391 5 3392 6 3393 5 3394 6 3395 6 3396 6 3397 5 3398 6 3399 5 3400 6 3401 5 3402 6 3403 5 3404 6 3405 6 3406 6 3407 6 3408 5 3409 5 3410 6 3411 5 3412 5 3413 6 3414 5 3415 5 3416 6 3417 5 3418 5 3419 4 3420 5 3421 5 3422 4 3423 5 3424 5 3425 5 3426 6 3427 5 3428 6 3429 5 3430 6 3431 5 3432 6 3433 5 3434 6 3435 5 3436 6 3437 5 3438 6 3439 5 3440 6 3441 5 3442 6 3443 5 3444 6 3445 5 3446 6 3447 5 3448 6 3449 5 3450 6 3451 5 3452 6 3453 5 3454 6 3455 5 3456 6 3457 6 3458 5 3459 6 3460 6 3461 5 3462 6 3463 6 3464 5 3465 6 3466 5 3467 6 3468 5 3469 6 3470 6 3471 6 3472 6 3473 6 3474 5 3475 4 3476 5 3477 4 3478 5 3479 4 3480 5 3481 4 3482 5 3483 4 3484 5 3485 4 3486 5 3487 4 3488 5 3489 4 3490 5 3491 4 3492 5 3493 4 3494 5 3495 4 3496 5 3497 4 3498 5 3499 4 3500 5 3501 4 3502 5 3503 4 3504 5 3505 4 3506 5 3507 4 3508 5 3509 5 3510 5 3511 5 3512 6 3513 5 3514 6 3515 5 3516 6 3517 5 3518 6 3519 5 3520 6 3521 5 3522 6 3523 5 3524 6 3525 5 3526 6 3527 6 3528 6 3529 8 3530 8 3531 9 3532 8 3533 8 3534 9 3535 8 3536 8 3537 8 3538 8 3539 8 3540 9 3541 8 3542 9 3543 8 3544 9 3545 8 3546 9 3547 8 3548 9 3549 8 3550 9 3551 8 3552 9 3553 8 3554 9 3555 8 3556 9 3557 8 3558 9 3559 8 3560 9 3561 9 3562 8 3563 9 3564 9 3565 8 3566 9 3567 8 3568 9 3569 9 3570 9 3571 9 3572 8 3573 9 3574 8 3575 9 3576 8 3577 8 3578 8 3579 9 3580 8 3581 8 3582 8 3583 7 3584 8 3585 8 3586 8 3587 7 3588 8 3589 8 3590 9 3591 8 3592 9 3593 8 3594 9 3595 8 3596 9 3597 8 3598 9 3599 8 3600 9 3601 8 3602 9 3603 8 3604 9 3605 8 3606 9 3607 8 3608 9 3609 8 3610 9 3611 8 3612 9 3613 8 3614 9 3615 8 3616 9 3617 8 3618 9 3619 9 3620 9 3621 8 3622 9 3623 8 3624 9 3625 9 3626 8 3627 9 3628 8 3629 9 3630 8 3631 9 3632 8 3633 9 3634 9 3635 9 3636 9 3637 9 3638 7 3639 8 3640 8 3641 7 3642 8 3643 7 3644 8 3645 7 3646 8 3647 7 3648 8 3649 7 3650 8 3651 7 3652 8 3653 7 3654 8 3655 7 3656 8 3657 7 3658 8 3659 7 3660 8 3661 7 3662 8 3663 7 3664 8 3665 7 3666 8 3667 7 3668 8 3669 7 3670 8 3671 7 3672 8 3673 7 3674 8 3675 8 3676 8 3677 8 3678 9 3679 8 3680 9 3681 8 3682 9 3683 8 3684 9 3685 8 3686 9 3687 8 3688 9 3689 8 3690 9 3691 8 3692 9 3693 9 3694 9 3695 2 3696 7 3697 2 3698 7 3699 2 3700 7 3701 2 3702 7 3703 2 3704 7 3705 2 3706 7 3707 7 3708 2 3709 7 3710 7 3711 2 3712 7 3713 2 3714 7 3715 2 3716 7 3717 7 3718 2 3719 7 3720 7 3721 2 3722 7 3723 2 3724 7 3725 2 3726 7 3727 2 3728 7 3729 2 3730 7 3731 2 3732 7 3733 2 3734 7 3735 2 3736 7 3737 2 3738 7 3739</v>
        </vertex_weights>
      </skin>
    </controller>
    <controller id="chr626_armature_chr626_1-skin" name="chr626_armature">
      <skin source="#chr626_1-mesh">
        <bind_shape_matrix>1 0 0 0 0 1 0 0 0 0 1 0 0 0 0 1</bind_shape_matrix>
        <source id="chr626_armature_chr626_1-skin-joints">
          <Name_array id="chr626_armature_chr626_1-skin-joints-array" count="29">J_center J_mune J_atama J_ago J_paipu01_L J_paipu03_L J_paipu05_L J_paipu01_R J_paipu03_R J_paipu05_R J_ude_L J_hiji_L J_te_L J_yubi01_L J_yubi02_L J_oyayubi_L J_ude_R J_hiji_R J_te_R J_yubi01_R J_yubi02_R J_oyayubi_R J_hippo J_shokushu01 J_shokushu03 J_shokushu01_L J_shokushu02_L J_shokushu01_R1 J_shokushu02_R</Name_array>
          <technique_common>
            <accessor source="#chr626_armature_chr626_1-skin-joints-array" count="29" stride="1">
              <param name="JOINT" type="name"/>
            </accessor>
          </technique_common>
        </source>
        <source id="chr626_armature_chr626_1-skin-bind_poses">
          <float_array id="chr626_armature_chr626_1-skin-bind_poses-array" count="464">1 0 0 0 0 1 0 -0.08465045 0 0 1 9.21e-5 0 0 0 1 1 0 0 0 0 1 0 -0.0846135 0 0 1 9.21e-5 0 0 0 1 1 0 0 0 0 1 0 -0.10384 0 0 1 9.21e-5 0 0 0 1 1 0 0 0 0 1 0 -0.127956 0 0 1 -0.002388656 0 0 0 1 0.2099628 -0.8546832 0.474797 0.1351106 0.8546832 -0.0753811 -0.513648 -0.006446659 0.474797 0.513648 0.7146562 -0.08433234 0 0 0 1 0.3106976 -0.5865212 0.7479704 0.09647876 0.5865213 -0.5009343 -0.6364414 0.02292281 0.7479705 0.6364412 0.1883682 -0.136079 0 0 0 1 0.9999999 0 0 -0.08380061 -1.49012e-7 0.9999998 1.63913e-7 -0.1329499 0 0 0.9999998 0.05954432 0 0 0 1 0.2099628 0.8546832 -0.474797 -0.1351106 -0.8546832 -0.0753811 -0.513648 -0.006446659 -0.474797 0.513648 0.7146562 -0.08433234 0 0 0 1 0.3106976 0.5865212 -0.7479704 -0.09647876 -0.5865213 -0.5009343 -0.6364414 0.02292281 -0.7479705 0.6364412 0.1883682 -0.136079 0 0 0 1 0.9999999 0 0 0.08380061 1.49012e-7 0.9999998 1.63913e-7 -0.1329499 0 0 0.9999998 0.05954432 0 0 0 1 -0.002512216 -0.9995648 0.0293942 0.09838199 0.9995648 -0.00337404 -0.02930778 -0.01051336 0.0293942 0.02930778 0.9991381 -0.003437697 0 0 0 1 -0.002398431 -0.9995006 -0.03151184 0.09829723 0.9995006 -0.003389 0.03142076 -0.05864506 -0.03151184 -0.03142076 0.9990094 0.006124317 0 0 0 1 1 0 0 -0.110637 0 1 0 -0.09806686 0 0 1 -4.43798e-4 0 0 0 1 0.1775332 -0.9841148 -5.33843e-5 0.07140421 0.9841147 0.1775332 6.38647e-5 -0.1620824 -5.33802e-5 -6.38782e-5 1 -0.003078997 0 0 0 1 1 0 0 -0.165197 0 1 0 -0.102358 0 0 1 -0.003094315 0 0 0 1 1 0 0 -0.134621 0 1 0 -0.09357106 0 0 1 -0.01400566 0 0 0 1 -0.002512216 0.9995648 -0.0293942 -0.09838199 -0.9995648 -0.00337404 -0.02930778 -0.01051336 -0.0293942 0.02930778 0.9991381 -0.003437697 0 0 0 1 -0.002398431 0.9995006 0.03151184 -0.09829723 -0.9995006 -0.003389 0.03142076 -0.05864506 0.03151184 -0.03142076 0.9990094 0.006124317 0 0 0 1 1 0 0 0.110637 0 1 0 -0.09806686 0 0 1 -4.43798e-4 0 0 0 1 0.1775332 0.9841148 5.33843e-5 -0.07140421 -0.9841147 0.1775332 6.38647e-5 -0.1620824 5.33802e-5 -6.38782e-5 1 -0.003078997 0 0 0 1 1 0 0 0.165197 0 1 0 -0.102358 0 0 1 -0.003094315 0 0 0 1 1 0 0 0.134621 0 1 0 -0.09357106 0 0 1 -0.01400566 0 0 0 1 1 0 0 0 0 -0.9999731 0.007323682 0.08464884 0 -0.007323682 -0.996933 5.28136e-4 0 0 0 1 -1 0 0 0 0 -1 2.22657e-5 0.07211339 0 0 0.9969601 0 0 0 0 1 1 0 0 0 0 1 -2.22657e-5 -0.045708 0 0 0.9969601 0 0 0 0 1 0.0797733 -0.3137503 0.9432787 0.008599162 0.3147088 -0.8926998 -0.3215601 0.02302873 0.9458298 0.3234928 0.02743607 -0.009101331 0 0 0 1 0.9999995 0 8.98222e-6 -0.005613684 -2.08432e-7 0.9999999 -2.19709e-5 -0.01219075 -8.3397e-6 0 0.9969596 0.00551939 0 0 0 1 -0.868991 0.3968641 -0.2946646 -0.01221227 -0.3969733 -0.9157062 -0.06219601 0.02217364 -0.2954076 0.06309676 0.9503861 -0.009953498 0 0 0 1 0.9999988 0 -5.28868e-6 0.01057535 6.42502e-7 1 -2.21724e-5 -0.01234257 4.93214e-6 0 0.9969601 -0.006347119 0 0 0 1</float_array>
          <technique_common>
            <accessor source="#chr626_armature_chr626_1-skin-bind_poses-array" count="29" stride="16">
              <param name="TRANSFORM" type="float4x4"/>
            </accessor>
          </technique_common>
        </source>
        <source id="chr626_armature_chr626_1-skin-weights">
          <float_array id="chr626_armature_chr626_1-skin-weights-array" count="3730">0.2999511 0.7000489 0.1999999 0.8 0.2999511 0.7000489 0.1999999 0.8 0.1999999 0.8 1 1 0.1999999 0.8 0.1999999 0.8 1 1 0.1999999 0.8 0.2999511 0.7000489 0.2999511 0.7000489 0.2999511 0.7000489 0.2999511 0.7000489 0.4000977 0.5999023 0.4000977 0.5999023 0.4000977 0.5999023 0.5 0.5 0.4000977 0.5999023 0.4000977 0.5999023 0.4000977 0.5999023 0.5 0.5 0.2999511 0.7000489 0.1999999 0.8 0.2999511 0.7000489 0.1999999 0.8 0.1999999 0.8 1 1 0.1999999 0.8 0.1999999 0.8 1 1 0.1999999 0.8 0.2999511 0.7000489 0.2999511 0.7000489 0.2999511 0.7000489 0.2999511 0.7000489 0.4000977 0.5999023 0.4000977 0.5999023 0.4000977 0.5999023 0.5 0.5 0.4000977 0.5999023 0.4000977 0.5999023 0.4000977 0.5999023 0.5 0.5 0.2999511 0.7000489 0.1999999 0.8 0.2999511 0.7000489 0.1999999 0.8 0.1999999 0.8 1 1 0.1999999 0.8 0.1999999 0.8 1 1 0.1999999 0.8 0.2999511 0.7000489 0.2999511 0.7000489 0.2999511 0.7000489 0.2999511 0.7000489 0.4000977 0.5999023 0.4000977 0.5999023 0.4000977 0.5999023 0.5 0.5 0.4000977 0.5999023 0.4000977 0.5999023 0.4000977 0.5999023 0.5 0.5 0.2999511 0.7000489 0.1999999 0.8 0.2999511 0.7000489 0.1999999 0.8 0.1999999 0.8 1 1 0.1999999 0.8 0.1999999 0.8 1 1 0.1999999 0.8 0.2999511 0.7000489 0.2999511 0.7000489 0.2999511 0.7000489 0.2999511 0.7000489 0.4000977 0.5999023 0.4000977 0.5999023 0.4000977 0.5999023 0.5 0.5 0.4000977 0.5999023 0.4000977 0.5999023 0.4000977 0.5999023 0.5 0.5 0.2999511 0.7000489 0.1999999 0.8 0.2999511 0.7000489 0.1999999 0.8 0.1999999 0.8 1 1 0.1999999 0.8 0.1999999 0.8 1 1 0.1999999 0.8 0.2999511 0.7000489 0.2999511 0.7000489 0.2999511 0.7000489 0.2999511 0.7000489 0.4000977 0.5999023 0.4000977 0.5999023 0.4000977 0.5999023 0.5 0.5 0.4000977 0.5999023 0.4000977 0.5999023 0.4000977 0.5999023 0.5 0.5 0.2999511 0.7000489 0.1999999 0.8 0.2999511 0.7000489 0.1999999 0.8 0.1999999 0.8 1 1 0.1999999 0.8 0.1999999 0.8 1 1 0.1999999 0.8 0.2999511 0.7000489 0.2999511 0.7000489 0.2999511 0.7000489 0.2999511 0.7000489 0.4000977 0.5999023 0.4000977 0.5999023 0.4000977 0.5999023 0.5 0.5 0.4000977 0.5999023 0.4000977 0.5999023 0.4000977 0.5999023 0.5 0.5 0.2999511 0.7000489 0.1999999 0.8 0.2999511 0.7000489 0.1999999 0.8 0.1999999 0.8 1 1 0.1999999 0.8 0.1999999 0.8 1 1 0.1999999 0.8 0.2999511 0.7000489 0.2999511 0.7000489 0.2999511 0.7000489 0.2999511 0.7000489 0.4000977 0.5999023 0.4000977 0.5999023 0.4000977 0.5999023 0.5 0.5 0.4000977 0.5999023 0.4000977 0.5999023 0.4000977 0.5999023 0.5 0.5 0.2999511 0.7000489 0.1999999 0.8 0.2999511 0.7000489 0.1999999 0.8 0.1999999 0.8 1 1 0.1999999 0.8 0.1999999 0.8 1 1 0.1999999 0.8 0.2999511 0.7000489 0.2999511 0.7000489 0.2999511 0.7000489 0.2999511 0.7000489 0.4000977 0.5999023 0.4000977 0.5999023 0.4000977 0.5999023 0.5 0.5 0.4000977 0.5999023 0.4000977 0.5999023 0.4000977 0.5999023 0.5 0.5 0.2999511 0.7000489 0.1999999 0.8 0.2999511 0.7000489 0.1999999 0.8 0.1999999 0.8 1 1 0.1999999 0.8 0.1999999 0.8 1 1 0.1999999 0.8 0.2999511 0.7000489 0.2999511 0.7000489 0.2999511 0.7000489 0.2999511 0.7000489 0.4000977 0.5999023 0.4000977 0.5999023 0.4000977 0.5999023 0.5 0.5 0.4000977 0.5999023 0.4000977 0.5999023 0.4000977 0.5999023 0.5 0.5 0.2999511 0.7000489 0.1999999 0.8 0.2999511 0.7000489 0.1999999 0.8 0.1999999 0.8 1 1 0.1999999 0.8 0.1999999 0.8 1 1 0.1999999 0.8 0.2999511 0.7000489 0.2999511 0.7000489 0.2999511 0.7000489 0.2999511 0.7000489 0.4000977 0.5999023 0.4000977 0.5999023 0.4000977 0.5999023 0.5 0.5 0.4000977 0.5999023 0.4000977 0.5999023 0.4000977 0.5999023 0.5 0.5 0.2999511 0.7000489 0.1999999 0.8 0.2999511 0.7000489 0.1999999 0.8 0.1999999 0.8 1 1 0.1999999 0.8 0.1999999 0.8 1 1 0.1999999 0.8 0.2999511 0.7000489 0.2999511 0.7000489 0.2999511 0.7000489 0.2999511 0.7000489 0.4000977 0.5999023 0.4000977 0.5999023 0.4000977 0.5999023 0.5 0.5 0.4000977 0.5999023 0.4000977 0.5999023 0.4000977 0.5999023 0.5 0.5 0.2999511 0.7000489 0.1999999 0.8 0.2999511 0.7000489 0.1999999 0.8 0.1999999 0.8 1 1 0.1999999 0.8 0.1999999 0.8 1 1 0.1999999 0.8 0.2999511 0.7000489 0.2999511 0.7000489 0.2999511 0.7000489 0.2999511 0.7000489 0.4000977 0.5999023 0.4000977 0.5999023 0.4000977 0.5999023 0.5 0.5 0.4000977 0.5999023 0.4000977 0.5999023 0.4000977 0.5999023 0.5 0.5 0.4000977 0.5999023 1 0.4000977 0.5999023 1 1 0.9000123 0.09998774 0.9000123 0.09998774 0.8 0.1999999 0.09998774 0.9000123 0.09998774 0.9000123 0.1999999 0.8 0.2999511 0.7000489 0.1999999 0.8 0.2999511 0.7000489 0.7000489 0.2999511 0.7000489 0.2999511 1 0.4000977 0.5999023 1 0.4000977 0.5999023 1 0.9000123 0.09998774 0.9000123 0.09998774 0.8 0.1999999 0.09998774 0.9000123 0.09998774 0.9000123 0.2999511 0.7000489 0.1999999 0.8 0.2999511 0.7000489 0.1999999 0.8 0.7000489 0.2999511 0.7000489 0.2999511 0.8 0.1999999 0.9000123 0.09998774 0.5999023 0.4000977 0.5999023 0.4000977 0.5999023 0.4000977 0.5999023 0.4000977 0.5999023 0.4000977 0.7000489 0.2999511 0.2999511 0.7000489 0.5 0.5 0.5999023 0.4000977 0.5 0.5 0.2999511 0.7000489 0.09998774 0.9000123 0.5999023 0.4000977 1 1 1 1 1 1 1 1 1 1 1 1 1 1 1 1 1 1 1 1 1 1 1 1 1 1 1 1 1 1 1 1 1 1 1 1 1 1 1 1 1 1 1 1 1 1 1 1 1 1 1 1 1 1 1 1 1 1 1 1 0.1999999 0.8 0.09998774 0.9000123 0.09998774 0.9000123 0.09998774 0.9000123 1 1 0.1999999 0.8 1 1 1 1 0.2999511 0.7000489 0.1999999 0.8 1 0.09998774 0.9000123 0.1999999 0.8 0.1999999 0.8 0.1999999 0.8 0.2999511 0.7000489 0.1999999 0.8 1 1 1 1 1 1 1 1 1 0.2999511 0.7000489 0.2999511 0.7000489 1 1 0.2999511 0.7000489 1 1 1 1 1 1 1 1 1 1 1 1 1 1 1 1 1 1 1 1 1 1 1 1 1 1 1 1 1 1 1 1 1 1 1 1 1 1 1 1 1 1 1 1 1 1 1 1 1 1 1 1 1 1 1 1 1 1 1 1 1 1 1 1 1 1 1 1 1 1 1 1 1 1 1 1 1 1 1 1 1 1 1 1 1 1 1 1 1 1 1 1 1 1 1 1 1 1 1 1 1 1 1 1 1 1 1 1 1 1 1 1 1 1 1 1 1 1 1 1 1 1 1 1 1 1 1 1 1 1 1 1 1 1 1 1 1 0.09998774 0.9000123 1 0.09998774 0.9000123 1 0.09998774 0.9000123 1 1 0.09998774 0.9000123 1 1 1 1 1 1 1 1 1 1 1 1 1 1 1 1 1 1 1 1 1 1 1 1 1 1 1 1 1 1 1 1 1 1 0.2999511 0.7000489 0.2999511 0.7000489 0.1999999 0.8 1 1 1 1 1 0.1999999 0.8 0.1999999 0.8 1 1 1 1 1 1 1 1 1 0.2999511 0.7000489 1 0.2999511 0.7000489 1 0.2999511 0.7000489 1 1 1 1 1 1 1 1 1 1 1 1 1 1 1 1 1 1 1 1 1 1 1 1 1 1 1 1 1 1 1 1 1 1 1 1 1 1 1 1 1 1 1 1 1 1 1 1 1 1 1 1 1 1 1 1 1 1 1 1 1 1 1 1 1 1 1 1 1 1 1 1 1 1 1 1 1 1 1 1 1 1 1 1 1 1 1 1 1 1 1 1 1 1 1 1 1 1 1 1 1 1 1 1 1 1 1 1 1 1 1 1 1 1 1 1 1 1 1 1 1 1 1 1 1 1 1 1 1 1 1 1 1 1 1 1 1 1 0.09998774 0.9000123 0.09998774 0.9000123 1 0.09998774 0.9000123 1 1 0.09998774 0.9000123 1 1 1 1 1 1 1 1 1 1 1 1 1 1 1 1 1 1 1 1 1 1 1 1 1 1 1 1 1 1 1 1 1 1 0.2999511 0.7000489 0.2999511 0.7000489 0.1999999 0.8 1 1 1 1 1 0.1999999 0.8 0.1999999 0.8 0.5999023 0.4000977 0.1999999 0.8 0.5999023 0.4000977 0.1999999 0.8 1 1 1 0.2999511 0.7000489 1 1 1 1 0.1999999 0.8 0.1999999 0.8 0.09998774 0.9000123 0.09998774 0.9000123 0.09998774 0.9000123 0.09998774 0.9000123 1 0.09998774 0.9000123 0.1999999 0.8 1 0.5999023 0.4000977 1 0.1999999 0.8 0.1999999 0.8 0.5999023 0.4000977 0.5999023 0.4000977 0.5999023 0.4000977 0.5999023 0.4000977 0.1999999 0.8 0.1999999 0.8 1 1 0.5999023 0.4000977 0.5999023 0.4000977 0.1999999 0.8 0.5999023 0.4000977 1 1 1 0.5999023 0.4000977 1 0.1999999 0.8 0.09998774 0.9000123 0.1999999 0.8 0.09998774 0.9000123 0.1999999 0.8 0.09998774 0.9000123 1 1 1 1 1 1 1 0.7000489 0.2999511 1 1 1 1 1 0.7000489 0.2999511 1 0.7000489 0.2999511 0.5999023 0.4000977 0.5 0.5 1 1 1 1 0.09998774 0.9000123 1 1 0.7000489 0.2999511 0.5999023 0.4000977 1 0.5 0.5 1 0.5 0.5 0.5 0.5 0.5999023 0.4000977 0.5 0.5 0.5999023 0.4000977 0.5 0.5 0.5 0.5 0.5999023 0.4000977 1 0.5999023 0.4000977 0.5999023 0.4000977 1 1 0.7000489 0.2999511 1 0.5999023 0.4000977 1 1 1 1 1 1 1 1 1 1 1 0.7000489 0.2999511 1 1 1 1 1 1 1 1 1 1 1 0.5999023 0.4000977 0.5999023 0.4000977 0.5999023 0.4000977 0.5999023 0.4000977 0.5999023 0.4000977 1 0.5999023 0.4000977 0.5999023 0.4000977 0.5999023 0.4000977 0.5999023 0.4000977 1 1 0.5999023 0.4000977 0.5999023 0.4000977 0.5999023 0.4000977 1 1 1 1 1 1 1 1 1 1 1 1 0.5999023 0.4000977 0.5999023 0.4000977 1 1 1 0.5999023 0.4000977 1 1 1 1 1 0.1999999 0.8 0.1999999 0.8 1 1 1 1 1 1 1 1 1 0.1999999 0.8 1 0.1999999 0.8 1 0.1999999 0.8 1 0.1999999 0.8 1 0.1999999 0.8 1 1 0.1999999 0.8 1 1 1 1 1 1 1 1 1 1 1 1 1 1 1 1 1 1 1 1 1 1 1 1 1 1 1 1 1 1 1 1 1 1 1 1 1 1 1 0.9000123 0.09998774 1 1 1 1 1 1 1 1 1 1 1 0.8 0.1999999 1 1 0.1999999 0.8 0.5 0.5 0.5 0.5 0.9000123 0.09998774 0.9000123 0.09998774 0.5 0.5 0.9000123 0.09998774 0.5 0.5 0.9000123 0.09998774 0.5 0.5 0.9000123 0.09998774 0.5 0.5 0.9000123 0.09998774 0.9000123 0.09998774 0.5 0.5 0.9000123 0.09998774 0.9000123 0.09998774 0.9000123 0.09998774 0.9000123 0.09998774 0.9000123 0.09998774 0.9000123 0.09998774 0.9000123 0.09998774 1 1 1 1 1 1 1 1 1 1 1 1 1 1 1 1 0.4000977 0.5999023 0.4000977 0.5999023 0.1999999 0.8 0.9000123 0.09998774 0.9000123 0.09998774 0.5999023 0.4000977 0.9000123 0.09998774 0.9000123 0.09998774 0.5999023 0.4000977 0.9000123 0.09998774 0.5999023 0.4000977 0.5999023 0.4000977 0.9000123 0.09998774 0.5999023 0.4000977 0.5999023 0.4000977 0.9000123 0.09998774 0.9000123 0.09998774 0.1999999 0.8 0.1999999 0.8 0.9000123 0.09998774 0.9000123 0.09998774 0.1999999 0.8 0.1999999 0.8 0.5999023 0.4000977 0.4000977 0.5999023 0.5999023 0.4000977 0.4000977 0.5999023 0.5999023 0.4000977 0.9000123 0.09998774 0.5999023 0.4000977 0.9000123 0.09998774 0.4000977 0.5999023 0.4000977 0.5999023 0.4000977 0.5999023 0.4000977 0.5999023 0.5999023 0.4000977 0.1999999 0.8 0.1999999 0.8 0.1999999 0.8 0.1999999 0.8 0.4000977 0.5999023 0.4000977 0.5999023 0.1999999 0.8 0.1999999 0.8 0.4000977 0.5999023 0.1999999 0.8 0.1999999 0.8 0.4000977 0.5999023 0.4000977 0.5999023 0.1999999 0.8 0.4000977 0.5999023 0.1999999 0.8 0.2999511 0.7000489 0.5999023 0.4000977 0.5999023 0.4000977 0.5999023 0.4000977 0.5999023 0.4000977 0.4000977 0.5999023 0.4000977 0.5999023 0.4000977 0.5999023 0.5999023 0.4000977 0.4000977 0.5999023 0.4000977 0.5999023 0.4000977 0.5999023 0.5999023 0.4000977 0.1999999 0.8 0.1999999 0.8 0.1999999 0.8 0.1999999 0.8 0.4000977 0.5999023 0.4000977 0.5999023 0.5999023 0.4000977 1 0.8 0.1999999 1 0.8 0.1999999 0.8 0.1999999 1 1 0.8 0.1999999 0.8 0.1999999 1 0.8 0.1999999 1 0.8 0.1999999 1 1 0.8 0.1999999 0.8 0.1999999 1 1 0.8 0.1999999 1 0.8 0.1999999 1 1 1 1 1 1 1 1 1 1 1 1 1 0.5 0.5 0.8 0.1999999 0.5 0.5 0.09998774 0.9000123 1 0.09998774 0.9000123 0.09998774 0.9000123 1 0.09998774 0.9000123 0.09998774 0.9000123 1 0.09998774 0.9000123 1 0.5 0.5 0.5 0.5 0.5 0.5 0.5 0.5 0.5 0.5 0.5 0.5 0.5 0.5 0.5 0.5 0.5 0.5 0.5 0.5 0.5 0.5 0.5 0.5 0.5 0.5 0.5 0.5 0.5 0.5 0.5 0.5 0.5 0.5 0.1999999 0.8 0.1999999 0.8 0.5999023 0.4000977 0.5999023 0.4000977 0.2999511 0.7000489 1 1 1 1 1 1 1 0.09998774 0.9000123 0.1999999 0.8 0.09998774 0.9000123 0.1999999 0.8 0.09998774 0.9000123 1 0.09998774 0.9000123 0.1999999 0.8 0.09998774 0.9000123 1 1 0.5999023 0.4000977 0.5999023 0.4000977 0.1999999 0.8 0.5999023 0.4000977 0.1999999 0.8 0.5999023 0.4000977 0.1999999 0.8 0.5999023 0.4000977 0.1999999 0.8 1 0.5999023 0.4000977 1 0.1999999 0.8 0.5999023 0.4000977 0.5999023 0.4000977 1 1 1 0.5999023 0.4000977 1 0.09998774 0.9000123 0.09998774 0.9000123 0.1999999 0.8 0.1999999 0.8 0.09998774 0.9000123 0.1999999 0.8 1 1 1 1 1 1 1 0.7000489 0.2999511 1 1 1 1 1 0.7000489 0.2999511 0.7000489 0.2999511 1 0.5999023 0.4000977 0.5 0.5 1 1 1 1 0.09998774 0.9000123 1 0.7000489 0.2999511 1 1 1 0.5999023 0.4000977 0.5999023 0.4000977 0.5999023 0.4000977 0.5 0.5 0.5 0.5 0.5 0.5 0.5999023 0.4000977 0.5 0.5 0.5 0.5 1 0.5999023 0.4000977 1 0.5999023 0.4000977 1 0.5999023 0.4000977 0.7000489 0.2999511 0.5999023 0.4000977 1 1 1 1 1 1 1 1 1 1 1 0.5999023 0.4000977 0.7000489 0.2999511 1 1 1 1 1 1 1 1 1 1 0.5999023 0.4000977 0.5999023 0.4000977 0.5999023 0.4000977 0.5999023 0.4000977 0.5999023 0.4000977 0.5999023 0.4000977 0.5999023 0.4000977 0.5999023 0.4000977 0.5999023 0.4000977 0.5999023 0.4000977 0.5999023 0.4000977 1 1 0.5999023 0.4000977 0.5999023 0.4000977 0.5999023 0.4000977 1 1 1 1 1 1 1 1 1 1 1 1 1 0.5999023 0.4000977 1 0.5999023 0.4000977 0.5999023 0.4000977 1 1 1 1 1 1 0.1999999 0.8 0.1999999 0.8 1 1 1 1 1 1 1 1 1 0.1999999 0.8 0.1999999 0.8 1 1 0.1999999 0.8 1 0.1999999 0.8 1 0.1999999 0.8 1 0.1999999 0.8 1 1 1 1 1 1 1 1 1 1 1 1 1 1 1 1 1 1 1 1 1 1 1 1 1 1 1 1 1 1 1 1 1 1 1 1 1 1 1 0.9000123 0.09998774 1 1 1 1 1 1 1 1 1 1 1 1 0.8 0.1999999 1 1 0.1999999 0.8 0.9000123 0.09998774 0.5 0.5 0.9000123 0.09998774 0.5 0.5 0.9000123 0.09998774 0.5 0.5 0.9000123 0.09998774 0.5 0.5 0.5 0.5 0.5 0.5 0.9000123 0.09998774 0.9000123 0.09998774 0.9000123 0.09998774 0.5 0.5 0.9000123 0.09998774 0.9000123 0.09998774 0.9000123 0.09998774 0.9000123 0.09998774 0.9000123 0.09998774 0.9000123 0.09998774 0.9000123 0.09998774 1 1 1 1 1 1 1 1 1 1 1 1 1 1 1 1 1 0.09998774 0.9000123 0.09998774 0.9000123 1 0.09998774 0.9000123 1 0.09998774 0.9000123 0.09998774 0.9000123 0.09998774 0.9000123 0.09998774 0.9000123 1 0.09998774 0.9000123 0.09998774 0.9000123 1 1 1 1 1 0.09998774 0.9000123 1 1 1 1 1 1 1 1 1 1 1 1 1 1 1 1 1 1 1 1 1 0.09998774 0.9000123 0.09998774 0.9000123 1 1 1 1 1 0.09998774 0.9000123 1 1 1 0.09998774 0.9000123 0.1999999 0.8 1 0.09998774 0.9000123 1 0.09998774 0.9000123 0.09998774 0.9000123 0.09998774 0.9000123 0.09998774 0.9000123 0.09998774 0.9000123 1 0.09998774 0.9000123 1 1 0.09998774 0.9000123 0.09998774 0.9000123 0.09998774 0.9000123 0.09998774 0.9000123 0.09998774 0.9000123 0.09998774 0.9000123 0.09998774 0.9000123 1 1 0.09998774 0.9000123 1 0.09998774 0.9000123 0.09998774 0.9000123 0.09998774 0.9000123 0.09998774 0.9000123 0.1999999 0.8 0.09998774 0.9000123 1 1 1 1 1 0.1999999 0.8 1 1 1 0.1999999 0.8 0.2999511 0.7000489 1 0.1999999 0.8 0.09998774 0.9000123 0.1999999 0.8 0.1999999 0.8 0.2999511 0.7000489 0.1999999 0.8 1 1 1 1 1 1 1 1 1 1 1 1 1 1 1 1 1 1 1 1 1 1 1 1 1 1 1 1 1 1 0.09998774 0.9000123 0.09998774 0.9000123 0.09998774 0.9000123 0.09998774 0.9000123 0.09998774 0.9000123 0.09998774 0.9000123 0.09998774 0.9000123 0.09998774 0.9000123 1 0.9000123 0.09998774 0.8792284 0.1207717 0.8 0.1999999 0.09998774 0.9000123 0.09998774 0.9000123 0.7000489 0.2999511 0.7000489 0.2999511 1 0.8792284 0.1207717 0.9000123 0.09998774 0.8 0.1999999 0.09998774 0.9000123 0.09998774 0.9000123 0.7000489 0.2999511 0.7000489 0.2999511 0.8 0.1999999 0.9000123 0.09998774 1 0.09998774 0.9000123 0.7003663 0.2996337 0.5969712 0.4030288 0.5999023 0.4000977 0.5964827 0.4035174 0.5969712 0.4030288 0.1999999 0.8 0.1999999 0.8 0.1999999 0.8 0.1999999 0.8 0.1999999 0.8 0.5645909 0.435409 0.2999511 0.7000489 0.5074481 0.4925519 0.5010989 0.4989011 0.2999511 0.7000489 0.5645909 0.435409 0.5074481 0.4925519 0.09998774 0.9000123 0.8 0.1999999 0.5 0.5 0.5 0.5 0.8 0.1999999 0.5999023 0.4000977 0.4000977 0.5999023 0.4000977 0.5999023 0.5999023 0.4000977 0.1999999 0.8 0.1999999 0.8 0.1999999 0.8 0.1999999 0.8 1 0.09998774 0.9000123 0.09998774 0.9000123 1 0.09998774 0.9000123 1 0.09998774 0.9000123 0.09998774 0.9000123 0.09998774 0.9000123 0.09998774 0.9000123 0.1999999 0.8 0.09998774 0.9000123 0.4000977 0.5999023 0.1999999 0.8 0.1999999 0.8 0.4000977 0.5999023 0.2999511 0.7000489 0.5999023 0.4000977 0.2999511 0.7000489 0.4000977 0.5999023 0.4000977 0.5999023 0.2999511 0.7000489 0.5999023 0.4000977 0.5 0.5 0.8 0.1999999 0.5999023 0.4000977 0.5999023 0.4000977 0.5999023 0.4000977 0.5999023 0.4000977 0.9000123 0.09998774 0.9000123 0.09998774 0.5999023 0.4000977 0.9000123 0.09998774 0.9000123 0.09998774 0.9000123 0.09998774 0.4000977 0.5999023 0.1999999 0.8 0.09998774 0.9000123 0.09998774 0.9000123 0.09998774 0.9000123 0.09998774 0.9000123 0.09998774 0.9000123 0.09998774 0.9000123 0.09998774 0.9000123 0.09998774 0.9000123 0.09998774 0.9000123 0.09998774 0.9000123 0.09998774 0.9000123 0.09998774 0.9000123 0.09998774 0.9000123 1 0.09998774 0.9000123 0.09998774 0.9000123 1 0.09998774 0.9000123 0.9000123 0.09998774 0.9000123 0.09998774 0.5999023 0.4000977 0.5999023 0.4000977 0.9000123 0.09998774 0.9000123 0.09998774 0.5999023 0.4000977 0.5999023 0.4000977 0.4000977 0.5999023 0.4000977 0.5999023 0.4000977 0.5999023 0.4000977 0.5999023 0.5999023 0.4000977 0.4000977 0.5999023 0.5999023 0.4000977 0.4000977 0.5999023 0.1999999 0.8 0.1999999 0.8 0.1999999 0.8 0.1999999 0.8 0.1999999 0.8 0.1999999 0.8 0.09998774 0.9000123 0.09998774 0.9000123 1 0.09998774 0.9000123 1 0.09998774 0.9000123 0.09998774 0.9000123 1 0.09998774 0.9000123 0.09998774 0.9000123 0.09998774 0.9000123 0.09998774 0.9000123 0.09998774 0.9000123 0.09998774 0.9000123 0.09998774 0.9000123 0.4000977 0.5999023 0.4000977 0.5999023 0.1999999 0.8 0.1999999 0.8 0.9000123 0.09998774 0.9000123 0.09998774 0.9000123 0.09998774 0.5999023 0.4000977 0.9000123 0.09998774 0.9000123 0.09998774 0.5999023 0.4000977 0.4000977 0.5999023 0.1999999 0.8 0.09998774 0.9000123 0.09998774 0.9000123 0.4000977 0.5999023 0.1999999 0.8 0.1999999 0.8 0.4000977 0.5999023 0.1999999 0.8 0.1999999 0.8 0.4000977 0.5999023 0.1999999 0.8 0.8 0.1999999 0.8 0.1999999 0.7000489 0.2999511 0.7000489 0.2999511 0.7000489 0.2999511 0.8 0.1999999 0.8 0.1999999 0.7000489 0.2999511 0.7000489 0.2999511 0.7000489 0.2999511 0.8 0.1999999 0.8 0.1999999 0.4000977 0.5999023 0.4000977 0.5999023 0.8 0.1999999 0.1999999 0.8 0.1999999 0.8 0.8 0.1999999 0.4000977 0.5999023 0.4000977 0.5999023 0.8 0.1999999 0.4000977 0.5999023 0.1999999 0.8 0.8 0.1999999 0.7000489 0.2999511 0.5999023 0.4000977 0.5999023 0.4000977 0.4000977 0.5999023 0.4000977 0.5999023 0.4000977 0.5999023 0.5999023 0.4000977 0.5999023 0.4000977 0.5999023 0.4000977 0.5999023 0.4000977 0.4000977 0.5999023 0.4000977 0.5999023 0.5999023 0.4000977 0.4000977 0.5999023 0.5999023 0.4000977 0.5999023 0.4000977 0.4000977 0.5999023 0.4000977 0.5999023 0.4000977 0.5999023 0.4000977 0.5999023 0.4000977 0.5999023 0.4000977 0.5999023 0.1999999 0.8 0.1999999 0.8 0.1999999 0.8 0.1999999 0.8 0.1999999 0.8 0.1999999 0.8 0.09998774 0.9000123 1 0.09998774 0.9000123 0.09998774 0.9000123 1 0.09998774 0.9000123 0.09998774 0.9000123 0.09998774 0.9000123 1 0.09998774 0.9000123 0.09998774 0.9000123 0.09998774 0.9000123 0.09998774 0.9000123 0.09998774 0.9000123 0.09998774 0.9000123 0.4000977 0.5999023 0.1999999 0.8 0.1999999 0.8 0.5999023 0.4000977 0.4000977 0.5999023 0.1999999 0.8 0.09998774 0.9000123 0.09998774 0.9000123 0.4000977 0.5999023 0.5999023 0.4000977 0.4000977 0.5999023 0.5999023 0.4000977 0.4000977 0.5999023 0.4000977 0.5999023 0.1999999 0.8 0.1999999 0.8 0.09998774 0.9000123 0.09998774 0.9000123 0.5999023 0.4000977 0.5999023 0.4000977 0.4000977 0.5999023 0.4000977 0.5999023 0.4000977 0.5999023 0.4000977 0.5999023 0.5999023 0.4000977 0.5999023 0.4000977 0.4000977 0.5999023 0.1999999 0.8 0.1999999 0.8 0.1999999 0.8 0.1999999 0.8 0.1999999 0.8 0.09998774 0.9000123 0.09998774 0.9000123 0.09998774 0.9000123 0.09998774 0.9000123 0.09998774 0.9000123 0.09998774 0.9000123 0.09998774 0.9000123 0.09998774 0.9000123 0.09998774 0.9000123 0.09998774 0.9000123 1 1 1 0.2999511 0.7000489 0.4000977 0.5999023 0.4000977 0.5999023 0.4000977 0.5999023 0.1999999 0.8 0.1999999 0.8 0.4000977 0.5999023 0.4000977 0.5999023 0.4000977 0.5999023 0.1999999 0.8 0.4000977 0.5999023 0.4000977 0.5999023 0.4000977 0.5999023 0.1999999 0.8 0.1999999 0.8 0.4000977 0.5999023 0.1999999 0.8 0.5999023 0.4000977 0.4000977 0.5999023 0.1999999 0.8 0.09998774 0.9000123 0.09998774 0.9000123 0.5999023 0.4000977 0.5999023 0.4000977 0.4000977 0.5999023 0.4000977 0.5999023 0.5999023 0.4000977 0.5999023 0.4000977 0.4000977 0.5999023 0.4000977 0.5999023 0.4000977 0.5999023 0.4000977 0.5999023 0.1999999 0.8 0.1999999 0.8 0.1999999 0.8 0.1999999 0.8 0.1999999 0.8 0.9000123 0.09998774 0.9000123 0.09998774 0.5999023 0.4000977 0.9000123 0.09998774 0.9000123 0.09998774 0.8 0.1999999 0.1999999 0.8 0.1999999 0.8 0.8 0.1999999 0.9000123 0.09998774 0.5999023 0.4000977 0.9000123 0.09998774 0.4000977 0.5999023 0.1999999 0.8 0.09998774 0.9000123 1 0.09998774 0.9000123 0.09998774 0.9000123 0.09998774 0.9000123 1 0.09998774 0.9000123 1 0.09998774 0.9000123 0.09998774 0.9000123 0.09998774 0.9000123 0.1999999 0.8 0.09998774 0.9000123 0.09998774 0.9000123 0.09998774 0.9000123 0.09998774 0.9000123 0.09998774 0.9000123 0.09998774 0.9000123 0.5999023 0.4000977 0.5999023 0.4000977 0.5 0.5 0.5 0.5 0.5 0.5 0.5 0.5 0.5 0.5 0.5 0.5 0.5999023 0.4000977 0.5999023 0.4000977 0.5999023 0.4000977 0.5 0.5 0.5 0.5 0.5 0.5 0.5 0.5 0.5 0.5 0.5 0.5 0.5 0.5 0.5 0.5 0.5 0.5 0.5 0.5 0.5 0.5 0.5 0.5 0.5 0.5 0.8 0.1999999 0.4000977 0.5999023 0.1999999 0.8 0.1999999 0.8 0.4000977 0.5999023 0.4000977 0.5999023 0.4000977 0.5999023 0.8 0.1999999 0.4000977 0.5999023 0.8 0.1999999 0.9000123 0.09998774 0.5999023 0.4000977 0.9000123 0.09998774 0.5999023 0.4000977 0.1999999 0.8 0.1999999 0.8 0.4000977 0.5999023 0.4000977 0.5999023 0.5999023 0.4000977 0.5999023 0.4000977 0.4000977 0.5999023 0.4000977 0.5999023 0.5999023 0.4000977 0.4000977 0.5999023 0.4000977 0.5999023 0.1999999 0.8 0.1999999 0.8 0.1999999 0.8 0.1999999 0.8 0.9000123 0.09998774 0.9000123 0.09998774 0.09998774 0.9000123 0.09998774 0.9000123 1 0.09998774 0.9000123 1 0.09998774 0.9000123 0.09998774 0.9000123 1 0.09998774 0.9000123 0.09998774 0.9000123 0.09998774 0.9000123 0.09998774 0.9000123 0.09998774 0.9000123 0.09998774 0.9000123 0.09998774 0.9000123 0.4000977 0.5999023 0.1999999 0.8 0.1999999 0.8 0.1999999 0.8 0.9000123 0.09998774 0.9000123 0.09998774 0.9000123 0.09998774 0.5999023 0.4000977 0.9000123 0.09998774 0.5999023 0.4000977 0.9000123 0.09998774 0.9000123 0.09998774 0.1999999 0.8 0.1999999 0.8 0.4000977 0.5999023 0.1999999 0.8 0.1999999 0.8 0.4000977 0.5999023 0.1999999 0.8 0.5999023 0.4000977 0.4000977 0.5999023 0.1999999 0.8 0.09998774 0.9000123 0.09998774 0.9000123 0.5999023 0.4000977 0.4000977 0.5999023 0.4000977 0.5999023 0.5999023 0.4000977 0.8 0.1999999 0.4000977 0.5999023 0.4000977 0.5999023 0.5999023 0.4000977 0.5999023 0.4000977 0.4000977 0.5999023 0.5999023 0.4000977 0.4000977 0.5999023 0.4000977 0.5999023 0.4000977 0.5999023 0.5999023 0.4000977 0.4000977 0.5999023 0.4000977 0.5999023 0.09998774 0.9000123 0.09998774 0.9000123 0.1999999 0.8 0.1999999 0.8 0.09998774 0.9000123 0.1999999 0.8 0.1999999 0.8 0.09998774 0.9000123 0.1999999 0.8 0.09998774 0.9000123 0.09998774 0.9000123 0.09998774 0.9000123 1 0.09998774 0.9000123 1 0.09998774 0.9000123 1 0.09998774 0.9000123 0.09998774 0.9000123 0.09998774 0.9000123 0.4000977 0.5999023 0.1999999 0.8 0.1999999 0.8 0.4000977 0.5999023 0.1999999 0.8 0.1999999 0.8 0.4000977 0.5999023 0.4000977 0.5999023 0.4000977 0.5999023 0.09998774 0.9000123 0.09998774 0.9000123 0.1999999 0.8 0.4000977 0.5999023 0.5999023 0.4000977 0.4000977 0.5999023 0.4000977 0.5999023 0.9000123 0.09998774 0.4000977 0.5999023 0.1999999 0.8 0.1999999 0.8 0.9000123 0.09998774 0.5 0.5 0.8 0.1999999 0.1999999 0.8 0.4000977 0.5999023 0.1999999 0.8 0.4000977 0.5999023 0.4000977 0.5999023 0.8 0.1999999 0.4000977 0.5999023 0.5 0.5 0.4000977 0.5999023 0.5 0.5 0.8 0.1999999 0.9000123 0.09998774 1 1 0.09998774 0.9000123 0.09998774 0.9000123 0.1999999 0.8 0.2999511 0.7000489 0.2999511 0.7000489 0.1999999 0.8 0.7000489 0.2999511 0.5999023 0.4000977 1 0.9000123 0.09998774 0.8 0.1999999 0.09998774 0.9000123 0.7003663 0.2996337 0.5999023 0.4000977 0.5999023 0.4000977 0.1999999 0.8 0.8 0.1999999 1 0.7000489 0.2999511 1 1 1 1 1 0.5 0.5 0.5 0.5 0.4000977 0.5999023 0.4000977 0.5999023 0.2999511 0.7000489 0.2999511 0.7000489 0.1999999 0.8 0.1999999 0.8 0.5 0.5 0.5 0.5 1 0.05000305 0.949997 1 0.05000305 0.949997 0.125 0.8750001 0.125 0.8750001 1 1 1 1 1 0.7000489 0.2999511 0.9000123 0.09998774 1 0.8 0.1999999 1 0.09998774 0.9000123 1 1 0.09998774 0.9000123 1 0.5 0.5 0.4000977 0.5999023 0.5 0.5 0.4000977 0.5999023 0.5 0.5 0.4000977 0.5999023 0.2999511 0.7000489 0.2999511 0.7000489 0.2999511 0.7000489 0.1999999 0.8 0.1999999 0.8 0.1999999 0.8 0.5 0.5 0.5 0.5 0.5 0.5 0.05000305 0.949997 0.05000305 0.949997 1 1 0.05000305 0.949997 1 0.125 0.8750001 0.125 0.8750001 0.125 0.8750001 1 1 1 1 1 0.4000977 0.5999023 0.4000977 0.5999023 0.4000977 0.5999023 0.09998774 0.9000123 0.2999511 0.7000489 0.5 0.5 0.5 0.5 0.09998774 0.9000123 0.09998774 0.9000123 0.09998774 0.9000123 0.2999511 0.7000489 0.5 0.5 0.2999511 0.7000489 0.5 0.5 0.2999511 0.7000489 0.09998774 0.9000123 0.09998774 0.9000123 1 1 0.8 0.1999999 0.5 0.5 0.5 0.5 0.4000977 0.5999023 0.2999511 0.7000489 0.1999999 0.8 0.125 0.8750001 0.05000305 0.949997 1 1 1 1 0.7000489 0.2999511 0.8 0.1999999 1 1 1 1 0.5 0.5 0.4000977 0.5999023 0.5 0.5 0.4000977 0.5999023 0.2999511 0.7000489 0.2999511 0.7000489 0.1999999 0.8 0.1999999 0.8 0.5 0.5 0.5 0.5 0.05000305 0.949997 0.05000305 0.949997 1 1 0.125 0.8750001 0.125 0.8750001 1 1 1 0.9000123 0.09998774 1 0.7000489 0.2999511 1 0.8 0.1999999 1 1 0.09998774 0.9000123 1 1 1 0.09998774 0.9000123 0.5 0.5 0.5 0.5 0.4000977 0.5999023 0.4000977 0.5999023 0.5 0.5 0.4000977 0.5999023 0.2999511 0.7000489 0.2999511 0.7000489 0.2999511 0.7000489 0.1999999 0.8 0.1999999 0.8 0.1999999 0.8 0.5 0.5 0.5 0.5 0.5 0.5 1 0.05000305 0.949997 1 0.05000305 0.949997 1 0.05000305 0.949997 0.125 0.8750001 0.125 0.8750001 0.125 0.8750001 1 1 1 1 0.4000977 0.5999023 1 0.4000977 0.5999023 0.4000977 0.5999023 0.09998774 0.9000123 0.5 0.5 0.2999511 0.7000489 0.09998774 0.9000123 0.09998774 0.9000123 0.09998774 0.9000123 0.2999511 0.7000489 0.5 0.5 0.2999511 0.7000489 0.5 0.5 0.5 0.5 0.2999511 0.7000489 0.2999511 0.7000489 0.09998774 0.9000123 0.09998774 0.9000123 1 1 0.8 0.1999999 0.5 0.5 0.5 0.5 0.4000977 0.5999023 0.2999511 0.7000489 0.1999999 0.8 0.125 0.8750001 0.05000305 0.949997 1 1 0.2999511 0.7000489 0.2999511 0.7000489 0.2999511 0.7000489 0.2999511 0.7000489 0.3001221 0.6998779 0.394724 0.605276 0.3888618 0.6111383 1 1 0.4021978 0.5978022 0.5 0.5 0.389011 0.610989 0.394724 0.605276 1 1 0.4021978 0.5978022 0.5 0.5 0.3001221 0.6998779 0.3888618 0.6111383 0.394724 0.605276 0.389011 0.610989 0.394724 0.605276 0.4021978 0.5978022 0.4021978 0.5978022</float_array>
          <technique_common>
            <accessor source="#chr626_armature_chr626_1-skin-weights-array" count="3730" stride="1">
              <param name="WEIGHT" type="float"/>
            </accessor>
          </technique_common>
        </source>
        <joints>
          <input semantic="JOINT" source="#chr626_armature_chr626_1-skin-joints"/>
          <input semantic="INV_BIND_MATRIX" source="#chr626_armature_chr626_1-skin-bind_poses"/>
        </joints>
        <vertex_weights count="2387">
          <input semantic="JOINT" source="#chr626_armature_chr626_1-skin-joints" offset="0"/>
          <input semantic="WEIGHT" source="#chr626_armature_chr626_1-skin-weights" offset="1"/>
          <vcount>2 2 2 2 2 1 1 2 2 1 1 2 2 2 2 2 2 2 2 2 2 2 2 2 2 2 2 2 2 1 1 2 2 1 1 2 2 2 2 2 2 2 2 2 2 2 2 2 2 2 2 2 2 1 1 2 2 1 1 2 2 2 2 2 2 2 2 2 2 2 2 2 2 2 2 2 2 1 1 2 2 1 1 2 2 2 2 2 2 2 2 2 2 2 2 2 2 2 2 2 2 1 1 2 2 1 1 2 2 2 2 2 2 2 2 2 2 2 2 2 2 2 2 2 2 1 1 2 2 1 1 2 2 2 2 2 2 2 2 2 2 2 2 2 2 2 2 2 2 1 1 2 2 1 1 2 2 2 2 2 2 2 2 2 2 2 2 2 2 2 2 2 2 1 1 2 2 1 1 2 2 2 2 2 2 2 2 2 2 2 2 2 2 2 2 2 2 1 1 2 2 1 1 2 2 2 2 2 2 2 2 2 2 2 2 2 2 2 2 2 2 1 1 2 2 1 1 2 2 2 2 2 2 2 2 2 2 2 2 2 2 2 2 2 2 1 1 2 2 1 1 2 2 2 2 2 2 2 2 2 2 2 2 2 2 2 2 2 2 1 1 2 2 1 1 2 2 2 2 2 2 2 2 2 2 2 2 2 2 1 2 1 1 2 2 2 2 2 2 2 2 2 2 2 1 2 1 2 1 2 2 2 2 2 2 2 2 2 2 2 2 2 2 2 2 2 2 2 2 2 2 2 2 2 2 1 1 1 1 1 1 1 1 1 1 1 1 1 1 1 1 1 1 1 1 1 1 1 1 1 1 1 1 1 1 1 1 1 1 1 1 1 1 1 1 1 1 1 1 1 1 1 1 1 1 1 1 1 1 1 1 1 1 1 1 2 2 2 2 1 1 2 1 1 1 1 2 2 1 2 2 2 2 2 2 1 1 1 1 1 1 1 1 1 2 2 1 1 2 1 1 1 1 1 1 1 1 1 1 1 1 1 1 1 1 1 1 1 1 1 1 1 1 1 1 1 1 1 1 1 1 1 1 1 1 1 1 1 1 1 1 1 1 1 1 1 1 1 1 1 1 1 1 1 1 1 1 1 1 1 1 1 1 1 1 1 1 1 1 1 1 1 1 1 1 1 1 1 1 1 1 1 1 1 1 1 1 1 1 1 1 1 1 1 1 1 1 1 1 1 1 1 1 1 1 1 1 1 1 1 1 1 1 1 1 1 1 1 1 1 1 1 1 1 1 1 1 1 1 1 1 1 1 1 1 1 2 1 2 1 2 1 1 2 1 1 1 1 1 1 1 1 1 1 1 1 1 1 1 1 1 1 1 1 1 1 1 1 1 1 1 1 1 1 1 1 1 1 2 2 2 1 1 1 1 1 2 2 1 1 1 1 1 1 1 1 1 2 1 2 1 2 1 1 1 1 1 1 1 1 1 1 1 1 1 1 1 1 1 1 1 1 1 1 1 1 1 1 1 1 1 1 1 1 1 1 1 1 1 1 1 1 1 1 1 1 1 1 1 1 1 1 1 1 1 1 1 1 1 1 1 1 1 1 1 1 1 1 1 1 1 1 1 1 1 1 1 1 1 1 1 1 1 1 1 1 1 1 1 1 1 1 1 1 1 1 1 1 1 1 1 1 1 1 1 1 1 1 1 1 1 1 1 1 1 1 1 1 1 1 1 1 1 1 1 1 1 1 1 1 1 1 1 1 1 1 1 1 1 1 2 2 1 2 1 1 2 1 1 1 1 1 1 1 1 1 1 1 1 1 1 1 1 1 1 1 1 1 1 1 1 1 1 1 1 1 1 1 1 1 1 2 2 2 1 1 1 1 1 2 2 2 2 2 2 1 1 1 2 1 1 1 1 2 2 2 2 2 2 1 2 2 1 2 1 2 2 2 2 2 2 2 2 1 1 2 2 2 2 1 1 1 2 1 2 2 2 2 2 2 1 1 1 1 1 1 1 2 1 1 1 1 1 2 1 2 2 2 1 1 1 1 2 1 1 2 2 1 2 1 2 2 2 2 2 2 2 2 1 2 2 1 1 2 1 2 1 1 1 1 1 1 1 1 1 1 1 2 1 1 1 1 1 1 1 1 1 1 1 2 2 2 2 2 1 2 2 2 2 1 1 2 2 2 1 1 1 1 1 1 1 1 1 1 1 1 2 2 1 1 1 2 1 1 1 1 1 2 2 1 1 1 1 1 1 1 1 1 2 1 2 1 2 1 2 1 2 1 1 2 1 1 1 1 1 1 1 1 1 1 1 1 1 1 1 1 1 1 1 1 1 1 1 1 1 1 1 1 1 1 1 1 1 1 1 1 1 1 1 2 1 1 1 1 1 1 1 1 1 1 1 2 1 1 2 2 2 2 2 2 2 2 2 2 2 2 2 2 2 2 2 2 2 2 2 2 1 1 1 1 1 1 1 1 1 1 1 1 1 1 1 1 2 2 2 2 2 2 2 2 2 2 2 2 2 2 2 2 2 2 2 2 2 2 2 2 2 2 2 2 2 2 2 2 2 2 2 2 2 2 2 2 2 2 2 2 2 2 2 2 2 2 2 2 2 2 2 2 2 2 2 2 2 2 2 2 2 2 2 2 2 2 2 2 1 2 1 2 2 1 1 2 2 1 2 1 2 1 1 2 2 1 1 2 1 2 1 1 1 1 1 1 1 1 1 1 1 1 1 2 2 2 2 1 2 2 1 2 2 1 2 1 2 2 2 2 2 2 2 2 2 2 2 2 2 2 2 2 2 2 2 2 2 2 1 1 1 1 1 1 1 2 2 2 2 2 1 2 2 2 1 1 2 2 2 2 2 2 2 2 2 1 2 1 2 2 2 1 1 1 2 1 2 2 2 2 2 2 1 1 1 1 1 1 1 2 1 1 1 1 1 2 2 1 2 2 1 1 1 1 2 1 2 1 1 1 2 2 2 2 2 2 2 2 2 1 2 1 2 1 2 2 2 1 1 1 1 1 1 1 1 1 1 1 2 2 1 1 1 1 1 1 1 1 1 1 2 2 2 2 2 2 2 2 2 2 2 1 1 2 2 2 1 1 1 1 1 1 1 1 1 1 1 1 1 2 1 2 2 1 1 1 1 1 1 2 2 1 1 1 1 1 1 1 1 1 2 2 1 1 2 1 2 1 2 1 2 1 1 1 1 1 1 1 1 1 1 1 1 1 1 1 1 1 1 1 1 1 1 1 1 1 1 1 1 1 1 1 1 1 1 1 1 1 1 1 2 1 1 1 1 1 1 1 1 1 1 1 1 2 1 1 2 2 2 2 2 2 2 2 2 2 2 2 2 2 2 2 2 2 2 2 2 2 1 1 1 1 1 1 1 1 1 1 1 1 1 1 1 1 1 2 2 1 2 1 2 2 2 2 1 2 2 1 1 1 1 1 2 1 1 1 1 1 1 1 1 1 1 1 1 1 1 1 1 1 1 1 1 1 2 2 1 1 1 1 1 2 1 1 1 2 2 1 2 1 2 2 2 2 2 1 2 1 1 2 2 2 2 2 2 2 1 1 2 1 2 2 2 2 2 2 1 1 1 1 1 2 1 1 1 2 2 1 2 2 2 2 2 2 1 1 1 1 1 1 1 1 1 1 1 1 1 1 1 1 1 1 1 1 1 1 1 1 1 1 1 1 1 1 2 2 2 2 2 2 2 2 1 2 2 2 2 2 2 2 1 2 2 2 2 2 2 2 2 2 1 2 2 2 2 2 2 2 2 2 2 2 2 2 2 2 2 2 2 2 2 2 2 2 2 2 2 2 2 2 2 2 1 2 2 1 2 1 2 2 2 2 2 2 2 2 2 2 2 2 2 2 2 2 2 2 2 2 2 2 2 2 2 2 2 2 2 2 2 2 2 2 2 2 2 2 2 2 2 2 2 2 1 2 2 1 2 2 2 2 2 2 2 2 2 2 2 2 2 2 2 2 2 2 2 2 2 2 2 2 2 1 2 1 2 2 1 2 2 2 2 2 2 2 2 2 2 2 2 2 2 2 2 2 2 2 2 2 2 2 2 2 2 2 2 2 2 2 2 2 2 2 2 2 2 2 2 2 2 2 2 2 2 2 2 2 2 2 2 2 2 2 2 2 2 2 2 2 2 2 2 2 2 2 2 2 2 2 2 2 2 2 2 2 2 2 2 2 2 2 1 2 2 1 2 2 2 1 2 2 2 2 2 2 2 2 2 2 2 2 2 2 2 2 2 2 2 2 2 2 2 2 2 2 2 2 2 2 2 2 2 2 2 2 2 2 2 2 2 2 2 2 2 2 2 2 1 1 1 2 2 2 2 2 2 2 2 2 2 2 2 2 2 2 2 2 2 2 2 2 2 2 2 2 2 2 2 2 2 2 2 2 2 2 2 2 2 2 2 2 2 2 2 2 2 2 2 2 2 2 2 1 2 2 2 1 2 1 2 2 2 2 2 2 2 2 2 2 2 2 2 2 2 2 2 2 2 2 2 2 2 2 2 2 2 2 2 2 2 2 2 2 2 2 2 2 2 2 2 2 2 2 2 2 2 2 2 2 2 2 2 2 2 2 2 2 2 2 2 2 2 2 2 2 2 1 2 1 2 2 1 2 2 2 2 2 2 2 2 2 2 2 2 2 2 2 2 2 2 2 2 2 2 2 2 2 2 2 2 2 2 2 2 2 2 2 2 2 2 2 2 2 2 2 2 2 2 2 2 2 2 2 2 2 2 2 2 2 2 2 2 1 2 1 2 1 2 2 2 2 2 2 2 2 2 2 2 2 2 2 2 2 2 2 2 2 2 2 2 2 2 2 2 2 2 2 2 2 2 2 2 2 2 2 1 1 2 2 2 2 2 2 2 2 1 2 2 2 2 2 2 2 2 1 2 1 1 1 1 1 2 2 2 2 2 2 2 2 2 2 1 2 1 2 2 2 1 1 1 1 1 2 2 1 2 1 2 1 1 2 1 2 2 2 2 2 2 2 2 2 2 2 2 2 2 2 2 2 1 1 2 1 2 2 2 1 1 1 1 1 2 2 2 2 2 2 2 2 2 2 2 2 2 2 2 2 2 1 1 2 2 2 2 2 2 2 2 1 1 1 1 2 2 1 1 1 1 2 2 2 2 2 2 2 2 2 2 2 2 1 1 2 2 1 1 1 2 1 2 1 2 1 1 2 1 1 1 2 2 2 2 2 2 2 2 2 2 2 2 2 2 2 2 1 2 1 2 1 2 2 2 2 1 1 1 1 2 1 2 2 2 2 2 2 2 2 2 2 2 2 2 2 2 2 2 1 1 2 2 2 2 2 2 2 2 1 1 2 2 2 2 2 2 2 1 1 2 2 2 2 1 1 2 2 2 2 2 2 2 2 2 </vcount>
          <v>1 0 2 1 1 2 2 3 1 4 2 5 1 6 2 7 1 8 2 9 2 10 2 11 1 12 2 13 1 14 2 15 2 16 2 17 1 18 2 19 1 20 2 21 1 22 2 23 1 24 2 25 1 26 2 27 1 28 2 29 1 30 2 31 1 32 2 33 1 34 2 35 1 36 2 37 1 38 2 39 1 40 2 41 1 42 2 43 1 44 2 45 1 46 2 47 1 48 2 49 1 50 2 51 1 52 2 53 2 54 2 55 1 56 2 57 1 58 2 59 2 60 2 61 1 62 2 63 1 64 2 65 1 66 2 67 1 68 2 69 1 70 2 71 1 72 2 73 1 74 2 75 1 76 2 77 1 78 2 79 1 80 2 81 1 82 2 83 1 84 2 85 1 86 2 87 1 88 2 89 1 90 2 91 1 92 2 93 1 94 2 95 1 96 2 97 2 98 2 99 1 100 2 101 1 102 2 103 2 104 2 105 1 106 2 107 1 108 2 109 1 110 2 111 1 112 2 113 1 114 2 115 1 116 2 117 1 118 2 119 1 120 2 121 1 122 2 123 1 124 2 125 1 126 2 127 1 128 2 129 1 130 2 131 1 132 2 133 1 134 2 135 1 136 2 137 1 138 2 139 1 140 2 141 2 142 2 143 1 144 2 145 1 146 2 147 2 148 2 149 1 150 2 151 1 152 2 153 1 154 2 155 1 156 2 157 1 158 2 159 1 160 2 161 1 162 2 163 1 164 2 165 1 166 2 167 1 168 2 169 1 170 2 171 1 172 2 173 1 174 2 175 1 176 2 177 1 178 2 179 1 180 2 181 1 182 2 183 1 184 2 185 2 186 2 187 1 188 2 189 1 190 2 191 2 192 2 193 1 194 2 195 1 196 2 197 1 198 2 199 1 200 2 201 1 202 2 203 1 204 2 205 1 206 2 207 1 208 2 209 1 210 2 211 1 212 2 213 1 214 2 215 1 216 2 217 1 218 2 219 1 220 2 221 1 222 2 223 1 224 2 225 1 226 2 227 1 228 2 229 2 230 2 231 1 232 2 233 1 234 2 235 2 236 2 237 1 238 2 239 1 240 2 241 1 242 2 243 1 244 2 245 1 246 2 247 1 248 2 249 1 250 2 251 1 252 2 253 1 254 2 255 1 256 2 257 1 258 2 259 1 260 2 261 1 262 2 263 1 264 2 265 1 266 2 267 1 268 2 269 1 270 2 271 1 272 2 273 2 274 2 275 1 276 2 277 1 278 2 279 2 280 2 281 1 282 2 283 1 284 2 285 1 286 2 287 1 288 2 289 1 290 2 291 1 292 2 293 1 294 2 295 1 296 2 297 1 298 2 299 1 300 2 301 1 302 2 303 1 304 2 305 1 306 2 307 1 308 2 309 1 310 2 311 1 312 2 313 1 314 2 315 1 316 2 317 2 318 2 319 1 320 2 321 1 322 2 323 2 324 2 325 1 326 2 327 1 328 2 329 1 330 2 331 1 332 2 333 1 334 2 335 1 336 2 337 1 338 2 339 1 340 2 341 1 342 2 343 1 344 2 345 1 346 2 347 1 348 2 349 1 350 2 351 1 352 2 353 1 354 2 355 1 356 2 357 1 358 2 359 1 360 2 361 2 362 2 363 1 364 2 365 1 366 2 367 2 368 2 369 1 370 2 371 1 372 2 373 1 374 2 375 1 376 2 377 1 378 2 379 1 380 2 381 1 382 2 383 1 384 2 385 1 386 2 387 1 388 2 389 1 390 2 391 1 392 2 393 1 394 2 395 1 396 2 397 1 398 2 399 1 400 2 401 1 402 2 403 1 404 2 405 2 406 2 407 1 408 2 409 1 410 2 411 2 412 2 413 1 414 2 415 1 416 2 417 1 418 2 419 1 420 2 421 1 422 2 423 1 424 2 425 1 426 2 427 1 428 2 429 1 430 2 431 1 432 2 433 1 434 2 435 1 436 2 437 1 438 2 439 1 440 2 441 1 442 2 443 1 444 2 445 1 446 2 447 1 448 2 449 2 450 2 451 1 452 2 453 1 454 2 455 2 456 2 457 1 458 2 459 1 460 2 461 1 462 2 463 1 464 2 465 1 466 2 467 1 468 2 469 1 470 2 471 1 472 2 473 1 474 2 475 1 476 2 477 1 478 2 479 1 480 2 481 1 482 2 483 1 484 2 485 1 486 2 487 1 488 2 489 1 490 2 491 1 492 2 493 2 494 2 495 1 496 2 497 1 498 2 499 2 500 2 501 1 502 2 503 1 504 2 505 1 506 2 507 1 508 2 509 1 510 2 511 1 512 2 513 1 514 2 515 1 516 2 517 1 518 2 519 1 520 2 521 1 522 2 523 1 524 2 525 1 526 2 527 2 528 4 529 4 530 2 531 4 532 4 533 4 534 4 535 5 536 4 537 5 538 4 539 5 540 2 541 4 542 2 543 4 544 2 545 4 546 2 547 4 548 2 549 4 550 2 551 4 552 4 553 5 554 4 555 5 556 4 557 2 558 4 559 4 560 2 561 4 562 4 563 4 564 5 565 4 566 5 567 4 568 5 569 2 570 4 571 2 572 4 573 2 574 4 575 2 576 4 577 2 578 4 579 2 580 4 581 4 582 5 583 4 584 5 585 4 586 5 587 4 588 5 589 4 590 5 591 4 592 5 593 4 594 5 595 4 596 5 597 4 598 5 599 4 600 5 601 4 602 5 603 4 604 5 605 4 606 5 607 4 608 5 609 4 610 5 611 4 612 5 613 4 614 5 615 2 616 2 617 2 618 2 619 2 620 2 621 2 622 2 623 2 624 2 625 2 626 2 627 2 628 2 629 2 630 2 631 2 632 2 633 2 634 2 635 2 636 2 637 2 638 2 639 2 640 2 641 2 642 2 643 2 644 2 645 2 646 2 647 2 648 2 649 2 650 2 651 2 652 2 653 2 654 2 655 2 656 2 657 2 658 2 659 2 660 2 661 2 662 2 663 2 664 2 665 2 666 2 667 2 668 2 669 2 670 2 671 2 672 2 673 2 674 2 675 2 676 3 677 2 678 3 679 2 680 3 681 2 682 3 683 3 684 3 685 2 686 3 687 3 688 3 689 3 690 3 691 2 692 3 693 2 694 3 695 3 696 2 697 3 698 2 699 3 700 2 701 3 702 2 703 3 704 2 705 3 706 2 707 3 708 2 709 2 710 2 711 2 712 2 713 2 714 2 715 2 716 2 717 2 718 3 719 2 720 3 721 2 722 2 723 2 724 3 725 2 726 2 727 2 728 2 729 2 730 2 731 2 732 2 733 2 734 2 735 2 736 2 737 2 738 2 739 2 740 2 741 2 742 2 743 2 744 2 745 2 746 2 747 2 748 2 749 2 750 2 751 2 752 2 753 2 754 2 755 2 756 2 757 2 758 2 759 2 760 2 761 3 762 3 763 3 764 3 765 2 766 2 767 2 768 2 769 2 770 2 771 2 772 2 773 2 774 2 775 2 776 2 777 2 778 2 779 2 780 2 781 2 782 2 783 2 784 2 785 2 786 2 787 2 788 2 789 2 790 2 791 2 792 2 793 2 794 2 795 2 796 2 797 2 798 2 799 2 800 2 801 2 802 2 803 2 804 2 805 2 806 2 807 2 808 2 809 2 810 2 811 2 812 2 813 2 814 2 815 2 816 2 817 2 818 2 819 2 820 2 821 2 822 2 823 2 824 2 825 2 826 2 827 2 828 2 829 2 830 2 831 2 832 2 833 2 834 2 835 2 836 2 837 2 838 2 839 2 840 2 841 2 842 2 843 2 844 2 845 2 846 2 847 2 848 2 849 2 850 2 851 2 852 2 853 2 854 2 855 2 856 2 857 2 858 2 859 2 860 2 861 3 862 2 863 3 864 3 865 2 866 3 867 3 868 2 869 3 870 3 871 3 872 2 873 3 874 2 875 2 876 2 877 2 878 2 879 2 880 2 881 2 882 2 883 2 884 2 885 2 886 3 887 3 888 2 889 2 890 2 891 3 892 3 893 3 894 3 895 2 896 2 897 3 898 3 899 3 900 2 901 2 902 2 903 2 904 2 905 2 906 2 907 2 908 2 909 3 910 2 911 3 912 2 913 3 914 2 915 2 916 2 917 2 918 2 919 2 920 3 921 2 922 3 923 2 924 2 925 2 926 2 927 2 928 2 929 2 930 2 931 2 932 2 933 3 934 2 935 2 936 3 937 2 938 2 939 3 940 2 941 2 942 2 943 2 944 2 945 2 946 2 947 2 948 2 949 2 950 2 951 2 952 2 953 2 954 2 955 2 956 2 957 2 958 2 959 2 960 2 961 2 962 2 963 2 964 2 965 2 966 2 967 2 968 2 969 2 970 2 971 2 972 2 973 2 974 2 975 2 976 3 977 3 978 3 979 3 980 2 981 2 982 2 983 2 984 2 985 2 986 2 987 2 988 2 989 2 990 2 991 2 992 2 993 2 994 2 995 2 996 2 997 2 998 2 999 2 1000 2 1001 2 1002 2 1003 2 1004 2 1005 2 1006 2 1007 2 1008 2 1009 2 1010 2 1011 2 1012 2 1013 2 1014 2 1015 2 1016 2 1017 2 1018 2 1019 2 1020 2 1021 2 1022 2 1023 2 1024 2 1025 2 1026 2 1027 2 1028 2 1029 2 1030 2 1031 2 1032 2 1033 2 1034 2 1035 2 1036 2 1037 2 1038 2 1039 2 1040 2 1041 2 1042 2 1043 2 1044 2 1045 2 1046 2 1047 2 1048 2 1049 2 1050 2 1051 2 1052 2 1053 2 1054 2 1055 2 1056 2 1057 2 1058 2 1059 2 1060 2 1061 2 1062 2 1063 2 1064 2 1065 2 1066 2 1067 2 1068 2 1069 2 1070 2 1071 2 1072 2 1073 2 1074 2 1075 2 1076 3 1077 3 1078 2 1079 3 1080 2 1081 3 1082 3 1083 2 1084 3 1085 3 1086 3 1087 2 1088 3 1089 2 1090 2 1091 2 1092 2 1093 2 1094 2 1095 2 1096 2 1097 2 1098 2 1099 2 1100 2 1101 3 1102 3 1103 2 1104 2 1105 2 1106 3 1107 3 1108 3 1109 3 1110 2 1111 2 1112 3 1113 3 1114 3 1115 2 1116 2 1117 2 1118 2 1119 2 1120 2 1121 2 1122 2 1123 2 1124 3 1125 2 1126 3 1127 2 1128 3 1129 2 1130 2 1131 2 1132 2 1133 2 1134 2 1135 3 1136 2 1137 3 1138 11 1139 12 1140 11 1141 12 1142 11 1143 12 1144 11 1145 12 1146 15 1147 15 1148 12 1149 12 1150 15 1151 15 1152 15 1153 15 1154 15 1155 11 1156 12 1157 11 1158 12 1159 11 1160 12 1161 11 1162 12 1163 11 1164 12 1165 11 1166 12 1167 12 1168 11 1169 12 1170 11 1171 12 1172 12 1173 12 1174 13 1175 12 1176 11 1177 12 1178 11 1179 12 1180 11 1181 12 1182 11 1183 12 1184 11 1185 12 1186 11 1187 12 1188 11 1189 12 1190 11 1191 12 1192 12 1193 13 1194 12 1195 13 1196 11 1197 12 1198 11 1199 12 1200 12 1201 13 1202 13 1203 12 1204 13 1205 12 1206 13 1207 12 1208 11 1209 12 1210 11 1211 12 1212 11 1213 12 1214 11 1215 12 1216 11 1217 12 1218 11 1219 12 1220 15 1221 15 1222 15 1223 15 1224 15 1225 15 1226 15 1227 12 1228 13 1229 12 1230 12 1231 12 1232 12 1233 13 1234 12 1235 13 1236 13 1237 12 1238 13 1239 12 1240 13 1241 12 1242 13 1243 13 1244 13 1245 13 1246 13 1247 11 1248 12 1249 12 1250 13 1251 12 1252 13 1253 13 1254 14 1255 14 1256 13 1257 14 1258 14 1259 12 1260 13 1261 12 1262 13 1263 12 1264 13 1265 12 1266 13 1267 12 1268 13 1269 12 1270 13 1271 12 1272 13 1273 13 1274 14 1275 14 1276 13 1277 14 1278 13 1279 14 1280 14 1281 14 1282 12 1283 13 1284 14 1285 13 1286 14 1287 13 1288 13 1289 13 1290 13 1291 13 1292 14 1293 14 1294 14 1295 13 1296 13 1297 14 1298 12 1299 13 1300 13 1301 14 1302 14 1303 14 1304 13 1305 13 1306 14 1307 13 1308 12 1309 15 1310 14 1311 13 1312 14 1313 13 1314 14 1315 13 1316 14 1317 13 1318 14 1319 13 1320 14 1321 14 1322 13 1323 14 1324 13 1325 14 1326 13 1327 14 1328 13 1329 14 1330 14 1331 14 1332 13 1333 14 1334 13 1335 14 1336 13 1337 14 1338 14 1339 14 1340 14 1341 14 1342 14 1343 14 1344 14 1345 14 1346 14 1347 14 1348 14 1349 14 1350 13 1351 14 1352 13 1353 14 1354 14 1355 14 1356 14 1357 13 1358 14 1359 14 1360 14 1361 14 1362 15 1363 15 1364 11 1365 12 1366 11 1367 12 1368 15 1369 12 1370 12 1371 15 1372 15 1373 15 1374 15 1375 15 1376 12 1377 10 1378 11 1379 11 1380 10 1381 11 1382 11 1383 10 1384 11 1385 11 1386 10 1387 11 1388 11 1389 10 1390 11 1391 11 1392 11 1393 10 1394 11 1395 14 1396 14 1397 14 1398 14 1399 14 1400 14 1401 14 1402 14 1403 14 1404 14 1405 14 1406 14 1407 14 1408 14 1409 14 1410 14 1411 14 1412 14 1413 14 1414 14 1415 14 1416 14 1417 15 1418 15 1419 14 1420 14 1421 14 1422 14 1423 15 1424 10 1425 10 1426 10 1427 10 1428 10 1429 10 1430 10 1431 10 1432 10 1433 10 1434 1 1435 2 1436 10 1437 10 1438 10 1439 10 1440 10 1441 10 1442 10 1443 10 1444 10 1445 10 1446 10 1447 1 1448 2 1449 10 1450 11 1451 10 1452 11 1453 10 1454 11 1455 10 1456 11 1457 10 1458 11 1459 10 1460 11 1461 10 1462 11 1463 10 1464 11 1465 10 1466 11 1467 10 1468 11 1469 10 1470 11 1471 10 1472 11 1473 10 1474 11 1475 10 1476 11 1477 10 1478 11 1479 10 1480 11 1481 11 1482 12 1483 11 1484 12 1485 11 1486 12 1487 11 1488 12 1489 11 1490 12 1491 11 1492 12 1493 11 1494 12 1495 10 1496 10 1497 10 1498 10 1499 10 1500 10 1501 10 1502 10 1503 10 1504 14 1505 12 1506 12 1507 12 1508 12 1509 12 1510 12 1511 27 1512 28 1513 27 1514 28 1515 27 1516 28 1517 27 1518 28 1519 27 1520 28 1521 27 1522 28 1523 27 1524 28 1525 27 1526 28 1527 27 1528 28 1529 27 1530 28 1531 27 1532 28 1533 27 1534 28 1535 27 1536 28 1537 27 1538 28 1539 27 1540 28 1541 27 1542 28 1543 27 1544 28 1545 23 1546 24 1547 23 1548 24 1549 27 1550 28 1551 27 1552 28 1553 23 1554 24 1555 23 1556 24 1557 27 1558 28 1559 27 1560 28 1561 27 1562 28 1563 27 1564 28 1565 27 1566 28 1567 27 1568 28 1569 27 1570 28 1571 27 1572 28 1573 27 1574 28 1575 27 1576 28 1577 27 1578 28 1579 27 1580 28 1581 27 1582 28 1583 27 1584 28 1585 27 1586 28 1587 27 1588 28 1589 27 1590 28 1591 27 1592 28 1593 27 1594 28 1595 27 1596 28 1597 27 1598 28 1599 27 1600 28 1601 27 1602 28 1603 27 1604 28 1605 27 1606 28 1607 25 1608 26 1609 25 1610 26 1611 25 1612 26 1613 25 1614 26 1615 24 1616 25 1617 25 1618 26 1619 25 1620 26 1621 25 1622 26 1623 25 1624 26 1625 25 1626 26 1627 25 1628 26 1629 24 1630 25 1631 25 1632 26 1633 24 1634 25 1635 25 1636 26 1637 25 1638 26 1639 25 1640 26 1641 25 1642 26 1643 25 1644 26 1645 25 1646 26 1647 25 1648 26 1649 24 1650 25 1651 24 1652 25 1653 25 1654 26 1655 2 1656 1 1657 2 1658 2 1659 1 1660 2 1661 1 1662 2 1663 2 1664 2 1665 1 1666 2 1667 1 1668 2 1669 2 1670 1 1671 2 1672 2 1673 1 1674 2 1675 2 1676 2 1677 1 1678 2 1679 1 1680 2 1681 2 1682 2 1683 1 1684 2 1685 2 1686 1 1687 2 1688 1 1689 1 1690 1 1691 1 1692 1 1693 1 1694 1 1695 1 1696 1 1697 1 1698 1 1699 2 1700 1 1701 22 1702 23 1703 23 1704 24 1705 22 1706 23 1707 25 1708 26 1709 26 1710 25 1711 26 1712 25 1713 26 1714 26 1715 25 1716 26 1717 25 1718 26 1719 26 1720 25 1721 26 1722 2 1723 0 1724 1 1725 0 1726 1 1727 0 1728 1 1729 0 1730 1 1731 0 1732 1 1733 0 1734 1 1735 0 1736 1 1737 0 1738 1 1739 0 1740 1 1741 0 1742 1 1743 0 1744 1 1745 22 1746 23 1747 22 1748 23 1749 22 1750 23 1751 22 1752 23 1753 22 1754 23 1755 22 1756 23 1757 17 1758 18 1759 17 1760 18 1761 17 1762 18 1763 17 1764 18 1765 18 1766 21 1767 21 1768 18 1769 21 1770 21 1771 21 1772 21 1773 21 1774 17 1775 18 1776 17 1777 18 1778 17 1779 18 1780 17 1781 18 1782 17 1783 18 1784 18 1785 17 1786 18 1787 17 1788 18 1789 17 1790 18 1791 18 1792 18 1793 18 1794 19 1795 17 1796 18 1797 17 1798 18 1799 17 1800 18 1801 17 1802 18 1803 17 1804 18 1805 17 1806 18 1807 17 1808 18 1809 17 1810 18 1811 18 1812 18 1813 19 1814 19 1815 17 1816 18 1817 17 1818 18 1819 18 1820 19 1821 18 1822 19 1823 19 1824 18 1825 19 1826 18 1827 17 1828 18 1829 17 1830 18 1831 17 1832 18 1833 17 1834 18 1835 17 1836 18 1837 17 1838 18 1839 21 1840 21 1841 21 1842 21 1843 21 1844 21 1845 21 1846 18 1847 19 1848 18 1849 18 1850 18 1851 19 1852 18 1853 18 1854 19 1855 18 1856 19 1857 19 1858 18 1859 19 1860 18 1861 19 1862 19 1863 19 1864 19 1865 19 1866 17 1867 18 1868 18 1869 18 1870 19 1871 19 1872 20 1873 20 1874 19 1875 20 1876 19 1877 20 1878 18 1879 19 1880 18 1881 19 1882 18 1883 19 1884 18 1885 19 1886 18 1887 19 1888 18 1889 19 1890 18 1891 19 1892 20 1893 19 1894 20 1895 20 1896 19 1897 20 1898 20 1899 19 1900 20 1901 18 1902 19 1903 19 1904 20 1905 20 1906 19 1907 19 1908 19 1909 19 1910 19 1911 20 1912 20 1913 20 1914 19 1915 19 1916 19 1917 20 1918 18 1919 19 1920 19 1921 20 1922 20 1923 20 1924 19 1925 19 1926 20 1927 19 1928 21 1929 18 1930 19 1931 20 1932 19 1933 20 1934 19 1935 20 1936 19 1937 20 1938 19 1939 20 1940 19 1941 20 1942 19 1943 20 1944 19 1945 20 1946 19 1947 20 1948 19 1949 20 1950 19 1951 20 1952 20 1953 20 1954 19 1955 20 1956 19 1957 20 1958 19 1959 20 1960 20 1961 20 1962 20 1963 20 1964 20 1965 20 1966 20 1967 20 1968 20 1969 20 1970 20 1971 20 1972 20 1973 19 1974 20 1975 20 1976 19 1977 20 1978 19 1979 20 1980 20 1981 20 1982 20 1983 20 1984 21 1985 21 1986 17 1987 18 1988 17 1989 18 1990 21 1991 18 1992 21 1993 18 1994 21 1995 21 1996 21 1997 21 1998 18 1999 16 2000 17 2001 16 2002 17 2003 17 2004 17 2005 16 2006 17 2007 17 2008 16 2009 17 2010 17 2011 16 2012 17 2013 17 2014 16 2015 17 2016 17 2017 20 2018 20 2019 20 2020 20 2021 20 2022 20 2023 20 2024 20 2025 20 2026 20 2027 20 2028 20 2029 20 2030 20 2031 20 2032 20 2033 20 2034 20 2035 20 2036 20 2037 20 2038 20 2039 21 2040 21 2041 20 2042 20 2043 20 2044 20 2045 21 2046 16 2047 16 2048 16 2049 16 2050 16 2051 16 2052 16 2053 16 2054 16 2055 1 2056 2 2057 16 2058 16 2059 16 2060 16 2061 16 2062 16 2063 16 2064 16 2065 16 2066 16 2067 16 2068 16 2069 1 2070 2 2071 16 2072 17 2073 16 2074 17 2075 16 2076 17 2077 16 2078 17 2079 16 2080 17 2081 16 2082 17 2083 16 2084 17 2085 16 2086 17 2087 16 2088 17 2089 16 2090 17 2091 16 2092 17 2093 16 2094 17 2095 16 2096 17 2097 16 2098 17 2099 16 2100 17 2101 16 2102 17 2103 17 2104 18 2105 17 2106 18 2107 17 2108 18 2109 17 2110 18 2111 17 2112 18 2113 17 2114 18 2115 17 2116 18 2117 16 2118 16 2119 16 2120 16 2121 16 2122 16 2123 16 2124 16 2125 16 2126 20 2127 18 2128 18 2129 18 2130 18 2131 18 2132 18 2133 3 2134 2 2135 3 2136 2 2137 3 2138 3 2139 2 2140 3 2141 3 2142 2 2143 3 2144 2 2145 3 2146 2 2147 3 2148 2 2149 3 2150 3 2151 2 2152 3 2153 2 2154 3 2155 3 2156 3 2157 3 2158 3 2159 3 2160 2 2161 3 2162 3 2163 2 2164 2 2165 2 2166 2 2167 2 2168 2 2169 2 2170 2 2171 2 2172 2 2173 2 2174 2 2175 2 2176 2 2177 2 2178 2 2179 2 2180 2 2181 2 2182 2 2183 2 2184 3 2185 2 2186 3 2187 3 2188 3 2189 3 2190 3 2191 3 2192 2 2193 3 2194 3 2195 3 2196 3 2197 2 2198 3 2199 2 2200 3 2201 3 2202 2 2203 3 2204 3 2205 2 2206 3 2207 2 2208 3 2209 2 2210 3 2211 2 2212 3 2213 2 2214 3 2215 3 2216 2 2217 3 2218 3 2219 3 2220 2 2221 3 2222 2 2223 3 2224 2 2225 3 2226 2 2227 3 2228 2 2229 3 2230 2 2231 3 2232 2 2233 3 2234 3 2235 3 2236 2 2237 3 2238 3 2239 2 2240 3 2241 2 2242 3 2243 2 2244 3 2245 2 2246 3 2247 2 2248 3 2249 2 2250 3 2251 3 2252 3 2253 3 2254 3 2255 3 2256 2 2257 3 2258 3 2259 3 2260 3 2261 2 2262 3 2263 2 2264 3 2265 3 2266 2 2267 3 2268 2 2269 3 2270 2 2271 3 2272 2 2273 3 2274 2 2275 3 2276 2 2277 3 2278 2 2279 2 2280 2 2281 2 2282 2 2283 2 2284 2 2285 2 2286 2 2287 2 2288 2 2289 2 2290 2 2291 2 2292 2 2293 2 2294 2 2295 2 2296 2 2297 2 2298 2 2299 2 2300 2 2301 2 2302 2 2303 2 2304 2 2305 2 2306 2 2307 2 2308 25 2309 26 2310 25 2311 26 2312 25 2313 26 2314 25 2315 26 2316 25 2317 26 2318 25 2319 26 2320 27 2321 28 2322 27 2323 28 2324 7 2325 7 2326 8 2327 7 2328 8 2329 7 2330 8 2331 2 2332 7 2333 2 2334 7 2335 7 2336 8 2337 7 2338 8 2339 7 2340 7 2341 8 2342 7 2343 8 2344 7 2345 8 2346 2 2347 7 2348 2 2349 7 2350 7 2351 8 2352 7 2353 8 2354 7 2355 8 2356 7 2357 8 2358 7 2359 2 2360 7 2361 7 2362 8 2363 7 2364 8 2365 7 2366 8 2367 7 2368 8 2369 7 2370 8 2371 2 2372 7 2373 2 2374 7 2375 2 2376 7 2377 2 2378 7 2379 2 2380 7 2381 7 2382 8 2383 7 2384 8 2385 7 2386 8 2387 7 2388 8 2389 7 2390 8 2391 7 2392 8 2393 7 2394 8 2395 7 2396 8 2397 23 2398 24 2399 0 2400 1 2401 22 2402 23 2403 23 2404 24 2405 27 2406 28 2407 27 2408 28 2409 27 2410 28 2411 27 2412 28 2413 27 2414 28 2415 27 2416 28 2417 27 2418 28 2419 27 2420 28 2421 28 2422 27 2423 28 2424 27 2425 28 2426 28 2427 27 2428 28 2429 28 2430 27 2431 28 2432 27 2433 28 2434 27 2435 28 2436 27 2437 28 2438 27 2439 28 2440 27 2441 28 2442 23 2443 24 2444 23 2445 24 2446 23 2447 24 2448 24 2449 25 2450 24 2451 25 2452 25 2453 26 2454 24 2455 25 2456 24 2457 25 2458 24 2459 25 2460 24 2461 25 2462 25 2463 26 2464 22 2465 23 2466 23 2467 24 2468 27 2469 28 2470 27 2471 28 2472 27 2473 28 2474 27 2475 28 2476 27 2477 28 2478 27 2479 28 2480 27 2481 28 2482 27 2483 28 2484 27 2485 28 2486 27 2487 28 2488 27 2489 28 2490 27 2491 28 2492 27 2493 28 2494 27 2495 28 2496 27 2497 28 2498 27 2499 28 2500 27 2501 28 2502 27 2503 28 2504 27 2505 28 2506 27 2507 28 2508 27 2509 28 2510 27 2511 28 2512 27 2513 28 2514 27 2515 28 2516 27 2517 28 2518 28 2519 27 2520 28 2521 27 2522 28 2523 28 2524 27 2525 28 2526 27 2527 28 2528 27 2529 28 2530 27 2531 28 2532 27 2533 28 2534 27 2535 28 2536 27 2537 28 2538 27 2539 28 2540 27 2541 28 2542 27 2543 28 2544 27 2545 28 2546 27 2547 28 2548 27 2549 28 2550 27 2551 28 2552 27 2553 28 2554 27 2555 28 2556 27 2557 28 2558 27 2559 28 2560 27 2561 28 2562 27 2563 28 2564 27 2565 28 2566 27 2567 28 2568 27 2569 28 2570 27 2571 28 2572 27 2573 28 2574 28 2575 27 2576 28 2577 28 2578 27 2579 28 2580 27 2581 28 2582 28 2583 27 2584 28 2585 27 2586 28 2587 27 2588 28 2589 27 2590 28 2591 27 2592 28 2593 27 2594 28 2595 27 2596 28 2597 23 2598 24 2599 23 2600 24 2601 23 2602 24 2603 23 2604 24 2605 27 2606 28 2607 27 2608 28 2609 27 2610 28 2611 27 2612 28 2613 27 2614 28 2615 27 2616 28 2617 27 2618 28 2619 27 2620 28 2621 27 2622 28 2623 27 2624 28 2625 27 2626 28 2627 23 2628 24 2629 23 2630 24 2631 23 2632 24 2633 23 2634 24 2635 23 2636 24 2637 23 2638 24 2639 23 2640 24 2641 23 2642 24 2643 25 2644 26 2645 25 2646 26 2647 25 2648 26 2649 25 2650 26 2651 25 2652 26 2653 25 2654 26 2655 25 2656 26 2657 25 2658 26 2659 25 2660 26 2661 25 2662 26 2663 25 2664 26 2665 25 2666 26 2667 24 2668 25 2669 24 2670 25 2671 23 2672 24 2673 23 2674 24 2675 23 2676 24 2677 23 2678 24 2679 23 2680 24 2681 23 2682 24 2683 23 2684 24 2685 24 2686 25 2687 23 2688 24 2689 25 2690 26 2691 25 2692 26 2693 25 2694 26 2695 25 2696 26 2697 24 2698 25 2699 24 2700 25 2701 24 2702 25 2703 25 2704 26 2705 25 2706 26 2707 25 2708 26 2709 25 2710 26 2711 24 2712 25 2713 24 2714 25 2715 25 2716 26 2717 24 2718 25 2719 25 2720 26 2721 25 2722 26 2723 25 2724 26 2725 25 2726 26 2727 25 2728 26 2729 25 2730 26 2731 25 2732 26 2733 25 2734 26 2735 25 2736 26 2737 25 2738 26 2739 25 2740 26 2741 25 2742 26 2743 25 2744 26 2745 25 2746 26 2747 25 2748 26 2749 26 2750 25 2751 26 2752 25 2753 26 2754 26 2755 25 2756 26 2757 25 2758 26 2759 25 2760 26 2761 26 2762 25 2763 26 2764 25 2765 26 2766 25 2767 26 2768 25 2769 26 2770 25 2771 26 2772 25 2773 26 2774 24 2775 25 2776 23 2777 24 2778 23 2779 24 2780 25 2781 26 2782 25 2783 26 2784 25 2785 26 2786 25 2787 26 2788 25 2789 26 2790 24 2791 25 2792 25 2793 26 2794 24 2795 25 2796 25 2797 26 2798 25 2799 26 2800 25 2801 26 2802 25 2803 26 2804 25 2805 26 2806 25 2807 26 2808 25 2809 26 2810 25 2811 26 2812 25 2813 26 2814 25 2815 26 2816 25 2817 26 2818 25 2819 26 2820 25 2821 26 2822 25 2823 26 2824 25 2825 26 2826 25 2827 26 2828 25 2829 26 2830 25 2831 26 2832 25 2833 26 2834 25 2835 26 2836 25 2837 26 2838 25 2839 26 2840 25 2841 26 2842 25 2843 26 2844 25 2845 26 2846 25 2847 26 2848 25 2849 26 2850 25 2851 26 2852 25 2853 26 2854 25 2855 26 2856 25 2857 26 2858 26 2859 26 2860 26 2861 24 2862 25 2863 24 2864 25 2865 23 2866 24 2867 23 2868 24 2869 23 2870 24 2871 23 2872 24 2873 23 2874 24 2875 23 2876 24 2877 23 2878 24 2879 23 2880 24 2881 24 2882 25 2883 23 2884 24 2885 23 2886 24 2887 23 2888 24 2889 23 2890 24 2891 23 2892 24 2893 23 2894 24 2895 25 2896 26 2897 25 2898 26 2899 25 2900 26 2901 25 2902 26 2903 25 2904 26 2905 27 2906 28 2907 27 2908 28 2909 27 2910 28 2911 27 2912 28 2913 27 2914 28 2915 27 2916 28 2917 27 2918 28 2919 27 2920 28 2921 27 2922 28 2923 27 2924 28 2925 27 2926 28 2927 27 2928 28 2929 27 2930 28 2931 27 2932 28 2933 27 2934 28 2935 27 2936 28 2937 27 2938 28 2939 27 2940 28 2941 27 2942 28 2943 27 2944 28 2945 23 2946 24 2947 23 2948 24 2949 23 2950 24 2951 23 2952 24 2953 27 2954 28 2955 27 2956 28 2957 27 2958 28 2959 27 2960 28 2961 27 2962 28 2963 27 2964 28 2965 28 2966 27 2967 28 2968 27 2969 28 2970 27 2971 28 2972 28 2973 27 2974 28 2975 28 2976 27 2977 28 2978 27 2979 28 2980 27 2981 28 2982 27 2983 28 2984 27 2985 28 2986 27 2987 28 2988 27 2989 28 2990 27 2991 28 2992 27 2993 28 2994 27 2995 28 2996 25 2997 26 2998 25 2999 26 3000 25 3001 26 3002 25 3003 26 3004 25 3005 26 3006 25 3007 26 3008 25 3009 26 3010 25 3011 26 3012 25 3013 26 3014 25 3015 26 3016 25 3017 26 3018 25 3019 26 3020 25 3021 26 3022 25 3023 26 3024 25 3025 26 3026 25 3027 26 3028 25 3029 26 3030 25 3031 26 3032 25 3033 26 3034 25 3035 26 3036 25 3037 26 3038 25 3039 26 3040 25 3041 26 3042 22 3043 23 3044 23 3045 24 3046 24 3047 25 3048 23 3049 24 3050 23 3051 24 3052 23 3053 24 3054 23 3055 24 3056 24 3057 25 3058 23 3059 24 3060 23 3061 24 3062 23 3063 24 3064 27 3065 28 3066 27 3067 28 3068 27 3069 28 3070 27 3071 28 3072 27 3073 28 3074 27 3075 28 3076 27 3077 28 3078 27 3079 28 3080 27 3081 28 3082 27 3083 28 3084 27 3085 28 3086 27 3087 28 3088 27 3089 28 3090 27 3091 28 3092 27 3093 28 3094 27 3095 28 3096 27 3097 28 3098 27 3099 28 3100 27 3101 28 3102 27 3103 28 3104 27 3105 28 3106 27 3107 28 3108 27 3109 28 3110 28 3111 27 3112 28 3113 28 3114 27 3115 28 3116 27 3117 28 3118 28 3119 27 3120 28 3121 27 3122 28 3123 27 3124 28 3125 27 3126 28 3127 27 3128 28 3129 27 3130 28 3131 27 3132 28 3133 23 3134 24 3135 23 3136 24 3137 23 3138 24 3139 23 3140 24 3141 27 3142 28 3143 27 3144 28 3145 27 3146 28 3147 27 3148 28 3149 27 3150 28 3151 27 3152 28 3153 27 3154 28 3155 27 3156 28 3157 23 3158 24 3159 23 3160 24 3161 23 3162 24 3163 23 3164 24 3165 23 3166 24 3167 23 3168 24 3169 23 3170 24 3171 27 3172 28 3173 27 3174 28 3175 27 3176 28 3177 27 3178 28 3179 27 3180 28 3181 25 3182 26 3183 24 3184 25 3185 24 3186 25 3187 25 3188 26 3189 25 3190 26 3191 24 3192 25 3193 24 3194 25 3195 25 3196 26 3197 25 3198 26 3199 24 3200 25 3201 25 3202 26 3203 25 3204 26 3205 25 3206 26 3207 25 3208 26 3209 25 3210 26 3211 25 3212 26 3213 25 3214 26 3215 25 3216 26 3217 25 3218 26 3219 25 3220 26 3221 25 3222 26 3223 25 3224 26 3225 25 3226 26 3227 25 3228 26 3229 25 3230 26 3231 25 3232 26 3233 25 3234 26 3235 25 3236 26 3237 25 3238 26 3239 26 3240 25 3241 26 3242 26 3243 25 3244 26 3245 26 3246 25 3247 26 3248 25 3249 26 3250 25 3251 26 3252 24 3253 25 3254 23 3255 24 3256 23 3257 24 3258 24 3259 25 3260 23 3261 24 3262 23 3263 24 3264 24 3265 25 3266 23 3267 24 3268 23 3269 24 3270 25 3271 26 3272 25 3273 26 3274 25 3275 26 3276 25 3277 26 3278 25 3279 26 3280 23 3281 24 3282 23 3283 24 3284 27 3285 28 3286 23 3287 24 3288 23 3289 24 3290 23 3291 24 3292 27 3293 28 3294 22 3295 23 3296 23 3297 24 3298 23 3299 24 3300 23 3301 24 3302 23 3303 24 3304 23 3305 24 3306 23 3307 24 3308 23 3309 24 3310 2 3311 4 3312 2 3313 4 3314 2 3315 4 3316 2 3317 4 3318 4 3319 5 3320 4 3321 5 3322 4 3323 4 3324 2 3325 4 3326 2 3327 4 3328 2 3329 4 3330 2 3331 4 3332 2 3333 4 3334 2 3335 4 3336 4 3337 5 3338 4 3339 5 3340 7 3341 7 3342 8 3343 7 3344 8 3345 2 3346 7 3347 7 3348 8 3349 7 3350 8 3351 7 3352 8 3353 2 3354 7 3355 5 3356 6 3357 5 3358 5 3359 6 3360 5 3361 5 3362 5 3363 5 3364 5 3365 5 3366 6 3367 5 3368 6 3369 5 3370 6 3371 5 3372 6 3373 5 3374 6 3375 5 3376 6 3377 5 3378 6 3379 5 3380 6 3381 5 3382 6 3383 5 3384 6 3385 6 3386 5 3387 6 3388 6 3389 5 3390 6 3391 5 3392 6 3393 5 3394 6 3395 6 3396 6 3397 6 3398 5 3399 5 3400 5 3401 6 3402 5 3403 6 3404 5 3405 5 3406 6 3407 5 3408 4 3409 5 3410 5 3411 5 3412 4 3413 5 3414 5 3415 5 3416 6 3417 5 3418 6 3419 5 3420 6 3421 5 3422 6 3423 5 3424 6 3425 5 3426 6 3427 5 3428 6 3429 5 3430 6 3431 5 3432 6 3433 5 3434 6 3435 5 3436 6 3437 5 3438 6 3439 5 3440 6 3441 5 3442 6 3443 5 3444 6 3445 5 3446 6 3447 5 3448 6 3449 6 3450 6 3451 5 3452 6 3453 6 3454 5 3455 6 3456 5 3457 6 3458 5 3459 6 3460 6 3461 6 3462 6 3463 6 3464 5 3465 4 3466 5 3467 4 3468 5 3469 4 3470 5 3471 4 3472 5 3473 4 3474 5 3475 4 3476 5 3477 4 3478 5 3479 4 3480 5 3481 4 3482 5 3483 4 3484 5 3485 4 3486 5 3487 4 3488 5 3489 4 3490 5 3491 4 3492 5 3493 4 3494 5 3495 4 3496 5 3497 4 3498 5 3499 5 3500 5 3501 5 3502 6 3503 5 3504 6 3505 5 3506 6 3507 5 3508 6 3509 5 3510 6 3511 5 3512 6 3513 5 3514 6 3515 5 3516 6 3517 6 3518 6 3519 8 3520 8 3521 8 3522 9 3523 8 3524 9 3525 8 3526 8 3527 8 3528 8 3529 8 3530 9 3531 8 3532 9 3533 8 3534 9 3535 8 3536 9 3537 8 3538 9 3539 8 3540 9 3541 8 3542 9 3543 8 3544 9 3545 8 3546 9 3547 8 3548 9 3549 8 3550 9 3551 8 3552 9 3553 9 3554 9 3555 8 3556 9 3557 8 3558 9 3559 9 3560 9 3561 9 3562 8 3563 9 3564 8 3565 8 3566 9 3567 8 3568 8 3569 9 3570 8 3571 8 3572 7 3573 8 3574 8 3575 8 3576 8 3577 7 3578 8 3579 8 3580 9 3581 8 3582 9 3583 8 3584 9 3585 8 3586 9 3587 8 3588 9 3589 8 3590 9 3591 8 3592 9 3593 8 3594 9 3595 8 3596 9 3597 8 3598 9 3599 8 3600 9 3601 8 3602 9 3603 8 3604 9 3605 8 3606 9 3607 8 3608 9 3609 9 3610 8 3611 9 3612 9 3613 8 3614 9 3615 9 3616 8 3617 9 3618 8 3619 9 3620 8 3621 9 3622 8 3623 9 3624 9 3625 9 3626 9 3627 9 3628 7 3629 8 3630 8 3631 7 3632 8 3633 7 3634 8 3635 7 3636 8 3637 7 3638 8 3639 7 3640 8 3641 7 3642 8 3643 7 3644 8 3645 7 3646 8 3647 7 3648 8 3649 7 3650 8 3651 7 3652 8 3653 7 3654 8 3655 7 3656 8 3657 7 3658 8 3659 7 3660 8 3661 7 3662 8 3663 7 3664 8 3665 8 3666 8 3667 8 3668 9 3669 8 3670 9 3671 8 3672 9 3673 8 3674 9 3675 8 3676 9 3677 8 3678 9 3679 8 3680 9 3681 8 3682 9 3683 9 3684 9 3685 2 3686 7 3687 2 3688 7 3689 2 3690 7 3691 2 3692 7 3693 2 3694 7 3695 2 3696 7 3697 2 3698 7 3699 7 3700 7 3701 2 3702 7 3703 2 3704 7 3705 2 3706 7 3707 2 3708 7 3709 7 3710 7 3711 2 3712 7 3713 2 3714 7 3715 2 3716 7 3717 2 3718 7 3719 2 3720 7 3721 2 3722 7 3723 2 3724 7 3725 2 3726 7 3727 2 3728 7 3729</v>
        </vertex_weights>
      </skin>
    </controller>
  </library_controllers>
  <library_visual_scenes>
    <visual_scene id="Default" name="Default">
      <node id="chr626_armature" name="chr626_armature" type="NODE">
        <matrix sid="transform">1 0 0 0 0 1 0 0 0 0 1 0 0 0 0 1</matrix>
        <node id="GRP_joint" name="GRP_joint" sid="GRP_joint" type="JOINT">
          <matrix sid="transform">1 0 0 0 0 1 0 0 0 0 1 0 0 0 0 1</matrix>
          <node id="J_root" name="J_root" sid="J_root" type="JOINT">
            <matrix sid="transform">1 0 0 0 0 0.9999994 0.001088003 0 0 -0.001088003 0.9999994 0 0 0 0 1</matrix>
            <node id="J_center" name="J_center" sid="J_center" type="JOINT">
              <matrix sid="transform">1 0 0 0 0 0.9999994 -0.001088003 0.08465049 0 0.001088003 0.9999994 0 0 0 0 1</matrix>
              <node id="J_mune" name="J_mune" sid="J_mune" type="JOINT">
                <matrix sid="transform">1 0 0 0 0 1 0 -3.69474e-5 0 0 1 0 0 0 0 1</matrix>
                <node id="J_atama" name="J_atama" sid="J_atama" type="JOINT">
                  <matrix sid="transform">1 0 0 0 0 1 0 0.0192265 0 0 1 0 0 0 0 1</matrix>
                  <node id="J_ago" name="J_ago" sid="J_ago" type="JOINT">
                    <matrix sid="transform">1 0 0 0 0 1 0 0.024116 0 0 1 0.002480756 0 0 0 1</matrix>
                  </node>
                  <node id="J_paipu01_L" name="J_paipu01_L" sid="J_paipu01_L" type="JOINT">
                    <matrix sid="transform">0.2099627 0.8546833 0.4747971 0.01718246 -0.8546833 -0.075381 0.513648 0.054468 0.474797 -0.513648 0.7146562 -0.00710069 0 0 0 1</matrix>
                    <node id="J_paipu03_L" name="J_paipu03_L" sid="J_paipu03_L" type="JOINT">
                      <matrix sid="transform">0.9216591 0.2491072 -0.2974731 0 -0.074433 0.8659577 0.4945473 0.04818184 0.3807946 -0.4336622 0.8166595 0 0 0 0 1</matrix>
                      <node id="J_paipu05_L" name="J_paipu05_L" sid="J_paipu05_L" type="JOINT">
                        <matrix sid="transform">0.3106974 -0.5865213 0.7479706 0 0.5865213 -0.5009344 -0.6364414 0.04337099 0.7479706 0.6364414 0.1883681 0 0 0 0 1</matrix>
                      </node>
                    </node>
                  </node>
                  <node id="J_paipu01_R" name="J_paipu01_R" sid="J_paipu01_R" type="JOINT">
                    <matrix sid="transform">0.2099627 -0.8546833 -0.4747971 -0.01718246 0.8546833 -0.075381 0.513648 0.054468 -0.474797 -0.513648 0.7146562 -0.00710069 0 0 0 1</matrix>
                    <node id="J_paipu03_R" name="J_paipu03_R" sid="J_paipu03_R" type="JOINT">
                      <matrix sid="transform">0.9216591 -0.2491072 0.2974731 0 0.074433 0.8659577 0.4945473 0.04818184 -0.3807946 -0.4336622 0.8166595 0 0 0 0 1</matrix>
                      <node id="J_paipu05_R" name="J_paipu05_R" sid="J_paipu05_R" type="JOINT">
                        <matrix sid="transform">0.3106974 0.5865213 -0.7479706 0 -0.5865213 -0.5009344 -0.6364414 0.04337099 -0.7479706 0.6364414 0.1883681 0 0 0 0 1</matrix>
                      </node>
                    </node>
                  </node>
                </node>
                <node id="J_ude_L" name="J_ude_L" sid="J_ude_L" type="JOINT">
                  <matrix sid="transform">-0.002512217 0.9995647 0.02939424 0.01085704 -0.9995647 -0.003374118 0.02930782 0.01379096 0.02939424 -0.02930782 0.9991381 3.269e-4 0 0 0 1</matrix>
                  <node id="J_hiji_L" name="J_hiji_L" sid="J_hiji_L" type="JOINT">
                    <matrix sid="transform">0.9981452 0.001800211 0.06085137 7.45058e-9 0.001898538 0.998156 -0.0606709 0.04820847 -0.06084839 0.06067391 0.9963011 -2.32831e-10 0 0 0 1</matrix>
                    <node id="J_te_L" name="J_te_L" sid="J_te_L" type="JOINT">
                      <matrix sid="transform">-0.002398492 -0.9995006 -0.03151186 0 0.9995006 -0.003389059 0.03142076 0.05161827 -0.03151186 -0.03142076 0.9990093 -4.65661e-10 0 0 0 1</matrix>
                      <node id="J_yubi01_L" name="J_yubi01_L" sid="J_yubi01_L" type="JOINT">
                        <matrix sid="transform">0.1775332 0.9841148 -5.33727e-5 0.03619401 -0.9841148 0.1775333 -6.38707e-5 9.77933e-4 -5.33807e-5 6.38641e-5 1 0.002649383 0 0 0 1</matrix>
                        <node id="J_yubi02_L" name="J_yubi02_L" sid="J_yubi02_L" type="JOINT">
                          <matrix sid="transform">0.1775332 -0.9841148 -5.3388e-5 -7.45058e-9 0.9841147 0.1775332 6.38654e-5 0.01866245 -5.33727e-5 -6.38782e-5 1 2.32831e-10 0 0 0 1</matrix>
                        </node>
                      </node>
                      <node id="J_oyayubi_L" name="J_oyayubi_L" sid="J_oyayubi_L" type="JOINT">
                        <matrix sid="transform">1 0 0 0.023984 0 1 0 -0.0044958 0 0 1 0.01356186 0 0 0 1</matrix>
                      </node>
                    </node>
                  </node>
                </node>
                <node id="J_ude_R" name="J_ude_R" sid="J_ude_R" type="JOINT">
                  <matrix sid="transform">-0.002512217 -0.9995647 -0.02939424 -0.01085704 0.9995647 -0.003374118 0.02930782 0.01379096 -0.02939424 -0.02930782 0.9991381 3.269e-4 0 0 0 1</matrix>
                  <node id="J_hiji_R" name="J_hiji_R" sid="J_hiji_R" type="JOINT">
                    <matrix sid="transform">0.9981452 -0.001800211 -0.06085137 -7.45058e-9 -0.001898538 0.998156 -0.0606709 0.04820847 0.06084839 0.06067391 0.9963011 -2.32831e-10 0 0 0 1</matrix>
                    <node id="J_te_R" name="J_te_R" sid="J_te_R" type="JOINT">
                      <matrix sid="transform">-0.002398492 0.9995006 0.03151186 0 -0.9995006 -0.003389059 0.03142076 0.05161827 0.03151186 -0.03142076 0.9990093 -4.65661e-10 0 0 0 1</matrix>
                      <node id="J_yubi01_R" name="J_yubi01_R" sid="J_yubi01_R" type="JOINT">
                        <matrix sid="transform">0.1775332 -0.9841148 5.33727e-5 -0.03619401 0.9841148 0.1775333 -6.38707e-5 9.77933e-4 5.33807e-5 6.38641e-5 1 0.002649383 0 0 0 1</matrix>
                        <node id="J_yubi02_R" name="J_yubi02_R" sid="J_yubi02_R" type="JOINT">
                          <matrix sid="transform">0.1775332 0.9841148 5.3388e-5 7.45058e-9 -0.9841147 0.1775332 6.38654e-5 0.01866245 5.33727e-5 -6.38782e-5 1 2.32831e-10 0 0 0 1</matrix>
                        </node>
                      </node>
                      <node id="J_oyayubi_R" name="J_oyayubi_R" sid="J_oyayubi_R" type="JOINT">
                        <matrix sid="transform">1 0 0 -0.023984 0 1 0 -0.0044958 0 0 1 0.01356186 0 0 0 1</matrix>
                      </node>
                    </node>
                  </node>
                </node>
              </node>
              <node id="J_hippo" name="J_hippo" sid="J_hippo" type="JOINT">
                <matrix sid="transform">1 0 0 0 0 -0.9999731 -0.007346021 0 0 0.007346021 -1.003022 0 0 0 0 1</matrix>
                <node id="J_shokushu01" name="J_shokushu01" sid="J_shokushu01" type="JOINT">
                  <matrix sid="transform">-1 0 -8.74228e-8 0 -6.40257e-10 0.9999731 0.007323686 0.0125374 8.74204e-8 0.007323687 -0.9999731 0 0 0 0 1</matrix>
                  <node id="J_shokushu03" name="J_shokushu03" sid="J_shokushu03" type="JOINT">
                    <matrix sid="transform">-1 0 -8.7157e-8 0 0 -1 0 0.02640539 -8.7157e-8 0 1 0 0 0 0 1</matrix>
                    <node id="J_shokushu01_L" name="J_shokushu01_L" sid="J_shokushu01_L" type="JOINT">
                      <matrix sid="transform">0.07977273 0.314709 0.9458305 6.75e-4 -0.3137506 -0.8926998 0.3234931 -0.019508 0.9461489 -0.3225608 0.02752637 -4.57405e-4 0 0 0 1</matrix>
                      <node id="J_shokushu02_L" name="J_shokushu02_L" sid="J_shokushu02_L" type="JOINT">
                        <matrix sid="transform">0.07978119 -0.3137503 0.9461479 9.31323e-10 0.3147061 -0.8927 -0.3225633 0.01569305 0.9458306 0.3234929 0.0275184 0 0 0 0 1</matrix>
                      </node>
                    </node>
                    <node id="J_shokushu01_R1" name="J_shokushu01_R1" sid="J_shokushu01_R1" type="JOINT">
                      <matrix sid="transform">-0.8689922 -0.3969735 -0.2954078 -0.00475037 0.3968644 -0.915706 0.06309684 -0.0199288 -0.2955545 -0.06240616 0.9532854 0.007262911 0 0 0 1</matrix>
                      <node id="J_shokushu02_R" name="J_shokushu02_R" sid="J_shokushu02_R" type="JOINT">
                        <matrix sid="transform">-0.8689908 0.396864 -0.2955589 9.31323e-10 -0.3969729 -0.9157061 -0.06240814 0.01467347 -0.2954127 0.06309679 0.9532838 0 0 0 0 1</matrix>
                      </node>
                    </node>
                  </node>
                </node>
              </node>
            </node>
          </node>
          <node id="TP01" name="TP01" sid="TP01" type="JOINT">
            <matrix sid="transform">1 0 0 0 0 1 0 0 0 0 1 0 0 0 0 1</matrix>
          </node>
          <node id="CP01" name="CP01" sid="CP01" type="JOINT">
            <matrix sid="transform">1 0 0 0 0 1 0 0 0 0 1 0 0 0 0 1</matrix>
          </node>
          <node id="GP01" name="GP01" sid="GP01" type="JOINT">
            <matrix sid="transform">1 0 0 0 0 1 0 0 0 0 1 0 0 0 0 1</matrix>
          </node>
          <node id="FP01" name="FP01" sid="FP01" type="JOINT">
            <matrix sid="transform">1 0 0 0 0 1 0 0 0 0 1 0 0 0 0 1</matrix>
          </node>
        </node>
        <node id="GRP_mesh" name="GRP_mesh" sid="GRP_mesh" type="JOINT">
          <matrix sid="transform">1 0 0 0 0 1 0 0 0 0 1 0 0 0 0 1</matrix>
        </node>
      </node>
      <node id="chr626_0" name="chr626_0" type="NODE">
        <translate sid="location">0 0 0</translate>
        <rotate sid="rotationZ">0 0 1 0</rotate>
        <rotate sid="rotationY">0 1 0 0</rotate>
        <rotate sid="rotationX">1 0 0 0</rotate>
        <scale sid="scale">1 1 1</scale>
        <instance_controller url="#chr626_armature_chr626_0-skin">
          <skeleton>#GRP_joint</skeleton>
          <skeleton>#GRP_mesh</skeleton>
          <bind_material>
            <technique_common>
              <instance_material symbol="chr626_mat_000-material" target="#chr626_mat_000-material">
                <bind_vertex_input semantic="chr626_0-mesh-map-0" input_semantic="TEXCOORD" input_set="0"/>
              </instance_material>
            </technique_common>
          </bind_material>
        </instance_controller>
      </node>
      <node id="chr626_1" name="chr626_1" type="NODE">
        <translate sid="location">0 0 0</translate>
        <rotate sid="rotationZ">0 0 1 0</rotate>
        <rotate sid="rotationY">0 1 0 0</rotate>
        <rotate sid="rotationX">1 0 0 0</rotate>
        <scale sid="scale">1 1 1</scale>
        <instance_controller url="#chr626_armature_chr626_1-skin">
          <skeleton>#GRP_joint</skeleton>
          <skeleton>#GRP_mesh</skeleton>
          <bind_material>
            <technique_common>
              <instance_material symbol="chr626_mat_001-material" target="#chr626_mat_001-material"/>
            </technique_common>
          </bind_material>
        </instance_controller>
      </node>
    </visual_scene>
  </library_visual_scenes>
  <scene>
    <instance_visual_scene url="#Default"/>
  </scene>
</COLLADA>