<?xml version="1.0" encoding="utf-8"?>
<COLLADA xmlns="http://www.collada.org/2005/11/COLLADASchema" version="1.4.1">
  <asset>
    <contributor>
      <author>Blender User</author>
      <authoring_tool>Blender 2.77.0 commit date:2016-03-18, commit time:12:34, hash:22a2853</authoring_tool>
    </contributor>
    <created>2021-06-27T01:22:30</created>
    <modified>2021-06-27T01:22:30</modified>
    <unit name="meter" meter="1"/>
    <up_axis>Z_UP</up_axis>
  </asset>
  <library_images>
    <image id="chr631a01_png" name="chr631a01_png">
      <init_from>chr631a01.png</init_from>
    </image>
    <image id="chr631a01s_png" name="chr631a01s_png">
      <init_from>chr631a01s.png</init_from>
    </image>
  </library_images>
  <library_effects>
    <effect id="chr631_mat_000-effect">
      <profile_COMMON>
        <newparam sid="chr631a01_png-surface">
          <surface type="2D">
            <init_from>chr631a01_png</init_from>
          </surface>
        </newparam>
        <newparam sid="chr631a01_png-sampler">
          <sampler2D>
            <source>chr631a01_png-surface</source>
          </sampler2D>
        </newparam>
        <technique sid="common">
          <phong>
            <emission>
              <color sid="emission">0 0 0 1</color>
            </emission>
            <ambient>
              <color sid="ambient">0 0 0 1</color>
            </ambient>
            <diffuse>
              <texture texture="chr631a01_png-sampler" texcoord="chr631_0-mesh-map-0"/>
            </diffuse>
            <specular>
              <color sid="specular">0.5 0.5 0.5 1</color>
            </specular>
            <shininess>
              <float sid="shininess">50</float>
            </shininess>
            <index_of_refraction>
              <float sid="index_of_refraction">1</float>
            </index_of_refraction>
          </phong>
        </technique>
      </profile_COMMON>
    </effect>
    <effect id="chr631_mat_001-effect">
      <profile_COMMON>
        <newparam sid="chr631a01_png-surface">
          <surface type="2D">
            <init_from>chr631a01_png</init_from>
          </surface>
        </newparam>
        <newparam sid="chr631a01_png-sampler">
          <sampler2D>
            <source>chr631a01_png-surface</source>
          </sampler2D>
        </newparam>
        <technique sid="common">
          <phong>
            <emission>
              <color sid="emission">0 0 0 1</color>
            </emission>
            <ambient>
              <color sid="ambient">0 0 0 1</color>
            </ambient>
            <diffuse>
              <texture texture="chr631a01_png-sampler" texcoord="chr631_1-mesh-map-0"/>
            </diffuse>
            <specular>
              <color sid="specular">0.5 0.5 0.5 1</color>
            </specular>
            <shininess>
              <float sid="shininess">50</float>
            </shininess>
            <index_of_refraction>
              <float sid="index_of_refraction">1</float>
            </index_of_refraction>
          </phong>
        </technique>
      </profile_COMMON>
    </effect>
    <effect id="chr631_mat_002-effect">
      <profile_COMMON>
        <newparam sid="chr631a01s_png-surface">
          <surface type="2D">
            <init_from>chr631a01s_png</init_from>
          </surface>
        </newparam>
        <newparam sid="chr631a01s_png-sampler">
          <sampler2D>
            <source>chr631a01s_png-surface</source>
          </sampler2D>
        </newparam>
        <technique sid="common">
          <phong>
            <emission>
              <color sid="emission">0 0 0 1</color>
            </emission>
            <ambient>
              <color sid="ambient">0 0 0 1</color>
            </ambient>
            <diffuse>
              <texture texture="chr631a01s_png-sampler"/>
            </diffuse>
            <specular>
              <color sid="specular">0.5 0.5 0.5 1</color>
            </specular>
            <shininess>
              <float sid="shininess">50</float>
            </shininess>
            <index_of_refraction>
              <float sid="index_of_refraction">1</float>
            </index_of_refraction>
          </phong>
        </technique>
      </profile_COMMON>
    </effect>
  </library_effects>
  <library_materials>
    <material id="chr631_mat_000-material" name="chr631_mat_000">
      <instance_effect url="#chr631_mat_000-effect"/>
    </material>
    <material id="chr631_mat_001-material" name="chr631_mat_001">
      <instance_effect url="#chr631_mat_001-effect"/>
    </material>
    <material id="chr631_mat_002-material" name="chr631_mat_002">
      <instance_effect url="#chr631_mat_002-effect"/>
    </material>
  </library_materials>
  <library_geometries>
    <geometry id="chr631_0-mesh" name="chr631_0">
      <mesh>
        <source id="chr631_0-mesh-positions">
          <float_array id="chr631_0-mesh-positions-array" count="3150">0.003697991 0.01323527 0.008690953 0.006214857 0.01696306 0.009183585 0.005308151 0.01667869 0.009925186 0.00738579 0.01308119 0.006741285 0.007410347 0.01666992 0.008769452 0.003798842 0.01136738 0.0123986 0.005793333 0.01520395 0.01385962 0.004140198 0.01016598 0.01503413 0.006623983 0.01385992 0.01710015 0.003570497 0.01232916 0.01018935 0.00516057 0.01588809 0.01094079 0.004100084 0.01864331 0.01240932 0 0.009354293 0.01136416 0 0.007929682 0.01386958 0 0.01101696 0.009544789 0 0.002190649 0.0222252 0.002171993 0.002557694 0.02347868 0 -6.837e-4 0.02259105 0.003133416 0.0048213 0.02331608 0.004357576 0.006296098 0.02318871 0.002503395 0.005407094 0.02559715 0.002832949 0.005189955 0.0202732 0.00378561 0.006564497 0.01921457 0.00595057 0.008718371 0.02230858 0.004189968 0.009166955 0.01824468 0 0.004549503 0.01866763 0 0.004088759 0.02049237 0 0.005794644 0.01750719 0 0.007741928 0.01715838 0.005308151 0.01667869 0.009925186 0.003697991 0.01323527 0.008690953 0 0.01206111 0.008314967 0.01389282 0.01181006 0.001942694 0.01641148 0.01541572 0.001040697 0.01667034 0.01036459 0.003021121 0.01965939 0.0141099 0.001936197 0.0120393 0.01268512 0.001021683 0.01351922 0.01610505 7.46e-5 0.01252949 0.01024603 0.01019138 0.0101785 0.01170188 0.008376061 0.01349616 0.008058369 0.00607866 0.0111106 0.009722173 0.004728615 0.009704172 0.01135241 0.003770112 0.008529782 0.01257663 0.007128179 0.0111106 0.009722173 0.004728615 0.01349616 0.008058369 0.00607866 0.009704172 0.01135241 0.003770112 0.01303511 0.01392108 0.01340782 0.01061815 0.01525002 0.01107448 0.01252949 0.01024603 0.01019138 0.0101785 0.01170188 0.008376061 0.008384168 0.01595336 0.00902009 0.008529782 0.01257663 0.007128179 0.01035791 0.01869678 0.00892049 0.02283966 0.002897918 0.008601963 0.02104336 -3.954e-4 0.00979346 0.02035385 0.002893269 0.009658277 0.01912599 0.004481375 0.009092867 0.02316761 0.005203187 0.007832944 0.02035385 0.002893269 0.009658277 0.02104336 -3.954e-4 0.00979346 0.02067166 0.002769887 0.01236647 0.02004075 0.005018413 0.01326113 0.01912599 0.004481375 0.009092867 0.01756018 0.00550425 0.01150172 0.02004075 0.005018413 0.01326113 0.01934349 0.00646013 0.01432198 0.02234119 0.005541086 0.01387649 0.01638221 0.006684601 0.01194298 0.01794946 0.008832693 0.01538366 0.01530289 0.009272992 0.01182943 0.02483928 0.005688667 0.009539961 0.02610695 0.007880151 0.009187996 0.02429336 0.005807518 0.01211982 0.02524209 0.008238673 0.01274925 0.02369195 0.006717026 0.006773114 0.02038717 0.005671203 0.006594181 0.02390015 0.009002983 0.005078196 0.02016782 0.006793022 0.00538671 0.0194931 0.009392857 0.004573047 0.01789742 0.005281209 0.008337974 0.01756018 0.00550425 0.01150172 0.01789742 0.005281209 0.008337974 0.01704889 0.00596255 0.007838845 0.01704889 0.00596255 0.007838845 0.01638221 0.006684601 0.01194298 0.01643997 0.007897078 0.007677197 0.01643997 0.007897078 0.007677197 0.01530289 0.009272992 0.01182943 0.008775591 0.01215744 0.003250122 0.008775591 0.01215744 0.003250122 0.00738579 0.01308119 0.006741285 0.00738579 0.01308119 0.006741285 0.007410347 0.01666992 0.008769452 0.01642429 0.01050698 -0.005984008 0.01615428 0.01539266 -0.003649592 0.01427292 0.01134729 -0.00588721 0.01367229 0.01583248 -0.00352782 0.01249045 0.01232326 -0.00554645 0.01472109 0.0187357 -0.00464797 0.0145244 0.01057535 -0.01415991 0.01429718 0.008276581 -0.009608566 0.01168131 0.01195251 -0.01336616 0.01199847 0.009428441 -0.009020447 0.009987652 0.0123915 -0.01218706 0.0104717 0.0110597 -0.009024858 0.01429718 0.008276581 -0.009608566 0.01199847 0.009428441 -0.009020447 0.0104717 0.0110597 -0.009024858 0.01267856 0.0154528 -0.01615262 0.01584213 0.01437401 -0.01740336 0.009857058 0.01589971 -0.0146045 0.01145035 0.0186131 -0.01368117 0.02378696 0.003109097 -0.009644865 0.02181833 0.002712011 -0.01139962 0.02218014 -1.202e-4 -0.01184403 0.02387136 0.005349636 -0.008569061 0.02056366 0.004534423 -0.01116418 0.02181833 0.002712011 -0.01139962 0.0230242 0.003116667 -0.01392322 0.02218014 -1.202e-4 -0.01184403 0.02056366 0.004534423 -0.01116418 0.02277046 0.005360484 -0.01473879 0.01981788 0.005633056 -0.01390618 0.022385 0.006832838 -0.01591086 0.02510768 0.006016731 -0.0145145 0.01867586 0.007225573 -0.01442241 0.02159816 0.009562253 -0.01739019 0.01789218 0.009765267 -0.01493763 0.0259872 0.006008028 -0.009585559 0.02391588 0.006817579 -0.007330954 0.02081334 0.005623281 -0.008328199 0.02369028 0.009543359 -0.005674183 0.01998037 0.007212698 -0.007607877 0.01938468 0.009743273 -0.006706476 0.01823109 0.006402969 -0.01087129 0.01953911 0.005253553 -0.01097935 0.01953911 0.005253553 -0.01097935 0.01823109 0.006402969 -0.01087129 0.01761955 0.008267998 -0.01049709 0.01761955 0.008267998 -0.01049709 0.01294845 0.01653122 -0.003225088 -0.005308151 0.01667869 0.009925186 -0.006214857 0.01696306 0.009183585 -0.003697991 0.01323527 0.008690953 -0.007410347 0.01666992 0.008769452 -0.00738579 0.01308119 0.006741285 -0.004140198 0.01016598 0.01503413 -0.005793333 0.01520395 0.01385962 -0.003798842 0.01136738 0.0123986 -0.00516057 0.01588809 0.01094079 -0.003570497 0.01232916 0.01018935 0 0.007929682 0.01386958 0 0.009354293 0.01136416 0 0.01101696 0.009544789 0 0.002190649 0.0222252 0 -6.837e-4 0.02259105 -0.002171993 0.002557694 0.02347868 -0.002503395 0.005407094 0.02559715 -0.004357576 0.006296098 0.02318871 -0.003133416 0.0048213 0.02331608 -0.00595057 0.008718371 0.02230858 -0.00378561 0.006564497 0.01921457 -0.002832949 0.005189955 0.0202732 -0.004189968 0.009166955 0.01824468 0 0.004549503 0.01866763 0 0.004088759 0.02049237 0 0.005794644 0.01750719 0 0.007741928 0.01715838 -0.003697991 0.01323527 0.008690953 -0.005308151 0.01667869 0.009925186 0 0.01206111 0.008314967 -0.01667034 0.01036459 0.003021121 -0.01641148 0.01541572 0.001040697 -0.01389282 0.01181006 0.001942694 -0.01351922 0.01610505 7.46e-5 -0.0120393 0.01268512 0.001021683 -0.01452106 0.01880586 0.001793622 -0.0111106 0.009722173 0.004728615 -0.0101785 0.01170188 0.008376061 -0.01349616 0.008058369 0.00607866 -0.01252949 0.01024603 0.01019138 -0.009704053 0.01135241 0.003770649 -0.008529782 0.01257663 0.007128179 -0.01349616 0.008058369 0.00607866 -0.0111106 0.009722173 0.004728615 -0.009704053 0.01135241 0.003770649 -0.0101785 0.01170188 0.008376061 -0.01061815 0.01525002 0.01107448 -0.01252949 0.01024603 0.01019138 -0.01303511 0.01392108 0.01340782 -0.008529782 0.01257663 0.007128179 -0.008384168 0.01595336 0.00902009 -0.02283966 0.002897918 0.008601963 -0.02035385 0.002893269 0.009658277 -0.02104336 -3.954e-4 0.00979346 -0.01912599 0.004481375 0.009092867 -0.02316761 0.005203187 0.007832944 -0.02035385 0.002893269 0.009658277 -0.02067166 0.002769887 0.01236647 -0.02104336 -3.954e-4 0.00979346 -0.01912599 0.004481375 0.009092867 -0.02004075 0.005018413 0.01326113 -0.01756018 0.00550425 0.01150172 -0.01934349 0.00646013 0.01432198 -0.02004075 0.005018413 0.01326113 -0.02234119 0.005541086 0.01387649 -0.01794946 0.008832693 0.01538366 -0.01638221 0.006684601 0.01194298 -0.01530289 0.009272992 0.01182943 -0.02483928 0.005688667 0.009539961 -0.02369195 0.006717026 0.006773114 -0.02038717 0.005671203 0.006594181 -0.02390015 0.009002983 0.005078196 -0.02016782 0.006793022 0.00538671 -0.0194931 0.009392857 0.004573047 -0.01789742 0.005281209 0.008337974 -0.01756018 0.00550425 0.01150172 -0.01704889 0.00596255 0.007838845 -0.01789742 0.005281209 0.008337974 -0.01638221 0.006684601 0.01194298 -0.01704889 0.00596255 0.007838845 -0.01643997 0.007897078 0.007677197 -0.01530289 0.009272992 0.01182943 -0.01643997 0.007897078 0.007677197 -0.007410347 0.01666992 0.008769452 -0.00738579 0.01308119 0.006741285 -0.01427292 0.01134729 -0.00588721 -0.01615428 0.01539266 -0.003649592 -0.01642429 0.01050698 -0.005984008 -0.01891332 0.01428192 -0.003903687 -0.01249045 0.01232326 -0.00554645 -0.01367229 0.01583248 -0.00352782 -0.01472109 0.0187357 -0.00464797 -0.0145244 0.01057535 -0.01415991 -0.01168131 0.01195251 -0.01336616 -0.01429718 0.008276581 -0.009608566 -0.01199847 0.009428441 -0.009020447 -0.0104717 0.0110597 -0.009024858 -0.009987652 0.0123915 -0.01218706 -0.01199847 0.009428441 -0.009020447 -0.01429718 0.008276581 -0.009608566 -0.0104717 0.0110597 -0.009024858 -0.01584213 0.01437401 -0.01740336 -0.01267856 0.0154528 -0.01615262 -0.009857058 0.01589971 -0.0146045 -0.01145035 0.0186131 -0.01368117 -0.02378696 0.003109097 -0.009644865 -0.02218014 -1.202e-4 -0.01184403 -0.02181833 0.002712011 -0.01139962 -0.02056366 0.004534423 -0.01116418 -0.02387136 0.005349636 -0.008569061 -0.02181833 0.002712011 -0.01139962 -0.02218014 -1.202e-4 -0.01184403 -0.0230242 0.003116667 -0.01392322 -0.02056366 0.004534423 -0.01116418 -0.02277046 0.005360484 -0.01473879 -0.022385 0.006832838 -0.01591086 -0.01981788 0.005633056 -0.01390618 -0.02510768 0.006016731 -0.0145145 -0.02159816 0.009562253 -0.01739019 -0.01867586 0.007225573 -0.01442241 -0.01789218 0.009765267 -0.01493763 -0.0259872 0.006008028 -0.009585559 -0.02692759 0.008226156 -0.008731663 -0.02665126 0.00686419 -0.01219028 -0.02729141 0.00876218 -0.01235646 -0.02391588 0.006817579 -0.007330954 -0.02081334 0.005623281 -0.008328199 -0.02369028 0.009543359 -0.005674183 -0.01998037 0.007212698 -0.007607877 -0.01938468 0.009743273 -0.006706476 -0.01953911 0.005253553 -0.01097935 -0.01823109 0.006402969 -0.01087129 -0.01823109 0.006402969 -0.01087129 -0.01953911 0.005253553 -0.01097935 -0.01761955 0.008267998 -0.01049709 -0.01761955 0.008267998 -0.01049709 -0.01294845 0.01653122 -0.003225088 -0.009171068 0.01205402 -0.008567273 -0.01912599 0.004481375 0.009092867 -0.008669257 0.01234215 -0.01160329 -0.009171068 0.01205402 -0.008567273 -0.006978034 0.01353508 -0.01405912 -0.006636977 0.01177126 -0.01161265 -0.008669257 0.01234215 -0.01160329 0.008669257 0.01234215 -0.01160329 0.006978034 0.01353508 -0.01405912 0.008669257 0.01234215 -0.01160329 0.006636977 0.01177126 -0.01161265 0.00201869 0.01599669 -0.01570475 0.00184226 0.01386761 -0.0146439 0 0.0161184 -0.01499193 0 0.01430171 -0.0142306 -0.001841425 0.01386827 -0.0146442 0 0.01430171 -0.0142306 -0.001446723 0.01279103 -0.01210331 -0.004550576 0.01355963 -0.01461333 -0.004094183 0.01179826 -0.01217913 -0.006676793 0.01579296 -0.01496928 -0.004768848 0.01587498 -0.0155254 -0.00201869 0.01599669 -0.01570475 0.004550576 0.01355963 -0.01461333 0.004768848 0.01587498 -0.0155254 0.001447856 0.01279008 -0.0121029 0.004094183 0.01179826 -0.01217919 0 0.0161184 -0.01499193 0 0.01381385 -0.01177781 0 0.01381385 -0.01177781 0.001253247 0.01236861 -0.009065151 0 0.01327162 -0.008995056 -0.009171068 0.01205402 -0.008567273 0.009171187 0.01205402 -0.00856769 0.009171187 0.01205402 -0.00856769 0.009171187 0.01205402 -0.00856769 0.005119383 0.01110655 -0.007177591 0.001176059 0.01210469 -0.005883872 -0.005119383 0.01110655 -0.007177591 -0.01294845 0.01653122 -0.003225088 -0.01134425 0.01319468 -0.004898488 -0.01253002 0.01712775 -0.001519381 -0.01134425 0.01319468 -0.004898488 -0.008315861 0.01113742 -0.005524337 -0.009316265 0.01236629 -0.002797961 0.01134425 0.01319468 -0.004898488 0.008315861 0.01113742 -0.005524337 0.01134425 0.01319468 -0.004898488 0.009318172 0.0123313 -0.002713561 0.01275491 0.01682221 -5.907e-4 0.01114141 0.01318979 1.718e-4 0.005487859 0.01185768 -0.003399193 -0.008775591 0.01215744 0.003250122 -0.00738579 0.01308119 0.006741285 -0.008775591 0.01215744 0.003250122 -0.01275491 0.01682221 -5.907e-4 -0.01253002 0.01712775 -0.001519381 -0.01114141 0.01318979 1.718e-4 -0.01114141 0.01318979 1.718e-4 -0.01275491 0.01682221 -5.907e-4 -0.009061574 0.012914 -0.001716732 -0.009061574 0.012914 -0.001716732 -0.005487859 0.01185768 -0.003399193 -0.009061574 0.012914 -0.001716732 -0.008655548 0.0121392 -5.334e-4 -0.009061574 0.012914 -0.001716732 0.009061574 0.012914 -0.001716732 0.004793584 0.0127213 -0.002237558 -0.004793584 0.0127213 -0.002237558 -0.004793584 0.0127213 -0.002237558 -0.008655548 0.0121392 -5.334e-4 -0.009061574 0.012914 -0.001716732 0.01114141 0.01318979 1.718e-4 0.008655548 0.0121392 -5.334e-4 0.004617989 0.01288783 0.006263554 0.006972014 0.01154088 0.002409279 0.008775591 0.01215744 0.003250122 0.00738579 0.01308119 0.006741285 0.004617989 0.01288783 0.006263554 0.004547536 0.0113157 0.002371609 0 0.01161688 0.006264746 0 0.01206111 0.008314967 -0.004617989 0.01288783 0.006263554 0 0.01206111 0.008314967 0 0.01161688 0.006264746 -0.004617989 0.01288783 0.006263554 -0.00738579 0.01308119 0.006741285 -0.006972014 0.01154088 0.002409279 -0.008775591 0.01215744 0.003250122 -0.00457555 0.01143431 -5.486e-4 0 0.01136076 0.002381086 0 0.01161688 0.006264746 0 0.01161688 0.006264746 0 0.01136076 0.002381086 -0.004547536 0.0113157 0.002371609 -0.00457555 0.01143431 -5.486e-4 -0.001253247 0.01236861 -0.009065151 0 0.01327162 -0.008995056 0 0.01272952 -0.005906343 0 0.01272952 -0.005906343 0.001061141 0.01255828 -0.004060626 -0.001176059 0.01210469 -0.005883872 -0.001061141 0.01255828 -0.004060626 -0.005487859 0.01185768 -0.003399193 -0.004793584 0.0127213 -0.002237558 -0.004793584 0.0127213 -0.002237558 0.00457555 0.01143431 -5.486e-4 0 0.01220422 -0.002857685 0 0.01299357 -0.004060626 0.001061141 0.01255828 -0.004060626 0 0.01220422 -0.002857685 0 0.01135677 -8.523e-4 -0.004793584 0.0127213 -0.002237558 0 0.01135677 -8.523e-4 0.004841685 0.02817547 -0.01506 0.004847109 0.0252546 -0.01505899 0 0.02808123 -0.01586997 0 0.02515798 -0.01589137 -0.004841685 0.02817547 -0.01505988 0 0.02808123 -0.01586997 -0.004847109 0.0252546 -0.01505899 0 0.02515798 -0.01589137 -0.0097211 0.02854382 -0.01242268 -0.009805858 0.02564609 -0.01256418 0.009805858 0.02564609 -0.01256418 0.009721159 0.02854382 -0.0124228 -0.002592504 0.01807099 -0.01573401 0 0.0177282 -0.01496171 -0.009805858 0.02564609 -0.01256418 -0.004847109 0.0252546 -0.01505899 -0.009616076 0.02270746 -0.01246136 -0.004732251 0.02240556 -0.0147345 0.002592504 0.01807099 -0.01573401 0 0.0177282 -0.01496171 0.004730463 0.02240598 -0.0147351 0 0.0223664 -0.0154913 0.009614944 0.0227077 -0.01246201 0 0.0223664 -0.0154913 0.00340569 0.01951265 -0.01397293 0 0.01933681 -0.01455557 0 0.01933681 -0.01455557 -0.00340569 0.01951265 -0.01397293 0.008584558 0.01571089 -0.01411086 0.005871593 0.01803892 -0.01545107 0.006676793 0.01579296 -0.01496928 0.008584558 0.01571089 -0.01411086 0.009290695 0.01886034 -0.01224887 0.009396851 0.02034562 -0.01239389 0.009290695 0.01886034 -0.01224887 0.00681138 0.01968842 -0.01339036 0.00790435 0.01837998 -0.01432871 -0.008584558 0.01571089 -0.01411086 -0.008584558 0.01571089 -0.01411086 -0.005871593 0.01803892 -0.01545107 -0.009290695 0.01886034 -0.01224887 -0.009290695 0.01886034 -0.01224887 -0.009396851 0.02034562 -0.01239389 -0.00681138 0.01968842 -0.01339036 -0.00790435 0.01837998 -0.01432871 0.003572285 0.03088158 0.0113238 0 0.03097599 0.01191765 0.00360018 0.02802586 0.01198548 0 0.02812248 0.01260232 -0.003572285 0.03088158 0.0113238 -0.003600299 0.02802586 0.01198548 0.007200419 0.02792912 0.0107795 0.00714457 0.03078711 0.01013791 0.01020354 0.0305823 0.007897078 0.01039469 0.02777254 0.008407652 -0.007200539 0.02792912 0.0107795 -0.007144451 0.03078711 0.01013779 -0.01020354 0.0305823 0.007897078 -0.01039469 0.02777254 0.008407652 0.00355947 0.02567845 0.01227939 0.007118999 0.02572995 0.0109992 0.004478693 0.01942449 0.01176089 0.004478693 0.01942449 0.01176089 0 0.02064883 0.01330024 -0.004478693 0.01942449 0.01176089 0 0.02562689 0.01275312 -0.00355947 0.02567845 0.01227939 -0.007118999 0.02572995 0.0109992 0 0.02122443 0.01253366 0 0.02122443 0.01253366 -0.004478693 0.01942449 0.01176089 0 0.02064883 0.01330024 -0.003377497 0.02094745 0.01193076 0 0.02122443 0.01253366 0 0.02313137 0.01279228 -0.003537297 0.02323442 0.01229161 0 0.02313137 0.01279228 0.003537297 0.02323442 0.01229161 0.003381073 0.0209462 0.01192998 0.003537297 0.02323442 0.01229161 0 0.02313137 0.01279228 0 0.02122443 0.01253366 -0.003537297 0.02323442 0.01229161 -0.0124796 0.02594077 -0.009512662 -0.01234191 0.02881807 -0.009238183 -0.01242059 0.02297639 -0.009539365 -0.0124796 0.02594077 -0.009512662 -0.01375836 0.0291779 -0.005729854 -0.01234191 0.02881807 -0.009238183 -0.01395136 0.02630597 -0.005713105 -0.0124796 0.02594077 -0.009512662 -0.01407963 0.02702677 0.001579701 -0.01379811 0.02989548 0.00119096 -0.01462197 0.02667129 -0.001913607 -0.01435935 0.02953827 -0.002220988 -0.01462197 0.02667129 -0.001913607 -0.01435935 0.02953827 -0.002220988 0.0124796 0.02594077 -0.009512662 0.01234191 0.02881807 -0.009238183 0.01242059 0.02297639 -0.009539365 0.01375836 0.0291779 -0.005729854 0.01395136 0.02630597 -0.005713105 0.01383197 0.02345359 -0.005595982 0.01413065 0.02383249 0.001932024 0.01459175 0.02381527 -0.001652896 0.01407957 0.02702677 0.001579701 0.01462197 0.02667129 -0.001913607 0.01435947 0.02953827 -0.002220988 0.01379811 0.02989548 0.00119096 -0.003371596 0.03341209 0.0104081 0 0.03350335 0.01094573 -0.009579658 0.03308981 0.007125258 -0.006741583 0.03332144 0.009267985 -0.01242613 0.03025269 0.00471276 -0.01295596 0.03247141 7.375e-4 -0.01160836 0.03281736 0.004103899 -0.01347929 0.03212648 -0.002499639 -0.01295906 0.03178489 -0.005737245 -0.009187877 0.03118729 -0.01209908 -0.01161295 0.03144407 -0.008973896 0 0.0307573 -0.01544815 0.004645884 0.03084385 -0.01469117 0.009187877 0.03118729 -0.01209908 0.01161307 0.03144407 -0.008973896 0.01295906 0.03178489 -0.005737245 0.01295608 0.03247141 7.375e-4 0.01347929 0.03212648 -0.002499639 0.009579777 0.03308981 0.007125258 0.01160848 0.03281736 0.004103899 0.01242613 0.03025269 0.00471276 0.003371596 0.03341209 0.0104081 0.006741583 0.03332144 0.009267866 0.01160848 0.03281736 0.004103899 0.01242613 0.03025269 0.00471276 -0.004645884 0.03084385 -0.01469117 0 0.0307573 -0.01544815 -0.01160836 0.03281736 0.004103899 -0.01242613 0.03025269 0.00471276 0 0.03614759 0.009247958 -0.003034174 0.0360642 0.008819341 -0.006068289 0.03598046 0.007782816 -0.0086295 0.03574132 0.005754292 0.004328668 0.03378003 -0.01364731 0 0.03370803 -0.01429939 -0.004328668 0.03378003 -0.01364731 0 0.03370803 -0.01429939 -0.008315086 0.03408515 -0.01134926 0.008315086 0.03408515 -0.01134926 0.003931641 0.03577631 -0.01251173 0.003422319 0.03742671 -0.01100409 0.007270634 0.03604239 -0.01050895 0.00600332 0.03764379 -0.009376764 0.01169979 0.03522753 7.82e-5 0.01043272 0.03553771 0.003005981 -0.01043379 0.03431808 -0.008549988 -0.01170146 0.0346176 -0.005674064 -0.01213788 0.03491646 -0.002797186 -0.01059699 0.03675407 -0.002988696 -0.008729279 0.03821128 -0.003140628 -0.010203 0.03651219 -0.005503416 -0.008400499 0.03803449 -0.005192697 0.01043379 0.0343182 -0.008549988 0.01170146 0.0346176 -0.005674064 0.01213788 0.03491646 -0.002797186 0.01059699 0.03675407 -0.002988696 0.010203 0.03651219 -0.005503416 0.008729279 0.03821128 -0.003140628 0.008400499 0.03803449 -0.005192697 0.008983552 0.03627079 -0.007998585 0 0.03573894 -0.01300948 0 0.03573894 -0.01300948 -0.003931641 0.03577631 -0.01251173 -0.007270634 0.03604239 -0.01050895 -0.008983552 0.03627079 -0.007998585 0.003034174 0.0360642 0.008819341 0.002636373 0.0378021 0.007006764 0 0.0378865 0.007273018 0.01020139 0.03704518 -4.795e-4 0.00839895 0.03846889 -0.001097083 0.008984863 0.03733342 0.002026498 0.007277607 0.0387265 9.463e-4 0.006068289 0.0359804 0.007782816 0.0086295 0.03574132 0.005754292 0.005285263 0.03771585 0.006123006 0.007460594 0.03756016 0.004414558 0.007460594 0.03756016 0.004414558 0.01043272 0.03553771 0.003005981 -0.002636373 0.0378021 0.007006764 -0.005285263 0.03771585 0.006123006 -0.01020139 0.03704518 -4.795e-4 -0.008984863 0.03733342 0.002026498 -0.00839895 0.03846889 -0.001097083 -0.007277607 0.0387265 9.463e-4 -0.007460594 0.03756016 0.004414558 -0.01169979 0.03522753 7.82e-5 -0.01043272 0.03553771 0.003005981 -0.01043272 0.03553771 0.003005981 -0.007460594 0.03756016 0.004414558 -0.00436449 0.03903269 0.004227757 -0.00436449 0.03903269 0.004227757 -0.00230813 0.03907668 0.004929006 0.00436449 0.03903269 0.004227757 0.00436449 0.03903269 0.004227757 0 0.03916078 0.005041897 0.00230813 0.03907668 0.004929006 0 0.03742355 -0.01134049 -0.003422319 0.03742671 -0.01100409 0 0.03742355 -0.01134049 -0.00230813 0.03907668 0.004929006 -0.002165794 0.03990262 0.002518594 -0.004298806 0.03978085 2.462e-4 -0.002017319 0.04030489 3.085e-4 0.002165794 0.03990262 0.002518594 0.00230813 0.03907668 0.004929006 0 0.03916078 0.005041897 0 0.04004627 0.002765834 0.004298806 0.03978085 2.462e-4 0 0.04004627 0.002765834 0 0.03916078 0.005041897 0.002017319 0.04030489 3.085e-4 0 0.04042357 3.707e-4 0 0.04042357 3.707e-4 -0.001924037 0.04054397 -0.001824021 0 0.04059809 -0.001816689 0.001924037 0.04054397 -0.0018242 0 0.04059809 -0.001816689 -0.00600332 0.03764379 -0.009376764 -0.007277607 0.03785789 -0.007244825 0.007277607 0.03785789 -0.007244825 -0.0028795 0.03877931 -0.00892055 0.004389286 0.03924429 -0.006796181 0.005269706 0.0395891 -0.004671812 0.0028795 0.03877931 -0.00892055 0 0.03885275 -0.008928358 0 0.03885275 -0.008928358 0.002546191 0.0396589 -0.006794393 0.00230658 0.04009133 -0.004543066 -0.00230658 0.04009133 -0.004543066 0 0.04032313 -0.004414141 -0.00254637 0.03965896 -0.006794393 0 0.03978598 -0.00667119 0 0.03978598 -0.00667119 0 0.04032313 -0.004414141 -0.004389286 0.03924429 -0.006796181 0.01040548 0.02586555 0.008658945 0.01274269 0.02738225 0.005109906 0.01274269 0.02738225 0.005109906 0.01040548 0.02586555 0.008658945 0.01287823 0.02373445 0.005517065 0.01035559 0.02342468 0.008723258 0.01287823 0.02373445 0.005517065 0.009198188 0.01949679 0.009100854 0.009198188 0.01949679 0.009100854 0.007074773 0.0232867 0.01105248 0.006876349 0.02067047 0.01067441 0.007074773 0.0232867 0.01105248 0.007074773 0.0232867 0.01105248 0.009635269 0.02106827 0.008534252 0.006876349 0.02067047 0.01067441 0.009198188 0.01949679 0.009100854 -0.009198188 0.01949679 0.009100854 -0.01035791 0.01869678 0.00892049 -0.009198188 0.01949679 0.009100854 -0.01040548 0.02586555 0.008658945 -0.006876349 0.02067047 0.01067441 -0.007074773 0.0232867 0.01105242 -0.007074773 0.0232867 0.01105242 -0.01274269 0.02738225 0.005109906 -0.01274269 0.02738225 0.005109906 -0.009635269 0.02106827 0.008534252 -0.009198188 0.01949679 0.009100854 -0.006876349 0.02067047 0.01067441 -0.007074773 0.0232867 0.01105242 -0.01035559 0.02342468 0.008723258 -0.01040548 0.02586555 0.008658945 0.01452106 0.01880586 0.001793622 0.01384276 0.01962095 9.164e-4 0.01379841 0.02139031 0.002038896 0.009198188 0.01949679 0.009100854 0.01035791 0.01869678 0.00892049 0.01251518 0.02146619 0.005740582 0.01398909 0.02066105 0.006155431 0.01398909 0.02066105 0.006155431 0.01251518 0.02146619 0.005740582 0.01251518 0.02146619 0.005740582 0.01251518 0.02146619 0.005740582 0.01384276 0.01962095 9.164e-4 0.01356935 0.01929199 -0.004169762 0.01253002 0.01712775 -0.001519381 0.01275491 0.01682221 -5.907e-4 0.01294845 0.01653122 -0.003225088 0.01356935 0.01929199 -0.004169762 0.01226979 0.02143949 -0.009608685 0.01444971 0.02135038 -0.009719967 0.01226979 0.02143949 -0.009608685 0.01444971 0.02135038 -0.009719967 0.01226979 0.02143949 -0.009608685 0.01367712 0.02137702 -0.005309641 0.01429039 0.02131468 -0.001662552 -0.01384276 0.01962095 9.164e-4 -0.01384276 0.01962095 9.164e-4 -0.01253002 0.01712775 -0.001519381 -0.01398909 0.02066105 0.006155431 -0.01251518 0.02146619 0.005740582 -0.01251518 0.02146619 0.005740582 -0.01398909 0.02066105 0.006155431 -0.01413065 0.02383249 0.001932024 -0.01379859 0.02139014 0.0020383 -0.01287823 0.02373445 0.005517065 -0.01251518 0.02146619 0.005740582 -0.01407963 0.02702677 0.001579701 -0.01413065 0.02383249 0.001932024 -0.01274269 0.02738225 0.005109906 -0.01287823 0.02373445 0.005517065 -0.01274269 0.02738225 0.005109906 -0.01251518 0.02146619 0.005740582 -0.01379859 0.02139014 0.0020383 -0.01356935 0.01929199 -0.004169762 -0.01253002 0.01712775 -0.001519381 -0.01356935 0.01929199 -0.004169762 -0.01444971 0.02135038 -0.009719967 -0.01226979 0.02143949 -0.009608685 -0.01444971 0.02135038 -0.009719967 -0.01226979 0.02143949 -0.009608685 -0.01226979 0.02143949 -0.009608685 -0.01367413 0.02137959 -0.005321681 -0.01383197 0.02345359 -0.005595982 -0.01395136 0.02630597 -0.005713105 -0.0124796 0.02594077 -0.009512662 -0.01383197 0.02345359 -0.005595982 -0.01459175 0.02381527 -0.001652896 -0.01462197 0.02667129 -0.001913607 -0.01459175 0.02381527 -0.001652896 -0.01462197 0.02667129 -0.001913607 -0.01429039 0.02131468 -0.001662552 -0.01429039 0.02131468 -0.001662552 -0.01367413 0.02137959 -0.005321681 -0.01429039 0.02131468 -0.001662552 -0.01459175 0.02381527 -0.001652896 -0.01459175 0.02381527 -0.001652896 -0.01429039 0.02131468 -0.001662552 -0.01429039 0.02131468 -0.001662552 -0.01429039 0.02131468 -0.001662552 -0.009987294 0.05085909 -0.009251356 -0.008379757 0.05253547 -0.007981598 -0.007933199 0.04800868 -0.006347477 -0.006791174 0.04915255 -0.005545794 0.009989857 0.05085712 -0.009251594 0.007933199 0.04800868 -0.006347477 0.008379757 0.05253547 -0.007981598 0.006791174 0.04915255 -0.005545794 0.005310893 0.03972989 -0.001508533 0.004466593 0.04001355 -0.0023368 0.006355345 0.04460501 -0.004280984 0.005475759 0.04538667 -0.003576159 -0.005269706 0.0395891 -0.004671812 -0.004466593 0.04001355 -0.0023368 -0.005310893 0.03972989 -0.001508533 -0.006355345 0.04460501 -0.004280984 -0.005475759 0.04538667 -0.003576159 -0.0124157 0.05334872 -0.01202338 -0.01090931 0.05570381 -0.01057237 0.0124213 0.05334246 -0.01202338 0.01090931 0.05570381 -0.01057237 0.01419293 0.05440402 -0.009455978 0.01174116 0.0559445 -0.009411692 0.01174879 0.05170929 -0.006879091 0.009437382 0.05279648 -0.006503582 0.009437382 0.05279648 -0.006503582 0.007894754 0.04933428 -0.004242599 0.009426951 0.04858899 -0.004621684 0.007894754 0.04933428 -0.004242599 0.00687623 0.04530328 -0.002530694 0.009759843 0.0477364 -0.006138086 0.01268869 0.05037707 -0.008828341 0.006189346 0.04152178 -0.002067685 0.004298806 0.03978085 2.462e-4 0.005310893 0.03972989 -0.001508533 0.004390776 0.04186701 -0.001857519 0.004298806 0.03978085 2.462e-4 0.005221188 0.04177588 -7.109e-4 0.003848195 0.04029732 -0.001831293 0.005221188 0.04177588 -7.109e-4 0.005346596 0.04169446 -0.002712786 0.00687623 0.04530328 -0.002530694 0.003848195 0.04029732 -0.001831293 0.004466593 0.04001355 -0.0023368 0.005310893 0.03972989 -0.001508533 0.006189346 0.04152178 -0.002067685 0.00791949 0.04469513 -0.003974676 0.01445251 0.05812108 -0.01220923 0.01382875 0.05794066 -0.0130797 0.01445251 0.05812108 -0.01220923 0.01174116 0.0559445 -0.009411692 0.01524335 0.05273437 -0.01154685 0.00791949 0.04469513 -0.003974676 0.009759843 0.0477364 -0.006138086 0.01268869 0.05037707 -0.008828341 0.01524335 0.05273437 -0.01154685 -0.01174879 0.05170929 -0.006879091 -0.009426951 0.04858899 -0.004621684 -0.009437382 0.05279648 -0.006503582 -0.007894754 0.04933428 -0.004242599 -0.01174116 0.0559445 -0.009411692 -0.009437382 0.05279648 -0.006503582 -0.00687623 0.04530328 -0.002530694 -0.007894754 0.04933428 -0.004242599 -0.009759843 0.0477364 -0.006138086 -0.01247346 0.05022388 -0.008862793 -0.004390776 0.04186701 -0.001857519 -0.004298806 0.03978085 2.462e-4 -0.003848195 0.04029732 -0.001831293 -0.003848195 0.04029732 -0.001831293 -0.006189346 0.04152178 -0.002067685 -0.004298806 0.03978085 2.462e-4 -0.005221188 0.04177588 -7.109e-4 -0.005221188 0.04177588 -7.109e-4 -0.00687623 0.04530328 -0.002530694 -0.005346596 0.04169446 -0.002712786 -0.005310893 0.03972989 -0.001508533 -0.004466593 0.04001355 -0.0023368 -0.00791949 0.04469513 -0.003974676 -0.006189346 0.04152178 -0.002067685 -0.005310893 0.03972989 -0.001508533 -0.01669645 0.05662512 -0.01207077 -0.01419293 0.05440402 -0.009455978 -0.01445251 0.05812108 -0.01220923 -0.01174116 0.0559445 -0.009411692 -0.01445251 0.05812108 -0.01220923 -0.01382875 0.05794066 -0.0130797 -0.01492273 0.05236881 -0.01139688 -0.01492273 0.05236881 -0.01139688 -0.0175004 0.05460727 -0.01377594 -0.01247346 0.05022388 -0.008862793 -0.009759843 0.0477364 -0.006138086 -0.00791949 0.04469513 -0.003974676 -0.01510369 0.05562299 -0.01437896 -0.01868969 0.05892992 -0.01646387 -0.01947289 0.05763083 -0.01733237 -0.0175004 0.05460727 -0.01377594 0.0151053 0.05562007 -0.01437842 0.01868969 0.05892992 -0.01646387 0.0176208 0.05469691 -0.01375728 0.01947289 0.05763083 -0.01733237 0.01669645 0.05662512 -0.01207077 0.0176208 0.05469691 -0.01375728 0.02040839 0.0580613 -0.01585119 0.02096718 0.05683368 -0.01685589 0.01903831 0.05903089 -0.01597738 0.02135968 0.0591489 -0.0179587 0.02111107 0.0588274 -0.0184018 0.02347189 0.05934077 -0.01945066 0.0216583 0.05888032 -0.01751828 0.02347189 0.05934077 -0.01945066 0.0216583 0.05888032 -0.01751828 0.02096718 0.05683368 -0.01685589 0.01903831 0.05903089 -0.01597738 -0.02111107 0.0588274 -0.0184018 -0.02096718 0.05683368 -0.01685589 -0.02040839 0.0580613 -0.01585119 -0.01903831 0.05903089 -0.01597738 -0.01903831 0.05903089 -0.01597738 -0.02135914 0.059125 -0.01796168 -0.02347189 0.05934077 -0.01945066 -0.0216583 0.05888032 -0.01751828 -0.02347189 0.05934077 -0.01945066 -0.02096718 0.05683368 -0.01685589 -0.0216583 0.05888032 -0.01751828 0.005653083 0.01818388 0.01955366 0.004164576 0.01839286 0.01558929 0.003505349 0.007601737 0.02644217 0 0.005629003 0.0264045 0 0.008100152 0.0274533 -0.004164576 0.01839286 0.01558929 -0.004100084 0.01864331 0.01240932 0 0.008100152 0.0274533 -0.003505349 0.007601737 0.02644217 0 0.005629003 0.0264045 0.002891898 0.01933908 0.01577889 0 0.01986473 0.01597362 -0.002891898 0.01933908 0.01577889 0 0.01986473 0.01597362 0 0.02015215 0.02057462 0.002980232 0.0194711 0.02011907 -0.002980232 0.0194711 0.02011907 0 0.02015215 0.02057462 0.01568543 0.01827234 0.0138908 0.0129925 0.0187025 0.01055717 0.01439875 0.01964867 0.009136378 0.02260899 0.007673442 0.01526021 0.02429336 0.005807518 0.01211982 0.02524209 0.008238673 0.01274925 0.02134329 0.0184319 0.004101276 0.01717555 0.01881927 0.00336951 0.01662105 0.01970779 0.005341053 0.01578599 0.01998269 0.007419288 0.02048099 0.0196768 0.006718397 0.01940125 0.02030479 0.009547352 0.01750081 0.01959276 0.01187366 0.01578599 0.01998269 0.007419288 0.01940125 0.02030479 0.009547352 0.01398909 0.02066105 0.006155431 0.01725447 0.01895499 -0.005896151 0.02729141 0.00876218 -0.01235646 0.02692759 0.008226156 -0.008731663 0.02665126 0.00686419 -0.01219028 0.01819509 0.01880389 -0.01668018 0.01471835 0.01897007 -0.01440268 0.01564705 0.01990658 -0.01242148 0.01640188 0.020244 -0.0101397 0.02569603 0.008238494 -0.01563346 0.02665126 0.00686419 -0.01219028 0.02729141 0.00876218 -0.01235646 0.01677262 0.0199182 -0.007908999 0.02066779 0.0200982 -0.00817126 0.02029985 0.02078121 -0.01100611 0.01640188 0.020244 -0.0101397 0.01924908 0.02010262 -0.0139873 0.02029985 0.02078121 -0.01100611 -0.01819509 0.01880389 -0.01668018 -0.01471835 0.01897007 -0.01440268 -0.01564365 0.01990842 -0.0124095 -0.02569603 0.008238494 -0.01563346 -0.02729141 0.00876218 -0.01235646 -0.02665126 0.00686419 -0.01219028 -0.02086216 0.01880967 -0.005617082 -0.01725447 0.01895499 -0.005896151 -0.01679158 0.01992726 -0.007941484 -0.01640158 0.020244 -0.01013988 -0.02029997 0.02078121 -0.01100629 -0.02066785 0.02009809 -0.0081712 -0.01924908 0.02010262 -0.0139873 -0.01640158 0.020244 -0.01013988 -0.02029997 0.02078121 -0.01100629 -0.01717555 0.01881927 0.00336951 -0.01660597 0.01971089 0.005349934 -0.02524209 0.008238673 0.01274925 -0.02610695 0.007880151 0.009187996 -0.02429336 0.005807518 0.01211982 -0.01568543 0.01827234 0.0138908 -0.0129925 0.0187025 0.01055717 -0.02260899 0.007673442 0.01526021 -0.02524209 0.008238673 0.01274925 -0.02429336 0.005807518 0.01211982 -0.01439833 0.01964229 0.009167373 -0.01578587 0.01998269 0.007419586 -0.02048099 0.0196768 0.006718397 -0.01578587 0.01998269 0.007419586 -0.01940107 0.02030479 0.009547472 -0.01750093 0.01959276 0.01187366 -0.01940107 0.02030479 0.009547472 0.02506738 0.01736277 0.008957266 0.02194309 0.01167136 0.01710307 0.02177548 0.01726859 0.01465892 0.02407258 0.01809793 0.01218998 0.02407258 0.01809793 0.01218998 0.02416837 0.01237899 0.01541703 0.0259236 0.01294648 0.01322942 0.02699798 0.01245677 0.01051753 0.02735406 0.01182389 0.007732689 0.02289307 0.01196628 0.003295898 0.02662557 0.01439297 0.006781578 0.02550816 0.01621085 0.005830407 0.0259236 0.01294648 0.01322942 0.02647978 0.01510608 0.009736657 0.02545052 0.0155223 0.01291751 0.0158596 0.01176518 0.01547706 0.02062058 0.01385223 0.01684427 0.01929789 0.01603305 0.0165854 0.02342379 0.01496171 0.0153445 0.02545052 0.0155223 0.01291751 0.007033646 0.01168549 0.02048891 -0.006623983 0.01385992 0.01710015 -0.007033646 0.01168549 0.02048891 0.002654016 0.01215958 0.02746909 0.005072534 0.01152271 0.02647608 0.002928197 0.01497495 0.02655518 0.00576657 0.01419407 0.0254243 0.003266096 0.01710563 0.0246455 0.006210148 0.01592808 0.02369976 -0.005653083 0.01818388 0.01955366 -0.005072534 0.01152271 0.02647608 -0.00576657 0.01419407 0.0254243 -0.006210148 0.01592808 0.02369976 0 0.0123772 0.02786082 -0.002654016 0.01215958 0.02746909 0 0.0123772 0.02786082 -0.002930521 0.01497626 0.02655375 -0.003266096 0.01710563 0.0246455 0 0.01784968 0.02516019 0 0.0152868 0.0270487 0 0.01784968 0.02516019 0 0.0152868 0.0270487 -0.01965939 0.0141099 0.001936197 -0.0158596 0.01176518 0.01547706 -0.02289307 0.01196628 0.003295898 -0.02134329 0.0184319 0.004101276 -0.02735406 0.01182389 0.007732689 -0.02662557 0.01439297 0.006781578 -0.02550816 0.01621085 0.005830407 -0.02506601 0.01736307 0.008952796 -0.02647989 0.0151028 0.009743869 -0.02699798 0.01245677 0.01051753 -0.02194309 0.01167136 0.01710307 -0.02062058 0.01385223 0.01684427 -0.01929789 0.01603305 0.0165854 -0.02416837 0.01237899 0.01541692 -0.0259236 0.01294648 0.01322942 -0.0259236 0.01294648 0.01322942 -0.02341043 0.01496821 0.01535195 -0.0217899 0.017268 0.01465559 -0.02545052 0.0155223 0.01291751 -0.02407258 0.01809793 0.0121901 -0.02407258 0.01809793 0.0121901 -0.02545052 0.0155223 0.01291751 -0.01946371 0.01240622 -0.01811569 -0.02199256 0.01237684 -0.004465699 -0.0251832 0.0124548 -0.01722729 -0.0242924 0.01480239 -0.01752012 -0.02253001 0.01683592 -0.0178129 -0.0239076 0.01805818 -0.01511788 -0.02582538 0.01581555 -0.0151124 -0.02674186 0.01328516 -0.01504558 -0.0269882 0.01244449 -0.007235646 -0.02609741 0.01493829 -0.006547093 -0.02477788 0.01679468 -0.005858302 -0.02738088 0.013929 -0.01238948 -0.02769804 0.01327812 -0.009746849 -0.02738088 0.013929 -0.01238948 -0.02494448 0.01882261 -0.01203441 -0.0266909 0.01637583 -0.01221191 -0.02673608 0.01586306 -0.009390771 -0.02509695 0.0180307 -0.008823156 -0.0266909 0.01637583 -0.01221191 -0.02494448 0.01882261 -0.01203441 0.01891332 0.01428192 -0.003903687 0.01946371 0.01240622 -0.01811569 0.02199268 0.01237684 -0.004465699 0.02086216 0.01880967 -0.005617082 0.0269882 0.01244449 -0.007235646 0.02609741 0.01493829 -0.006547093 0.02477788 0.01679468 -0.005858302 0.02508842 0.01803123 -0.008808851 0.02670472 0.01589739 -0.009311795 0.02769804 0.0132783 -0.009746968 0.0251832 0.0124548 -0.01722729 0.0242924 0.01480239 -0.01752012 0.02253001 0.01683592 -0.0178129 0.02674186 0.01328516 -0.01504558 0.02738088 0.013929 -0.01238948 0.02738088 0.013929 -0.01238948 0.02583032 0.01581269 -0.01510691 0.02390831 0.01805806 -0.0151171 0.02669101 0.01637583 -0.01221174 0.02494466 0.01882255 -0.01203411 0.02494466 0.01882255 -0.01203411 0.02669101 0.01637583 -0.01221174</float_array>
          <technique_common>
            <accessor source="#chr631_0-mesh-positions-array" count="1050" stride="3">
              <param name="X" type="float"/>
              <param name="Y" type="float"/>
              <param name="Z" type="float"/>
            </accessor>
          </technique_common>
        </source>
        <source id="chr631_0-mesh-normals">
          <float_array id="chr631_0-mesh-normals-array" count="3150">0.456116 0.4943571 0.7399792 0.4104823 0.531216 0.7411571 0.2179358 0.6579275 0.7208575 0.1724021 0.6818872 0.7108498 0.6564 -0.5237039 -0.5430224 0.6905045 -0.5618647 -0.4555346 0.9143571 -0.4021218 0.04742687 0.9735563 -0.2114662 -0.08642983 0.9756013 -0.08087539 -0.2041112 0.7578166 0.649932 0.05746722 0.8048271 0.4597138 0.3753886 0.3658614 0.7284573 0.5792196 0.3191411 0.4347789 0.8420905 0.7534897 0.2241333 0.6180758 0.7011535 -0.07724463 0.7088139 0.5665913 -0.3702604 0.7361261 0.8155311 -0.5625889 0.1356573 0.5367413 -0.7877007 -0.3023843 0.2761648 0.07818919 0.9579247 0.4027333 0.9153059 -0.004608392 0.3434883 0.9198042 0.1896739 0.8028784 0.4872756 0.3434368 0.3714251 0.8512257 0.3707537 0.1929101 0.9746831 0.1130421 0.2483638 0.9458457 0.2090248 0.2513245 0.751105 0.610473 0.1944356 0.4319639 0.8806827 0.1602247 0.1014146 0.9818571 0.2115573 -0.2492482 0.9450497 0.218577 -0.4053531 0.8876447 0.5486415 -0.5219983 0.6530777 0.7196392 -0.6822534 -0.1290345 0.4685266 -0.8114678 -0.3492891 0.4485383 -0.7445425 -0.494439 0.4665742 -0.4109076 -0.7832392 0.4906889 -0.6383411 -0.5930811 0.7010008 -0.6538483 -0.2847463 0.972352 0.04986888 -0.2281334 0.7218672 0.6832301 -0.1100212 0.9936685 -0.08023446 -0.07864749 0.7194053 -0.5857605 -0.3732838 0.6630011 -0.6532959 -0.3655601 0.4210175 -0.7088782 -0.565894 0.3546921 -0.7413986 -0.5696681 0.706591 -0.6301088 -0.3220129 0.9887864 -0.07803714 0.1273254 0.6972412 0.2540111 0.6703233 0.3911373 0.7359765 0.5525851 0.5108602 -0.8220029 -0.251661 0.5076309 -0.699507 -0.502992 0.5153213 -0.2296895 -0.8256433 0.5106068 -0.1085547 -0.8529341 0.5735787 -0.295121 -0.7641407 0.05746722 -0.01626658 0.9982149 0.2177867 0.6617226 0.7174206 0.08429384 0.7675869 0.635378 0.9836322 0.1734708 -0.04873907 0.8956747 0.4388036 0.07223868 0.8821945 0.4350849 0.1800951 0.6419385 0.7242485 0.251752 0.5379335 0.4471691 0.7146099 0.2138773 0.9243295 0.3160244 0.1107223 0.9367752 0.3319532 0.3713054 0.6089335 0.700951 0.113318 -0.1835123 0.9764642 -0.2237658 -0.6189574 0.752875 -0.2135456 -0.6909028 0.6906892 0.6352019 0.7575851 0.1502779 0.1941938 0.9621184 0.1913555 0.2060942 0.972577 0.1077928 0.2082026 0.9088646 0.3614095 0.1308045 0.8962526 0.4238179 0.5360668 0.5961283 0.5977153 0.3165138 -0.06662321 0.9462454 -0.1197255 -0.6750777 0.727967 -0.3919271 -0.7726233 0.4994462 -0.4459449 -0.6830477 0.5784282 -0.3901199 -0.6315836 0.6700066 -0.07169008 -0.8249702 0.5606111 -0.0857293 -0.6789065 0.7292026 0.1004695 -0.1098694 0.9888552 0.1391358 -0.2025237 0.9693428 0.7420799 0.192425 0.6420983 0.9866022 0.1237869 0.1062687 0.9804949 -0.194103 0.03088557 0.8366377 -0.3355035 0.4329836 0.9328136 -0.3544478 0.06500548 0.736668 -0.5060968 0.448538 0.2450371 -0.5418955 0.8039317 0.04135298 -0.6685763 0.742493 -0.2987269 -0.7264911 0.6188481 -0.4341052 -0.721871 0.5389388 -0.5497401 -0.7495486 0.3687315 -0.7097259 -0.5216966 0.4734151 -0.4918848 -0.4740308 0.7303041 -0.454802 -0.700881 0.5494736 -0.256146 -0.5923739 0.7638602 0.2340523 -0.3655904 0.900868 0.8047839 -0.03668373 0.5924333 -0.5572143 -0.3369898 0.7589138 -0.5881969 -0.3356199 0.7357879 -0.6296169 -0.1982851 0.7511761 0.05368268 0.9382117 -0.3418726 0.4978026 0.7393028 -0.4534578 -0.1039491 0.6664529 -0.7382651 -0.07553356 0.9414994 -0.3284413 -0.3820139 -0.7080243 -0.5939421 -0.3324175 -0.8353776 -0.4377706 -0.506802 -0.6188076 -0.6001908 -0.4438097 0.02621591 -0.8957375 -0.4497042 0.04480254 -0.8920532 -0.2779108 0.6827828 -0.6757022 -0.3405407 0.6836145 -0.6455257 -0.0577116 0.8255721 -0.5613378 0.09360378 0.8734422 -0.4778463 0.1430724 0.9676313 -0.2078945 0.08804833 0.9634659 -0.2529445 0.5389808 0.7572283 -0.3689241 0.8233931 0.4475254 -0.3489196 0.7758678 0.4329197 -0.4589223 0.9460312 0.1641927 -0.2794024 0.8935018 0.1038863 -0.436878 0.9079803 -0.2020379 -0.3670864 0.6370608 -0.3421523 -0.6907138 0.8522508 -0.3596087 -0.3799345 0.540516 -0.5035884 -0.6739742 -0.03610408 -0.5430262 -0.8389393 -0.2339906 -0.6536294 -0.719734 -0.4690214 -0.7488535 -0.4682279 -0.6049451 -0.7152708 -0.3498989 -0.6257007 -0.7637687 -0.1586073 -0.8459428 -0.4982023 -0.1901983 -0.7140607 -0.4716151 -0.5173941 -0.6241813 -0.7024634 -0.3419691 -0.5362622 -0.5851243 -0.6083193 -0.3214251 -0.1271112 -0.9383649 -0.2667985 0.796245 -0.5429664 0.548367 -0.05908495 -0.8341478 0.4877222 0.1889728 -0.8523007 0.2514204 0.4523309 -0.8556779 -0.2034124 -0.2310324 -0.9514449 -0.08407896 -0.3873432 -0.9180937 -0.5557184 -0.7526872 -0.3530424 -0.4199181 -0.7076257 -0.5682736 -0.3584222 -0.09967696 -0.9282231 -0.6283874 -0.7656926 -0.1372747 -0.3002191 -0.8142874 -0.4967944 -0.6019281 -0.7981964 0.02377432 -0.8253609 -0.2588638 -0.501766 -0.8472172 -0.282243 -0.4500688 -0.8984197 -0.04623633 -0.4366971 -0.05352997 0.9382097 -0.3419024 0.07477188 0.9415156 -0.3285691 0.1040098 0.6664806 -0.7382315 -0.4976796 0.7394236 -0.4533959 -0.251325 0.4522934 -0.8557257 -0.7755556 0.43316 -0.4592234 -0.548367 -0.05908495 -0.8341478 -0.6370608 -0.3421523 -0.6907138 -0.8935204 0.1040716 -0.4367956 -0.4876643 0.1888215 -0.8523673 0.2034124 -0.2310324 -0.9514449 0.3214251 -0.1271112 -0.9383649 0.5362622 -0.5851243 -0.6083193 0.08407896 -0.3873432 -0.9180937 0.7140607 -0.4716151 -0.5173941 0.03610408 -0.5430262 -0.8389393 0.4690214 -0.7488535 -0.4682279 0.3324175 -0.8353776 -0.4377706 0.3820139 -0.7080243 -0.5939421 0.506802 -0.6188076 -0.6001908 0.4438097 0.02621591 -0.8957375 0.4497042 0.04480254 -0.8920532 0.2778204 0.6828468 -0.6756747 0.3405407 0.6836145 -0.6455257 0.0577116 0.8255721 -0.5613378 -0.0937854 0.8730927 -0.4784492 -0.1425832 0.967625 -0.2082594 -0.08804768 0.9634585 -0.2529731 -0.5390028 0.7571858 -0.3689793 -0.8233718 0.4473473 -0.3491982 -0.9459366 0.1643754 -0.2796151 -0.9079803 -0.2020379 -0.3670864 -0.8522508 -0.3596087 -0.3799345 -0.5404945 -0.5035967 -0.6739853 0.2339906 -0.6536294 -0.719734 0.6049451 -0.7152708 -0.3498989 0.6257007 -0.7637687 -0.1586073 0.8459428 -0.4982023 -0.1901983 0.6241813 -0.7024634 -0.3419691 0.2666774 0.7964921 -0.5426633 0.3584222 -0.09967696 -0.9282231 0.4199181 -0.7076257 -0.5682736 0.5557184 -0.7526872 -0.3530424 0.6283689 -0.7657073 -0.1372773 0.3002191 -0.8142874 -0.4967944 0.6018944 -0.7982227 0.02374368 0.8472172 -0.282243 -0.4500688 0.8984197 -0.04623633 -0.4366971 0.8253609 -0.2588638 -0.501766 -0.6453605 0.09741747 0.7576409 -0.3468815 0.4276049 0.8347619 -0.3418167 0.5097953 0.7894746 -0.6326906 0.1641315 0.7568115 -0.3569856 0.5886889 0.7252633 -0.6191433 0.2526075 0.7435396 -0.4033414 0.6547583 0.6392241 -0.6626325 0.2527904 0.7049931 -0.7309027 0.07416146 0.6784403 -0.7320952 -0.02691793 0.6806703 -0.7648208 -0.1330654 0.6303515 -0.7444527 -0.2277641 0.6276255 -0.7870107 -0.2401592 0.5682762 -0.8076254 -0.2774486 0.5203496 -0.8608881 -0.3176142 0.3974832 -0.6919595 0.02224838 0.7215934 -0.3754138 0.331497 0.8655486 -0.7503747 -0.06741678 0.657566 -0.795853 -0.1571136 0.5847507 -0.8023723 -0.08447629 0.5908153 -0.8108931 -0.1142026 0.5739427 -0.8242477 -0.1826608 0.5359578 -0.8340527 -0.2564508 0.488456 -0.6956616 -0.001464903 0.7183682 -0.2247148 -0.09802848 0.9694812 -0.5449165 0.3783133 0.748295 0.05249327 0.5132747 0.8566176 0.1618733 0.9444136 0.2861471 0.4158262 0.7506539 0.513427 0.3467576 0.6419991 0.6838102 0.04419112 0.9216053 0.3856045 -0.3041837 0.7071881 0.6382455 0.07098758 0.4187537 0.9053211 -0.04702937 0.1457881 0.9881975 0.5673514 -0.2207146 0.7933459 0.6627025 -0.09607565 0.7426944 0.6926062 0.03363227 0.7205314 0.5136969 -0.1531751 0.8441878 -0.2368909 0.2095761 0.9486626 0.3580822 -0.1651701 0.9189646 0.4658184 -0.444943 0.7648785 0.5848754 -0.4155228 0.6966072 0.6910188 -0.378745 0.6156666 0.6521972 -0.4346862 0.621037 0.7037847 -0.4518139 0.5482257 0.4222946 -0.4362114 0.7945987 -0.3468562 -0.4362484 0.830288 -0.7078381 -0.3121227 0.6336758 -0.7699001 0.04809772 0.6363494 -0.6456632 0.3852737 0.6593052 -0.3779746 0.7133757 0.5901105 -0.01867789 0.9491235 0.31435 -0.003814876 0.9765177 0.2154034 -0.03500574 0.8616545 0.5062865 -0.2179358 0.6579275 0.7208575 0.2957612 -0.5913089 0.7502527 0.6333247 -0.5206801 0.5725314 0.4309039 -0.8070254 0.4037721 0.3074845 -0.7324997 0.6073695 -0.2837071 -0.5609441 0.7777225 -0.6535031 -0.4430136 0.6137368 0.316208 -0.929641 0.1891571 0.3000619 0.9379071 -0.1740493 0.2780308 0.9529041 -0.1211311 0.3556724 0.9342275 0.02676546 0.5236132 0.8477241 -0.08481204 0.6737099 0.7287665 0.1225343 0.4978595 0.8654021 0.05670464 0.6008591 0.7560179 0.2596256 0.7472621 0.598359 0.2890776 0.4929762 0.8217898 0.2857205 0.4199075 0.8886755 0.1842111 0.2639027 0.9339293 0.2411046 0.2606057 0.9505898 0.1687116 0.7022188 0.7080175 -0.07483333 0.8162338 0.550687 0.1746609 0.8463033 0.529756 -0.05594205 0.8945357 0.3956453 0.2080159 0.9279177 0.3706483 -0.03985726 0.9446983 0.2329548 0.2308184 0.9788885 0.2029496 -0.02426236 0.9076755 0.1023313 0.4070058 0.9093236 0.2516319 0.3313789 0.859004 0.4139065 0.3013198 0.1474081 0.9633104 0.2242861 0.1315357 0.9800787 0.1488093 0.05975538 0.9896262 0.1306501 0.0863679 0.9960996 -0.01806706 0.0280469 0.9995269 -0.01263481 0.06372475 0.9836138 -0.1686509 0.1307122 0.9772438 -0.1670601 0.1262555 0.9528527 -0.2759189 0.278729 0.9069909 -0.3157179 0.1452415 0.8884789 -0.4353278 0.4493309 0.8235546 -0.3462073 0.3726373 0.8140036 -0.4455778 0.6050686 0.675659 -0.4211614 0.4951797 0.635997 -0.5918657 0.5683315 0.4621241 -0.6807648 0.2388745 0.6042516 -0.7601442 0.2817861 0.4290424 -0.858207 0.1253117 0.4369125 -0.8907327 0.3054339 0.2523614 -0.9181634 0.152413 0.2526991 -0.9554651 0.315657 0.07986795 -0.9455061 0.164439 0.07788574 -0.9833075 0.3086971 -0.05514734 -0.9495604 0.1658717 -0.06317472 -0.9841217 0.2689068 -0.1950803 -0.9432036 0.1617522 -0.2206545 -0.9618461 0.1414552 0.267651 -0.9530758 0.001861631 0.1193604 -0.9928493 -0.04278814 0.3719397 -0.9272703 -0.2979873 0.1204279 -0.9469429 -0.3144047 -0.1772532 -0.9325937 -0.1536342 -0.2017632 -0.9673097 -0.2066733 -0.654537 -0.7272328 0.1385568 -0.2223317 -0.9650755 0.06201463 -0.6095868 -0.7902899 0.3284838 -0.2044211 -0.9221228 0.330556 -0.5790758 -0.7452543 0.5598465 -0.1596771 -0.8130653 0.3408674 -0.8555102 -0.3897588 0.1590968 -0.9305624 -0.3297605 0.2993336 -0.9445735 -0.1348344 -0.07800567 -0.9969527 -8.24003e-4 0.2500163 -0.9658831 0.06753975 -0.1218323 -0.9067537 0.4036765 0.3955869 -0.814063 0.4252207 0.4438776 -0.8960871 8.2403e-4 0.9150992 -0.4023091 -0.02722346 0.5663729 -0.7252246 -0.3914986 0.887041 -0.3296686 -0.323229 0.9746881 -0.2168076 0.05456811 0.9798005 -0.1985847 -0.02356034 0.9590865 -0.1332454 0.2497971 0.9715333 -0.03527963 0.2342618 0.9435203 -0.030824 0.329878 0.9664766 0.08157736 0.2434503 0.9991566 0.0393998 -0.01156663 0.9427826 0.1740841 -0.2843516 0.8948142 0.3388819 -0.2906315 0.815557 0.5016699 -0.2884342 0.6732854 0.686836 -0.2737578 0.5099151 0.8253618 -0.2424141 0.1930302 0.9801667 -0.04486232 0.09842485 0.9390802 0.3293037 0.08002185 0.9640775 0.2532805 0.05160814 0.9307169 0.3620811 0.9359579 -0.1302552 0.3271336 0.7275818 0.4958482 -0.4740879 0.5815446 -0.07986891 -0.8095844 0.3552181 0.2942399 -0.8872671 0.2314575 0.3599739 -0.9037954 0.5526387 0.4192705 -0.7202797 0.611869 -0.003204405 -0.7909526 0.8595768 -0.04724389 -0.5088182 0.6255465 0.1369689 -0.7680699 0.8576493 0.02993929 -0.5133628 0.9621936 -0.07474029 -0.2619115 0.956638 -0.1479592 -0.2509019 0.842202 -0.08414083 -0.5325564 0.5533726 -0.09634882 -0.8273427 0.6304977 0.112555 -0.767987 0.9680723 -0.2434219 -0.0598483 0.8038117 0.3308269 -0.4944092 0.6080374 0.2925282 -0.73805 0.8453072 0.1756962 -0.5045658 0.9615918 0.00991863 -0.2743045 0.9980155 -0.06109982 -0.01522916 0.8610369 -0.3758128 0.342608 0.6500179 -0.7212179 0.2394192 0.08929985 0.6136238 -0.7845327 0.1798809 0.7691786 -0.6131943 0.05386656 0.7794939 -0.6240895 0.0248124 0.8947737 -0.4458303 0.03274708 0.9518939 -0.3046732 0.0436421 -0.9840541 0.1724322 0.1091677 -0.9436887 -0.3123044 0.176187 -0.9767958 0.1217713 0.2876421 -0.9189898 -0.2696664 0.006500601 -0.9959066 -0.09015405 -0.3337243 -0.9384259 0.08935934 -0.4374649 -0.8911966 -0.1199717 -0.1135625 -0.9290699 -0.3520407 -0.4407877 -0.8625316 -0.2484867 0.2672212 -0.9552029 0.1272017 0.05142432 -0.9425148 0.3301838 0.06982696 -0.9518505 0.2985043 0.06744605 -0.991946 0.1072118 0.02234029 -0.9768708 -0.2126604 0.09714233 -0.9341291 -0.3434621 -0.05038636 -0.9968027 0.06201404 -0.4911055 -0.8710317 0.01092565 -0.5835813 -0.798434 -0.1481079 -0.5916759 -0.7914547 -0.153359 -0.3767319 -0.6627601 -0.6471647 0.2648151 -0.9622095 0.06344938 0.7525009 -0.1044046 0.6502631 0.6545051 -0.07571697 0.7522566 0.6285043 0.1031535 0.7709356 0.6184374 -0.08746749 0.7809512 0.597526 -0.1395621 0.7896108 0.6765462 -0.1078543 0.7284592 0.7327696 0.03061085 0.679788 0.7988132 0.007202506 0.6015362 -0.9387755 -0.0300005 -0.3432207 -0.859578 -0.04721343 -0.5088189 -0.9615706 -0.043612 -0.2710722 -0.9630208 -0.0466327 -0.265361 -0.9836345 -0.03518861 -0.1767063 -0.9848737 -0.02606308 -0.1713023 -0.5816339 -0.07986861 -0.8095203 -0.8421909 -0.08417332 -0.5325686 -0.9643617 -0.1056864 -0.242563 -0.9618587 -0.1064832 -0.2519706 -0.9789751 -0.110969 -0.1711535 -0.9789629 -0.1173156 -0.1669397 -0.9466956 -0.1907735 -0.259563 -0.9681193 -0.2432353 -0.05984747 -0.9758455 -0.1410589 -0.1668169 -0.9214275 -0.3857898 0.04623615 -0.9539692 -0.2432686 0.1753938 -0.8610369 -0.3758128 0.342608 0.04278814 0.3719397 -0.9272703 -0.2314575 0.3599739 -0.9037954 -0.1414541 0.2676793 -0.953068 -0.3552181 0.2942399 -0.8872671 -0.2689934 -0.1950461 -0.9431859 -0.5533373 -0.09634798 -0.8273662 -0.6304977 0.112555 -0.767987 -0.5526387 0.4192705 -0.7202797 -0.5598465 -0.1596771 -0.8130653 -0.7525423 -0.009033679 -0.6584821 -0.6125808 -0.0536527 -0.7885849 -0.3090084 -0.1103579 -0.9446349 -0.1659011 -0.06320476 -0.9841149 -0.161783 -0.2206243 -0.9618478 -0.001861631 0.1193604 -0.9928493 0.2979873 0.1204279 -0.9469429 0.3144339 -0.177222 -0.9325898 0.03445649 -0.8118188 0.582892 -0.02716165 -0.8715856 0.4894906 0.02252316 -0.9018119 0.4315415 -0.4057798 -0.8176025 0.408496 -0.251356 -0.9650775 0.07379537 0.07800567 -0.9969527 -8.24003e-4 -0.2993602 -0.944561 -0.1348631 -0.1590968 -0.9305624 -0.3297605 -0.3408714 -0.8555204 -0.389733 -0.3305502 -0.5790961 -0.7452411 -0.3284745 -0.2044153 -0.9221274 -0.1385568 -0.2223317 -0.9650755 0.1536342 -0.2017632 -0.9673097 0.2067108 -0.654498 -0.7272573 0.3767316 -0.6628205 -0.647103 0.4408485 -0.8625005 -0.2484865 0.5916391 -0.7914767 -0.1533879 0.4374632 -0.8911933 -0.1200017 0.5835813 -0.798434 -0.1481079 0.3638439 -0.9301792 0.04882985 0.3337243 -0.9384259 0.08935934 0.1546098 -0.9877513 -0.02105814 -0.02630698 -0.9990258 0.03543204 -0.06180107 -0.9044932 -0.4219869 0 -0.9795221 -0.2013369 -0.3717835 -0.9063863 -0.2006019 0.1135914 -0.9290568 -0.3520662 0.3043359 -0.8425391 0.4444183 0.2566946 -0.898477 0.3561558 -0.06198424 -0.609588 -0.7902914 -0.6438992 -0.7230666 0.2501373 -0.7161445 -0.5654077 0.4092079 -0.6777703 -0.5791322 0.4530269 -0.4492065 -0.8102747 -0.3763886 -0.4192425 -0.8966851 -0.1420974 -0.5663729 -0.7252246 -0.3914986 -0.176187 -0.9767958 0.1217713 -0.2672212 -0.9552029 0.1272017 -0.05142432 -0.9425148 0.3301838 -0.06982696 -0.9518505 0.2985043 -0.0436421 -0.9840541 0.1724322 -0.06744605 -0.991946 0.1072118 -0.02234029 -0.9768708 -0.2126604 -0.08121114 -0.9637299 -0.2542235 -0.1613864 -0.7949075 -0.5848731 -0.2648151 -0.9622095 0.06344938 -0.887041 -0.3296686 -0.323229 -0.7662163 -0.4620004 -0.4466187 -0.6226469 -0.4837248 -0.6150782 -0.9746881 -0.2168076 0.05456811 -0.9349097 -0.2830091 -0.2141261 -0.9163945 -0.3885681 -0.09610438 -0.9359673 -0.1302565 0.3271064 -0.9530679 -0.1448111 0.2658787 -0.9893779 -0.05942124 0.1326678 -0.1017508 -0.8479437 -0.5202292 -0.1316601 -0.8079367 -0.5743727 -0.1353823 -0.9080628 -0.3963505 -0.1567143 -0.8984143 -0.4102345 -0.9846947 -0.1191461 0.1272031 -0.9839918 -0.122442 0.1294918 -0.9672303 -0.1199119 0.2238009 -0.9646199 -0.1217715 0.233838 -0.9435297 -0.0308243 0.3298509 -0.9882164 0.0035097 0.153024 -0.9898665 0.01577848 0.1411217 -0.9688854 0.03616493 0.2448536 -0.9689055 0.04758 0.2428138 -0.938668 0.06357073 0.3389117 -0.1315357 0.9800787 0.1488093 -0.0863679 0.9961001 -0.01803654 -0.1930302 0.9801667 -0.04486232 -0.1307122 0.9772438 -0.1670601 -0.2780308 0.9529041 -0.1211311 -0.3000619 0.9379071 -0.1740493 -0.3556724 0.9342275 0.02676546 -0.5236132 0.8477241 -0.08481204 -0.4978595 0.8654021 0.05670464 -0.6737099 0.7287665 0.1225343 -0.6008591 0.7560179 0.2596256 -0.7472692 0.5983341 0.2891109 -0.4929762 0.8217898 0.2857205 -0.4199075 0.8886755 0.1842111 -0.2639027 0.9339293 0.2411046 -0.2606057 0.9505898 0.1687116 -0.1474081 0.9633104 0.2242861 -0.05972492 0.989628 0.1306503 -0.0280469 0.9995264 -0.01266533 -0.06372475 0.9836138 -0.1686509 -0.1262566 0.9528607 -0.2758907 -0.2787572 0.9069831 -0.3157152 -0.1452395 0.888467 -0.4353525 -0.4493309 0.8235546 -0.3462073 -0.3726373 0.8140036 -0.4455778 -0.6050812 0.6756424 -0.4211701 -0.4951797 0.635997 -0.5918657 -0.5683315 0.4621241 -0.6807648 -0.2388745 0.6042516 -0.7601442 -0.2817861 0.4290424 -0.858207 -0.1253117 0.4369125 -0.8907327 -0.3054639 0.2523304 -0.9181618 -0.1524428 0.252698 -0.9554606 -0.315657 0.07986795 -0.9455061 -0.1644687 0.07788532 -0.9833025 -0.30736 0.001525938 -0.9515922 -0.5099151 0.8253618 -0.2424141 -0.6095567 0.04733502 -0.7913281 -0.6080374 0.2925282 -0.73805 -0.6255305 0.1369416 -0.7680877 -0.08002185 0.9640775 0.2532805 -0.09842485 0.9390802 0.3293037 -0.05160814 0.9307169 0.3620811 -0.08929985 0.6136238 -0.7845327 -0.1798809 0.7691786 -0.6131943 -0.05386656 0.7794939 -0.6240895 -0.02481204 0.8947614 -0.4458547 -0.03274708 0.9518939 -0.3046732 -0.758433 0.08072328 -0.6467327 -0.7579762 0.1777441 -0.6275979 -0.8038117 0.3308269 -0.4944092 -0.7276072 0.4958142 -0.4740845 -0.6732854 0.686836 -0.2737578 -0.815557 0.5016699 -0.2884342 -0.7022188 0.7080175 -0.07483333 -0.8463033 0.529756 -0.05594205 -0.8162475 0.5506657 0.1746638 -0.8945296 0.3956561 0.2080216 -0.9279282 0.3706219 -0.03985768 -0.9446916 0.2329836 0.2308167 -0.9664389 0.2178737 0.1361138 -0.9830769 0.1103261 0.1462469 -0.9620211 0.1271423 0.2415581 -0.9282127 0.1446918 0.3427618 -0.9093258 0.251663 0.3313492 -0.859004 0.4139065 0.3013198 -0.9094374 0.1702048 -0.3794129 -0.926957 0.07931911 -0.3666871 -0.9569624 0.06677615 -0.2824254 -0.9427826 0.1740841 -0.2843516 -0.9817928 0.06845384 -0.1771926 -0.9657713 0.1826863 -0.1841512 -0.8948003 0.3388881 -0.2906674 0 0.8683596 0.4959352 -0.1294309 0.8563925 0.4998396 0 0.8082727 0.5888085 0.1294309 0.8563925 0.4998396 0.154334 0.7945595 0.5872447 0.3265289 0.7837426 0.5283243 0.2548953 0.8477285 0.4651718 0.5019448 0.7322101 0.4603475 0.6142269 0.6059257 0.5055485 0.7110457 0.5601568 0.4250159 0.7647166 0.4314177 0.4786307 -0.2394514 0.05459833 0.9693721 0 0.1584868 0.9873611 -0.2470549 0.1665141 0.9545873 0 0.2930155 0.9561077 -0.2393587 0.2842823 0.9283809 -0.2260554 0.4371869 0.870498 -0.4366107 0.4356646 0.7871261 -0.3971466 0.62482 0.6722163 -0.672626 0.4356397 0.5981577 -0.6142269 0.6059257 0.5055485 -0.7647166 0.4314177 0.4786307 -0.7110365 0.5601495 0.425041 -0.5019448 0.7322101 0.4603475 -0.326521 0.7837544 0.5283116 -0.2548953 0.8477285 0.4651718 -0.154334 0.7945595 0.5872447 0 0.6398062 0.7685364 0.1970906 0.6273452 0.7533879 0.3971466 0.62482 0.6722163 0.672626 0.4356397 0.5981577 0.70415 0.2694582 0.6569361 0.8022606 0.2639308 0.535461 0.714462 0.1354151 0.6864451 0.8138524 0.1474987 0.5620395 0.673406 0.07596224 0.7353599 0.4575368 0.1412407 0.8779017 0.457512 0.04416114 0.8881062 0.2470549 0.1665141 0.9545873 0.2394514 0.05459833 0.9693721 0 0.03543239 0.9993721 -0.2319765 0.005096673 0.9727081 -0.4319448 0.008911728 0.9018561 -0.4575126 0.04413068 0.8881074 -0.673406 0.07596224 0.7353599 -0.457549 0.1412444 0.8778946 -0.7144591 0.1354451 0.6864423 -0.455717 0.2792838 0.8451761 -0.7041442 0.2694866 0.6569307 -0.8022606 0.2639308 0.535461 -0.8138524 0.1474987 0.5620395 -0.1970906 0.6273452 0.7533879 0 0.01568692 0.999877 0.2319476 0.005096733 0.9727149 0.4319329 0.00891149 0.9018617 0.2393608 0.2842543 0.928389 0.455717 0.2792838 0.8451761 0.4365802 0.4356951 0.7871261 0.2260843 0.4371839 0.8704919 0 0.4492389 0.8934117 0.719029 -0.6908599 0.07556515 0.9042761 -0.350632 0.2436021 0.9222126 -0.3482788 0.1680051 0.89587 -0.4360629 0.08524101 0.9741518 -0.1999027 0.1052007 0.6203998 -0.782977 0.04529088 0.4224712 -0.9035995 0.07089507 0.5050594 -0.8581951 0.09174019 0.6951066 -0.7139981 0.08386689 0.6381024 -0.7474539 0.1847652 0.7149531 -0.6746672 0.183484 0.4767757 -0.8181364 0.3214619 0.4949687 -0.829129 0.2599059 0.7218748 -0.6825658 0.1140204 0.7017232 -0.7111231 0.04345899 0.8592605 -0.5067669 -0.06970524 0.8333639 -0.5499299 -0.05551481 0.6636286 -0.7480432 0.005340754 0.5926184 -0.805458 -0.006408989 -0.8885372 0.2158321 -0.4048683 -0.4028779 -0.1936414 -0.8945348 -0.9535446 -0.1075805 -0.2813878 -0.6947946 0.7181416 -0.03915578 -0.8986166 0.3778316 0.2230061 -0.6874358 0.7247602 0.04641902 -0.2694211 0.9559137 -0.1167959 -0.2997848 0.9313989 -0.2064587 -0.1792063 0.9807214 -0.07791447 -0.1762511 0.9516949 -0.251421 -0.3951898 0.8873993 -0.2373763 -0.6420949 0.5542605 -0.5296314 -0.5744694 0.7836809 -0.2362823 -0.8593225 0.3578653 -0.365373 -0.4713408 -0.1129826 -0.8746845 -0.6011139 -0.0954042 -0.7934483 -0.2307838 -0.6959831 -0.6799607 -0.1020883 -0.6973744 -0.7093991 0.264265 -0.7771996 -0.5710735 0.2544741 -0.720481 -0.645097 -0.03265535 -0.5848361 -0.8104939 0.1827825 -0.6903864 -0.6999695 -0.02496451 -0.811713 -0.5835227 -0.09641003 -0.645694 -0.7574857 -0.290633 0.04187214 -0.9559181 -0.3131242 -0.06839287 -0.9472464 -0.4130773 0.6626328 -0.624728 -0.7205683 0.4672554 -0.5123024 -0.9107795 0.3974799 0.1117607 -0.9694359 0.01733475 0.2447318 -0.8985702 -0.4213755 -0.1225337 -0.9090514 -0.3068727 0.2818773 -0.8716191 -0.4301331 0.2350869 -0.8311639 -0.5285646 -0.1725869 -0.5179685 -0.56863 -0.6390374 -0.2541064 -0.6303218 -0.7335697 0.02118021 -0.7930687 -0.608764 0.1981317 -0.7340822 -0.6495131 0.2590748 -0.7954748 -0.547814 0.4517838 -0.5100765 -0.7319245 0.1285754 -0.5394797 -0.8321238 0.2483353 -0.6729501 -0.6967551 0.04046797 -0.554619 -0.8311198 -0.4849848 -0.4218705 -0.7660385 -0.9376056 0.05432385 0.3434306 -0.2451043 0.7645508 -0.5961427 0.3119369 -0.2678061 -0.9115785 0.3623901 -0.3721868 -0.8544885 0.3881156 -0.1189342 -0.9139043 0.04754924 0.1460964 0.988127 0.545744 0.3784379 0.7476285 -0.07068258 0.4186022 0.905415 -0.5673514 -0.2207146 0.7933459 0.2247411 -0.09784358 0.9694938 0.6955683 -0.001800596 0.7184578 0.7701876 0.04779338 0.6360244 0.7078381 -0.3121227 0.6336758 0.3468562 -0.4362484 0.830288 0.6535031 -0.4430136 0.6137368 0.2837071 -0.5609441 0.7777225 -0.2957612 -0.5913089 0.7502527 -0.2943268 -0.6546665 0.6962641 -0.4950834 -0.6782905 0.5429682 -0.6333247 -0.5206801 0.5725314 -0.4222946 -0.4362114 0.7945987 -0.7037847 -0.4518139 0.5482257 0.6453262 0.3859444 0.6592429 0.3034783 0.7073326 0.6384213 -0.3468813 0.6421241 0.6836302 -0.6627025 -0.09607565 0.7426944 -0.6521972 -0.4346862 0.621037 -0.692607 0.03360182 0.7205322 -0.6910188 -0.378745 0.6156666 -0.5136969 -0.1531751 0.8441878 -0.5848754 -0.4155228 0.6966072 -0.4658184 -0.444943 0.7648785 -0.3580822 -0.1651701 0.9189646 0.04190319 -0.03238111 0.9985968 -0.2732688 0.4628844 0.843245 -0.4152206 0.7515478 0.512609 -0.160407 0.9447107 0.285992 -0.04449731 0.9216254 0.3855213 0.003204464 0.9765469 0.215281 0.01867747 0.9491052 0.314405 0.3777005 0.7128884 0.5908743 -0.06702035 0.9419174 0.3290897 0.09641003 -0.645694 -0.7574857 0.3131242 -0.06839287 -0.9472464 -0.04046797 -0.554619 -0.8311198 0.4028779 -0.1936414 -0.8945348 0.4849848 -0.4218705 -0.7660385 0.9535334 -0.1076097 -0.281415 0.8885 0.2156473 -0.4050483 -0.4517838 -0.5100765 -0.7319245 -0.2483353 -0.6729501 -0.6967551 -0.1285754 -0.5394797 -0.8321238 -0.02118021 -0.7930687 -0.608764 0.5179685 -0.56863 -0.6390374 0.2541064 -0.6303218 -0.7335697 0.8311639 -0.5285646 -0.1725869 0.8985702 -0.4213755 -0.1225337 0.8716191 -0.4301331 0.2350869 0.9090514 -0.3068727 0.2818773 0.9694165 0.0175181 0.2447956 0.9376522 0.05444687 0.343284 0.9108092 0.3975405 0.1113028 0.8987168 0.3775783 0.2230312 0.6948179 0.7181341 -0.0388807 0.6872726 0.7249033 0.0466035 0.2694211 0.9559137 -0.1167959 0.2998861 0.9313986 -0.2063128 0.1793936 0.9807137 -0.07758057 0.1757581 0.9515779 -0.2522078 0.3947378 0.8876566 -0.2371662 0.6420289 0.5541952 -0.5297799 0.5744694 0.7836809 -0.2362823 0.8593225 0.3578653 -0.365373 0.4713408 -0.1129826 -0.8746845 0.6011139 -0.0954042 -0.7934483 0.2307838 -0.6959831 -0.6799607 0.102086 -0.6973593 -0.7094143 -0.2643267 -0.7771102 -0.5711666 -0.2544983 -0.7204323 -0.6451418 0.03265589 -0.5848161 -0.8105084 -0.1827492 -0.6904062 -0.6999587 0.02496451 -0.811713 -0.5835227 0.72047 0.467312 -0.5123891 0.4132036 0.662548 -0.6247343 0.290633 0.04187214 -0.9559181 0.2453449 0.7640516 -0.5966835 -0.2590748 -0.7954748 -0.547814 -0.1981317 -0.7340822 -0.6495131 -0.3119369 -0.2678061 -0.9115785 -0.3623901 -0.3721868 -0.8544885 -0.3881156 -0.1189342 -0.9139043 -0.5735787 -0.295121 -0.7641407 -0.5106068 -0.1085547 -0.8529341 -0.5153213 -0.2296895 -0.8256433 -0.7196392 -0.6822534 -0.1290345 -0.4685266 -0.8114678 -0.3492891 -0.5367413 -0.7877007 -0.3023843 -0.4485383 -0.7445425 -0.494439 -0.4665742 -0.4109076 -0.7832392 -0.6564 -0.5237039 -0.5430224 -0.4906889 -0.6383411 -0.5930811 -0.5486415 -0.5219983 0.6530777 -0.8155311 -0.5625889 0.1356573 -0.7578166 0.649932 0.05746722 -0.7218672 0.6832301 -0.1100212 -0.972352 0.04986888 -0.2281334 -0.8028784 0.4872756 0.3434368 -0.9936685 -0.08023446 -0.07864749 -0.9887864 -0.07803714 0.1273254 -0.706591 -0.6301088 -0.3220129 -0.6630011 -0.6532959 -0.3655601 -0.3546921 -0.7413986 -0.5696681 -0.4210175 -0.7088782 -0.565894 -0.7194053 -0.5857605 -0.3732838 -0.5076309 -0.699507 -0.502992 -0.5108602 -0.8220029 -0.251661 -0.7010008 -0.6538483 -0.2847463 -0.6905045 -0.5618647 -0.4555346 -0.9143571 -0.4021218 0.04742687 -0.5665913 -0.3702604 0.7361261 -0.218577 -0.4053531 0.8876447 -0.2115573 -0.2492482 0.9450497 -0.2761353 0.07825052 0.9579281 -0.1602836 0.1014438 0.9818444 -0.3192626 0.4348698 0.8419976 -0.1945314 0.4318817 0.8807018 -0.251296 0.7511107 0.6104778 -0.3658382 0.7285328 0.5791394 -0.2483638 0.9458457 0.2090248 -0.3434883 0.9198042 0.1896739 -0.1929101 0.9746831 0.1130421 -0.4027333 0.9153059 -0.004608392 -0.3714251 0.8512257 0.3707537 -0.6972412 0.2540111 0.6703233 -0.8048563 0.459713 0.3753269 -0.7535325 0.2240454 0.6180554 -0.7011535 -0.07724463 0.7088139 -0.9735563 -0.2114662 -0.08642983 -0.9756013 -0.08087539 -0.2041112 -0.3911373 0.7359765 0.5525851 -0.2178747 0.6617727 0.7173476 -0.05746722 -0.01626658 0.9982149 -0.08408081 0.7681112 0.6347721 0.2135456 -0.6909028 0.6906892 -0.113318 -0.1835123 0.9764642 0.2237658 -0.6189574 0.752875 -0.3713864 0.6089773 0.7008701 -0.1098068 0.9377228 0.3295733 -0.2138771 0.9242984 0.3161157 -0.6438336 0.7225427 0.2518141 -0.5387549 0.4472584 0.7139349 -0.8843432 0.4324514 0.1758493 -0.8950721 0.4405166 0.06921792 -0.9837996 0.1718201 -0.05114924 -0.6348628 0.7580083 0.1495751 -0.194283 0.962107 0.1913227 -0.2073749 0.9727851 0.103367 -0.2072533 0.9092171 0.3610683 -0.1308045 0.8962526 0.4238179 -0.5360668 0.5961283 0.5977153 -0.3165138 -0.06662321 0.9462454 0.1196979 -0.6750636 0.7279846 0.3918371 -0.7726874 0.4994176 0.4458866 -0.6830825 0.5784319 0.3901199 -0.6315836 0.6700066 0.07169008 -0.8249702 0.5606111 0.0857293 -0.6789065 0.7292026 -0.1004695 -0.1098694 0.9888552 -0.1391358 -0.2025237 0.9693428 -0.7425301 0.1941626 0.641054 -0.986703 0.1223193 0.1070294 -0.9804958 -0.1941031 0.03085505 -0.8366377 -0.3355035 0.4329836 -0.9328136 -0.3544478 0.06500548 -0.736668 -0.5060968 0.448538 -0.2450371 -0.5418955 0.8039317 -0.04135298 -0.6685763 0.742493 0.2987269 -0.7264911 0.6188481 0.4341052 -0.721871 0.5389388 0.5497401 -0.7495486 0.3687315 0.7097259 -0.5216966 0.4734151 0.4918848 -0.4740308 0.7303041 0.454802 -0.700881 0.5494736 0.256146 -0.5923739 0.7638602 -0.2340549 -0.365564 0.9008781 -0.8047839 -0.03668373 0.5924333 0.5572143 -0.3369898 0.7589138 0.6296169 -0.1982851 0.7511761 0.5881969 -0.3356199 0.7357879 -0.653047 -0.3913766 0.6483471 -0.4268388 -0.08218765 0.9005853 -0.4381397 -0.437804 0.7850868 -0.5310141 -0.7811544 0.3283626 -0.3267711 -0.7853251 0.5258187 -0.2703677 -0.9386724 0.2139991 -0.2774218 -0.9389613 0.2034426 -0.2172021 -0.3828275 0.8979234 0.06222808 -0.5448544 0.8362185 -0.3432221 -0.3760001 0.8607105 -0.4050845 -0.255997 0.8777085 -0.2344798 -0.05371397 0.9706359 -0.1658991 -0.1100501 0.9799829 -0.1558001 -0.144508 0.9771611 -0.2396346 -0.1676405 0.9562802 -0.3244166 -0.1629408 0.9317747 -0.6544877 -0.07571852 0.7522717 -0.7525009 -0.1044046 0.6502631 -0.6285043 0.1031535 0.7709356 -0.618439 -0.08743721 0.7809532 -0.5975064 -0.1395646 0.7896252 -0.6765297 -0.1078565 0.7284742 -0.7327696 0.03061085 0.679788 -0.7988132 0.007202506 0.6015362 -0.8124215 0.09439593 0.5753788 -0.63077 0.6567113 -0.4133515 -0.3722789 0.9250817 0.07504785 -0.4745451 0.7136641 -0.5152579 -0.1595234 0.9861336 -0.04574811 -0.9262942 0.3633029 -0.09995102 -0.9559746 0.2917609 -0.03143447 -0.1002565 -0.346915 -0.9325228 -0.2883782 -0.4016054 -0.8692244 -0.3866162 -0.4282443 -0.8167832 -0.9474494 0.287006 -0.1413056 -0.8978152 0.3705646 -0.237928 -0.417262 -0.454862 -0.7867612 -0.8031755 0.5151347 -0.2992414 -0.4279071 -0.4067268 -0.8071363 -0.4287047 -0.3283572 -0.8416615 -0.4010524 -0.3125163 -0.8610984 -0.562235 0.7909196 0.2415333 -0.6524088 0.6655626 0.3624765 -0.6551328 0.5461781 0.5220065 -0.495543 0.5082086 0.7043871 -0.6469863 0.5313779 0.5468513 -0.8094682 0.4342312 0.3952273 -0.9034612 0.3072677 -0.2989055 -0.06585979 -0.1591256 -0.9850592 0.5237068 -0.4520786 -0.7220501 0.4270805 -0.5104275 -0.7463686 0.1630045 -0.5775506 -0.7999156 -0.01040709 -0.6596759 -0.7514781 -0.02481198 -0.7236689 -0.6897012 -0.04702979 -0.7135959 -0.6989773 -0.1028184 -0.7328215 -0.6726076 -0.1312022 -0.6563161 -0.7429907 -0.4210412 0.1859833 -0.8877695 -0.06186175 0.9978456 -0.02185148 0.2374663 0.8925819 0.3832849 -0.3400142 0.1624231 -0.9262878 0.157906 0.9861957 -0.04983776 0.3722789 0.9250817 0.07504785 0.4722221 0.7147879 -0.5158339 0.6306121 0.6569804 -0.4131649 0.4010221 -0.3126385 -0.8610683 0.4367577 -0.3094629 -0.8446749 0.4494265 -0.3834439 -0.8068374 0.8031718 0.515407 -0.2987822 0.4366698 -0.4435672 -0.782667 0.8978363 0.3706523 -0.2377119 0.3865807 -0.4282386 -0.816803 0.9474494 0.287006 -0.1413056 0.9559746 0.2917609 -0.03143447 0.2883782 -0.4016054 -0.8692244 0.1002565 -0.346915 -0.9325228 0.9262942 0.3633029 -0.09995102 0.562235 0.7909196 0.2415333 0.6524088 0.6655626 0.3624765 0.6551328 0.5461781 0.5220065 0.495543 0.5082086 0.7043871 0.6469863 0.5313779 0.5468513 0.8094682 0.4342312 0.3952273 0.9034612 0.3072677 -0.2989055 0.06585979 -0.1591256 -0.9850592 -0.5237068 -0.4520786 -0.7220501 -0.4270805 -0.5104275 -0.7463686 -0.1630045 -0.5775506 -0.7999156 0.01989847 -0.6586638 -0.7521743 0.07687824 -0.7065536 -0.7034712 0.09250271 -0.6869802 -0.7207646 0.1206424 -0.7016369 -0.7022473 0.1337977 -0.6514704 -0.7467828 0.4189932 0.2001425 -0.8856567 0.06631839 0.9975232 -0.02343881 -0.2152245 0.9091799 0.3564693 0.3471598 0.1618451 -0.923735 0.6919595 0.02224838 0.7215934 0.7958388 -0.1571108 0.5847708 0.8584423 -0.3146218 0.4050805 0.6287839 0.1115471 0.7695377 0.795238 -0.2407352 0.556456 0.6248502 0.1815282 0.7593483 0.784398 -0.2096956 0.5837359 0.6123457 0.2646356 0.7449839 0.7412819 -0.2023731 0.6399581 0.6635783 0.2580701 0.702185 0.7688466 -0.1279376 0.6265038 0.7320952 -0.02691793 0.6806703 0.7309027 0.07416146 0.6784403 0.4033414 0.6547583 0.6392241 0.3569856 0.5886889 0.7252633 0.3418167 0.5097953 0.7894746 0.3468815 0.4276049 0.8347619 0.3754138 0.331497 0.8655486 0.7503747 -0.06741678 0.657566 0.8023723 -0.08447629 0.5908153 0.8108931 -0.1142026 0.5739427 0.8242477 -0.1826608 0.5359578 0.8340527 -0.2564508 0.488456 0.4268106 -0.08227968 0.9005903 0.653047 -0.3913766 0.6483471 0.4381397 -0.437804 0.7850868 0.5310141 -0.7811544 0.3283626 0.3267711 -0.7853251 0.5258187 0.2703677 -0.9386724 0.2139991 0.2774218 -0.9389613 0.2034426 -0.06222808 -0.5448544 0.8362185 0.2172021 -0.3828275 0.8979234 0.3432221 -0.3760001 0.8607105 0.40514 -0.2560546 0.877666 0.2346032 -0.05362272 0.9706112 0.1658694 -0.1100506 0.9799879 0.1558008 -0.1444781 0.9771654 0.2395405 -0.167486 0.9563309 0.32454 -0.1628499 0.9317477 -0.89587 -0.4360629 0.08524101 -0.9741518 -0.1999027 0.1052007 -0.9222126 -0.3482788 0.1680051 -0.6373585 -0.7634325 0.104619 -0.7283688 -0.6408705 0.2424131 -0.5418705 -0.8368397 0.0779463 -0.5926184 -0.805458 -0.006408989 -0.8333639 -0.5499299 -0.05551481 -0.8592605 -0.5067669 -0.06970524 -0.7218748 -0.6825658 0.1140204 -0.7017232 -0.7111231 0.04345899 -0.4949687 -0.829129 0.2599059 -0.4767757 -0.8181364 0.3214619 -0.6381024 -0.7474539 0.1847652 -0.714968 -0.6746525 0.18348 -0.6951066 -0.7139981 0.08386689 -0.5050382 -0.8582108 0.09171134 -0.6203662 -0.7830036 0.04529064 -0.4224712 -0.9035995 0.07089507</float_array>
          <technique_common>
            <accessor source="#chr631_0-mesh-normals-array" count="1050" stride="3">
              <param name="X" type="float"/>
              <param name="Y" type="float"/>
              <param name="Z" type="float"/>
            </accessor>
          </technique_common>
        </source>
        <source id="chr631_0-mesh-map-0">
          <float_array id="chr631_0-mesh-map-0-array" count="8724">0.7250977 0.4804688 0.7431641 0.4882813 0.7607422 0.4350586 0.7607422 0.4350586 0.7431641 0.4882813 0.7724609 0.4458008 0.8540039 0.6689453 0.8378906 0.6220703 0.9052734 0.6350098 0.8740234 0.5869141 0.9052734 0.6350098 0.8378906 0.6220703 0.8740234 0.5869141 0.8378906 0.6220703 0.8173828 0.5529785 0.8740234 0.5869141 0.8173828 0.5529785 0.8618164 0.4995117 0.8740234 0.5869141 0.8618164 0.4995117 0.9204102 0.5356445 0.9204102 0.5356445 0.8618164 0.4995117 0.9213867 0.5109863 0.9204102 0.5356445 0.9213867 0.5109863 0.9570313 0.5578613 0.9204102 0.5356445 0.9570313 0.5578613 0.9350586 0.5688477 0.9350586 0.5688477 0.9570313 0.5578613 0.949707 0.6020508 0.9350586 0.5688477 0.949707 0.6020508 0.8740234 0.5869141 0.8740234 0.5869141 0.949707 0.6020508 0.9052734 0.6350098 0.9052734 0.6350098 0.949707 0.6020508 0.9521484 0.6606445 0.9052734 0.6350098 0.9521484 0.6606445 0.9169922 0.6799317 0.9052734 0.6350098 0.9169922 0.6799317 0.8540039 0.6689453 0.8540039 0.6689453 0.9169922 0.6799317 0.8740234 0.7033692 0.9350586 0.5688477 0.8740234 0.5869141 0.9204102 0.5356445 0.9682617 0.5891113 0.9521484 0.6606445 0.949707 0.6020508 0.9682617 0.5891113 0.949707 0.6020508 0.9570313 0.5578613 0.8291016 0.4638672 0.8793945 0.4785156 0.8618164 0.4995117 0.8618164 0.4995117 0.8793945 0.4785156 0.9213867 0.5109863 0.8291016 0.4638672 0.7583008 0.4741211 0.7827149 0.4448242 0.8291016 0.4638672 0.7827149 0.4448242 0.8300781 0.4414063 0.8291016 0.4638672 0.8300781 0.4414063 0.8793945 0.4785156 0.8793945 0.4785156 0.8300781 0.4414063 0.8969727 0.4575195 0.8793945 0.4785156 0.8969727 0.4575195 0.9213867 0.5109863 0.9213867 0.5109863 0.8969727 0.4575195 0.9536134 0.5046387 0.9213867 0.5109863 0.9536134 0.5046387 0.9570313 0.5578613 0.9570313 0.5578613 0.9536134 0.5046387 0.9697266 0.5402832 0.9570313 0.5578613 0.9697266 0.5402832 0.9863281 0.5759277 0.9570313 0.5578613 0.9863281 0.5759277 0.9682617 0.5891113 0.9682617 0.5891113 0.9863281 0.5759277 0.9897461 0.6367188 0.9682617 0.5891113 0.9897461 0.6367188 0.9521484 0.6606445 0.9521484 0.6606445 0.9897461 0.6367188 0.9746094 0.677002 0.9521484 0.6606445 0.9746094 0.677002 0.940918 0.6965332 0.9521484 0.6606445 0.940918 0.6965332 0.9169922 0.6799317 0.9169922 0.6799317 0.940918 0.6965332 0.8979492 0.7133789 0.9169922 0.6799317 0.8979492 0.7133789 0.8740234 0.7033692 0.8740234 0.7033692 0.8979492 0.7133789 0.8583984 0.7385254 0.8740234 0.7033692 0.8583984 0.7385254 0.8325195 0.71875 0.8740234 0.7033692 0.8325195 0.71875 0.8173828 0.690918 0.8740234 0.7033692 0.8173828 0.690918 0.8540039 0.6689453 0.8540039 0.6689453 0.8173828 0.690918 0.8046875 0.6535645 0.8540039 0.6689453 0.8046875 0.6535645 0.8378906 0.6220703 0.8378906 0.6220703 0.8046875 0.6535645 0.7905274 0.592041 0.8378906 0.6220703 0.7905274 0.592041 0.8173828 0.5529785 0.8173828 0.5529785 0.7905274 0.592041 0.7685547 0.5266113 0.8173828 0.5529785 0.7685547 0.5266113 0.8618164 0.4995117 0.8618164 0.4995117 0.7685547 0.5266113 0.7998047 0.4829102 0.8618164 0.4995117 0.7998047 0.4829102 0.8291016 0.4638672 0.8291016 0.4638672 0.7998047 0.4829102 0.7583008 0.4741211 0.7583008 0.4741211 0.7998047 0.4829102 0.7685547 0.5266113 0.7583008 0.4741211 0.7685547 0.5266113 0.7182617 0.5163574 0.7182617 0.5163574 0.7685547 0.5266113 0.7412109 0.5710449 0.7182617 0.5163574 0.7412109 0.5710449 0.6914063 0.5532227 0.6914063 0.5532227 0.7412109 0.5710449 0.6665039 0.583252 0.6914063 0.5532227 0.6665039 0.583252 0.6484375 0.5700684 0.6914063 0.5532227 0.6484375 0.5700684 0.6728516 0.5410156 0.6914063 0.5532227 0.6728516 0.5410156 0.7182617 0.5163574 0.7182617 0.5163574 0.6728516 0.5410156 0.7041016 0.505127 0.7182617 0.5163574 0.7041016 0.505127 0.7583008 0.4741211 0.7583008 0.4741211 0.7041016 0.505127 0.7495117 0.4663086 0.7583008 0.4741211 0.7495117 0.4663086 0.7827149 0.4448242 0.7827149 0.4448242 0.7495117 0.4663086 0.7724609 0.4384766 0.7412109 0.5710449 0.7685547 0.5266113 0.7905274 0.592041 0.7412109 0.5710449 0.7905274 0.592041 0.7641602 0.6279297 0.7641602 0.6279297 0.7905274 0.592041 0.8046875 0.6535645 0.7119141 0.6074219 0.6665039 0.583252 0.7412109 0.5710449 0.7119141 0.6074219 0.7412109 0.5710449 0.7641602 0.6279297 0.9101563 0.7490234 0.9213867 0.8178711 0.8764649 0.7692871 0.9101563 0.7490234 0.8764649 0.7692871 0.8979492 0.7133789 0.8979492 0.7133789 0.8764649 0.7692871 0.8583984 0.7385254 0.7543945 0.5585938 0.8378906 0.5285645 0.7861328 0.5031738 0.9550781 0.5874024 0.9350586 0.5644531 0.9262695 0.5803223 0.9262695 0.5803223 0.9350586 0.5644531 0.8886719 0.5456543 0.9262695 0.5803223 0.8886719 0.5456543 0.8920899 0.5715332 0.8920899 0.5715332 0.8886719 0.5456543 0.8378906 0.5285645 0.8378906 0.5285645 0.8886719 0.5456543 0.8491211 0.5136719 0.8378906 0.5285645 0.8491211 0.5136719 0.7861328 0.5031738 0.7861328 0.5031738 0.8491211 0.5136719 0.8061524 0.4970703 0.7861328 0.5031738 0.8061524 0.4970703 0.7470703 0.4853516 0.7861328 0.5031738 0.7470703 0.4853516 0.7543945 0.5585938 0.7543945 0.5585938 0.7470703 0.4853516 0.7104492 0.5361328 0.7543945 0.5585938 0.7104492 0.5361328 0.7246094 0.6044922 0.7246094 0.6044922 0.7104492 0.5361328 0.6855469 0.5720215 0.8886719 0.5456543 0.9350586 0.5644531 0.9150391 0.5415039 0.8886719 0.5456543 0.9150391 0.5415039 0.8491211 0.5136719 0.8491211 0.5136719 0.9150391 0.5415039 0.8603516 0.4985352 0.8491211 0.5136719 0.8603516 0.4985352 0.8061524 0.4970703 0.8061524 0.4970703 0.8603516 0.4985352 0.8017578 0.4824219 0.8061524 0.4970703 0.8017578 0.4824219 0.7641602 0.465332 0.8061524 0.4970703 0.7641602 0.465332 0.7470703 0.4853516 0.7470703 0.4853516 0.7641602 0.465332 0.7568359 0.4365234 0.7470703 0.4853516 0.7568359 0.4365234 0.7197266 0.4799805 0.7470703 0.4853516 0.7197266 0.4799805 0.6948242 0.5134277 0.7470703 0.4853516 0.6948242 0.5134277 0.7104492 0.5361328 0.7104492 0.5361328 0.6948242 0.5134277 0.6743164 0.5456543 0.7104492 0.5361328 0.6743164 0.5456543 0.6855469 0.5720215 0.6855469 0.5720215 0.6743164 0.5456543 0.6489258 0.5739746 0.6855469 0.5720215 0.6489258 0.5739746 0.6557617 0.6000977 0.6855469 0.5720215 0.6557617 0.6000977 0.7246094 0.6044922 0.7246094 0.6044922 0.6557617 0.6000977 0.6962891 0.6335449 0.7246094 0.6044922 0.6962891 0.6335449 0.737793 0.6635742 0.7246094 0.6044922 0.737793 0.6635742 0.7612305 0.6276856 0.7246094 0.6044922 0.7612305 0.6276856 0.7543945 0.5585938 0.7543945 0.5585938 0.7612305 0.6276856 0.8041992 0.5817871 0.7543945 0.5585938 0.8041992 0.5817871 0.8378906 0.5285645 0.8378906 0.5285645 0.8041992 0.5817871 0.8505859 0.6140137 0.8378906 0.5285645 0.8505859 0.6140137 0.8920899 0.5715332 0.8920899 0.5715332 0.8505859 0.6140137 0.9072266 0.5947266 0.8920899 0.5715332 0.9072266 0.5947266 0.9262695 0.5803223 0.9262695 0.5803223 0.9072266 0.5947266 0.9384766 0.6025391 0.9262695 0.5803223 0.9384766 0.6025391 0.9550781 0.5874024 0.9550781 0.5874024 0.9384766 0.6025391 0.9765625 0.6379395 0.9765625 0.6379395 0.9384766 0.6025391 0.9448242 0.6621094 0.9765625 0.6379395 0.9448242 0.6621094 0.9775391 0.6721192 0.9775391 0.6721192 0.9448242 0.6621094 0.9433594 0.6994629 0.9433594 0.6994629 0.9448242 0.6621094 0.9042969 0.6879883 0.9433594 0.6994629 0.9042969 0.6879883 0.9082031 0.7133789 0.9082031 0.7133789 0.9042969 0.6879883 0.8588867 0.7133789 0.9082031 0.7133789 0.8588867 0.7133789 0.8432617 0.7446289 0.8432617 0.7446289 0.8588867 0.7133789 0.8256836 0.7346192 0.8256836 0.7346192 0.8588867 0.7133789 0.8081055 0.7072754 0.8081055 0.7072754 0.8588867 0.7133789 0.8310547 0.6870117 0.8081055 0.7072754 0.8310547 0.6870117 0.7880859 0.675293 0.7880859 0.675293 0.8310547 0.6870117 0.8110352 0.6511231 0.7880859 0.675293 0.8110352 0.6511231 0.7612305 0.6276856 0.7612305 0.6276856 0.8110352 0.6511231 0.8041992 0.5817871 0.8041992 0.5817871 0.8110352 0.6511231 0.8505859 0.6140137 0.8505859 0.6140137 0.8110352 0.6511231 0.8818359 0.6513672 0.8505859 0.6140137 0.8818359 0.6513672 0.921875 0.6176758 0.921875 0.6176758 0.8818359 0.6513672 0.9448242 0.6621094 0.921875 0.6176758 0.9448242 0.6621094 0.9384766 0.6025391 0.921875 0.6176758 0.9384766 0.6025391 0.9072266 0.5947266 0.921875 0.6176758 0.9072266 0.5947266 0.8505859 0.6140137 0.8818359 0.6513672 0.8110352 0.6511231 0.8310547 0.6870117 0.8818359 0.6513672 0.8310547 0.6870117 0.9042969 0.6879883 0.9042969 0.6879883 0.8310547 0.6870117 0.8588867 0.7133789 0.9448242 0.6621094 0.8818359 0.6513672 0.9042969 0.6879883 0.7880859 0.675293 0.7612305 0.6276856 0.737793 0.6635742 0.9082031 0.7133789 0.8432617 0.7446289 0.9228516 0.748291 0.9228516 0.748291 0.8432617 0.7446289 0.871582 0.7698975 0.9228516 0.748291 0.871582 0.7698975 0.9331055 0.7999268 0.8393555 0.5273438 0.878418 0.5585938 0.8183594 0.5563965 0.8393555 0.5273438 0.8183594 0.5563965 0.7978516 0.5100098 0.7558594 0.6254883 0.737793 0.6635742 0.7211914 0.6040039 0.7558594 0.6254883 0.7211914 0.6040039 0.7431641 0.5739746 0.7431641 0.5739746 0.7211914 0.6040039 0.7094727 0.5356445 0.7431641 0.5739746 0.7094727 0.5356445 0.734375 0.503418 0.734375 0.503418 0.7094727 0.5356445 0.7177734 0.4794922 0.734375 0.503418 0.7177734 0.4794922 0.7568359 0.4365234 0.734375 0.503418 0.7568359 0.4365234 0.7641602 0.465332 0.734375 0.503418 0.7641602 0.465332 0.7978516 0.5100098 0.7978516 0.5100098 0.7641602 0.465332 0.8017578 0.4824219 0.7978516 0.5100098 0.8017578 0.4824219 0.8393555 0.5273438 0.8393555 0.5273438 0.8017578 0.4824219 0.8603516 0.4985352 0.8393555 0.5273438 0.8603516 0.4985352 0.878418 0.5585938 0.878418 0.5585938 0.8603516 0.4985352 0.9150391 0.5415039 0.878418 0.5585938 0.9150391 0.5415039 0.9350586 0.5644531 0.878418 0.5585938 0.9350586 0.5644531 0.9145508 0.5905762 0.9145508 0.5905762 0.9350586 0.5644531 0.9550781 0.5874024 0.9145508 0.5905762 0.9550781 0.5874024 0.9296875 0.6118164 0.9296875 0.6118164 0.9550781 0.5874024 0.9765625 0.6379395 0.9296875 0.6118164 0.9765625 0.6379395 0.9262695 0.6740723 0.9262695 0.6740723 0.9765625 0.6379395 0.9775391 0.6721192 0.9262695 0.6740723 0.9775391 0.6721192 0.9448242 0.6987305 0.9262695 0.6740723 0.9448242 0.6987305 0.8803711 0.6992188 0.8803711 0.6992188 0.9448242 0.6987305 0.909668 0.7126465 0.8803711 0.6992188 0.909668 0.7126465 0.8603516 0.7126465 0.8603516 0.7126465 0.909668 0.7126465 0.8432617 0.7446289 0.8603516 0.7126465 0.8432617 0.7446289 0.8256836 0.7346192 0.8603516 0.7126465 0.8256836 0.7346192 0.8081055 0.7072754 0.8603516 0.7126465 0.8081055 0.7072754 0.8330078 0.6862793 0.8330078 0.6862793 0.8081055 0.7072754 0.7880859 0.675293 0.8330078 0.6862793 0.7880859 0.675293 0.8129883 0.6499024 0.8129883 0.6499024 0.7880859 0.675293 0.7558594 0.6254883 0.8129883 0.6499024 0.7558594 0.6254883 0.7836914 0.5908203 0.7836914 0.5908203 0.7558594 0.6254883 0.7431641 0.5739746 0.7836914 0.5908203 0.7431641 0.5739746 0.8183594 0.5563965 0.8183594 0.5563965 0.7431641 0.5739746 0.7719727 0.5297852 0.8183594 0.5563965 0.7719727 0.5297852 0.7978516 0.5100098 0.7978516 0.5100098 0.7719727 0.5297852 0.734375 0.503418 0.734375 0.503418 0.7719727 0.5297852 0.7431641 0.5739746 0.737793 0.6635742 0.7558594 0.6254883 0.7880859 0.675293 0.9262695 0.6740723 0.9038086 0.6359863 0.9296875 0.6118164 0.9296875 0.6118164 0.9038086 0.6359863 0.8852539 0.6152344 0.9296875 0.6118164 0.8852539 0.6152344 0.9145508 0.5905762 0.9145508 0.5905762 0.8852539 0.6152344 0.8666992 0.5944824 0.9145508 0.5905762 0.8666992 0.5944824 0.878418 0.5585938 0.878418 0.5585938 0.8666992 0.5944824 0.8183594 0.5563965 0.8183594 0.5563965 0.8666992 0.5944824 0.8325195 0.6257324 0.8183594 0.5563965 0.8325195 0.6257324 0.7836914 0.5908203 0.7836914 0.5908203 0.8325195 0.6257324 0.8129883 0.6499024 0.8129883 0.6499024 0.8325195 0.6257324 0.8574219 0.6640625 0.8129883 0.6499024 0.8574219 0.6640625 0.8330078 0.6862793 0.8330078 0.6862793 0.8574219 0.6640625 0.8803711 0.6992188 0.8330078 0.6862793 0.8803711 0.6992188 0.8603516 0.7126465 0.8803711 0.6992188 0.8574219 0.6640625 0.9262695 0.6740723 0.9262695 0.6740723 0.8574219 0.6640625 0.9038086 0.6359863 0.9038086 0.6359863 0.8574219 0.6640625 0.8325195 0.6257324 0.9038086 0.6359863 0.8325195 0.6257324 0.8852539 0.6152344 0.8852539 0.6152344 0.8325195 0.6257324 0.8666992 0.5944824 0.737793 0.6635742 0.6962891 0.6335449 0.7211914 0.6040039 0.7211914 0.6040039 0.6962891 0.6335449 0.6821289 0.5710449 0.7211914 0.6040039 0.6821289 0.5710449 0.7094727 0.5356445 0.7094727 0.5356445 0.6821289 0.5710449 0.6928711 0.5158692 0.7094727 0.5356445 0.6928711 0.5158692 0.7177734 0.4794922 0.6962891 0.6335449 0.6557617 0.6000977 0.6821289 0.5710449 0.6821289 0.5710449 0.6557617 0.6000977 0.6728516 0.5454102 0.6821289 0.5710449 0.6728516 0.5454102 0.6928711 0.5158692 0.6489258 0.5739746 0.6728516 0.5454102 0.6557617 0.6000977 0.8432617 0.7446289 0.909668 0.7126465 0.9238281 0.7480469 0.8432617 0.7446289 0.9238281 0.7480469 0.871582 0.7698975 0.871582 0.7698975 0.9238281 0.7480469 0.9331055 0.7999268 0.8393555 0.5273438 0.7978516 0.5100098 0.8183594 0.5563965 0.8393555 0.5273438 0.8183594 0.5563965 0.878418 0.5585938 0.878418 0.5585938 0.8183594 0.5563965 0.8666992 0.5944824 0.878418 0.5585938 0.8666992 0.5944824 0.9145508 0.5905762 0.9038086 0.6359863 0.9262695 0.6740723 0.9296875 0.6118164 0.9038086 0.6359863 0.9296875 0.6118164 0.8852539 0.6152344 0.8852539 0.6152344 0.9296875 0.6118164 0.9145508 0.5905762 0.8852539 0.6152344 0.9145508 0.5905762 0.8666992 0.5944824 0.8852539 0.6152344 0.8666992 0.5944824 0.8325195 0.6257324 0.8325195 0.6257324 0.8666992 0.5944824 0.8183594 0.5563965 0.8325195 0.6257324 0.8183594 0.5563965 0.7836914 0.5908203 0.8325195 0.6257324 0.7836914 0.5908203 0.8129883 0.6499024 0.8325195 0.6257324 0.8129883 0.6499024 0.8574219 0.6640625 0.8574219 0.6640625 0.8129883 0.6499024 0.8330078 0.6862793 0.8574219 0.6640625 0.8330078 0.6862793 0.8803711 0.6992188 0.8803711 0.6992188 0.8330078 0.6862793 0.8603516 0.7126465 0.8852539 0.6152344 0.8325195 0.6257324 0.9038086 0.6359863 0.9038086 0.6359863 0.8325195 0.6257324 0.8574219 0.6640625 0.9038086 0.6359863 0.8574219 0.6640625 0.9262695 0.6740723 0.9262695 0.6740723 0.8574219 0.6640625 0.8803711 0.6992188 0.737793 0.6635742 0.7558594 0.6254883 0.7211914 0.6040039 0.7211914 0.6040039 0.7558594 0.6254883 0.7431641 0.5739746 0.7211914 0.6040039 0.7431641 0.5739746 0.7094727 0.5356445 0.7094727 0.5356445 0.7431641 0.5739746 0.734375 0.503418 0.7094727 0.5356445 0.734375 0.503418 0.7177734 0.4794922 0.7177734 0.4794922 0.734375 0.503418 0.7568359 0.4365234 0.7568359 0.4365234 0.734375 0.503418 0.7641602 0.465332 0.7641602 0.465332 0.734375 0.503418 0.7978516 0.5100098 0.7641602 0.465332 0.7978516 0.5100098 0.8017578 0.4824219 0.8017578 0.4824219 0.7978516 0.5100098 0.8393555 0.5273438 0.8017578 0.4824219 0.8393555 0.5273438 0.8603516 0.4985352 0.8603516 0.4985352 0.8393555 0.5273438 0.878418 0.5585938 0.8603516 0.4985352 0.878418 0.5585938 0.9150391 0.5415039 0.9150391 0.5415039 0.878418 0.5585938 0.9350586 0.5644531 0.9350586 0.5644531 0.878418 0.5585938 0.9145508 0.5905762 0.9350586 0.5644531 0.9145508 0.5905762 0.9550781 0.5874024 0.9550781 0.5874024 0.9145508 0.5905762 0.9296875 0.6118164 0.9550781 0.5874024 0.9296875 0.6118164 0.9765625 0.6379395 0.9765625 0.6379395 0.9296875 0.6118164 0.9262695 0.6740723 0.9765625 0.6379395 0.9262695 0.6740723 0.9775391 0.6721192 0.9775391 0.6721192 0.9262695 0.6740723 0.9448242 0.6987305 0.9448242 0.6987305 0.9262695 0.6740723 0.8803711 0.6992188 0.9448242 0.6987305 0.8803711 0.6992188 0.909668 0.7126465 0.909668 0.7126465 0.8803711 0.6992188 0.8603516 0.7126465 0.909668 0.7126465 0.8603516 0.7126465 0.8432617 0.7446289 0.8432617 0.7446289 0.8603516 0.7126465 0.8256836 0.7346192 0.8256836 0.7346192 0.8603516 0.7126465 0.8081055 0.7072754 0.8081055 0.7072754 0.8603516 0.7126465 0.8330078 0.6862793 0.8081055 0.7072754 0.8330078 0.6862793 0.7880859 0.675293 0.7880859 0.675293 0.8330078 0.6862793 0.8129883 0.6499024 0.7880859 0.675293 0.8129883 0.6499024 0.7558594 0.6254883 0.7558594 0.6254883 0.8129883 0.6499024 0.7836914 0.5908203 0.7558594 0.6254883 0.7836914 0.5908203 0.7431641 0.5739746 0.7431641 0.5739746 0.7836914 0.5908203 0.8183594 0.5563965 0.7431641 0.5739746 0.8183594 0.5563965 0.7719727 0.5297852 0.7719727 0.5297852 0.8183594 0.5563965 0.7978516 0.5100098 0.7719727 0.5297852 0.7978516 0.5100098 0.734375 0.503418 0.7719727 0.5297852 0.734375 0.503418 0.7431641 0.5739746 0.7880859 0.675293 0.7558594 0.6254883 0.737793 0.6635742 0.7177734 0.4794922 0.6928711 0.5158692 0.7094727 0.5356445 0.7094727 0.5356445 0.6928711 0.5158692 0.6821289 0.5710449 0.7094727 0.5356445 0.6821289 0.5710449 0.7211914 0.6040039 0.7211914 0.6040039 0.6821289 0.5710449 0.6962891 0.6335449 0.7211914 0.6040039 0.6962891 0.6335449 0.737793 0.6635742 0.6557617 0.6000977 0.6962891 0.6335449 0.6821289 0.5710449 0.6557617 0.6000977 0.6821289 0.5710449 0.6728516 0.5454102 0.6728516 0.5454102 0.6821289 0.5710449 0.6928711 0.5158692 0.6557617 0.6000977 0.6728516 0.5454102 0.6489258 0.5739746 0.871582 0.7698975 0.9331055 0.7999268 0.9238281 0.7480469 0.871582 0.7698975 0.9238281 0.7480469 0.8432617 0.7446289 0.8432617 0.7446289 0.9238281 0.7480469 0.909668 0.7126465 0.09362792 0.2749024 0.03086853 0.265625 0.0725708 0.1777343 0.09362792 0.2749024 0.0725708 0.1777343 0.1413574 0.1987304 0.1413574 0.1987304 0.0725708 0.1777343 0.1330566 0.1079101 0.1413574 0.1987304 0.1330566 0.1079101 0.1958007 0.1308593 0.1958007 0.1308593 0.1330566 0.1079101 0.2587891 0.04882812 0.1958007 0.1308593 0.2587891 0.04882812 0.2976074 0.06347656 0.2976074 0.06347656 0.2587891 0.04882812 0.333252 0.03515625 0.333252 0.03515625 0.3854981 0.003417909 0.3361817 0.07763671 0.333252 0.03515625 0.3361817 0.07763671 0.2976074 0.06347656 0.2976074 0.06347656 0.3361817 0.07763671 0.2585449 0.1538085 0.2976074 0.06347656 0.2585449 0.1538085 0.1958007 0.1308593 0.1958007 0.1308593 0.2585449 0.1538085 0.210083 0.2197265 0.1958007 0.1308593 0.210083 0.2197265 0.1413574 0.1987304 0.1413574 0.1987304 0.210083 0.2197265 0.156372 0.284668 0.1413574 0.1987304 0.156372 0.284668 0.09362792 0.2749024 0.09362792 0.2749024 0.156372 0.284668 0.1000366 0.3632813 0.09362792 0.2749024 0.1000366 0.3632813 0.05838006 0.3579102 0.09362792 0.2749024 0.05838006 0.3579102 0.03086853 0.265625 0.03086853 0.265625 0.05838006 0.3579102 0.01667779 0.3520508 0.01667779 0.3520508 0.05838006 0.3579102 0.03092956 0.4428711 0.03092956 0.4428711 0.05838006 0.3579102 0.07629394 0.4423828 0.03092956 0.4428711 0.07629394 0.4423828 0.019104 0.5292969 0.019104 0.5292969 0.07629394 0.4423828 0.06671142 0.5217285 0.019104 0.5292969 0.06671142 0.5217285 0.01552575 0.5771484 0.01552575 0.5771484 0.06671142 0.5217285 0.06054687 0.5629883 0.07629394 0.4423828 0.05838006 0.3579102 0.1000366 0.3632813 0.9580078 0.6015625 0.9306641 0.6223145 0.9472656 0.5734863 0.7504883 0.4804688 0.824707 0.4731445 0.7944336 0.4970703 0.7944336 0.4970703 0.824707 0.4731445 0.8500977 0.5212402 0.8500977 0.5212402 0.824707 0.4731445 0.8754883 0.4902344 0.8500977 0.5212402 0.8754883 0.4902344 0.9155274 0.5258789 0.8500977 0.5212402 0.9155274 0.5258789 0.9033203 0.5656738 0.9033203 0.5656738 0.9155274 0.5258789 0.9472656 0.5734863 0.9033203 0.5656738 0.9472656 0.5734863 0.9169922 0.5939942 0.9169922 0.5939942 0.9472656 0.5734863 0.9306641 0.6223145 0.9169922 0.5939942 0.9306641 0.6223145 0.8647461 0.6049805 0.9169922 0.5939942 0.8647461 0.6049805 0.9033203 0.5656738 0.9033203 0.5656738 0.8647461 0.6049805 0.8500977 0.5212402 0.8500977 0.5212402 0.8647461 0.6049805 0.8139649 0.5686035 0.8500977 0.5212402 0.8139649 0.5686035 0.7651367 0.5407715 0.7944336 0.4970703 0.8500977 0.5212402 0.7651367 0.5407715 0.7944336 0.4970703 0.7651367 0.5407715 0.7504883 0.4804688 0.7504883 0.4804688 0.7651367 0.5407715 0.722168 0.517334 0.7504883 0.4804688 0.722168 0.517334 0.7324219 0.4726563 0.7324219 0.4726563 0.722168 0.517334 0.7080078 0.5058594 0.7080078 0.5058594 0.722168 0.517334 0.675293 0.5410156 0.675293 0.5410156 0.722168 0.517334 0.6933594 0.5537109 0.6933594 0.5537109 0.722168 0.517334 0.7353516 0.5847168 0.7353516 0.5847168 0.722168 0.517334 0.7651367 0.5407715 0.7353516 0.5847168 0.7651367 0.5407715 0.777832 0.6157227 0.777832 0.6157227 0.7651367 0.5407715 0.8139649 0.5686035 0.777832 0.6157227 0.8139649 0.5686035 0.8261719 0.6391602 0.8261719 0.6391602 0.8139649 0.5686035 0.8647461 0.6049805 0.8261719 0.6391602 0.8647461 0.6049805 0.8964844 0.6494141 0.8964844 0.6494141 0.8647461 0.6049805 0.9306641 0.6223145 0.8964844 0.6494141 0.9306641 0.6223145 0.9467774 0.6726074 0.9467774 0.6726074 0.9306641 0.6223145 0.9580078 0.6015625 0.9467774 0.6726074 0.9580078 0.6015625 0.9868164 0.6420899 0.9868164 0.6420899 0.9580078 0.6015625 0.9858399 0.5805664 0.9858399 0.5805664 0.9580078 0.6015625 0.9472656 0.5734863 0.9858399 0.5805664 0.9472656 0.5734863 0.9711914 0.5441895 0.9711914 0.5441895 0.9472656 0.5734863 0.9155274 0.5258789 0.9711914 0.5441895 0.9155274 0.5258789 0.9570313 0.5078125 0.9570313 0.5078125 0.9155274 0.5258789 0.9008789 0.4589844 0.9008789 0.4589844 0.9155274 0.5258789 0.8754883 0.4902344 0.9008789 0.4589844 0.8754883 0.4902344 0.8291016 0.4428711 0.8291016 0.4428711 0.8754883 0.4902344 0.824707 0.4731445 0.8291016 0.4428711 0.824707 0.4731445 0.7724609 0.4458008 0.7724609 0.4458008 0.824707 0.4731445 0.7504883 0.4804688 0.7724609 0.4458008 0.7504883 0.4804688 0.7607422 0.4350586 0.7607422 0.4350586 0.7504883 0.4804688 0.7324219 0.4726563 0.8964844 0.6494141 0.9467774 0.6726074 0.9033203 0.6936035 0.8261719 0.6391602 0.8964844 0.6494141 0.8432617 0.6823731 0.8432617 0.6823731 0.8964844 0.6494141 0.9033203 0.6936035 0.8432617 0.6823731 0.9033203 0.6936035 0.8588867 0.7160645 0.8588867 0.7160645 0.9033203 0.6936035 0.8979492 0.7194824 0.8979492 0.7194824 0.9033203 0.6936035 0.9360352 0.7019043 0.9360352 0.7019043 0.9033203 0.6936035 0.9467774 0.6726074 0.9360352 0.7019043 0.9467774 0.6726074 0.9799805 0.6784668 0.9799805 0.6784668 0.9467774 0.6726074 0.9868164 0.6420899 0.8588867 0.7160645 0.8979492 0.7194824 0.8408203 0.75 0.3295899 0.4511719 0.3588867 0.4545899 0.3586426 0.4580078 0.3295899 0.4511719 0.3586426 0.4580078 0.3337402 0.487793 0.3688965 0.5163574 0.3649902 0.4873047 0.4042969 0.5161133 0.3688965 0.5163574 0.4042969 0.5161133 0.4123535 0.545166 0.4123535 0.545166 0.4042969 0.5161133 0.4248047 0.5163574 0.4248047 0.5163574 0.4042969 0.5161133 0.3964844 0.4868164 0.4248047 0.5163574 0.3964844 0.4868164 0.4372559 0.487793 0.4372559 0.487793 0.3964844 0.4868164 0.3991699 0.4648438 0.3991699 0.4648438 0.3964844 0.4868164 0.3586426 0.4580078 0.3586426 0.4580078 0.3964844 0.4868164 0.3649902 0.4873047 0.3586426 0.4580078 0.3649902 0.4873047 0.3337402 0.487793 0.3337402 0.487793 0.3649902 0.4873047 0.3688965 0.5163574 0.3337402 0.487793 0.3688965 0.5163574 0.3337402 0.5166016 0.3337402 0.5166016 0.3688965 0.5163574 0.3730469 0.545166 0.3337402 0.5166016 0.3730469 0.545166 0.3337402 0.5454102 0.3337402 0.5454102 0.3730469 0.545166 0.3776856 0.5930176 0.3337402 0.5454102 0.3776856 0.5930176 0.3337402 0.5930176 0.3337402 0.5930176 0.3776856 0.5930176 0.3806152 0.6376953 0.3337402 0.5930176 0.3806152 0.6376953 0.3337402 0.6376953 0.4042969 0.5161133 0.3649902 0.4873047 0.3964844 0.4868164 0.4311524 0.6875 0.3806152 0.6376953 0.4277344 0.6376953 0.4277344 0.6376953 0.3806152 0.6376953 0.3776856 0.5930176 0.4277344 0.6376953 0.3776856 0.5930176 0.4216309 0.5930176 0.4216309 0.5930176 0.3776856 0.5930176 0.4123535 0.545166 0.4123535 0.545166 0.3776856 0.5930176 0.3730469 0.545166 0.4123535 0.545166 0.3730469 0.545166 0.3688965 0.5163574 0.4284668 0.4604492 0.3989258 0.4458008 0.4189453 0.4335938 0.4189453 0.4335938 0.3989258 0.4458008 0.3718262 0.4379883 0.4189453 0.4335938 0.3718262 0.4379883 0.3962402 0.4267578 0.3962402 0.4267578 0.3718262 0.4379883 0.3737793 0.4194336 0.3737793 0.4194336 0.3718262 0.4379883 0.3515625 0.4355469 0.3737793 0.4194336 0.3515625 0.4355469 0.296875 0.4404297 0.296875 0.4404297 0.3515625 0.4355469 0.2875977 0.4487305 0.296875 0.4404297 0.2875977 0.4487305 0.2454833 0.4467774 0.2454833 0.4467774 0.2875977 0.4487305 0.2687988 0.4863281 0.2454833 0.4467774 0.2687988 0.4863281 0.2347412 0.4833984 0.2347412 0.4833984 0.2687988 0.4863281 0.2578125 0.515625 0.2347412 0.4833984 0.2578125 0.515625 0.2238769 0.5144043 0.2238769 0.5144043 0.2578125 0.515625 0.2130126 0.545166 0.2238769 0.5144043 0.2130126 0.545166 0.1630859 0.5090332 0.1630859 0.5090332 0.2130126 0.545166 0.1496582 0.545166 0.1630859 0.5090332 0.1496582 0.545166 0.119812 0.545166 0.119812 0.545166 0.1496582 0.545166 0.1427001 0.5930176 0.119812 0.545166 0.1427001 0.5930176 0.1104736 0.5930176 0.1104736 0.5930176 0.1427001 0.5930176 0.1331787 0.6376953 0.1104736 0.5930176 0.1331787 0.6376953 0.09918212 0.6376953 0.09918212 0.6376953 0.1331787 0.6376953 0.1190185 0.6875 0.09918212 0.6376953 0.1190185 0.6875 0.08398437 0.6875 0.08398437 0.6875 0.1190185 0.6875 0.08874511 0.7541504 0.08398437 0.6875 0.08874511 0.7541504 0.05889886 0.7399902 0.05889886 0.7399902 0.08874511 0.7541504 0.07226562 0.7995606 0.05889886 0.7399902 0.07226562 0.7995606 0.04040527 0.8026123 0.04040527 0.8026123 0.07226562 0.7995606 0.06256103 0.8342285 0.04040527 0.8026123 0.06256103 0.8342285 0.04037469 0.8432617 0.04037469 0.8432617 0.06256103 0.8342285 0.04037469 0.8840332 0.04037469 0.8840332 0.06256103 0.8342285 0.06256103 0.8750001 0.04037469 0.8840332 0.06256103 0.8750001 0.08367919 0.8996582 0.08367919 0.8996582 0.06256103 0.8750001 0.08471679 0.8659668 0.08367919 0.8996582 0.08471679 0.8659668 0.1108398 0.8934937 0.1108398 0.8934937 0.08471679 0.8659668 0.1081542 0.8608399 0.1108398 0.8934937 0.1081542 0.8608399 0.1315917 0.8839111 0.1315917 0.8839111 0.1081542 0.8608399 0.1315917 0.855835 0.1315917 0.8839111 0.1315917 0.855835 0.1733398 0.8927612 0.1315917 0.8839111 0.1733398 0.8927612 0.1732177 0.918457 0.1732177 0.918457 0.1733398 0.8927612 0.2207031 0.8995972 0.1732177 0.918457 0.2207031 0.8995972 0.2274169 0.9530945 0.2274169 0.9530945 0.2207031 0.8995972 0.2709961 0.940918 0.2274169 0.9530945 0.2709961 0.940918 0.2770996 0.9655762 0.2770996 0.9655762 0.2709961 0.940918 0.2956543 0.9272461 0.2770996 0.9655762 0.2956543 0.9272461 0.3144531 0.928772 0.3144531 0.928772 0.2956543 0.9272461 0.3200684 0.8693848 0.3144531 0.928772 0.3200684 0.8693848 0.3430176 0.9127197 0.3430176 0.9127197 0.3200684 0.8693848 0.3369141 0.8623047 0.3369141 0.8623047 0.3200684 0.8693848 0.3613281 0.8225098 0.3613281 0.8225098 0.3200684 0.8693848 0.328125 0.8043213 0.3613281 0.8225098 0.328125 0.8043213 0.3776856 0.7932129 0.3776856 0.7932129 0.328125 0.8043213 0.3811035 0.7562256 0.3776856 0.7932129 0.3811035 0.7562256 0.4299317 0.7581787 0.4299317 0.7581787 0.3811035 0.7562256 0.4311524 0.6875 0.4311524 0.6875 0.3811035 0.7562256 0.3823242 0.6875 0.4311524 0.6875 0.3823242 0.6875 0.3806152 0.6376953 0.3806152 0.6376953 0.3823242 0.6875 0.3337402 0.6875 0.3806152 0.6376953 0.3337402 0.6875 0.3337402 0.6376953 0.3337402 0.6376953 0.3337402 0.6875 0.2866211 0.6376953 0.3337402 0.6376953 0.2866211 0.6376953 0.3337402 0.5930176 0.3337402 0.5930176 0.2866211 0.6376953 0.2883301 0.5930176 0.3337402 0.5930176 0.2883301 0.5930176 0.3337402 0.5454102 0.3337402 0.5454102 0.2883301 0.5930176 0.2900391 0.545166 0.3337402 0.5454102 0.2900391 0.545166 0.3337402 0.5166016 0.3337402 0.5166016 0.2900391 0.545166 0.2956543 0.5161133 0.3337402 0.5166016 0.2956543 0.5161133 0.3337402 0.487793 0.3337402 0.487793 0.2956543 0.5161133 0.3012695 0.4868164 0.3337402 0.487793 0.3012695 0.4868164 0.3295899 0.4511719 0.3295899 0.4511719 0.3012695 0.4868164 0.2687988 0.4863281 0.3295899 0.4511719 0.2687988 0.4863281 0.2875977 0.4487305 0.3295899 0.4511719 0.2875977 0.4487305 0.3515625 0.4355469 0.3295899 0.4511719 0.3515625 0.4355469 0.3588867 0.4545899 0.3588867 0.4545899 0.3515625 0.4355469 0.3591309 0.4511719 0.3591309 0.4511719 0.3515625 0.4355469 0.3718262 0.4379883 0.3591309 0.4511719 0.3718262 0.4379883 0.3989258 0.4458008 0.3591309 0.4511719 0.3989258 0.4458008 0.3991699 0.4648438 0.3991699 0.4648438 0.3989258 0.4458008 0.4284668 0.4604492 0.3991699 0.4648438 0.4284668 0.4604492 0.4372559 0.487793 0.4372559 0.487793 0.4284668 0.4604492 0.4477539 0.4711914 0.4477539 0.4711914 0.4284668 0.4604492 0.4384766 0.4438477 0.4477539 0.4711914 0.4384766 0.4438477 0.458252 0.4545899 0.4384766 0.4438477 0.4284668 0.4604492 0.4189453 0.4335938 0.3613281 0.8225098 0.3776856 0.7932129 0.4233399 0.8070068 0.4233399 0.8070068 0.3776856 0.7932129 0.4299317 0.7581787 0.2130126 0.545166 0.2578125 0.515625 0.246582 0.545166 0.08874511 0.7541504 0.1190185 0.6875 0.156372 0.7438965 0.08874511 0.7541504 0.156372 0.7438965 0.1041259 0.7965088 0.08874511 0.7541504 0.1041259 0.7965088 0.07226562 0.7995606 0.07226562 0.7995606 0.1041259 0.7965088 0.09442138 0.8311768 0.07226562 0.7995606 0.09442138 0.8311768 0.06256103 0.8342285 0.1178588 0.8261719 0.09442138 0.8311768 0.1041259 0.7965088 0.1190185 0.6875 0.1331787 0.6376953 0.1950682 0.6875 0.1190185 0.6875 0.1950682 0.6875 0.156372 0.7438965 0.156372 0.7438965 0.1950682 0.6875 0.2353515 0.7358399 0.1331787 0.6376953 0.1427001 0.5930176 0.2033691 0.6376953 0.1331787 0.6376953 0.2033691 0.6376953 0.1950682 0.6875 0.1950682 0.6875 0.2033691 0.6376953 0.2360839 0.6875 0.1950682 0.6875 0.2360839 0.6875 0.2353515 0.7358399 0.2353515 0.7358399 0.2360839 0.6875 0.2839356 0.7451172 0.2353515 0.7358399 0.2839356 0.7451172 0.2761231 0.7803955 0.2353515 0.7358399 0.2761231 0.7803955 0.215332 0.7781983 0.2353515 0.7358399 0.215332 0.7781983 0.156372 0.7438965 0.156372 0.7438965 0.215332 0.7781983 0.1596679 0.7873535 0.156372 0.7438965 0.1596679 0.7873535 0.1041259 0.7965088 0.1041259 0.7965088 0.1596679 0.7873535 0.1470947 0.8133545 0.1041259 0.7965088 0.1470947 0.8133545 0.1178588 0.8261719 0.1178588 0.8261719 0.1470947 0.8133545 0.1315917 0.855835 0.1178588 0.8261719 0.1315917 0.855835 0.09442138 0.8311768 0.09442138 0.8311768 0.1315917 0.855835 0.1081542 0.8608399 0.09442138 0.8311768 0.1081542 0.8608399 0.08471679 0.8659668 0.09442138 0.8311768 0.08471679 0.8659668 0.06256103 0.8342285 0.06256103 0.8342285 0.08471679 0.8659668 0.06256103 0.8750001 0.1470947 0.8133545 0.1596679 0.7873535 0.215332 0.7781983 0.2761231 0.7803955 0.2685547 0.8115234 0.215332 0.7781983 0.2687988 0.4863281 0.3012695 0.4868164 0.2578125 0.515625 0.2578125 0.515625 0.3012695 0.4868164 0.2956543 0.5161133 0.2578125 0.515625 0.2956543 0.5161133 0.246582 0.545166 0.246582 0.545166 0.2956543 0.5161133 0.2900391 0.545166 0.246582 0.545166 0.2900391 0.545166 0.2883301 0.5930176 0.246582 0.545166 0.2883301 0.5930176 0.2429199 0.5930176 0.246582 0.545166 0.2429199 0.5930176 0.2130126 0.545166 0.2130126 0.545166 0.2429199 0.5930176 0.2089843 0.5930176 0.2130126 0.545166 0.2089843 0.5930176 0.1496582 0.545166 0.1496582 0.545166 0.2089843 0.5930176 0.1427001 0.5930176 0.1427001 0.5930176 0.2089843 0.5930176 0.2033691 0.6376953 0.2033691 0.6376953 0.2089843 0.5930176 0.239746 0.6376953 0.2033691 0.6376953 0.239746 0.6376953 0.2360839 0.6875 0.2360839 0.6875 0.239746 0.6376953 0.2849121 0.6875 0.2360839 0.6875 0.2849121 0.6875 0.2839356 0.7451172 0.2839356 0.7451172 0.2849121 0.6875 0.3325195 0.7541504 0.2839356 0.7451172 0.3325195 0.7541504 0.2761231 0.7803955 0.2761231 0.7803955 0.3325195 0.7541504 0.328125 0.8043213 0.2761231 0.7803955 0.328125 0.8043213 0.2685547 0.8115234 0.2685547 0.8115234 0.328125 0.8043213 0.3200684 0.8693848 0.2685547 0.8115234 0.3200684 0.8693848 0.2775879 0.8571777 0.2775879 0.8571777 0.3200684 0.8693848 0.2612305 0.8976441 0.2612305 0.8976441 0.3200684 0.8693848 0.2956543 0.9272461 0.2612305 0.8976441 0.2956543 0.9272461 0.2709961 0.940918 0.2612305 0.8976441 0.2709961 0.940918 0.2207031 0.8995972 0.3811035 0.7562256 0.328125 0.8043213 0.3325195 0.7541504 0.3811035 0.7562256 0.3325195 0.7541504 0.3823242 0.6875 0.3823242 0.6875 0.3325195 0.7541504 0.3337402 0.6875 0.3337402 0.6875 0.3325195 0.7541504 0.2849121 0.6875 0.3337402 0.6875 0.2849121 0.6875 0.2866211 0.6376953 0.2866211 0.6376953 0.2849121 0.6875 0.239746 0.6376953 0.239746 0.6376953 0.2089843 0.5930176 0.2429199 0.5930176 0.239746 0.6376953 0.2429199 0.5930176 0.2866211 0.6376953 0.2866211 0.6376953 0.2429199 0.5930176 0.2883301 0.5930176 0.119812 0.545166 0.1361083 0.505127 0.1630859 0.5090332 0.1630859 0.5090332 0.1361083 0.505127 0.1765136 0.4731445 0.1630859 0.5090332 0.1765136 0.4731445 0.2238769 0.5144043 0.2238769 0.5144043 0.1765136 0.4731445 0.2347412 0.4833984 0.2347412 0.4833984 0.1765136 0.4731445 0.2454833 0.4467774 0.2454833 0.4467774 0.1765136 0.4731445 0.1524658 0.465332 0.2454833 0.4467774 0.1524658 0.465332 0.2291259 0.4228516 0.2454833 0.4467774 0.2291259 0.4228516 0.296875 0.4404297 0.296875 0.4404297 0.2291259 0.4228516 0.3015137 0.4208984 0.296875 0.4404297 0.3015137 0.4208984 0.3737793 0.4194336 0.1765136 0.4731445 0.1361083 0.505127 0.1524658 0.465332 0.3820801 0.9793549 0.342041 0.9700165 0.3769531 0.9685974 0.3769531 0.9685974 0.342041 0.9700165 0.3457031 0.9486694 0.3769531 0.9685974 0.3457031 0.9486694 0.3430176 0.9127197 0.3430176 0.9127197 0.3457031 0.9486694 0.3144531 0.928772 0.3144531 0.928772 0.3457031 0.9486694 0.3068848 0.9730377 0.3144531 0.928772 0.3068848 0.9730377 0.2770996 0.9655762 0.2770996 0.9655762 0.3068848 0.9730377 0.2167968 0.9813538 0.2770996 0.9655762 0.2167968 0.9813538 0.2274169 0.9530945 0.2274169 0.9530945 0.2167968 0.9813538 0.1605224 0.973053 0.2274169 0.9530945 0.1605224 0.973053 0.1596679 0.9323731 0.1596679 0.9323731 0.1605224 0.973053 0.1187133 0.9365845 0.1596679 0.9323731 0.1187133 0.9365845 0.08367919 0.8996582 0.1596679 0.9323731 0.08367919 0.8996582 0.1108398 0.8934937 0.1596679 0.9323731 0.1108398 0.8934937 0.1315917 0.8839111 0.1596679 0.9323731 0.1315917 0.8839111 0.1732177 0.918457 0.1596679 0.9323731 0.1732177 0.918457 0.2274169 0.9530945 0.3457031 0.9486694 0.342041 0.9700165 0.3068848 0.9730377 0.3430176 0.9127197 0.3803711 0.9334717 0.3769531 0.9685974 0.3769531 0.9685974 0.3803711 0.9334717 0.4267578 0.9186401 0.3769531 0.9685974 0.4267578 0.9186401 0.440918 0.9624634 0.3769531 0.9685974 0.440918 0.9624634 0.3820801 0.9793549 0.3820801 0.9793549 0.440918 0.9624634 0.387207 0.9901428 0.3820801 0.9793549 0.387207 0.9901428 0.3449707 0.9925156 0.3820801 0.9793549 0.3449707 0.9925156 0.342041 0.9700165 0.342041 0.9700165 0.3449707 0.9925156 0.3024902 0.9964848 0.342041 0.9700165 0.3024902 0.9964848 0.3068848 0.9730377 0.3068848 0.9730377 0.3024902 0.9964848 0.2819824 0.9914398 0.3068848 0.9730377 0.2819824 0.9914398 0.2167968 0.9813538 0.2167968 0.9813538 0.2819824 0.9914398 0.2061766 0.9964581 0.2167968 0.9813538 0.2061766 0.9964581 0.1605224 0.973053 0.1605224 0.973053 0.2061766 0.9964581 0.1534423 0.983139 0.1605224 0.973053 0.1534423 0.983139 0.1006469 0.9698029 0.1605224 0.973053 0.1006469 0.9698029 0.1187133 0.9365845 0.1187133 0.9365845 0.1006469 0.9698029 0.07000732 0.9152222 0.1187133 0.9365845 0.07000732 0.9152222 0.08367919 0.8996582 0.08367919 0.8996582 0.07000732 0.9152222 0.04037469 0.8840332 0.387207 0.9901428 0.440918 0.9624634 0.4455567 0.9901352 0.4233399 0.8070068 0.4619141 0.7999268 0.4692383 0.8387451 0.4692383 0.8387451 0.4619141 0.7999268 0.5009766 0.8133545 0.5009766 0.8133545 0.4619141 0.7999268 0.5004883 0.7719727 0.5004883 0.7719727 0.4619141 0.7999268 0.465332 0.7651367 0.5004883 0.7719727 0.465332 0.7651367 0.4658203 0.7297363 0.4658203 0.7297363 0.465332 0.7651367 0.4299317 0.7581787 0.4658203 0.7297363 0.4299317 0.7581787 0.4311524 0.6875 0.4619141 0.7999268 0.4233399 0.8070068 0.465332 0.7651367 0.465332 0.7651367 0.4233399 0.8070068 0.4299317 0.7581787 0.2360839 0.6875 0.2353515 0.7358399 0.2839356 0.7451172 0.2360839 0.6875 0.2839356 0.7451172 0.2849121 0.6875 0.2849121 0.6875 0.2839356 0.7451172 0.3325195 0.7541504 0.2849121 0.6875 0.3325195 0.7541504 0.3337402 0.6875 0.156372 0.7438965 0.215332 0.7781983 0.2353515 0.7358399 0.2353515 0.7358399 0.215332 0.7781983 0.2761231 0.7802734 0.2353515 0.7358399 0.2761231 0.7802734 0.2839356 0.7451172 0.2839356 0.7451172 0.2761231 0.7802734 0.3325195 0.7541504 0.3325195 0.7541504 0.2761231 0.7802734 0.328125 0.8043213 0.2717285 0.7912598 0.215332 0.7781983 0.2685547 0.8115234 0.2717285 0.7912598 0.2685547 0.8115234 0.328125 0.8043213 0.328125 0.8043213 0.2685547 0.8115234 0.3200684 0.8693848 0.3200684 0.8693848 0.2685547 0.8115234 0.2775879 0.8571777 0.06256103 0.8342285 0.09442138 0.8311768 0.07226562 0.7995606 0.07226562 0.7995606 0.09442138 0.8311768 0.1041259 0.7965088 0.07226562 0.7995606 0.1041259 0.7965088 0.08874511 0.7541504 0.08874511 0.7541504 0.1041259 0.7965088 0.156372 0.7438965 0.156372 0.7438965 0.1041259 0.7965088 0.1596679 0.7873535 0.156372 0.7438965 0.1596679 0.7873535 0.215332 0.7781983 0.215332 0.7781983 0.1596679 0.7873535 0.1470947 0.8133545 0.1470947 0.8133545 0.1596679 0.7873535 0.1041259 0.7965088 0.1470947 0.8133545 0.1041259 0.7965088 0.1178588 0.8261719 0.1178588 0.8261719 0.1041259 0.7965088 0.09442138 0.8311768 0.1178588 0.8261719 0.09442138 0.8311768 0.1315917 0.855835 0.1178588 0.8261719 0.1315917 0.855835 0.1470947 0.8133545 0.2353515 0.7358399 0.2360839 0.6875 0.1950682 0.6875 0.2353515 0.7358399 0.1950682 0.6875 0.156372 0.7438965 0.156372 0.7438965 0.1950682 0.6875 0.1190185 0.6875 0.156372 0.7438965 0.1190185 0.6875 0.08874511 0.7541504 0.08874511 0.7541504 0.1190185 0.6875 0.08398437 0.6875 0.08874511 0.7541504 0.08398437 0.6875 0.05889886 0.7399902 0.08874511 0.7541504 0.05889886 0.7399902 0.07226562 0.7995606 0.07226562 0.7995606 0.05889886 0.7399902 0.04040527 0.8026123 0.07226562 0.7995606 0.04040527 0.8026123 0.06256103 0.8342285 0.06256103 0.8342285 0.04040527 0.8026123 0.04037469 0.8432617 0.06256103 0.8342285 0.04037469 0.8432617 0.04037469 0.8840332 0.3068848 0.9730377 0.3144531 0.928772 0.2770996 0.9655762 0.2770996 0.9655762 0.3144531 0.928772 0.2958984 0.9272461 0.2770996 0.9655762 0.2958984 0.9272461 0.2709961 0.940918 0.2770996 0.9655762 0.2709961 0.940918 0.2274169 0.9530945 0.2274169 0.9530945 0.2709961 0.940918 0.2207031 0.8995972 0.2274169 0.9530945 0.2207031 0.8995972 0.1732177 0.918457 0.1732177 0.918457 0.2207031 0.8995972 0.1733398 0.8927612 0.1732177 0.918457 0.1733398 0.8927612 0.1315917 0.8839111 0.1315917 0.8839111 0.1733398 0.8927612 0.1315917 0.855835 0.1315917 0.8839111 0.1315917 0.855835 0.1081542 0.8608399 0.1081542 0.8608399 0.1315917 0.855835 0.09442138 0.8311768 0.1081542 0.8608399 0.09442138 0.8311768 0.08471679 0.8659668 0.08471679 0.8659668 0.09442138 0.8311768 0.06256103 0.8342285 0.08471679 0.8659668 0.06256103 0.8342285 0.06256103 0.8750001 0.06256103 0.8750001 0.06256103 0.8342285 0.04037469 0.8840332 0.06256103 0.8750001 0.04037469 0.8840332 0.08367919 0.8996582 0.08367919 0.8996582 0.04037469 0.8840332 0.07000732 0.9152222 0.08367919 0.8996582 0.07000732 0.9152222 0.1187133 0.9365845 0.1187133 0.9365845 0.07000732 0.9152222 0.1006469 0.9698029 0.1187133 0.9365845 0.1006469 0.9698029 0.1605224 0.973053 0.1605224 0.973053 0.1006469 0.9698029 0.1534423 0.983139 0.1605224 0.973053 0.1534423 0.983139 0.2061766 0.9964581 0.1605224 0.973053 0.2061766 0.9964581 0.2167968 0.9813538 0.2167968 0.9813538 0.2061766 0.9964581 0.2819824 0.9914398 0.2167968 0.9813538 0.2819824 0.9914398 0.3068848 0.9730377 0.3068848 0.9730377 0.2819824 0.9914398 0.3024902 0.9964848 0.3024902 0.9964848 0.2819824 0.9914398 0.2819824 0.9914398 0.3024902 0.9964848 0.2819824 0.9914398 0.2819824 0.9914398 0.2819824 0.9914398 0.2819824 0.9914398 0.2061766 0.9964581 0.2061766 0.9964581 0.2819824 0.9914398 0.2819824 0.9914398 0.1315917 0.8839111 0.1596679 0.9323731 0.1732177 0.918457 0.1732177 0.918457 0.1596679 0.9323731 0.2274169 0.9530945 0.3068848 0.9730377 0.2770996 0.9655762 0.2167968 0.9813538 0.2167968 0.9813538 0.2770996 0.9655762 0.2274169 0.9530945 0.2167968 0.9813538 0.2274169 0.9530945 0.1605224 0.973053 0.1605224 0.973053 0.2274169 0.9530945 0.1596679 0.9323731 0.1605224 0.973053 0.1596679 0.9323731 0.1187133 0.9365845 0.1187133 0.9365845 0.1596679 0.9323731 0.08367919 0.8996582 0.08367919 0.8996582 0.1596679 0.9323731 0.1108398 0.8934937 0.1108398 0.8934937 0.1596679 0.9323731 0.1315917 0.8839111 0.1108398 0.8934937 0.1315917 0.8839111 0.1081542 0.8608399 0.1108398 0.8934937 0.1081542 0.8608399 0.08471679 0.8659668 0.1108398 0.8934937 0.08471679 0.8659668 0.08367919 0.8996582 0.08367919 0.8996582 0.08471679 0.8659668 0.06256103 0.8750001 0.2207031 0.8995972 0.2709961 0.940918 0.2612305 0.8976441 0.2612305 0.8976441 0.2709961 0.940918 0.2958984 0.9272461 0.2612305 0.8976441 0.2958984 0.9272461 0.3200684 0.8693848 0.2612305 0.8976441 0.3200684 0.8693848 0.2775879 0.8571777 0.3200684 0.8693848 0.2958984 0.9272461 0.3144531 0.928772 0.3144531 0.928772 0.3457031 0.9486694 0.3430176 0.9127197 0.3430176 0.9127197 0.3457031 0.9486694 0.3769531 0.9685974 0.3430176 0.9127197 0.3769531 0.9685974 0.3803711 0.9334717 0.3803711 0.9334717 0.3769531 0.9685974 0.4267578 0.9186401 0.4267578 0.9186401 0.3769531 0.9685974 0.440918 0.9624634 0.440918 0.9624634 0.3769531 0.9685974 0.3820801 0.9793549 0.440918 0.9624634 0.3820801 0.9793549 0.387207 0.9901428 0.387207 0.9901428 0.3820801 0.9793549 0.3449707 0.9925156 0.3449707 0.9925156 0.3820801 0.9793549 0.342041 0.9700165 0.3449707 0.9925156 0.342041 0.9700165 0.3024902 0.9964848 0.3024902 0.9964848 0.342041 0.9700165 0.3068848 0.9730377 0.342041 0.9700165 0.3820801 0.9793549 0.3769531 0.9685974 0.4455567 0.9901352 0.440918 0.9624634 0.387207 0.9901428 0.3369141 0.8623047 0.3200684 0.8693848 0.3430176 0.9127197 0.3430176 0.9127197 0.3200684 0.8693848 0.3144531 0.928772 0.3369141 0.8623047 0.3613281 0.8225098 0.3200684 0.8693848 0.3200684 0.8693848 0.3613281 0.8225098 0.328125 0.8043213 0.3613281 0.8225098 0.4233399 0.8070068 0.3757324 0.8056641 0.3613281 0.8225098 0.3757324 0.8056641 0.328125 0.8043213 0.3144531 0.928772 0.3068848 0.9730377 0.3457031 0.9486694 0.3457031 0.9486694 0.3068848 0.9730377 0.342041 0.9700165 0.3457031 0.9486694 0.342041 0.9700165 0.3769531 0.9685974 0.3325195 0.7541504 0.328125 0.8043213 0.3811035 0.7562256 0.3811035 0.7562256 0.328125 0.8043213 0.3776856 0.7932129 0.3811035 0.7562256 0.3776856 0.7932129 0.4299317 0.7581787 0.4299317 0.7581787 0.3776856 0.7932129 0.4233399 0.8070068 0.3337402 0.6875 0.3325195 0.7541504 0.3823242 0.6875 0.3823242 0.6875 0.3325195 0.7541504 0.3811035 0.7562256 0.3823242 0.6875 0.3811035 0.7562256 0.4311524 0.6875 0.4311524 0.6875 0.3811035 0.7562256 0.4299317 0.7581787 0.3989258 0.4458008 0.3718262 0.4379883 0.3591309 0.4511719 0.3591309 0.4511719 0.3718262 0.4379883 0.3515625 0.4355469 0.3591309 0.4511719 0.3515625 0.4355469 0.3588867 0.4545899 0.3588867 0.4545899 0.3515625 0.4355469 0.3295899 0.4511719 0.3588867 0.4545899 0.3295899 0.4511719 0.3586426 0.4580078 0.3586426 0.4580078 0.3295899 0.4511719 0.3337402 0.487793 0.3586426 0.4580078 0.3337402 0.487793 0.3649902 0.4873047 0.3649902 0.4873047 0.3337402 0.487793 0.3688965 0.5163574 0.3649902 0.4873047 0.3688965 0.5163574 0.4042969 0.5161133 0.4042969 0.5161133 0.3688965 0.5163574 0.4123535 0.545166 0.4042969 0.5161133 0.4123535 0.545166 0.4248047 0.5163574 0.4042969 0.5161133 0.4248047 0.5163574 0.3964844 0.4868164 0.3964844 0.4868164 0.4248047 0.5163574 0.4372559 0.487793 0.3964844 0.4868164 0.4372559 0.487793 0.3991699 0.4648438 0.3991699 0.4648438 0.4372559 0.487793 0.4284668 0.4604492 0.3991699 0.4648438 0.4284668 0.4604492 0.3989258 0.4458008 0.3989258 0.4458008 0.4284668 0.4604492 0.4189453 0.4335938 0.3989258 0.4458008 0.4189453 0.4335938 0.3718262 0.4379883 0.3718262 0.4379883 0.4189453 0.4335938 0.3962402 0.4267578 0.3718262 0.4379883 0.3962402 0.4267578 0.3737793 0.4194336 0.3718262 0.4379883 0.3737793 0.4194336 0.3515625 0.4355469 0.3515625 0.4355469 0.3737793 0.4194336 0.296875 0.4404297 0.3515625 0.4355469 0.296875 0.4404297 0.2875977 0.4487305 0.2875977 0.4487305 0.296875 0.4404297 0.2454833 0.4467774 0.2875977 0.4487305 0.2454833 0.4467774 0.2687988 0.4863281 0.2687988 0.4863281 0.2454833 0.4467774 0.2347412 0.4833984 0.2687988 0.4863281 0.2347412 0.4833984 0.2578125 0.515625 0.2578125 0.515625 0.2347412 0.4833984 0.2238769 0.5144043 0.2578125 0.515625 0.2238769 0.5144043 0.2130126 0.545166 0.2130126 0.545166 0.2238769 0.5144043 0.1630859 0.5090332 0.2130126 0.545166 0.1630859 0.5090332 0.1496582 0.545166 0.1496582 0.545166 0.1630859 0.5090332 0.119812 0.545166 0.1496582 0.545166 0.119812 0.545166 0.1427001 0.5930176 0.1427001 0.5930176 0.119812 0.545166 0.1104736 0.5930176 0.1427001 0.5930176 0.1104736 0.5930176 0.1331787 0.6376953 0.1331787 0.6376953 0.1104736 0.5930176 0.09918212 0.6376953 0.1331787 0.6376953 0.09918212 0.6376953 0.1190185 0.6875 0.1190185 0.6875 0.09918212 0.6376953 0.08398437 0.6875 0.3989258 0.4458008 0.3591309 0.4511719 0.3991699 0.4648438 0.3649902 0.4873047 0.4042969 0.5161133 0.3964844 0.4868164 0.3649902 0.4873047 0.3964844 0.4868164 0.3586426 0.4580078 0.3586426 0.4580078 0.3964844 0.4868164 0.3991699 0.4648438 0.3295899 0.4511719 0.3012695 0.4868164 0.3337402 0.487793 0.1950682 0.6875 0.1331787 0.6376953 0.1190185 0.6875 0.2130126 0.545166 0.1496582 0.545166 0.2089843 0.5930176 0.2089843 0.5930176 0.1496582 0.545166 0.1427001 0.5930176 0.2089843 0.5930176 0.1427001 0.5930176 0.2033691 0.6376953 0.4384766 0.4438477 0.4189453 0.4335938 0.4284668 0.4604492 0.4384766 0.4438477 0.4284668 0.4604492 0.4477539 0.4711914 0.4477539 0.4711914 0.4284668 0.4604492 0.4372559 0.487793 0.4384766 0.4438477 0.4477539 0.4711914 0.458252 0.4545899 0.1361083 0.505127 0.119812 0.545166 0.1630859 0.5090332 0.1361083 0.505127 0.1630859 0.5090332 0.1765136 0.4731445 0.1765136 0.4731445 0.1630859 0.5090332 0.2238769 0.5144043 0.1765136 0.4731445 0.2238769 0.5144043 0.2347412 0.4833984 0.1765136 0.4731445 0.2347412 0.4833984 0.2454833 0.4467774 0.1765136 0.4731445 0.2454833 0.4467774 0.1524658 0.465332 0.1524658 0.465332 0.2454833 0.4467774 0.2291259 0.4228516 0.2291259 0.4228516 0.2454833 0.4467774 0.296875 0.4404297 0.2291259 0.4228516 0.296875 0.4404297 0.3015137 0.4208984 0.3015137 0.4208984 0.296875 0.4404297 0.3737793 0.4194336 0.1361083 0.505127 0.1765136 0.4731445 0.1524658 0.465332 0.2033691 0.6376953 0.1427001 0.5930176 0.1331787 0.6376953 0.2033691 0.6376953 0.1331787 0.6376953 0.1950682 0.6875 0.2033691 0.6376953 0.1950682 0.6875 0.2360839 0.6875 0.2033691 0.6376953 0.2360839 0.6875 0.239746 0.6376953 0.2033691 0.6376953 0.239746 0.6376953 0.2089843 0.5930176 0.2089843 0.5930176 0.239746 0.6376953 0.2429199 0.5930176 0.2089843 0.5930176 0.2429199 0.5930176 0.2130126 0.545166 0.2130126 0.545166 0.2429199 0.5930176 0.246582 0.545166 0.2130126 0.545166 0.246582 0.545166 0.2578125 0.515625 0.2578125 0.515625 0.246582 0.545166 0.2956543 0.5161133 0.2956543 0.5161133 0.246582 0.545166 0.2900391 0.545166 0.2956543 0.5161133 0.2900391 0.545166 0.3337402 0.5166016 0.3337402 0.5166016 0.2900391 0.545166 0.3337402 0.5454102 0.3337402 0.5166016 0.3337402 0.5454102 0.3730469 0.545166 0.3730469 0.545166 0.3337402 0.5454102 0.3776856 0.5930176 0.3776856 0.5930176 0.3337402 0.5454102 0.3337402 0.5930176 0.3776856 0.5930176 0.3337402 0.5930176 0.3806152 0.6376953 0.3806152 0.6376953 0.3337402 0.5930176 0.3337402 0.6376953 0.3806152 0.6376953 0.3337402 0.6376953 0.3337402 0.6875 0.3806152 0.6376953 0.3337402 0.6875 0.3823242 0.6875 0.3806152 0.6376953 0.3823242 0.6875 0.4311524 0.6875 0.3806152 0.6376953 0.4311524 0.6875 0.4277344 0.6376953 0.3806152 0.6376953 0.4277344 0.6376953 0.3776856 0.5930176 0.3776856 0.5930176 0.4277344 0.6376953 0.4216309 0.5930176 0.3776856 0.5930176 0.4216309 0.5930176 0.4123535 0.545166 0.3776856 0.5930176 0.4123535 0.545166 0.3730469 0.545166 0.3730469 0.545166 0.4123535 0.545166 0.3688965 0.5163574 0.3730469 0.545166 0.3688965 0.5163574 0.3337402 0.5166016 0.3337402 0.5166016 0.3688965 0.5163574 0.3337402 0.487793 0.3337402 0.5166016 0.3337402 0.487793 0.2956543 0.5161133 0.2956543 0.5161133 0.3337402 0.487793 0.3012695 0.4868164 0.2956543 0.5161133 0.3012695 0.4868164 0.2578125 0.515625 0.2578125 0.515625 0.3012695 0.4868164 0.2687988 0.4863281 0.2687988 0.4863281 0.3012695 0.4868164 0.3295899 0.4511719 0.2687988 0.4863281 0.3295899 0.4511719 0.2875977 0.4487305 0.2875977 0.4487305 0.3295899 0.4511719 0.3515625 0.4355469 0.239746 0.6376953 0.2360839 0.6875 0.2849121 0.6875 0.239746 0.6376953 0.2849121 0.6875 0.2866211 0.6376953 0.2866211 0.6376953 0.2849121 0.6875 0.3337402 0.6875 0.2866211 0.6376953 0.3337402 0.6875 0.3337402 0.6376953 0.2866211 0.6376953 0.3337402 0.6376953 0.3337402 0.5930176 0.2866211 0.6376953 0.3337402 0.5930176 0.2883301 0.5930176 0.2883301 0.5930176 0.3337402 0.5930176 0.3337402 0.5454102 0.2883301 0.5930176 0.3337402 0.5454102 0.2900391 0.545166 0.2883301 0.5930176 0.2900391 0.545166 0.246582 0.545166 0.2883301 0.5930176 0.246582 0.545166 0.2429199 0.5930176 0.2883301 0.5930176 0.2429199 0.5930176 0.2866211 0.6376953 0.2866211 0.6376953 0.2429199 0.5930176 0.239746 0.6376953 0.6650391 0.009277343 0.6176758 0.009277343 0.6650391 0.05126953 0.6650391 0.009277343 0.6650391 0.05126953 0.7128906 0.009277343 0.7128906 0.009277343 0.6650391 0.05126953 0.7207031 0.05078125 0.7128906 0.009277343 0.7207031 0.05078125 0.7763672 0.0502929 0.7128906 0.009277343 0.7763672 0.0502929 0.7602539 0.009277343 0.7602539 0.009277343 0.7763672 0.0502929 0.8300781 0.04589837 0.8300781 0.04589837 0.7763672 0.0502929 0.8491211 0.08691406 0.8300781 0.04589837 0.8491211 0.08691406 0.8989258 0.08251953 0.8989258 0.08251953 0.8491211 0.08691406 0.9248047 0.1474609 0.5844727 0.3447266 0.6650391 0.2885742 0.5830078 0.2871094 0.5830078 0.2871094 0.6650391 0.2885742 0.6650391 0.2236328 0.5830078 0.2871094 0.6650391 0.2236328 0.5854492 0.2207031 0.5854492 0.2207031 0.6650391 0.2236328 0.590332 0.1596679 0.5854492 0.2207031 0.590332 0.1596679 0.515625 0.1567382 0.515625 0.1567382 0.590332 0.1596679 0.5351563 0.09082031 0.515625 0.1567382 0.5351563 0.09082031 0.4577637 0.152832 0.4577637 0.152832 0.5351563 0.09082031 0.4812012 0.08740234 0.4577637 0.152832 0.4812012 0.08740234 0.4055176 0.1489257 0.4055176 0.1489257 0.4812012 0.08740234 0.4311524 0.08398437 0.4311524 0.08398437 0.4812012 0.08740234 0.5 0.046875 0.5 0.046875 0.4812012 0.08740234 0.5537109 0.0502929 0.5 0.046875 0.5537109 0.0502929 0.5703125 0.009277343 0.5703125 0.009277343 0.5537109 0.0502929 0.6176758 0.009277343 0.6176758 0.009277343 0.5537109 0.0502929 0.609375 0.05078125 0.6176758 0.009277343 0.609375 0.05078125 0.6650391 0.05126953 0.6650391 0.05126953 0.609375 0.05078125 0.6650391 0.09375 0.6650391 0.05126953 0.6650391 0.09375 0.7207031 0.05078125 0.7207031 0.05078125 0.6650391 0.09375 0.7304688 0.09228515 0.7207031 0.05078125 0.7304688 0.09228515 0.7763672 0.0502929 0.7763672 0.0502929 0.7304688 0.09228515 0.7954102 0.09082031 0.7763672 0.0502929 0.7954102 0.09082031 0.8491211 0.08691406 0.8491211 0.08691406 0.7954102 0.09082031 0.8730469 0.1523437 0.8491211 0.08691406 0.8730469 0.1523437 0.9248047 0.1474609 0.9248047 0.1474609 0.8730469 0.1523437 0.8852539 0.2128906 0.9248047 0.1474609 0.8852539 0.2128906 0.9404297 0.2080078 0.9404297 0.2080078 0.8852539 0.2128906 0.8925781 0.2797852 0.9404297 0.2080078 0.8925781 0.2797852 0.9492188 0.2749024 0.9492188 0.2749024 0.8925781 0.2797852 0.8896484 0.3359375 0.8896484 0.3359375 0.8925781 0.2797852 0.8300781 0.2851563 0.8896484 0.3359375 0.8300781 0.2851563 0.8266602 0.3413086 0.8266602 0.3413086 0.8300781 0.2851563 0.7475586 0.2871094 0.8266602 0.3413086 0.7475586 0.2871094 0.7456055 0.3447266 0.7456055 0.3447266 0.7475586 0.2871094 0.6650391 0.2885742 0.7456055 0.3447266 0.6650391 0.2885742 0.6650391 0.3481445 0.6650391 0.3481445 0.6650391 0.2885742 0.5844727 0.3447266 0.6650391 0.3481445 0.5844727 0.3447266 0.5874024 0.4023438 0.5874024 0.4023438 0.5844727 0.3447266 0.5097656 0.3974609 0.5097656 0.3974609 0.5844727 0.3447266 0.5039063 0.3413086 0.5097656 0.3974609 0.5039063 0.3413086 0.4406738 0.3369141 0.4406738 0.3369141 0.5039063 0.3413086 0.5004883 0.2851563 0.4406738 0.3369141 0.5004883 0.2851563 0.4377442 0.2807617 0.4377442 0.2807617 0.5004883 0.2851563 0.5058594 0.2177734 0.4377442 0.2807617 0.5058594 0.2177734 0.4450684 0.2138671 0.4450684 0.2138671 0.5058594 0.2177734 0.4577637 0.152832 0.4450684 0.2138671 0.4577637 0.152832 0.4055176 0.1489257 0.4450684 0.2138671 0.4055176 0.1489257 0.3901367 0.2094725 0.4450684 0.2138671 0.3901367 0.2094725 0.4377442 0.2807617 0.4377442 0.2807617 0.3901367 0.2094725 0.3811035 0.2763672 0.4377442 0.2807617 0.3811035 0.2763672 0.4406738 0.3369141 0.5844727 0.3447266 0.5830078 0.2871094 0.5039063 0.3413086 0.5039063 0.3413086 0.5830078 0.2871094 0.5004883 0.2851563 0.5004883 0.2851563 0.5830078 0.2871094 0.5854492 0.2207031 0.5004883 0.2851563 0.5854492 0.2207031 0.5058594 0.2177734 0.5058594 0.2177734 0.5854492 0.2207031 0.515625 0.1567382 0.5058594 0.2177734 0.515625 0.1567382 0.4577637 0.152832 0.6000977 0.09228515 0.5351563 0.09082031 0.590332 0.1596679 0.590332 0.1596679 0.6650391 0.09375 0.6000977 0.09228515 0.6000977 0.09228515 0.6650391 0.09375 0.609375 0.05078125 0.6000977 0.09228515 0.609375 0.05078125 0.5537109 0.0502929 0.6000977 0.09228515 0.5537109 0.0502929 0.5351563 0.09082031 0.5351563 0.09082031 0.5537109 0.0502929 0.4812012 0.08740234 0.6650391 0.3481445 0.5874024 0.4023438 0.6650391 0.4072266 0.6650391 0.3481445 0.6650391 0.4072266 0.7426758 0.4023438 0.6650391 0.3481445 0.7426758 0.4023438 0.7456055 0.3447266 0.7456055 0.3447266 0.7426758 0.4023438 0.8203125 0.3974609 0.7456055 0.3447266 0.8203125 0.3974609 0.8266602 0.3413086 0.8266602 0.3413086 0.8203125 0.3974609 0.8896484 0.3359375 0.6650391 0.2236328 0.6650391 0.2885742 0.7475586 0.2871094 0.6650391 0.2236328 0.7475586 0.2871094 0.7446289 0.2207031 0.7446289 0.2207031 0.7475586 0.2871094 0.8300781 0.2851563 0.7446289 0.2207031 0.8300781 0.2851563 0.8242188 0.2177734 0.8242188 0.2177734 0.8300781 0.2851563 0.8925781 0.2797852 0.8242188 0.2177734 0.8925781 0.2797852 0.8852539 0.2128906 0.8242188 0.2177734 0.8852539 0.2128906 0.8730469 0.1523437 0.8242188 0.2177734 0.8730469 0.1523437 0.8144531 0.1567382 0.8144531 0.1567382 0.8730469 0.1523437 0.7954102 0.09082031 0.8144531 0.1567382 0.7954102 0.09082031 0.7397461 0.1596679 0.7397461 0.1596679 0.7954102 0.09082031 0.7304688 0.09228515 0.7397461 0.1596679 0.7304688 0.09228515 0.6650391 0.09375 0.7397461 0.1596679 0.6650391 0.09375 0.6650391 0.1625975 0.6650391 0.1625975 0.6650391 0.09375 0.590332 0.1596679 0.6650391 0.1625975 0.590332 0.1596679 0.6650391 0.2236328 0.6650391 0.1625975 0.6650391 0.2236328 0.7397461 0.1596679 0.7397461 0.1596679 0.6650391 0.2236328 0.7446289 0.2207031 0.7397461 0.1596679 0.7446289 0.2207031 0.8144531 0.1567382 0.8144531 0.1567382 0.7446289 0.2207031 0.8242188 0.2177734 0.8408203 0.75 0.8979492 0.7194824 0.9091797 0.7553711 0.8408203 0.75 0.9091797 0.7553711 0.8652344 0.7803955 0.8652344 0.7803955 0.9091797 0.7553711 0.9135742 0.8071289 0.6523438 0.5703125 0.675293 0.5410156 0.6933594 0.5537109 0.6523438 0.5703125 0.6933594 0.5537109 0.6704102 0.5842285 0.6704102 0.5842285 0.6933594 0.5537109 0.7353516 0.5847168 0.6704102 0.5842285 0.7353516 0.5847168 0.7094727 0.6203613 0.7094727 0.6203613 0.7353516 0.5847168 0.7504883 0.6540527 0.7504883 0.6540527 0.7353516 0.5847168 0.777832 0.6157227 0.7504883 0.6540527 0.777832 0.6157227 0.7978516 0.6721192 0.7978516 0.6721192 0.777832 0.6157227 0.8261719 0.6391602 0.7978516 0.6721192 0.8261719 0.6391602 0.8432617 0.6823731 0.7978516 0.6721192 0.8432617 0.6823731 0.8095703 0.7102051 0.8095703 0.7102051 0.8432617 0.6823731 0.8588867 0.7160645 0.8095703 0.7102051 0.8588867 0.7160645 0.8242188 0.7385254 0.8242188 0.7385254 0.8588867 0.7160645 0.8408203 0.75 0.9052734 0.5974121 0.8544922 0.6091309 0.9169922 0.6242676 0.9106445 0.5283203 0.9711914 0.5441895 0.9570313 0.5078125 0.9106445 0.5283203 0.9570313 0.5078125 0.9008789 0.4589844 0.9106445 0.5283203 0.9008789 0.4589844 0.8706055 0.4926758 0.8706055 0.4926758 0.9008789 0.4589844 0.8291016 0.4428711 0.8706055 0.4926758 0.8291016 0.4428711 0.8208008 0.4755859 0.8208008 0.4755859 0.8291016 0.4428711 0.7724609 0.4458008 0.8208008 0.4755859 0.7724609 0.4458008 0.7416992 0.4858399 0.7416992 0.4858399 0.7724609 0.4458008 0.7607422 0.4350586 0.7416992 0.4858399 0.7607422 0.4350586 0.7236328 0.4780274 0.7416992 0.4858399 0.7236328 0.4780274 0.7124024 0.5224609 0.7124024 0.5224609 0.7236328 0.4780274 0.6982422 0.5107422 0.7124024 0.5224609 0.6982422 0.5107422 0.6738281 0.5390625 0.7124024 0.5224609 0.6738281 0.5390625 0.6923828 0.552002 0.6923828 0.552002 0.6738281 0.5390625 0.6523438 0.5703125 0.6923828 0.552002 0.6523438 0.5703125 0.6704102 0.5842285 0.6923828 0.552002 0.6704102 0.5842285 0.7338867 0.5827637 0.7338867 0.5827637 0.6704102 0.5842285 0.7094727 0.6203613 0.7338867 0.5827637 0.7094727 0.6203613 0.7504883 0.6540527 0.7338867 0.5827637 0.7504883 0.6540527 0.7763672 0.6137695 0.7338867 0.5827637 0.7763672 0.6137695 0.7553711 0.5454102 0.7553711 0.5454102 0.7763672 0.6137695 0.8037109 0.5729981 0.7553711 0.5454102 0.8037109 0.5729981 0.840332 0.5261231 0.840332 0.5261231 0.8037109 0.5729981 0.8544922 0.6091309 0.840332 0.5261231 0.8544922 0.6091309 0.894043 0.5705567 0.894043 0.5705567 0.8544922 0.6091309 0.9052734 0.5974121 0.894043 0.5705567 0.9052734 0.5974121 0.9428711 0.5759277 0.9428711 0.5759277 0.9052734 0.5974121 0.9169922 0.6242676 0.9428711 0.5759277 0.9169922 0.6242676 0.9511719 0.6025391 0.9511719 0.6025391 0.9169922 0.6242676 0.9355469 0.6740723 0.9511719 0.6025391 0.9355469 0.6740723 0.9868164 0.6420899 0.9868164 0.6420899 0.9355469 0.6740723 0.9799805 0.6784668 0.9799805 0.6784668 0.9355469 0.6740723 0.9350586 0.7004395 0.9350586 0.7004395 0.9355469 0.6740723 0.8920899 0.6945801 0.9350586 0.7004395 0.8920899 0.6945801 0.8969727 0.7180176 0.8969727 0.7180176 0.8920899 0.6945801 0.8579102 0.7145996 0.8969727 0.7180176 0.8579102 0.7145996 0.8408203 0.75 0.8408203 0.75 0.8579102 0.7145996 0.8242188 0.7385254 0.8242188 0.7385254 0.8579102 0.7145996 0.8095703 0.7102051 0.8095703 0.7102051 0.8579102 0.7145996 0.8417969 0.6804199 0.8095703 0.7102051 0.8417969 0.6804199 0.7978516 0.6721192 0.7978516 0.6721192 0.8417969 0.6804199 0.824707 0.6369629 0.7978516 0.6721192 0.824707 0.6369629 0.7763672 0.6137695 0.7763672 0.6137695 0.824707 0.6369629 0.8037109 0.5729981 0.8037109 0.5729981 0.824707 0.6369629 0.8544922 0.6091309 0.8544922 0.6091309 0.824707 0.6369629 0.8828125 0.6508789 0.8544922 0.6091309 0.8828125 0.6508789 0.9169922 0.6242676 0.9169922 0.6242676 0.8828125 0.6508789 0.9355469 0.6740723 0.9355469 0.6740723 0.8828125 0.6508789 0.8920899 0.6945801 0.8920899 0.6945801 0.8828125 0.6508789 0.8417969 0.6804199 0.8920899 0.6945801 0.8417969 0.6804199 0.8579102 0.7145996 0.8828125 0.6508789 0.824707 0.6369629 0.8417969 0.6804199 0.7504883 0.6540527 0.7978516 0.6721192 0.7763672 0.6137695 0.9511719 0.6025391 0.9868164 0.6420899 0.9858399 0.5805664 0.9511719 0.6025391 0.9858399 0.5805664 0.9428711 0.5759277 0.9428711 0.5759277 0.9858399 0.5805664 0.9711914 0.5441895 0.9428711 0.5759277 0.9711914 0.5441895 0.9106445 0.5283203 0.9428711 0.5759277 0.9106445 0.5283203 0.894043 0.5705567 0.894043 0.5705567 0.9106445 0.5283203 0.840332 0.5261231 0.840332 0.5261231 0.9106445 0.5283203 0.8706055 0.4926758 0.840332 0.5261231 0.8706055 0.4926758 0.8208008 0.4755859 0.840332 0.5261231 0.8208008 0.4755859 0.784668 0.5019531 0.784668 0.5019531 0.8208008 0.4755859 0.7416992 0.4858399 0.784668 0.5019531 0.7416992 0.4858399 0.7553711 0.5454102 0.7553711 0.5454102 0.7416992 0.4858399 0.7124024 0.5224609 0.7553711 0.5454102 0.7124024 0.5224609 0.7338867 0.5827637 0.7338867 0.5827637 0.7124024 0.5224609 0.6923828 0.552002 0.7553711 0.5454102 0.840332 0.5261231 0.784668 0.5019531 0.8969727 0.7180176 0.8408203 0.75 0.9082031 0.7542725 0.9082031 0.7542725 0.8408203 0.75 0.8652344 0.7803955 0.9082031 0.7542725 0.8652344 0.7803955 0.9135742 0.8071289 0.9169922 0.5939942 0.9477539 0.5737305 0.9033203 0.5656738 0.9033203 0.5656738 0.8647461 0.6049805 0.9169922 0.5939942 0.9169922 0.5939942 0.8647461 0.6049805 0.9306641 0.6223145 0.9169922 0.5939942 0.9306641 0.6223145 0.9477539 0.5737305 0.9477539 0.5737305 0.9306641 0.6223145 0.9580078 0.6015625 0.9477539 0.5737305 0.9580078 0.6015625 0.9858399 0.5805664 0.9858399 0.5805664 0.9580078 0.6015625 0.9868164 0.6420899 0.9868164 0.6420899 0.9580078 0.6015625 0.9467774 0.6726074 0.9868164 0.6420899 0.9467774 0.6726074 0.9799805 0.6784668 0.9799805 0.6784668 0.9467774 0.6726074 0.9360352 0.7019043 0.9360352 0.7019043 0.9467774 0.6726074 0.9033203 0.6936035 0.9360352 0.7019043 0.9033203 0.6936035 0.8979492 0.7194824 0.8979492 0.7194824 0.9033203 0.6936035 0.8588867 0.7160645 0.8588867 0.7160645 0.9033203 0.6936035 0.8432617 0.6823731 0.8432617 0.6823731 0.9033203 0.6936035 0.8964844 0.6494141 0.8432617 0.6823731 0.8964844 0.6494141 0.8261719 0.6391602 0.8261719 0.6391602 0.8964844 0.6494141 0.8647461 0.6049805 0.8647461 0.6049805 0.8964844 0.6494141 0.9306641 0.6223145 0.9306641 0.6223145 0.8964844 0.6494141 0.9467774 0.6726074 0.9306641 0.6223145 0.9467774 0.6726074 0.9580078 0.6015625 0.9033203 0.6936035 0.9467774 0.6726074 0.8964844 0.6494141 0.9858399 0.5805664 0.9711914 0.5441895 0.9477539 0.5737305 0.9477539 0.5737305 0.9711914 0.5441895 0.9155274 0.5258789 0.9477539 0.5737305 0.9155274 0.5258789 0.9033203 0.5656738 0.9033203 0.5656738 0.9155274 0.5258789 0.8500977 0.5212402 0.9033203 0.5656738 0.8500977 0.5212402 0.8647461 0.6049805 0.8647461 0.6049805 0.8500977 0.5212402 0.8139649 0.5686035 0.8647461 0.6049805 0.8139649 0.5686035 0.8261719 0.6391602 0.8261719 0.6391602 0.8139649 0.5686035 0.777832 0.6157227 0.777832 0.6157227 0.8139649 0.5686035 0.7651367 0.5407715 0.777832 0.6157227 0.7651367 0.5407715 0.7353516 0.5847168 0.7353516 0.5847168 0.7651367 0.5407715 0.722168 0.517334 0.7353516 0.5847168 0.722168 0.517334 0.6933594 0.5537109 0.6933594 0.5537109 0.722168 0.517334 0.675293 0.5410156 0.675293 0.5410156 0.722168 0.517334 0.7080078 0.5058594 0.7080078 0.5058594 0.722168 0.517334 0.7324219 0.4726563 0.7324219 0.4726563 0.722168 0.517334 0.7504883 0.4804688 0.7504883 0.4804688 0.722168 0.517334 0.7651367 0.5407715 0.7504883 0.4804688 0.7651367 0.5407715 0.7944336 0.4970703 0.7944336 0.4970703 0.7651367 0.5407715 0.8500977 0.5212402 0.7944336 0.4970703 0.8500977 0.5212402 0.824707 0.4726563 0.824707 0.4726563 0.8500977 0.5212402 0.8754883 0.4902344 0.824707 0.4726563 0.8754883 0.4902344 0.8291016 0.4428711 0.8291016 0.4428711 0.8754883 0.4902344 0.9008789 0.4589844 0.9008789 0.4589844 0.8754883 0.4902344 0.9155274 0.5258789 0.9008789 0.4589844 0.9155274 0.5258789 0.9570313 0.5078125 0.9570313 0.5078125 0.9155274 0.5258789 0.9711914 0.5441895 0.8500977 0.5212402 0.7651367 0.5407715 0.8139649 0.5686035 0.9155274 0.5258789 0.8754883 0.4902344 0.8500977 0.5212402 0.8291016 0.4428711 0.7724609 0.4458008 0.824707 0.4726563 0.824707 0.4726563 0.7724609 0.4458008 0.7504883 0.4804688 0.824707 0.4726563 0.7504883 0.4804688 0.7944336 0.4970703 0.7763672 0.6137695 0.8037109 0.5729981 0.824707 0.6369629 0.824707 0.6369629 0.8037109 0.5729981 0.8544922 0.6091309 0.824707 0.6369629 0.8544922 0.6091309 0.8828125 0.6508789 0.8828125 0.6508789 0.8544922 0.6091309 0.9169922 0.6242676 0.9169922 0.6242676 0.8544922 0.6091309 0.9052734 0.5974121 0.8095703 0.7102051 0.7978516 0.6721192 0.8417969 0.6804199 0.8095703 0.7102051 0.8417969 0.6804199 0.8579102 0.7145996 0.8579102 0.7145996 0.8417969 0.6804199 0.8920899 0.6945801 0.8579102 0.7145996 0.8920899 0.6945801 0.8969727 0.7180176 0.8969727 0.7180176 0.8920899 0.6945801 0.9350586 0.7004395 0.9350586 0.7004395 0.8920899 0.6945801 0.9355469 0.6740723 0.9350586 0.7004395 0.9355469 0.6740723 0.9799805 0.6784668 0.9799805 0.6784668 0.9355469 0.6740723 0.9868164 0.6420899 0.9868164 0.6420899 0.9355469 0.6740723 0.9511719 0.6025391 0.9868164 0.6420899 0.9511719 0.6025391 0.9858399 0.5805664 0.9858399 0.5805664 0.9511719 0.6025391 0.9428711 0.5759277 0.9858399 0.5805664 0.9428711 0.5759277 0.9711914 0.5441895 0.9711914 0.5441895 0.9428711 0.5759277 0.9106445 0.5283203 0.9711914 0.5441895 0.9106445 0.5283203 0.9570313 0.5078125 0.9570313 0.5078125 0.9106445 0.5283203 0.9008789 0.4589844 0.9008789 0.4589844 0.9106445 0.5283203 0.8706055 0.4926758 0.9008789 0.4589844 0.8706055 0.4926758 0.8291016 0.4428711 0.8291016 0.4428711 0.8706055 0.4926758 0.8208008 0.4755859 0.8291016 0.4428711 0.8208008 0.4755859 0.7724609 0.4458008 0.7724609 0.4458008 0.8208008 0.4755859 0.7416992 0.4858399 0.7724609 0.4458008 0.7416992 0.4858399 0.7607422 0.4350586 0.7607422 0.4350586 0.7416992 0.4858399 0.7236328 0.4780274 0.7236328 0.4780274 0.7416992 0.4858399 0.7124024 0.5224609 0.7236328 0.4780274 0.7124024 0.5224609 0.6982422 0.5107422 0.6982422 0.5107422 0.7124024 0.5224609 0.6738281 0.5390625 0.6738281 0.5390625 0.7124024 0.5224609 0.6923828 0.552002 0.6738281 0.5390625 0.6923828 0.552002 0.6523438 0.5703125 0.6523438 0.5703125 0.6923828 0.552002 0.6704102 0.5842285 0.6704102 0.5842285 0.6923828 0.552002 0.7338867 0.5827637 0.6704102 0.5842285 0.7338867 0.5827637 0.7094727 0.6203613 0.7094727 0.6203613 0.7338867 0.5827637 0.7504883 0.6540527 0.7504883 0.6540527 0.7338867 0.5827637 0.7763672 0.6137695 0.7504883 0.6540527 0.7763672 0.6137695 0.7978516 0.6721192 0.7978516 0.6721192 0.7763672 0.6137695 0.824707 0.6369629 0.7978516 0.6721192 0.824707 0.6369629 0.8417969 0.6804199 0.8417969 0.6804199 0.824707 0.6369629 0.8828125 0.6508789 0.8417969 0.6804199 0.8828125 0.6508789 0.8920899 0.6945801 0.8920899 0.6945801 0.8828125 0.6508789 0.9355469 0.6740723 0.9355469 0.6740723 0.8828125 0.6508789 0.9169922 0.6242676 0.9355469 0.6740723 0.9169922 0.6242676 0.9511719 0.6025391 0.9511719 0.6025391 0.9169922 0.6242676 0.9428711 0.5759277 0.9428711 0.5759277 0.9169922 0.6242676 0.9052734 0.5974121 0.9428711 0.5759277 0.9052734 0.5974121 0.894043 0.5705567 0.894043 0.5705567 0.9052734 0.5974121 0.8544922 0.6091309 0.894043 0.5705567 0.8544922 0.6091309 0.840332 0.5261231 0.840332 0.5261231 0.8544922 0.6091309 0.8037109 0.5729981 0.840332 0.5261231 0.8037109 0.5729981 0.7553711 0.5454102 0.7553711 0.5454102 0.8037109 0.5729981 0.7763672 0.6137695 0.7553711 0.5454102 0.7763672 0.6137695 0.7338867 0.5827637 0.7553711 0.5454102 0.7338867 0.5827637 0.7124024 0.5224609 0.7124024 0.5224609 0.7338867 0.5827637 0.6923828 0.552002 0.7124024 0.5224609 0.7416992 0.4858399 0.7553711 0.5454102 0.7553711 0.5454102 0.7416992 0.4858399 0.784668 0.5019531 0.7553711 0.5454102 0.784668 0.5019531 0.840332 0.5261231 0.840332 0.5261231 0.784668 0.5019531 0.8208008 0.4755859 0.840332 0.5261231 0.8208008 0.4755859 0.8706055 0.4926758 0.840332 0.5261231 0.8706055 0.4926758 0.9106445 0.5283203 0.840332 0.5261231 0.9106445 0.5283203 0.894043 0.5705567 0.894043 0.5705567 0.9106445 0.5283203 0.9428711 0.5759277 0.7416992 0.4858399 0.8208008 0.4755859 0.784668 0.5019531 0.8242188 0.7385254 0.8095703 0.7102051 0.8579102 0.7145996 0.8242188 0.7385254 0.8579102 0.7145996 0.8408203 0.75 0.8408203 0.75 0.8579102 0.7145996 0.8969727 0.7180176 0.8408203 0.75 0.8969727 0.7180176 0.9082031 0.7542725 0.8408203 0.75 0.9082031 0.7542725 0.8652344 0.7803955 0.8652344 0.7803955 0.9082031 0.7542725 0.9135742 0.8071289 0.8764649 0.7692871 0.9213867 0.8178711 0.9101563 0.7490234 0.8764649 0.7692871 0.9101563 0.7490234 0.8979492 0.7133789 0.8764649 0.7692871 0.8979492 0.7133789 0.8583984 0.7385254 0.8583984 0.7385254 0.8979492 0.7133789 0.8740234 0.7033692 0.8583984 0.7385254 0.8740234 0.7033692 0.8325195 0.71875 0.8325195 0.71875 0.8740234 0.7033692 0.8173828 0.690918 0.8173828 0.690918 0.8740234 0.7033692 0.8540039 0.6689453 0.8173828 0.690918 0.8540039 0.6689453 0.8046875 0.6535645 0.940918 0.6965332 0.9169922 0.6799317 0.8979492 0.7133789 0.8979492 0.7133789 0.9169922 0.6799317 0.8740234 0.7033692 0.8740234 0.7033692 0.9169922 0.6799317 0.8540039 0.6689453 0.8618164 0.4995117 0.7998047 0.4848633 0.7685547 0.5266113 0.7685547 0.5266113 0.7998047 0.4848633 0.7583008 0.4741211 0.7685547 0.5266113 0.7583008 0.4741211 0.7182617 0.5163574 0.7182617 0.5163574 0.7583008 0.4741211 0.7041016 0.505127 0.7182617 0.5163574 0.7041016 0.505127 0.6728516 0.5410156 0.7182617 0.5163574 0.6728516 0.5410156 0.6914063 0.5532227 0.6914063 0.5532227 0.6728516 0.5410156 0.6484375 0.5700684 0.6914063 0.5532227 0.6484375 0.5700684 0.6665039 0.583252 0.6914063 0.5532227 0.6665039 0.583252 0.7412109 0.5710449 0.7412109 0.5710449 0.6665039 0.583252 0.7119141 0.6074219 0.7412109 0.5710449 0.7119141 0.6074219 0.7641602 0.6279297 0.7412109 0.5710449 0.7641602 0.6279297 0.7905274 0.592041 0.7905274 0.592041 0.7641602 0.6279297 0.8046875 0.6535645 0.7905274 0.592041 0.8046875 0.6535645 0.8378906 0.6220703 0.8378906 0.6220703 0.8046875 0.6535645 0.8540039 0.6689453 0.8378906 0.6220703 0.8540039 0.6689453 0.9052734 0.6350098 0.9052734 0.6350098 0.8540039 0.6689453 0.9169922 0.6799317 0.9052734 0.6350098 0.9169922 0.6799317 0.9521484 0.6606445 0.9521484 0.6606445 0.9169922 0.6799317 0.940918 0.6965332 0.9521484 0.6606445 0.940918 0.6965332 0.9746094 0.677002 0.9521484 0.6606445 0.9746094 0.677002 0.9897461 0.6367188 0.9521484 0.6606445 0.9897461 0.6367188 0.9682617 0.5891113 0.9682617 0.5891113 0.9897461 0.6367188 0.9863281 0.5759277 0.9682617 0.5891113 0.9863281 0.5759277 0.956543 0.5578613 0.956543 0.5578613 0.9863281 0.5759277 0.9697266 0.5402832 0.956543 0.5578613 0.9697266 0.5402832 0.9536134 0.5046387 0.956543 0.5578613 0.9536134 0.5046387 0.9213867 0.5109863 0.9213867 0.5109863 0.9536134 0.5046387 0.8969727 0.4575195 0.9213867 0.5109863 0.8969727 0.4575195 0.8793945 0.4785156 0.8793945 0.4785156 0.8969727 0.4575195 0.8300781 0.4414063 0.8793945 0.4785156 0.8300781 0.4414063 0.8291016 0.4648438 0.8291016 0.4648438 0.8300781 0.4414063 0.7827149 0.4448242 0.8291016 0.4648438 0.7827149 0.4448242 0.7583008 0.4741211 0.7583008 0.4741211 0.7827149 0.4448242 0.7495117 0.4663086 0.7583008 0.4741211 0.7495117 0.4663086 0.7041016 0.505127 0.8291016 0.4648438 0.7583008 0.4741211 0.7998047 0.4848633 0.8291016 0.4648438 0.7998047 0.4848633 0.8618164 0.4995117 0.8291016 0.4648438 0.8618164 0.4995117 0.8793945 0.4785156 0.8793945 0.4785156 0.8618164 0.4995117 0.9213867 0.5109863 0.9213867 0.5109863 0.8618164 0.4995117 0.9204102 0.5356445 0.9213867 0.5109863 0.9204102 0.5356445 0.956543 0.5578613 0.956543 0.5578613 0.9204102 0.5356445 0.9350586 0.5688477 0.956543 0.5578613 0.9350586 0.5688477 0.949707 0.6020508 0.949707 0.6020508 0.9350586 0.5688477 0.8740234 0.5869141 0.949707 0.6020508 0.8740234 0.5869141 0.9052734 0.6350098 0.9052734 0.6350098 0.8740234 0.5869141 0.8378906 0.6220703 0.8378906 0.6220703 0.8740234 0.5869141 0.8173828 0.5529785 0.8378906 0.6220703 0.8173828 0.5529785 0.7905274 0.592041 0.7905274 0.592041 0.8173828 0.5529785 0.7685547 0.5266113 0.7905274 0.592041 0.7685547 0.5266113 0.7412109 0.5710449 0.7412109 0.5710449 0.7685547 0.5266113 0.7182617 0.5163574 0.7412109 0.5710449 0.7182617 0.5163574 0.6914063 0.5532227 0.8618164 0.4995117 0.7685547 0.5266113 0.8173828 0.5529785 0.8618164 0.4995117 0.8173828 0.5529785 0.8740234 0.5869141 0.8618164 0.4995117 0.8740234 0.5869141 0.9204102 0.5356445 0.9204102 0.5356445 0.8740234 0.5869141 0.9350586 0.5688477 0.949707 0.6020508 0.9052734 0.6350098 0.9521484 0.6606445 0.949707 0.6020508 0.9521484 0.6606445 0.9682617 0.5891113 0.949707 0.6020508 0.9682617 0.5891113 0.956543 0.5578613 0.7724609 0.4384766 0.7495117 0.4663086 0.7827149 0.4448242 0.8378906 0.5285645 0.7543945 0.5585938 0.7861328 0.5031738 0.6855469 0.5720215 0.7104492 0.5361328 0.7246094 0.6044922 0.7246094 0.6044922 0.7104492 0.5361328 0.7543945 0.5585938 0.7543945 0.5585938 0.7104492 0.5361328 0.7470703 0.4853516 0.7543945 0.5585938 0.7470703 0.4853516 0.7861328 0.5031738 0.7861328 0.5031738 0.7470703 0.4853516 0.8066406 0.4970703 0.7861328 0.5031738 0.8066406 0.4970703 0.8491211 0.5136719 0.7861328 0.5031738 0.8491211 0.5136719 0.8378906 0.5285645 0.8378906 0.5285645 0.8491211 0.5136719 0.8886719 0.5456543 0.8378906 0.5285645 0.8886719 0.5456543 0.8920899 0.5715332 0.8920899 0.5715332 0.8886719 0.5456543 0.9267578 0.5803223 0.9267578 0.5803223 0.8886719 0.5456543 0.9350586 0.5644531 0.9267578 0.5803223 0.9350586 0.5644531 0.9550781 0.5874024 0.9350586 0.5644531 0.8886719 0.5456543 0.9150391 0.5415039 0.9150391 0.5415039 0.8886719 0.5456543 0.8491211 0.5136719 0.9150391 0.5415039 0.8491211 0.5136719 0.8603516 0.4985352 0.8603516 0.4985352 0.8491211 0.5136719 0.8066406 0.4970703 0.8603516 0.4985352 0.8066406 0.4970703 0.8017578 0.4824219 0.8017578 0.4824219 0.8066406 0.4970703 0.7641602 0.465332 0.7641602 0.465332 0.8066406 0.4970703 0.7470703 0.4853516 0.7641602 0.465332 0.7470703 0.4853516 0.7568359 0.4365234 0.7568359 0.4365234 0.7470703 0.4853516 0.7197266 0.4799805 0.7197266 0.4799805 0.7470703 0.4853516 0.6948242 0.5134277 0.6948242 0.5134277 0.7470703 0.4853516 0.7104492 0.5361328 0.6948242 0.5134277 0.7104492 0.5361328 0.6743164 0.5456543 0.6743164 0.5456543 0.7104492 0.5361328 0.6855469 0.5720215 0.6743164 0.5456543 0.6855469 0.5720215 0.6489258 0.5739746 0.6489258 0.5739746 0.6855469 0.5720215 0.6557617 0.6000977 0.6557617 0.6000977 0.6855469 0.5720215 0.7246094 0.6044922 0.6557617 0.6000977 0.7246094 0.6044922 0.6962891 0.6335449 0.6962891 0.6335449 0.7246094 0.6044922 0.737793 0.6635742 0.737793 0.6635742 0.7246094 0.6044922 0.7612305 0.6276856 0.7612305 0.6276856 0.7246094 0.6044922 0.7543945 0.5585938 0.7612305 0.6276856 0.7543945 0.5585938 0.8041992 0.5817871 0.8041992 0.5817871 0.7543945 0.5585938 0.8378906 0.5285645 0.8041992 0.5817871 0.8378906 0.5285645 0.8505859 0.6140137 0.8505859 0.6140137 0.8378906 0.5285645 0.8920899 0.5715332 0.8505859 0.6140137 0.8920899 0.5715332 0.9072266 0.5947266 0.9072266 0.5947266 0.8920899 0.5715332 0.9267578 0.5803223 0.9072266 0.5947266 0.9267578 0.5803223 0.9384766 0.6025391 0.9384766 0.6025391 0.9267578 0.5803223 0.9550781 0.5874024 0.9384766 0.6025391 0.9550781 0.5874024 0.9765625 0.6379395 0.9384766 0.6025391 0.9765625 0.6379395 0.9448242 0.6621094 0.9448242 0.6621094 0.9765625 0.6379395 0.9775391 0.6721192 0.9448242 0.6621094 0.9775391 0.6721192 0.9433594 0.6994629 0.9448242 0.6621094 0.9433594 0.6994629 0.9042969 0.6879883 0.9042969 0.6879883 0.9433594 0.6994629 0.9082031 0.7133789 0.9042969 0.6879883 0.9082031 0.7133789 0.8588867 0.7133789 0.8588867 0.7133789 0.9082031 0.7133789 0.8432617 0.7446289 0.8588867 0.7133789 0.8432617 0.7446289 0.8256836 0.7346192 0.8588867 0.7133789 0.8256836 0.7346192 0.8081055 0.7072754 0.8588867 0.7133789 0.8081055 0.7072754 0.8310547 0.6870117 0.8310547 0.6870117 0.8081055 0.7072754 0.7880859 0.675293 0.8310547 0.6870117 0.7880859 0.675293 0.8110352 0.6511231 0.8110352 0.6511231 0.7880859 0.675293 0.7612305 0.6276856 0.8110352 0.6511231 0.7612305 0.6276856 0.8041992 0.5817871 0.8110352 0.6511231 0.8041992 0.5817871 0.8505859 0.6140137 0.8110352 0.6511231 0.8505859 0.6140137 0.8818359 0.6513672 0.8818359 0.6513672 0.8505859 0.6140137 0.921875 0.6176758 0.8818359 0.6513672 0.921875 0.6176758 0.9448242 0.6621094 0.9448242 0.6621094 0.921875 0.6176758 0.9384766 0.6025391 0.9384766 0.6025391 0.921875 0.6176758 0.9072266 0.5947266 0.9072266 0.5947266 0.921875 0.6176758 0.8505859 0.6140137 0.737793 0.6635742 0.7612305 0.6276856 0.7880859 0.675293 0.8588867 0.7133789 0.8310547 0.6870117 0.9042969 0.6879883 0.9042969 0.6879883 0.8310547 0.6870117 0.8818359 0.6513672 0.9042969 0.6879883 0.8818359 0.6513672 0.9448242 0.6621094 0.8310547 0.6870117 0.8110352 0.6511231 0.8818359 0.6513672 0.9228516 0.748291 0.9331055 0.7999268 0.871582 0.7698975 0.9228516 0.748291 0.871582 0.7698975 0.8432617 0.7446289 0.9228516 0.748291 0.8432617 0.7446289 0.9082031 0.7133789 0.519043 0.8840942 0.5322266 0.8299561 0.489502 0.8792725 0.519043 0.8840942 0.489502 0.8792725 0.515625 0.9338379 0.515625 0.9338379 0.489502 0.8792725 0.440918 0.9624634 0.515625 0.9338379 0.440918 0.9624634 0.4455567 0.9901352 0.515625 0.9338379 0.4455567 0.9901352 0.5200195 0.9799347 0.4643555 0.8815918 0.4267578 0.9186401 0.489502 0.8792725 0.489502 0.8792725 0.4267578 0.9186401 0.440918 0.9624634 0.4692383 0.8387451 0.4643555 0.8815918 0.489502 0.8792725 0.4692383 0.8387451 0.489502 0.8792725 0.5009766 0.8133545 0.5009766 0.8133545 0.489502 0.8792725 0.5322266 0.8299561 0.5009766 0.8133545 0.5322266 0.8299561 0.5297852 0.8045654 0.5297852 0.8045654 0.5322266 0.8299561 0.5532227 0.8162842 0.5297852 0.8045654 0.5532227 0.8162842 0.5664063 0.7746582 0.5297852 0.8045654 0.5664063 0.7746582 0.5332031 0.7733154 0.5297852 0.8045654 0.5332031 0.7733154 0.5004883 0.7719727 0.5297852 0.8045654 0.5004883 0.7719727 0.5009766 0.8133545 0.4619141 0.7999268 0.4233399 0.8070068 0.4692383 0.8387451 0.4619141 0.7999268 0.4692383 0.8387451 0.5009766 0.8133545 0.4619141 0.7999268 0.5009766 0.8133545 0.5004883 0.7719727 0.4619141 0.7999268 0.5004883 0.7719727 0.465332 0.7651367 0.465332 0.7651367 0.5004883 0.7719727 0.4658203 0.7297363 0.465332 0.7651367 0.4658203 0.7297363 0.4299317 0.7581787 0.4299317 0.7581787 0.4658203 0.7297363 0.4311524 0.6875 0.4619141 0.7999268 0.465332 0.7651367 0.4233399 0.8070068 0.4233399 0.8070068 0.465332 0.7651367 0.4299317 0.7581787 0.1660156 0.1279296 0.1330566 0.1079101 0.2722168 0.06787109 0.2722168 0.06787109 0.1330566 0.1079101 0.2587891 0.04882812 0.0430603 0.5324707 0.04364007 0.4545899 0.0548706 0.5270996 0.0548706 0.5270996 0.04364007 0.4545899 0.05996704 0.4487305 0.05996704 0.4487305 0.04364007 0.4545899 0.07592773 0.3652344 0.07592773 0.3652344 0.04364007 0.4545899 0.05178833 0.3666992 0.07592773 0.3652344 0.05178833 0.3666992 0.07202148 0.2832031 0.07592773 0.3652344 0.07202148 0.2832031 0.1141967 0.2841797 0.1141967 0.2841797 0.07202148 0.2832031 0.1166992 0.1977539 0.1141967 0.2841797 0.1166992 0.1977539 0.16333 0.2089843 0.16333 0.2089843 0.1166992 0.1977539 0.1660156 0.1279296 0.16333 0.2089843 0.1660156 0.1279296 0.2122802 0.1411132 0.2122802 0.1411132 0.1660156 0.1279296 0.2722168 0.06787109 0.2122802 0.1411132 0.2722168 0.06787109 0.3041992 0.0727539 0.1330566 0.1079101 0.1660156 0.1279296 0.1166992 0.1977539 0.1330566 0.1079101 0.1166992 0.1977539 0.0725708 0.1777343 0.0725708 0.1777343 0.1166992 0.1977539 0.07202148 0.2832031 0.0725708 0.1777343 0.07202148 0.2832031 0.03086853 0.265625 0.03086853 0.265625 0.07202148 0.2832031 0.05178833 0.3666992 0.03086853 0.265625 0.05178833 0.3666992 0.01667779 0.3520508 0.01667779 0.3520508 0.05178833 0.3666992 0.04364007 0.4545899 0.01667779 0.3520508 0.04364007 0.4545899 0.03092956 0.4428711 0.03092956 0.4428711 0.04364007 0.4545899 0.019104 0.5292969 0.019104 0.5292969 0.04364007 0.4545899 0.0430603 0.5324707 0.019104 0.5292969 0.0430603 0.5324707 0.01552575 0.5771484 0.01552575 0.5771484 0.0430603 0.5324707 0.03759759 0.5617676 0.03759759 0.5617676 0.0430603 0.5324707 0.0490722 0.5625 0.0490722 0.5625 0.0430603 0.5324707 0.0548706 0.5270996 0.0490722 0.5625 0.0548706 0.5270996 0.06054687 0.5629883 0.06054687 0.5629883 0.0548706 0.5270996 0.06671142 0.5217285 0.06671142 0.5217285 0.0548706 0.5270996 0.05996704 0.4487305 0.06671142 0.5217285 0.05996704 0.4487305 0.07629394 0.4423828 0.07629394 0.4423828 0.05996704 0.4487305 0.07592773 0.3652344 0.07629394 0.4423828 0.07592773 0.3652344 0.1000366 0.3632813 0.1000366 0.3632813 0.07592773 0.3652344 0.1141967 0.2841797 0.1000366 0.3632813 0.1141967 0.2841797 0.156372 0.284668 0.156372 0.284668 0.1141967 0.2841797 0.16333 0.2089843 0.156372 0.284668 0.16333 0.2089843 0.210083 0.2197265 0.210083 0.2197265 0.16333 0.2089843 0.2122802 0.1411132 0.210083 0.2197265 0.2122802 0.1411132 0.2585449 0.1538085 0.2585449 0.1538085 0.2122802 0.1411132 0.3361817 0.07763671 0.3361817 0.07763671 0.2122802 0.1411132 0.3041992 0.0727539 0.3361817 0.07763671 0.3041992 0.0727539 0.3352051 0.03515625 0.3352051 0.03515625 0.3041992 0.0727539 0.2722168 0.06787109 0.3352051 0.03515625 0.2722168 0.06787109 0.3342285 0.03515625 0.3342285 0.03515625 0.2722168 0.06787109 0.2587891 0.04882812 0.3342285 0.03515625 0.2587891 0.04882812 0.333252 0.03515625 0.3342285 0.03515625 0.333252 0.03515625 0.3854981 0.003417909 0.3342285 0.03515625 0.3854981 0.003417909 0.3352051 0.03515625 0.3352051 0.03515625 0.3854981 0.003417909 0.3361817 0.07763671 0.2587891 0.04882812 0.1330566 0.1079101 0.2722168 0.06787109 0.2722168 0.06787109 0.1330566 0.1079101 0.1660156 0.1279296 0.3041992 0.0727539 0.2722168 0.06787109 0.2122802 0.1411132 0.2122802 0.1411132 0.2722168 0.06787109 0.1660156 0.1279296 0.2122802 0.1411132 0.1660156 0.1279296 0.16333 0.2089843 0.16333 0.2089843 0.1660156 0.1279296 0.1166992 0.1977539 0.16333 0.2089843 0.1166992 0.1977539 0.1141967 0.2841797 0.1141967 0.2841797 0.1166992 0.1977539 0.07202148 0.2832031 0.1141967 0.2841797 0.07202148 0.2832031 0.07592773 0.3652344 0.07592773 0.3652344 0.07202148 0.2832031 0.05178833 0.3666992 0.07592773 0.3652344 0.05178833 0.3666992 0.04364007 0.4545899 0.07592773 0.3652344 0.04364007 0.4545899 0.05996704 0.4487305 0.05996704 0.4487305 0.04364007 0.4545899 0.0548706 0.5270996 0.0548706 0.5270996 0.04364007 0.4545899 0.0430603 0.5324707 0.1660156 0.1279296 0.1330566 0.1079101 0.1166992 0.1977539 0.1166992 0.1977539 0.1330566 0.1079101 0.0725708 0.1777343 0.1166992 0.1977539 0.0725708 0.1777343 0.07202148 0.2832031 0.07202148 0.2832031 0.0725708 0.1777343 0.03086853 0.265625 0.07202148 0.2832031 0.03086853 0.265625 0.05178833 0.3666992 0.05178833 0.3666992 0.03086853 0.265625 0.01667779 0.3520508 0.05178833 0.3666992 0.01667779 0.3520508 0.04364007 0.4545899 0.04364007 0.4545899 0.01667779 0.3520508 0.03092956 0.4428711 0.04364007 0.4545899 0.03092956 0.4428711 0.019104 0.5292969 0.04364007 0.4545899 0.019104 0.5292969 0.0430603 0.5324707 0.0430603 0.5324707 0.019104 0.5292969 0.01552575 0.5771484 0.0430603 0.5324707 0.01552575 0.5771484 0.03759759 0.5617676 0.0430603 0.5324707 0.03759759 0.5617676 0.0490722 0.5625 0.0430603 0.5324707 0.0490722 0.5625 0.0548706 0.5270996 0.0548706 0.5270996 0.0490722 0.5625 0.06054687 0.5629883 0.0548706 0.5270996 0.06054687 0.5629883 0.06671142 0.5217285 0.0548706 0.5270996 0.06671142 0.5217285 0.05996704 0.4487305 0.05996704 0.4487305 0.06671142 0.5217285 0.07629394 0.4423828 0.05996704 0.4487305 0.07629394 0.4423828 0.07592773 0.3652344 0.07592773 0.3652344 0.07629394 0.4423828 0.1000366 0.3632813 0.07592773 0.3652344 0.1000366 0.3632813 0.1141967 0.2841797 0.1141967 0.2841797 0.1000366 0.3632813 0.156372 0.284668 0.1141967 0.2841797 0.156372 0.284668 0.16333 0.2089843 0.16333 0.2089843 0.156372 0.284668 0.210083 0.2197265 0.16333 0.2089843 0.210083 0.2197265 0.2122802 0.1411132 0.2122802 0.1411132 0.210083 0.2197265 0.2585449 0.1538085 0.2122802 0.1411132 0.2585449 0.1538085 0.3361817 0.07763671 0.2122802 0.1411132 0.3361817 0.07763671 0.3041992 0.0727539 0.3041992 0.0727539 0.3361817 0.07763671 0.3352051 0.03515625 0.3041992 0.0727539 0.3352051 0.03515625 0.2722168 0.06787109 0.2722168 0.06787109 0.3352051 0.03515625 0.3342285 0.03515625 0.2722168 0.06787109 0.3342285 0.03515625 0.2587891 0.04882812 0.2587891 0.04882812 0.3342285 0.03515625 0.333252 0.03515625 0.333252 0.03515625 0.3342285 0.03515625 0.3854981 0.003417909 0.3854981 0.003417909 0.3342285 0.03515625 0.3352051 0.03515625 0.3854981 0.003417909 0.3352051 0.03515625 0.3361817 0.07763671 0.05838006 0.3579102 0.07629394 0.4423828 0.1000366 0.3632813 0.05838006 0.3579102 0.1000366 0.3632813 0.09362792 0.2749024 0.09362792 0.2749024 0.1000366 0.3632813 0.156372 0.284668 0.09362792 0.2749024 0.156372 0.284668 0.1413574 0.1987304 0.1413574 0.1987304 0.156372 0.284668 0.210083 0.2197265 0.1413574 0.1987304 0.210083 0.2197265 0.1958007 0.1308593 0.1958007 0.1308593 0.210083 0.2197265 0.2585449 0.1538085 0.1958007 0.1308593 0.2585449 0.1538085 0.2976074 0.06347656 0.2976074 0.06347656 0.2585449 0.1538085 0.3361817 0.07763671 0.3361817 0.07763671 0.3854981 0.003417909 0.333252 0.03515625 0.3361817 0.07763671 0.333252 0.03515625 0.2976074 0.06347656 0.2976074 0.06347656 0.333252 0.03515625 0.2587891 0.04882812 0.2976074 0.06347656 0.2587891 0.04882812 0.1958007 0.1308593 0.1958007 0.1308593 0.2587891 0.04882812 0.1330566 0.1079101 0.1958007 0.1308593 0.1330566 0.1079101 0.1413574 0.1987304 0.1413574 0.1987304 0.1330566 0.1079101 0.0725708 0.1777343 0.1413574 0.1987304 0.0725708 0.1777343 0.09362792 0.2749024 0.09362792 0.2749024 0.0725708 0.1777343 0.03086853 0.265625 0.09362792 0.2749024 0.03086853 0.265625 0.05838006 0.3579102 0.05838006 0.3579102 0.03086853 0.265625 0.01667779 0.3520508 0.05838006 0.3579102 0.01667779 0.3520508 0.03092956 0.4428711 0.05838006 0.3579102 0.03092956 0.4428711 0.07629394 0.4423828 0.07629394 0.4423828 0.03092956 0.4428711 0.019104 0.5292969 0.07629394 0.4423828 0.019104 0.5292969 0.06671142 0.5217285 0.06671142 0.5217285 0.019104 0.5292969 0.01552575 0.5771484 0.06671142 0.5217285 0.01552575 0.5771484 0.06054687 0.5629883 0.5322266 0.8299561 0.519043 0.8840942 0.489502 0.8792725 0.489502 0.8792725 0.519043 0.8840942 0.515625 0.9338379 0.489502 0.8792725 0.515625 0.9338379 0.440918 0.9624634 0.440918 0.9624634 0.515625 0.9338379 0.4455567 0.9901352 0.4455567 0.9901352 0.515625 0.9338379 0.5200195 0.9799347 0.440918 0.9624634 0.4267578 0.9186401 0.489502 0.8792725 0.489502 0.8792725 0.4267578 0.9186401 0.4643555 0.8815918 0.489502 0.8792725 0.4643555 0.8815918 0.4692383 0.8387451 0.489502 0.8792725 0.4692383 0.8387451 0.5009766 0.8133545 0.489502 0.8792725 0.5009766 0.8133545 0.5322266 0.8299561 0.5322266 0.8299561 0.5009766 0.8133545 0.5297852 0.8045654 0.5322266 0.8299561 0.5297852 0.8045654 0.5532227 0.8162842 0.5532227 0.8162842 0.5297852 0.8045654 0.5664063 0.7746582 0.5664063 0.7746582 0.5297852 0.8045654 0.5332031 0.7733154 0.5332031 0.7733154 0.5297852 0.8045654 0.5004883 0.7719727 0.5004883 0.7719727 0.5297852 0.8045654 0.5009766 0.8133545 0.8652344 0.7803955 0.9135742 0.8071289 0.9091797 0.7553711 0.8652344 0.7803955 0.9091797 0.7553711 0.8408203 0.75 0.8408203 0.75 0.9091797 0.7553711 0.8979492 0.7194824 0.8408203 0.75 0.8979492 0.7194824 0.8588867 0.7160645 0.8408203 0.75 0.8588867 0.7160645 0.8242188 0.7385254 0.8242188 0.7385254 0.8588867 0.7160645 0.8095703 0.7102051 0.8095703 0.7102051 0.8588867 0.7160645 0.8432617 0.6823731 0.8095703 0.7102051 0.8432617 0.6823731 0.7978516 0.6721192 0.7978516 0.6721192 0.8432617 0.6823731 0.8261719 0.6391602 0.7978516 0.6721192 0.8261719 0.6391602 0.777832 0.6157227 0.7978516 0.6721192 0.777832 0.6157227 0.7504883 0.6540527 0.7504883 0.6540527 0.777832 0.6157227 0.7353516 0.5847168 0.7504883 0.6540527 0.7353516 0.5847168 0.7094727 0.6203613 0.7094727 0.6203613 0.7353516 0.5847168 0.6704102 0.5842285 0.6704102 0.5842285 0.7353516 0.5847168 0.6933594 0.5537109 0.6704102 0.5842285 0.6933594 0.5537109 0.6523438 0.5703125 0.6523438 0.5703125 0.6933594 0.5537109 0.675293 0.5410156</float_array>
          <technique_common>
            <accessor source="#chr631_0-mesh-map-0-array" count="4362" stride="2">
              <param name="S" type="float"/>
              <param name="T" type="float"/>
            </accessor>
          </technique_common>
        </source>
        <vertices id="chr631_0-mesh-vertices">
          <input semantic="POSITION" source="#chr631_0-mesh-positions"/>
        </vertices>
        <polylist material="chr631_mat_000-material" count="1454">
          <input semantic="VERTEX" source="#chr631_0-mesh-vertices" offset="0"/>
          <input semantic="NORMAL" source="#chr631_0-mesh-normals" offset="1"/>
          <input semantic="TEXCOORD" source="#chr631_0-mesh-map-0" offset="2" set="0"/>
          <vcount>3 3 3 3 3 3 3 3 3 3 3 3 3 3 3 3 3 3 3 3 3 3 3 3 3 3 3 3 3 3 3 3 3 3 3 3 3 3 3 3 3 3 3 3 3 3 3 3 3 3 3 3 3 3 3 3 3 3 3 3 3 3 3 3 3 3 3 3 3 3 3 3 3 3 3 3 3 3 3 3 3 3 3 3 3 3 3 3 3 3 3 3 3 3 3 3 3 3 3 3 3 3 3 3 3 3 3 3 3 3 3 3 3 3 3 3 3 3 3 3 3 3 3 3 3 3 3 3 3 3 3 3 3 3 3 3 3 3 3 3 3 3 3 3 3 3 3 3 3 3 3 3 3 3 3 3 3 3 3 3 3 3 3 3 3 3 3 3 3 3 3 3 3 3 3 3 3 3 3 3 3 3 3 3 3 3 3 3 3 3 3 3 3 3 3 3 3 3 3 3 3 3 3 3 3 3 3 3 3 3 3 3 3 3 3 3 3 3 3 3 3 3 3 3 3 3 3 3 3 3 3 3 3 3 3 3 3 3 3 3 3 3 3 3 3 3 3 3 3 3 3 3 3 3 3 3 3 3 3 3 3 3 3 3 3 3 3 3 3 3 3 3 3 3 3 3 3 3 3 3 3 3 3 3 3 3 3 3 3 3 3 3 3 3 3 3 3 3 3 3 3 3 3 3 3 3 3 3 3 3 3 3 3 3 3 3 3 3 3 3 3 3 3 3 3 3 3 3 3 3 3 3 3 3 3 3 3 3 3 3 3 3 3 3 3 3 3 3 3 3 3 3 3 3 3 3 3 3 3 3 3 3 3 3 3 3 3 3 3 3 3 3 3 3 3 3 3 3 3 3 3 3 3 3 3 3 3 3 3 3 3 3 3 3 3 3 3 3 3 3 3 3 3 3 3 3 3 3 3 3 3 3 3 3 3 3 3 3 3 3 3 3 3 3 3 3 3 3 3 3 3 3 3 3 3 3 3 3 3 3 3 3 3 3 3 3 3 3 3 3 3 3 3 3 3 3 3 3 3 3 3 3 3 3 3 3 3 3 3 3 3 3 3 3 3 3 3 3 3 3 3 3 3 3 3 3 3 3 3 3 3 3 3 3 3 3 3 3 3 3 3 3 3 3 3 3 3 3 3 3 3 3 3 3 3 3 3 3 3 3 3 3 3 3 3 3 3 3 3 3 3 3 3 3 3 3 3 3 3 3 3 3 3 3 3 3 3 3 3 3 3 3 3 3 3 3 3 3 3 3 3 3 3 3 3 3 3 3 3 3 3 3 3 3 3 3 3 3 3 3 3 3 3 3 3 3 3 3 3 3 3 3 3 3 3 3 3 3 3 3 3 3 3 3 3 3 3 3 3 3 3 3 3 3 3 3 3 3 3 3 3 3 3 3 3 3 3 3 3 3 3 3 3 3 3 3 3 3 3 3 3 3 3 3 3 3 3 3 3 3 3 3 3 3 3 3 3 3 3 3 3 3 3 3 3 3 3 3 3 3 3 3 3 3 3 3 3 3 3 3 3 3 3 3 3 3 3 3 3 3 3 3 3 3 3 3 3 3 3 3 3 3 3 3 3 3 3 3 3 3 3 3 3 3 3 3 3 3 3 3 3 3 3 3 3 3 3 3 3 3 3 3 3 3 3 3 3 3 3 3 3 3 3 3 3 3 3 3 3 3 3 3 3 3 3 3 3 3 3 3 3 3 3 3 3 3 3 3 3 3 3 3 3 3 3 3 3 3 3 3 3 3 3 3 3 3 3 3 3 3 3 3 3 3 3 3 3 3 3 3 3 3 3 3 3 3 3 3 3 3 3 3 3 3 3 3 3 3 3 3 3 3 3 3 3 3 3 3 3 3 3 3 3 3 3 3 3 3 3 3 3 3 3 3 3 3 3 3 3 3 3 3 3 3 3 3 3 3 3 3 3 3 3 3 3 3 3 3 3 3 3 3 3 3 3 3 3 3 3 3 3 3 3 3 3 3 3 3 3 3 3 3 3 3 3 3 3 3 3 3 3 3 3 3 3 3 3 3 3 3 3 3 3 3 3 3 3 3 3 3 3 3 3 3 3 3 3 3 3 3 3 3 3 3 3 3 3 3 3 3 3 3 3 3 3 3 3 3 3 3 3 3 3 3 3 3 3 3 3 3 3 3 3 3 3 3 3 3 3 3 3 3 3 3 3 3 3 3 3 3 3 3 3 3 3 3 3 3 3 3 3 3 3 3 3 3 3 3 3 3 3 3 3 3 3 3 3 3 3 3 3 3 3 3 3 3 3 3 3 3 3 3 3 3 3 3 3 3 3 3 3 3 3 3 3 3 3 3 3 3 3 3 3 3 3 3 3 3 3 3 3 3 3 3 3 3 3 3 3 3 3 3 3 3 3 3 3 3 3 3 3 3 3 3 3 3 3 3 3 3 3 3 3 3 3 3 3 3 3 3 3 3 3 3 3 3 3 3 3 3 3 3 3 3 3 3 3 3 3 3 3 3 3 3 3 3 3 3 3 3 3 3 3 3 3 3 3 3 3 3 3 3 3 3 3 3 3 3 3 3 3 3 3 3 3 3 3 3 3 3 3 3 3 3 3 3 3 3 3 3 3 3 3 3 3 3 3 3 3 3 3 3 3 3 3 3 3 3 3 3 3 3 3 3 3 3 3 3 3 3 3 3 3 3 3 3 3 3 3 3 3 3 3 3 3 3 3 3 3 3 3 3 3 3 3 3 3 3 3 3 3 3 3 3 3 3 3 3 3 3 3 3 3 3 3 3 3 3 3 3 3 3 3 3 3 3 3 3 3 3 3 3 3 3 3 3 3 3 3 3 3 3 3 3 3 3 3 3 3 3 3 3 3 3 3 3 3 3 3 3 3 3 3 3 3 3 3 3 3 3 3 3 3 3 3 3 3 3 3 3 3 3 3 3 3 3 3 3 3 3 3 3 3 3 3 3 3 3 3 3 3 3 3 3 3 3 3 3 3 3 3 3 3 3 3 3 3 3 3 3 3 3 3 3 3 3 3 3 3 3 3 3 3 3 3 3 3 3 3 3 3 3 3 3 3 3 3 3 3 3 3 3 3 3 3 3 3 3 3 3 3 3 3 3 3 3 3 3 3 3 3 3 3 3 3 3 3 3 3 3 3 3 3 3 3 3 3 3 3 3 3 3 3 3 3 3 3 3 3 3 3 3 3 3 3 3 3 3 3 3 3 3 3 3 3 3 3 3 3 3 3 3 3 3 3 3 3 3 3 3 3 3 3 3 </vcount>
          <p>671 0 0 672 1 1 673 2 2 673 2 3 672 1 4 674 3 5 22 4 6 24 5 7 23 6 8 964 7 9 23 6 10 24 5 11 964 7 12 24 5 13 8 8 14 964 7 15 8 8 16 861 9 17 964 7 18 861 9 19 972 10 20 972 10 21 861 9 22 971 11 23 972 10 24 971 11 25 969 12 26 972 10 27 969 12 28 970 13 29 970 13 30 969 12 31 968 14 32 970 13 33 968 14 34 964 7 35 964 7 36 968 14 37 23 6 38 23 6 39 968 14 40 863 15 41 23 6 42 863 15 43 19 16 44 23 6 45 19 16 46 22 4 47 22 4 48 19 16 49 21 17 50 970 13 51 964 7 52 972 10 53 967 18 54 863 15 55 968 14 56 967 18 57 968 14 58 969 12 59 871 19 60 876 20 61 861 9 62 861 9 63 876 20 64 971 11 65 871 19 66 11 21 67 456 22 68 871 19 69 456 22 70 872 23 71 871 19 72 872 23 73 876 20 74 876 20 75 872 23 76 875 24 77 876 20 78 875 24 79 971 11 80 971 11 81 875 24 82 982 25 83 971 11 84 982 25 85 969 12 86 969 12 87 982 25 88 983 26 89 969 12 90 983 26 91 977 27 92 969 12 93 977 27 94 967 18 95 967 18 96 977 27 97 865 28 98 967 18 99 865 28 100 863 15 101 863 15 102 865 28 103 864 29 104 863 15 105 864 29 106 20 30 107 863 15 108 20 30 109 19 16 110 19 16 111 20 30 112 18 31 113 19 16 114 18 31 115 21 17 116 21 17 117 18 31 118 26 32 119 21 17 120 26 32 121 25 33 122 21 17 123 25 33 124 27 34 125 21 17 126 27 34 127 22 4 128 22 4 129 27 34 130 28 35 131 22 4 132 28 35 133 24 5 134 24 5 135 28 35 136 7 36 137 24 5 138 7 36 139 8 8 140 8 8 141 7 36 142 6 37 143 8 8 144 6 37 145 861 9 146 861 9 147 6 37 148 862 38 149 861 9 150 862 38 151 871 19 152 871 19 153 862 38 154 11 21 155 11 21 156 862 38 157 6 37 158 11 21 159 6 37 160 10 39 161 10 39 162 6 37 163 5 40 164 10 39 165 5 40 166 9 41 167 9 41 168 5 40 169 14 42 170 9 41 171 14 42 172 31 43 173 9 41 174 31 43 175 30 44 176 9 41 177 30 44 178 10 39 179 10 39 180 30 44 181 29 45 182 10 39 183 29 45 184 11 21 185 11 21 186 29 45 187 455 46 188 11 21 189 455 46 190 456 22 191 456 22 192 455 46 193 461 47 194 5 40 195 6 37 196 7 36 197 5 40 198 7 36 199 13 48 200 13 48 201 7 36 202 28 35 203 12 49 204 14 42 205 5 40 206 12 49 207 5 40 208 13 48 209 16 50 210 17 51 211 15 52 212 16 50 213 15 52 214 18 31 215 18 31 216 15 52 217 26 32 218 95 53 219 1031 54 220 895 55 221 1043 56 222 1049 57 223 1036 58 224 1036 58 225 1049 57 226 1035 59 227 1036 58 228 1035 59 229 1034 60 230 1034 60 231 1035 59 232 1031 54 233 1031 54 234 1035 59 235 907 61 236 1031 54 237 907 61 238 895 55 239 895 55 240 907 61 241 906 62 242 895 55 243 906 62 244 99 63 245 895 55 246 99 63 247 95 53 248 95 53 249 99 63 250 97 64 251 95 53 252 97 64 253 96 65 254 96 65 255 97 64 256 98 66 257 1035 59 258 1049 57 259 1048 67 260 1035 59 261 1048 67 262 907 61 263 907 61 264 1048 67 265 908 68 266 907 61 267 908 68 268 906 62 269 906 62 270 908 68 271 909 69 272 906 62 273 909 69 274 688 70 275 906 62 276 688 70 277 99 63 278 99 63 279 688 70 280 687 71 281 99 63 282 687 71 283 680 72 284 99 63 285 680 72 286 141 73 287 99 63 288 141 73 289 97 64 290 97 64 291 141 73 292 324 74 293 97 64 294 324 74 295 98 66 296 98 66 297 324 74 298 312 75 299 98 66 300 312 75 301 108 76 302 98 66 303 108 76 304 96 65 305 96 65 306 108 76 307 107 77 308 96 65 309 107 77 310 106 78 311 96 65 312 106 78 313 94 79 314 96 65 315 94 79 316 95 53 317 95 53 318 94 79 319 1028 80 320 95 53 321 1028 80 322 1031 54 323 1031 54 324 1028 80 325 1030 81 326 1031 54 327 1030 81 328 1034 60 329 1034 60 330 1030 81 331 1033 82 332 1034 60 333 1033 82 334 1036 58 335 1036 58 336 1033 82 337 1037 83 338 1036 58 339 1037 83 340 1043 56 341 1043 56 342 1037 83 343 896 84 344 896 84 345 1037 83 346 897 85 347 896 84 348 897 85 349 898 86 350 898 86 351 897 85 352 129 87 353 129 87 354 897 85 355 130 88 356 129 87 357 130 88 358 116 89 359 116 89 360 130 88 361 131 90 362 116 89 363 131 90 364 117 91 365 117 91 366 131 90 367 136 92 368 136 92 369 131 90 370 135 93 371 135 93 372 131 90 373 133 94 374 135 93 375 133 94 376 139 95 377 139 95 378 133 94 379 134 96 380 139 95 381 134 96 382 94 79 383 94 79 384 134 96 385 1028 80 386 1028 80 387 134 96 388 1030 81 389 1030 81 390 134 96 391 132 97 392 1030 81 393 132 97 394 1032 98 395 1032 98 396 132 97 397 897 85 398 1032 98 399 897 85 400 1037 83 401 1032 98 402 1037 83 403 1033 82 404 1032 98 405 1033 82 406 1030 81 407 132 97 408 134 96 409 133 94 410 132 97 411 133 94 412 130 88 413 130 88 414 133 94 415 131 90 416 897 85 417 132 97 418 130 88 419 139 95 420 94 79 421 106 78 422 116 89 423 117 91 424 113 99 425 113 99 426 117 91 427 114 100 428 113 99 429 114 100 430 115 101 431 910 102 432 1045 103 433 899 104 434 910 102 435 899 104 436 901 105 437 100 106 438 101 107 439 102 108 440 100 106 441 102 108 442 109 109 443 109 109 444 102 108 445 111 110 446 109 109 447 111 110 448 112 111 449 112 111 450 111 110 451 425 112 452 112 111 453 425 112 454 685 113 455 112 111 456 685 113 457 686 114 458 112 111 459 686 114 460 901 105 461 901 105 462 686 114 463 902 115 464 901 105 465 902 115 466 910 102 467 910 102 468 902 115 469 911 116 470 910 102 471 911 116 472 1045 103 473 1045 103 474 911 116 475 1047 117 476 1045 103 477 1047 117 478 1046 118 479 1045 103 480 1046 118 481 1044 119 482 1044 119 483 1046 118 484 1042 120 485 1044 119 486 1042 120 487 1041 121 488 1041 121 489 1042 120 490 905 122 491 1041 121 492 905 122 493 903 123 494 903 123 495 905 122 496 904 124 497 903 123 498 904 124 499 125 125 500 903 123 501 125 125 502 124 126 503 124 126 504 125 125 505 122 127 506 124 126 507 122 127 508 123 128 509 123 128 510 122 127 511 121 129 512 123 128 513 121 129 514 137 130 515 123 128 516 137 130 517 138 131 518 123 128 519 138 131 520 126 132 521 126 132 522 138 131 523 140 133 524 126 132 525 140 133 526 128 134 527 128 134 528 140 133 529 100 106 530 128 134 531 100 106 532 110 135 533 110 135 534 100 106 535 109 109 536 110 135 537 109 109 538 899 104 539 899 104 540 109 109 541 900 136 542 899 104 543 900 136 544 901 105 545 901 105 546 900 136 547 112 111 548 112 111 549 900 136 550 109 109 551 101 107 552 100 106 553 140 133 554 903 123 555 1038 137 556 1041 121 557 1041 121 558 1038 137 559 1039 138 560 1041 121 561 1039 138 562 1044 119 563 1044 119 564 1039 138 565 1040 139 566 1044 119 567 1040 139 568 1045 103 569 1045 103 570 1040 139 571 899 104 572 899 104 573 1040 139 574 1029 140 575 899 104 576 1029 140 577 110 135 578 110 135 579 1029 140 580 128 134 581 128 134 582 1029 140 583 127 141 584 128 134 585 127 141 586 126 132 587 126 132 588 127 141 589 124 126 590 126 132 591 124 126 592 123 128 593 124 126 594 127 141 595 903 123 596 903 123 597 127 141 598 1038 137 599 1038 137 600 127 141 601 1029 140 602 1038 137 603 1029 140 604 1039 138 605 1039 138 606 1029 140 607 1040 139 608 101 107 609 103 142 610 102 108 611 102 108 612 103 142 613 104 143 614 102 108 615 104 143 616 111 110 617 111 110 618 104 143 619 421 144 620 111 110 621 421 144 622 425 112 623 103 142 624 105 145 625 104 143 626 104 143 627 105 145 628 286 146 629 104 143 630 286 146 631 421 144 632 313 147 633 286 146 634 105 145 635 121 129 636 122 127 637 119 148 638 121 129 639 119 148 640 118 149 641 118 149 642 119 148 643 120 150 644 924 151 645 914 152 646 912 153 647 924 151 648 912 153 649 1013 154 650 1013 154 651 912 153 652 1012 155 653 1013 154 654 1012 155 655 1014 156 656 1010 157 657 915 158 658 1015 159 659 1010 157 660 1015 159 661 1011 160 662 1011 160 663 1015 159 664 1014 156 665 1011 160 666 1014 156 667 1012 155 668 1011 160 669 1012 155 670 1008 161 671 1008 161 672 1012 155 673 912 153 674 1008 161 675 912 153 676 243 162 677 1008 161 678 243 162 679 262 163 680 1008 161 681 262 163 682 260 164 683 260 164 684 262 163 685 261 165 686 260 164 687 261 165 688 257 166 689 257 166 690 261 165 691 258 167 692 1011 160 693 1008 161 694 1010 157 695 1010 157 696 1008 161 697 260 164 698 1010 157 699 260 164 700 915 158 701 915 158 702 260 164 703 257 166 704 236 168 705 234 169 706 235 170 707 235 170 708 234 169 709 244 171 710 235 170 711 244 171 712 245 172 713 245 172 714 244 171 715 246 173 716 245 172 717 246 173 718 433 174 719 433 174 720 246 173 721 714 175 722 714 175 723 246 173 724 713 176 725 713 176 726 246 173 727 914 152 728 713 176 729 914 152 730 925 177 731 925 177 732 914 152 733 924 151 734 925 177 735 924 151 736 926 178 737 926 178 738 924 151 739 1013 154 740 926 178 741 1013 154 742 1022 179 743 1022 179 744 1013 154 745 1023 180 746 1023 180 747 1013 154 748 1014 156 749 1023 180 750 1014 156 751 1019 181 752 1019 181 753 1014 156 754 1015 159 755 1019 181 756 1015 159 757 916 182 758 916 182 759 1015 159 760 915 158 761 916 182 762 915 158 763 917 183 764 917 183 765 915 158 766 259 184 767 259 184 768 915 158 769 257 166 770 259 184 771 257 166 772 256 185 773 256 185 774 257 166 775 258 167 776 256 185 777 258 167 778 255 186 779 255 186 780 258 167 781 275 187 782 275 187 783 258 167 784 274 188 785 274 188 786 258 167 787 261 165 788 274 188 789 261 165 790 277 189 791 277 189 792 261 165 793 262 163 794 277 189 795 262 163 796 234 169 797 234 169 798 262 163 799 243 162 800 234 169 801 243 162 802 244 171 803 244 171 804 243 162 805 912 153 806 244 171 807 912 153 808 913 190 809 913 190 810 912 153 811 914 152 812 913 190 813 914 152 814 246 173 815 913 190 816 246 173 817 244 171 818 277 189 819 234 169 820 236 168 821 433 174 822 430 191 823 245 172 824 245 172 825 430 191 826 239 192 827 245 172 828 239 192 829 235 170 830 235 170 831 239 192 832 237 193 833 235 170 834 237 193 835 236 168 836 238 194 837 237 193 838 239 192 839 238 194 840 239 192 841 281 195 842 281 195 843 239 192 844 430 191 845 238 194 846 281 195 847 282 196 848 252 197 849 253 198 850 254 199 851 252 197 852 254 199 853 255 186 854 255 186 855 254 199 856 256 185 857 792 200 858 794 201 859 820 202 860 792 200 861 820 202 862 818 203 863 818 203 864 820 202 865 819 204 866 818 203 867 819 204 868 817 205 869 817 205 870 819 204 871 853 206 872 817 205 873 853 206 874 852 207 875 852 207 876 853 206 877 860 208 878 860 208 879 858 209 880 859 210 881 860 208 882 859 210 883 852 207 884 852 207 885 859 210 886 825 211 887 852 207 888 825 211 889 817 205 890 817 205 891 825 211 892 824 212 893 817 205 894 824 212 895 818 203 896 818 203 897 824 212 898 826 213 899 818 203 900 826 213 901 792 200 902 792 200 903 826 213 904 827 214 905 792 200 906 827 214 907 793 215 908 792 200 909 793 215 910 794 201 911 794 201 912 793 215 913 795 216 914 795 216 915 793 215 916 798 217 917 798 217 918 793 215 919 828 218 920 798 217 921 828 218 922 808 219 923 808 219 924 828 218 925 806 220 926 808 219 927 806 220 928 807 221 929 807 221 930 806 220 931 812 222 932 828 218 933 793 215 934 827 214 935 999 223 936 996 224 937 1002 225 938 654 226 939 937 227 940 933 228 941 933 228 942 937 227 943 932 229 944 932 229 945 937 227 946 942 230 947 932 229 948 942 230 949 1003 231 950 932 229 951 1003 231 952 998 232 953 998 232 954 1003 231 955 1002 225 956 998 232 957 1002 225 958 997 233 959 997 233 960 1002 225 961 996 224 962 997 233 963 996 224 964 987 234 965 997 233 966 987 234 967 998 232 968 998 232 969 987 234 970 932 229 971 932 229 972 987 234 973 190 235 974 932 229 975 190 235 976 188 236 977 933 228 978 932 229 979 188 236 980 933 228 981 188 236 982 654 226 983 654 226 984 188 236 985 192 237 986 654 226 987 192 237 988 655 238 989 655 238 990 192 237 991 225 239 992 225 239 993 192 237 994 226 240 995 226 240 996 192 237 997 191 241 998 191 241 999 192 237 1000 187 242 1001 187 242 1002 192 237 1003 188 236 1004 187 242 1005 188 236 1006 189 243 1007 189 243 1008 188 236 1009 190 235 1010 189 243 1011 190 235 1012 209 244 1013 209 244 1014 190 235 1015 987 234 1016 209 244 1017 987 234 1018 207 245 1019 207 245 1020 987 234 1021 996 224 1022 207 245 1023 996 224 1024 934 246 1025 934 246 1026 996 224 1027 999 223 1028 934 246 1029 999 223 1030 935 247 1031 935 247 1032 999 223 1033 1000 248 1034 1000 248 1035 999 223 1036 1002 225 1037 1000 248 1038 1002 225 1039 1004 249 1040 1004 249 1041 1002 225 1042 1003 231 1043 1004 249 1044 1003 231 1045 1005 250 1046 1005 250 1047 1003 231 1048 943 251 1049 943 251 1050 1003 231 1051 942 230 1052 943 251 1053 942 230 1054 938 252 1055 938 252 1056 942 230 1057 937 227 1058 938 252 1059 937 227 1060 695 253 1061 695 253 1062 937 227 1063 654 226 1064 695 253 1065 654 226 1066 696 254 1067 696 254 1068 654 226 1069 655 238 1070 207 245 1071 934 246 1072 204 255 1073 209 244 1074 207 245 1075 208 256 1076 208 256 1077 207 245 1078 204 255 1079 208 256 1080 204 255 1081 203 257 1082 203 257 1083 204 255 1084 205 258 1085 205 258 1086 204 255 1087 206 259 1088 206 259 1089 204 255 1090 934 246 1091 206 259 1092 934 246 1093 936 260 1094 936 260 1095 934 246 1096 935 247 1097 203 257 1098 205 258 1099 280 261 1100 624 262 1101 745 263 1102 744 264 1103 624 262 1104 744 264 1105 559 265 1106 570 266 1107 571 267 1108 572 268 1109 570 266 1110 572 268 1111 546 269 1112 546 269 1113 572 268 1114 577 270 1115 577 270 1116 572 268 1117 573 271 1118 577 270 1119 573 271 1120 595 272 1121 595 272 1122 573 271 1123 609 273 1124 609 273 1125 573 271 1126 744 264 1127 744 264 1128 573 271 1129 571 267 1130 744 264 1131 571 267 1132 559 265 1133 559 265 1134 571 267 1135 570 266 1136 559 265 1137 570 266 1138 557 274 1139 557 274 1140 570 266 1141 545 275 1142 557 274 1143 545 275 1144 556 276 1145 556 276 1146 545 275 1147 518 277 1148 556 276 1149 518 277 1150 519 278 1151 519 278 1152 518 277 1153 501 279 1154 519 278 1155 501 279 1156 500 280 1157 572 268 1158 571 267 1159 573 271 1160 639 281 1161 501 279 1162 526 282 1163 526 282 1164 501 279 1165 518 277 1166 526 282 1167 518 277 1168 525 283 1169 525 283 1170 518 277 1171 546 269 1172 546 269 1173 518 277 1174 545 275 1175 546 269 1176 545 275 1177 570 266 1178 605 284 1179 612 285 1180 613 286 1181 613 286 1182 612 285 1183 617 287 1184 613 286 1185 617 287 1186 618 288 1187 618 288 1188 617 287 1189 635 289 1190 635 289 1191 617 287 1192 629 290 1193 635 289 1194 629 290 1195 628 291 1196 628 291 1197 629 290 1198 623 292 1199 628 291 1200 623 292 1201 625 293 1202 625 293 1203 623 292 1204 621 294 1205 625 293 1206 621 294 1207 544 295 1208 544 295 1209 621 294 1210 561 296 1211 544 295 1212 561 296 1213 543 297 1214 543 297 1215 561 296 1216 540 298 1217 543 297 1218 540 298 1219 541 299 1220 541 299 1221 540 298 1222 535 300 1223 541 299 1224 535 300 1225 536 301 1226 536 301 1227 535 300 1228 514 302 1229 536 301 1230 514 302 1231 513 303 1232 513 303 1233 514 302 1234 393 304 1235 513 303 1236 393 304 1237 395 305 1238 395 305 1239 393 304 1240 394 306 1241 395 305 1242 394 306 1243 396 307 1244 396 307 1245 394 306 1246 413 308 1247 396 307 1248 413 308 1249 414 309 1250 414 309 1251 413 308 1252 417 310 1253 414 309 1254 417 310 1255 418 311 1256 418 311 1257 417 310 1258 411 312 1259 418 311 1260 411 312 1261 412 313 1262 412 313 1263 411 312 1264 292 314 1265 292 314 1266 411 312 1267 290 315 1268 292 314 1269 290 315 1270 291 316 1271 291 316 1272 290 315 1273 303 317 1274 291 316 1275 303 317 1276 302 318 1277 302 318 1278 303 317 1279 423 319 1280 302 318 1281 423 319 1282 287 320 1283 287 320 1284 423 319 1285 424 321 1286 287 320 1287 424 321 1288 288 322 1289 287 320 1290 288 322 1291 289 323 1292 289 323 1293 288 322 1294 314 324 1295 289 323 1296 314 324 1297 315 325 1298 315 325 1299 314 324 1300 325 326 1301 315 325 1302 325 326 1303 330 327 1304 330 327 1305 325 326 1306 327 328 1307 330 327 1308 327 328 1309 345 329 1310 345 329 1311 327 328 1312 681 330 1313 345 329 1314 681 330 1315 351 331 1316 351 331 1317 681 330 1318 682 332 1319 682 332 1320 681 330 1321 679 333 1322 679 333 1323 681 330 1324 691 334 1325 679 333 1326 691 334 1327 670 335 1328 670 335 1329 691 334 1330 496 336 1331 670 335 1332 496 336 1333 643 337 1334 643 337 1335 496 336 1336 639 281 1337 639 281 1338 496 336 1339 498 338 1340 639 281 1341 498 338 1342 501 279 1343 501 279 1344 498 338 1345 499 339 1346 501 279 1347 499 339 1348 500 280 1349 500 280 1350 499 339 1351 493 340 1352 500 280 1353 493 340 1354 519 278 1355 519 278 1356 493 340 1357 517 341 1358 519 278 1359 517 341 1360 556 276 1361 556 276 1362 517 341 1363 555 342 1364 556 276 1365 555 342 1366 557 274 1367 557 274 1368 555 342 1369 558 343 1370 557 274 1371 558 343 1372 559 265 1373 559 265 1374 558 343 1375 560 344 1376 559 265 1377 560 344 1378 624 262 1379 624 262 1380 560 344 1381 621 294 1382 624 262 1383 621 294 1384 623 292 1385 624 262 1386 623 292 1387 629 290 1388 624 262 1389 629 290 1390 745 263 1391 745 263 1392 629 290 1393 774 345 1394 774 345 1395 629 290 1396 617 287 1397 774 345 1398 617 287 1399 612 285 1400 774 345 1401 612 285 1402 609 273 1403 609 273 1404 612 285 1405 605 284 1406 609 273 1407 605 284 1408 595 272 1409 595 272 1410 605 284 1411 606 346 1412 606 346 1413 605 284 1414 608 347 1415 606 346 1416 608 347 1417 607 348 1418 608 347 1419 605 284 1420 613 286 1421 679 333 1422 670 335 1423 678 349 1424 678 349 1425 670 335 1426 643 337 1427 540 298 1428 561 296 1429 554 350 1430 413 308 1431 394 306 1432 415 351 1433 413 308 1434 415 351 1435 428 352 1436 413 308 1437 428 352 1438 417 310 1439 417 310 1440 428 352 1441 422 353 1442 417 310 1443 422 353 1444 411 312 1445 429 354 1446 422 353 1447 428 352 1448 394 306 1449 393 304 1450 403 355 1451 394 306 1452 403 355 1453 415 351 1454 415 351 1455 403 355 1456 492 356 1457 393 304 1458 514 302 1459 404 357 1460 393 304 1461 404 357 1462 403 355 1463 403 355 1464 404 357 1465 490 358 1466 403 355 1467 490 358 1468 492 356 1469 492 356 1470 490 358 1471 495 359 1472 492 356 1473 495 359 1474 690 360 1475 492 356 1476 690 360 1477 689 361 1478 492 356 1479 689 361 1480 415 351 1481 415 351 1482 689 361 1483 426 362 1484 415 351 1485 426 362 1486 428 352 1487 428 352 1488 426 362 1489 427 363 1490 428 352 1491 427 363 1492 429 354 1493 429 354 1494 427 363 1495 424 321 1496 429 354 1497 424 321 1498 422 353 1499 422 353 1500 424 321 1501 423 319 1502 422 353 1503 423 319 1504 303 317 1505 422 353 1506 303 317 1507 411 312 1508 411 312 1509 303 317 1510 290 315 1511 427 363 1512 426 362 1513 689 361 1514 690 360 1515 684 364 1516 689 361 1517 621 294 1518 560 344 1519 561 296 1520 561 296 1521 560 344 1522 558 343 1523 561 296 1524 558 343 1525 554 350 1526 554 350 1527 558 343 1528 555 342 1529 554 350 1530 555 342 1531 517 341 1532 554 350 1533 517 341 1534 516 365 1535 554 350 1536 516 365 1537 540 298 1538 540 298 1539 516 365 1540 515 366 1541 540 298 1542 515 366 1543 535 300 1544 535 300 1545 515 366 1546 514 302 1547 514 302 1548 515 366 1549 404 357 1550 404 357 1551 515 366 1552 491 367 1553 404 357 1554 491 367 1555 490 358 1556 490 358 1557 491 367 1558 494 368 1559 490 358 1560 494 368 1561 495 359 1562 495 359 1563 494 368 1564 497 369 1565 495 359 1566 497 369 1567 690 360 1568 690 360 1569 497 369 1570 691 334 1571 690 360 1572 691 334 1573 684 364 1574 684 364 1575 691 334 1576 681 330 1577 684 364 1578 681 330 1579 683 370 1580 683 370 1581 681 330 1582 326 371 1583 326 371 1584 681 330 1585 327 328 1586 326 371 1587 327 328 1588 325 326 1589 326 371 1590 325 326 1591 314 324 1592 496 336 1593 691 334 1594 497 369 1595 496 336 1596 497 369 1597 498 338 1598 498 338 1599 497 369 1600 499 339 1601 499 339 1602 497 369 1603 494 368 1604 499 339 1605 494 368 1606 493 340 1607 493 340 1608 494 368 1609 491 367 1610 491 367 1611 515 366 1612 516 365 1613 491 367 1614 516 365 1615 493 340 1616 493 340 1617 516 365 1618 517 341 1619 536 301 1620 562 372 1621 541 299 1622 541 299 1623 562 372 1624 542 373 1625 541 299 1626 542 373 1627 543 297 1628 543 297 1629 542 373 1630 544 295 1631 544 295 1632 542 373 1633 625 293 1634 625 293 1635 542 373 1636 598 374 1637 625 293 1638 598 374 1639 626 375 1640 625 293 1641 626 375 1642 628 291 1643 628 291 1644 626 375 1645 634 376 1646 628 291 1647 634 376 1648 635 289 1649 542 373 1650 562 372 1651 598 374 1652 358 377 1653 385 378 1654 354 379 1655 354 379 1656 385 378 1657 352 380 1658 354 379 1659 352 380 1660 351 331 1661 351 331 1662 352 380 1663 345 329 1664 345 329 1665 352 380 1666 346 381 1667 345 329 1668 346 381 1669 330 327 1670 330 327 1671 346 381 1672 316 382 1673 330 327 1674 316 382 1675 315 325 1676 315 325 1677 316 382 1678 309 383 1679 315 325 1680 309 383 1681 305 384 1682 305 384 1683 309 383 1684 304 385 1685 305 384 1686 304 385 1687 291 316 1688 305 384 1689 291 316 1690 302 318 1691 305 384 1692 302 318 1693 287 320 1694 305 384 1695 287 320 1696 289 323 1697 305 384 1698 289 323 1699 315 325 1700 352 380 1701 385 378 1702 346 381 1703 351 331 1704 355 386 1705 354 379 1706 354 379 1707 355 386 1708 356 387 1709 354 379 1710 356 387 1711 357 388 1712 354 379 1713 357 388 1714 358 377 1715 358 377 1716 357 388 1717 369 389 1718 358 377 1719 369 389 1720 392 390 1721 358 377 1722 392 390 1723 385 378 1724 385 378 1725 392 390 1726 389 391 1727 385 378 1728 389 391 1729 346 381 1730 346 381 1731 389 391 1732 379 392 1733 346 381 1734 379 392 1735 316 382 1736 316 382 1737 379 392 1738 377 393 1739 316 382 1740 377 393 1741 309 383 1742 309 383 1743 377 393 1744 310 394 1745 309 383 1746 310 394 1747 307 395 1748 309 383 1749 307 395 1750 304 385 1751 304 385 1752 307 395 1753 293 396 1754 304 385 1755 293 396 1756 291 316 1757 291 316 1758 293 396 1759 292 314 1760 369 389 1761 357 388 1762 370 397 1763 677 398 1764 650 399 1765 652 400 1766 652 400 1767 650 399 1768 651 401 1769 651 401 1770 650 399 1771 649 402 1772 649 402 1773 650 399 1774 642 403 1775 649 402 1776 642 403 1777 640 404 1778 640 404 1779 642 403 1780 641 405 1781 640 404 1782 641 405 1783 639 281 1784 650 399 1785 677 398 1786 642 403 1787 642 403 1788 677 398 1789 641 405 1790 721 406 1791 478 407 1792 722 408 1793 721 406 1794 722 408 1795 720 409 1796 720 409 1797 722 408 1798 725 410 1799 720 409 1800 725 410 1801 726 411 1802 409 412 1803 717 413 1804 478 407 1805 478 407 1806 717 413 1807 718 414 1808 478 407 1809 718 414 1810 719 415 1811 719 415 1812 718 414 1813 732 416 1814 732 416 1815 718 414 1816 733 417 1817 729 418 1818 717 413 1819 712 419 1820 729 418 1821 712 419 1822 735 420 1823 728 421 1824 712 419 1825 711 422 1826 711 422 1827 712 419 1828 318 423 1829 405 424 1830 432 425 1831 420 426 1832 420 426 1833 432 425 1834 436 427 1835 420 426 1836 436 427 1837 410 428 1838 410 428 1839 436 427 1840 409 412 1841 409 412 1842 436 427 1843 435 429 1844 409 412 1845 435 429 1846 717 413 1847 717 413 1848 435 429 1849 434 430 1850 434 430 1851 435 429 1852 436 427 1853 434 430 1854 436 427 1855 437 431 1856 437 431 1857 436 427 1858 432 425 1859 437 431 1860 432 425 1861 431 432 1862 437 431 1863 431 432 1864 434 430 1865 478 407 1866 479 433 1867 407 434 1868 478 407 1869 407 434 1870 409 412 1871 409 412 1872 407 434 1873 408 435 1874 409 412 1875 408 435 1876 410 428 1877 410 428 1878 408 435 1879 400 436 1880 410 428 1881 400 436 1882 416 437 1883 410 428 1884 416 437 1885 420 426 1886 420 426 1887 416 437 1888 419 438 1889 420 426 1890 419 438 1891 405 424 1892 405 424 1893 419 438 1894 406 439 1895 405 424 1896 406 439 1897 306 440 1898 347 441 1899 342 442 1900 341 443 1901 341 443 1902 342 442 1903 323 444 1904 341 443 1905 323 444 1906 322 445 1907 341 443 1908 322 445 1909 317 446 1910 317 446 1911 322 445 1912 311 447 1913 317 446 1914 311 447 1915 284 448 1916 284 448 1917 311 447 1918 285 449 1919 284 448 1920 285 449 1921 283 450 1922 283 450 1923 285 449 1924 431 432 1925 283 450 1926 431 432 1927 299 451 1928 299 451 1929 431 432 1930 432 425 1931 299 451 1932 432 425 1933 300 452 1934 300 452 1935 432 425 1936 405 424 1937 300 452 1938 405 424 1939 301 453 1940 301 453 1941 405 424 1942 306 440 1943 301 453 1944 306 440 1945 294 454 1946 294 454 1947 306 440 1948 295 455 1949 294 454 1950 295 455 1951 296 456 1952 296 456 1953 295 455 1954 308 457 1955 296 456 1956 308 457 1957 375 458 1958 375 458 1959 308 457 1960 376 459 1961 375 458 1962 376 459 1963 378 460 1964 375 458 1965 378 460 1966 380 461 1967 380 461 1968 378 460 1969 381 462 1970 380 461 1971 381 462 1972 383 463 1973 383 463 1974 381 462 1975 386 464 1976 386 464 1977 381 462 1978 387 465 1979 386 464 1980 387 465 1981 388 466 1982 388 466 1983 387 465 1984 378 460 1985 378 460 1986 387 465 1987 381 462 1988 283 450 1989 298 467 1990 284 448 1991 284 448 1992 298 467 1993 317 446 1994 384 468 1995 382 469 1996 380 461 1997 380 461 1998 382 469 1999 317 446 2000 380 461 2001 317 446 2002 375 458 2003 375 458 2004 317 446 2005 298 467 2006 375 458 2007 298 467 2008 296 456 2009 296 456 2010 298 467 2011 294 454 2012 294 454 2013 298 467 2014 297 470 2015 297 470 2016 298 467 2017 283 450 2018 297 470 2019 283 450 2020 299 451 2021 297 470 2022 299 451 2023 300 452 2024 297 470 2025 300 452 2026 294 454 2027 294 454 2028 300 452 2029 301 453 2030 311 447 2031 322 445 2032 319 471 2033 319 471 2034 322 445 2035 323 444 2036 319 471 2037 323 444 2038 320 472 2039 319 471 2040 320 472 2041 318 423 2042 320 472 2043 323 444 2044 340 473 2045 344 474 2046 343 475 2047 336 476 2048 336 476 2049 343 475 2050 366 477 2051 336 476 2052 366 477 2053 367 478 2054 367 478 2055 366 477 2056 365 479 2057 365 479 2058 366 477 2059 364 480 2060 364 480 2061 366 477 2062 373 481 2063 364 480 2064 373 481 2065 372 482 2066 372 482 2067 373 481 2068 390 483 2069 390 483 2070 373 481 2071 374 484 2072 390 483 2073 374 484 2074 386 464 2075 386 464 2076 374 484 2077 391 485 2078 374 484 2079 373 481 2080 366 477 2081 371 486 2082 364 480 2083 372 482 2084 334 487 2085 335 488 2086 336 476 2087 336 476 2088 335 488 2089 339 489 2090 334 487 2091 693 490 2092 694 491 2093 694 491 2094 693 490 2095 727 492 2096 693 490 2097 702 493 2098 709 494 2099 693 490 2100 709 494 2101 734 495 2102 350 496 2103 348 497 2104 349 498 2105 349 498 2106 348 497 2107 368 499 2108 349 498 2109 368 499 2110 366 477 2111 731 500 2112 730 501 2113 699 502 2114 699 502 2115 730 501 2116 700 503 2117 699 502 2118 700 503 2119 701 504 2120 701 504 2121 700 503 2122 702 493 2123 724 505 2124 723 506 2125 703 507 2126 703 507 2127 723 506 2128 704 508 2129 703 507 2130 704 508 2131 705 509 2132 705 509 2133 704 508 2134 701 504 2135 604 510 2136 615 511 2137 805 512 2138 805 512 2139 615 511 2140 630 513 2141 805 512 2142 630 513 2143 749 514 2144 749 514 2145 630 513 2146 748 515 2147 749 514 2148 748 515 2149 750 516 2150 750 516 2151 748 515 2152 551 517 2153 750 516 2154 551 517 2155 584 518 2156 584 518 2157 551 517 2158 582 519 2159 584 518 2160 582 519 2161 583 520 2162 583 520 2163 582 519 2164 588 521 2165 583 520 2166 588 521 2167 586 522 2168 583 520 2169 586 522 2170 585 523 2171 585 523 2172 586 522 2173 592 524 2174 585 523 2175 592 524 2176 603 525 2177 603 525 2178 592 524 2179 602 526 2180 603 525 2181 602 526 2182 604 510 2183 604 510 2184 602 526 2185 614 527 2186 604 510 2187 614 527 2188 615 511 2189 615 511 2190 614 527 2191 616 528 2192 615 511 2193 616 528 2194 631 529 2195 615 511 2196 631 529 2197 630 513 2198 630 513 2199 631 529 2200 632 530 2201 630 513 2202 632 530 2203 636 531 2204 636 531 2205 632 530 2206 622 532 2207 636 531 2208 622 532 2209 620 533 2210 620 533 2211 622 532 2212 619 534 2213 620 533 2214 619 534 2215 566 535 2216 566 535 2217 619 534 2218 565 536 2219 566 535 2220 565 536 2221 539 537 2222 539 537 2223 565 536 2224 564 538 2225 539 537 2226 564 538 2227 537 539 2228 537 539 2229 564 538 2230 538 540 2231 537 539 2232 538 540 2233 527 541 2234 527 541 2235 538 540 2236 528 542 2237 527 541 2238 528 542 2239 397 543 2240 397 543 2241 528 542 2242 398 544 2243 397 543 2244 398 544 2245 399 545 2246 399 545 2247 398 544 2248 400 436 2249 604 510 2250 805 512 2251 603 525 2252 584 518 2253 583 520 2254 585 523 2255 584 518 2256 585 523 2257 750 516 2258 750 516 2259 585 523 2260 603 525 2261 748 515 2262 553 546 2263 551 517 2264 402 547 2265 397 543 2266 399 545 2267 539 537 2268 537 539 2269 511 548 2270 511 548 2271 537 539 2272 527 541 2273 511 548 2274 527 541 2275 401 549 2276 610 550 2277 614 527 2278 602 526 2279 610 550 2280 602 526 2281 601 551 2282 601 551 2283 602 526 2284 592 524 2285 610 550 2286 601 551 2287 611 552 2288 563 553 2289 538 540 2290 564 538 2291 563 553 2292 564 538 2293 599 554 2294 599 554 2295 564 538 2296 565 536 2297 599 554 2298 565 536 2299 619 534 2300 599 554 2301 619 534 2302 622 532 2303 599 554 2304 622 532 2305 600 555 2306 600 555 2307 622 532 2308 627 556 2309 627 556 2310 622 532 2311 632 530 2312 627 556 2313 632 530 2314 633 557 2315 633 557 2316 632 530 2317 631 529 2318 563 553 2319 599 554 2320 600 555 2321 401 549 2322 527 541 2323 397 543 2324 401 549 2325 397 543 2326 402 547 2327 401 549 2328 402 547 2329 476 558 2330 401 549 2331 476 558 2332 477 559 2333 401 549 2334 477 559 2335 511 548 2336 511 548 2337 477 559 2338 512 560 2339 511 548 2340 512 560 2341 539 537 2342 539 537 2343 512 560 2344 547 561 2345 539 537 2346 547 561 2347 566 535 2348 566 535 2349 547 561 2350 552 562 2351 552 562 2352 547 561 2353 548 563 2354 552 562 2355 548 563 2356 550 564 2357 550 564 2358 548 563 2359 549 565 2360 550 564 2361 549 565 2362 587 566 2363 587 566 2364 549 565 2365 507 567 2366 507 567 2367 549 565 2368 509 568 2369 507 567 2370 509 568 2371 485 569 2372 485 569 2373 509 568 2374 487 570 2375 485 569 2376 487 570 2377 486 571 2378 485 569 2379 486 571 2380 484 572 2381 485 569 2382 484 572 2383 660 573 2384 485 569 2385 660 573 2386 506 574 2387 485 569 2388 506 574 2389 507 567 2390 507 567 2391 506 574 2392 508 575 2393 507 567 2394 508 575 2395 588 521 2396 507 567 2397 588 521 2398 587 566 2399 587 566 2400 588 521 2401 582 519 2402 587 566 2403 582 519 2404 550 564 2405 550 564 2406 582 519 2407 551 517 2408 550 564 2409 551 517 2410 552 562 2411 552 562 2412 551 517 2413 553 546 2414 552 562 2415 553 546 2416 566 535 2417 566 535 2418 553 546 2419 620 533 2420 620 533 2421 553 546 2422 748 515 2423 620 533 2424 748 515 2425 636 531 2426 636 531 2427 748 515 2428 630 513 2429 481 576 2430 483 577 2431 482 578 2432 481 576 2433 482 578 2434 480 579 2435 480 579 2436 482 578 2437 488 580 2438 480 579 2439 488 580 2440 489 581 2441 480 579 2442 489 581 2443 509 568 2444 480 579 2445 509 568 2446 510 582 2447 510 582 2448 509 568 2449 549 565 2450 510 582 2451 549 565 2452 548 563 2453 510 582 2454 548 563 2455 547 561 2456 510 582 2457 547 561 2458 512 560 2459 510 582 2460 512 560 2461 480 579 2462 480 579 2463 512 560 2464 481 576 2465 596 583 2466 593 584 2467 569 585 2468 596 583 2469 569 585 2470 597 586 2471 597 586 2472 569 585 2473 568 587 2474 597 586 2475 568 587 2476 576 588 2477 597 586 2478 576 588 2479 594 589 2480 594 589 2481 576 588 2482 578 590 2483 578 590 2484 576 588 2485 575 591 2486 578 590 2487 575 591 2488 579 592 2489 579 592 2490 575 591 2491 521 593 2492 459 594 2493 441 595 2494 443 596 2495 443 596 2496 441 595 2497 439 597 2498 443 596 2499 439 597 2500 442 598 2501 442 598 2502 439 597 2503 502 599 2504 442 598 2505 502 599 2506 505 600 2507 505 600 2508 502 599 2509 533 601 2510 505 600 2511 533 601 2512 504 602 2513 504 602 2514 533 601 2515 534 603 2516 504 602 2517 534 603 2518 529 604 2519 529 604 2520 534 603 2521 589 605 2522 589 605 2523 534 603 2524 590 606 2525 590 606 2526 534 603 2527 581 607 2528 590 606 2529 581 607 2530 591 608 2531 591 608 2532 581 607 2533 593 584 2534 593 584 2535 581 607 2536 580 609 2537 593 584 2538 580 609 2539 569 585 2540 569 585 2541 580 609 2542 531 610 2543 569 585 2544 531 610 2545 568 587 2546 568 587 2547 531 610 2548 567 611 2549 568 587 2550 567 611 2551 576 588 2552 576 588 2553 567 611 2554 574 612 2555 576 588 2556 574 612 2557 575 591 2558 575 591 2559 574 612 2560 520 613 2561 575 591 2562 520 613 2563 521 593 2564 521 593 2565 520 613 2566 446 614 2567 521 593 2568 446 614 2569 522 615 2570 522 615 2571 446 614 2572 447 616 2573 522 615 2574 447 616 2575 638 617 2576 638 617 2577 447 616 2578 637 618 2579 637 618 2580 447 616 2581 444 619 2582 637 618 2583 444 619 2584 453 620 2585 453 620 2586 444 619 2587 440 621 2588 453 620 2589 440 621 2590 452 622 2591 452 622 2592 440 621 2593 441 595 2594 452 622 2595 441 595 2596 458 623 2597 458 623 2598 441 595 2599 459 594 2600 458 623 2601 459 594 2602 468 624 2603 468 624 2604 459 594 2605 658 625 2606 658 625 2607 459 594 2608 460 626 2609 658 625 2610 460 626 2611 656 627 2612 656 627 2613 460 626 2614 448 628 2615 656 627 2616 448 628 2617 451 629 2618 451 629 2619 448 628 2620 449 630 2621 451 629 2622 449 630 2623 450 631 2624 450 631 2625 449 630 2626 504 602 2627 450 631 2628 504 602 2629 529 604 2630 450 631 2631 529 604 2632 530 632 2633 450 631 2634 530 632 2635 451 629 2636 451 629 2637 530 632 2638 661 633 2639 451 629 2640 661 633 2641 656 627 2642 459 594 2643 443 596 2644 460 626 2645 460 626 2646 443 596 2647 448 628 2648 448 628 2649 443 596 2650 442 598 2651 448 628 2652 442 598 2653 449 630 2654 449 630 2655 442 598 2656 505 600 2657 449 630 2658 505 600 2659 504 602 2660 532 634 2661 533 601 2662 502 599 2663 502 599 2664 531 610 2665 532 634 2666 532 634 2667 531 610 2668 580 609 2669 532 634 2670 580 609 2671 581 607 2672 532 634 2673 581 607 2674 533 601 2675 533 601 2676 581 607 2677 534 603 2678 458 623 2679 468 624 2680 469 635 2681 458 623 2682 469 635 2683 470 636 2684 458 623 2685 470 636 2686 452 622 2687 452 622 2688 470 636 2689 646 637 2690 452 622 2691 646 637 2692 453 620 2693 453 620 2694 646 637 2695 637 618 2696 439 597 2697 441 595 2698 440 621 2699 439 597 2700 440 621 2701 438 638 2702 438 638 2703 440 621 2704 444 619 2705 438 638 2706 444 619 2707 445 639 2708 445 639 2709 444 619 2710 447 616 2711 445 639 2712 447 616 2713 446 614 2714 445 639 2715 446 614 2716 520 613 2717 445 639 2718 520 613 2719 524 640 2720 524 640 2721 520 613 2722 574 612 2723 524 640 2724 574 612 2725 523 641 2726 523 641 2727 574 612 2728 567 611 2729 523 641 2730 567 611 2731 531 610 2732 523 641 2733 531 610 2734 503 642 2735 503 642 2736 531 610 2737 502 599 2738 503 642 2739 502 599 2740 439 597 2741 503 642 2742 439 597 2743 523 641 2744 523 641 2745 439 597 2746 438 638 2747 523 641 2748 438 638 2749 524 640 2750 524 640 2751 438 638 2752 445 639 2753 201 643 2754 202 644 2755 199 645 2756 201 643 2757 199 645 2758 198 646 2759 198 646 2760 199 645 2761 200 647 2762 333 648 2763 332 649 2764 183 650 2765 333 648 2766 183 650 2767 182 651 2768 182 651 2769 183 650 2770 179 652 2771 182 651 2772 179 652 2773 178 653 2774 178 653 2775 179 652 2776 180 654 2777 180 654 2778 179 652 2779 181 655 2780 180 654 2781 181 655 2782 224 656 2783 224 656 2784 181 655 2785 223 657 2786 224 656 2787 223 657 2788 220 658 2789 224 656 2790 220 658 2791 221 659 2792 221 659 2793 220 658 2794 217 660 2795 221 659 2796 217 660 2797 216 661 2798 216 661 2799 217 660 2800 201 643 2801 991 662 2802 988 663 2803 990 664 2804 993 665 2805 1007 666 2806 1006 667 2807 993 665 2808 1006 667 2809 941 668 2810 993 665 2811 941 668 2812 939 669 2813 939 669 2814 941 668 2815 940 670 2816 939 669 2817 940 670 2818 928 671 2819 928 671 2820 940 670 2821 698 672 2822 928 671 2823 698 672 2824 177 673 2825 177 673 2826 698 672 2827 697 674 2828 177 673 2829 697 674 2830 692 675 2831 177 673 2832 692 675 2833 175 676 2834 175 676 2835 692 675 2836 338 677 2837 175 676 2838 338 677 2839 337 678 2840 175 676 2841 337 678 2842 176 679 2843 176 679 2844 337 678 2845 331 680 2846 176 679 2847 331 680 2848 186 681 2849 176 679 2850 186 681 2851 174 682 2852 174 682 2853 186 681 2854 185 683 2855 174 682 2856 185 683 2857 184 684 2858 174 682 2859 184 684 2860 172 685 2861 174 682 2862 172 685 2863 173 686 2864 173 686 2865 172 685 2866 986 687 2867 173 686 2868 986 687 2869 989 688 2870 989 688 2871 986 687 2872 988 663 2873 989 688 2874 988 663 2875 992 689 2876 992 689 2877 988 663 2878 991 662 2879 992 689 2880 991 662 2881 994 690 2882 994 690 2883 991 662 2884 990 664 2885 994 690 2886 990 664 2887 995 691 2888 995 691 2889 990 664 2890 930 692 2891 995 691 2892 930 692 2893 929 693 2894 929 693 2895 930 692 2896 931 694 2897 931 694 2898 930 692 2899 210 695 2900 210 695 2901 930 692 2902 211 696 2903 210 695 2904 211 696 2905 197 697 2906 197 697 2907 211 696 2908 212 698 2909 197 697 2910 212 698 2911 196 699 2912 196 699 2913 212 698 2914 219 700 2915 219 700 2916 212 698 2917 218 701 2918 218 701 2919 212 698 2920 214 702 2921 218 701 2922 214 702 2923 222 703 2924 222 703 2925 214 702 2926 215 704 2927 222 703 2928 215 704 2929 172 685 2930 172 685 2931 215 704 2932 986 687 2933 986 687 2934 215 704 2935 988 663 2936 988 663 2937 215 704 2938 213 705 2939 988 663 2940 213 705 2941 990 664 2942 990 664 2943 213 705 2944 930 692 2945 930 692 2946 213 705 2947 211 696 2948 211 696 2949 213 705 2950 214 702 2951 211 696 2952 214 702 2953 212 698 2954 213 705 2955 215 704 2956 214 702 2957 184 684 2958 222 703 2959 172 685 2960 995 691 2961 929 693 2962 1001 706 2963 995 691 2964 1001 706 2965 994 690 2966 994 690 2967 1001 706 2968 1007 666 2969 994 690 2970 1007 666 2971 993 665 2972 994 690 2973 993 665 2974 992 689 2975 992 689 2976 993 665 2977 989 688 2978 989 688 2979 993 665 2980 939 669 2981 989 688 2982 939 669 2983 928 671 2984 989 688 2985 928 671 2986 927 707 2987 927 707 2988 928 671 2989 177 673 2990 927 707 2991 177 673 2992 173 686 2993 173 686 2994 177 673 2995 175 676 2996 173 686 2997 175 676 2998 174 682 2999 174 682 3000 175 676 3001 176 679 3002 173 686 3003 989 688 3004 927 707 3005 197 697 3006 196 699 3007 193 708 3008 193 708 3009 196 699 3010 194 709 3011 193 708 3012 194 709 3013 195 710 3014 960 711 3015 962 712 3016 961 713 3017 961 713 3018 959 714 3019 960 711 3020 960 711 3021 959 714 3022 945 715 3023 960 711 3024 945 715 3025 962 712 3026 962 712 3027 945 715 3028 949 716 3029 962 712 3030 949 716 3031 950 717 3032 950 717 3033 949 716 3034 884 718 3035 884 718 3036 949 716 3037 882 719 3038 884 718 3039 882 719 3040 883 720 3041 883 720 3042 882 719 3043 67 721 3044 67 721 3045 882 719 3046 66 722 3047 67 721 3048 66 722 3049 65 723 3050 65 723 3051 66 722 3052 64 724 3053 64 724 3054 66 722 3055 68 725 3056 68 725 3057 66 722 3058 69 726 3059 68 725 3060 69 726 3061 70 727 3062 70 727 3063 69 726 3064 959 714 3065 959 714 3066 69 726 3067 945 715 3068 945 715 3069 69 726 3070 882 719 3071 945 715 3072 882 719 3073 949 716 3074 66 722 3075 882 719 3076 69 726 3077 950 717 3078 963 728 3079 962 712 3080 962 712 3081 963 728 3082 946 729 3083 962 712 3084 946 729 3085 961 713 3086 961 713 3087 946 729 3088 879 730 3089 961 713 3090 879 730 3091 959 714 3092 959 714 3093 879 730 3094 47 731 3095 959 714 3096 47 731 3097 70 727 3098 70 727 3099 47 731 3100 49 732 3101 49 732 3102 47 731 3103 48 733 3104 49 732 3105 48 733 3106 50 734 3107 50 734 3108 48 733 3109 51 735 3110 50 734 3111 51 735 3112 52 736 3113 52 736 3114 51 735 3115 92 737 3116 92 737 3117 51 735 3118 93 738 3119 93 738 3120 51 735 3121 645 739 3122 645 739 3123 51 735 3124 53 740 3125 53 740 3126 51 735 3127 48 733 3128 53 740 3129 48 733 3130 880 741 3131 880 741 3132 48 733 3133 879 730 3134 880 741 3135 879 730 3136 881 742 3137 881 742 3138 879 730 3139 891 743 3140 881 742 3141 891 743 3142 892 744 3143 892 744 3144 891 743 3145 893 745 3146 893 745 3147 891 743 3148 946 729 3149 893 745 3150 946 729 3151 947 746 3152 947 746 3153 946 729 3154 963 728 3155 879 730 3156 48 733 3157 47 731 3158 946 729 3159 891 743 3160 879 730 3161 892 744 3162 894 747 3163 881 742 3164 881 742 3165 894 747 3166 53 740 3167 881 742 3168 53 740 3169 880 741 3170 34 748 3171 35 749 3172 79 750 3173 79 750 3174 35 749 3175 953 751 3176 79 750 3177 953 751 3178 77 752 3179 77 752 3180 953 751 3181 952 753 3182 952 753 3183 953 751 3184 954 754 3185 83 755 3186 86 756 3187 78 757 3188 83 755 3189 78 757 3190 76 758 3191 76 758 3192 78 757 3193 75 759 3194 76 758 3195 75 759 3196 58 760 3197 58 760 3198 75 759 3199 71 761 3200 71 761 3201 75 759 3202 72 762 3203 71 761 3204 72 762 3205 73 763 3206 73 763 3207 72 762 3208 74 764 3209 74 764 3210 72 762 3211 951 765 3212 74 764 3213 951 765 3214 956 766 3215 956 766 3216 951 765 3217 957 767 3218 956 766 3219 957 767 3220 958 768 3221 958 768 3222 957 767 3223 944 769 3224 958 768 3225 944 769 3226 948 770 3227 948 770 3228 944 769 3229 890 771 3230 890 771 3231 944 769 3232 889 772 3233 890 771 3234 889 772 3235 888 773 3236 888 773 3237 889 772 3238 887 774 3239 888 773 3240 887 774 3241 675 775 3242 675 775 3243 887 774 3244 668 776 3245 675 775 3246 668 776 3247 676 777 3248 676 777 3249 668 776 3250 669 778 3251 669 778 3252 668 776 3253 37 779 3254 669 778 3255 37 779 3256 328 780 3257 328 780 3258 37 779 3259 329 781 3260 329 781 3261 37 779 3262 36 782 3263 329 781 3264 36 782 3265 89 783 3266 89 783 3267 36 782 3268 46 784 3269 46 784 3270 36 782 3271 32 785 3272 46 784 3273 32 785 3274 44 786 3275 44 786 3276 32 785 3277 45 787 3278 45 787 3279 32 785 3280 34 748 3281 45 787 3282 34 748 3283 86 756 3284 86 756 3285 34 748 3286 79 750 3287 86 756 3288 79 750 3289 78 757 3290 78 757 3291 79 750 3292 77 752 3293 78 757 3294 77 752 3295 75 759 3296 75 759 3297 77 752 3298 72 762 3299 72 762 3300 77 752 3301 952 753 3302 72 762 3303 952 753 3304 951 765 3305 951 765 3306 952 753 3307 957 767 3308 957 767 3309 952 753 3310 954 754 3311 957 767 3312 954 754 3313 955 788 3314 955 788 3315 954 754 3316 953 751 3317 955 788 3318 953 751 3319 885 789 3320 885 789 3321 953 751 3322 35 749 3323 885 789 3324 35 749 3325 33 790 3326 33 790 3327 35 749 3328 34 748 3329 33 790 3330 34 748 3331 32 785 3332 33 790 3333 32 785 3334 37 779 3335 37 779 3336 32 785 3337 36 782 3338 37 779 3339 668 776 3340 33 790 3341 33 790 3342 668 776 3343 886 791 3344 33 790 3345 886 791 3346 885 789 3347 885 789 3348 886 791 3349 887 774 3350 885 789 3351 887 774 3352 889 772 3353 885 789 3354 889 772 3355 944 769 3356 885 789 3357 944 769 3358 955 788 3359 955 788 3360 944 769 3361 957 767 3362 668 776 3363 887 774 3364 886 791 3365 82 792 3366 83 755 3367 76 758 3368 82 792 3369 76 758 3370 57 793 3371 57 793 3372 76 758 3373 58 760 3374 57 793 3375 58 760 3376 54 794 3377 57 793 3378 54 794 3379 56 795 3380 56 795 3381 54 794 3382 55 796 3383 155 797 3384 156 798 3385 157 799 3386 155 797 3387 157 799 3388 160 800 3389 155 797 3390 160 800 3391 166 801 3392 166 801 3393 160 800 3394 163 802 3395 166 801 3396 163 802 3397 165 803 3398 165 803 3399 163 802 3400 167 804 3401 167 804 3402 163 802 3403 162 805 3404 167 804 3405 162 805 3406 168 806 3407 158 807 3408 159 808 3409 160 800 3410 160 800 3411 159 808 3412 163 802 3413 163 802 3414 159 808 3415 162 805 3416 973 809 3417 866 810 3418 148 811 3419 148 811 3420 866 810 3421 867 812 3422 148 811 3423 867 812 3424 150 813 3425 150 813 3426 867 812 3427 170 814 3428 150 813 3429 170 814 3430 169 815 3431 150 813 3432 169 815 3433 151 816 3434 151 816 3435 169 815 3436 171 817 3437 151 816 3438 171 817 3439 154 818 3440 151 816 3441 154 818 3442 149 819 3443 149 819 3444 154 818 3445 153 820 3446 149 819 3447 153 820 3448 152 821 3449 149 819 3450 152 821 3451 147 822 3452 147 822 3453 152 821 3454 168 806 3455 147 822 3456 168 806 3457 164 823 3458 164 823 3459 168 806 3460 162 805 3461 164 823 3462 162 805 3463 161 824 3464 161 824 3465 162 805 3466 159 808 3467 161 824 3468 159 808 3469 869 825 3470 869 825 3471 159 808 3472 158 807 3473 869 825 3474 158 807 3475 870 826 3476 869 825 3477 870 826 3478 868 827 3479 869 825 3480 868 827 3481 978 828 3482 978 828 3483 868 827 3484 979 829 3485 978 828 3486 979 829 3487 980 830 3488 980 830 3489 979 829 3490 985 831 3491 980 830 3492 985 831 3493 984 832 3494 980 830 3495 984 832 3496 981 833 3497 981 833 3498 984 832 3499 878 834 3500 981 833 3501 878 834 3502 877 835 3503 877 835 3504 878 834 3505 874 836 3506 877 835 3507 874 836 3508 873 837 3509 873 837 3510 874 836 3511 464 838 3512 873 837 3513 464 838 3514 867 812 3515 867 812 3516 464 838 3517 463 839 3518 867 812 3519 463 839 3520 170 814 3521 873 837 3522 867 812 3523 866 810 3524 873 837 3525 866 810 3526 973 809 3527 873 837 3528 973 809 3529 877 835 3530 877 835 3531 973 809 3532 981 833 3533 981 833 3534 973 809 3535 976 840 3536 981 833 3537 976 840 3538 980 830 3539 980 830 3540 976 840 3541 975 841 3542 980 830 3543 975 841 3544 974 842 3545 974 842 3546 975 841 3547 966 843 3548 974 842 3549 966 843 3550 161 824 3551 161 824 3552 966 843 3553 164 823 3554 164 823 3555 966 843 3556 965 844 3557 164 823 3558 965 844 3559 147 822 3560 147 822 3561 965 844 3562 148 811 3563 147 822 3564 148 811 3565 149 819 3566 149 819 3567 148 811 3568 150 813 3569 149 819 3570 150 813 3571 151 816 3572 973 809 3573 148 811 3574 965 844 3575 973 809 3576 965 844 3577 966 843 3578 973 809 3579 966 843 3580 976 840 3581 976 840 3582 966 843 3583 975 841 3584 974 842 3585 161 824 3586 869 825 3587 974 842 3588 869 825 3589 978 828 3590 974 842 3591 978 828 3592 980 830 3593 462 845 3594 463 839 3595 464 838 3596 918 846 3597 228 847 3598 919 848 3599 231 849 3600 232 850 3601 227 851 3602 227 851 3603 232 850 3604 228 847 3605 228 847 3606 232 850 3607 233 852 3608 228 847 3609 233 852 3610 919 848 3611 919 848 3612 233 852 3613 920 853 3614 919 848 3615 920 853 3616 923 854 3617 919 848 3618 923 854 3619 918 846 3620 918 846 3621 923 854 3622 1025 855 3623 918 846 3624 1025 855 3625 1018 856 3626 1018 856 3627 1025 855 3628 1024 857 3629 1024 857 3630 1025 855 3631 1026 858 3632 1024 857 3633 1026 858 3634 1021 859 3635 1026 858 3636 1025 855 3637 1027 860 3638 1027 860 3639 1025 855 3640 923 854 3641 1027 860 3642 923 854 3643 922 861 3644 922 861 3645 923 854 3646 920 853 3647 922 861 3648 920 853 3649 921 862 3650 921 862 3651 920 853 3652 715 863 3653 715 863 3654 920 853 3655 233 852 3656 715 863 3657 233 852 3658 716 864 3659 716 864 3660 233 852 3661 710 865 3662 710 865 3663 233 852 3664 278 866 3665 278 866 3666 233 852 3667 232 850 3668 278 866 3669 232 850 3670 321 867 3671 321 867 3672 232 850 3673 231 849 3674 321 867 3675 231 849 3676 279 868 3677 279 868 3678 231 849 3679 242 869 3680 242 869 3681 231 849 3682 227 851 3683 242 869 3684 227 851 3685 240 870 3686 240 870 3687 227 851 3688 241 871 3689 241 871 3690 227 851 3691 229 872 3692 229 872 3693 227 851 3694 228 847 3695 229 872 3696 228 847 3697 230 873 3698 230 873 3699 228 847 3700 918 846 3701 230 873 3702 918 846 3703 1009 874 3704 1009 874 3705 918 846 3706 1018 856 3707 1009 874 3708 1018 856 3709 1017 875 3710 1017 875 3711 1018 856 3712 1024 857 3713 1017 875 3714 1024 857 3715 1020 876 3716 1020 876 3717 1024 857 3718 1021 859 3719 1020 876 3720 1021 859 3721 266 877 3722 1020 876 3723 266 877 3724 264 878 3725 264 878 3726 266 877 3727 265 879 3728 264 878 3729 265 879 3730 263 880 3731 264 878 3732 263 880 3733 267 881 3734 267 881 3735 263 880 3736 251 882 3737 267 881 3738 251 882 3739 268 883 3740 268 883 3741 251 882 3742 250 884 3743 268 883 3744 250 884 3745 272 885 3746 268 883 3747 272 885 3748 273 886 3749 268 883 3750 273 886 3751 270 887 3752 270 887 3753 273 886 3754 276 888 3755 270 887 3756 276 888 3757 271 889 3758 271 889 3759 276 888 3760 229 872 3761 271 889 3762 229 872 3763 230 873 3764 271 889 3765 230 873 3766 1009 874 3767 271 889 3768 1009 874 3769 269 890 3770 269 890 3771 1009 874 3772 1016 891 3773 269 890 3774 1016 891 3775 264 878 3776 264 878 3777 1016 891 3778 1020 876 3779 1020 876 3780 1016 891 3781 1017 875 3782 1017 875 3783 1016 891 3784 1009 874 3785 241 871 3786 229 872 3787 276 888 3788 268 883 3789 270 887 3790 267 881 3791 267 881 3792 270 887 3793 269 890 3794 267 881 3795 269 890 3796 264 878 3797 270 887 3798 271 889 3799 269 890 3800 247 892 3801 248 893 3802 249 894 3803 247 892 3804 249 894 3805 250 884 3806 247 892 3807 250 884 3808 251 882 3809 142 895 3810 457 896 3811 143 897 3812 142 895 3813 143 897 3814 144 898 3815 144 898 3816 143 897 3817 361 899 3818 144 898 3819 361 899 3820 363 900 3821 144 898 3822 363 900 3823 362 901 3824 145 902 3825 146 903 3826 143 897 3827 143 897 3828 146 903 3829 361 899 3830 653 904 3831 145 902 3832 143 897 3833 653 904 3834 143 897 3835 657 905 3836 657 905 3837 143 897 3838 457 896 3839 657 905 3840 457 896 3841 465 906 3842 465 906 3843 457 896 3844 466 907 3845 465 906 3846 466 907 3847 467 908 3848 465 906 3849 467 908 3850 475 909 3851 465 906 3852 475 909 3853 659 910 3854 465 906 3855 659 910 3856 657 905 3857 662 911 3858 708 912 3859 663 913 3860 662 911 3861 663 913 3862 664 914 3863 662 911 3864 664 914 3865 665 915 3866 662 911 3867 665 915 3868 666 916 3869 666 916 3870 665 915 3871 667 917 3872 666 916 3873 667 917 3874 706 918 3875 706 918 3876 667 917 3877 707 919 3878 662 911 3879 666 916 3880 708 912 3881 708 912 3882 666 916 3883 706 918 3884 784 920 3885 785 921 3886 834 922 3887 834 922 3888 785 921 3889 849 923 3890 771 924 3891 747 925 3892 776 926 3893 776 926 3894 747 925 3895 746 927 3896 746 927 3897 747 925 3898 741 928 3899 741 928 3900 747 925 3901 743 929 3902 741 928 3903 743 929 3904 742 930 3905 741 928 3906 742 930 3907 740 931 3908 740 931 3909 742 930 3910 756 932 3911 740 931 3912 756 932 3913 755 933 3914 755 933 3915 756 932 3916 784 920 3917 755 933 3918 784 920 3919 833 934 3920 833 934 3921 784 920 3922 834 922 3923 833 934 3924 834 922 3925 836 935 3926 785 921 3927 784 920 3928 756 932 3929 785 921 3930 756 932 3931 786 936 3932 786 936 3933 756 932 3934 742 930 3935 786 936 3936 742 930 3937 761 937 3938 761 937 3939 742 930 3940 743 929 3941 761 937 3942 743 929 3943 762 938 3944 762 938 3945 743 929 3946 747 925 3947 762 938 3948 747 925 3949 765 939 3950 765 939 3951 747 925 3952 773 940 3953 773 940 3954 747 925 3955 771 924 3956 773 940 3957 771 924 3958 772 941 3959 772 941 3960 771 924 3961 778 942 3962 778 942 3963 771 924 3964 779 943 3965 779 943 3966 771 924 3967 776 926 3968 779 943 3969 776 926 3970 780 944 3971 780 944 3972 776 926 3973 781 945 3974 781 945 3975 776 926 3976 746 927 3977 781 945 3978 746 927 3979 782 946 3980 782 946 3981 746 927 3982 741 928 3983 782 946 3984 741 928 3985 766 947 3986 766 947 3987 741 928 3988 740 931 3989 766 947 3990 740 931 3991 767 948 3992 767 948 3993 740 931 3994 755 933 3995 767 948 3996 755 933 3997 787 949 3998 787 949 3999 755 933 4000 833 934 4001 787 949 4002 833 934 4003 835 950 4004 835 950 4005 833 934 4006 840 951 4007 840 951 4008 833 934 4009 836 935 4010 840 951 4011 836 935 4012 843 952 4013 843 952 4014 836 935 4015 834 922 4016 843 952 4017 834 922 4018 842 953 4019 842 953 4020 834 922 4021 849 923 4022 842 953 4023 849 923 4024 845 954 4025 842 953 4026 845 954 4027 844 955 4028 842 953 4029 844 955 4030 843 952 4031 843 952 4032 844 955 4033 840 951 4034 854 956 4035 821 957 4036 830 958 4037 830 958 4038 821 957 4039 822 959 4040 831 960 4041 830 958 4042 829 961 4043 829 961 4044 830 958 4045 822 959 4046 829 961 4047 822 959 4048 753 962 4049 753 962 4050 822 959 4051 754 963 4052 753 962 4053 754 963 4054 736 964 4055 736 964 4056 754 963 4057 737 965 4058 736 964 4059 737 965 4060 738 966 4061 738 966 4062 737 965 4063 739 967 4064 738 966 4065 739 967 4066 752 968 4067 738 966 4068 752 968 4069 751 969 4070 751 969 4071 752 968 4072 811 970 4073 811 970 4074 752 968 4075 802 971 4076 822 959 4077 821 957 4078 754 963 4079 754 963 4080 821 957 4081 796 972 4082 754 963 4083 796 972 4084 737 965 4085 737 965 4086 796 972 4087 797 973 4088 737 965 4089 797 973 4090 739 967 4091 739 967 4092 797 973 4093 799 974 4094 739 967 4095 799 974 4096 752 968 4097 752 968 4098 799 974 4099 810 975 4100 752 968 4101 810 975 4102 809 976 4103 752 968 4104 809 976 4105 802 971 4106 802 971 4107 809 976 4108 803 977 4109 802 971 4110 803 977 4111 804 978 4112 802 971 4113 804 978 4114 813 979 4115 802 971 4116 813 979 4117 811 970 4118 811 970 4119 813 979 4120 816 980 4121 811 970 4122 816 980 4123 815 981 4124 811 970 4125 815 981 4126 751 969 4127 751 969 4128 815 981 4129 814 982 4130 751 969 4131 814 982 4132 738 966 4133 738 966 4134 814 982 4135 800 983 4136 738 966 4137 800 983 4138 736 964 4139 736 964 4140 800 983 4141 801 984 4142 736 964 4143 801 984 4144 753 962 4145 753 962 4146 801 984 4147 823 985 4148 753 962 4149 823 985 4150 829 961 4151 829 961 4152 823 985 4153 832 986 4154 829 961 4155 832 986 4156 851 987 4157 829 961 4158 851 987 4159 831 960 4160 831 960 4161 851 987 4162 850 988 4163 831 960 4164 850 988 4165 830 958 4166 830 958 4167 850 988 4168 855 989 4169 830 958 4170 855 989 4171 854 956 4172 854 956 4173 855 989 4174 857 990 4175 857 990 4176 855 989 4177 856 991 4178 856 991 4179 855 989 4180 850 988 4181 856 991 4182 850 988 4183 851 987 4184 763 992 4185 788 993 4186 789 994 4187 763 992 4188 789 994 4189 759 995 4190 759 995 4191 789 994 4192 790 996 4193 759 995 4194 790 996 4195 757 997 4196 757 997 4197 790 996 4198 791 998 4199 757 997 4200 791 998 4201 837 999 4202 837 999 4203 791 998 4204 838 1000 4205 837 999 4206 838 1000 4207 839 1001 4208 839 1001 4209 838 1000 4210 848 1002 4211 848 1002 4212 846 1003 4213 847 1004 4214 848 1002 4215 847 1004 4216 839 1001 4217 839 1001 4218 847 1004 4219 841 1005 4220 839 1001 4221 841 1005 4222 837 999 4223 837 999 4224 841 1005 4225 783 1006 4226 837 999 4227 783 1006 4228 757 997 4229 757 997 4230 783 1006 4231 758 1007 4232 757 997 4233 758 1007 4234 759 995 4235 759 995 4236 758 1007 4237 760 1008 4238 759 995 4239 760 1008 4240 763 992 4241 763 992 4242 760 1008 4243 764 1009 4244 763 992 4245 764 1009 4246 777 1010 4247 763 992 4248 777 1010 4249 788 993 4250 788 993 4251 777 1010 4252 775 1011 4253 788 993 4254 775 1011 4255 768 1012 4256 768 1012 4257 775 1011 4258 769 1013 4259 768 1012 4260 769 1013 4261 770 1014 4262 454 1015 4263 2 1016 4264 1 1017 4265 1 1017 4266 2 1016 4267 0 1018 4268 1 1017 4269 0 1018 4270 353 1019 4271 353 1019 4272 0 1018 4273 359 1020 4274 359 1020 4275 0 1018 4276 360 1021 4277 353 1019 4278 3 1022 4279 1 1017 4280 1 1017 4281 3 1022 4282 4 1023 4283 1 1017 4284 4 1023 4285 644 1024 4286 1 1017 4287 644 1024 4288 647 1025 4289 1 1017 4290 647 1025 4291 454 1015 4292 454 1015 4293 647 1025 4294 471 1026 4295 454 1015 4296 471 1026 4297 474 1027 4298 474 1027 4299 471 1026 4300 473 1028 4301 473 1028 4302 471 1026 4303 472 1029 4304 472 1029 4305 471 1026 4306 648 1030 4307 648 1030 4308 471 1026 4309 647 1025 4310 59 1031 4311 60 1032 4312 61 1033 4313 59 1031 4314 61 1033 4315 63 1034 4316 63 1034 4317 61 1033 4318 62 1035 4319 63 1034 4320 62 1035 4321 81 1036 4322 63 1034 4323 81 1036 4324 80 1037 4325 80 1037 4326 81 1036 4327 84 1038 4328 84 1038 4329 81 1036 4330 85 1039 4331 84 1038 4332 85 1039 4333 87 1040 4334 87 1040 4335 85 1039 4336 88 1041 4337 87 1040 4338 88 1041 4339 38 1042 4340 87 1040 4341 38 1042 4342 40 1043 4343 40 1043 4344 38 1042 4345 39 1044 4346 40 1043 4347 39 1044 4348 41 1045 4349 41 1045 4350 39 1044 4351 42 1046 4352 42 1046 4353 39 1044 4354 43 1047 4355 42 1046 4356 43 1047 4357 90 1048 4358 90 1048 4359 43 1047 4360 91 1049 4361</p>
        </polylist>
      </mesh>
    </geometry>
    <geometry id="chr631_1-mesh" name="chr631_1">
      <mesh>
        <source id="chr631_1-mesh-positions">
          <float_array id="chr631_1-mesh-positions-array" count="270">0.002171993 0.002557694 0.02347868 0.003133416 0.0048213 0.02331608 0.001730859 0.00313431 0.02549678 0.002503395 0.005407094 0.02559715 0 0.005629003 0.0264045 0 0.003292798 0.02613162 0.02283966 0.002897918 0.008601963 0.02377748 0.002289593 0.01000028 0.02104336 -3.954e-4 0.00979346 0.02104336 -3.954e-4 0.00979346 0.02239495 0.002207994 0.0124002 0.02067166 0.002769887 0.01236647 0.02276337 0.003307402 0.01326525 0.02004075 0.005018413 0.01326113 0.0235325 0.002287626 0.01145952 0.02483928 0.005688667 0.009539961 0.02429336 0.005807518 0.01211982 0.02461963 0.003417134 0.01004248 0.02426809 0.003435134 0.01198828 0.0235325 0.002287626 0.01145952 0.02234119 0.005541086 0.01387649 0.02429336 0.005807518 0.01211982 0.02426809 0.003435134 0.01198828 0.02595776 0.003968477 -0.01030135 0.02378696 0.003109097 -0.009644865 0.02497917 0.002637386 -0.01062679 0.02387136 0.005349636 -0.008569061 0.02446419 0.002642393 -0.01346808 0.0230242 0.003116667 -0.01392322 0.02530872 0.003974974 -0.01396411 0.02218014 -1.202e-4 -0.01184403 0.02523493 0.002715826 -0.01213866 0.0259872 0.006008028 -0.009585559 0.02665126 0.00686419 -0.01219028 0.02628147 0.004088819 -0.01224726 0.02218014 -1.202e-4 -0.01184403 0.02523493 0.002715826 -0.01213866 0.02628147 0.004088819 -0.01224726 0.02665126 0.00686419 -0.01219028 0.02510768 0.006016731 -0.0145145 0 0.001403868 0.02482235 0.001224756 0.001499295 0.02454048 0 -6.837e-4 0.02259105 0.02316761 0.005203187 0.007832944 0.02277046 0.005360484 -0.01473879 -0.002171993 0.002557694 0.02347868 -0.001730859 0.00313431 0.02549678 -0.003133416 0.0048213 0.02331608 -0.002503395 0.005407094 0.02559715 0 0.003292798 0.02613162 0 0.005629003 0.0264045 -0.02283966 0.002897918 0.008601963 -0.02104336 -3.954e-4 0.00979346 -0.02377748 0.002289593 0.01000028 -0.02104336 -3.954e-4 0.00979346 -0.02067166 0.002769887 0.01236647 -0.02239495 0.002207994 0.0124002 -0.02004075 0.005018413 0.01326113 -0.02276337 0.003307402 0.01326525 -0.0235325 0.002287626 0.01145952 -0.02483928 0.005688667 0.009539961 -0.02461963 0.003417134 0.01004248 -0.02429336 0.005807518 0.01211982 -0.02426809 0.003435134 0.01198828 -0.0235325 0.002287626 0.01145952 -0.02426809 0.003435134 0.01198828 -0.02429336 0.005807518 0.01211982 -0.02234119 0.005541086 0.01387649 -0.02595776 0.003968477 -0.01030135 -0.02497917 0.002637386 -0.01062679 -0.02378696 0.003109097 -0.009644865 -0.02387136 0.005349636 -0.008569061 -0.02446419 0.002642393 -0.01346808 -0.02530872 0.003974974 -0.01396411 -0.0230242 0.003116667 -0.01392322 -0.02218014 -1.202e-4 -0.01184403 -0.02523493 0.002715826 -0.01213866 -0.02628147 0.004088819 -0.01224726 -0.02665126 0.00686419 -0.01219028 -0.0259872 0.006008028 -0.009585559 -0.02218014 -1.202e-4 -0.01184403 -0.02523493 0.002715826 -0.01213866 -0.02628147 0.004088819 -0.01224726 -0.02665126 0.00686419 -0.01219028 -0.02510768 0.006016731 -0.0145145 -0.001224756 0.001499295 0.02454048 0 0.001403868 0.02482235 0 -6.837e-4 0.02259105 -0.02316761 0.005203187 0.007832944 -0.02277046 0.005360484 -0.01473879</float_array>
          <technique_common>
            <accessor source="#chr631_1-mesh-positions-array" count="90" stride="3">
              <param name="X" type="float"/>
              <param name="Y" type="float"/>
              <param name="Z" type="float"/>
            </accessor>
          </technique_common>
        </source>
        <source id="chr631_1-mesh-normals">
          <float_array id="chr631_1-mesh-normals-array" count="270">0.6225581 -0.43099 -0.6531991 0.7386224 -0.6219785 -0.2599614 0.6773129 -0.665502 -0.3136154 0.7618866 -0.6351395 0.1269912 0.9439185 -0.2834594 0.1693187 0.9099984 -0.3520113 -0.2190686 0.9801796 -0.03555464 0.1948944 0.9533084 -0.1501256 -0.2620408 0.690644 -0.2690246 -0.6712949 -0.4287084 -0.6147558 -0.6620306 -0.5745525 -0.363513 -0.7333129 -0.1045278 -0.4413668 -0.8912178 -0.1313545 -0.2894439 -0.9481394 -0.5697295 -0.16111 -0.8058858 -0.854884 -0.08273857 -0.5121796 -0.8315208 -0.3214262 -0.4530546 -0.6847925 -0.6324213 -0.3620812 -0.371293 -0.6791678 -0.6331452 -0.7797607 -0.4016301 0.4802776 -0.6026411 -0.6618187 0.4458921 -0.3826209 -0.5198969 0.7637464 -0.535307 -0.7305079 0.4240339 -0.7477402 -0.657893 0.08978617 -0.9250251 -0.3563071 0.1318107 -0.9758646 -0.1109998 0.1880618 -0.8058193 -0.2064294 0.5550155 -0.4461603 -0.3558845 0.8211499 -0.6225581 -0.43099 -0.6531991 -0.6773129 -0.665502 -0.3136154 -0.7386224 -0.6219785 -0.2599614 -0.7618866 -0.6351395 0.1269912 -0.9439185 -0.2834594 0.1693187 -0.9099984 -0.3520113 -0.2190686 -0.9801796 -0.03555464 0.1948944 -0.9533084 -0.1501256 -0.2620408 -0.690644 -0.2690246 -0.6712949 -0.09384512 -0.7283606 0.6787371 0.2370108 -0.5300241 0.8141869 -0.1658409 -0.6869853 0.7074941 -0.5022596 -0.6664851 0.5509383 -0.624549 -0.3262524 0.709576 -0.2725405 -0.4150674 0.8680096 -0.6619281 -0.06289976 0.7469237 -0.2547434 -0.2101549 0.9438966 0.2254796 -0.3566533 0.9066186 -0.8575853 -0.4426788 0.2618839 -0.6068717 -0.3838078 0.6959874 -0.8888662 -0.3350682 0.3124842 -0.6617472 -0.2560253 0.7046571 -0.3100476 -0.1276936 0.9421066 -0.3002518 -0.3085227 0.9025867 -0.5732826 -0.6284012 0.5257939 -0.2201066 -0.6332489 0.7419899 -0.5679572 -0.7021489 0.4294318 0.4287084 -0.6147558 -0.6620306 0.1045278 -0.4413668 -0.8912178 0.5745525 -0.363513 -0.7333129 0.1313545 -0.2894439 -0.9481394 0.5697295 -0.16111 -0.8058858 0.854884 -0.08273857 -0.5121796 0.8315208 -0.3214262 -0.4530546 0.6847925 -0.6324213 -0.3620812 0.371293 -0.6791678 -0.6331452 0.8575853 -0.4426788 0.2618839 0.8888662 -0.3350682 0.3124842 0.6068717 -0.3838078 0.6959874 0.6617472 -0.2560253 0.7046571 0.3100476 -0.1276936 0.9421066 0.3002518 -0.3085227 0.9025867 0.5732826 -0.6284012 0.5257939 0.2201066 -0.6332489 0.7419899 0.5679572 -0.7021489 0.4294318 0.7797607 -0.4016301 0.4802776 0.3826209 -0.5198969 0.7637464 0.6026411 -0.6618187 0.4458921 0.535307 -0.7305079 0.4240339 0.7477402 -0.657893 0.08978617 0.9250251 -0.3563071 0.1318107 0.9758646 -0.1109998 0.1880618 0.8058193 -0.2064294 0.5550155 0.4461603 -0.3558845 0.8211499 0.09384512 -0.7283606 0.6787371 0.1658409 -0.6869853 0.7074941 -0.2370108 -0.5300241 0.8141869 0.2725405 -0.4150674 0.8680096 -0.2254796 -0.3566533 0.9066186 0.2547434 -0.2101549 0.9438966 0.6619281 -0.06289976 0.7469237 0.624549 -0.3262524 0.709576 0.5022596 -0.6664851 0.5509383</float_array>
          <technique_common>
            <accessor source="#chr631_1-mesh-normals-array" count="90" stride="3">
              <param name="X" type="float"/>
              <param name="Y" type="float"/>
              <param name="Z" type="float"/>
            </accessor>
          </technique_common>
        </source>
        <source id="chr631_1-mesh-map-0">
          <float_array id="chr631_1-mesh-map-0-array" count="540">0.9082031 0.7542725 0.9326172 0.7606201 0.9135742 0.8071289 0.9135742 0.8071289 0.9326172 0.7606201 0.9682617 0.7431641 0.9682617 0.7431641 0.9326172 0.7606201 0.9814453 0.7189942 0.9814453 0.7189942 0.9326172 0.7606201 0.9370117 0.7409668 0.9814453 0.7189942 0.9370117 0.7409668 0.9799805 0.6784668 0.9799805 0.6784668 0.9370117 0.7409668 0.9350586 0.7004395 0.9350586 0.7004395 0.9370117 0.7409668 0.8969727 0.7180176 0.8969727 0.7180176 0.9370117 0.7409668 0.9082031 0.7542725 0.9082031 0.7542725 0.9370117 0.7409668 0.9326172 0.7606201 0.949707 0.7502442 0.9516602 0.7333984 0.9238281 0.7480469 0.9238281 0.7480469 0.9516602 0.7333984 0.909668 0.7126465 0.909668 0.7126465 0.9516602 0.7333984 0.9448242 0.6987305 0.9448242 0.6987305 0.9516602 0.7333984 0.9775391 0.6721192 0.9775391 0.6721192 0.9516602 0.7333984 0.9824219 0.7089844 0.9824219 0.7089844 0.9516602 0.7333984 0.949707 0.7502442 0.9824219 0.7089844 0.949707 0.7502442 0.9750977 0.7302246 0.9750977 0.7302246 0.949707 0.7502442 0.9331055 0.7999268 0.9331055 0.7999268 0.949707 0.7502442 0.9238281 0.7480469 0.9506836 0.7338867 0.9487305 0.7504883 0.9228516 0.748291 0.9228516 0.748291 0.9487305 0.7504883 0.9331055 0.7999268 0.9331055 0.7999268 0.9487305 0.7504883 0.9750977 0.7302246 0.9750977 0.7302246 0.9487305 0.7504883 0.9506836 0.7338867 0.9750977 0.7302246 0.9506836 0.7338867 0.9824219 0.7089844 0.9824219 0.7089844 0.9506836 0.7338867 0.9775391 0.6721192 0.9775391 0.6721192 0.9506836 0.7338867 0.9433594 0.6994629 0.9433594 0.6994629 0.9506836 0.7338867 0.9082031 0.7133789 0.9082031 0.7133789 0.9506836 0.7338867 0.9228516 0.748291 0.9082031 0.7542725 0.9135742 0.8071289 0.9326172 0.7606201 0.9326172 0.7606201 0.9135742 0.8071289 0.9682617 0.7431641 0.9326172 0.7606201 0.9682617 0.7431641 0.9814453 0.7189942 0.9326172 0.7606201 0.9814453 0.7189942 0.9370117 0.7409668 0.9370117 0.7409668 0.9814453 0.7189942 0.9799805 0.6784668 0.9370117 0.7409668 0.9799805 0.6784668 0.9350586 0.7004395 0.9370117 0.7409668 0.9350586 0.7004395 0.8969727 0.7180176 0.9370117 0.7409668 0.8969727 0.7180176 0.9082031 0.7542725 0.9370117 0.7409668 0.9082031 0.7542725 0.9326172 0.7606201 0.9135742 0.8071289 0.9091797 0.7553711 0.9331055 0.7613525 0.9135742 0.8071289 0.9331055 0.7613525 0.9682617 0.7431641 0.9682617 0.7431641 0.9331055 0.7613525 0.9814453 0.7189942 0.9814453 0.7189942 0.9331055 0.7613525 0.9379883 0.7419434 0.9814453 0.7189942 0.9379883 0.7419434 0.9799805 0.6784668 0.9799805 0.6784668 0.9379883 0.7419434 0.9360352 0.7019043 0.9360352 0.7019043 0.9379883 0.7419434 0.8979492 0.7194824 0.8979492 0.7194824 0.9379883 0.7419434 0.9091797 0.7553711 0.9091797 0.7553711 0.9379883 0.7419434 0.9331055 0.7613525 0.9101563 0.7490234 0.9384766 0.7380371 0.8979492 0.7133789 0.8979492 0.7133789 0.9384766 0.7380371 0.940918 0.6965332 0.940918 0.6965332 0.9384766 0.7380371 0.9746094 0.677002 0.9746094 0.677002 0.9384766 0.7380371 0.9814453 0.7253418 0.9814453 0.7253418 0.9384766 0.7380371 0.9345703 0.7644043 0.9814453 0.7253418 0.9345703 0.7644043 0.9731445 0.7559815 0.9731445 0.7559815 0.9345703 0.7644043 0.9213867 0.8178711 0.9213867 0.8178711 0.9345703 0.7644043 0.9101563 0.7490234 0.9101563 0.7490234 0.9345703 0.7644043 0.9384766 0.7380371 0.949707 0.7502442 0.9238281 0.7480469 0.9516602 0.7333984 0.9516602 0.7333984 0.9238281 0.7480469 0.909668 0.7126465 0.9516602 0.7333984 0.909668 0.7126465 0.9448242 0.6987305 0.9516602 0.7333984 0.9448242 0.6987305 0.9775391 0.6721192 0.9516602 0.7333984 0.9775391 0.6721192 0.9824219 0.7089844 0.9516602 0.7333984 0.9824219 0.7089844 0.949707 0.7502442 0.949707 0.7502442 0.9824219 0.7089844 0.9750977 0.7302246 0.949707 0.7502442 0.9750977 0.7302246 0.9331055 0.7999268 0.949707 0.7502442 0.9331055 0.7999268 0.9238281 0.7480469 0.9101563 0.7490234 0.8979492 0.7133789 0.9384766 0.7380371 0.9384766 0.7380371 0.8979492 0.7133789 0.940918 0.6965332 0.9384766 0.7380371 0.940918 0.6965332 0.9746094 0.677002 0.9384766 0.7380371 0.9746094 0.677002 0.9814453 0.7253418 0.9384766 0.7380371 0.9814453 0.7253418 0.9345703 0.7644043 0.9345703 0.7644043 0.9814453 0.7253418 0.9731445 0.7559815 0.9345703 0.7644043 0.9731445 0.7559815 0.9213867 0.8178711 0.9345703 0.7644043 0.9213867 0.8178711 0.9101563 0.7490234 0.9345703 0.7644043 0.9101563 0.7490234 0.9384766 0.7380371 0.9506836 0.7338867 0.9228516 0.748291 0.9487305 0.7504883 0.9487305 0.7504883 0.9228516 0.748291 0.9331055 0.7999268 0.9487305 0.7504883 0.9331055 0.7999268 0.9750977 0.7302246 0.9487305 0.7504883 0.9750977 0.7302246 0.9506836 0.7338867 0.9506836 0.7338867 0.9750977 0.7302246 0.9824219 0.7089844 0.9506836 0.7338867 0.9824219 0.7089844 0.9775391 0.6721192 0.9506836 0.7338867 0.9775391 0.6721192 0.9433594 0.6994629 0.9506836 0.7338867 0.9433594 0.6994629 0.9082031 0.7133789 0.9506836 0.7338867 0.9082031 0.7133789 0.9228516 0.748291 0.9135742 0.8071289 0.9331055 0.7613525 0.9091797 0.7553711 0.9091797 0.7553711 0.9331055 0.7613525 0.9379883 0.7419434 0.9091797 0.7553711 0.9379883 0.7419434 0.8979492 0.7194824 0.8979492 0.7194824 0.9379883 0.7419434 0.9360352 0.7019043 0.9360352 0.7019043 0.9379883 0.7419434 0.9799805 0.6784668 0.9799805 0.6784668 0.9379883 0.7419434 0.9814453 0.7189942 0.9814453 0.7189942 0.9379883 0.7419434 0.9331055 0.7613525 0.9814453 0.7189942 0.9331055 0.7613525 0.9682617 0.7431641 0.9682617 0.7431641 0.9331055 0.7613525 0.9135742 0.8071289</float_array>
          <technique_common>
            <accessor source="#chr631_1-mesh-map-0-array" count="270" stride="2">
              <param name="S" type="float"/>
              <param name="T" type="float"/>
            </accessor>
          </technique_common>
        </source>
        <vertices id="chr631_1-mesh-vertices">
          <input semantic="POSITION" source="#chr631_1-mesh-positions"/>
        </vertices>
        <polylist material="chr631_mat_001-material" count="90">
          <input semantic="VERTEX" source="#chr631_1-mesh-vertices" offset="0"/>
          <input semantic="NORMAL" source="#chr631_1-mesh-normals" offset="1"/>
          <input semantic="TEXCOORD" source="#chr631_1-mesh-map-0" offset="2" set="0"/>
          <vcount>3 3 3 3 3 3 3 3 3 3 3 3 3 3 3 3 3 3 3 3 3 3 3 3 3 3 3 3 3 3 3 3 3 3 3 3 3 3 3 3 3 3 3 3 3 3 3 3 3 3 3 3 3 3 3 3 3 3 3 3 3 3 3 3 3 3 3 3 3 3 3 3 3 3 3 3 3 3 3 3 3 3 3 3 3 3 3 3 3 3 </vcount>
          <p>6 0 0 7 1 1 8 2 2 8 2 3 7 1 4 14 3 5 14 3 6 7 1 7 18 4 8 18 4 9 7 1 10 17 5 11 18 4 12 17 5 13 16 6 14 16 6 15 17 5 16 15 7 17 15 7 18 17 5 19 43 8 20 43 8 21 17 5 22 6 0 23 6 0 24 17 5 25 7 1 26 72 9 27 73 10 28 74 11 29 74 11 30 73 10 31 89 12 32 89 12 33 73 10 34 84 13 35 84 13 36 73 10 37 83 14 38 83 14 39 73 10 40 82 15 41 82 15 42 73 10 43 72 9 44 82 15 45 72 9 46 81 16 47 81 16 48 72 9 49 80 17 50 80 17 51 72 9 52 74 11 53 68 18 54 69 19 55 70 20 56 70 20 57 69 19 58 75 21 59 75 21 60 69 19 61 76 22 62 76 22 63 69 19 64 68 18 65 76 22 66 68 18 67 77 23 68 77 23 69 68 18 70 78 24 71 78 24 72 68 18 73 79 25 74 79 25 75 68 18 76 71 26 77 71 26 78 68 18 79 70 20 80 51 27 81 52 28 82 53 29 83 53 29 84 52 28 85 59 30 86 53 29 87 59 30 88 63 31 89 53 29 90 63 31 91 61 32 92 61 32 93 63 31 94 62 33 95 61 32 96 62 33 97 60 34 98 61 32 99 60 34 100 88 35 101 61 32 102 88 35 103 51 27 104 61 32 105 51 27 106 53 29 107 54 36 108 55 37 109 56 38 110 54 36 111 56 38 112 64 39 113 64 39 114 56 38 115 65 40 116 65 40 117 56 38 118 58 41 119 65 40 120 58 41 121 66 42 122 66 42 123 58 41 124 67 43 125 67 43 126 58 41 127 57 44 128 57 44 129 58 41 130 55 37 131 55 37 132 58 41 133 56 38 134 45 45 135 46 46 136 47 47 137 47 47 138 46 46 139 48 48 140 48 48 141 46 46 142 50 49 143 50 49 144 46 46 145 49 50 146 49 50 147 46 46 148 85 51 149 49 50 150 85 51 151 86 52 152 86 52 153 85 51 154 87 53 155 87 53 156 85 51 157 45 45 158 45 45 159 85 51 160 46 46 161 27 54 162 28 55 163 29 56 164 29 56 165 28 55 166 44 57 167 29 56 168 44 57 169 39 58 170 29 56 171 39 58 172 38 59 173 29 56 174 38 59 175 37 60 176 29 56 177 37 60 178 27 54 179 27 54 180 37 60 181 36 61 182 27 54 183 36 61 184 35 62 185 27 54 186 35 62 187 28 55 188 0 63 189 1 64 190 2 65 191 2 65 192 1 64 193 3 66 194 2 65 195 3 66 196 4 67 197 2 65 198 4 67 199 5 68 200 2 65 201 5 68 202 41 69 203 41 69 204 5 68 205 40 70 206 41 69 207 40 70 208 42 71 209 41 69 210 42 71 211 0 63 212 41 69 213 0 63 214 2 65 215 23 72 216 24 73 217 25 74 218 25 74 219 24 73 220 30 75 221 25 74 222 30 75 223 31 76 224 25 74 225 31 76 226 23 72 227 23 72 228 31 76 229 34 77 230 23 72 231 34 77 232 33 78 233 23 72 234 33 78 235 32 79 236 23 72 237 32 79 238 26 80 239 23 72 240 26 80 241 24 73 242 9 81 243 10 82 244 11 83 245 11 83 246 10 82 247 12 84 248 11 83 249 12 84 250 13 85 251 13 85 252 12 84 253 20 86 254 20 86 255 12 84 256 21 87 257 21 87 258 12 84 259 22 88 260 22 88 261 12 84 262 10 82 263 22 88 264 10 82 265 19 89 266 19 89 267 10 82 268 9 81 269</p>
        </polylist>
      </mesh>
    </geometry>
    <geometry id="chr631_2-mesh" name="chr631_2">
      <mesh>
        <source id="chr631_2-mesh-positions">
          <float_array id="chr631_2-mesh-positions-array" count="3285">0.003881812 0.01301777 0.008701682 0.00554645 0.01659739 0.01005899 0.006339967 0.01683837 0.009407281 0.007404804 0.01658189 0.009040474 0.007318258 0.01285815 0.006905496 0.004003882 0.01120042 0.01229202 0.00434035 0.009980082 0.01495283 0.006070554 0.01521819 0.01379489 0.006902039 0.01383668 0.01704198 0.003760159 0.01214259 0.01008689 0.005444288 0.01586455 0.01092302 0.004328191 0.0187835 0.01250743 0 0.009123146 0.0111972 0 0.007657647 0.01378428 0 0.01079237 0.009369254 -3e-7 0.001999974 0.02211487 0 -9.743e-4 0.02259385 0.002419888 0.002423584 0.02355778 0.001919806 0.003076732 0.02582627 0.003358185 0.004646003 0.02331006 0.002681136 0.005298972 0.02579188 0 0.005562961 0.0266819 0 0.003265798 0.02654278 0.004590213 0.006135821 0.02322661 0.002986133 0.004965782 0.02018666 0.003972887 0.006415367 0.01906007 0.006211221 0.008603751 0.0223214 0.004386067 0.0090065 0.0181142 0 0.0043118 0.01851058 0 0.003826498 0.02038419 0 0.005660295 0.0172559 0 0.007533252 0.01696437 0.00554645 0.01659739 0.01005899 0.003881812 0.01301777 0.008701682 0 0.01178199 0.008257448 0.01390218 0.01164352 0.001711606 0.016698 0.01018095 0.002804875 0.01649469 0.01542758 7.685e-4 0.01974862 0.01409024 0.001666188 0.01206958 0.01248705 8.191e-4 0.01365613 0.01607269 -1.733e-4 0.01235926 0.0100584 0.01032179 0.01341915 0.007787466 0.00603497 0.009980857 0.0115351 0.008495867 0.01095986 0.009495198 0.004644989 0.009558498 0.01112389 0.003681421 0.008362948 0.01237684 0.007244288 0.01095986 0.009495198 0.004644989 0.01341915 0.007787466 0.00603497 0.009558498 0.01112389 0.003681421 0.01284629 0.01389354 0.0136196 0.01235926 0.0100584 0.01032179 0.01042103 0.01525932 0.01128 0.009980857 0.0115351 0.008495867 0.008240461 0.01590955 0.009262263 0.008362948 0.01237684 0.007244288 0.01034218 0.01884347 0.009164392 0.02302128 0.002769291 0.008435189 0.0202353 0.002736926 0.009603679 0.0210582 -6.861e-4 0.009795367 0.01899009 0.004247725 0.009007692 0.02327126 0.005038022 0.007625043 0.02412319 0.002151668 0.01001209 0.0202353 0.002736926 0.009603679 0.02060472 0.002630472 0.01263076 0.0210582 -6.861e-4 0.009795367 0.0199173 0.004840791 0.01344668 0.01899009 0.004247725 0.009007692 0.02256488 0.002062261 0.01271957 0.02292597 0.003233194 0.0135973 0.02386778 0.002161443 0.01167035 0.02509796 0.005588293 0.009475052 0.02497506 0.003352344 0.01003885 0.02453511 0.005744159 0.01225692 0.02460598 0.003398299 0.01219981 0.02386778 0.002161443 0.01167035 0.02241796 0.0054304 0.01412785 0.02453511 0.005744159 0.01225692 0.02460598 0.003398299 0.01219981 0.01740509 0.005275726 0.01157248 0.01925861 0.006292164 0.01453596 0.0199173 0.004840791 0.01344668 0.02241796 0.0054304 0.01412785 0.01615798 0.006529033 0.01202476 0.01782858 0.008708655 0.01561003 0.01509433 0.009109258 0.0119341 0.02636325 0.007760465 0.00915277 0.02547752 0.008149266 0.01288259 0.02383899 0.006555259 0.006590425 0.02038067 0.005445837 0.006419897 0.02403771 0.008882761 0.004859447 0.02013158 0.006639242 0.005149543 0.01948064 0.009234488 0.004336476 0.01777017 0.005040228 0.008254587 0.01740509 0.005275726 0.01157248 0.01777017 0.005040228 0.008254587 0.01685196 0.005797088 0.007715702 0.01685196 0.005797088 0.007715702 0.01615798 0.006529033 0.01202476 0.01628208 0.007678568 0.00758481 0.01628208 0.007678568 0.00758481 0.01509433 0.009109258 0.0119341 0.008752882 0.0118739 0.003231883 0.008752882 0.0118739 0.003231883 0.007318258 0.01285815 0.006905496 0.007318258 0.01285815 0.006905496 0.007404804 0.01658189 0.009040474 0.01639986 0.01031392 -0.005775809 0.01420897 0.0111711 -0.005672574 0.01617091 0.01538789 -0.003365099 0.01371371 0.01577919 -0.003250241 0.01243209 0.01212567 -0.005349576 0.01483279 0.01890766 -0.004449546 0.01441538 0.01037389 -0.01432955 0.01153725 0.01177585 -0.01353722 0.01422858 0.008000791 -0.009587585 0.01184153 0.009198069 -0.0089612 0.009869575 0.01218885 -0.012349 0.01030725 0.01083457 -0.008964955 0.01422858 0.008000791 -0.009587585 0.01184153 0.009198069 -0.0089612 0.01030725 0.01083457 -0.008964955 0.01255208 0.01546037 -0.01640778 0.01575052 0.01433753 -0.01767075 0.009732842 0.01591056 -0.01486098 0.01137363 0.01880735 -0.01387512 0.0239591 0.002979934 -0.009390652 0.02222561 -4.122e-4 -0.01184713 0.02174687 0.00253129 -0.01136529 0.02390938 0.005176544 -0.008345842 0.02040827 0.004300296 -0.01113659 0.02633029 0.003925085 -0.01015049 0.02537429 0.002524018 -0.01047402 0.02174687 0.00253129 -0.01136529 0.02222561 -4.122e-4 -0.01184713 0.02310848 0.002980411 -0.01416236 0.02040827 0.004300296 -0.01113659 0.02272891 0.005187273 -0.0149613 0.02479267 0.002522647 -0.01367968 0.02560925 0.0039258 -0.0141887 0.02568918 0.002620995 -0.01218539 0.02621501 0.005910158 -0.009444952 0.02692866 0.006819963 -0.01224029 0.02670341 0.004080653 -0.012299 0.02568918 0.002620995 -0.01218539 0.02670341 0.004080653 -0.012299 0.02692866 0.006819963 -0.01224029 0.02527248 0.005920231 -0.01472616 0.02237439 0.006678581 -0.01615035 0.01968318 0.005420506 -0.01404005 0.0184729 0.007090926 -0.01457059 0.02157366 0.009452283 -0.01765197 0.01773881 0.009598076 -0.01511019 0.0239852 0.006663382 -0.007101476 0.02072709 0.005416989 -0.008151292 0.02375626 0.009439349 -0.005417168 0.01984059 0.007077395 -0.00739938 0.01931089 0.009574055 -0.006489396 0.01799523 0.006247282 -0.01083379 0.01936548 0.005029857 -0.01094669 0.01936548 0.005029857 -0.01094669 0.01799523 0.006247282 -0.01083379 0.01744735 0.008043766 -0.01046127 0.01744735 0.008043766 -0.01046127 0.01314485 0.01645368 -0.003033638 -8e-7 0.001291096 0.02524125 0.001407027 0.001372635 0.02487039 -0.00554645 0.01659739 0.01005899 -0.00388205 0.01301795 0.008701682 -0.006340086 0.01683849 0.009407281 -0.007405996 0.01658129 0.009040355 -0.00731945 0.01285809 0.006905794 -0.00434035 0.009980082 0.01495283 -0.004003942 0.01120072 0.01229161 -0.006070435 0.01521831 0.01379472 -0.005444169 0.01586472 0.01092267 -0.003760159 0.01214289 0.01008629 0 0.007657647 0.01378428 0 0.009123146 0.0111972 0 0.01079237 0.009369254 -3e-7 0.001999974 0.02211487 -0.002420008 0.002423584 0.02355813 0 -9.743e-4 0.02259385 -0.003358185 0.004646003 0.02331006 -0.001919746 0.003076434 0.02582627 -0.002680957 0.005298495 0.02579176 0 0.003265798 0.02654278 0 0.005562961 0.0266819 -0.004590213 0.006135821 0.02322661 -0.006211221 0.008603751 0.0223214 -0.003972887 0.006415367 0.01906007 -0.002986133 0.004965782 0.02018666 -0.004386067 0.0090065 0.0181142 0 0.0043118 0.01851058 0 0.003826498 0.02038419 0 0.005660295 0.0172559 0 0.007533252 0.01696437 -0.00388205 0.01301795 0.008701682 -0.00554645 0.01659739 0.01005899 0 0.01178199 0.008257448 -0.016698 0.01018095 0.002804875 -0.01390177 0.01164382 0.001711428 -0.01649445 0.0154277 7.684e-4 -0.01365685 0.01607239 -1.729e-4 -0.01206988 0.01248681 8.193e-4 -0.01470571 0.01896268 0.001643419 -0.0109595 0.009495556 0.004644811 -0.01341909 0.007787466 0.006035149 -0.00998038 0.01153558 0.008495569 -0.01235926 0.01005846 0.01032197 -0.009558856 0.01112359 0.003681898 -0.008363485 0.01237642 0.007244408 -0.01341909 0.007787466 0.006035149 -0.0109595 0.009495556 0.004644811 -0.009558856 0.01112359 0.003681898 -0.00998038 0.01153558 0.008495569 -0.01235926 0.01005846 0.01032197 -0.01042073 0.01525956 0.01127988 -0.01284629 0.01389354 0.0136196 -0.008363485 0.01237642 0.007244408 -0.008241295 0.01590919 0.0092628 -0.02302128 0.002769291 0.008435189 -0.0210579 -6.86e-4 0.009795367 -0.0202353 0.002737164 0.009603679 -0.01899021 0.004247665 0.009007692 -0.02327138 0.005038142 0.007625043 -0.02412319 0.002151668 0.01001209 -0.0202353 0.002737164 0.009603679 -0.0210579 -6.86e-4 0.009795367 -0.02060472 0.002630591 0.01263076 -0.01899021 0.004247665 0.009007692 -0.0199173 0.004840791 0.01344668 -0.02256488 0.002062261 0.01271957 -0.02292627 0.003233671 0.01359748 -0.02386778 0.002161443 0.01167035 -0.02509796 0.005588293 0.009475052 -0.02453511 0.005744278 0.01225703 -0.02497506 0.003352463 0.01003843 -0.02460628 0.003398478 0.01219946 -0.02386778 0.002161443 0.01167035 -0.02460628 0.003398478 0.01219946 -0.02453511 0.005744278 0.01225703 -0.02241748 0.005430877 0.01412808 -0.01740509 0.005275726 0.01157248 -0.0199173 0.004840791 0.01344668 -0.01925861 0.006292164 0.01453596 -0.02241748 0.005430877 0.01412808 -0.01782858 0.008708655 0.01561003 -0.01615798 0.006529033 0.01202476 -0.01509433 0.009109258 0.0119341 -0.02383899 0.006555259 0.006590425 -0.02038067 0.005445837 0.006419897 -0.02403771 0.008882761 0.004859447 -0.02013158 0.006639242 0.005149543 -0.01948064 0.009234488 0.004336476 -0.01777017 0.005040228 0.008254587 -0.01740509 0.005275726 0.01157248 -0.01685196 0.005797088 0.007715702 -0.01777017 0.005040228 0.008254587 -0.01615798 0.006529033 0.01202476 -0.01685196 0.005797088 0.007715702 -0.01628208 0.007678568 0.00758481 -0.01509433 0.009109258 0.0119341 -0.01628208 0.007678568 0.00758481 -0.007405996 0.01658129 0.009040355 -0.00731945 0.01285809 0.006905794 -0.01420819 0.01117128 -0.005672574 -0.01639986 0.01031392 -0.005775809 -0.01617026 0.01538789 -0.003365099 -0.01894199 0.01425033 -0.003621995 -0.0124318 0.01212549 -0.005349755 -0.01371437 0.01577866 -0.00325042 -0.01483315 0.01890778 -0.004449725 -0.01441538 0.01037389 -0.01432955 -0.01422846 0.008000791 -0.009587645 -0.01153671 0.0117762 -0.0135371 -0.01184099 0.009198367 -0.00896126 -0.01030737 0.01083469 -0.008964657 -0.009869754 0.01218879 -0.012349 -0.01184099 0.009198367 -0.00896126 -0.01422846 0.008000791 -0.009587645 -0.01030737 0.01083469 -0.008964657 -0.01575088 0.01433748 -0.01767081 -0.01255196 0.01546055 -0.01640778 -0.009733259 0.01591068 -0.01486122 -0.01137369 0.01880735 -0.01387512 -0.0239591 0.002979934 -0.009390652 -0.02174687 0.00253129 -0.01136529 -0.02222561 -4.122e-4 -0.01184731 -0.02040827 0.004300296 -0.01113659 -0.02390938 0.005176544 -0.008345842 -0.02633035 0.003925681 -0.01015037 -0.02537429 0.002524018 -0.01047402 -0.02174687 0.00253129 -0.01136529 -0.02310848 0.00298053 -0.01416236 -0.02222561 -4.122e-4 -0.01184731 -0.02040827 0.004300296 -0.01113659 -0.02272891 0.005187273 -0.0149613 -0.02479302 0.002523243 -0.01367998 -0.02560949 0.003927052 -0.01418918 -0.0256896 0.002621591 -0.01218575 -0.02670365 0.004081368 -0.012299 -0.02692866 0.006820023 -0.01224029 -0.02621483 0.005910634 -0.009444296 -0.0256896 0.002621591 -0.01218575 -0.02670365 0.004081368 -0.012299 -0.02692866 0.006820023 -0.01224029 -0.02527219 0.005920708 -0.01472663 -0.01968318 0.005420506 -0.01404005 -0.02237439 0.006678581 -0.01615035 -0.02157366 0.009452283 -0.01765197 -0.0184729 0.007090926 -0.01457059 -0.01773881 0.009598076 -0.01511019 -0.02716648 0.008130252 -0.008609056 -0.0275653 0.008699774 -0.01240479 -0.0239852 0.006663382 -0.007101476 -0.02072709 0.005416989 -0.008151292 -0.02375626 0.009439349 -0.005417168 -0.01984059 0.007077395 -0.00739938 -0.01931089 0.009574055 -0.006489396 -0.0193662 0.00502938 -0.01094675 -0.01799541 0.006246805 -0.01083379 -0.01799541 0.006246805 -0.01083379 -0.0193662 0.00502938 -0.01094675 -0.01744735 0.008043766 -0.01046127 -0.01744735 0.008043766 -0.01046127 -0.0131461 0.01645338 -0.003034949 -0.009152054 0.01177012 -0.008550286 -0.001407682 0.001372933 0.02486991 -8e-7 0.001291096 0.02524125 -0.01899021 0.004247665 0.009007692 -0.008678853 0.01209068 -0.01173698 -0.009152054 0.01177012 -0.008550286 -0.007069826 0.01336973 -0.01427239 -0.008678853 0.01209068 -0.01173698 -0.006682038 0.01150608 -0.01170665 0.00867778 0.01209044 -0.01173675 0.007069826 0.01336973 -0.01427239 0.006682038 0.01150608 -0.01170665 0.00867778 0.01209044 -0.01173675 0.001975536 0.01593816 -0.01598036 0 0.01606523 -0.01527196 0.001783788 0.01368069 -0.01485109 0 0.01409715 -0.01442909 -0.001783013 0.01368147 -0.01485139 -0.001323699 0.01254379 -0.01217412 0 0.01409715 -0.01442909 -0.004568219 0.01338607 -0.01483869 -0.004061758 0.01153343 -0.01227945 -0.006769835 0.01573371 -0.01523208 -0.004808485 0.0158112 -0.01580029 -0.001975536 0.01593869 -0.01598048 0.004568219 0.01338607 -0.01483869 0.004808485 0.0158112 -0.01580029 0.001324892 0.0125429 -0.01217365 0.004061758 0.01153343 -0.01227939 0 0.01606523 -0.01527196 0 0.01353365 -0.01183038 0 0.01353365 -0.01183038 0.001131594 0.01211315 -0.009099483 0 0.01299142 -0.009047091 -0.009152054 0.01177012 -0.008550286 0.00915116 0.01177018 -0.008550584 0.00915116 0.01177018 -0.008550584 0.005096912 0.01082247 -0.007177889 0.00915116 0.01177018 -0.008550584 0.001084089 0.01183605 -0.005858898 -0.005097091 0.01082247 -0.007178068 -0.0131461 0.01645338 -0.003034949 -0.01279056 0.01701241 -0.001526892 -0.01143348 0.01297003 -0.004747271 -0.01143348 0.01297003 -0.004747271 -0.008386194 0.01086217 -0.005502164 -0.009432554 0.01213192 -0.002684593 0.01143383 0.01296955 -0.004748225 0.008385777 0.01086199 -0.005503952 0.01143383 0.01296955 -0.004748225 0.009431779 0.01209771 -0.00259608 0.01298469 0.01675188 -7.442e-4 0.01126092 0.01297968 2.06e-5 0.00545448 0.01159691 -0.003288686 -0.008753955 0.01187378 0.003232598 -0.00731945 0.01285809 0.006905794 -0.008753955 0.01187378 0.003232598 -0.01298528 0.01675176 -7.431e-4 -0.01126176 0.01297968 2.11e-5 -0.01279056 0.01701241 -0.001526892 -0.01126176 0.01297968 2.11e-5 -0.01298528 0.01675176 -7.431e-4 -0.009189486 0.01265937 -0.001727104 -0.009189486 0.01265937 -0.001727104 -0.005455315 0.01159673 -0.003288686 -0.009189486 0.01265937 -0.001727104 -0.00873655 0.01187646 -6.088e-4 -0.009189486 0.01265937 -0.001727104 0.004796504 0.01243758 -0.002264857 0.009187996 0.01265841 -0.001719236 -0.004796624 0.01243758 -0.002264857 -0.004796624 0.01243758 -0.002264857 -0.009189486 0.01265937 -0.001727104 -0.00873655 0.01187646 -6.088e-4 0.01126092 0.01297968 2.06e-5 0.00873655 0.01187646 -6.086e-4 0.004674792 0.01263529 0.006382644 0.007021307 0.01126229 0.002443492 0.008752882 0.0118739 0.003231883 0.007318258 0.01285815 0.006905496 0.004674792 0.01263529 0.006382644 0.004559636 0.0110352 0.002420783 0 0.01133471 0.006304979 0 0.01178199 0.008257448 -0.004674792 0.01263529 0.006382822 0 0.01178199 0.008257448 0 0.01133471 0.006304979 -0.004674792 0.01263529 0.006382822 -0.007021248 0.01126229 0.002443671 -0.00731945 0.01285809 0.006905794 -0.008753955 0.01187378 0.003232598 -0.004605889 0.01116478 -6.359e-4 0 0.0110774 0.002411842 0 0.01133471 0.006304979 0 0.01133471 0.006304979 0 0.0110774 0.002411842 -0.004559636 0.0110352 0.002420783 -0.004605889 0.01116478 -6.359e-4 -0.001131594 0.01211315 -0.009099543 0 0.01299142 -0.009047091 0 0.01244467 -0.005897223 0 0.01244467 -0.005897223 0.001016676 0.0122767 -0.004065573 -0.001084268 0.01183599 -0.005858898 -0.001016676 0.0122767 -0.004065573 -0.005455315 0.01159673 -0.003288686 -0.004796624 0.01243758 -0.002264857 -0.004796624 0.01243758 -0.002264857 0.004605889 0.01116478 -6.359e-4 0 0.01194167 -0.002968609 0 0.0127148 -0.004119694 0 0.01244467 -0.005897223 0 0.01107811 -9.126e-4 0 0.01194167 -0.002968609 -0.004796624 0.01243758 -0.002264857 0 0.01107811 -9.126e-4 -0.001016676 0.0122767 -0.004065573 0.004931688 0.02819871 -0.01532948 0 0.02810418 -0.01615405 0.004935204 0.0252391 -0.01532953 0 0.02513968 -0.01617568 -0.00493139 0.02819854 -0.01532948 -0.004935204 0.0252391 -0.01532953 0 0.02810418 -0.01615405 0 0.02513968 -0.01617568 -0.009899199 0.02858322 -0.01264172 -0.009980142 0.02564555 -0.0127896 0.009980142 0.02564555 -0.0127896 0.009899497 0.0285834 -0.01264148 -0.002580881 0.01817589 -0.01599884 0 0.01776486 -0.01524448 -0.009980142 0.02564555 -0.0127896 -0.009781301 0.02268528 -0.01269245 -0.004935204 0.0252391 -0.01532953 -0.004808962 0.02235126 -0.01500368 0.002580881 0.01817566 -0.01599889 0 0.01776486 -0.01524448 0.004807174 0.02235156 -0.01500409 0 0.0223034 -0.0157693 0.009780287 0.0226854 -0.01269298 0 0.0223034 -0.0157693 0.003445923 0.01958996 -0.01424431 0 0.01937109 -0.01483851 0 0.01937109 -0.01483851 -0.003445923 0.01958996 -0.01424431 0.008640289 0.01567095 -0.0143876 0.005937874 0.01814067 -0.01570898 0.006769835 0.01573371 -0.01523208 0.008640289 0.01567095 -0.0143876 0.009363472 0.01898676 -0.01249372 0.009552776 0.02032387 -0.01263189 0.006912589 0.01977241 -0.01364326 0.009363472 0.01898676 -0.01249372 0.008059859 0.01849949 -0.01453548 -0.0086416 0.01567107 -0.01438742 -0.0086416 0.01567107 -0.01438742 -0.005937874 0.01814067 -0.01570898 -0.009363949 0.01898646 -0.01249372 -0.009363949 0.01898646 -0.01249372 -0.006912589 0.01977241 -0.01364326 -0.009552657 0.02032387 -0.01263189 -0.008059859 0.01849949 -0.01453548 0.003640592 0.03096306 0.01158821 0.003670692 0.02807325 0.01225739 0 0.03105998 0.01218998 0 0.02816766 0.01288378 -0.00364089 0.030963 0.01158821 -0.003670692 0.02807325 0.01225739 0.007330894 0.02796936 0.01102972 0.007274091 0.03086721 0.01037883 0.01040399 0.03065979 0.008084356 0.0105983 0.02781122 0.008603394 -0.007330954 0.02796936 0.01102972 -0.007274568 0.03086709 0.01037853 -0.0104044 0.03065967 0.008083999 -0.0105983 0.02781122 0.008603394 0.003627777 0.02569407 0.01255559 0.007249355 0.02574265 0.0112524 0.004638493 0.0194422 0.0119962 0.004638493 0.0194422 0.0119962 0 0.02090632 0.01342421 -0.004638493 0.0194422 0.0119962 -2e-7 0.02563697 0.01303791 -0.003627896 0.02569419 0.01255553 -0.007249355 0.02574265 0.0112524 0 0.0213052 0.01280719 0 0.0213052 0.01280719 0 0.02090632 0.01342421 -0.004638493 0.0194422 0.0119962 -0.003445506 0.02093482 0.01220732 0 0.0213052 0.01280719 0 0.02311378 0.0130769 -0.00360465 0.02321153 0.01256763 0 0.02311378 0.0130769 0.00360465 0.02321159 0.01256763 0.003449082 0.0209335 0.01220655 0 0.02311378 0.0130769 0.00360465 0.02321159 0.01256763 0 0.0213052 0.01280719 -0.00360465 0.02321153 0.01256763 -0.01272398 0.02594923 -0.009658992 -0.01258271 0.02886843 -0.009382069 -0.0126658 0.02296686 -0.009684383 -0.01272398 0.02594923 -0.009658992 -0.01402688 0.02922797 -0.005811095 -0.01422536 0.02630889 -0.005791485 -0.01258271 0.02886843 -0.009382069 -0.01272398 0.02594923 -0.009658992 -0.01435506 0.02705037 0.001649022 -0.01490676 0.02668249 -0.001916885 -0.01406735 0.02996218 0.001256406 -0.01463818 0.0295965 -0.002228379 -0.01490676 0.02668249 -0.001916885 -0.01463818 0.0295965 -0.002228379 0.01272398 0.02594918 -0.009658992 0.01258289 0.02886867 -0.009381651 0.01266568 0.02296608 -0.009684383 0.01402693 0.02922815 -0.005810797 0.01422536 0.02630889 -0.005791485 0.01410615 0.02343255 -0.005670845 0.01440751 0.02382296 0.001998782 0.01435494 0.02705019 0.001649022 0.01487612 0.02379798 -0.001657187 0.01490676 0.02668249 -0.001916885 0.01463836 0.02959662 -0.002227485 0.01406729 0.02996236 0.001256883 -0.00343579 0.03353685 0.01065611 0 0.03363138 0.0112003 -0.009771168 0.03321415 0.007295966 -0.00686568 0.03344559 0.009492456 -0.01321077 0.03258442 7.971e-4 -0.01267182 0.03032696 0.004836678 -0.01184046 0.03293853 0.004216611 -0.01374369 0.03223216 -0.002510607 -0.01321417 0.03188169 -0.005819857 -0.009361386 0.0312708 -0.01230937 -0.01184219 0.03153842 -0.009114444 0 0.03083026 -0.01572376 0.004732728 0.03091573 -0.01495289 0.009360969 0.03127056 -0.01230967 0.01184207 0.03153818 -0.00911498 0.01321399 0.03188157 -0.005820453 0.01321107 0.03258419 7.966e-4 0.01374369 0.03223216 -0.002511203 0.009771585 0.03321409 0.007295489 0.01184076 0.03293853 0.004216194 0.01267153 0.03032726 0.004837036 0.003435969 0.03353685 0.01065599 0.006866276 0.03344553 0.009492158 0.01184076 0.03293853 0.004216194 0.01267153 0.03032726 0.004837036 -0.004733145 0.03091597 -0.01495271 0 0.03083026 -0.01572376 -0.01184046 0.03293853 0.004216611 -0.01267182 0.03032696 0.004836678 0 0.03632998 0.009466946 -0.003090322 0.0362432 0.009033977 -0.006181478 0.03615856 0.007974445 -0.008804559 0.03591406 0.005898416 0.004409193 0.03390228 -0.01389181 0 0.03383356 -0.01455521 -0.004409193 0.03390228 -0.01389181 0 0.03383356 -0.01455521 -0.008477091 0.034217 -0.01154315 0.008477091 0.034217 -0.01154315 0.00399965 0.03594869 -0.01272839 0.007411897 0.0362237 -0.01067733 0.003473997 0.03764563 -0.01117908 0.006109893 0.03787547 -0.009504199 0.01193249 0.03538453 1.279e-4 0.01064252 0.03570479 0.003102481 -0.01064109 0.03445959 -0.008685052 -0.01193386 0.03476059 -0.005756199 -0.01237922 0.03506743 -0.00281316 -0.01079726 0.03695565 -0.003009915 -0.01039499 0.03670799 -0.0055812 -0.008878886 0.0384528 -0.003165066 -0.008546173 0.03826946 -0.005262196 0.01064109 0.03445959 -0.008685052 0.01193386 0.03476059 -0.005756199 0.01237922 0.03506743 -0.00281316 0.01079726 0.03695565 -0.003009915 0.008879184 0.0384525 -0.003165066 0.01039499 0.03670799 -0.0055812 0.008546173 0.03826946 -0.005262196 0.009156167 0.03646343 -0.008118391 -2e-7 0.03591471 -0.0132339 -2e-7 0.03591471 -0.0132339 -0.003999829 0.03594857 -0.01272839 -0.007411897 0.0362237 -0.01067733 -0.009156167 0.03646343 -0.008118391 0.003090322 0.0362432 0.009033977 0.002680778 0.03802853 0.007174015 4e-7 0.03811705 0.007440686 0.01039338 0.03725296 -4.446e-4 0.009156048 0.03754901 0.002100229 0.00854206 0.0387147 -0.001080036 0.007398009 0.03897935 9.997e-4 0.006181478 0.0361585 0.007974445 0.008804559 0.03591406 0.005898416 0.005378127 0.03793925 0.006273746 0.007603228 0.03778141 0.004523992 0.007603228 0.03778141 0.004523992 0.01064252 0.03570479 0.003102481 -0.002680361 0.03802871 0.007174015 -0.005378127 0.03793925 0.006273746 -0.01039338 0.03725296 -4.446e-4 -0.00854206 0.0387147 -0.001080036 -0.009156048 0.03754901 0.002100229 -0.007397711 0.03897947 9.995e-4 -0.007603228 0.03778129 0.004523992 -0.01193249 0.03538453 1.279e-4 -0.01064252 0.03570479 0.003102481 -0.01064252 0.03570479 0.003102481 -0.007603228 0.03778129 0.004523992 -0.004438877 0.0392903 0.004324138 -0.004438877 0.0392903 0.004324138 -0.002341032 0.03933268 0.005049884 0.004438877 0.0392903 0.004324316 0.004438877 0.0392903 0.004324316 0 0.03941798 0.005164802 0.002341032 0.03933268 0.005049884 0 0.03764605 -0.01151859 -0.003473997 0.03764563 -0.01117908 0 0.03764605 -0.01151859 -0.002341032 0.03933268 0.005049884 -0.002207398 0.04017722 0.002582252 -0.004367411 0.04004389 3.324e-4 -0.002054393 0.0405842 3.514e-4 0.002341032 0.03933268 0.005049884 0.002207398 0.04017722 0.002582252 0 0.03941798 0.005164802 0 0.04032182 0.002838492 0.004367649 0.04004347 3.334e-4 0 0.04032182 0.002838492 0 0.03941798 0.005164802 0 0.04070609 4.081e-4 0.002054393 0.0405842 3.514e-4 0 0.04070609 4.081e-4 -0.001946926 0.04082798 -0.001829147 0 0.04088306 -0.001820445 0.001947045 0.04082798 -0.001829504 0 0.04088306 -0.001820445 -0.006109893 0.03787547 -0.009504199 -0.007405698 0.03809255 -0.00734359 0.007405996 0.03809249 -0.00734359 -0.002920866 0.03903263 -0.009044468 0.005355358 0.03985613 -0.004722893 0.004468679 0.03950279 -0.006885886 0.002920866 0.03903251 -0.009044587 0 0.03910809 -0.00905478 0 0.03910809 -0.00905478 0.002582371 0.03993058 -0.006872594 0.002343893 0.04036968 -0.004590988 -0.002343595 0.0403698 -0.004591107 0 0.04060405 -0.004462361 -0.002582252 0.03993046 -0.006873071 0 0.04005736 -0.006758153 0 0.04060405 -0.004462361 0 0.04005736 -0.006758153 -0.004468679 0.03950279 -0.006885886 0.01060545 0.02588069 0.008861482 0.01299399 0.02741557 0.005240201 0.01299399 0.02741557 0.005240201 0.01313012 0.02373147 0.005650401 0.01060545 0.02588069 0.008861482 0.01054817 0.02339434 0.0089311 0.01313012 0.02373147 0.005650401 0.009317994 0.01950788 0.0093593 0.009317994 0.01950788 0.0093593 0.007207632 0.02326279 0.01130348 0.007012486 0.02061277 0.0109182 0.007207632 0.02326279 0.01130348 0.007207632 0.02326279 0.01130348 0.009821295 0.0210483 0.008749365 0.007012486 0.02061277 0.0109182 0.009317994 0.01950788 0.0093593 -0.00931859 0.01950711 0.009358942 -0.01034283 0.01884305 0.00916469 -0.00931859 0.01950711 0.009358942 -0.01060545 0.02588075 0.008861482 -0.007012486 0.02061277 0.0109182 -0.007207632 0.02326279 0.01130348 -0.007207632 0.02326279 0.01130348 -0.01299399 0.02741587 0.005240201 -0.01299399 0.02741587 0.005240201 -0.009821295 0.0210483 0.008749365 -0.007012486 0.02061277 0.0109182 -0.00931859 0.01950711 0.009358942 -0.007207632 0.02326279 0.01130348 -0.01054817 0.02339434 0.0089311 -0.01060545 0.02588075 0.008861482 0.01470506 0.01896291 0.001642942 0.01412558 0.01962649 8.815e-4 0.01407259 0.02135568 0.002108991 0.009317994 0.01950788 0.0093593 0.01274317 0.0215559 0.005886495 0.01034218 0.01884347 0.009164392 0.01406544 0.0209335 0.006190717 0.01406544 0.0209335 0.006190717 0.01274317 0.0215559 0.005886495 0.01274317 0.0215559 0.005886495 0.01274317 0.0215559 0.005886495 0.01412558 0.01962649 8.815e-4 0.01384502 0.01932227 -0.004102826 0.01298469 0.01675188 -7.442e-4 0.01279062 0.01701265 -0.001526594 0.01314485 0.01645368 -0.003033638 0.01384502 0.01932227 -0.004102826 0.01450371 0.02162998 -0.009735345 0.01246219 0.0215891 -0.009756863 0.01246219 0.0215891 -0.009756863 0.01450371 0.02162998 -0.009735345 0.01246219 0.0215891 -0.009756863 0.01395118 0.02133965 -0.005379319 0.01456969 0.02125877 -0.00166893 -0.01412576 0.0196259 8.823e-4 -0.01279056 0.01701241 -0.001526892 -0.01412576 0.0196259 8.823e-4 -0.01406586 0.0209335 0.006190598 -0.01274347 0.02155548 0.005886495 -0.01274347 0.02155548 0.005886495 -0.01406586 0.0209335 0.006190598 -0.01440751 0.02382296 0.001998782 -0.01313018 0.02373218 0.005650222 -0.01407271 0.0213555 0.002108216 -0.01274347 0.02155548 0.005886495 -0.01435506 0.02705037 0.001649022 -0.01299399 0.02741587 0.005240201 -0.01440751 0.02382296 0.001998782 -0.01313018 0.02373218 0.005650222 -0.01299399 0.02741587 0.005240201 -0.01274347 0.02155548 0.005886495 -0.01407271 0.0213555 0.002108216 -0.01384538 0.01932138 -0.00410372 -0.01279056 0.01701241 -0.001526892 -0.01384538 0.01932138 -0.00410372 -0.01450353 0.0216301 -0.009735345 -0.01246231 0.02158933 -0.009756445 -0.01450353 0.0216301 -0.009735345 -0.01246231 0.02158933 -0.009756445 -0.01246231 0.02158933 -0.009756445 -0.01394808 0.0213418 -0.005391478 -0.01410615 0.02343183 -0.005670726 -0.01422536 0.02630889 -0.005791485 -0.01410615 0.02343183 -0.005670726 -0.01272398 0.02594923 -0.009658992 -0.01487612 0.02379798 -0.001657187 -0.01490676 0.02668249 -0.001916885 -0.01487612 0.02379798 -0.001657187 -0.01490676 0.02668249 -0.001916885 -0.01456969 0.02125877 -0.001669049 -0.01456969 0.02125877 -0.001669049 -0.01394808 0.0213418 -0.005391478 -0.01456969 0.02125877 -0.001669049 -0.01487612 0.02379798 -0.001657187 -0.01487612 0.02379798 -0.001657187 -0.01456969 0.02125877 -0.001669049 -0.01456969 0.02125877 -0.001669049 -0.01456969 0.02125877 -0.001669049 -0.009862184 0.05073308 -0.009474396 -0.007823169 0.04788738 -0.00658077 -0.008123755 0.05264019 -0.008049845 -0.006521046 0.04923379 -0.005587399 0.00987035 0.05072808 -0.009475767 0.008123874 0.05264049 -0.008049964 0.007823169 0.04788738 -0.00658077 0.006521046 0.04923379 -0.005587399 0.005539 0.03990131 -0.001513302 0.004535794 0.04023563 -0.002502501 0.006273329 0.04449117 -0.004528999 0.005203366 0.04546988 -0.003586888 -0.005355179 0.03985625 -0.004722893 -0.004535794 0.04023563 -0.002502501 -0.005538344 0.03990209 -0.001513779 -0.006273329 0.04449117 -0.004528999 -0.005203485 0.04546999 -0.003586888 -0.01228666 0.05324023 -0.0122531 -0.01068019 0.0558502 -0.0106579 0.01229846 0.05322718 -0.0122534 0.01068031 0.0558502 -0.0106582 0.01437038 0.054457 -0.009239256 0.01192718 0.05174237 -0.006659328 0.01169919 0.05616712 -0.00923866 0.009381175 0.05298602 -0.006298184 0.009381175 0.05298602 -0.006298184 0.00784415 0.04948502 -0.004005968 0.009623646 0.04859614 -0.004415452 0.00784415 0.04948502 -0.004005968 0.006936073 0.04538697 -0.002264857 0.009939491 0.0475282 -0.006213009 0.01286798 0.05015712 -0.008855283 0.006448388 0.04140496 -0.002094686 0.005539 0.03990131 -0.001513302 0.004367649 0.04004347 3.334e-4 0.00412935 0.04197746 -0.001890242 0.005256295 0.0418837 -4.493e-4 0.004367649 0.04004347 3.334e-4 0.003759503 0.0405628 -0.001884937 0.005256295 0.0418837 -4.493e-4 0.005318701 0.04160368 -0.002982199 0.006936073 0.04538697 -0.002264857 0.003759503 0.0405628 -0.001884937 0.004535794 0.04023563 -0.002502501 0.005539 0.03990131 -0.001513302 0.006448388 0.04140496 -0.002094686 0.008143782 0.04452598 -0.004022777 0.01444429 0.05837553 -0.0120812 0.0136488 0.05812734 -0.01319801 0.01444429 0.05837553 -0.0120812 0.01169919 0.05616712 -0.00923866 0.01541888 0.05251187 -0.01157701 0.008143782 0.04452598 -0.004022777 0.009939491 0.0475282 -0.006213009 0.01286798 0.05015712 -0.008855283 0.01541888 0.05251187 -0.01157701 -0.01193207 0.05173826 -0.006662786 -0.009381055 0.05298578 -0.006298184 -0.009623646 0.04859614 -0.004415512 -0.00784415 0.04948502 -0.004005968 -0.01169908 0.056167 -0.00923866 -0.009381055 0.05298578 -0.006298184 -0.00693649 0.04538702 -0.002264976 -0.00784415 0.04948502 -0.004005968 -0.009939551 0.0475282 -0.00621289 -0.01264202 0.0499978 -0.00890398 -0.004129528 0.04197776 -0.001890361 -0.003759503 0.0405628 -0.001885116 -0.004367411 0.04004389 3.324e-4 -0.003759503 0.0405628 -0.001885116 -0.006448805 0.04140549 -0.002094507 -0.005256295 0.04188466 -4.496e-4 -0.004367411 0.04004389 3.324e-4 -0.005256295 0.04188466 -4.496e-4 -0.00693649 0.04538702 -0.002264976 -0.005318701 0.04160368 -0.002982199 -0.005538344 0.03990209 -0.001513779 -0.004535794 0.04023563 -0.002502501 -0.008143782 0.0445261 -0.004023194 -0.006448805 0.04140549 -0.002094507 -0.005538344 0.03990209 -0.001513779 -0.01687222 0.05669838 -0.01185876 -0.01444417 0.05837553 -0.0120812 -0.0143724 0.05445206 -0.009239852 -0.01169908 0.056167 -0.00923866 -0.01444417 0.05837553 -0.0120812 -0.01364868 0.05812728 -0.01319789 -0.01508998 0.0521416 -0.01143711 -0.01508998 0.0521416 -0.01143711 -0.01765996 0.05437177 -0.01379352 -0.01264202 0.0499978 -0.00890398 -0.009939551 0.0475282 -0.00621289 -0.008143782 0.0445261 -0.004023194 -0.01497852 0.05553555 -0.01461952 -0.01855558 0.05913347 -0.01661169 -0.01935511 0.05754458 -0.01757735 -0.01765996 0.05437177 -0.01379352 0.01498246 0.05552715 -0.01461833 0.01855498 0.05913317 -0.01661157 0.01778304 0.05446279 -0.01376318 0.01935523 0.05754458 -0.01757735 0.01687043 0.05670183 -0.01185846 0.01778304 0.05446279 -0.01376318 0.02059507 0.05813819 -0.01564985 0.0211454 0.05661356 -0.01688826 0.01907366 0.05929905 -0.01588749 0.02098399 0.05888521 -0.018651 0.02133738 0.05943363 -0.01795858 0.02368628 0.05942612 -0.01961785 0.02181744 0.05903095 -0.01733469 0.02368628 0.05942612 -0.01961785 0.0211454 0.05661356 -0.01688826 0.02181744 0.05903095 -0.01733469 0.01907366 0.05929905 -0.01588749 -0.02098482 0.0588898 -0.01865047 -0.02114498 0.05661302 -0.01688712 -0.02059477 0.0581367 -0.01564908 -0.0190739 0.05929929 -0.01588815 -0.0190739 0.05929929 -0.01588815 -0.02133578 0.05940961 -0.01796191 -0.02181589 0.05903553 -0.0173372 -0.02368605 0.05942696 -0.01961785 -0.02368605 0.05942696 -0.01961785 -0.02181589 0.05903553 -0.0173372 -0.02114498 0.05661302 -0.01688712 0.005868673 0.01836955 0.01957029 0.004369974 0.01858788 0.0155583 0.003666698 0.007496595 0.02665209 0 0.008028149 0.02772897 -0.004369974 0.01858788 0.0155583 -0.004328072 0.0187838 0.0125072 0 0.008028149 0.02772897 -0.003666818 0.007496595 0.02665209 0.003006577 0.01960009 0.01577919 0 0.02014786 0.01600652 -0.003006577 0.01960009 0.01577919 0 0.02014786 0.01600652 0 0.02043038 0.02063643 0.003077805 0.01973342 0.02017319 -0.003077805 0.01973342 0.02017319 0 0.02043038 0.02063643 0.01558685 0.01845586 0.01408535 0.01287508 0.01891696 0.0107038 0.01435458 0.01991796 0.009218454 0.02270799 0.007549583 0.01549708 0.02453511 0.005744159 0.01225692 0.02547752 0.008149266 0.01288259 0.02146095 0.01862102 0.003923654 0.01724582 0.01903718 0.003199934 0.01667207 0.01997911 0.005270183 0.01581203 0.02026563 0.007440388 0.02056646 0.0199424 0.006660044 0.01944345 0.02058511 0.009576559 0.01581203 0.02026563 0.007440388 0.01748842 0.01985549 0.01198321 0.01944345 0.02058511 0.009576559 0.01406544 0.0209335 0.006190717 0.01727855 0.01917409 -0.005715489 0.0275653 0.008699774 -0.01240479 0.02716648 0.008130252 -0.008609056 0.01816558 0.01899415 -0.01689022 0.01464241 0.01919746 -0.01455688 0.01562595 0.02017498 -0.012515 0.01645338 0.02052384 -0.0101543 0.02587825 0.00814116 -0.01582986 0.0275653 0.008699774 -0.01240479 0.01680505 0.02018529 -0.007815062 0.02034121 0.02106302 -0.01101499 0.0207284 0.02036178 -0.008081376 0.01645338 0.02052384 -0.0101543 0.0192644 0.02037018 -0.01408433 0.02034121 0.02106302 -0.01101499 -0.01816588 0.01899427 -0.01689022 -0.01464241 0.01919746 -0.0145567 -0.01562309 0.02017682 -0.01250308 -0.02587825 0.008141279 -0.01582986 -0.0275653 0.008699774 -0.01240479 -0.02092438 0.01899868 -0.005413055 -0.01727795 0.01917421 -0.005715668 -0.01682382 0.02019459 -0.007848083 -0.02034139 0.02106302 -0.01101523 -0.01645255 0.02052396 -0.0101552 -0.02072888 0.0203616 -0.008081197 -0.01645255 0.02052396 -0.0101552 -0.01926451 0.02037018 -0.01408433 -0.02034139 0.02106302 -0.01101523 -0.0172457 0.01903736 0.003200054 -0.01665705 0.01998233 0.005279183 -0.02547758 0.008149266 0.01288259 -0.02636325 0.007760465 0.00915277 -0.01558697 0.0184558 0.01408535 -0.0128746 0.01891678 0.01070368 -0.02270799 0.007549583 0.01549708 -0.02547758 0.008149266 0.01288259 -0.02453511 0.005744278 0.01225703 -0.01435387 0.01991152 0.009249567 -0.01581168 0.02026563 0.007440388 -0.01581168 0.02026563 0.007440388 -0.0205664 0.0199424 0.006659924 -0.01944357 0.02058511 0.009576857 -0.01748859 0.01985549 0.01198339 -0.01944357 0.02058511 0.009576857 0.02526539 0.01756757 0.008946657 0.02200746 0.01164388 0.0173794 0.0218622 0.01747041 0.0148406 0.02423268 0.0183134 0.01228582 0.02423268 0.0183134 0.01228582 0.02436697 0.01237875 0.01562148 0.02617025 0.01296138 0.0133714 0.02727419 0.01246201 0.01058775 0.02762591 0.01179355 0.007652699 0.02300739 0.01191073 0.00304085 0.02687889 0.01445448 0.006666362 0.02571386 0.01634407 0.005684792 0.02617025 0.01296138 0.0133714 0.02673918 0.01521968 0.009768784 0.02567821 0.01563477 0.01304686 0.01569759 0.01170206 0.01570308 0.02063435 0.01389408 0.0171259 0.01927858 0.0161525 0.01684349 0.02357941 0.01507008 0.01555722 0.02567821 0.01563477 0.01304686 0.007310926 0.01162469 0.02046388 -0.006902158 0.01383656 0.01704233 -0.007310926 0.01162469 0.02046388 0.002732396 0.01218211 0.0277422 0.003018796 0.0150991 0.02679508 0.00527209 0.01150119 0.0266785 0.005981147 0.0142579 0.02560067 0.003369987 0.01731353 0.02481049 0.006439149 0.01605933 0.02380722 -0.005868673 0.01836955 0.01957035 -0.00527209 0.01150119 0.0266785 -0.005981147 0.01425778 0.02560067 -0.006439149 0.01605933 0.02380722 0 0.01240658 0.02814429 -0.002732396 0.01218223 0.0277422 0 0.01240658 0.02814429 -0.003021061 0.0151003 0.02679383 -0.003369987 0.0173133 0.02481085 0 0.01807063 0.02534013 0 0.01541227 0.02730458 0 0.01807063 0.02534013 0 0.01541227 0.02730458 -0.01974898 0.01409006 0.001666367 -0.01569759 0.01170206 0.01570308 -0.02300739 0.01191073 0.00304085 -0.021461 0.01862102 0.003923654 -0.02762591 0.01179355 0.007652699 -0.02687889 0.01445448 0.006666362 -0.02571398 0.01634407 0.005684912 -0.02526426 0.01756769 0.008942067 -0.02673941 0.01521605 0.009776175 -0.02727419 0.01246201 0.01058775 -0.02200746 0.01164388 0.0173794 -0.02063417 0.01389396 0.0171259 -0.0192784 0.01615256 0.01684349 -0.02436697 0.01237887 0.01562148 -0.02617025 0.0129615 0.0133714 -0.02617025 0.0129615 0.0133714 -0.02356588 0.01507633 0.01556491 -0.02567839 0.01563465 0.01304686 -0.02187699 0.0174697 0.01483708 -0.0242328 0.0183134 0.0122857 -0.0242328 0.0183134 0.0122857 -0.02567839 0.01563465 0.01304686 -0.0194056 0.01234 -0.0183869 -0.0220319 0.01231867 -0.004189491 -0.0253399 0.01243865 -0.01746469 -0.02443176 0.0148561 -0.01776283 -0.02260231 0.01696515 -0.01805657 -0.02404969 0.01826888 -0.01524662 -0.02604669 0.01593893 -0.01524305 -0.02699655 0.01331526 -0.01516979 -0.02721774 0.0124346 -0.007067084 -0.02630937 0.01499342 -0.006364583 -0.02493202 0.01692217 -0.005655348 -0.02765762 0.01397752 -0.01243716 -0.02797925 0.01331347 -0.00971657 -0.02765762 0.01397752 -0.01243716 -0.02511787 0.01904618 -0.01206851 -0.02694177 0.01650536 -0.01225161 -0.02698802 0.01598668 -0.00934118 -0.02694177 0.01650536 -0.01225161 -0.02528059 0.01823663 -0.008751869 -0.02511787 0.01904618 -0.01206851 0.01894199 0.01425033 -0.003621995 0.0194056 0.01234 -0.0183869 0.0220319 0.01231867 -0.004189491 0.02092432 0.01899868 -0.005413055 0.02721774 0.0124346 -0.007067084 0.02630925 0.01499295 -0.006364285 0.02493178 0.01692217 -0.005655169 0.02527177 0.01823759 -0.008737564 0.02695626 0.01602137 -0.009260892 0.02797925 0.013314 -0.009716868 0.0253399 0.01243865 -0.01746469 0.02443176 0.01485621 -0.01776283 0.02260243 0.01696515 -0.01805657 0.02699655 0.0133152 -0.01516979 0.02765762 0.0139777 -0.0124368 0.02765762 0.0139777 -0.0124368 0.02605158 0.01593637 -0.01523739 0.02694195 0.01650518 -0.01225101 0.02405047 0.01826906 -0.01524585 0.02511805 0.01904612 -0.01206815 0.02511805 0.01904612 -0.01206815 0.02694195 0.01650518 -0.01225101</float_array>
          <technique_common>
            <accessor source="#chr631_2-mesh-positions-array" count="1095" stride="3">
              <param name="X" type="float"/>
              <param name="Y" type="float"/>
              <param name="Z" type="float"/>
            </accessor>
          </technique_common>
        </source>
        <source id="chr631_2-mesh-normals">
          <float_array id="chr631_2-mesh-normals-array" count="3285">-0.4587945 -0.4897714 -0.7413714 -0.2043545 -0.6753833 -0.7085879 -0.4213249 -0.5226809 -0.7411411 -0.1669406 -0.6960844 -0.6982818 0.1963018 0.7460203 0.6363329 0.3503265 0.4012016 0.8463503 -0.2343884 0.424127 0.8747448 -0.1948356 0.5561238 0.8079391 -0.7382308 0.6235699 0.257247 -0.7691979 0.627224 -0.1221671 -0.9554688 0.2460469 -0.1629122 -0.9196594 0.3264312 0.2183329 -0.3757882 0.557258 0.7404369 0.02108865 0.7952653 0.6058946 0.2637171 0.7921891 0.5503543 0.4587585 0.4978531 0.7359912 0.1326364 0.53668 0.833296 -0.5196919 0.5677912 0.6383836 -0.4871543 0.4210793 0.7650966 -0.8985437 0.4213163 0.122931 -0.9526948 0.1085271 0.2838918 -0.9702122 -0.01666355 -0.2416832 -0.9111785 -0.3973283 -0.1090142 -0.9374307 -0.05481261 -0.3438304 -0.8977115 -0.3790439 -0.224588 -0.6946455 -0.7182062 0.0405904 -0.6855492 -0.7263227 -0.04977655 -0.2687819 -0.9563777 0.1144467 -0.3014357 -0.9306143 0.2075899 -0.1807018 -0.980447 0.07791447 -0.1724618 -0.9507832 0.2574262 -0.3666862 -0.8983888 0.2417412 -0.6380394 -0.5581395 0.5304584 -0.5149493 -0.8165698 0.260847 -0.8573765 -0.3564645 0.3712663 -0.4592476 0.1111801 0.8813233 -0.5963082 0.08169901 0.7985874 -0.231278 0.6910263 0.6848309 -0.09699094 0.7003005 0.7072284 0.2887445 0.7549595 0.588781 0.2675904 0.7108787 0.6504206 -0.03320544 0.5864674 0.809292 0.1868698 0.6937653 0.6955354 -0.02661293 0.8171283 0.5758414 -0.09589064 0.6479181 0.7556501 0.2455265 0.6731303 0.6975761 0.03671413 0.5529099 0.8324319 -0.4054179 0.1913558 0.8938788 -0.8878387 -0.2142764 0.4072198 -0.719546 -0.4663605 0.51455 -0.4135993 -0.6607151 0.6264113 -0.2434846 -0.7636896 0.5979077 -0.290358 -0.04309284 0.9559473 -0.31395 0.06662315 0.9470992 -0.9472082 0.2369241 -0.2160181 -0.9023663 0.3676363 0.2248972 -0.9096345 0.3075147 -0.2792842 -0.718725 0.5872182 0.3723026 -0.6990172 0.6562595 0.2840749 -0.9722365 -0.05032545 0.2285245 -0.9758987 0.07919615 0.2033465 -0.6937254 0.5598999 0.4530532 -0.6596766 0.6535117 0.3711463 -0.9922807 0.07922863 0.09540396 -0.8057089 -0.4783592 -0.3492931 -0.7229629 -0.6820065 0.1104174 -0.4022444 -0.915457 0.01174992 -0.7595327 -0.6479849 -0.05679631 -0.3450523 -0.9190916 -0.1902884 -0.3683683 -0.7277945 -0.5784634 -0.8065646 -0.458034 -0.3737091 -0.9743244 0.2089342 0.08389717 -0.9144303 0.401656 -0.04989796 -0.654722 0.5220869 0.5465936 -0.8159393 0.5615286 -0.137582 -0.5345172 0.7891407 0.3025696 -0.7904481 0.6122767 0.01757907 -0.4617541 0.8153789 0.3491996 -0.5784077 0.3226533 0.749226 -0.8574901 0.4376413 0.2705197 -0.7479665 0.6137122 0.2527912 -0.5729115 0.6322414 -0.5215777 -0.2308441 0.635676 -0.7366322 -0.3119654 0.272016 -0.9103213 -0.6132553 0.3567708 -0.7047216 -0.2715578 0.2607235 -0.9264339 -0.6130468 0.4037435 -0.6790912 -0.5670819 0.3702314 -0.7357629 -0.7031645 0.07800728 -0.7067353 -0.754959 -0.2231275 -0.616645 -0.3217614 -0.434346 -0.8413164 -0.2490994 -0.7518154 -0.6105105 -0.2460777 -0.9463751 -0.2093323 -0.1940127 -0.9744888 -0.1128307 -0.3676369 -0.8662631 -0.3382772 -0.6850545 -0.2424104 -0.6869772 -0.9925937 0.05786365 -0.1068158 -0.7068166 0.6226151 0.3357989 -0.3562792 0.7250712 0.5893531 -0.4188509 0.7023169 0.5755996 -0.502313 0.7023349 0.5043883 -0.5051162 0.8276081 0.244791 -0.4943474 0.6365967 0.5919168 -0.4640159 0.4008103 0.7899622 -0.4428719 0.7454445 0.4981737 -0.3967443 -0.7709352 -0.4982498 -0.1934921 -0.4324884 -0.8806331 -0.1597694 -0.1016908 -0.9819027 -0.2792532 -0.07742786 -0.9570907 -0.2143067 0.2498617 -0.9442679 0.4856541 -0.1887315 0.8535342 0.7741758 -0.433492 0.4612338 0.8925255 -0.1028792 0.4391061 0.5463283 0.06015378 0.8354083 0.6367774 0.342575 0.6907655 0.5395752 -0.7578774 0.3667159 0.8231444 -0.4486383 0.3480762 0.4963112 -0.7390648 0.4554759 0.2491898 -0.4509222 0.8570727 -0.2013989 0.2279815 0.9526085 -0.08185178 0.3872242 0.9183452 -0.03515803 0.5426611 0.8392157 0.5557798 0.340713 0.7583032 -0.1430733 0.578611 0.8029567 0.5824545 0.3325346 0.7417329 -0.344995 0.4372562 0.8305333 0.4320352 0.6138708 0.6606878 -0.4241338 0.517433 0.7432186 0.6901042 0.6200317 0.373252 0.8379887 0.2816287 0.4673974 0.8641179 0.2389951 0.4429238 0.9066702 0.203076 0.3697425 0.9456871 -0.1646186 0.2803155 0.08841419 -0.9639196 0.2510818 -0.534186 0.5819188 0.6132014 -0.718528 0.4681129 0.5143809 -0.4653601 0.7521206 0.4666419 -0.5924723 0.7290769 0.3426713 -0.8317986 0.3167884 0.455803 -0.6275303 0.7618442 0.1606211 -0.8525815 0.4869933 0.1895846 -0.6229066 0.7026545 0.3438957 -0.4669403 -0.05398803 0.8826393 -0.3848491 0.1224741 0.9148177 -0.3660747 -0.6881106 0.6264929 -0.2895659 -0.685003 0.6685226 -0.06543213 -0.8348399 0.5465905 0.09418255 -0.879078 0.467281 -0.07727348 -0.9408023 0.33003 0.1389219 -0.9676619 0.2105497 0.05347037 -0.9375628 0.3436815 -0.1049244 -0.6645823 0.7398117 -0.3206928 0.1253412 0.9388535 -0.3812767 0.7097552 0.5923478 -0.3277783 0.8401684 0.4320631 -0.5077886 0.6176904 0.6005077 -0.559048 0.7540953 0.3446822 -0.4269611 0.7030361 0.5687219 -0.638763 0.7576651 0.1338869 -0.2899937 0.8224627 0.4893453 -0.6260647 0.7796358 -0.01452696 -0.4427371 -0.02587997 0.896278 -0.2664346 -0.7947563 0.5453211 0.1681915 -0.9439906 -0.28389 0.4186062 -0.7512083 -0.510348 0.2757402 -0.4627003 -0.8425412 0.06628698 -0.9440707 -0.3230117 -0.003021359 -0.976311 -0.216351 0.5658003 0.2183972 -0.7950929 0.7019658 0.4488114 -0.553003 0.6622058 0.09436535 -0.7433564 0.6507952 0.4333752 -0.6234194 0.6931193 -0.0355547 -0.7199456 0.6911962 0.3771854 -0.6164245 0.5266415 0.1518641 -0.8364126 0.5863636 0.4170131 -0.6944623 0.4675782 0.4474663 -0.7623285 0.3653771 0.1511316 -0.918509 -0.07504642 0.04931879 -0.9959597 0.3480473 -0.640274 -0.6847718 0.04483252 -0.9207914 -0.3874703 -0.02044796 -0.9496111 -0.3127628 -0.3019635 -0.7072978 -0.6391775 -0.3797544 -0.7141568 -0.5880196 -0.6461606 -0.3870798 -0.6577581 -0.5444232 -0.378554 -0.7485322 -0.7704276 -0.04843401 -0.6356852 -0.6932685 0.002685666 -0.7206745 -0.7057046 0.3131616 -0.63554 -0.3463961 0.436276 -0.8304656 -0.6511831 0.4446918 -0.6149877 -0.2795891 0.5625355 -0.7780642 0.2942389 0.5905836 -0.7514217 0.3018061 0.656075 -0.6917216 0.4993293 0.6746027 -0.5436741 0.635264 0.5181606 -0.5726685 0.4202497 0.4355704 -0.796033 -0.2224816 0.09881961 -0.9699158 -0.04532039 -0.1446591 -0.9884431 0.07284849 -0.4179254 -0.9055559 0.8878766 -0.2144613 0.4070401 0.952704 0.1084636 0.2838854 0.4054179 0.1913558 0.8938788 0.09689813 0.7002916 0.7072499 0.4589769 0.1110285 0.8814834 0.03320485 0.5864874 0.8092775 0.2903296 -0.04312366 0.9559546 0.09586042 0.64792 0.7556524 0.3139493 0.06665354 0.9470973 -0.03671413 0.5529099 0.8324319 0.4871543 0.4210793 0.7650966 0.8985437 0.4213163 0.122931 0.9702312 -0.01648026 -0.2416193 0.911166 -0.3972313 -0.1094705 0.7196704 -0.466301 0.5144296 0.4135063 -0.6608044 0.6263787 0.2431765 -0.7641992 0.5973817 0.6378263 -0.5583536 0.5304893 0.172953 -0.9508908 0.2566981 0.3013151 -0.9306191 0.2077435 0.6946538 -0.7181843 0.04083502 0.1947721 0.5561167 0.8079593 -0.3503313 0.4012375 0.8463312 0.2343565 0.4241551 0.8747398 0.7382087 0.6236075 0.2572194 0.9196364 0.3264338 0.2184262 0.9555 0.245986 -0.1628207 0.9472107 0.2369476 -0.2159812 0.902382 0.3675998 0.2248936 0.5196919 0.5677912 0.6383836 -0.1326364 0.53668 0.833296 -0.2455265 0.6731303 0.6975761 0.02658247 0.817129 0.5758419 -0.1868993 0.6937308 0.695562 -0.2677788 0.7107402 0.6504945 -0.2890794 0.7547132 0.5889322 0.2311529 0.6909258 0.6849745 0.5960131 0.08133417 0.7988449 0.8570495 -0.3568649 0.3716363 0.5146715 -0.8166869 0.2610285 0.3670228 -0.8981773 0.2420165 0.1805512 -0.9804576 0.07812893 0.2688102 -0.9563698 0.1144458 0.6857296 -0.7261672 -0.04956269 0.8976272 -0.3792606 -0.2245594 0.9373841 -0.05468958 -0.343977 0.9096476 0.3075088 -0.2792483 0.7691435 0.6272904 -0.1221681 -0.1963018 0.7460203 0.6363329 0.3758144 0.5572516 0.7404283 -0.02108877 0.7952395 0.6059287 -0.4587585 0.4978531 0.7359912 -0.2637127 0.7921758 0.5503755 0.2792156 -0.07748693 -0.9570969 0.7031645 0.07800728 -0.7067353 0.3218829 -0.4344366 -0.8412231 0.6990172 0.6562595 0.2840749 0.7187379 0.5871982 0.3723093 0.9722365 -0.05032545 0.2285245 0.9922845 0.07925701 0.09534037 0.8056787 -0.4782983 -0.3494459 0.7229653 -0.6820088 0.1103873 0.4022444 -0.915457 0.01174992 0.7595327 -0.6479849 -0.05679631 0.3450523 -0.9190916 -0.1902884 0.368365 -0.727849 -0.5783972 0.8065739 -0.4580392 -0.3736829 0.7550149 -0.2230344 -0.6166102 0.9743244 0.2089342 0.08389717 0.9758987 0.07919615 0.2033465 0.6596766 0.6535117 0.3711463 0.6937254 0.5598999 0.4530532 0.9144303 0.401656 -0.04989796 0.5670819 0.3702314 -0.7357629 0.2143067 0.2498617 -0.9442679 0.1598278 -0.1017503 -0.981887 0.1935213 -0.4324246 -0.8806581 0.2490984 -0.7518427 -0.6104773 0.2460777 -0.9463751 -0.2093323 0.1940127 -0.9744888 -0.1128307 0.3676105 -0.8662728 -0.338281 0.6850001 -0.2421991 -0.6871058 0.9925786 0.05789506 -0.1069396 0.7068598 0.6225957 0.3357439 0.3562541 0.7250516 0.5893924 0.418842 0.7023324 0.5755873 0.502313 0.7023349 0.5043883 0.5051162 0.8276081 0.244791 0.4943474 0.6365967 0.5919168 0.654722 0.5220869 0.5465936 0.8159495 0.5615146 -0.1375786 0.6130417 0.4037096 -0.679116 0.2715937 0.2607288 -0.9264218 0.6131973 0.3568032 -0.7047558 0.3120257 0.2719543 -0.9103191 0.5731227 0.6321777 -0.521423 0.2313347 0.6355602 -0.7365784 0.7480813 0.6135231 0.2529108 0.8575407 0.4376515 0.2703429 0.5785229 0.32268 0.7491255 0.7904481 0.6122767 0.01757907 0.4617847 0.8153485 0.3492302 0.5345172 0.7891407 0.3025696 0.4428719 0.7454445 0.4981737 0.4640159 0.4008103 0.7899622 0.3967443 -0.7709352 -0.4982498 0.4801865 -0.7099948 0.5151003 0.3815855 0.3322049 0.8625732 0.3774639 -0.1532074 0.9132626 0.03644001 -0.9973099 0.0636022 0.3877205 0.4338661 0.8132854 0.9562379 -0.2916963 0.02285838 0.2889565 0.4056012 0.8671746 0.1033693 0.3833242 0.9178113 -0.4214766 0.55265 0.7189822 -0.4802163 0.5365849 0.6938797 0.1205808 0.2360955 0.9642195 0.9412132 -0.3282954 0.07962465 0.9241584 -0.2404624 0.2968319 0.7857436 -0.4225668 -0.4517126 0.6315091 -0.5287196 -0.5671436 0.5082324 -0.5048143 -0.6977552 0.6613252 -0.5411092 -0.5194709 0.9473515 -0.289995 0.1357501 0.6582435 -0.6631571 -0.356284 0.8973216 -0.3725768 0.2366448 0.5685077 -0.7885191 -0.2345994 0.8032045 -0.5148591 0.2996376 0.3799615 -0.9226808 -0.06549376 0.6313838 -0.6556772 0.4140557 0.424156 0.3339107 0.841781 0.09140557 0.6773474 0.7299628 0.2240411 -0.2656692 0.9376704 -0.2713446 -0.8902093 -0.3659231 0.1620868 -0.9858272 0.04327601 0.0812416 0.7453966 0.6616523 0.02804654 0.7246944 0.6884993 0.4231177 0.4114594 0.8072625 0.4140842 0.4583981 0.7863877 -0.1912631 0.590514 0.7840355 -0.01666331 0.6709281 0.7413352 0.00375384 0.7320379 0.6812537 -0.6773821 -0.2344208 -0.6972808 -0.7827969 0.176922 -0.5965968 -0.7443875 0.2309063 -0.6265538 -0.6165885 -0.2555716 -0.7446489 -0.7887683 0.2310607 -0.5696101 -0.6300643 -0.1736835 -0.7568706 -0.798024 0.2637495 -0.5418432 -0.6333074 -0.103247 -0.7669823 -0.862173 0.3248485 -0.388756 -0.6959326 -0.01696872 -0.7179066 -0.8022826 0.1734393 -0.571193 -0.8008788 0.2796759 -0.5295041 -0.7959369 0.1932771 -0.5736972 -0.7998181 0.1153628 -0.5890522 -0.7922169 0.1021782 -0.6016246 -0.748704 0.07846558 -0.6582443 -0.3695249 -0.3416916 -0.864117 -0.3413534 -0.4327573 -0.8343854 -0.3374196 -0.5145527 -0.7882789 -0.35375 -0.5936627 -0.7227902 -0.3993694 -0.6561548 -0.6402851 -0.7671119 -0.03463977 -0.6405774 -0.7783626 0.1019647 -0.6194795 -0.1033077 0.3833526 0.9178062 -0.941218 -0.3282666 0.0796861 -0.9562274 -0.291733 0.02282834 -0.2890165 0.4056302 0.8671411 -0.3875412 0.4338399 0.8133848 -0.9473555 -0.2899962 0.1357201 -0.8973661 -0.3727962 0.2361297 -0.4331547 0.4477121 0.7822602 -0.8031576 -0.5154786 0.2986968 -0.4442675 0.3888447 0.8071098 -0.6311107 -0.6562282 0.4135989 -0.4318125 0.3153522 0.845039 -0.3811232 0.3324452 0.862685 -0.09409034 0.671817 0.7347169 -0.09732592 0.7153717 0.6919329 -0.07107913 0.6999572 0.7106389 -0.05469036 0.7174755 0.6944336 0.006225883 0.6702912 0.7420722 0.1911715 0.5905442 0.7840352 0.4215654 0.5527076 0.718886 0.480379 0.5366572 0.6937112 -0.1204605 0.236099 0.9642336 -0.9240972 -0.2405845 0.2969233 -0.7858735 -0.4224185 -0.4516255 -0.6316642 -0.5286301 -0.5670542 -0.5081124 -0.5048469 -0.6978191 -0.6613252 -0.5411092 -0.5194709 -0.6582607 -0.6631438 -0.3562769 -0.5684788 -0.7885214 -0.2346612 -0.3799623 -0.9226827 -0.06546336 -0.4778443 -0.7112577 0.515536 -0.3763049 -0.163859 0.9118908 -0.232742 -0.2636278 0.9361259 -0.04086464 -0.9969878 0.06592059 0.2542842 -0.9033315 -0.3454444 -0.1607761 -0.9858375 0.04770177 0.9636259 0.2576383 0.07104736 0.8364485 0.1154859 0.5357397 0.9351587 0.2229707 0.2752495 0.9737994 0.1553415 0.1660842 0.9546092 0.2414982 -0.174356 0.8574978 0.3825886 -0.3439818 0.922216 0.3853299 -0.03222781 0.5834397 0.08264654 0.8079405 0.8582586 0.06326609 0.509303 0.9637576 0.1100513 0.2430223 0.9617269 0.1064516 0.2524869 0.9791175 0.1109373 0.1703583 0.9790952 0.1173779 0.1661174 0.1383738 0.2200431 0.9656261 -0.156534 0.1996579 0.9672818 -0.04449671 -0.3792902 0.9242072 0.2309073 -0.3666257 0.9012588 0.1414252 -0.2624942 0.9545133 0.355699 -0.2937149 0.8872485 0.2681084 0.2028895 0.9417822 0.5626627 0.1200038 0.8179302 0.6377861 -0.08362203 0.7656607 0.5628298 -0.4194825 0.7122199 0.558658 0.1608678 0.8136478 0.3295503 0.2011849 0.9224539 0.752442 0.00903356 0.6585966 0.6130627 0.0536521 0.7882104 0.3092767 0.1102946 0.9445545 0.1655653 0.06314373 0.9841753 0.1629419 0.2257198 0.960469 -0.001098632 -0.1186577 0.9929346 -0.2957898 -0.1174064 0.9480107 -0.319104 0.1775276 0.930944 -0.2089364 0.6530865 0.7278898 0.06183254 0.6102993 0.7897542 0.3406225 0.5784265 0.7412148 0.3443245 0.853212 0.3917524 0.1601635 0.9302181 0.3302152 0.3005563 0.9436637 0.1384366 -0.07721221 0.9970143 9.1556e-4 0.2584688 0.9635279 -0.06934005 -0.02237033 0.8909078 -0.453633 0.4041944 0.8120205 -0.4210104 0.02655172 0.8548743 -0.5181555 -0.03631782 0.7836418 -0.6201504 -0.380299 0.6600376 0.6478605 0.714317 0.5645866 -0.4135134 0.647343 0.7193683 -0.2519056 0.6636034 0.5711921 -0.483084 -0.4531493 0.8557284 0.2497693 -0.6163101 0.7717151 0.1569005 -0.1131959 0.92864 0.3532909 -0.4520115 0.8840029 0.1192668 -0.34496 0.9341053 -0.09192419 -0.5112893 0.8592699 -0.01544272 -0.04815846 0.9971677 -0.05777186 0.02444583 0.9989836 -0.03787422 0.09726566 0.9334393 0.3452978 -0.6109347 0.7785161 0.1437762 -0.2671631 0.8891093 -0.3716295 -0.3209094 0.8227365 -0.4691716 0.3072681 -0.001648008 0.9516216 0.1643133 -0.0780366 0.9833166 0.305587 -0.2523923 0.9181039 0.3157256 -0.08005297 0.9454676 0.1524747 -0.2527613 0.9554387 0.6093645 -0.04745638 0.7914688 0.625492 -0.1370009 0.7681084 0.7583455 -0.08078479 0.6468277 0.7577565 -0.1776206 0.6278981 0.607914 -0.292558 0.7381399 0.8036255 -0.3308256 0.4947125 0.9849812 0.02578884 0.1707252 0.9837675 0.0348522 0.1760313 0.9629673 0.04651099 0.2655767 0.961586 0.04348927 0.2710373 0.9384947 0.02972561 0.344012 0.1255853 -0.4367868 0.8907557 0.2820256 -0.4290354 0.8581318 0.5680873 -0.4621546 0.6809479 0.7274372 -0.4957926 0.4743678 0.89486 -0.3388876 0.2904838 0.8155834 -0.5016979 0.2883107 0.8462435 -0.5298483 0.05597263 0.7023875 -0.7078503 0.07483178 0.816294 -0.5506559 -0.1744776 0.6738974 -0.7286185 -0.1223825 0.7474446 -0.5981754 -0.2889859 0.6009159 -0.755921 -0.2597763 0.4934692 -0.8212483 -0.2864252 0.4180151 -0.890262 -0.1808235 0.2640868 -0.9337192 -0.2417159 0.262248 -0.9520949 -0.1572939 0.1476804 -0.9632339 -0.2244351 0.1350149 -0.9801095 -0.1454523 0.0597561 -0.989638 -0.1305601 0.09433329 -0.9953982 0.01684629 0.02816885 -0.9995226 0.01269578 0.06360191 -0.9836326 0.1685878 0.1330341 -0.9773236 0.1647439 0.1265016 -0.9528366 0.275862 0.279062 -0.9066768 0.3163252 0.1453614 -0.8883129 0.4356264 0.4492436 -0.8235625 0.3463021 0.3724536 -0.8141549 0.4454551 0.6051418 -0.6753978 0.4214751 0.4950301 -0.6359398 0.5920524 0.2391822 -0.6041967 0.760091 0.08975684 -0.6135268 0.7845563 0.1802446 -0.7689543 0.6133689 0.05438518 -0.7793378 0.6242394 0.02551394 -0.894636 0.4460667 0.03320443 -0.9518207 0.3048524 0.1953225 -0.9797866 0.04321509 0.2675347 -0.9579181 0.1040107 0.2992701 -0.9392554 0.168038 0.5100123 -0.8253099 0.2423863 0.6735231 -0.6866768 0.273572 0.521755 -0.8489812 0.08368343 0.4935916 -0.8679436 -0.05514866 0.3507581 -0.9361487 -0.02438491 0.09845495 -0.9390456 -0.3293938 0.07986766 -0.9640275 -0.2535196 0.05163866 -0.9308695 -0.3616843 0.9569742 -0.06723475 0.2822763 0.9267359 -0.07965421 0.3671725 0.9092925 -0.1703588 0.3796908 0.9428139 -0.1740786 0.2842511 0.9279398 -0.3705961 0.0398277 0.894576 -0.3956496 -0.2078351 0.8589773 -0.4139388 -0.3013516 0.909293 -0.2516624 -0.3314399 0.9447648 -0.2329561 -0.2305451 0.9281272 -0.1450895 -0.3428251 0.9620795 -0.1275692 -0.2410997 0.9831331 -0.1107528 -0.1455442 0.9665568 -0.2177507 -0.1354724 0.9818406 -0.06909596 0.1766769 0.9658352 -0.1829004 0.1836023 0.1684971 0.786208 0.5945467 0.08389651 0.9622313 0.2589836 0.02249252 0.9770669 0.211741 0.04367244 0.9840797 -0.1722788 0.06759893 0.9920111 -0.1065104 0.07107853 0.9513353 -0.2998483 0.1811946 0.9756798 -0.12336 0.05530041 0.9413279 -0.3329317 0.2767165 0.9521036 -0.1301028 0.5644866 0.7146114 0.4131409 0.4246744 0.8953411 0.1342234 0.4484134 0.8073455 0.3835608 0.2664902 0.961739 -0.06357061 0.8843014 0.3305868 0.3297323 0.7635935 0.4624593 0.4506178 0.6092486 0.4747518 0.6351591 0.9357562 0.2776963 0.2173594 0.9735934 0.2203792 -0.05957347 0.9176583 0.3874442 0.0882622 0.9465233 0.1667571 -0.276199 0.9311508 0.1435333 -0.335196 0.9892737 0.06308275 -0.1317505 0.1333075 0.798106 0.5875849 0.1082531 0.8344676 0.5403195 0.1383136 0.9018161 0.4093865 0.1569903 0.8953392 0.4167996 0.9422568 0.0352804 -0.333028 0.9643403 0.1234495 -0.2341114 0.9672194 0.1196053 -0.224012 0.9840357 0.1224741 -0.1291274 0.9846854 0.1194196 -0.1270188 0.9386171 -0.06332725 -0.3390985 0.9690016 -0.04736512 -0.2424716 0.9688845 -0.03598177 -0.2448839 0.9899312 -0.0155344 -0.140695 0.9882884 -0.003234982 -0.1525632 0.1048937 -0.6645203 0.7398717 0.2665573 -0.7944837 0.5456582 0.4427374 -0.02584946 0.8962786 0.143046 0.5785932 0.8029744 0.4653601 0.7521206 0.4666419 0.5924723 0.7290769 0.3426713 0.6275935 0.7617857 0.1606522 0.8526279 0.4869108 0.1895881 0.7185178 0.4681368 0.5143737 0.03515803 0.5426611 0.8392157 0.08188301 0.3871973 0.9183537 -0.6367593 0.3425816 0.6907789 -0.5463283 0.06015378 0.8354083 -0.8925094 -0.1027283 0.4391742 -0.4857121 -0.1888829 0.8534677 -0.7744901 -0.433314 0.460873 -0.2492788 -0.4509481 0.8570333 -0.4964231 -0.7389581 0.4555275 -0.05359113 -0.9375702 0.3436425 0.07800769 -0.9407927 0.3298848 0.2896283 -0.6849144 0.6685865 0.4666998 -0.05395793 0.8827683 0.5077564 0.6177188 0.6005057 0.4268447 0.703076 0.56876 0.5589873 0.7541262 0.3447129 0.6385729 0.7578094 0.1339769 -0.5558745 0.3406845 0.7582465 0.6229066 0.7026545 0.3438957 0.3277826 0.8401795 0.4320383 0.3812506 0.7097634 0.5923545 0.534186 0.5819188 0.6132014 0.2013989 0.2279815 0.9526085 0.320694 0.1253111 0.938857 0.6258594 0.7797989 -0.01461875 0.2898394 0.8225188 0.4893424 0.3843318 0.1224747 0.9150351 0.3659293 -0.6880934 0.6265966 0.065373 -0.8348339 0.5466066 -0.09406191 -0.8794274 0.4666474 -0.1393516 -0.967679 0.2101871 -0.088382 -0.9639317 0.2510464 -0.539615 -0.7578904 0.3666306 -0.8231952 -0.4487853 0.3477666 -0.9457771 -0.1644657 0.2801014 -0.9066702 0.203076 0.3697425 -0.8641117 0.2390239 0.4429206 -0.5824311 0.3326913 0.741681 0.3449904 0.4372808 0.8305222 0.831802 0.3168203 0.4557744 0.4240887 0.5175067 0.7431929 -0.4319953 0.6139797 0.6606127 -0.6900305 0.6201729 0.3731536 -0.8379489 0.2817273 0.4674092 -0.916185 0.3996788 0.0293594 -0.8843013 0.3308004 0.3295186 -0.9735603 0.2205007 -0.0596649 -0.5639379 0.7143375 0.4143621 -0.4453371 0.8952521 -0.01409989 -0.3931783 0.8073843 -0.4399336 0.1256461 0.8971933 -0.4233881 -0.001739561 0.9965774 0.08264625 0.3449869 0.9340954 -0.09192323 0.1545162 0.9875853 0.0282908 0.5113121 0.8592569 -0.01541197 -0.06097751 0.9013265 0.4288267 0 0.981473 0.1916007 0 0.9886491 -0.1502429 -0.3767849 0.9010974 0.214608 -0.1812825 0.9756599 -0.123388 -0.05536228 0.9413118 -0.3329674 -0.2769335 0.9520236 -0.1302264 -0.2901114 0.9164177 0.2757065 -0.1112715 0.9414128 0.3183719 -0.02249252 0.9770669 0.211741 -0.04367244 0.9840797 -0.1722788 -0.06759893 0.9920111 -0.1065104 -0.07107788 0.9513266 -0.299876 -0.2664902 0.961739 -0.06357061 -0.05163866 -0.9308695 -0.3616843 -0.07986766 -0.9640275 -0.2535196 -0.09845495 -0.9390456 -0.3293938 -0.1477112 -0.9632361 -0.2244051 -0.2640812 -0.9337301 -0.2416803 -0.2622777 -0.9520918 -0.1572628 -0.1350149 -0.9801095 -0.1454523 -0.1953228 -0.9797879 0.04318463 -0.09433323 -0.9953972 0.01690733 -0.1330641 -0.9773196 0.1647431 -0.06360191 -0.9836326 0.1685878 -0.1265327 -0.9528409 0.2758328 -0.03320443 -0.9518207 0.3048524 -0.0255444 -0.8946353 0.4460663 -0.1453614 -0.8883129 0.4356264 -0.2790338 -0.9066845 0.3163279 -0.4492436 -0.8235625 0.3463021 -0.2992995 -0.9392517 0.1680068 -0.5100386 -0.8253031 0.2423538 -0.521755 -0.8489812 0.08368343 -0.6735231 -0.6866768 0.273572 -0.7023875 -0.7078503 0.07483178 -0.815603 -0.5016795 0.2882871 -0.846242 -0.5298474 0.05600309 -0.8948441 -0.3388816 0.2905398 -0.9279376 -0.3705952 0.03988862 -0.942822 -0.1740801 0.284223 -0.9788894 -0.2029498 0.02423185 -0.9991473 -0.03964358 0.011536 -0.9447515 -0.2329528 -0.2306028 -0.9665122 -0.08169984 -0.2432684 -0.9075412 -0.1023299 -0.4073055 -0.9715648 0.03521865 -0.2341399 -0.9422451 0.03534102 -0.3330544 -0.9558697 0.1453337 -0.2553259 -0.9310897 0.1437164 -0.3352875 -0.979296 0.2009376 0.02456784 -0.9635061 0.2580357 0.07123064 -0.8576521 0.382681 -0.3434942 -0.6534531 0.7176966 -0.2406463 -0.2572168 0.9642885 -0.06314444 0.07724255 0.997012 9.15558e-4 0.4520132 0.8840062 0.1192367 0.6109347 0.7785161 0.1437762 0.6162955 0.7717275 0.1568968 0.4530564 0.8557868 0.249738 0.3802993 0.659977 0.647922 0.2089327 0.653136 0.7278465 0.3190749 0.1775588 0.930948 0.1565302 0.199775 0.9672581 0.04449647 -0.3792273 0.9242331 -0.1383738 0.2200431 0.9656261 -0.2309362 -0.3666231 0.9012525 -0.329634 0.2011497 0.9224318 -0.558746 0.1608973 0.8135816 -0.3407518 0.5784083 0.7411695 -0.3444086 0.853224 0.3916523 -0.1602246 0.9302183 0.3301848 -0.3005525 0.9436517 0.1385263 -0.816294 -0.5506559 -0.1744776 -0.05438518 -0.7793378 0.6242394 -0.8945816 -0.3956521 -0.2078059 -0.7474241 -0.5982139 -0.2889592 -0.6738974 -0.7286185 -0.1223825 -0.9092838 -0.2516599 -0.3314671 -0.8589931 -0.4139318 -0.301316 -0.02816885 -0.9995226 0.01269578 -0.05978649 -0.9896363 -0.1305598 -0.8451332 -0.1757286 0.5048459 -0.961571 -0.01016288 0.2743684 -0.9980127 0.06119126 0.015046 -0.8036108 -0.3308016 0.4947527 -0.6078481 -0.2925557 0.738195 -0.06186294 0.6102981 0.7897527 0.1131337 0.9286606 0.3532567 -0.1414263 -0.2624658 0.9545211 -0.3556958 -0.2937428 0.8872405 -0.5629542 -0.4193621 0.7121924 -0.6377991 -0.08337956 0.7656763 -0.5627102 0.1201229 0.81788 -0.8364666 0.1153926 0.5357317 -0.5833376 0.08261454 0.8080174 -0.2680218 0.2029238 0.9417995 -0.1629408 0.2257487 0.9604623 0.001098632 -0.1186577 0.9929346 0.2958177 -0.1174054 0.9480021 -0.1655356 0.06314402 0.9841803 -0.1643133 -0.0780366 0.9833166 -0.30879 0.05508655 0.9495337 -0.282033 -0.4290466 0.8581238 -0.5680953 -0.4621306 0.6809575 -0.7274262 -0.4958156 0.4743606 -0.6051418 -0.6753978 0.4214751 -0.3724274 -0.8141641 0.4454601 -0.1802185 -0.7689729 0.6133532 -0.08972489 -0.6135476 0.7845438 -0.2391778 -0.6042161 0.7600769 -0.1255853 -0.4367868 0.8907557 -0.3055593 -0.2523947 0.9181125 -0.6255412 -0.1370288 0.7680634 -0.857426 -0.03015255 0.5137231 -0.9621395 0.07467979 0.262127 -0.9512764 0.1669082 0.2592586 -0.8582702 0.06329751 0.5092794 -0.6120046 0.003112971 0.7908481 -0.3157531 -0.08005219 0.9454585 -0.1524747 -0.2527613 0.9554387 -0.4950301 -0.6359398 0.5920524 -0.2676488 -0.9578898 0.1039771 -0.3507581 -0.9361487 -0.02438491 -0.4935209 -0.8679877 -0.05508655 -0.6009539 -0.7559 -0.2597491 -0.4934923 -0.821236 -0.2864209 -0.4180197 -0.8902718 -0.1807644 -0.799073 -0.004150509 -0.6012198 -0.7326981 -0.02981692 -0.6799004 -0.6776426 0.1106311 -0.7270222 -0.5973489 0.1388921 -0.7898629 -0.6573181 0.07934933 -0.7494243 -0.6172865 0.08759081 -0.7818474 -0.6256715 -0.1018116 -0.7734143 -0.7563309 0.1114262 -0.64463 0 -0.639674 -0.7686464 0.1971839 -0.627198 -0.753486 0.1545206 -0.7943331 -0.5875019 0.3267755 -0.7835959 -0.5283893 -0.4577851 -0.1413335 -0.8777572 -0.4560255 -0.2794079 -0.8449687 -0.7144623 -0.1355677 -0.6864148 -0.6734164 -0.07605499 -0.7353408 -0.8136805 -0.1478365 -0.5621998 -0.8019862 -0.2640835 -0.5357968 -0.7040172 -0.2696067 -0.6570176 -0.7644438 -0.4313578 -0.4791203 -0.6724597 -0.4356614 -0.5983287 -0.6139839 -0.6060184 -0.5057326 -0.3973907 -0.6246978 -0.6721856 -0.3267703 -0.7835833 -0.5284113 -0.1971839 -0.627198 -0.753486 -0.1545476 -0.7943151 -0.5875191 -3.05195e-5 -0.808003 -0.5891784 0.1298575 -0.8564186 -0.4996843 0.2557553 -0.8478991 -0.4643882 0.5015255 -0.7324353 -0.4604463 0.6139934 -0.6060278 -0.5057098 0.710636 -0.5605434 -0.4251914 0.7644438 -0.4313578 -0.4791203 0.6724308 -0.4356623 -0.5983605 0.7040467 -0.2696063 -0.6569861 0.4560738 -0.2794001 -0.8449451 0.7144623 -0.1355677 -0.6864148 0.4577851 -0.1413335 -0.8777572 0.6734164 -0.07605499 -0.7353408 0.4576977 -0.04397827 -0.8880196 0.4325131 -0.008484184 -0.9015877 0.2394521 -0.05453741 -0.9693753 0.2321569 -0.004852473 -0.9726663 0 -0.03555434 -0.9993678 0 -0.01541185 -0.9998813 -0.2321569 -0.004852473 -0.9726663 -0.2394521 -0.05453741 -0.9693753 -0.4325131 -0.008484184 -0.9015877 -0.4576977 -0.04397827 -0.8880196 -0.2469306 -0.1665736 -0.9546092 -0.2392975 -0.2844347 -0.9283499 0 -0.2931357 -0.9560708 -0.2260522 -0.4374555 -0.8703638 0 -0.4494827 -0.893289 0.2260233 -0.4374585 -0.8703697 0.397383 -0.6247164 -0.6721728 0.436787 -0.4358409 -0.7869307 0.2392996 -0.2844067 -0.928358 0.2469306 -0.1665736 -0.9546092 0 -0.1585166 -0.9873564 -0.4368468 -0.4358397 -0.7868981 0.8136628 -0.1478638 -0.5622181 0.8020167 -0.2640529 -0.5357663 -0.710636 -0.5605434 -0.4251914 -0.5015184 -0.732425 -0.4604704 -0.2557196 -0.8478817 -0.4644397 -0.1298589 -0.8563973 -0.4997203 0 -0.86817 -0.4962671 -0.3218548 0.7911171 -0.5201377 -0.4375804 0.4375194 -0.7855573 0.07996171 0.5444721 -0.8349589 -0.2163482 0.3848734 -0.8972547 -0.2678348 0.9370251 -0.2241621 -0.2738503 0.9374942 -0.2147343 -0.5416923 0.7744347 -0.3268343 -0.6519502 0.3931477 -0.6483795 -0.4239081 0.07959342 -0.9022011 -0.3524366 0.377798 -0.8561876 -0.4062687 0.2576107 -0.8766884 -0.2307219 0.06335693 -0.9709548 -0.1569601 0.1261662 -0.979513 -0.1499715 0.1526877 -0.9768291 -0.2393647 0.1679185 -0.9562991 -0.324851 0.1630054 -0.931612 0.9625802 0.2429645 -0.1200326 0.9801878 0.1951097 -0.03412055 0.8362928 0.3358966 -0.4333451 0.2976238 0.03357112 -0.9540928 0.3466995 -0.6167039 -0.7067359 0.4778132 -0.623025 -0.6193016 0.03839313 -0.8986691 -0.4369437 0.1635231 -0.9165902 -0.3648599 0.1059618 -0.9370544 -0.3327178 0.2044814 -0.9731182 -0.1059641 0.193641 -0.9627727 -0.1886054 0.2151627 -0.9236738 -0.3170675 0.6338889 -0.7593237 -0.1470121 0.6431948 -0.7223315 -0.2540429 0.8944903 -0.4419195 -0.06778335 0.8837684 -0.432576 -0.1784139 0.9838836 -0.1715189 0.05054008 0.9865856 -0.1210991 -0.1094714 0.8034701 0.03784334 -0.5941412 0.236068 0.3654094 -0.9004155 0.1413957 0.1998706 -0.9695664 -0.2520911 0.5899116 -0.7671079 0.1013857 0.1078558 -0.9889834 -0.08508658 0.6809979 -0.7273254 0.05768162 0.01458823 -0.9982284 -0.2226061 0.6208191 -0.7516849 0.07684665 0.1803059 -0.9806041 -0.2250182 0.6876592 -0.6902838 -0.1343758 0.6600075 -0.7391436 -0.4129812 0.7564404 -0.5071929 -0.4568184 0.6753698 -0.5789581 -0.3922036 0.6364802 -0.6641306 -0.06494367 0.8312364 -0.5521128 -0.4555647 0.700026 -0.5499312 -0.4966051 0.471427 -0.7287936 0.2461056 0.5415909 -0.8038106 0.777355 0.3553658 -0.5190708 0.7930478 0.3608009 -0.4908137 0.9400454 0.3106221 -0.1408145 0.7548015 0.6488388 -0.09634917 0.6054067 0.6566787 -0.4497289 -0.05755919 0.6441076 -0.7627663 -0.03235012 0.5060665 -0.8618877 -0.5780417 0.363977 -0.7303346 -0.4284272 0.7326111 -0.5288961 0.1475912 0.5993987 -0.7867261 -0.2957627 0.7301138 -0.616002 -0.7137313 0.5157507 -0.4739083 -0.5504712 0.7475628 -0.3716604 0.08447718 -0.767009 -0.6360511 0.2176638 -0.6596754 -0.7193406 0.5370501 -0.4459802 -0.7160161 0.7409131 -0.1939796 -0.6429772 -0.5976009 0.8017453 0.008820056 -0.7054587 0.7051841 -0.07101893 -0.6665419 0.7454649 -0.002014219 -0.8386053 0.5415624 0.05874931 -0.8605715 0.5041109 0.07272648 -0.7217202 0.6824418 -0.1157291 -0.7014617 0.7114416 -0.04245269 -0.4924945 0.8324217 -0.2540145 -0.4683492 0.8238686 -0.3192014 -0.6337406 0.7521569 -0.1806458 -0.714092 0.6772552 -0.1771954 -0.7068586 0.7034404 -0.07431459 -0.5064967 0.8574676 -0.09061151 -0.6475885 0.7613033 -0.03235042 -0.4364501 0.8970101 -0.06988817 -0.8823323 0.4616596 -0.09143465 -0.5621005 0.647615 -0.5144297 -0.6142345 0.5171522 -0.596045 -0.5824537 0.4009577 -0.7070931 0.277084 0.3845422 -0.8805406 0.2398473 0.1750253 -0.9549029 0.6522553 0.01333683 -0.7578821 0.6251046 0.2854813 -0.7264605 0.1668197 0.6861093 -0.708114 0.5011883 0.6597056 -0.5599991 -0.276993 0.384604 -0.8805423 0.5479096 0.5620093 -0.6196294 -0.2400051 0.1750291 -0.9548625 -0.6522221 0.01339781 -0.7579095 -0.6250042 0.2854163 -0.7265723 0.647188 0.7616347 -0.03256386 0.4360635 0.8971836 -0.07007288 0.5063408 0.8575534 -0.09067195 0.7066711 0.7036191 -0.07440567 0.6337589 0.7521424 -0.1806423 0.7140881 0.6772515 -0.1772249 0.4683254 0.8238804 -0.3192059 0.4924821 0.8324311 -0.2540081 0.7217202 0.6824418 -0.1157291 0.7014773 0.7114264 -0.04245179 0.8605715 0.5041109 0.07272648 0.8386053 0.5415624 0.05874931 0.5350995 0.8412108 -0.07767224 0.5975863 0.8017562 0.008819878 0.6265569 0.7729875 -0.09958374 0.6142345 0.5171522 -0.596045 -0.1668198 0.6861402 -0.7080839 -0.5011867 0.6597341 -0.5599668 0.5620685 0.6476438 -0.5144283 0.8823323 0.4616596 -0.09143465 0.2225763 0.6207903 -0.7517176 0.2250182 0.6875675 -0.6903752 -0.07730567 0.1805224 -0.9805282 -0.05771207 0.01458823 -0.9982268 -0.3469404 -0.6165761 -0.7067294 -0.08469206 -0.7664709 -0.6366708 -0.1066938 -0.9361342 -0.3350661 -0.2151298 -0.9237245 -0.3169419 -0.2175424 -0.6596466 -0.7194036 -0.6412993 -0.7240368 -0.2539805 -0.5361938 -0.4458871 -0.7167155 -0.8816339 -0.4351404 -0.1826869 -0.7404367 -0.1922126 -0.6440558 -0.9864888 -0.1225939 -0.1086773 -0.8034846 0.03784406 -0.5941215 -0.8363014 0.3358695 -0.4333495 -0.236068 0.3654094 -0.9004155 -0.2461056 0.5415909 -0.8038106 -0.7774496 0.3552451 -0.5190119 -0.1476211 0.5993961 -0.7867226 0.2957627 0.7301138 -0.616002 0.4284617 0.7325875 -0.5289011 0.5505451 0.7474889 -0.3716996 0.7137472 0.5157096 -0.4739291 0.496609 0.4714612 -0.7287689 0.455589 0.7000164 -0.5499235 0.08508658 0.6809979 -0.7273254 -0.1014155 0.1078856 -0.988977 0.2520911 0.5899116 -0.7671079 -0.1413957 0.1998706 -0.9695664 0.06491327 0.8312379 -0.5521139 0.3921774 0.6364567 -0.6641685 0.4567272 0.6754313 -0.5789585 0.4128957 0.756482 -0.5072004 0.1346186 0.6600007 -0.7391055 -0.2982348 0.03415107 -0.9538815 -0.478639 -0.6227526 -0.6189377 -0.03836268 -0.8986999 -0.4368829 -0.1643453 -0.9162746 -0.365283 -0.2032243 -0.9729072 -0.1102337 -0.1935495 -0.9627732 -0.188697 -0.634212 -0.758912 -0.1477417 -0.895081 -0.4402463 -0.0708056 -0.9837186 -0.1731342 0.04818946 -0.9801878 0.1951097 -0.03412055 -0.9625837 0.2429654 -0.1200025 -0.7930189 0.3608627 -0.4908148 0.03238064 0.5060659 -0.8618868 0.578062 0.3639706 -0.7303217 0.05761957 0.6440396 -0.7628191 -0.6053475 0.6567112 -0.4497608 -0.7547304 0.6489216 -0.09634786 -0.9400231 0.3107164 -0.1407547 -0.635264 0.5181606 -0.5726685 -0.4257366 0.8114631 -0.400345 -0.2942389 0.5905836 -0.7514217 -0.7019658 0.4488114 -0.553003 -0.4202497 0.4355704 -0.796033 0.3463961 0.436276 -0.8304656 0.2224557 0.09897434 -0.969906 0.6933624 0.002349913 -0.7205854 0.5435793 -0.3784089 -0.7492185 -0.5658003 0.2183972 -0.7950929 -0.6622058 0.09436535 -0.7433564 -0.6507952 0.4333752 -0.6234194 -0.6931496 -0.03558522 -0.7199149 -0.6912252 0.3771845 -0.6163926 -0.5269439 0.1516802 -0.8362555 -0.5865209 0.4169859 -0.6943458 -0.4678535 0.4474364 -0.762177 -0.3659313 0.1508284 -0.9183382 0.2510823 -0.1885482 -0.9494248 -0.0478546 -0.5119346 -0.8576904 0.2042005 -0.6755311 -0.7084913 0.03174024 -0.8687676 -0.494202 -0.1696229 -0.9436992 -0.284007 0.003692805 -0.976288 -0.2164442 -0.04449659 -0.920757 -0.3875908 0.02044755 -0.9496232 -0.3127262 0.3026906 -0.707163 -0.6389828 0.3800272 -0.7146415 -0.5872537 0.6464673 -0.3864093 -0.6578511 0.770155 -0.04873931 -0.6359921 0.7056909 0.3131555 -0.6355582 0.6511391 0.444734 -0.6150038 0.279467 0.5625964 -0.778064 -0.3103523 0.732833 -0.6055058 -0.3020468 0.9345843 -0.1879362 -0.4192401 -0.7503413 -0.5111025 -0.3478894 -0.6401423 -0.6849751 -0.07312309 -0.4180776 -0.9054635 0.04480189 -0.1443549 -0.9885113 0.2160763 0.3847867 -0.8973574 0.4374666 0.4374971 -0.7856332 -0.079961 0.5444367 -0.834982 0.321825 0.7910884 -0.5201999 0.2738785 0.9374862 -0.2147325 0.2678329 0.9370186 -0.2241911 0.5416942 0.7744069 -0.3268966 0.6519197 0.3931478 -0.64841 0.4239112 0.0795024 -0.9022077 0.3523461 0.3777382 -0.8562512 0.4062101 0.2575817 -0.8767241 0.2305688 0.06347888 -0.9709833 0.1569303 0.1261668 -0.9795177 0.1499423 0.1526586 -0.9768381 0.2394518 0.1680679 -0.9562511 0.3247551 0.1630947 -0.9316299 0.7326981 -0.02981692 -0.6799004 0.5973489 0.1388921 -0.7898629 0.6776284 0.1106033 -0.7270398 0.6572873 0.07931882 -0.7494546 0.6172881 0.08756053 -0.7818495 0.6256715 -0.1018116 -0.7734143 0.7563263 0.1113034 -0.6446566 0.7990875 -0.004211664 -0.6012002 0.8122646 -0.09409022 -0.5756504 0.6957781 -0.01693814 -0.7180572 0.8023228 0.1735329 -0.5711082 0.8647711 0.3279324 -0.3803039 0.6496018 -0.08978754 -0.7549541 0.8094371 0.2974121 -0.5063178 0.6378782 -0.1562269 -0.7541251 0.7903619 0.2610632 -0.554233 0.6231785 -0.2434849 -0.7432118 0.7468051 0.2545913 -0.6143823 0.6765867 -0.2288352 -0.6999036 0.7783966 0.1816207 -0.6009265 0.7777261 0.1001036 -0.6205817 0.7666395 -0.03625667 -0.6410534 0.3994308 -0.6557892 -0.6406213 0.3541514 -0.5931516 -0.7230132 0.3379963 -0.5139985 -0.7883934 0.342183 -0.4324287 -0.834216 0.3695912 -0.3416659 -0.8640989 0.7487937 0.0786485 -0.6581205 0.7920631 0.102117 -0.6018373 0.7996963 0.1152712 -0.5892355 0.7957715 0.1936477 -0.5738016 0.8007136 0.2804145 -0.5293633</float_array>
          <technique_common>
            <accessor source="#chr631_2-mesh-normals-array" count="1095" stride="3">
              <param name="X" type="float"/>
              <param name="Y" type="float"/>
              <param name="Z" type="float"/>
            </accessor>
          </technique_common>
        </source>
        <vertices id="chr631_2-mesh-vertices">
          <input semantic="POSITION" source="#chr631_2-mesh-positions"/>
        </vertices>
        <polylist material="chr631_mat_002-material" count="1544">
          <input semantic="VERTEX" source="#chr631_2-mesh-vertices" offset="0"/>
          <input semantic="NORMAL" source="#chr631_2-mesh-normals" offset="1"/>
          <vcount>3 3 3 3 3 3 3 3 3 3 3 3 3 3 3 3 3 3 3 3 3 3 3 3 3 3 3 3 3 3 3 3 3 3 3 3 3 3 3 3 3 3 3 3 3 3 3 3 3 3 3 3 3 3 3 3 3 3 3 3 3 3 3 3 3 3 3 3 3 3 3 3 3 3 3 3 3 3 3 3 3 3 3 3 3 3 3 3 3 3 3 3 3 3 3 3 3 3 3 3 3 3 3 3 3 3 3 3 3 3 3 3 3 3 3 3 3 3 3 3 3 3 3 3 3 3 3 3 3 3 3 3 3 3 3 3 3 3 3 3 3 3 3 3 3 3 3 3 3 3 3 3 3 3 3 3 3 3 3 3 3 3 3 3 3 3 3 3 3 3 3 3 3 3 3 3 3 3 3 3 3 3 3 3 3 3 3 3 3 3 3 3 3 3 3 3 3 3 3 3 3 3 3 3 3 3 3 3 3 3 3 3 3 3 3 3 3 3 3 3 3 3 3 3 3 3 3 3 3 3 3 3 3 3 3 3 3 3 3 3 3 3 3 3 3 3 3 3 3 3 3 3 3 3 3 3 3 3 3 3 3 3 3 3 3 3 3 3 3 3 3 3 3 3 3 3 3 3 3 3 3 3 3 3 3 3 3 3 3 3 3 3 3 3 3 3 3 3 3 3 3 3 3 3 3 3 3 3 3 3 3 3 3 3 3 3 3 3 3 3 3 3 3 3 3 3 3 3 3 3 3 3 3 3 3 3 3 3 3 3 3 3 3 3 3 3 3 3 3 3 3 3 3 3 3 3 3 3 3 3 3 3 3 3 3 3 3 3 3 3 3 3 3 3 3 3 3 3 3 3 3 3 3 3 3 3 3 3 3 3 3 3 3 3 3 3 3 3 3 3 3 3 3 3 3 3 3 3 3 3 3 3 3 3 3 3 3 3 3 3 3 3 3 3 3 3 3 3 3 3 3 3 3 3 3 3 3 3 3 3 3 3 3 3 3 3 3 3 3 3 3 3 3 3 3 3 3 3 3 3 3 3 3 3 3 3 3 3 3 3 3 3 3 3 3 3 3 3 3 3 3 3 3 3 3 3 3 3 3 3 3 3 3 3 3 3 3 3 3 3 3 3 3 3 3 3 3 3 3 3 3 3 3 3 3 3 3 3 3 3 3 3 3 3 3 3 3 3 3 3 3 3 3 3 3 3 3 3 3 3 3 3 3 3 3 3 3 3 3 3 3 3 3 3 3 3 3 3 3 3 3 3 3 3 3 3 3 3 3 3 3 3 3 3 3 3 3 3 3 3 3 3 3 3 3 3 3 3 3 3 3 3 3 3 3 3 3 3 3 3 3 3 3 3 3 3 3 3 3 3 3 3 3 3 3 3 3 3 3 3 3 3 3 3 3 3 3 3 3 3 3 3 3 3 3 3 3 3 3 3 3 3 3 3 3 3 3 3 3 3 3 3 3 3 3 3 3 3 3 3 3 3 3 3 3 3 3 3 3 3 3 3 3 3 3 3 3 3 3 3 3 3 3 3 3 3 3 3 3 3 3 3 3 3 3 3 3 3 3 3 3 3 3 3 3 3 3 3 3 3 3 3 3 3 3 3 3 3 3 3 3 3 3 3 3 3 3 3 3 3 3 3 3 3 3 3 3 3 3 3 3 3 3 3 3 3 3 3 3 3 3 3 3 3 3 3 3 3 3 3 3 3 3 3 3 3 3 3 3 3 3 3 3 3 3 3 3 3 3 3 3 3 3 3 3 3 3 3 3 3 3 3 3 3 3 3 3 3 3 3 3 3 3 3 3 3 3 3 3 3 3 3 3 3 3 3 3 3 3 3 3 3 3 3 3 3 3 3 3 3 3 3 3 3 3 3 3 3 3 3 3 3 3 3 3 3 3 3 3 3 3 3 3 3 3 3 3 3 3 3 3 3 3 3 3 3 3 3 3 3 3 3 3 3 3 3 3 3 3 3 3 3 3 3 3 3 3 3 3 3 3 3 3 3 3 3 3 3 3 3 3 3 3 3 3 3 3 3 3 3 3 3 3 3 3 3 3 3 3 3 3 3 3 3 3 3 3 3 3 3 3 3 3 3 3 3 3 3 3 3 3 3 3 3 3 3 3 3 3 3 3 3 3 3 3 3 3 3 3 3 3 3 3 3 3 3 3 3 3 3 3 3 3 3 3 3 3 3 3 3 3 3 3 3 3 3 3 3 3 3 3 3 3 3 3 3 3 3 3 3 3 3 3 3 3 3 3 3 3 3 3 3 3 3 3 3 3 3 3 3 3 3 3 3 3 3 3 3 3 3 3 3 3 3 3 3 3 3 3 3 3 3 3 3 3 3 3 3 3 3 3 3 3 3 3 3 3 3 3 3 3 3 3 3 3 3 3 3 3 3 3 3 3 3 3 3 3 3 3 3 3 3 3 3 3 3 3 3 3 3 3 3 3 3 3 3 3 3 3 3 3 3 3 3 3 3 3 3 3 3 3 3 3 3 3 3 3 3 3 3 3 3 3 3 3 3 3 3 3 3 3 3 3 3 3 3 3 3 3 3 3 3 3 3 3 3 3 3 3 3 3 3 3 3 3 3 3 3 3 3 3 3 3 3 3 3 3 3 3 3 3 3 3 3 3 3 3 3 3 3 3 3 3 3 3 3 3 3 3 3 3 3 3 3 3 3 3 3 3 3 3 3 3 3 3 3 3 3 3 3 3 3 3 3 3 3 3 3 3 3 3 3 3 3 3 3 3 3 3 3 3 3 3 3 3 3 3 3 3 3 3 3 3 3 3 3 3 3 3 3 3 3 3 3 3 3 3 3 3 3 3 3 3 3 3 3 3 3 3 3 3 3 3 3 3 3 3 3 3 3 3 3 3 3 3 3 3 3 3 3 3 3 3 3 3 3 3 3 3 3 3 3 3 3 3 3 3 3 3 3 3 3 3 3 3 3 3 3 3 3 3 3 3 3 3 3 3 3 3 3 3 3 3 3 3 3 3 3 3 3 3 3 3 3 3 3 3 3 3 3 3 3 3 3 3 3 3 3 3 3 3 3 3 3 3 3 3 3 3 3 3 3 3 3 3 3 3 3 3 3 3 3 3 3 3 3 3 3 3 3 3 3 3 3 3 3 3 3 3 3 3 3 3 3 3 3 3 3 3 3 3 3 3 3 3 3 3 3 3 3 3 3 3 3 3 3 3 3 3 3 3 3 3 3 3 3 3 3 3 3 3 3 3 3 3 3 3 3 3 3 3 3 3 3 3 3 3 3 3 3 3 3 3 3 3 3 3 3 3 3 3 3 3 3 3 3 3 3 3 3 3 3 3 3 3 3 3 3 3 3 3 3 3 3 3 3 3 3 3 3 3 3 3 3 3 3 3 3 3 3 3 3 3 3 3 3 3 3 3 3 3 3 3 3 3 3 3 3 3 3 3 3 3 3 3 3 3 3 3 3 3 3 3 3 </vcount>
          <p>722 0 723 1 724 2 724 2 723 1 725 3 60 4 58 5 57 6 57 6 58 5 59 7 57 6 59 7 62 8 62 8 59 7 70 9 62 8 70 9 74 10 62 8 74 10 72 11 62 8 72 11 57 6 57 6 72 11 61 12 57 6 61 12 60 4 60 4 61 12 89 13 60 4 89 13 95 14 95 14 89 13 96 15 96 15 89 13 91 16 91 16 89 13 88 17 91 16 88 17 90 18 90 18 88 17 86 19 90 18 86 19 997 20 997 20 86 19 996 21 997 20 996 21 1002 22 1002 22 996 21 1001 23 1002 22 1001 23 1003 24 1002 22 1003 24 989 25 989 25 1003 24 993 26 989 25 993 26 939 27 989 25 939 27 938 28 938 28 939 27 937 29 938 28 937 29 936 30 936 30 937 29 726 31 936 30 726 31 719 32 719 32 726 31 727 33 719 32 727 33 720 34 719 32 720 34 40 35 40 35 720 34 378 36 40 35 378 36 379 37 40 35 379 37 39 38 39 38 379 37 102 39 39 38 102 39 49 40 39 38 49 40 35 41 35 41 49 40 47 42 35 41 47 42 48 43 35 41 48 43 36 44 36 44 48 43 99 45 36 44 99 45 92 46 92 46 99 45 91 16 92 46 91 16 90 18 92 46 90 18 998 47 998 47 90 18 997 20 998 47 997 20 999 48 999 48 997 20 1002 22 999 48 1002 22 1000 49 1000 49 1002 22 989 25 1000 49 989 25 934 50 934 50 989 25 938 28 934 50 938 28 936 30 934 50 936 30 935 51 935 51 936 30 719 32 935 51 719 32 37 52 37 52 719 32 40 35 37 52 40 35 35 41 35 41 40 35 39 38 96 15 91 16 99 45 934 50 935 51 37 52 934 50 37 52 38 53 37 52 35 41 36 44 37 52 36 44 38 53 38 53 36 44 92 46 38 53 92 46 998 47 38 53 998 47 934 50 934 50 998 47 1000 49 1000 49 998 47 999 48 74 10 73 54 72 11 72 11 73 54 71 55 72 11 71 55 61 12 61 12 71 55 88 17 61 12 88 17 89 13 1001 23 996 21 87 56 87 56 996 21 86 19 87 56 86 19 73 54 73 54 86 19 71 55 71 55 86 19 88 17 5 57 6 58 7 59 7 59 6 58 8 60 8 60 6 58 27 61 9 62 5 57 10 63 10 63 5 57 7 59 10 63 7 59 11 64 11 64 7 59 913 65 11 64 913 65 920 66 920 66 913 65 912 67 920 66 912 67 925 68 925 68 912 67 1016 69 1016 69 912 67 1017 70 1017 70 912 67 1009 71 913 65 7 59 912 67 912 67 7 59 8 60 912 67 8 60 1009 71 1009 71 8 60 27 61 1009 71 27 61 26 72 26 72 27 61 25 73 26 72 25 73 23 74 23 74 25 73 24 75 23 74 24 75 19 76 19 76 24 75 29 77 19 76 29 77 15 78 19 76 15 78 17 79 17 79 15 78 16 80 17 79 16 80 166 81 166 81 16 80 165 82 166 81 165 82 22 83 166 81 22 83 18 84 18 84 22 83 21 85 18 84 21 85 20 86 20 86 21 85 914 87 20 86 914 87 23 74 23 74 914 87 26 72 26 72 914 87 1014 88 26 72 1014 88 1009 71 1009 71 1014 88 1015 89 1009 71 1015 89 1017 70 1017 70 1015 89 1013 90 1017 70 1013 90 1016 69 1016 69 1013 90 1027 91 1016 69 1027 91 924 92 1016 69 924 92 925 68 925 68 924 92 921 93 925 68 921 93 920 66 920 66 921 93 507 94 920 66 507 94 11 64 11 64 507 94 506 95 11 64 506 95 32 96 11 64 32 96 10 63 10 63 32 96 33 97 10 63 33 97 9 62 9 62 33 97 34 98 9 62 34 98 14 99 9 62 14 99 5 57 5 57 14 99 12 100 5 57 12 100 13 101 5 57 13 101 6 58 6 58 13 101 31 102 6 58 31 102 27 61 27 61 31 102 25 73 25 73 31 102 30 103 25 73 30 103 24 75 24 75 30 103 28 104 24 75 28 104 29 77 17 79 166 81 18 84 17 79 18 84 19 76 19 76 18 84 20 86 19 76 20 86 23 74 1013 90 1015 89 1014 88 512 105 506 95 507 94 1028 106 1027 91 1013 90 1028 106 1013 90 1022 107 1022 107 1013 90 1012 108 1012 108 1013 90 1014 88 1012 108 1014 88 914 87 1012 108 914 87 915 109 915 109 914 87 21 85 915 109 1022 107 1012 108 1056 110 1059 111 1060 112 1056 110 1060 112 1055 113 1055 113 1060 112 962 114 1067 115 1068 116 1058 117 1058 117 1068 116 1059 111 1058 117 1059 111 1057 118 1057 118 1059 111 1056 110 1057 118 1056 110 1053 119 1053 119 1056 110 1055 113 1053 119 1055 113 310 120 310 120 1055 113 962 114 310 120 962 114 309 121 309 121 962 114 307 122 309 121 307 122 297 123 297 123 307 122 299 124 297 123 299 124 294 125 294 125 299 124 298 126 294 125 298 126 295 127 295 127 298 126 304 128 304 128 298 126 305 129 305 129 298 126 299 124 305 129 299 124 306 130 306 130 299 124 307 122 306 130 307 122 962 114 306 130 962 114 963 131 963 131 962 114 1060 112 963 131 1060 112 1064 132 1064 132 1060 112 1059 111 1064 132 1059 111 1068 116 972 133 1067 115 1058 117 312 134 1053 119 310 120 312 134 310 120 311 135 311 135 310 120 309 121 311 135 309 121 308 136 308 136 309 121 297 123 308 136 297 123 296 137 296 137 297 123 294 125 296 137 294 125 293 138 293 138 294 125 295 127 296 137 323 139 308 136 308 136 323 139 322 140 308 136 322 140 311 135 311 135 322 140 325 141 311 135 325 141 312 134 284 142 481 143 484 144 284 142 484 144 285 145 285 145 484 144 765 146 285 145 765 146 764 147 285 145 764 147 961 148 961 148 764 147 970 149 961 148 970 149 971 150 971 150 970 149 972 133 971 150 972 133 1058 117 971 150 1058 117 959 151 959 151 1058 117 1057 118 959 151 1057 118 1053 119 959 151 1053 119 282 152 282 152 1053 119 312 134 282 152 312 134 273 153 273 153 312 134 325 141 273 153 325 141 274 154 273 153 274 154 275 155 275 155 274 154 276 156 275 155 276 156 278 157 278 157 276 156 277 158 278 157 277 158 331 159 331 159 277 158 332 160 971 150 959 151 961 148 282 152 273 153 283 161 282 152 283 161 959 151 959 151 283 161 960 162 959 151 960 162 961 148 961 148 960 162 285 145 285 145 960 162 283 161 285 145 283 161 284 142 284 142 283 161 275 155 284 142 275 155 278 157 284 142 278 157 481 143 481 143 278 157 331 159 273 153 275 155 283 161 930 163 929 164 56 165 930 163 56 165 943 166 930 163 943 166 940 167 1004 168 85 169 50 170 50 170 85 169 51 171 50 170 51 171 52 172 52 172 51 171 53 173 52 172 53 173 54 174 54 174 53 173 55 175 54 174 55 175 105 176 54 174 105 176 106 177 54 174 106 177 696 178 54 174 696 178 56 165 54 174 56 165 52 172 52 172 56 165 929 164 52 172 929 164 928 179 928 179 929 164 930 163 928 179 930 163 941 180 941 180 930 163 940 167 941 180 940 167 942 181 941 180 942 181 991 182 991 182 942 181 992 183 991 182 992 183 1008 184 991 182 1008 184 1007 185 1007 185 1008 184 995 186 1007 185 995 186 994 187 994 187 995 186 933 188 994 187 933 188 931 189 931 189 933 188 932 190 931 189 932 190 82 191 931 189 82 191 80 192 80 192 82 191 81 193 80 192 81 193 79 194 80 192 79 194 83 195 80 192 83 195 84 196 84 196 83 195 85 169 84 196 85 169 1004 168 84 196 1004 168 990 197 990 197 1004 168 1005 198 990 197 1005 198 1007 185 1007 185 1005 198 1006 199 1007 185 1006 199 991 182 991 182 1006 199 928 179 991 182 928 179 941 180 80 192 84 196 931 189 931 189 84 196 990 197 931 189 990 197 994 187 994 187 990 197 1007 185 50 170 52 172 928 179 50 170 928 179 1004 168 1004 168 928 179 1006 199 1004 168 1006 199 1005 198 1036 200 1035 201 1033 202 204 203 203 204 201 205 201 205 203 204 202 206 201 205 202 206 200 207 200 207 202 206 1031 208 200 207 1031 208 254 209 254 209 1031 208 1033 202 254 209 1033 202 252 210 252 210 1033 202 1035 201 252 210 1035 201 976 211 976 211 1035 201 1040 212 1040 212 1035 201 1039 213 1039 213 1035 201 1036 200 1039 213 1036 200 1037 214 1037 214 1036 200 1033 202 1037 214 1033 202 1034 215 1034 215 1033 202 1031 208 1034 215 1031 208 202 206 1034 215 202 206 973 216 973 216 202 206 205 217 973 216 205 217 974 218 973 216 974 218 1034 215 1034 215 974 218 985 219 1034 215 985 219 1038 220 1034 215 1038 220 1037 214 1037 214 1038 220 1039 213 202 206 203 204 205 217 222 221 223 222 221 223 222 221 221 223 226 224 226 224 221 223 237 225 226 224 237 225 238 226 238 226 237 225 236 227 236 227 237 225 235 228 236 227 235 228 976 211 976 211 235 228 250 229 976 211 250 229 252 210 252 210 250 229 253 230 252 210 253 230 254 209 254 209 253 230 261 231 254 209 261 231 200 207 200 207 261 231 212 232 200 207 212 232 201 205 201 205 212 232 213 233 201 205 213 233 214 234 201 205 214 234 204 203 204 203 214 234 381 235 204 203 381 235 387 236 204 203 387 236 203 204 203 204 387 236 388 237 203 204 388 237 743 238 203 204 743 238 205 217 205 217 743 238 748 239 205 217 748 239 749 240 205 217 749 240 974 218 974 218 749 240 984 241 974 218 984 241 985 219 985 219 984 241 986 242 985 219 986 242 1038 220 1038 220 986 242 1051 243 1038 220 1051 243 1052 244 1038 220 1052 244 1039 213 1039 213 1052 244 1046 245 1039 213 1046 245 1040 212 1040 212 1046 245 975 246 1040 212 975 246 976 211 976 211 975 246 236 227 222 221 226 224 234 247 234 247 226 224 238 226 223 222 224 248 221 223 221 223 224 248 225 249 221 223 225 249 237 225 237 225 225 249 235 228 235 228 225 249 250 229 250 229 225 249 251 250 250 229 251 250 253 230 253 230 251 250 257 251 253 230 257 251 261 231 258 252 257 251 251 250 258 252 251 250 224 248 224 248 251 250 225 249 1023 253 1019 254 1025 255 172 256 173 257 174 258 174 258 173 257 175 259 174 258 175 259 917 260 174 258 917 260 916 261 916 261 917 260 922 262 916 261 922 262 1018 263 1018 263 922 262 926 264 1018 263 926 264 1026 265 1018 263 1026 265 1021 266 1021 266 1026 265 1025 255 1021 266 1025 255 1020 267 1020 267 1025 255 1019 254 1020 267 1019 254 1011 268 1020 267 1011 268 1021 266 1021 266 1011 268 1018 263 1018 263 1011 268 1010 269 1018 263 1010 269 174 258 1018 263 174 258 916 261 173 257 176 270 175 259 172 256 174 258 1010 269 172 256 1010 269 192 271 192 271 1010 269 1011 268 192 271 1011 268 189 272 189 272 1011 268 1019 254 189 272 1019 254 919 273 919 273 1019 254 1023 253 919 273 1023 253 918 274 918 274 1023 253 1024 275 1024 275 1023 253 1025 255 1024 275 1025 255 1030 276 1030 276 1025 255 1029 277 1029 277 1025 255 1026 265 1029 277 1026 265 927 278 927 278 1026 265 926 264 927 278 926 264 923 279 923 279 926 264 922 262 923 279 922 262 514 280 514 280 922 262 917 260 514 280 917 260 515 281 515 281 917 260 198 282 198 282 917 260 175 259 198 282 175 259 197 283 197 283 175 259 176 270 197 283 176 270 199 284 199 284 176 270 179 285 179 285 176 270 173 257 179 285 173 257 178 286 178 286 173 257 177 287 177 287 173 257 172 256 177 287 172 256 196 288 196 288 172 256 192 271 196 288 192 271 190 289 190 289 192 271 189 272 190 289 189 272 188 290 188 290 189 272 919 273 188 290 919 273 185 291 185 291 919 273 187 292 185 291 187 292 184 293 184 293 187 292 186 294 184 293 186 294 328 295 328 295 186 294 329 296 328 295 329 296 182 297 328 295 182 297 181 298 181 298 182 297 180 299 181 298 180 299 183 300 183 300 180 299 194 301 183 300 194 301 191 302 191 302 194 301 193 303 191 302 193 303 195 304 191 302 195 304 190 289 190 289 195 304 196 288 918 274 187 292 919 273 191 302 190 289 188 290 191 302 188 290 183 300 183 300 188 290 185 291 183 300 185 291 184 293 183 300 184 293 181 298 181 298 184 293 328 295 513 305 514 280 515 281 885 306 887 307 893 308 885 306 893 308 894 309 793 310 798 311 797 312 797 312 798 311 827 313 797 312 827 313 832 314 832 314 827 313 831 315 831 315 827 313 830 316 830 316 827 313 822 317 830 316 822 317 829 318 829 318 822 317 824 319 824 319 822 317 823 320 823 320 822 317 798 311 823 320 798 311 816 321 816 321 798 311 813 322 813 322 798 311 794 323 813 322 794 323 812 324 812 324 794 323 792 325 812 324 792 325 837 326 837 326 792 325 807 327 837 326 807 327 836 328 836 328 807 327 835 329 836 328 835 329 885 306 885 306 835 329 884 330 885 306 884 330 887 307 887 307 884 330 891 331 887 307 891 331 893 308 893 308 891 331 895 332 893 308 895 332 894 309 894 309 895 332 896 333 894 309 896 333 900 334 894 309 900 334 885 306 885 306 900 334 836 328 822 317 827 313 798 311 886 335 891 331 884 330 886 335 884 330 838 336 838 336 884 330 806 337 806 337 884 330 835 329 806 337 835 329 807 327 806 337 807 327 791 338 791 338 807 327 792 325 791 338 792 325 793 310 793 310 792 325 794 323 793 310 794 323 798 311 797 312 832 314 833 339 797 312 833 339 793 310 793 310 833 339 817 340 793 310 817 340 791 338 791 338 817 340 818 341 791 338 818 341 806 337 806 337 818 341 838 336 890 342 898 343 889 344 890 342 889 344 888 345 888 345 889 344 842 346 888 345 842 346 808 347 808 347 842 346 841 348 808 347 841 348 809 349 809 349 841 348 840 350 809 349 840 350 814 351 814 351 840 350 839 352 820 353 821 354 819 355 819 355 821 354 826 356 819 355 826 356 839 352 839 352 826 356 828 357 839 352 828 357 814 351 814 351 828 357 815 358 814 351 815 358 811 359 814 351 811 359 809 349 809 349 811 359 810 360 809 349 810 360 808 347 808 347 810 360 834 361 808 347 834 361 888 345 888 345 834 361 892 362 888 345 892 362 890 342 890 342 892 362 899 363 890 342 899 363 898 343 898 343 899 363 897 364 862 365 853 366 803 367 862 365 803 367 802 368 802 368 803 367 788 369 788 369 803 367 790 370 788 369 790 370 789 371 788 369 789 371 787 372 787 372 789 371 805 373 787 372 805 373 804 374 804 374 805 373 873 375 804 374 873 375 880 376 882 377 902 378 880 376 880 376 902 378 883 379 880 376 883 379 874 380 880 376 874 380 804 374 804 374 874 380 852 381 804 374 852 381 787 372 787 372 852 381 851 382 787 372 851 382 788 369 788 369 851 382 865 383 788 369 865 383 802 368 802 368 865 383 866 384 802 368 866 384 862 365 862 365 866 384 867 385 862 365 867 385 864 386 862 365 864 386 853 366 853 366 864 386 854 387 853 366 854 387 855 388 853 366 855 388 860 389 853 366 860 389 803 367 803 367 860 389 861 390 803 367 861 390 850 391 803 367 850 391 790 370 790 370 850 391 848 392 790 370 848 392 789 371 789 371 848 392 847 393 789 371 847 393 805 373 805 373 847 393 872 394 805 373 872 394 873 375 873 375 872 394 881 395 873 375 881 395 880 376 880 376 881 395 882 377 882 377 881 395 901 396 882 377 901 396 902 378 902 378 901 396 908 397 908 397 901 396 906 398 908 397 906 398 907 399 907 399 906 398 905 400 905 400 906 398 881 395 905 400 881 395 872 394 906 398 901 396 881 395 763 401 768 402 780 403 763 401 780 403 786 404 762 405 368 406 763 401 762 405 763 401 779 407 459 408 529 409 768 402 768 402 529 409 769 410 769 410 529 409 770 411 769 410 770 411 783 412 769 410 783 412 784 413 350 414 351 415 456 416 350 414 456 416 483 417 483 417 456 416 471 418 483 417 471 418 486 419 486 419 471 418 461 420 486 419 461 420 459 408 486 419 459 408 487 421 487 421 459 408 768 402 487 421 768 402 485 422 487 421 485 422 486 419 486 419 485 422 488 423 486 419 488 423 483 417 483 417 488 423 482 424 483 417 482 424 349 425 483 417 349 425 350 414 485 422 482 424 488 423 530 426 529 409 458 427 458 427 529 409 459 408 458 427 459 408 460 428 460 428 459 408 461 420 460 428 461 420 451 429 451 429 461 420 467 430 467 430 461 420 471 418 467 430 471 418 470 431 470 431 471 418 456 416 470 431 456 416 457 432 457 432 456 416 356 433 356 433 456 416 351 415 356 433 351 415 344 434 344 434 351 415 350 414 344 434 350 414 347 435 347 435 350 414 349 425 347 435 349 425 333 436 333 436 349 425 482 424 333 436 482 424 334 437 333 436 334 437 335 438 335 438 334 437 361 439 335 438 361 439 367 440 367 440 361 439 372 441 367 440 372 441 391 442 391 442 372 441 373 443 391 442 373 443 392 444 391 442 392 444 397 445 346 446 356 433 344 434 368 406 369 447 370 448 370 448 369 447 373 443 370 448 373 443 372 441 370 448 372 441 361 439 369 447 390 449 373 443 345 450 358 451 346 446 345 450 346 446 344 434 345 450 344 434 348 452 348 452 344 434 347 435 348 452 347 435 333 436 348 452 333 436 335 438 348 452 335 438 367 440 348 452 367 440 425 453 425 453 367 440 430 454 425 453 430 454 428 455 428 455 430 454 431 456 431 456 430 454 433 457 431 456 433 457 440 458 345 450 348 452 425 453 345 450 425 453 358 451 358 451 425 453 426 459 426 459 425 453 428 455 430 454 367 440 432 460 430 454 432 460 434 461 449 462 451 429 450 463 578 464 448 465 579 466 579 466 448 465 450 463 450 463 448 465 449 462 449 462 448 465 453 467 453 467 448 465 452 468 453 467 452 468 527 469 527 469 452 468 528 470 528 470 452 468 562 471 528 470 562 471 563 472 562 471 452 468 578 464 578 464 452 468 448 465 777 473 776 474 771 475 771 475 776 474 772 476 771 475 772 476 773 477 773 477 772 476 529 409 579 466 589 478 578 464 578 464 589 478 588 479 578 464 588 479 562 471 562 471 588 479 590 480 562 471 590 480 563 472 563 472 590 480 598 481 563 472 598 481 561 482 561 482 598 481 599 483 561 482 599 483 600 484 600 484 599 483 601 485 600 484 601 485 638 486 638 486 601 485 633 487 638 486 633 487 639 488 639 488 633 487 635 489 639 488 635 489 637 490 637 490 635 489 636 491 637 490 636 491 643 492 643 492 636 491 654 493 643 492 654 493 653 494 653 494 654 493 655 495 653 494 655 495 665 496 665 496 655 495 666 497 665 496 666 497 667 498 667 498 666 497 682 499 682 499 666 497 681 500 682 499 681 500 683 501 683 501 681 500 687 502 683 501 687 502 673 503 673 503 687 502 671 504 673 503 671 504 670 505 670 505 671 504 617 506 670 505 617 506 616 507 616 507 617 506 590 480 616 507 590 480 615 508 615 508 590 480 588 479 615 508 588 479 589 478 615 508 589 478 614 509 615 508 614 509 650 510 650 510 614 509 651 511 650 510 651 511 673 503 673 503 651 511 678 512 673 503 678 512 683 501 683 501 678 512 684 513 683 501 684 513 682 499 617 506 598 481 590 480 615 508 650 510 616 507 616 507 650 510 670 505 670 505 650 510 673 503 655 495 654 493 856 514 655 495 856 514 666 497 666 497 856 514 681 500 681 500 856 514 800 515 681 500 800 515 799 516 681 500 799 516 687 502 687 502 799 516 671 504 671 504 799 516 604 517 671 504 604 517 617 506 617 506 604 517 602 518 617 506 602 518 598 481 598 481 602 518 599 483 599 483 602 518 601 485 601 485 602 518 603 519 601 485 603 519 633 487 633 487 603 519 634 520 633 487 634 520 635 489 635 489 634 520 636 491 636 491 634 520 801 521 636 491 801 521 654 493 603 519 801 521 634 520 800 515 801 521 799 516 799 516 801 521 603 519 799 516 603 519 604 517 604 517 603 519 602 518 652 522 643 492 653 494 652 522 653 494 661 523 661 523 653 494 665 496 661 523 662 524 652 522 532 525 534 526 533 527 532 525 533 527 531 528 531 528 533 527 563 472 531 528 563 472 561 482 531 528 561 482 560 529 560 529 561 482 600 484 560 529 600 484 557 530 557 530 600 484 638 486 557 530 638 486 639 488 557 530 639 488 559 531 557 530 559 531 558 532 557 530 558 532 537 533 537 533 558 532 711 534 537 533 711 534 535 535 537 533 535 535 536 536 537 533 536 536 538 537 537 533 538 537 560 529 537 533 560 529 557 530 532 525 531 528 539 538 539 538 531 528 540 539 540 539 531 528 560 529 440 458 441 540 424 541 440 458 424 541 439 542 439 542 424 541 423 543 439 542 423 543 422 544 422 544 423 543 414 545 414 545 423 543 415 546 414 545 415 546 416 547 416 547 415 546 417 548 417 548 415 546 385 549 385 549 415 546 393 550 385 549 393 550 394 551 424 541 415 546 423 543 421 552 422 544 414 545 384 553 385 549 386 554 386 554 385 549 389 555 384 553 744 556 745 557 745 557 744 556 778 558 760 559 753 560 745 557 760 559 745 557 785 561 398 562 399 563 400 564 398 562 400 564 418 565 418 565 400 564 415 546 751 566 753 560 752 567 751 566 752 567 750 568 750 568 752 567 781 569 750 568 781 569 782 570 755 571 751 566 756 572 755 571 756 572 754 573 754 573 756 572 774 574 754 573 774 574 775 575 947 576 948 577 122 578 137 579 149 580 136 581 136 581 149 580 160 582 160 582 149 580 161 583 161 583 149 580 150 584 150 584 149 580 148 585 150 584 148 585 151 586 151 586 148 585 951 587 151 586 951 587 1083 588 1083 588 951 587 1086 589 1083 588 1086 589 1084 590 1084 590 1086 589 1089 591 1084 590 1089 591 1085 592 1085 592 1089 591 1091 593 1085 592 1091 593 947 576 947 576 1091 593 957 594 947 576 957 594 949 595 947 576 949 595 948 577 948 577 949 595 125 596 948 577 125 596 122 578 122 578 125 596 124 597 122 578 124 597 114 598 114 598 124 597 117 599 114 598 117 599 116 600 116 600 117 599 118 601 147 602 951 587 148 585 147 602 148 585 137 579 137 579 148 585 149 580 161 583 150 584 163 603 114 598 116 600 115 604 114 598 115 604 113 605 113 605 115 604 163 603 113 605 163 603 152 606 152 606 163 603 150 584 152 606 150 584 151 586 152 606 151 586 1074 607 1074 607 151 586 1083 588 1074 607 1083 588 1084 590 1074 607 1084 590 1085 592 1074 607 1085 592 947 576 1074 607 947 576 123 608 123 608 947 576 122 578 123 608 122 578 113 605 113 605 122 578 114 598 113 605 152 606 123 608 123 608 152 606 1074 607 363 609 118 601 336 610 336 610 118 601 117 599 336 610 117 599 472 611 472 611 117 599 124 597 472 611 124 597 476 612 476 612 124 597 125 596 476 612 125 596 737 613 737 613 125 596 736 614 736 614 125 596 949 595 736 614 949 595 950 615 950 615 949 595 957 594 950 615 957 594 958 616 958 616 957 594 1091 593 958 616 1091 593 1092 617 1092 617 1091 593 1090 618 1090 618 1091 593 1089 591 1090 618 1089 591 1087 619 1087 619 1089 591 1086 589 1087 619 1086 589 952 620 952 620 1086 589 951 587 952 620 951 587 146 621 146 621 951 587 147 602 146 621 147 602 139 622 139 622 147 602 137 579 139 622 137 579 135 623 135 623 137 579 136 581 135 623 136 581 133 624 135 623 133 624 134 625 135 623 134 625 138 626 138 626 134 625 144 627 138 626 144 627 145 628 138 626 145 628 139 622 139 622 145 628 146 621 138 626 139 622 135 623 733 629 732 630 730 631 401 632 732 630 733 629 401 632 733 629 396 633 396 633 733 629 377 634 396 633 377 634 380 635 396 633 380 635 395 636 395 636 380 635 366 637 395 636 366 637 429 638 429 638 366 637 427 639 436 640 395 636 429 638 436 640 429 638 437 641 437 641 429 638 438 642 437 641 438 642 443 643 437 641 443 643 436 640 404 644 406 645 405 646 404 644 405 646 401 632 404 644 401 632 402 647 402 647 401 632 396 633 402 647 396 633 395 636 402 647 395 636 435 648 435 648 395 636 436 640 435 648 436 640 442 649 435 648 442 649 408 650 408 650 442 649 419 651 408 650 419 651 407 652 407 652 419 651 420 653 402 647 435 648 404 644 404 644 435 648 408 650 404 644 408 650 407 652 404 644 407 652 406 645 658 654 659 655 656 656 656 656 659 655 657 657 656 656 657 657 646 658 646 658 657 657 660 659 660 659 657 657 664 660 660 659 664 660 825 661 825 661 664 660 668 662 825 661 668 662 680 663 680 663 668 662 685 664 680 663 685 664 679 665 679 665 685 664 686 666 679 665 686 666 677 667 679 665 677 667 676 668 679 665 676 668 675 669 675 669 676 668 672 670 675 669 672 670 674 671 674 671 672 670 611 672 674 671 611 672 609 673 609 673 611 672 610 674 609 673 610 674 608 675 608 675 610 674 606 676 608 675 606 676 607 677 607 677 606 676 568 678 607 677 568 678 570 679 570 679 568 678 544 680 570 679 544 680 551 681 551 681 544 680 550 682 551 681 550 682 552 683 552 683 550 682 548 684 552 683 548 684 690 685 690 685 548 684 547 686 690 685 547 686 694 687 694 687 547 686 721 688 694 687 721 688 729 689 729 689 721 688 730 631 730 631 721 688 742 690 730 631 742 690 733 629 733 629 742 690 735 691 733 629 735 691 734 692 733 629 734 692 376 693 733 629 376 693 377 634 377 634 376 693 375 694 377 634 375 694 380 635 380 635 375 694 364 695 380 635 364 695 366 637 366 637 364 695 359 696 366 637 359 696 427 639 427 639 359 696 360 697 360 697 359 696 357 698 357 698 359 696 354 699 357 698 354 699 343 700 343 700 354 699 342 701 343 700 342 701 341 702 341 702 342 701 340 703 341 702 340 703 462 704 462 704 340 703 353 705 462 704 353 705 473 706 473 706 353 705 474 707 473 706 474 707 475 708 475 708 474 707 337 709 475 708 337 709 339 710 339 710 337 709 338 711 339 710 338 711 365 712 365 712 338 711 364 695 365 712 364 695 375 694 365 712 375 694 376 693 679 665 675 669 680 663 680 663 675 669 674 671 608 675 607 677 596 713 677 667 649 714 676 668 551 681 552 683 570 679 570 679 552 683 569 715 570 679 569 715 607 677 607 677 569 715 596 713 596 713 569 715 597 716 596 713 597 716 621 717 596 713 621 717 608 675 608 675 621 717 609 673 552 683 690 685 577 718 552 683 577 718 569 715 569 715 577 718 576 719 569 715 576 719 597 716 669 720 685 664 668 662 669 720 668 662 663 721 663 721 668 662 664 660 663 721 664 660 657 657 663 721 657 657 659 655 542 722 545 723 544 680 544 680 545 723 550 682 550 682 545 723 549 724 550 682 549 724 548 684 548 684 549 724 547 686 547 686 549 724 742 690 547 686 742 690 721 688 544 680 568 678 567 725 544 680 567 725 542 722 542 722 567 725 566 726 340 703 342 701 353 705 353 705 342 701 352 727 353 705 352 727 474 707 474 707 352 727 337 709 337 709 352 727 355 728 337 709 355 728 338 711 338 711 355 728 364 695 364 695 355 728 359 696 359 696 355 728 354 699 354 699 355 728 342 701 342 701 355 728 352 727 468 729 462 704 473 706 468 729 473 706 478 730 475 708 480 731 473 706 473 706 480 731 478 730 478 730 480 731 479 732 478 730 479 732 477 733 477 733 479 732 740 734 477 733 740 734 466 735 477 733 466 735 478 730 478 730 466 735 464 736 478 730 464 736 468 729 468 729 464 736 465 737 468 729 465 737 469 738 468 729 469 738 462 704 462 704 469 738 463 739 462 704 463 739 341 702 480 731 475 708 479 732 447 740 465 737 464 736 445 741 447 740 446 742 446 742 447 740 464 736 446 742 464 736 466 735 586 743 566 726 591 744 591 744 566 726 567 725 591 744 567 725 605 745 605 745 567 725 568 678 605 745 568 678 606 676 605 745 606 676 610 674 605 745 610 674 612 746 612 746 610 674 611 672 612 746 611 672 672 670 612 746 672 670 595 747 595 747 672 670 676 668 595 747 676 668 594 748 594 748 676 668 649 714 594 748 649 714 613 749 594 748 613 749 592 750 592 750 613 749 587 751 592 750 587 751 586 743 586 743 587 751 565 752 586 743 565 752 566 726 566 726 565 752 455 753 566 726 455 753 542 722 542 722 455 753 541 754 542 722 541 754 545 723 545 723 541 754 546 755 545 723 546 755 549 724 549 724 546 755 741 756 549 724 741 756 742 690 742 690 741 756 735 691 735 691 741 756 740 734 740 734 741 756 543 757 740 734 543 757 466 735 466 735 543 757 454 758 466 735 454 758 446 742 446 742 454 758 444 759 446 742 444 759 445 741 445 741 444 759 564 760 564 760 444 759 565 752 564 760 565 752 587 751 565 752 444 759 455 753 455 753 444 759 454 758 455 753 454 758 541 754 541 754 454 758 543 757 541 754 543 757 546 755 546 755 543 757 741 756 593 761 592 750 591 744 591 744 592 750 586 743 592 750 593 761 594 748 594 748 593 761 595 747 595 747 593 761 612 746 612 746 593 761 591 744 612 746 591 744 605 745 825 661 680 663 796 762 796 762 680 663 674 671 796 762 674 671 795 763 795 763 674 671 609 673 795 763 609 673 623 764 623 764 609 673 621 717 623 764 621 717 622 765 622 765 621 717 597 716 622 765 597 716 628 766 622 765 628 766 624 767 624 767 628 766 646 658 624 767 646 658 660 659 624 767 660 659 795 763 624 767 795 763 623 764 624 767 623 764 622 765 690 685 691 768 692 769 692 769 691 768 693 770 692 769 693 770 700 771 700 771 693 770 701 772 700 771 701 772 702 773 702 773 701 772 703 774 703 774 701 772 728 775 728 775 701 772 693 770 728 775 693 770 691 768 582 776 583 777 631 778 631 778 583 777 632 779 495 780 496 781 498 782 495 780 498 782 688 783 688 783 498 782 689 784 689 784 498 782 573 785 573 785 498 782 497 786 573 785 497 786 572 787 572 787 497 786 571 788 572 787 571 788 626 789 626 789 571 788 625 790 626 789 625 790 627 791 627 791 625 790 618 792 627 791 618 792 619 793 619 793 618 792 582 776 619 793 582 776 620 794 620 794 582 776 631 778 620 794 631 778 644 795 644 795 631 778 632 779 644 795 632 779 642 796 642 796 632 779 641 797 641 797 632 779 585 798 641 797 585 798 640 799 640 799 585 798 580 800 580 800 585 798 555 801 580 800 555 801 501 802 501 802 555 801 500 803 501 802 500 803 502 804 502 804 500 803 499 805 502 804 499 805 707 806 707 806 499 805 511 807 707 806 511 807 709 808 709 808 511 807 510 809 709 808 510 809 519 810 519 810 510 809 509 811 519 810 509 811 520 812 520 812 509 811 521 813 521 813 509 811 503 814 521 813 503 814 697 815 697 815 503 814 504 816 697 815 504 816 688 783 688 783 504 816 495 780 495 780 504 816 490 817 495 780 490 817 489 818 489 818 490 817 491 819 489 818 491 819 574 820 574 820 491 819 554 821 574 820 554 821 582 776 582 776 554 821 553 822 582 776 553 822 583 777 583 777 553 822 584 823 583 777 584 823 632 779 632 779 584 823 585 798 585 798 584 823 555 801 555 801 584 823 556 824 555 801 556 824 500 803 500 803 556 824 493 825 500 803 493 825 499 805 499 805 493 825 494 826 499 805 494 826 511 807 511 807 494 826 510 809 510 809 494 826 492 827 510 809 492 827 509 811 509 811 492 827 503 814 503 814 492 827 490 817 503 814 490 817 504 816 553 822 554 821 491 819 490 817 492 827 491 819 491 819 492 827 494 826 491 819 494 826 493 825 491 819 493 825 553 822 553 822 493 825 556 824 553 822 556 824 584 823 582 776 618 792 574 820 574 820 618 792 625 790 574 820 625 790 575 828 574 820 575 828 489 818 489 818 575 828 496 781 489 818 496 781 495 780 575 828 625 790 571 788 575 828 571 788 496 781 496 781 571 788 497 786 496 781 497 786 498 782 707 806 712 829 502 804 502 804 712 829 581 830 502 804 581 830 501 802 501 802 581 830 580 800 630 831 572 787 626 789 630 831 626 789 629 832 629 832 626 789 627 791 629 832 627 791 645 833 645 833 627 791 648 834 648 834 627 791 619 793 648 834 619 793 620 794 648 834 620 794 647 835 647 835 620 794 644 795 403 836 2 837 4 838 4 838 2 837 3 839 409 840 410 841 0 842 409 840 0 842 403 836 403 836 0 842 2 837 2 837 0 842 1 843 2 837 1 843 505 844 695 845 3 839 2 837 695 845 2 837 698 846 698 846 2 837 505 844 698 846 505 844 522 847 522 847 505 844 525 848 522 847 525 848 523 849 522 847 523 849 524 850 522 847 524 850 699 851 522 847 699 851 698 846 302 852 314 853 313 854 326 855 272 856 761 857 761 857 272 856 767 858 767 858 272 856 766 859 766 859 272 856 966 860 766 859 966 860 968 861 968 861 966 860 967 862 967 862 966 860 969 863 967 862 969 863 1072 864 1072 864 969 863 1071 865 1072 864 1071 865 1070 866 1070 866 1071 865 1069 867 1070 866 1069 867 1066 868 1066 868 1069 867 1065 869 1066 868 1065 869 314 853 314 853 1065 869 313 854 313 854 1065 869 1061 870 313 854 1061 870 317 871 317 871 1061 870 1054 872 317 871 1054 872 319 873 319 873 1054 872 269 874 319 873 269 874 267 875 267 875 269 874 268 876 267 875 268 876 266 877 266 877 268 876 271 878 266 877 271 878 270 879 270 879 271 878 371 880 270 879 371 880 327 881 270 879 327 881 281 882 270 879 281 882 266 877 266 877 281 882 279 883 266 877 279 883 280 884 266 877 280 884 267 875 267 875 280 884 324 885 267 875 324 885 319 873 319 873 324 885 318 886 319 873 318 886 317 871 317 871 318 886 315 887 317 871 315 887 313 854 313 854 315 887 303 888 313 854 303 888 302 852 302 852 303 888 291 889 302 852 291 889 301 890 301 890 291 889 300 891 300 891 291 889 292 892 300 891 292 892 288 893 288 893 292 892 286 894 288 893 286 894 287 895 287 895 286 894 289 896 289 896 286 894 290 897 289 896 290 897 316 898 316 898 290 897 315 887 316 898 315 887 318 886 316 898 318 886 321 899 321 899 318 886 324 885 271 878 272 856 326 855 271 878 326 855 371 880 303 888 315 887 290 897 303 888 290 897 291 889 291 889 290 897 286 894 291 889 286 894 292 892 320 900 289 896 316 898 320 900 316 898 321 899 271 878 268 876 272 856 272 856 268 876 965 901 272 856 965 901 966 860 966 860 965 901 969 863 969 863 965 901 964 902 969 863 964 902 1071 865 1071 865 964 902 1063 903 1071 865 1063 903 1069 867 1069 867 1063 903 1062 904 1069 867 1062 904 1065 869 1065 869 1062 904 1061 870 1061 870 1062 904 1054 872 1054 872 1062 904 1063 903 1054 872 1063 903 964 902 1054 872 964 902 269 874 269 874 964 902 268 876 268 876 964 902 965 901 255 905 230 906 256 907 255 905 256 907 260 908 260 908 256 907 259 909 260 908 259 909 263 910 263 910 259 909 262 911 263 910 262 911 209 912 263 910 209 912 207 913 207 913 209 912 208 914 207 913 208 914 206 915 206 915 208 914 210 916 210 916 208 914 211 917 210 916 211 917 383 918 383 918 211 917 382 919 227 920 228 921 229 922 227 920 229 922 230 906 230 906 229 922 231 923 231 923 229 922 233 924 231 923 233 924 242 925 242 925 233 924 241 926 241 926 233 924 240 927 240 927 233 924 232 928 240 927 232 928 239 929 239 929 232 928 228 921 228 921 232 928 229 922 229 922 232 928 233 924 69 930 66 931 76 932 69 930 76 932 77 933 69 930 77 933 78 934 103 935 104 936 46 937 103 935 46 937 45 938 45 938 46 937 43 939 45 938 43 939 44 940 44 940 43 939 42 941 42 941 43 939 41 942 42 941 41 942 100 943 100 943 41 942 101 944 100 943 101 944 98 945 100 943 98 945 97 946 97 946 98 945 94 947 97 946 94 947 93 948 93 948 94 947 67 949 67 949 94 947 66 931 67 949 66 931 64 950 64 950 66 931 69 930 64 950 69 930 68 951 68 951 69 930 78 934 68 951 78 934 75 952 68 951 75 952 65 953 68 951 65 953 64 950 64 950 65 953 63 954 64 950 63 954 67 949 108 955 111 956 110 957 108 955 110 957 109 958 109 958 110 957 112 959 109 958 112 959 944 960 944 960 112 959 953 961 944 960 953 961 955 962 944 960 955 962 1076 963 1076 963 955 962 1080 964 1076 963 1080 964 1079 965 1079 965 1080 964 1081 966 1079 965 1081 966 1078 967 1078 967 1081 966 1082 968 1078 967 1082 968 1077 969 1077 969 1082 968 946 970 1077 969 946 970 155 971 155 971 946 970 153 972 153 972 946 970 141 973 153 972 141 973 129 974 153 972 129 974 154 975 154 975 129 974 130 976 154 975 130 976 159 977 154 975 159 977 158 978 154 975 158 978 156 979 156 979 158 978 162 980 153 972 154 975 156 979 108 955 109 958 107 981 107 981 109 958 1073 982 107 981 1073 982 157 983 157 983 1073 982 1075 984 157 983 1075 984 155 971 155 971 1075 984 1077 969 1077 969 1075 984 1078 967 1078 967 1075 984 1079 965 1079 965 1075 984 1076 963 1076 963 1075 984 1073 982 1076 963 1073 982 109 958 1076 963 109 958 944 960 155 971 153 972 156 979 155 971 156 979 157 983 157 983 156 979 162 980 157 983 162 980 107 981 107 981 162 980 119 985 107 981 119 985 108 955 108 955 119 985 120 986 108 955 120 986 121 987 108 955 121 987 111 956 111 956 121 987 362 988 111 956 362 988 374 989 111 956 374 989 110 957 110 957 374 989 164 990 110 957 164 990 112 959 112 959 164 990 731 991 112 959 731 991 738 992 112 959 738 992 739 993 112 959 739 993 953 961 953 961 739 993 956 994 953 961 956 994 954 995 953 961 954 995 955 962 955 962 954 995 1093 996 955 962 1093 996 1080 964 1080 964 1093 996 1094 997 1080 964 1094 997 1081 966 1081 966 1094 997 1088 998 1081 966 1088 998 1082 968 1082 968 1088 998 945 999 1082 968 945 999 946 970 946 970 945 999 142 1000 946 970 142 1000 141 973 141 973 142 1000 131 1001 141 973 131 1001 129 974 129 974 131 1001 126 1002 129 974 126 1002 130 976 130 976 126 1002 128 1003 128 1003 126 1002 127 1004 127 1004 126 1002 132 1005 127 1004 132 1005 140 1006 140 1006 132 1005 131 1001 140 1006 131 1001 143 1007 143 1007 131 1001 142 1000 131 1001 132 1005 126 1002 248 1008 243 1009 245 1010 249 1011 248 1008 247 1012 247 1012 248 1008 245 1010 247 1012 245 1010 979 1013 247 1012 979 1013 1041 1014 1041 1014 979 1013 1044 1015 1041 1014 1044 1015 1047 1016 247 1012 1041 1014 1032 1017 247 1012 1032 1017 249 1011 249 1011 1032 1017 218 1018 249 1011 218 1018 216 1019 216 1019 218 1018 217 1020 216 1019 217 1020 215 1021 215 1021 217 1020 220 1022 215 1021 220 1022 219 1023 219 1023 220 1022 265 1024 265 1024 220 1022 264 1025 264 1025 220 1022 706 1026 706 1026 220 1022 705 1027 706 1026 705 1027 747 1028 747 1028 705 1027 746 1029 746 1029 705 1027 982 1030 746 1029 982 1030 983 1031 983 1031 982 1030 987 1032 983 1031 987 1032 988 1033 988 1033 987 1032 1049 1034 988 1033 1049 1034 1050 1035 1050 1035 1049 1034 1048 1036 1048 1036 1049 1034 1047 1016 1048 1036 1047 1016 1045 1037 1045 1037 1047 1016 1044 1015 1045 1037 1044 1015 980 1038 980 1038 1044 1015 979 1013 980 1038 979 1013 981 1039 981 1039 979 1013 246 1040 246 1040 979 1013 245 1010 246 1040 245 1010 244 1041 244 1041 245 1010 243 1009 244 1041 243 1009 330 1042 220 1022 217 1020 705 1027 705 1027 217 1020 978 1043 705 1027 978 1043 982 1030 982 1030 978 1043 977 1044 982 1030 977 1044 987 1032 987 1032 977 1044 1049 1034 1049 1034 977 1044 1043 1045 1049 1034 1043 1045 1047 1016 1047 1016 1043 1045 1042 1046 1047 1016 1042 1046 1041 1014 1041 1014 1042 1046 1032 1017 1032 1017 1042 1046 1043 1045 1032 1017 1043 1045 977 1044 1032 1017 977 1044 218 1018 218 1018 977 1044 217 1020 217 1020 977 1044 978 1043 170 1047 169 1048 171 1049 171 1049 169 1048 411 1050 412 1051 413 1052 168 1053 168 1053 413 1052 411 1050 168 1053 411 1050 169 1048 168 1053 169 1048 167 1054 167 1054 169 1048 508 1055 170 1047 704 1056 169 1048 169 1048 704 1056 708 1057 169 1048 708 1057 508 1055 508 1055 708 1057 516 1058 508 1055 516 1058 517 1059 517 1059 516 1058 518 1060 518 1060 516 1058 526 1061 526 1061 516 1058 710 1062 710 1062 516 1058 708 1057 718 1063 716 1064 717 1065 717 1065 716 1064 713 1066 713 1066 716 1064 714 1067 713 1066 714 1067 715 1068 713 1066 715 1068 759 1069 713 1066 759 1069 717 1065 717 1065 759 1069 757 1070 717 1065 757 1070 718 1063 718 1063 757 1070 758 1071 845 1072 879 1073 878 1074 845 1072 878 1074 843 1075 843 1075 878 1074 877 1076 843 1075 877 1076 870 1077 870 1077 877 1076 875 1078 870 1077 875 1078 868 1079 868 1079 875 1078 876 1080 868 1079 876 1080 903 1081 903 1081 876 1080 911 1082 911 1082 909 1083 910 1084 911 1082 910 1084 903 1081 903 1081 910 1084 904 1085 903 1081 904 1085 868 1079 868 1079 904 1085 869 1086 868 1079 869 1086 870 1077 870 1077 869 1086 871 1087 870 1077 871 1087 843 1075 843 1075 871 1087 844 1088 843 1075 844 1088 845 1072 845 1072 844 1088 846 1089 845 1072 846 1089 849 1090 845 1072 849 1090 879 1073 879 1073 849 1090 858 1091 879 1073 858 1091 857 1092 857 1092 858 1091 859 1093 857 1092 859 1093 863 1094</p>
        </polylist>
      </mesh>
    </geometry>
  </library_geometries>
  <library_controllers>
    <controller id="chr631_armature_chr631_0-skin" name="chr631_armature">
      <skin source="#chr631_0-mesh">
        <bind_shape_matrix>1 0 0 0 0 1 0 0 0 0 1 0 0 0 0 1</bind_shape_matrix>
        <source id="chr631_armature_chr631_0-skin-joints">
          <Name_array id="chr631_armature_chr631_0-skin-joints-array" count="15">J_center J_momo_F J_hiza_F J_momo_L1 J_hiza_L1 J_momo_L2 J_hiza_L2 J_momo_R2 J_hiza_R2 J_momo_R1 J_hiza_R1 J_mimi_L01 J_mimi_L02 J_mimi_R01 J_mimi_R02</Name_array>
          <technique_common>
            <accessor source="#chr631_armature_chr631_0-skin-joints-array" count="15" stride="1">
              <param name="JOINT" type="name"/>
            </accessor>
          </technique_common>
        </source>
        <source id="chr631_armature_chr631_0-skin-bind_poses">
          <float_array id="chr631_armature_chr631_0-skin-bind_poses-array" count="240">1 0 0 0 0 1 0 -0.01366955 0 0 1 0.002068281 0 0 0 1 1 0 0 0 0 -0.3979257 0.9174177 -0.00211811 0 -0.9174177 -0.3979258 0.01902747 0 0 0 1 1 0 0 0 0 1 0 -0.0118221 0 0 1 -0.02056086 0 0 0 1 -0.04776114 -0.7942442 -0.6057186 0.0159108 0.7942443 -0.3979315 0.4591586 -0.003018856 -0.6057187 -0.4591585 0.6498296 0.01127606 0 0 0 1 1 0 0 -0.01955068 1.78814e-7 1 0 -0.0118221 0 0 1 -0.009224474 0 0 0 1 -0.3327663 -0.9128761 0.2364823 0.02089995 0.912876 -0.3747271 -0.1619782 -0.004826366 0.2364823 0.1619781 0.9580393 0.004057466 0 0 0 1 1 0 0 -0.02072936 0 1 0 -0.01237362 0 0 1 0.01144409 0 0 0 1 -0.3327663 0.9128761 -0.2364823 -0.02089995 -0.912876 -0.3747271 -0.1619782 -0.004826366 -0.2364823 0.1619781 0.9580393 0.004057466 0 0 0 1 1 0 0 0.02072936 0 1 0 -0.01237362 0 0 1 0.01144409 0 0 0 1 -0.04776114 0.7942442 0.6057186 -0.0159108 -0.7942443 -0.3979315 0.4591586 -0.003018856 0.6057187 -0.4591585 0.6498296 0.01127606 0 0 0 1 1 0 0 0.01955068 -1.78814e-7 1 0 -0.0118221 0 0 1 -0.009224474 0 0 0 1 0.940472 -0.3297277 0.08241444 0.008763551 0.3297277 0.826372 -0.4564964 -0.03445029 0.08241444 0.4564964 0.8859001 -0.01788008 0 0 0 1 1 0 0 -0.008391141 0 1 0 -0.0490449 0 0 1 0.005870044 0 0 0 1 0.940472 0.3297277 -0.08241444 -0.008763551 -0.3297277 0.826372 -0.4564964 -0.03445029 -0.08241444 0.4564964 0.8859001 -0.01788008 0 0 0 1 1 0 0 0.008391141 0 1 0 -0.0490449 0 0 1 0.005870044 0 0 0 1</float_array>
          <technique_common>
            <accessor source="#chr631_armature_chr631_0-skin-bind_poses-array" count="15" stride="16">
              <param name="TRANSFORM" type="float4x4"/>
            </accessor>
          </technique_common>
        </source>
        <source id="chr631_armature_chr631_0-skin-weights">
          <float_array id="chr631_armature_chr631_0-skin-weights-array" count="1641">0.5999023 0.4000977 1 0.9000123 0.09998774 0.5999023 0.4000977 0.9000123 0.09998774 0.09998774 0.9000123 0.09998774 0.9000123 0.8 0.1999999 0.8 0.1999999 0.2999511 0.7000489 0.5 0.5 0.5 0.5 0.09998774 0.9000123 0.8 0.1999999 0.2999511 0.7000489 1 1 1 1 0.09998774 0.9000123 1 0.09998774 0.9000123 0.1999999 0.8 0.1999999 0.8 0.5999023 0.4000977 0.09998774 0.9000123 1 0.2999511 0.7000489 0.5999023 0.4000977 0.9000123 0.09998774 0.5999023 0.4000977 0.5 0.5 0.09998774 0.9000123 0.09998774 0.9000123 0.8 0.1999999 0.8 0.1999999 0.4000977 0.5999023 0.5 0.5 0.8 0.1999999 0.09998774 0.9000123 0.8 0.1999999 0.09998774 0.9000123 0.4000977 0.5999023 0.4000977 0.5999023 0.09998774 0.9000123 0.8 0.1999999 0.4000977 0.5999023 0.8 0.1999999 0.09998774 0.9000123 0.8 0.1999999 0.09998774 0.9000123 0.5 0.5 0.4000977 0.5999023 0.5 0.5 1 1 1 0.09998774 0.9000123 1 1 1 1 1 0.09998774 0.9000123 0.09998774 0.9000123 1 0.09998774 0.9000123 1 0.1999999 0.8 0.1999999 0.8 0.5999023 0.4000977 1 0.09998774 0.9000123 1 0.09998774 0.9000123 0.09998774 0.9000123 0.09998774 0.9000123 0.1999999 0.8 0.1999999 0.8 0.5999023 0.4000977 0.1999999 0.8 0.09998774 0.9000123 0.1999999 0.8 0.1999999 0.8 0.1999999 0.8 0.1999999 0.8 0.5999023 0.4000977 0.5999023 0.4000977 0.5999023 0.4000977 0.5 0.5 0.5 0.5 0.5999023 0.4000977 0.5999023 0.4000977 0.9000123 0.09998774 0.8 0.1999999 0.09998774 0.9000123 0.09998774 0.9000123 0.9000123 0.09998774 0.2999511 0.7000489 0.9000123 0.09998774 0.8 0.1999999 0.8 0.1999999 0.09998774 0.9000123 0.09998774 0.9000123 0.4000977 0.5999023 0.2999511 0.7000489 0.8 0.1999999 0.09998774 0.9000123 0.2999511 0.7000489 0.09998774 0.9000123 0.8 0.1999999 0.5 0.5 0.5 0.5 1 1 1 1 1 1 1 1 1 1 0.09998774 0.9000123 0.09998774 0.9000123 1 0.1999999 0.8 0.1999999 0.8 0.5999023 0.4000977 1 0.09998774 0.9000123 0.09998774 0.9000123 0.1999999 0.8 0.1999999 0.8 0.5999023 0.4000977 0.2999511 0.7000489 0.09998774 0.9000123 0.09998774 0.9000123 0.2999511 0.7000489 0.5999023 0.4000977 0.5999023 0.4000977 1 0.9000123 0.09998774 1 0.5999023 0.4000977 0.9000123 0.09998774 0.5999023 0.4000977 0.8 0.1999999 0.09998774 0.9000123 0.09998774 0.9000123 0.5 0.5 0.2999511 0.7000489 0.8 0.1999999 0.09998774 0.9000123 0.2999511 0.7000489 1 1 1 1 0.09998774 0.9000123 1 0.1999999 0.8 0.1999999 0.8 0.09998774 0.9000123 0.5999023 0.4000977 0.09998774 0.9000123 1 0.2999511 0.7000489 0.5999023 0.4000977 0.5999023 0.4000977 0.9000123 0.09998774 0.5 0.5 0.8 0.1999999 0.09998774 0.9000123 0.09998774 0.9000123 0.5 0.5 0.4000977 0.5999023 0.4000977 0.5999023 0.09998774 0.9000123 0.09998774 0.9000123 0.8 0.1999999 0.8 0.1999999 0.4000977 0.5999023 0.4000977 0.5999023 0.8 0.1999999 0.09998774 0.9000123 0.4000977 0.5999023 0.09998774 0.9000123 0.09998774 0.9000123 0.8 0.1999999 0.8 0.1999999 0.4000977 0.5999023 0.5 0.5 1 1 1 0.09998774 0.9000123 1 1 1 1 0.09998774 0.9000123 1 0.09998774 0.9000123 0.09998774 0.9000123 1 1 0.1999999 0.8 0.1999999 0.8 0.5999023 0.4000977 1 0.09998774 0.9000123 0.09998774 0.9000123 0.1999999 0.8 0.1999999 0.8 0.5999023 0.4000977 0.1999999 0.8 0.09998774 0.9000123 0.1999999 0.8 0.1999999 0.8 0.1999999 0.8 0.1999999 0.8 0.5999023 0.4000977 0.5999023 0.4000977 0.5999023 0.4000977 0.9000123 0.09998774 0.5999023 0.4000977 0.09998774 0.9000123 0.09998774 0.9000123 0.8 0.1999999 0.8 0.1999999 0.2999511 0.7000489 0.9000123 0.09998774 0.9000123 0.09998774 0.8 0.1999999 0.09998774 0.9000123 0.8 0.1999999 0.09998774 0.9000123 0.2999511 0.7000489 0.4000977 0.5999023 0.09998774 0.9000123 0.8 0.1999999 0.2999511 0.7000489 0.8 0.1999999 0.09998774 0.9000123 0.5 0.5 0.5 0.5 1 1 1 1 1 1 1 1 1 1 0.09998774 0.9000123 0.09998774 0.9000123 1 0.1999999 0.8 0.1999999 0.8 0.5999023 0.4000977 1 0.09998774 0.9000123 1 0.09998774 0.9000123 0.09998774 0.9000123 0.09998774 0.9000123 0.1999999 0.8 0.1999999 0.8 0.5999023 0.4000977 0.09998774 0.9000123 0.2999511 0.7000489 0.2999511 0.7000489 0.09998774 0.9000123 0.5999023 0.4000977 0.5999023 0.4000977 1 0.5999023 0.4000977 0.09998774 0.9000123 0.5999023 0.4000977 0.5999023 0.4000977 0.9000123 0.09998774 0.9000123 0.09998774 0.5999023 0.4000977 0.5999023 0.4000977 0.9000123 0.09998774 0.5999023 0.4000977 0.9000123 0.09998774 1 1 1 1 1 1 1 1 1 0.9000123 0.09998774 1 1 1 1 1 1 1 1 1 1 1 0.5999023 0.4000977 0.5999023 0.4000977 0.5999023 0.4000977 0.5999023 0.4000977 1 1 1 1 0.7000489 0.2999511 1 0.7000489 0.2999511 1 0.9947693 0.005230665 0.7000489 0.2999511 1 0.7000489 0.2999511 1 0.9000123 0.09998774 0.5999023 0.4000977 1 0.5 0.5 0.5999023 0.4000977 0.5 0.5 0.9000123 0.09998774 1 0.5999023 0.4000977 0.5999023 0.4000977 0.9000123 0.09998774 1 1 1 1 1 1 1 1 1 1 1 1 0.5999023 0.4000977 1 1 1 0.5 0.5 0.5999023 0.4000977 1 1 1 0.5 0.5 1 0.5 0.5 1 1 0.5999023 0.4000977 1 0.5 0.5 1 1 1 1 1 1 1 1 1 1 1 1 1 1 1 1 1 1 1 1 1 1 1 1 1 1 1 1 1 1 1 1 1 1 1 1 1 1 1 1 1 1 1 1 1 1 1 1 1 1 1 1 1 0.8 0.1999999 1 0.9000123 0.09998774 0.8 0.1999999 0.9000123 0.09998774 1 0.9000123 0.09998774 1 0.9000123 0.09998774 0.8 0.1999999 0.8 0.1999999 1 0.9000123 0.09998774 0.9000123 0.09998774 1 1 0.9000123 0.09998774 1 1 1 1 1 1 1 1 1 1 1 1 1 1 1 1 0.9000123 0.09998774 0.9000123 0.09998774 0.9000123 0.09998774 0.9000123 0.09998774 1 1 1 0.9000123 0.09998774 0.9000123 0.09998774 0.9000123 0.09998774 0.9000123 0.09998774 1 0.9000123 0.09998774 1 1 1 1 1 1 1 0.9000123 0.09998774 1 1 1 1 1 1 1 1 1 1 1 1 1 1 1 1 1 1 1 1 1 1 1 1 1 1 1 1 1 1 1 1 1 1 1 1 1 1 1 1 1 1 1 1 1 1 1 1 1 1 1 1 1 1 1 1 1 1 1 1 1 1 1 1 1 1 1 1 1 1 1 1 1 1 1 1 1 1 1 1 1 1 1 1 1 1 1 1 1 1 1 1 1 1 1 1 1 1 1 1 1 1 1 1 1 1 1 1 1 1 1 1 1 1 1 1 1 1 1 1 1 1 1 1 1 1 1 1 1 1 1 1 1 1 1 1 1 1 1 1 1 1 1 1 1 1 1 1 1 1 1 1 1 1 1 1 1 1 1 1 1 1 1 1 1 1 1 1 1 0.9000123 0.09998774 0.9000123 0.09998774 1 1 1 1 1 1 0.9000123 0.09998774 0.9000123 0.09998774 0.5 0.5 0.9000123 0.09998774 1 1 1 1 1 1 1 0.9000123 0.09998774 1 1 1 1 0.4000977 0.5999023 0.9000123 0.09998774 1 0.9000123 0.09998774 0.5 0.5 0.9000123 0.09998774 0.2999511 0.7000489 0.2999511 0.7000489 0.9000123 0.09998774 0.9000123 0.09998774 0.9000123 0.09998774 0.9000123 0.09998774 0.9000123 0.09998774 1 0.9000123 0.09998774 1 0.9000123 0.09998774 0.9000123 0.09998774 0.2999511 0.7000489 0.9000123 0.09998774 0.2999511 0.7000489 0.9000123 0.09998774 1 1 0.9000123 0.09998774 0.9000123 0.09998774 1 0.2999511 0.7000489 0.9000123 0.09998774 0.9000123 0.09998774 0.2999511 0.7000489 1 1 1 0.9000123 0.09998774 1 1 1 1 1 0.9000123 0.09998774 1 0.9000123 0.09998774 1 0.9000123 0.09998774 0.2999511 0.7000489 0.9000123 0.09998774 0.2999511 0.7000489 0.9000123 0.09998774 0.9000123 0.09998774 1 1 1 1 1 1 1 1 1 1 1 1 1 1 1 1 1 1 0.5999023 0.4000977 0.5999023 0.4000977 0.09998774 0.9000123 0.09998774 0.9000123 0.5999023 0.4000977 0.09998774 0.9000123 0.5999023 0.4000977 0.09998774 0.9000123 1 1 0.1999999 0.8 0.1999999 0.8 1 1 1 0.1999999 0.8 0.1999999 0.8 0.4000977 0.5999023 0.4000977 0.5999023 0.4000977 0.5999023 0.4000977 0.5999023 0.4000977 0.5999023 0.4000977 0.5999023 0.5999023 0.4000977 0.5999023 0.4000977 0.5999023 0.4000977 0.09998774 0.9000123 0.09998774 0.9000123 0.09998774 0.9000123 0.1999999 0.8 0.09998774 0.9000123 0.5999023 0.4000977 0.2999511 0.7000489 1 1 0.2999511 0.7000489 1 0.2999511 0.7000489 1 0.2999511 0.7000489 0.2999511 0.7000489 0.1999999 0.8 1 1 1 0.2999511 0.7000489 0.1999999 0.8 0.1999999 0.8 0.1999999 0.8 0.1999999 0.8 0.4000977 0.5999023 0.4000977 0.5999023 0.1999999 0.8 0.09998774 0.9000123 0.5999023 0.4000977 0.4000977 0.5999023 0.5999023 0.4000977 0.09998774 0.9000123 0.5999023 0.4000977 0.09998774 0.9000123 0.4000977 0.5999023 0.5999023 0.4000977 0.1999999 0.8 0.09998774 0.9000123 0.09998774 0.9000123 0.003018558 0.6091307 0.3878507 0.2999511 0.7000489 1 1 1 0.2999511 0.7000489 1 0.2999511 0.7000489 0.2999511 0.7000489 0.1999999 0.8 0.2999511 0.7000489 1 1 0.1999999 0.8 0.2999511 0.7000489 1 0.1999999 0.8 0.4000977 0.5999023 0.1999999 0.8 0.4000977 0.5999023 0.1999999 0.8 0.1999999 0.8 0.4206155 0.5793845 0.4206155 0.5793845 0.204981 0.795019 0.003018558 0.6091307 0.3878507 0.09998774 0.9000123 0.1999999 0.8 0.1999999 0.8 0.09998774 0.9000123 0.09998774 0.9000123 0.204981 0.795019 0.1999999 0.8 0.09998774 0.9000123 0.1999999 0.8 0.09998774 0.9000123 0.1999999 0.8 0.1999999 0.8 0.09998774 0.9000123 0.09998774 0.9000123 0.09998774 0.9000123 1 1 1 1 1 1 0.09998774 0.9000123 0.09998774 0.9000123 1 0.09998774 0.9000123 0.09998774 0.9000123 0.09998774 0.9000123 0.09998774 0.9000123 1 1 1 1 0.09998774 0.9000123 1 0.8 0.1999999 0.09998774 0.9000123 0.09998774 0.9000123 1 0.09998774 0.9000123 0.09998774 0.9000123 0.5 0.5 0.09998774 0.9000123 0.09998774 0.9000123 1 0.09998774 0.9000123 0.09998774 0.9000123 0.09998774 0.9000123 0.09998774 0.9000123 0.8 0.1999999 0.8 0.1999999 0.8 0.1999999 0.8 0.1999999 0.8 0.1999999 0.09998774 0.9000123 0.09998774 0.9000123 0.09998774 0.9000123 1 0.09998774 0.9000123 0.8 0.1999999 0.09998774 0.9000123 0.09998774 0.9000123 0.09998774 0.9000123 0.8 0.1999999 0.8 0.1999999 0.8 0.1999999 0.09998774 0.9000123 0.8 0.1999999 0.2999511 0.7000489 0.09998774 0.9000123 0.09998774 0.9000123 0.09998774 0.9000123 1 0.8 0.1999999 0.09998774 0.9000123 0.09998774 0.9000123 0.09998774 0.9000123 0.09998774 0.9000123 1 0.09998774 0.9000123 0.09998774 0.9000123 0.8 0.1999999 0.8 0.1999999 0.09998774 0.9000123 0.8 0.1999999 0.8 0.1999999 0.8 0.1999999 0.09998774 0.9000123 0.100531 0.899469 0.09998774 0.9000123 0.09998774 0.9000123 1 0.8 0.1999999 0.09998774 0.9000123 0.0994994 0.9005007 0.09998774 0.9000123 0.8 0.1999999 0.8 0.1999999 0.8 0.1999999 0.09998774 0.9000123 0.8 0.1999999 0.09998774 0.9000123 0.1009095 0.8990905 0.09998774 0.9000123 0.09998774 0.9000123 1 0.8 0.1999999 0.09998774 0.9000123 0.09998774 0.9000123 0.09998774 0.9000123 1 0.09955441 0.9004456 0.09998774 0.9000123 0.8 0.1999999 0.09998774 0.9000123 0.8 0.1999999 0.8 0.1999999 0.8 0.1999999 0.5999023 0.4000977 0.1999999 0.8 0.5999023 0.4000977 0.5999023 0.4000977 0.5999023 0.4000977 0.1999999 0.8 0.1999999 0.8 0.1999999 0.8 0.1999999 0.8 0.5999023 0.4000977 0.4000977 0.5999023 0.5999023 0.4000977 0.1999999 0.8 0.4000977 0.5999023 0.2999511 0.7000489 0.5999023 0.4000977 0.4000977 0.5999023 0.5999023 0.4000977 0.4000977 0.5999023 0.2999511 0.7000489 0.5999023 0.4000977 0.8 0.1999999 0.5999023 0.4000977 0.1999999 0.8 0.1999999 0.8 0.4000977 0.5999023 0.4000977 0.5999023 0.5999023 0.4000977 0.5999023 0.4000977 0.8 0.1999999 0.1999999 0.8 0.4000977 0.5999023 0.5999023 0.4000977 0.1999999 0.8 0.1999999 0.8 0.1999999 0.8 0.4000977 0.5999023 0.5999023 0.4000977 0.5999023 0.4000977 0.4000977 0.5999023 0.5999023 0.4000977 0.4000977 0.5999023 0.8 0.1999999 0.5999023 0.4000977 0.5999023 0.4000977 0.8 0.1999999 0.1999999 0.8 0.4000977 0.5999023 0.5999023 0.4000977 0.6002442 0.3997558 0.3996092 0.6003908 0.1999999 0.8 0.1999999 0.8 0.4000977 0.5999023 0.5999023 0.4000977 0.1999999 0.8 0.1999999 0.8 0.1999999 0.8 0.4007326 0.5992674 0.5992674 0.4007326 0.2999511 0.7000489 0.5999023 0.4000977 0.5999023 0.4000977 0.2999511 0.7000489 0.5999023 0.4000977 0.5999023 0.4000977 0.1999999 0.8 0.4000977 0.5999023 0.5999023 0.4000977 0.5999023 0.4000977 0.4002442 0.5997558 0.1999999 0.8 0.1999999 0.8 0.4000977 0.5999023 0.5999023 0.4000977 0.2999511 0.7000489 0.1999999 0.8 0.2999511 0.7000489 0.5999023 0.4000977 0.4000977 0.5999023 0.3978022 0.6021978 0.5994138 0.4005862 0.4000977 0.5999023 0.5999023 0.4000977 0.8 0.1999999 0.5999023 0.4000977 0.5999023 0.4000977 0.8 0.1999999 0.1999999 0.8 0.4000977 0.5999023 0.5999023 0.4000977 0.5999023 0.4000977 0.4000977 0.5999023 0.1999999 0.8 0.1999999 0.8 0.4000977 0.5999023 0.5999023 0.4000977 0.1999999 0.8 0.2999511 0.7000489 0.2999511 0.7000489 0.4000977 0.5999023 0.5999023 0.4000977 0.4000977 0.5999023 0.5999023 0.4000977 0.5999023 0.4000977 0.4000977 0.5999023</float_array>
          <technique_common>
            <accessor source="#chr631_armature_chr631_0-skin-weights-array" count="1641" stride="1">
              <param name="WEIGHT" type="float"/>
            </accessor>
          </technique_common>
        </source>
        <joints>
          <input semantic="JOINT" source="#chr631_armature_chr631_0-skin-joints"/>
          <input semantic="INV_BIND_MATRIX" source="#chr631_armature_chr631_0-skin-bind_poses"/>
        </joints>
        <vertex_weights count="1050">
          <input semantic="JOINT" source="#chr631_armature_chr631_0-skin-joints" offset="0"/>
          <input semantic="WEIGHT" source="#chr631_armature_chr631_0-skin-weights" offset="1"/>
          <vcount>2 1 2 2 2 2 2 2 2 2 2 2 2 2 2 1 1 1 1 2 1 2 2 2 2 2 1 2 2 2 2 2 2 2 2 2 2 2 2 2 2 2 2 2 2 2 2 2 2 2 2 2 2 2 1 1 1 2 1 1 1 1 1 2 2 1 2 1 2 2 2 1 2 1 2 2 2 2 2 2 2 2 2 2 2 2 2 2 2 2 2 2 2 2 2 2 2 2 2 2 2 2 2 2 2 2 2 2 2 2 2 2 2 1 1 1 1 1 1 1 1 1 1 2 2 1 2 2 2 1 2 2 2 2 2 2 2 2 2 2 2 1 2 1 2 2 2 2 2 2 2 2 2 2 2 1 1 1 1 2 1 2 2 2 2 2 1 2 2 2 2 2 2 2 2 2 2 2 2 2 2 2 2 2 2 2 2 2 2 2 2 2 2 1 1 1 2 1 1 1 1 2 1 2 2 1 1 2 2 2 1 2 2 2 2 2 2 2 2 2 2 2 2 2 2 2 2 2 2 2 2 2 2 2 2 2 2 2 2 2 2 2 2 2 2 2 2 1 1 1 1 1 1 1 1 1 1 2 2 1 2 2 2 1 2 1 2 2 2 2 2 2 2 2 2 2 2 2 1 2 2 2 2 2 2 2 2 2 2 2 1 1 1 1 1 1 1 1 1 2 1 1 1 1 1 1 1 1 1 1 1 2 2 2 2 1 1 1 1 2 1 2 1 2 2 1 2 1 2 2 1 2 2 2 2 1 2 2 2 1 1 1 1 1 1 1 1 1 1 1 1 2 1 1 1 2 2 1 1 1 2 1 2 1 1 2 1 2 1 1 1 1 1 1 1 1 1 1 1 1 1 1 1 1 1 1 1 1 1 1 1 1 1 1 1 1 1 1 1 1 1 1 1 1 1 1 1 1 1 1 1 1 1 1 1 1 1 1 1 1 1 2 1 2 2 2 1 2 1 2 2 2 1 2 2 1 1 2 1 1 1 1 1 1 1 1 1 1 1 1 1 1 1 1 2 2 2 2 1 1 1 2 2 2 2 1 2 1 1 1 1 1 1 1 2 1 1 1 1 1 1 1 1 1 1 1 1 1 1 1 1 1 1 1 1 1 1 1 1 1 1 1 1 1 1 1 1 1 1 1 1 1 1 1 1 1 1 1 1 1 1 1 1 1 1 1 1 1 1 1 1 1 1 1 1 1 1 1 1 1 1 1 1 1 1 1 1 1 1 1 1 1 1 1 1 1 1 1 1 1 1 1 1 1 1 1 1 1 1 1 1 1 1 1 1 1 1 1 1 1 1 1 1 1 1 1 1 1 1 1 1 1 1 1 1 1 1 1 1 1 1 1 1 1 1 1 1 1 1 1 1 1 1 1 1 1 1 1 1 1 1 1 1 1 1 1 1 1 1 1 1 1 1 1 1 1 1 1 1 1 1 1 1 1 2 2 1 1 1 1 1 1 2 2 2 2 1 1 1 1 1 1 1 2 1 1 1 1 2 2 1 2 2 2 2 2 2 2 2 2 2 1 2 1 2 2 2 2 2 2 1 1 2 2 1 2 2 2 2 1 1 1 2 1 1 1 1 1 2 1 2 1 2 2 2 2 2 2 1 1 1 1 1 1 1 1 1 1 1 1 1 1 1 1 1 1 2 2 2 2 2 2 2 2 1 1 2 2 1 1 1 2 2 2 2 2 2 2 2 2 2 2 2 2 2 2 2 2 2 1 1 2 1 2 1 2 2 2 1 1 1 2 2 2 2 2 2 2 2 2 2 2 2 2 2 2 2 2 2 2 2 3 2 1 1 1 2 1 2 2 2 2 1 1 2 2 1 2 2 2 2 2 2 2 2 2 3 2 2 2 2 2 2 2 2 2 2 2 2 2 2 2 1 1 1 1 1 1 2 2 1 2 2 2 2 1 1 1 1 2 1 2 2 2 1 2 2 2 2 2 1 2 2 2 2 2 2 2 2 2 2 2 2 1 2 2 2 2 2 2 2 2 2 2 2 2 2 2 1 2 2 2 2 2 1 2 2 2 2 2 2 2 2 2 2 2 2 1 2 2 2 2 2 2 2 2 2 2 2 2 2 1 2 2 2 2 1 2 2 2 2 2 2 2 2 2 2 2 2 2 2 2 2 2 2 2 2 2 2 2 2 2 2 2 2 2 2 2 2 2 2 2 2 2 2 2 2 2 2 2 2 2 2 2 2 2 2 2 2 2 2 2 2 2 2 2 2 2 2 2 2 2 2 2 2 2 2 2 2 2 2 2 2 2 2 2 2 2 2 2 2 2 2 2 2 2 2 2 2 2 2 2 2 2 2 2 2 2 2 2 2 2 2 2 2 2 2 2 2 2 </vcount>
          <v>0 0 1 1 0 2 0 3 1 4 0 5 3 6 0 7 3 8 0 9 1 10 0 11 1 12 1 13 2 14 1 15 2 16 0 17 1 18 0 19 1 20 0 21 1 22 0 23 1 24 1 25 2 26 0 27 1 28 2 29 2 30 2 31 2 32 1 33 2 34 2 35 1 36 2 37 1 38 2 39 1 40 2 41 1 42 2 43 1 44 2 45 2 46 1 47 2 48 1 49 2 50 0 51 1 52 0 53 1 54 0 55 1 56 0 57 3 58 0 59 3 60 3 61 4 62 3 63 4 64 0 65 3 66 0 67 3 68 3 69 4 70 0 71 3 72 3 73 4 74 0 75 3 76 0 77 3 78 0 79 3 80 0 81 3 82 3 83 4 84 0 85 3 86 3 87 4 88 0 89 3 90 3 91 4 92 0 93 3 94 0 95 3 96 0 97 3 98 0 99 3 100 4 101 4 102 4 103 3 104 4 105 4 106 4 107 4 108 4 109 4 110 3 111 4 112 3 113 4 114 4 115 3 116 4 117 4 118 3 119 4 120 3 121 4 122 3 123 4 124 4 125 3 126 4 127 4 128 3 129 4 130 3 131 4 132 3 133 4 134 3 135 4 136 3 137 4 138 3 139 4 140 3 141 4 142 3 143 4 144 3 145 4 146 3 147 4 148 3 149 4 150 3 151 4 152 3 153 4 154 3 155 4 156 3 157 4 158 0 159 3 160 0 161 3 162 0 163 3 164 0 165 3 166 0 167 3 168 5 169 6 170 0 171 5 172 0 173 5 174 0 175 5 176 0 177 5 178 0 179 5 180 5 181 6 182 5 183 6 184 0 185 5 186 0 187 5 188 0 189 5 190 0 191 5 192 5 193 6 194 0 195 5 196 0 197 5 198 0 199 5 200 5 201 6 202 0 203 5 204 0 205 5 206 6 207 6 208 6 209 6 210 6 211 6 212 6 213 6 214 6 215 6 216 5 217 6 218 5 219 6 220 6 221 5 222 6 223 5 224 6 225 5 226 6 227 6 228 5 229 6 230 5 231 6 232 5 233 6 234 5 235 6 236 5 237 6 238 5 239 6 240 5 241 6 242 5 243 6 244 5 245 6 246 5 247 6 248 5 249 6 250 0 251 0 252 1 253 0 254 0 255 1 256 0 257 9 258 0 259 9 260 1 261 2 262 0 263 1 264 0 265 1 266 0 267 1 268 0 269 1 270 1 271 2 272 0 273 1 274 0 275 1 276 2 277 2 278 2 279 2 280 1 281 2 282 2 283 1 284 2 285 1 286 2 287 1 288 2 289 1 290 2 291 1 292 2 293 2 294 1 295 2 296 1 297 2 298 0 299 1 300 0 301 1 302 0 303 1 304 9 305 10 306 0 307 9 308 0 309 9 310 0 311 9 312 0 313 9 314 0 315 9 316 0 317 9 318 0 319 9 320 9 321 10 322 9 323 10 324 0 325 9 326 0 327 9 328 9 329 10 330 0 331 9 332 0 333 9 334 0 335 9 336 0 337 9 338 9 339 10 340 9 341 10 342 0 343 9 344 0 345 9 346 10 347 10 348 10 349 9 350 10 351 10 352 10 353 10 354 10 355 9 356 10 357 10 358 9 359 10 360 9 361 10 362 10 363 10 364 9 365 10 366 9 367 10 368 9 369 10 370 10 371 9 372 10 373 9 374 10 375 9 376 10 377 9 378 10 379 9 380 10 381 9 382 10 383 9 384 10 385 9 386 10 387 9 388 10 389 9 390 10 391 9 392 10 393 9 394 10 395 9 396 10 397 9 398 10 399 0 400 9 401 0 402 9 403 0 404 7 405 0 406 7 407 7 408 8 409 7 410 8 411 0 412 7 413 0 414 7 415 0 416 7 417 7 418 8 419 0 420 7 421 7 422 8 423 0 424 7 425 0 426 7 427 0 428 7 429 0 430 7 431 7 432 8 433 0 434 7 435 7 436 8 437 0 438 7 439 0 440 7 441 0 442 7 443 8 444 8 445 8 446 8 447 8 448 8 449 8 450 8 451 8 452 8 453 7 454 8 455 7 456 8 457 8 458 7 459 8 460 7 461 8 462 7 463 8 464 8 465 7 466 8 467 8 468 7 469 8 470 7 471 8 472 7 473 8 474 7 475 8 476 7 477 8 478 7 479 8 480 7 481 8 482 7 483 8 484 7 485 8 486 7 487 8 488 7 489 8 490 7 491 8 492 0 493 0 494 7 495 9 496 10 497 0 498 7 499 0 500 7 501 0 502 7 503 0 504 7 505 0 506 7 507 0 508 5 509 0 510 5 511 0 512 5 513 0 514 5 515 0 516 0 517 0 518 0 519 0 520 0 521 0 522 0 523 0 524 0 525 7 526 0 527 0 528 0 529 0 530 0 531 0 532 0 533 0 534 0 535 0 536 0 537 0 538 7 539 0 540 5 541 0 542 5 543 0 544 5 545 0 546 0 547 0 548 0 549 0 550 7 551 0 552 0 553 7 554 0 555 0 556 7 557 0 558 5 559 0 560 0 561 5 562 0 563 0 564 3 565 0 566 3 567 0 568 0 569 9 570 0 571 9 572 0 573 9 574 0 575 9 576 0 577 0 578 9 579 0 580 9 581 0 582 9 583 0 584 0 585 0 586 0 587 0 588 0 589 0 590 0 591 0 592 0 593 0 594 0 595 0 596 3 597 0 598 0 599 0 600 0 601 3 602 0 603 3 604 0 605 0 606 0 607 0 608 1 609 0 610 0 611 1 612 0 613 0 614 0 615 9 616 0 617 0 618 9 619 0 620 0 621 0 622 0 623 0 624 0 625 0 626 0 627 0 628 0 629 0 630 0 631 0 632 0 633 0 634 0 635 0 636 0 637 0 638 0 639 0 640 0 641 0 642 0 643 0 644 0 645 0 646 0 647 0 648 0 649 0 650 0 651 0 652 0 653 0 654 0 655 0 656 0 657 0 658 0 659 0 660 0 661 0 662 0 663 0 664 0 665 0 666 0 667 0 668 0 669 0 670 0 671 0 672 0 673 5 674 0 675 0 676 5 677 0 678 5 679 0 680 5 681 0 682 0 683 5 684 0 685 0 686 5 687 0 688 7 689 0 690 7 691 0 692 0 693 7 694 0 695 7 696 0 697 0 698 0 699 7 700 0 701 0 702 0 703 0 704 0 705 0 706 0 707 0 708 0 709 0 710 0 711 0 712 0 713 0 714 0 715 0 716 0 717 1 718 0 719 1 720 0 721 1 722 0 723 1 724 0 725 0 726 0 727 0 728 1 729 0 730 1 731 0 732 1 733 0 734 1 735 0 736 0 737 1 738 0 739 0 740 0 741 0 742 0 743 0 744 0 745 0 746 1 747 0 748 0 749 0 750 0 751 0 752 0 753 0 754 0 755 0 756 0 757 0 758 0 759 0 760 0 761 0 762 0 763 0 764 0 765 0 766 0 767 0 768 0 769 0 770 0 771 0 772 0 773 0 774 0 775 0 776 0 777 0 778 0 779 0 780 0 781 0 782 0 783 0 784 0 785 0 786 0 787 0 788 0 789 0 790 0 791 0 792 0 793 0 794 0 795 0 796 0 797 0 798 0 799 0 800 0 801 0 802 0 803 0 804 0 805 0 806 0 807 0 808 0 809 0 810 0 811 0 812 0 813 0 814 0 815 0 816 0 817 0 818 0 819 0 820 0 821 0 822 0 823 0 824 0 825 0 826 0 827 0 828 0 829 0 830 0 831 0 832 0 833 0 834 0 835 0 836 0 837 0 838 0 839 0 840 0 841 0 842 0 843 0 844 0 845 0 846 0 847 0 848 0 849 0 850 0 851 0 852 0 853 0 854 0 855 0 856 0 857 0 858 0 859 0 860 0 861 0 862 0 863 0 864 0 865 0 866 0 867 0 868 0 869 0 870 0 871 0 872 0 873 0 874 0 875 0 876 0 877 0 878 0 879 0 880 0 881 0 882 0 883 0 884 0 885 0 886 0 887 0 888 0 889 0 890 0 891 0 892 0 893 0 894 0 895 0 896 0 897 0 898 0 899 0 900 0 901 0 902 0 903 0 904 0 905 0 906 0 907 0 908 0 909 0 910 0 911 0 912 0 913 0 914 0 915 0 916 0 917 3 918 0 919 3 920 0 921 0 922 0 923 0 924 0 925 0 926 0 927 3 928 0 929 9 930 0 931 9 932 0 933 9 934 0 935 0 936 0 937 0 938 0 939 0 940 0 941 0 942 9 943 0 944 0 945 0 946 0 947 0 948 3 949 0 950 3 951 0 952 0 953 3 954 0 955 3 956 0 957 3 958 0 959 3 960 0 961 3 962 0 963 3 964 0 965 3 966 0 967 3 968 0 969 3 970 0 971 5 972 0 973 0 974 3 975 0 976 0 977 5 978 0 979 5 980 0 981 5 982 0 983 5 984 0 985 5 986 0 987 5 988 0 989 0 990 0 991 9 992 0 993 9 994 0 995 0 996 9 997 0 998 9 999 0 1000 9 1001 0 1002 9 1003 0 1004 0 1005 0 1006 0 1007 9 1008 0 1009 0 1010 0 1011 0 1012 0 1013 0 1014 9 1015 0 1016 0 1017 7 1018 0 1019 0 1020 7 1021 0 1022 7 1023 0 1024 7 1025 0 1026 7 1027 0 1028 7 1029 0 1030 7 1031 0 1032 0 1033 0 1034 0 1035 0 1036 0 1037 0 1038 0 1039 0 1040 0 1041 0 1042 0 1043 0 1044 0 1045 0 1046 0 1047 0 1048 0 1049 13 1050 14 1051 13 1052 14 1053 0 1054 13 1055 0 1056 13 1057 11 1058 12 1059 0 1060 11 1061 11 1062 12 1063 0 1064 11 1065 0 1066 0 1067 0 1068 11 1069 0 1070 11 1071 0 1072 0 1073 0 1074 0 1075 13 1076 0 1077 13 1078 13 1079 14 1080 13 1081 14 1082 11 1083 12 1084 11 1085 12 1086 11 1087 12 1088 11 1089 12 1090 11 1091 12 1092 11 1093 12 1094 11 1095 12 1096 0 1097 11 1098 0 1099 11 1100 0 1101 11 1102 0 1103 11 1104 0 1105 11 1106 11 1107 12 1108 0 1109 11 1110 0 1111 0 1112 0 1113 11 1114 0 1115 0 1116 11 1117 0 1118 0 1119 11 1120 0 1121 11 1122 0 1123 11 1124 0 1125 0 1126 0 1127 0 1128 11 1129 0 1130 11 1131 11 1132 12 1133 11 1134 12 1135 11 1136 12 1137 11 1138 12 1139 11 1140 12 1141 0 1142 11 1143 0 1144 11 1145 11 1146 12 1147 11 1148 12 1149 13 1150 14 1151 0 1152 13 1153 13 1154 14 1155 0 1156 13 1157 13 1158 14 1159 13 1160 14 1161 0 1162 13 1163 0 1164 13 1165 0 1166 13 1167 0 1168 13 1169 14 1170 0 1171 13 1172 0 1173 0 1174 0 1175 0 1176 13 1177 0 1178 0 1179 13 1180 0 1181 13 1182 0 1183 13 1184 0 1185 13 1186 0 1187 0 1188 0 1189 13 1190 0 1191 13 1192 0 1193 13 1194 14 1195 13 1196 14 1197 13 1198 14 1199 13 1200 14 1201 13 1202 14 1203 13 1204 14 1205 13 1206 14 1207 13 1208 14 1209 13 1210 14 1211 0 1212 13 1213 14 1214 0 1215 13 1216 0 1217 13 1218 13 1219 14 1220 13 1221 14 1222 13 1223 14 1224 13 1225 14 1226 11 1227 12 1228 11 1229 12 1230 11 1231 12 1232 11 1233 12 1234 11 1235 12 1236 11 1237 12 1238 11 1239 12 1240 11 1241 12 1242 11 1243 12 1244 12 1245 12 1246 12 1247 12 1248 12 1249 12 1250 11 1251 12 1252 11 1253 12 1254 14 1255 13 1256 14 1257 13 1258 14 1259 13 1260 14 1261 13 1262 14 1263 14 1264 14 1265 14 1266 14 1267 13 1268 14 1269 14 1270 1 1271 2 1272 0 1273 1 1274 1 1275 2 1276 2 1277 1 1278 2 1279 0 1280 1 1281 0 1282 1 1283 1 1284 2 1285 1 1286 2 1287 2 1288 0 1289 1 1290 0 1291 1 1292 0 1293 1 1294 0 1295 1 1296 1 1297 2 1298 1 1299 2 1300 1 1301 2 1302 1 1303 2 1304 3 1305 4 1306 0 1307 3 1308 0 1309 3 1310 3 1311 4 1312 4 1313 3 1314 4 1315 3 1316 4 1317 0 1318 3 1319 0 1320 3 1321 0 1322 3 1323 3 1324 4 1325 3 1326 4 1327 3 1328 4 1329 0 1330 3 1331 3 1332 4 1333 0 1334 3 1335 0 1336 5 1337 5 1338 6 1339 5 1340 6 1341 6 1342 5 1343 6 1344 0 1345 5 1346 0 1347 5 1348 0 1349 5 1350 5 1351 6 1352 6 1353 5 1354 6 1355 0 1356 5 1357 5 1358 6 1359 5 1360 6 1361 0 1362 5 1363 5 1364 6 1365 5 1366 6 1367 7 1368 8 1369 0 1370 7 1371 0 1372 7 1373 7 1374 8 1375 7 1376 8 1377 8 1378 7 1379 8 1380 0 1381 7 1382 0 1383 7 1384 0 1385 7 1386 7 1387 8 1388 7 1389 8 1390 7 1391 8 1392 0 1393 7 1394 7 1395 8 1396 0 1397 9 1398 0 1399 9 1400 9 1401 10 1402 9 1403 10 1404 10 1405 9 1406 10 1407 0 1408 9 1409 9 1410 10 1411 9 1412 10 1413 10 1414 0 1415 9 1416 0 1417 9 1418 9 1419 10 1420 0 1421 9 1422 9 1423 10 1424 9 1425 10 1426 9 1427 10 1428 3 1429 4 1430 3 1431 4 1432 3 1433 4 1434 3 1435 4 1436 3 1437 4 1438 3 1439 4 1440 3 1441 4 1442 3 1443 4 1444 3 1445 4 1446 3 1447 4 1448 3 1449 4 1450 3 1451 4 1452 3 1453 4 1454 3 1455 4 1456 3 1457 4 1458 3 1459 4 1460 3 1461 4 1462 3 1463 4 1464 3 1465 4 1466 3 1467 4 1468 1 1469 2 1470 1 1471 2 1472 1 1473 2 1474 1 1475 2 1476 1 1477 2 1478 1 1479 2 1480 1 1481 2 1482 1 1483 2 1484 1 1485 2 1486 1 1487 2 1488 1 1489 2 1490 1 1491 2 1492 1 1493 2 1494 1 1495 2 1496 1 1497 2 1498 1 1499 2 1500 1 1501 2 1502 1 1503 2 1504 1 1505 2 1506 1 1507 2 1508 1 1509 2 1510 1 1511 2 1512 9 1513 10 1514 9 1515 10 1516 9 1517 10 1518 9 1519 10 1520 9 1521 10 1522 9 1523 10 1524 9 1525 10 1526 9 1527 10 1528 9 1529 10 1530 9 1531 10 1532 9 1533 10 1534 9 1535 10 1536 9 1537 10 1538 9 1539 10 1540 9 1541 10 1542 9 1543 10 1544 9 1545 10 1546 9 1547 10 1548 9 1549 10 1550 9 1551 10 1552 9 1553 10 1554 9 1555 10 1556 7 1557 8 1558 7 1559 8 1560 7 1561 8 1562 7 1563 8 1564 7 1565 8 1566 7 1567 8 1568 7 1569 8 1570 7 1571 8 1572 7 1573 8 1574 7 1575 8 1576 7 1577 8 1578 7 1579 8 1580 7 1581 8 1582 7 1583 8 1584 7 1585 8 1586 7 1587 8 1588 7 1589 8 1590 7 1591 8 1592 7 1593 8 1594 7 1595 8 1596 5 1597 6 1598 5 1599 6 1600 5 1601 6 1602 5 1603 6 1604 5 1605 6 1606 5 1607 6 1608 5 1609 6 1610 5 1611 6 1612 5 1613 6 1614 5 1615 6 1616 5 1617 6 1618 5 1619 6 1620 5 1621 6 1622 5 1623 6 1624 5 1625 6 1626 5 1627 6 1628 5 1629 6 1630 5 1631 6 1632 5 1633 6 1634 5 1635 6 1636 5 1637 6 1638 5 1639 6 1640</v>
        </vertex_weights>
      </skin>
    </controller>
    <controller id="chr631_armature_chr631_1-skin" name="chr631_armature">
      <skin source="#chr631_1-mesh">
        <bind_shape_matrix>1 0 0 0 0 1 0 0 0 0 1 0 0 0 0 1</bind_shape_matrix>
        <source id="chr631_armature_chr631_1-skin-joints">
          <Name_array id="chr631_armature_chr631_1-skin-joints-array" count="5">J_hiza_F J_hiza_L1 J_hiza_L2 J_hiza_R2 J_hiza_R1</Name_array>
          <technique_common>
            <accessor source="#chr631_armature_chr631_1-skin-joints-array" count="5" stride="1">
              <param name="JOINT" type="name"/>
            </accessor>
          </technique_common>
        </source>
        <source id="chr631_armature_chr631_1-skin-bind_poses">
          <float_array id="chr631_armature_chr631_1-skin-bind_poses-array" count="80">1 0 0 0 0 1 0 -0.0118221 0 0 1 -0.02056086 0 0 0 1 1 0 0 -0.01955068 1.78814e-7 1 0 -0.0118221 0 0 1 -0.009224474 0 0 0 1 1 0 0 -0.02072936 0 1 0 -0.01237362 0 0 1 0.01144409 0 0 0 1 1 0 0 0.02072936 0 1 0 -0.01237362 0 0 1 0.01144409 0 0 0 1 1 0 0 0.01955068 -1.78814e-7 1 0 -0.0118221 0 0 1 -0.009224474 0 0 0 1</float_array>
          <technique_common>
            <accessor source="#chr631_armature_chr631_1-skin-bind_poses-array" count="5" stride="16">
              <param name="TRANSFORM" type="float4x4"/>
            </accessor>
          </technique_common>
        </source>
        <source id="chr631_armature_chr631_1-skin-weights">
          <float_array id="chr631_armature_chr631_1-skin-weights-array" count="90">1 1 1 1 1 1 1 1 1 1 1 1 1 1 1 1 1 1 1 1 1 1 1 1 1 1 1 1 1 1 1 1 1 1 1 1 1 1 1 1 1 1 1 1 1 1 1 1 1 1 1 1 1 1 1 1 1 1 1 1 1 1 1 1 1 1 1 1 1 1 1 1 1 1 1 1 1 1 1 1 1 1 1 1 1 1 1 1 1 1</float_array>
          <technique_common>
            <accessor source="#chr631_armature_chr631_1-skin-weights-array" count="90" stride="1">
              <param name="WEIGHT" type="float"/>
            </accessor>
          </technique_common>
        </source>
        <joints>
          <input semantic="JOINT" source="#chr631_armature_chr631_1-skin-joints"/>
          <input semantic="INV_BIND_MATRIX" source="#chr631_armature_chr631_1-skin-bind_poses"/>
        </joints>
        <vertex_weights count="90">
          <input semantic="JOINT" source="#chr631_armature_chr631_1-skin-joints" offset="0"/>
          <input semantic="WEIGHT" source="#chr631_armature_chr631_1-skin-weights" offset="1"/>
          <vcount>1 1 1 1 1 1 1 1 1 1 1 1 1 1 1 1 1 1 1 1 1 1 1 1 1 1 1 1 1 1 1 1 1 1 1 1 1 1 1 1 1 1 1 1 1 1 1 1 1 1 1 1 1 1 1 1 1 1 1 1 1 1 1 1 1 1 1 1 1 1 1 1 1 1 1 1 1 1 1 1 1 1 1 1 1 1 1 1 1 1 </vcount>
          <v>0 0 0 1 0 2 0 3 0 4 0 5 1 6 1 7 1 8 1 9 1 10 1 11 1 12 1 13 1 14 1 15 1 16 1 17 1 18 1 19 1 20 1 21 1 22 2 23 2 24 2 25 2 26 2 27 2 28 2 29 2 30 2 31 2 32 2 33 2 34 2 35 2 36 2 37 2 38 2 39 0 40 0 41 0 42 1 43 2 44 0 45 0 46 0 47 0 48 0 49 0 50 4 51 4 52 4 53 4 54 4 55 4 56 4 57 4 58 4 59 4 60 4 61 4 62 4 63 4 64 4 65 4 66 4 67 3 68 3 69 3 70 3 71 3 72 3 73 3 74 3 75 3 76 3 77 3 78 3 79 3 80 3 81 3 82 3 83 3 84 0 85 0 86 0 87 4 88 3 89</v>
        </vertex_weights>
      </skin>
    </controller>
    <controller id="chr631_armature_chr631_2-skin" name="chr631_armature">
      <skin source="#chr631_2-mesh">
        <bind_shape_matrix>1 0 0 0 0 1 0 0 0 0 1 0 0 0 0 1</bind_shape_matrix>
        <source id="chr631_armature_chr631_2-skin-joints">
          <Name_array id="chr631_armature_chr631_2-skin-joints-array" count="15">J_center J_momo_F J_hiza_F J_momo_L1 J_hiza_L1 J_momo_L2 J_hiza_L2 J_momo_R2 J_hiza_R2 J_momo_R1 J_hiza_R1 J_mimi_L01 J_mimi_L02 J_mimi_R01 J_mimi_R02</Name_array>
          <technique_common>
            <accessor source="#chr631_armature_chr631_2-skin-joints-array" count="15" stride="1">
              <param name="JOINT" type="name"/>
            </accessor>
          </technique_common>
        </source>
        <source id="chr631_armature_chr631_2-skin-bind_poses">
          <float_array id="chr631_armature_chr631_2-skin-bind_poses-array" count="240">1 0 0 0 0 1 0 -0.01366955 0 0 1 0.002068281 0 0 0 1 1 0 0 0 0 -0.3979257 0.9174177 -0.00211811 0 -0.9174177 -0.3979258 0.01902747 0 0 0 1 1 0 0 0 0 1 0 -0.0118221 0 0 1 -0.02056086 0 0 0 1 -0.04776114 -0.7942442 -0.6057186 0.0159108 0.7942443 -0.3979315 0.4591586 -0.003018856 -0.6057187 -0.4591585 0.6498296 0.01127606 0 0 0 1 1 0 0 -0.01955068 1.78814e-7 1 0 -0.0118221 0 0 1 -0.009224474 0 0 0 1 -0.3327663 -0.9128761 0.2364823 0.02089995 0.912876 -0.3747271 -0.1619782 -0.004826366 0.2364823 0.1619781 0.9580393 0.004057466 0 0 0 1 1 0 0 -0.02072936 0 1 0 -0.01237362 0 0 1 0.01144409 0 0 0 1 -0.3327663 0.9128761 -0.2364823 -0.02089995 -0.912876 -0.3747271 -0.1619782 -0.004826366 -0.2364823 0.1619781 0.9580393 0.004057466 0 0 0 1 1 0 0 0.02072936 0 1 0 -0.01237362 0 0 1 0.01144409 0 0 0 1 -0.04776114 0.7942442 0.6057186 -0.0159108 -0.7942443 -0.3979315 0.4591586 -0.003018856 0.6057187 -0.4591585 0.6498296 0.01127606 0 0 0 1 1 0 0 0.01955068 -1.78814e-7 1 0 -0.0118221 0 0 1 -0.009224474 0 0 0 1 0.940472 -0.3297277 0.08241444 0.008763551 0.3297277 0.826372 -0.4564964 -0.03445029 0.08241444 0.4564964 0.8859001 -0.01788008 0 0 0 1 1 0 0 -0.008391141 0 1 0 -0.0490449 0 0 1 0.005870044 0 0 0 1 0.940472 0.3297277 -0.08241444 -0.008763551 -0.3297277 0.826372 -0.4564964 -0.03445029 -0.08241444 0.4564964 0.8859001 -0.01788008 0 0 0 1 1 0 0 0.008391141 0 1 0 -0.0490449 0 0 1 0.005870044 0 0 0 1</float_array>
          <technique_common>
            <accessor source="#chr631_armature_chr631_2-skin-bind_poses-array" count="15" stride="16">
              <param name="TRANSFORM" type="float4x4"/>
            </accessor>
          </technique_common>
        </source>
        <source id="chr631_armature_chr631_2-skin-weights">
          <float_array id="chr631_armature_chr631_2-skin-weights-array" count="1686">0.5999023 0.4000977 0.9000123 0.09998774 1 0.9000123 0.09998774 0.5999023 0.4000977 0.09998774 0.9000123 0.8 0.1999999 0.09998774 0.9000123 0.8 0.1999999 0.2999511 0.7000489 0.5 0.5 0.5 0.5 0.09998774 0.9000123 0.8 0.1999999 0.2999511 0.7000489 1 1 1 1 1 1 1 1 0.09998774 0.9000123 0.09998774 0.9000123 0.1999999 0.8 0.1999999 0.8 0.5999023 0.4000977 0.09998774 0.9000123 1 0.2999511 0.7000489 0.5999023 0.4000977 0.9000123 0.09998774 0.5999023 0.4000977 0.5 0.5 0.09998774 0.9000123 0.8 0.1999999 0.09998774 0.9000123 0.8 0.1999999 0.4000977 0.5999023 0.5 0.5 0.8 0.1999999 0.8 0.1999999 0.09998774 0.9000123 0.09998774 0.9000123 0.4000977 0.5999023 0.4000977 0.5999023 0.09998774 0.9000123 0.8 0.1999999 0.4000977 0.5999023 0.8 0.1999999 0.8 0.1999999 0.09998774 0.9000123 0.09998774 0.9000123 0.5 0.5 0.4000977 0.5999023 0.5 0.5 1 1 1 0.09998774 0.9000123 1 1 1 1 1 1 0.09998774 0.9000123 1 1 1 1 1 1 1 1 1 1 1 0.09998774 0.9000123 0.09998774 0.9000123 1 1 0.1999999 0.8 0.1999999 0.8 0.5999023 0.4000977 0.09998774 0.9000123 0.09998774 0.9000123 0.09998774 0.9000123 0.09998774 0.9000123 0.1999999 0.8 0.1999999 0.8 0.5999023 0.4000977 0.1999999 0.8 0.09998774 0.9000123 0.1999999 0.8 0.1999999 0.8 0.1999999 0.8 0.1999999 0.8 0.5999023 0.4000977 0.5999023 0.4000977 0.5999023 0.4000977 0.5 0.5 0.5 0.5 0.5999023 0.4000977 0.5999023 0.4000977 0.9000123 0.09998774 0.8 0.1999999 0.09998774 0.9000123 0.09998774 0.9000123 0.9000123 0.09998774 0.2999511 0.7000489 0.9000123 0.09998774 0.8 0.1999999 0.09998774 0.9000123 0.8 0.1999999 0.09998774 0.9000123 0.4000977 0.5999023 0.2999511 0.7000489 0.8 0.1999999 0.09998774 0.9000123 0.2999511 0.7000489 0.09998774 0.9000123 0.8 0.1999999 0.5 0.5 0.5 0.5 1 1 1 1 1 1 1 1 1 1 1 1 1 1 1 1 1 1 1 1 1 1 0.09998774 0.9000123 0.09998774 0.9000123 0.1999999 0.8 0.1999999 0.8 0.5999023 0.4000977 0.09998774 0.9000123 0.09998774 0.9000123 0.1999999 0.8 0.1999999 0.8 0.5999023 0.4000977 0.2999511 0.7000489 0.09998774 0.9000123 0.09998774 0.9000123 0.2999511 0.7000489 0.5999023 0.4000977 0.5999023 0.4000977 1 1 1 0.9000123 0.09998774 0.5999023 0.4000977 1 0.9000123 0.09998774 0.5999023 0.4000977 0.8 0.1999999 0.09998774 0.9000123 0.09998774 0.9000123 0.5 0.5 0.2999511 0.7000489 0.8 0.1999999 0.09998774 0.9000123 0.2999511 0.7000489 1 1 1 1 1 1 1 1 0.09998774 0.9000123 0.1999999 0.8 0.1999999 0.8 0.09998774 0.9000123 0.5999023 0.4000977 0.09998774 0.9000123 1 0.2999511 0.7000489 0.5999023 0.4000977 0.5999023 0.4000977 0.9000123 0.09998774 0.5 0.5 0.8 0.1999999 0.09998774 0.9000123 0.09998774 0.9000123 0.5 0.5 0.4000977 0.5999023 0.4000977 0.5999023 0.09998774 0.9000123 0.8 0.1999999 0.09998774 0.9000123 0.8 0.1999999 0.4000977 0.5999023 0.4000977 0.5999023 0.8 0.1999999 0.09998774 0.9000123 0.4000977 0.5999023 0.09998774 0.9000123 0.8 0.1999999 0.09998774 0.9000123 0.8 0.1999999 0.4000977 0.5999023 0.5 0.5 1 1 1 0.09998774 0.9000123 1 1 1 1 1 0.09998774 0.9000123 1 1 1 1 1 1 1 1 1 1 1 1 0.09998774 0.9000123 1 0.09998774 0.9000123 1 0.1999999 0.8 0.1999999 0.8 0.5999023 0.4000977 0.09998774 0.9000123 0.09998774 0.9000123 0.1999999 0.8 0.1999999 0.8 0.5999023 0.4000977 0.1999999 0.8 0.09998774 0.9000123 0.1999999 0.8 0.1999999 0.8 0.1999999 0.8 0.1999999 0.8 0.5999023 0.4000977 0.5999023 0.4000977 0.5999023 0.4000977 0.9000123 0.09998774 0.5999023 0.4000977 0.09998774 0.9000123 0.8 0.1999999 0.09998774 0.9000123 0.8 0.1999999 0.2999511 0.7000489 0.9000123 0.09998774 0.9000123 0.09998774 0.8 0.1999999 0.8 0.1999999 0.09998774 0.9000123 0.09998774 0.9000123 0.2999511 0.7000489 0.4000977 0.5999023 0.09998774 0.9000123 0.8 0.1999999 0.2999511 0.7000489 0.8 0.1999999 0.09998774 0.9000123 0.5 0.5 0.5 0.5 1 1 1 1 1 1 1 1 1 1 1 1 1 1 1 1 1 1 1 1 1 1 0.09998774 0.9000123 0.09998774 0.9000123 0.1999999 0.8 0.1999999 0.8 0.5999023 0.4000977 0.09998774 0.9000123 0.09998774 0.9000123 0.09998774 0.9000123 0.09998774 0.9000123 0.1999999 0.8 0.1999999 0.8 0.5999023 0.4000977 0.09998774 0.9000123 0.2999511 0.7000489 0.2999511 0.7000489 0.09998774 0.9000123 0.5999023 0.4000977 0.5999023 0.4000977 1 0.5999023 0.4000977 1 1 0.09998774 0.9000123 0.5999023 0.4000977 0.5999023 0.4000977 0.9000123 0.09998774 0.5999023 0.4000977 0.9000123 0.09998774 0.5999023 0.4000977 0.9000123 0.09998774 0.9000123 0.09998774 0.5999023 0.4000977 1 1 1 1 1 1 1 1 1 0.9000123 0.09998774 1 1 1 1 1 1 1 1 1 1 1 0.5999023 0.4000977 0.5999023 0.4000977 0.5999023 0.4000977 1 0.5999023 0.4000977 1 1 1 1 0.7000489 0.2999511 0.7000489 0.2999511 1 0.9947693 0.005230665 0.7000489 0.2999511 1 0.7000489 0.2999511 1 0.9000123 0.09998774 0.5999023 0.4000977 1 0.5 0.5 0.5999023 0.4000977 0.5 0.5 0.9000123 0.09998774 0.5999023 0.4000977 1 0.5999023 0.4000977 0.9000123 0.09998774 1 1 1 1 1 1 1 1 1 1 1 1 0.5999023 0.4000977 1 1 1 0.5 0.5 0.5999023 0.4000977 1 1 1 0.5 0.5 1 0.5 0.5 1 1 1 0.5999023 0.4000977 0.5 0.5 1 1 1 1 1 1 1 1 1 1 1 1 1 1 1 1 1 1 1 1 1 1 1 1 1 1 1 1 1 1 1 1 1 1 1 1 1 1 1 1 1 1 1 1 1 1 1 1 1 1 1 1 1 1 0.8 0.1999999 1 0.9000123 0.09998774 0.8 0.1999999 0.9000123 0.09998774 1 1 0.9000123 0.09998774 0.9000123 0.09998774 0.8 0.1999999 0.8 0.1999999 1 0.9000123 0.09998774 0.9000123 0.09998774 1 1 0.9000123 0.09998774 1 1 1 1 1 1 1 1 1 1 1 1 1 1 1 1 0.9000123 0.09998774 0.9000123 0.09998774 0.9000123 0.09998774 0.9000123 0.09998774 1 1 1 0.9000123 0.09998774 0.9000123 0.09998774 0.9000123 0.09998774 0.9000123 0.09998774 1 0.9000123 0.09998774 1 1 1 1 1 1 1 0.9000123 0.09998774 1 1 1 1 1 1 1 1 1 1 1 1 1 1 1 1 1 1 1 1 1 1 1 1 1 1 1 1 1 1 1 1 1 1 1 1 1 1 1 1 1 1 1 1 1 1 1 1 1 1 1 1 1 1 1 1 1 1 1 1 1 1 1 1 1 1 1 1 1 1 1 1 1 1 1 1 1 1 1 1 1 1 1 1 1 1 1 1 1 1 1 1 1 1 1 1 1 1 1 1 1 1 1 1 1 1 1 1 1 1 1 1 1 1 1 1 1 1 1 1 1 1 1 1 1 1 1 1 1 1 1 1 1 1 1 1 1 1 1 1 1 1 1 1 1 1 1 1 1 1 1 1 1 1 1 1 1 1 1 1 1 1 1 1 1 1 1 1 1 0.9000123 0.09998774 0.9000123 0.09998774 1 1 1 1 1 1 0.9000123 0.09998774 0.9000123 0.09998774 0.5 0.5 0.9000123 0.09998774 1 1 1 1 1 1 1 1 0.9000123 0.09998774 1 1 1 0.4000977 0.5999023 0.9000123 0.09998774 1 0.9000123 0.09998774 0.9000123 0.09998774 0.5 0.5 0.2999511 0.7000489 0.2999511 0.7000489 0.9000123 0.09998774 0.9000123 0.09998774 0.9000123 0.09998774 0.9000123 0.09998774 0.9000123 0.09998774 0.9000123 0.09998774 1 1 0.9000123 0.09998774 0.2999511 0.7000489 0.9000123 0.09998774 0.9000123 0.09998774 0.2999511 0.7000489 0.9000123 0.09998774 1 1 0.9000123 0.09998774 1 0.9000123 0.09998774 0.2999511 0.7000489 0.9000123 0.09998774 0.9000123 0.09998774 0.2999511 0.7000489 1 1 1 0.9000123 0.09998774 1 1 1 1 1 0.9000123 0.09998774 1 0.9000123 0.09998774 1 0.9000123 0.09998774 0.2999511 0.7000489 0.9000123 0.09998774 0.2999511 0.7000489 0.9000123 0.09998774 0.9000123 0.09998774 1 1 1 1 1 1 1 1 1 1 1 1 1 1 1 1 1 1 0.5999023 0.4000977 0.09998774 0.9000123 0.5999023 0.4000977 0.09998774 0.9000123 0.5999023 0.4000977 0.5999023 0.4000977 0.09998774 0.9000123 0.09998774 0.9000123 1 1 0.1999999 0.8 0.1999999 0.8 1 1 1 0.1999999 0.8 0.1999999 0.8 0.4000977 0.5999023 0.4000977 0.5999023 0.4000977 0.5999023 0.4000977 0.5999023 0.4000977 0.5999023 0.5999023 0.4000977 0.4000977 0.5999023 0.5999023 0.4000977 0.5999023 0.4000977 0.09998774 0.9000123 0.09998774 0.9000123 0.09998774 0.9000123 0.1999999 0.8 0.09998774 0.9000123 0.5999023 0.4000977 0.2999511 0.7000489 1 1 0.2999511 0.7000489 0.2999511 0.7000489 1 1 0.2999511 0.7000489 0.2999511 0.7000489 0.1999999 0.8 1 1 1 0.2999511 0.7000489 0.1999999 0.8 0.1999999 0.8 0.1999999 0.8 0.1999999 0.8 0.4000977 0.5999023 0.4000977 0.5999023 0.1999999 0.8 0.09998774 0.9000123 0.5999023 0.4000977 0.4000977 0.5999023 0.5999023 0.4000977 0.5999023 0.4000977 0.09998774 0.9000123 0.09998774 0.9000123 0.4000977 0.5999023 0.5999023 0.4000977 0.1999999 0.8 0.09998774 0.9000123 0.09998774 0.9000123 0.003018558 0.6091307 0.3878507 0.2999511 0.7000489 1 1 1 0.2999511 0.7000489 0.2999511 0.7000489 1 0.2999511 0.7000489 0.1999999 0.8 0.2999511 0.7000489 1 1 0.1999999 0.8 0.2999511 0.7000489 1 0.1999999 0.8 0.1999999 0.8 0.4000977 0.5999023 0.4000977 0.5999023 0.1999999 0.8 0.1999999 0.8 0.4206155 0.5793845 0.4206155 0.5793845 0.204981 0.795019 0.003018558 0.6091307 0.3878507 0.09998774 0.9000123 0.1999999 0.8 0.1999999 0.8 0.09998774 0.9000123 0.09998774 0.9000123 0.204981 0.795019 0.1999999 0.8 0.09998774 0.9000123 0.1999999 0.8 0.09998774 0.9000123 0.1999999 0.8 0.1999999 0.8 0.09998774 0.9000123 0.09998774 0.9000123 0.09998774 0.9000123 1 1 1 1 1 0.09998774 0.9000123 1 0.09998774 0.9000123 1 0.09998774 0.9000123 0.09998774 0.9000123 0.09998774 0.9000123 0.09998774 0.9000123 1 1 1 1 1 0.09998774 0.9000123 0.8 0.1999999 0.09998774 0.9000123 0.09998774 0.9000123 0.09998774 0.9000123 0.09998774 0.9000123 0.5 0.5 0.09998774 0.9000123 0.09998774 0.9000123 0.09998774 0.9000123 0.09998774 0.9000123 0.09998774 0.9000123 0.09998774 0.9000123 0.8 0.1999999 0.8 0.1999999 0.8 0.1999999 0.8 0.1999999 0.8 0.1999999 0.09998774 0.9000123 0.09998774 0.9000123 0.09998774 0.9000123 1 0.09998774 0.9000123 0.8 0.1999999 0.09998774 0.9000123 0.09998774 0.9000123 0.09998774 0.9000123 0.8 0.1999999 0.8 0.1999999 0.09998774 0.9000123 0.8 0.1999999 0.8 0.1999999 0.2999511 0.7000489 0.09998774 0.9000123 0.09998774 0.9000123 0.09998774 0.9000123 0.8 0.1999999 0.09998774 0.9000123 0.09998774 0.9000123 0.09998774 0.9000123 0.09998774 0.9000123 0.09998774 0.9000123 0.09998774 0.9000123 0.8 0.1999999 0.8 0.1999999 0.09998774 0.9000123 0.8 0.1999999 0.8 0.1999999 0.8 0.1999999 0.09998774 0.9000123 0.100531 0.899469 0.09998774 0.9000123 0.09998774 0.9000123 0.8 0.1999999 0.09998774 0.9000123 0.0994994 0.9005007 0.8 0.1999999 0.09998774 0.9000123 0.8 0.1999999 0.09998774 0.9000123 0.8 0.1999999 0.8 0.1999999 0.09998774 0.9000123 0.1009095 0.8990905 0.09998774 0.9000123 0.09998774 0.9000123 0.8 0.1999999 0.09998774 0.9000123 0.09998774 0.9000123 0.09998774 0.9000123 1 0.09955441 0.9004456 0.09998774 0.9000123 0.09998774 0.9000123 0.8 0.1999999 0.8 0.1999999 0.8 0.1999999 0.8 0.1999999 0.5999023 0.4000977 0.1999999 0.8 0.5999023 0.4000977 0.5999023 0.4000977 0.5999023 0.4000977 0.1999999 0.8 0.1999999 0.8 0.1999999 0.8 0.1999999 0.8 0.5999023 0.4000977 0.4000977 0.5999023 0.5999023 0.4000977 0.1999999 0.8 0.4000977 0.5999023 0.2999511 0.7000489 0.5999023 0.4000977 0.4000977 0.5999023 0.5999023 0.4000977 0.4000977 0.5999023 0.2999511 0.7000489 0.5999023 0.4000977 0.8 0.1999999 0.5999023 0.4000977 0.1999999 0.8 0.4000977 0.5999023 0.1999999 0.8 0.4000977 0.5999023 0.5999023 0.4000977 0.5999023 0.4000977 0.8 0.1999999 0.1999999 0.8 0.4000977 0.5999023 0.5999023 0.4000977 0.1999999 0.8 0.1999999 0.8 0.1999999 0.8 0.4000977 0.5999023 0.5999023 0.4000977 0.5999023 0.4000977 0.4000977 0.5999023 0.5999023 0.4000977 0.4000977 0.5999023 0.8 0.1999999 0.5999023 0.4000977 0.5999023 0.4000977 0.8 0.1999999 0.1999999 0.8 0.4000977 0.5999023 0.5999023 0.4000977 0.6002442 0.3997558 0.3996092 0.6003908 0.1999999 0.8 0.1999999 0.8 0.4000977 0.5999023 0.5999023 0.4000977 0.1999999 0.8 0.1999999 0.8 0.1999999 0.8 0.4007326 0.5992674 0.2999511 0.7000489 0.5992674 0.4007326 0.5999023 0.4000977 0.5999023 0.4000977 0.2999511 0.7000489 0.5999023 0.4000977 0.5999023 0.4000977 0.1999999 0.8 0.4000977 0.5999023 0.5999023 0.4000977 0.5999023 0.4000977 0.4002442 0.5997558 0.1999999 0.8 0.1999999 0.8 0.4000977 0.5999023 0.5999023 0.4000977 0.2999511 0.7000489 0.1999999 0.8 0.2999511 0.7000489 0.5999023 0.4000977 0.4000977 0.5999023 0.3978022 0.6021978 0.4000977 0.5999023 0.5994138 0.4005862 0.5999023 0.4000977 0.8 0.1999999 0.5999023 0.4000977 0.5999023 0.4000977 0.8 0.1999999 0.1999999 0.8 0.4000977 0.5999023 0.5999023 0.4000977 0.5999023 0.4000977 0.4000977 0.5999023 0.1999999 0.8 0.1999999 0.8 0.4000977 0.5999023 0.5999023 0.4000977 0.1999999 0.8 0.2999511 0.7000489 0.2999511 0.7000489 0.4000977 0.5999023 0.4000977 0.5999023 0.5999023 0.4000977 0.5999023 0.4000977 0.5999023 0.4000977 0.4000977 0.5999023</float_array>
          <technique_common>
            <accessor source="#chr631_armature_chr631_2-skin-weights-array" count="1686" stride="1">
              <param name="WEIGHT" type="float"/>
            </accessor>
          </technique_common>
        </source>
        <joints>
          <input semantic="JOINT" source="#chr631_armature_chr631_2-skin-joints"/>
          <input semantic="INV_BIND_MATRIX" source="#chr631_armature_chr631_2-skin-bind_poses"/>
        </joints>
        <vertex_weights count="1095">
          <input semantic="JOINT" source="#chr631_armature_chr631_2-skin-joints" offset="0"/>
          <input semantic="WEIGHT" source="#chr631_armature_chr631_2-skin-weights" offset="1"/>
          <vcount>2 2 1 2 2 2 2 2 2 2 2 2 2 2 2 1 1 1 1 1 1 1 1 2 2 2 2 2 2 1 2 2 2 2 2 2 2 2 2 2 2 2 2 2 2 2 2 2 2 2 2 2 2 2 2 2 2 1 1 1 2 1 1 1 1 1 1 2 1 1 1 1 1 1 1 1 1 1 1 2 2 1 1 2 2 2 2 2 2 2 2 2 2 2 2 2 2 2 2 2 2 2 2 2 2 2 2 2 2 2 2 2 2 2 2 2 2 2 2 2 2 2 2 2 2 2 1 1 1 1 1 1 1 1 1 1 1 1 1 1 1 1 1 1 1 1 1 1 2 2 2 2 2 2 2 2 2 2 2 2 2 2 2 2 1 1 1 2 2 1 2 2 2 2 2 2 2 2 2 2 1 1 1 1 1 1 1 1 2 2 2 2 2 2 1 2 2 2 2 2 2 2 2 2 2 2 2 2 2 2 2 2 2 2 2 2 2 2 2 2 2 1 1 1 2 1 1 1 1 1 2 1 1 1 1 1 1 1 1 1 1 1 1 2 1 2 1 2 2 2 2 2 2 2 2 2 2 2 2 2 2 2 2 2 2 2 2 2 2 2 2 2 2 2 2 2 2 2 2 2 2 2 2 2 2 2 1 1 1 1 1 1 1 1 1 1 1 1 1 1 1 1 1 1 1 1 1 1 2 2 2 2 2 2 2 2 2 2 2 2 2 2 2 2 2 2 1 2 1 1 2 2 2 2 2 2 2 2 2 2 1 1 1 1 1 1 1 1 1 2 1 1 1 1 1 1 1 1 1 1 1 2 2 2 1 2 1 1 1 1 2 2 1 2 2 1 2 1 2 2 1 2 2 2 2 2 1 2 2 1 1 1 1 1 1 1 1 1 1 1 1 2 1 1 1 2 2 1 1 1 2 1 2 1 1 1 2 2 1 1 1 1 1 1 1 1 1 1 1 1 1 1 1 1 1 1 1 1 1 1 1 1 1 1 1 1 1 1 1 1 1 1 1 1 1 1 1 1 1 1 1 1 1 1 1 1 1 1 1 1 1 1 2 1 2 2 2 1 1 2 2 2 2 1 2 2 1 1 2 1 1 1 1 1 1 1 1 1 1 1 1 1 1 1 1 2 2 2 2 1 1 1 2 2 2 2 1 2 1 1 1 1 1 1 1 2 1 1 1 1 1 1 1 1 1 1 1 1 1 1 1 1 1 1 1 1 1 1 1 1 1 1 1 1 1 1 1 1 1 1 1 1 1 1 1 1 1 1 1 1 1 1 1 1 1 1 1 1 1 1 1 1 1 1 1 1 1 1 1 1 1 1 1 1 1 1 1 1 1 1 1 1 1 1 1 1 1 1 1 1 1 1 1 1 1 1 1 1 1 1 1 1 1 1 1 1 1 1 1 1 1 1 1 1 1 1 1 1 1 1 1 1 1 1 1 1 1 1 1 1 1 1 1 1 1 1 1 1 1 1 1 1 1 1 1 1 1 1 1 1 1 1 1 1 1 1 1 1 1 1 1 1 1 1 1 1 1 1 1 1 1 1 1 1 1 2 2 1 1 1 1 1 1 2 2 2 2 1 1 1 1 1 1 1 1 2 1 1 1 2 2 1 2 2 2 2 2 2 2 2 2 2 2 1 1 2 2 2 2 2 2 1 1 2 1 2 2 2 2 2 1 1 1 2 1 1 1 1 1 2 1 2 1 2 2 2 2 2 2 1 1 1 1 1 1 1 1 1 1 1 1 1 1 1 1 1 1 2 2 2 2 2 2 2 2 1 1 2 2 1 1 1 2 2 2 2 2 2 2 2 2 2 2 2 2 2 2 2 2 2 1 1 2 2 1 1 2 2 2 1 1 1 2 2 2 2 2 2 2 2 2 2 2 2 2 2 2 2 2 2 2 2 3 2 1 1 1 2 2 1 2 2 2 1 1 2 2 1 2 2 2 2 2 2 2 2 2 3 2 2 2 2 2 2 2 2 2 2 2 2 2 2 2 1 1 1 1 1 2 1 2 1 2 2 2 2 1 1 1 1 1 2 2 2 2 2 2 2 2 2 2 2 2 2 2 2 2 2 2 2 2 2 1 2 2 2 2 2 2 2 2 2 2 2 2 2 2 2 2 2 2 2 2 2 2 2 2 2 2 2 2 2 2 2 2 2 2 2 2 2 2 2 2 2 2 2 2 2 2 2 2 1 2 2 2 2 2 2 2 2 2 2 2 2 2 2 2 2 2 2 2 2 2 2 2 2 2 2 2 2 2 2 2 2 2 2 2 2 2 2 2 2 2 2 2 2 2 2 2 2 2 2 2 2 2 2 2 2 2 2 2 2 2 2 2 2 2 2 2 2 2 2 2 2 2 2 2 2 2 2 2 2 2 2 2 2 2 2 2 2 2 2 2 2 2 2 2 2 2 2 2 2 2 2 2 2 2 2 2 2 2 2 2 2 2 </vcount>
          <v>0 0 1 1 0 2 1 3 0 4 0 5 3 6 0 7 3 8 0 9 1 10 1 11 2 12 0 13 1 14 1 15 2 16 0 17 1 18 0 19 1 20 0 21 1 22 0 23 1 24 1 25 2 26 0 27 1 28 2 29 2 30 2 31 2 32 2 33 2 34 2 35 2 36 1 37 2 38 1 39 2 40 1 41 2 42 1 43 2 44 1 45 2 46 1 47 2 48 2 49 1 50 2 51 1 52 2 53 0 54 1 55 0 56 1 57 0 58 1 59 0 60 3 61 3 62 4 63 0 64 3 65 3 66 4 67 0 68 3 69 0 70 3 71 3 72 4 73 3 74 4 75 0 76 3 77 0 78 3 79 0 80 3 81 0 82 3 83 0 84 3 85 3 86 4 87 0 88 3 89 3 90 4 91 3 92 4 93 0 94 3 95 0 96 3 97 0 98 3 99 0 100 3 101 0 102 3 103 4 104 4 105 4 106 3 107 4 108 4 109 4 110 4 111 4 112 4 113 4 114 3 115 4 116 4 117 4 118 4 119 4 120 4 121 4 122 4 123 4 124 4 125 4 126 4 127 3 128 4 129 3 130 4 131 4 132 4 133 3 134 4 135 3 136 4 137 3 138 4 139 3 140 4 141 3 142 4 143 3 144 4 145 3 146 4 147 3 148 4 149 3 150 4 151 3 152 4 153 3 154 4 155 3 156 4 157 3 158 4 159 3 160 4 161 3 162 4 163 3 164 4 165 3 166 4 167 3 168 4 169 3 170 4 171 0 172 3 173 0 174 3 175 0 176 3 177 0 178 3 179 0 180 3 181 5 182 6 183 0 184 5 185 0 186 5 187 0 188 5 189 0 190 5 191 0 192 5 193 5 194 6 195 0 196 5 197 5 198 6 199 0 200 5 201 0 202 5 203 0 204 5 205 5 206 6 207 0 208 5 209 0 210 5 211 0 212 5 213 5 214 6 215 0 216 5 217 0 218 5 219 6 220 6 221 6 222 6 223 6 224 6 225 6 226 6 227 6 228 6 229 6 230 6 231 6 232 6 233 6 234 6 235 6 236 6 237 6 238 6 239 6 240 6 241 5 242 6 243 5 244 6 245 5 246 6 247 5 248 6 249 5 250 6 251 5 252 6 253 5 254 6 255 5 256 6 257 5 258 6 259 5 260 6 261 5 262 6 263 5 264 6 265 5 266 6 267 5 268 6 269 5 270 6 271 5 272 6 273 0 274 2 275 2 276 0 277 1 278 0 279 1 280 0 281 0 282 9 283 0 284 9 285 1 286 2 287 0 288 1 289 0 290 1 291 0 292 1 293 0 294 1 295 1 296 2 297 0 298 1 299 0 300 1 301 2 302 2 303 2 304 2 305 2 306 2 307 2 308 2 309 1 310 2 311 1 312 2 313 1 314 2 315 1 316 2 317 1 318 2 319 1 320 2 321 2 322 1 323 2 324 1 325 2 326 0 327 1 328 0 329 1 330 0 331 1 332 9 333 10 334 0 335 9 336 0 337 9 338 0 339 9 340 0 341 9 342 0 343 9 344 0 345 9 346 9 347 10 348 0 349 9 350 9 351 10 352 0 353 9 354 0 355 9 356 9 357 10 358 0 359 9 360 0 361 9 362 0 363 9 364 9 365 10 366 0 367 9 368 9 369 10 370 0 371 9 372 0 373 9 374 10 375 10 376 10 377 9 378 10 379 10 380 10 381 10 382 10 383 10 384 9 385 10 386 10 387 10 388 10 389 10 390 10 391 10 392 10 393 10 394 10 395 10 396 10 397 10 398 9 399 10 400 10 401 9 402 10 403 10 404 9 405 10 406 9 407 10 408 9 409 10 410 9 411 10 412 9 413 10 414 9 415 10 416 9 417 10 418 9 419 10 420 9 421 10 422 9 423 10 424 9 425 10 426 9 427 10 428 9 429 10 430 9 431 10 432 9 433 10 434 9 435 10 436 9 437 10 438 0 439 9 440 0 441 9 442 0 443 7 444 7 445 8 446 0 447 7 448 7 449 8 450 0 451 7 452 0 453 7 454 0 455 7 456 7 457 8 458 7 459 8 460 0 461 7 462 0 463 7 464 0 465 7 466 0 467 7 468 0 469 7 470 7 471 8 472 0 473 7 474 7 475 8 476 0 477 7 478 0 479 7 480 0 481 7 482 8 483 8 484 8 485 8 486 8 487 8 488 8 489 8 490 8 491 8 492 8 493 8 494 8 495 8 496 8 497 8 498 8 499 8 500 8 501 8 502 8 503 8 504 7 505 8 506 7 507 8 508 7 509 8 510 7 511 8 512 7 513 8 514 7 515 8 516 7 517 8 518 7 519 8 520 7 521 8 522 7 523 8 524 7 525 8 526 7 527 8 528 7 529 8 530 7 531 8 532 7 533 8 534 7 535 8 536 7 537 8 538 7 539 8 540 0 541 0 542 7 543 2 544 2 545 9 546 10 547 0 548 7 549 0 550 7 551 0 552 7 553 0 554 7 555 0 556 7 557 0 558 5 559 0 560 5 561 0 562 5 563 0 564 5 565 0 566 0 567 0 568 0 569 0 570 0 571 0 572 0 573 0 574 0 575 7 576 0 577 0 578 0 579 0 580 0 581 0 582 0 583 0 584 0 585 0 586 0 587 0 588 7 589 0 590 5 591 0 592 5 593 0 594 0 595 5 596 0 597 0 598 0 599 0 600 0 601 7 602 0 603 7 604 0 605 0 606 7 607 0 608 5 609 0 610 0 611 5 612 0 613 0 614 3 615 0 616 3 617 0 618 0 619 9 620 0 621 9 622 0 623 9 624 0 625 9 626 0 627 9 628 0 629 0 630 9 631 0 632 9 633 0 634 0 635 0 636 0 637 0 638 0 639 0 640 0 641 0 642 0 643 0 644 0 645 0 646 3 647 0 648 0 649 0 650 0 651 3 652 0 653 3 654 0 655 0 656 0 657 0 658 1 659 0 660 0 661 1 662 0 663 0 664 0 665 0 666 9 667 0 668 9 669 0 670 0 671 0 672 0 673 0 674 0 675 0 676 0 677 0 678 0 679 0 680 0 681 0 682 0 683 0 684 0 685 0 686 0 687 0 688 0 689 0 690 0 691 0 692 0 693 0 694 0 695 0 696 0 697 0 698 0 699 0 700 0 701 0 702 0 703 0 704 0 705 0 706 0 707 0 708 0 709 0 710 0 711 0 712 0 713 0 714 0 715 0 716 0 717 0 718 0 719 0 720 0 721 0 722 0 723 0 724 5 725 0 726 0 727 5 728 0 729 5 730 0 731 5 732 0 733 0 734 0 735 5 736 0 737 5 738 0 739 7 740 0 741 7 742 0 743 0 744 7 745 0 746 7 747 0 748 0 749 0 750 7 751 0 752 0 753 0 754 0 755 0 756 0 757 0 758 0 759 0 760 0 761 0 762 0 763 0 764 0 765 0 766 0 767 0 768 1 769 0 770 1 771 0 772 1 773 0 774 1 775 0 776 0 777 0 778 0 779 1 780 0 781 1 782 0 783 1 784 0 785 1 786 0 787 0 788 1 789 0 790 0 791 0 792 0 793 0 794 0 795 0 796 0 797 1 798 0 799 0 800 0 801 0 802 0 803 0 804 0 805 0 806 0 807 0 808 0 809 0 810 0 811 0 812 0 813 0 814 0 815 0 816 0 817 0 818 0 819 0 820 0 821 0 822 0 823 0 824 0 825 0 826 0 827 0 828 0 829 0 830 0 831 0 832 0 833 0 834 0 835 0 836 0 837 0 838 0 839 0 840 0 841 0 842 0 843 0 844 0 845 0 846 0 847 0 848 0 849 0 850 0 851 0 852 0 853 0 854 0 855 0 856 0 857 0 858 0 859 0 860 0 861 0 862 0 863 0 864 0 865 0 866 0 867 0 868 0 869 0 870 0 871 0 872 0 873 0 874 0 875 0 876 0 877 0 878 0 879 0 880 0 881 0 882 0 883 0 884 0 885 0 886 0 887 0 888 0 889 0 890 0 891 0 892 0 893 0 894 0 895 0 896 0 897 0 898 0 899 0 900 0 901 0 902 0 903 0 904 0 905 0 906 0 907 0 908 0 909 0 910 0 911 0 912 0 913 0 914 0 915 0 916 0 917 0 918 0 919 0 920 0 921 0 922 0 923 0 924 0 925 0 926 0 927 0 928 0 929 0 930 0 931 0 932 0 933 0 934 0 935 0 936 0 937 0 938 0 939 0 940 0 941 0 942 0 943 0 944 0 945 0 946 0 947 0 948 0 949 0 950 0 951 0 952 0 953 0 954 0 955 0 956 0 957 0 958 0 959 0 960 0 961 0 962 0 963 0 964 0 965 0 966 0 967 0 968 3 969 0 970 3 971 0 972 0 973 0 974 0 975 0 976 0 977 0 978 3 979 0 980 9 981 0 982 9 983 0 984 9 985 0 986 0 987 0 988 0 989 0 990 0 991 0 992 0 993 0 994 9 995 0 996 0 997 0 998 0 999 3 1000 0 1001 3 1002 0 1003 0 1004 3 1005 0 1006 3 1007 0 1008 3 1009 0 1010 3 1011 0 1012 3 1013 0 1014 3 1015 0 1016 3 1017 0 1018 3 1019 0 1020 3 1021 0 1022 5 1023 0 1024 3 1025 0 1026 0 1027 0 1028 5 1029 0 1030 5 1031 0 1032 5 1033 0 1034 5 1035 0 1036 5 1037 0 1038 5 1039 0 1040 0 1041 0 1042 9 1043 0 1044 0 1045 9 1046 0 1047 9 1048 0 1049 9 1050 0 1051 9 1052 0 1053 9 1054 0 1055 0 1056 0 1057 0 1058 9 1059 0 1060 0 1061 0 1062 0 1063 0 1064 0 1065 9 1066 0 1067 0 1068 7 1069 0 1070 0 1071 7 1072 0 1073 7 1074 0 1075 7 1076 0 1077 7 1078 0 1079 7 1080 0 1081 7 1082 0 1083 0 1084 0 1085 0 1086 0 1087 0 1088 0 1089 0 1090 0 1091 0 1092 0 1093 0 1094 0 1095 0 1096 0 1097 0 1098 0 1099 0 1100 13 1101 14 1102 0 1103 13 1104 13 1105 14 1106 0 1107 13 1108 11 1109 12 1110 11 1111 12 1112 0 1113 11 1114 0 1115 11 1116 0 1117 0 1118 0 1119 11 1120 0 1121 11 1122 0 1123 0 1124 0 1125 0 1126 13 1127 0 1128 13 1129 13 1130 14 1131 13 1132 14 1133 11 1134 12 1135 11 1136 12 1137 11 1138 12 1139 11 1140 12 1141 11 1142 12 1143 11 1144 12 1145 11 1146 12 1147 0 1148 11 1149 0 1150 11 1151 0 1152 11 1153 0 1154 11 1155 0 1156 11 1157 11 1158 12 1159 0 1160 11 1161 0 1162 0 1163 0 1164 11 1165 0 1166 11 1167 0 1168 0 1169 0 1170 11 1171 0 1172 11 1173 0 1174 11 1175 0 1176 0 1177 0 1178 0 1179 11 1180 0 1181 11 1182 11 1183 12 1184 11 1185 12 1186 11 1187 12 1188 11 1189 12 1190 11 1191 12 1192 0 1193 11 1194 0 1195 11 1196 11 1197 12 1198 11 1199 12 1200 13 1201 14 1202 13 1203 14 1204 0 1205 13 1206 0 1207 13 1208 13 1209 14 1210 13 1211 14 1212 0 1213 13 1214 0 1215 13 1216 0 1217 13 1218 0 1219 13 1220 14 1221 0 1222 13 1223 0 1224 0 1225 0 1226 0 1227 13 1228 0 1229 13 1230 0 1231 0 1232 13 1233 0 1234 13 1235 0 1236 13 1237 0 1238 0 1239 0 1240 13 1241 0 1242 13 1243 0 1244 13 1245 14 1246 13 1247 14 1248 13 1249 14 1250 13 1251 14 1252 13 1253 14 1254 13 1255 14 1256 13 1257 14 1258 13 1259 14 1260 13 1261 14 1262 0 1263 13 1264 14 1265 0 1266 13 1267 0 1268 13 1269 13 1270 14 1271 13 1272 14 1273 13 1274 14 1275 13 1276 14 1277 11 1278 12 1279 11 1280 12 1281 11 1282 12 1283 11 1284 12 1285 11 1286 12 1287 11 1288 12 1289 11 1290 12 1291 11 1292 12 1293 11 1294 12 1295 12 1296 12 1297 12 1298 12 1299 12 1300 11 1301 12 1302 12 1303 11 1304 12 1305 14 1306 13 1307 14 1308 13 1309 14 1310 13 1311 14 1312 13 1313 14 1314 14 1315 14 1316 14 1317 14 1318 14 1319 13 1320 14 1321 1 1322 2 1323 0 1324 1 1325 1 1326 2 1327 1 1328 2 1329 0 1330 1 1331 0 1332 1 1333 1 1334 2 1335 1 1336 2 1337 0 1338 1 1339 0 1340 1 1341 0 1342 1 1343 0 1344 1 1345 1 1346 2 1347 1 1348 2 1349 1 1350 2 1351 1 1352 2 1353 3 1354 4 1355 0 1356 3 1357 0 1358 3 1359 3 1360 4 1361 4 1362 3 1363 4 1364 3 1365 4 1366 0 1367 3 1368 0 1369 3 1370 0 1371 3 1372 3 1373 4 1374 3 1375 4 1376 0 1377 3 1378 3 1379 4 1380 3 1381 4 1382 0 1383 3 1384 0 1385 5 1386 5 1387 6 1388 5 1389 6 1390 5 1391 6 1392 0 1393 5 1394 0 1395 5 1396 0 1397 5 1398 5 1399 6 1400 5 1401 6 1402 0 1403 5 1404 5 1405 6 1406 5 1407 6 1408 0 1409 5 1410 5 1411 6 1412 5 1413 6 1414 7 1415 8 1416 0 1417 7 1418 0 1419 7 1420 7 1421 8 1422 7 1423 8 1424 7 1425 8 1426 0 1427 7 1428 0 1429 7 1430 7 1431 8 1432 0 1433 7 1434 7 1435 8 1436 0 1437 7 1438 7 1439 8 1440 7 1441 8 1442 0 1443 9 1444 0 1445 9 1446 9 1447 10 1448 9 1449 10 1450 9 1451 10 1452 0 1453 9 1454 9 1455 10 1456 9 1457 10 1458 10 1459 0 1460 9 1461 0 1462 9 1463 0 1464 9 1465 9 1466 10 1467 9 1468 10 1469 9 1470 10 1471 9 1472 10 1473 3 1474 4 1475 3 1476 4 1477 3 1478 4 1479 3 1480 4 1481 3 1482 4 1483 3 1484 4 1485 3 1486 4 1487 3 1488 4 1489 3 1490 4 1491 3 1492 4 1493 3 1494 4 1495 3 1496 4 1497 3 1498 4 1499 3 1500 4 1501 3 1502 4 1503 3 1504 4 1505 3 1506 4 1507 3 1508 4 1509 3 1510 4 1511 3 1512 4 1513 1 1514 2 1515 1 1516 2 1517 1 1518 2 1519 1 1520 2 1521 1 1522 2 1523 1 1524 2 1525 1 1526 2 1527 1 1528 2 1529 1 1530 2 1531 1 1532 2 1533 1 1534 2 1535 1 1536 2 1537 1 1538 2 1539 1 1540 2 1541 1 1542 2 1543 1 1544 2 1545 1 1546 2 1547 1 1548 2 1549 1 1550 2 1551 1 1552 2 1553 1 1554 2 1555 1 1556 2 1557 9 1558 10 1559 9 1560 10 1561 9 1562 10 1563 9 1564 10 1565 9 1566 10 1567 9 1568 10 1569 9 1570 10 1571 9 1572 10 1573 9 1574 10 1575 9 1576 10 1577 9 1578 10 1579 9 1580 10 1581 9 1582 10 1583 9 1584 10 1585 9 1586 10 1587 9 1588 10 1589 9 1590 10 1591 9 1592 10 1593 9 1594 10 1595 9 1596 10 1597 9 1598 10 1599 9 1600 10 1601 7 1602 8 1603 7 1604 8 1605 7 1606 8 1607 7 1608 8 1609 7 1610 8 1611 7 1612 8 1613 7 1614 8 1615 7 1616 8 1617 7 1618 8 1619 7 1620 8 1621 7 1622 8 1623 7 1624 8 1625 7 1626 8 1627 7 1628 8 1629 7 1630 8 1631 7 1632 8 1633 7 1634 8 1635 7 1636 8 1637 7 1638 8 1639 7 1640 8 1641 5 1642 6 1643 5 1644 6 1645 5 1646 6 1647 5 1648 6 1649 5 1650 6 1651 5 1652 6 1653 5 1654 6 1655 5 1656 6 1657 5 1658 6 1659 5 1660 6 1661 5 1662 6 1663 5 1664 6 1665 5 1666 6 1667 5 1668 6 1669 5 1670 6 1671 5 1672 6 1673 5 1674 6 1675 5 1676 6 1677 5 1678 6 1679 5 1680 6 1681 5 1682 6 1683 5 1684 6 1685</v>
        </vertex_weights>
      </skin>
    </controller>
  </library_controllers>
  <library_visual_scenes>
    <visual_scene id="Default" name="Default">
      <node id="chr631_armature" name="chr631_armature" type="NODE">
        <matrix sid="transform">1 0 0 0 0 1 0 0 0 0 1 0 0 0 0 1</matrix>
        <node id="GRP_joint" name="GRP_joint" sid="GRP_joint" type="JOINT">
          <matrix sid="transform">1 0 0 0 0 1 0 0 0 0 1 0 0 0 0 1</matrix>
          <node id="J_root_131" name="J_root_131" sid="J_root_131" type="JOINT">
            <matrix sid="transform">1 0 0 0 0 0.9887462 0.1496029 0 0 -0.1496029 0.9887462 0 0 0 0 1</matrix>
            <node id="J_center" name="J_center" sid="J_center" type="JOINT">
              <matrix sid="transform">1 0 0 0 0 0.9887461 -0.1496029 0.01382513 0 0.1496029 0.9887461 0 0 0 0 1</matrix>
              <node id="J_momo_F" name="J_momo_F" sid="J_momo_F" type="JOINT">
                <matrix sid="transform">1 0 0 0 0 -0.3979258 -0.9174176 0.002943751 0 0.9174176 -0.3979256 0.01158303 0 0 0 1</matrix>
                <node id="J_hiza_F" name="J_hiza_F" sid="J_hiza_F" type="JOINT">
                  <matrix sid="transform">1 0 0 0 0 -0.3979257 0.9174176 0.01204044 0 -0.9174176 -0.3979257 0 0 0 0 1</matrix>
                </node>
              </node>
              <node id="J_momo_L1" name="J_momo_L1" sid="J_momo_L1" type="JOINT">
                <matrix sid="transform">-0.04776104 0.7942442 -0.6057185 0.009987771 -0.7942442 -0.3979316 -0.4591585 0.002943751 -0.6057185 0.4591586 0.6498296 0.005764365 0 0 0 1</matrix>
                <node id="J_hiza_L1" name="J_hiza_L1" sid="J_hiza_L1" type="JOINT">
                  <matrix sid="transform">-0.04776096 -0.7942442 -0.6057186 0 0.7942442 -0.3979315 0.4591586 0.01204026 -0.6057186 -0.4591586 0.6498296 -9.31323e-10 0 0 0 1</matrix>
                </node>
              </node>
              <node id="J_momo_L2" name="J_momo_L2" sid="J_momo_L2" type="JOINT">
                <matrix sid="transform">-0.3327664 0.9128761 0.2364824 0.01040118 -0.9128761 -0.3747271 0.1619782 0.002943751 0.2364824 -0.1619782 0.9580392 -0.007543205 0 0 0 1</matrix>
                <node id="J_hiza_L2" name="J_hiza_L2" sid="J_hiza_L2" type="JOINT">
                  <matrix sid="transform">-0.3327663 -0.9128761 0.2364823 1.86265e-9 0.912876 -0.3747271 -0.1619782 0.01131389 0.2364824 0.1619782 0.9580393 0 0 0 0 1</matrix>
                </node>
              </node>
              <node id="J_momo_R2" name="J_momo_R2" sid="J_momo_R2" type="JOINT">
                <matrix sid="transform">-0.3327664 -0.9128761 -0.2364824 -0.01040118 0.9128761 -0.3747271 0.1619782 0.002943751 -0.2364824 -0.1619782 0.9580392 -0.007543205 0 0 0 1</matrix>
                <node id="J_hiza_R2" name="J_hiza_R2" sid="J_hiza_R2" type="JOINT">
                  <matrix sid="transform">-0.3327663 0.9128761 -0.2364823 -1.86265e-9 -0.912876 -0.3747271 -0.1619782 0.01131389 -0.2364824 0.1619782 0.9580393 0 0 0 0 1</matrix>
                </node>
              </node>
              <node id="J_momo_R1" name="J_momo_R1" sid="J_momo_R1" type="JOINT">
                <matrix sid="transform">-0.04776104 -0.7942442 0.6057185 -0.009987771 0.7942442 -0.3979316 -0.4591585 0.002943751 0.6057185 0.4591586 0.6498296 0.005764365 0 0 0 1</matrix>
                <node id="J_hiza_R1" name="J_hiza_R1" sid="J_hiza_R1" type="JOINT">
                  <matrix sid="transform">-0.04776096 0.7942442 0.6057186 0 -0.7942442 -0.3979315 0.4591586 0.01204026 0.6057186 -0.4591586 0.6498296 -9.31323e-10 0 0 0 1</matrix>
                </node>
              </node>
              <node id="J_mimi_L01" name="J_mimi_L01" sid="J_mimi_L01" type="JOINT">
                <matrix sid="transform">0.9404719 0.3297277 0.08241447 0.004590868 -0.3297277 0.826372 0.4564964 0.02585101 0.08241447 -0.4564964 0.8859001 0.001459581 0 0 0 1</matrix>
                <node id="J_mimi_L02" name="J_mimi_L02" sid="J_mimi_L02" type="JOINT">
                  <matrix sid="transform">0.940472 -0.3297276 0.08241447 9.31323e-10 0.3297277 0.826372 -0.4564964 0.01152549 0.08241447 0.4564963 0.8859001 0 0 0 0 1</matrix>
                </node>
              </node>
              <node id="J_mimi_R01" name="J_mimi_R01" sid="J_mimi_R01" type="JOINT">
                <matrix sid="transform">0.9404719 -0.3297277 -0.08241447 -0.004590868 0.3297277 0.826372 0.4564964 0.02585101 -0.08241447 -0.4564964 0.8859001 0.001459581 0 0 0 1</matrix>
                <node id="J_mimi_R02" name="J_mimi_R02" sid="J_mimi_R02" type="JOINT">
                  <matrix sid="transform">0.940472 0.3297276 -0.08241447 -9.31323e-10 -0.3297277 0.826372 -0.4564964 0.01152549 -0.08241447 0.4564963 0.8859001 0 0 0 0 1</matrix>
                </node>
              </node>
            </node>
          </node>
          <node id="TP01" name="TP01" sid="TP01" type="JOINT">
            <matrix sid="transform">1 0 0 0 0 1 0 0 0 0 1 0 0 0 0 1</matrix>
          </node>
          <node id="CP01" name="CP01" sid="CP01" type="JOINT">
            <matrix sid="transform">1 0 0 0 0 1 0 0 0 0 1 0 0 0 0 1</matrix>
          </node>
          <node id="GP01" name="GP01" sid="GP01" type="JOINT">
            <matrix sid="transform">1 0 0 0 0 1 0 0 0 0 1 0 0 0 0 1</matrix>
          </node>
          <node id="FP01" name="FP01" sid="FP01" type="JOINT">
            <matrix sid="transform">1 0 0 0 0 1 0 0 0 0 1 0 0 0 0 1</matrix>
          </node>
        </node>
        <node id="GRP_mesh" name="GRP_mesh" sid="GRP_mesh" type="JOINT">
          <matrix sid="transform">1 0 0 0 0 1 0 0 0 0 1 0 0 0 0 1</matrix>
        </node>
      </node>
      <node id="chr631_0" name="chr631_0" type="NODE">
        <translate sid="location">0 0 0</translate>
        <rotate sid="rotationZ">0 0 1 0</rotate>
        <rotate sid="rotationY">0 1 0 0</rotate>
        <rotate sid="rotationX">1 0 0 0</rotate>
        <scale sid="scale">1 1 1</scale>
        <instance_controller url="#chr631_armature_chr631_0-skin">
          <skeleton>#GRP_joint</skeleton>
          <skeleton>#GRP_mesh</skeleton>
          <bind_material>
            <technique_common>
              <instance_material symbol="chr631_mat_000-material" target="#chr631_mat_000-material">
                <bind_vertex_input semantic="chr631_0-mesh-map-0" input_semantic="TEXCOORD" input_set="0"/>
              </instance_material>
            </technique_common>
          </bind_material>
        </instance_controller>
      </node>
      <node id="chr631_1" name="chr631_1" type="NODE">
        <translate sid="location">0 0 0</translate>
        <rotate sid="rotationZ">0 0 1 0</rotate>
        <rotate sid="rotationY">0 1 0 0</rotate>
        <rotate sid="rotationX">1 0 0 0</rotate>
        <scale sid="scale">1 1 1</scale>
        <instance_controller url="#chr631_armature_chr631_1-skin">
          <skeleton>#GRP_joint</skeleton>
          <skeleton>#GRP_mesh</skeleton>
          <bind_material>
            <technique_common>
              <instance_material symbol="chr631_mat_001-material" target="#chr631_mat_001-material">
                <bind_vertex_input semantic="chr631_1-mesh-map-0" input_semantic="TEXCOORD" input_set="0"/>
              </instance_material>
            </technique_common>
          </bind_material>
        </instance_controller>
      </node>
      <node id="chr631_2" name="chr631_2" type="NODE">
        <translate sid="location">0 0 0</translate>
        <rotate sid="rotationZ">0 0 1 0</rotate>
        <rotate sid="rotationY">0 1 0 0</rotate>
        <rotate sid="rotationX">1 0 0 0</rotate>
        <scale sid="scale">1 1 1</scale>
        <instance_controller url="#chr631_armature_chr631_2-skin">
          <skeleton>#GRP_joint</skeleton>
          <skeleton>#GRP_mesh</skeleton>
          <bind_material>
            <technique_common>
              <instance_material symbol="chr631_mat_002-material" target="#chr631_mat_002-material"/>
            </technique_common>
          </bind_material>
        </instance_controller>
      </node>
    </visual_scene>
  </library_visual_scenes>
  <scene>
    <instance_visual_scene url="#Default"/>
  </scene>
</COLLADA>