<?xml version="1.0" encoding="utf-8"?>
<COLLADA xmlns="http://www.collada.org/2005/11/COLLADASchema" version="1.4.1">
  <asset>
    <created>2014-02-09T10:06:39Z</created>
    <modified>2014-02-09T10:06:39Z</modified>
  </asset>
  <library_images>
    <image id="Image">
      <init_from>Silica_def_face.png</init_from>
    </image>
    <image id="Image1">
      <init_from>Silica_def_hair.png</init_from>
    </image>
    <image id="Image2">
      <init_from>Silica_def_legs.png</init_from>
    </image>
    <image id="Image3">
      <init_from>Silica_def_arms.png</init_from>
    </image>
    <image id="Image4">
      <init_from>Silica_def_body.png</init_from>
    </image>
  </library_images>
  <library_materials>
    <material id="VisualMaterial" name="assets_textures_Silica_def_face_png">
      <instance_effect url="#Effect"/>
      <extra>
        <technique profile="FCOLLADA">
          <user_properties>assets/textures/Silica_def_face.png</user_properties>
        </technique>
      </extra>
    </material>
    <material id="VisualMaterial1" name="assets_textures_Silica_def_hair_png">
      <instance_effect url="#Effect1"/>
      <extra>
        <technique profile="FCOLLADA">
          <user_properties>assets/textures/Silica_def_hair.png</user_properties>
        </technique>
      </extra>
    </material>
    <material id="VisualMaterial2" name="assets_textures_Silica_def_legs_png">
      <instance_effect url="#Effect2"/>
      <extra>
        <technique profile="FCOLLADA">
          <user_properties>assets/textures/Silica_def_legs.png</user_properties>
        </technique>
      </extra>
    </material>
    <material id="VisualMaterial3" name="assets_textures_Silica_def_arms_png">
      <instance_effect url="#Effect3"/>
      <extra>
        <technique profile="FCOLLADA">
          <user_properties>assets/textures/Silica_def_arms.png</user_properties>
        </technique>
      </extra>
    </material>
    <material id="VisualMaterial4" name="assets_textures_Silica_def_body_png">
      <instance_effect url="#Effect4"/>
      <extra>
        <technique profile="FCOLLADA">
          <user_properties>assets/textures/Silica_def_body.png</user_properties>
        </technique>
      </extra>
    </material>
  </library_materials>
  <library_effects>
    <effect id="Effect" name="Silica_def_face_png">
      <profile_COMMON>
        <newparam sid="Image-surface">
          <surface type="2D">
            <init_from>Image</init_from>
            <format>A8R8G8B8</format>
          </surface>
        </newparam>
        <newparam sid="Image-sampler">
          <sampler2D>
            <source>Image-surface</source>
            <wrap_s>WRAP</wrap_s>
            <wrap_t>WRAP</wrap_t>
            <minfilter>NONE</minfilter>
            <magfilter>NONE</magfilter>
            <mipfilter>NONE</mipfilter>
          </sampler2D>
        </newparam>
        <technique sid="common">
          <phong>
            <emission>
              <color>0 0 0 1</color>
            </emission>
            <ambient>
              <color>0 0 0 1</color>
            </ambient>
            <diffuse>
              <texture texture="Image-sampler" texcoord=""/>
            </diffuse>
            <specular>
              <color>1 1 1 1</color>
            </specular>
            <shininess>
              <float>0</float>
            </shininess>
            <transparent opaque="A_ONE">
              <color>0 0 0 1</color>
            </transparent>
            <transparency>
              <float>1</float>
            </transparency>
            <index_of_refraction>
              <float>1.55</float>
            </index_of_refraction>
          </phong>
          <extra>
            <technique profile="FCOLLADA">
              <spec_level>
                <float>0</float>
              </spec_level>
            </technique>
          </extra>
        </technique>
      </profile_COMMON>
      <extra>
        <technique profile="FCOLLADA">
          <user_properties>Silica_def_face.png</user_properties>
        </technique>
      </extra>
    </effect>
    <effect id="Effect1" name="Silica_def_hair_png">
      <profile_COMMON>
        <newparam sid="Image1-surface">
          <surface type="2D">
            <init_from>Image1</init_from>
            <format>A8R8G8B8</format>
          </surface>
        </newparam>
        <newparam sid="Image1-sampler">
          <sampler2D>
            <source>Image1-surface</source>
            <wrap_s>WRAP</wrap_s>
            <wrap_t>WRAP</wrap_t>
            <minfilter>NONE</minfilter>
            <magfilter>NONE</magfilter>
            <mipfilter>NONE</mipfilter>
          </sampler2D>
        </newparam>
        <technique sid="common">
          <phong>
            <emission>
              <color>0 0 0 1</color>
            </emission>
            <ambient>
              <color>0 0 0 1</color>
            </ambient>
            <diffuse>
              <texture texture="Image1-sampler" texcoord=""/>
            </diffuse>
            <specular>
              <color>1 1 1 1</color>
            </specular>
            <shininess>
              <float>0</float>
            </shininess>
            <transparent opaque="A_ONE">
              <color>0 0 0 1</color>
            </transparent>
            <transparency>
              <float>1</float>
            </transparency>
            <index_of_refraction>
              <float>1.55</float>
            </index_of_refraction>
          </phong>
          <extra>
            <technique profile="FCOLLADA">
              <spec_level>
                <float>0</float>
              </spec_level>
            </technique>
          </extra>
        </technique>
      </profile_COMMON>
      <extra>
        <technique profile="FCOLLADA">
          <user_properties>Silica_def_hair.png</user_properties>
        </technique>
      </extra>
    </effect>
    <effect id="Effect2" name="Silica_def_legs_png">
      <profile_COMMON>
        <newparam sid="Image2-surface">
          <surface type="2D">
            <init_from>Image2</init_from>
            <format>A8R8G8B8</format>
          </surface>
        </newparam>
        <newparam sid="Image2-sampler">
          <sampler2D>
            <source>Image2-surface</source>
            <wrap_s>WRAP</wrap_s>
            <wrap_t>WRAP</wrap_t>
            <minfilter>NONE</minfilter>
            <magfilter>NONE</magfilter>
            <mipfilter>NONE</mipfilter>
          </sampler2D>
        </newparam>
        <technique sid="common">
          <phong>
            <emission>
              <color>0 0 0 1</color>
            </emission>
            <ambient>
              <color>0 0 0 1</color>
            </ambient>
            <diffuse>
              <texture texture="Image2-sampler" texcoord=""/>
            </diffuse>
            <specular>
              <color>1 1 1 1</color>
            </specular>
            <shininess>
              <float>0</float>
            </shininess>
            <transparent opaque="A_ONE">
              <color>0 0 0 1</color>
            </transparent>
            <transparency>
              <float>1</float>
            </transparency>
            <index_of_refraction>
              <float>1.55</float>
            </index_of_refraction>
          </phong>
          <extra>
            <technique profile="FCOLLADA">
              <spec_level>
                <float>0</float>
              </spec_level>
            </technique>
          </extra>
        </technique>
      </profile_COMMON>
      <extra>
        <technique profile="FCOLLADA">
          <user_properties>Silica_def_legs.png</user_properties>
        </technique>
      </extra>
    </effect>
    <effect id="Effect3" name="Silica_def_arms_png">
      <profile_COMMON>
        <newparam sid="Image3-surface">
          <surface type="2D">
            <init_from>Image3</init_from>
            <format>A8R8G8B8</format>
          </surface>
        </newparam>
        <newparam sid="Image3-sampler">
          <sampler2D>
            <source>Image3-surface</source>
            <wrap_s>WRAP</wrap_s>
            <wrap_t>WRAP</wrap_t>
            <minfilter>NONE</minfilter>
            <magfilter>NONE</magfilter>
            <mipfilter>NONE</mipfilter>
          </sampler2D>
        </newparam>
        <technique sid="common">
          <phong>
            <emission>
              <color>0 0 0 1</color>
            </emission>
            <ambient>
              <color>0 0 0 1</color>
            </ambient>
            <diffuse>
              <texture texture="Image3-sampler" texcoord=""/>
            </diffuse>
            <specular>
              <color>1 1 1 1</color>
            </specular>
            <shininess>
              <float>0</float>
            </shininess>
            <transparent opaque="A_ONE">
              <color>0 0 0 1</color>
            </transparent>
            <transparency>
              <float>1</float>
            </transparency>
            <index_of_refraction>
              <float>1.55</float>
            </index_of_refraction>
          </phong>
          <extra>
            <technique profile="FCOLLADA">
              <spec_level>
                <float>0</float>
              </spec_level>
            </technique>
          </extra>
        </technique>
      </profile_COMMON>
      <extra>
        <technique profile="FCOLLADA">
          <user_properties>Silica_def_arms.png</user_properties>
        </technique>
      </extra>
    </effect>
    <effect id="Effect4" name="Silica_def_body_png">
      <profile_COMMON>
        <newparam sid="Image4-surface">
          <surface type="2D">
            <init_from>Image4</init_from>
            <format>A8R8G8B8</format>
          </surface>
        </newparam>
        <newparam sid="Image4-sampler">
          <sampler2D>
            <source>Image4-surface</source>
            <wrap_s>WRAP</wrap_s>
            <wrap_t>WRAP</wrap_t>
            <minfilter>NONE</minfilter>
            <magfilter>NONE</magfilter>
            <mipfilter>NONE</mipfilter>
          </sampler2D>
        </newparam>
        <technique sid="common">
          <phong>
            <emission>
              <color>0 0 0 1</color>
            </emission>
            <ambient>
              <color>0 0 0 1</color>
            </ambient>
            <diffuse>
              <texture texture="Image4-sampler" texcoord=""/>
            </diffuse>
            <specular>
              <color>1 1 1 1</color>
            </specular>
            <shininess>
              <float>0</float>
            </shininess>
            <transparent opaque="A_ONE">
              <color>0 0 0 1</color>
            </transparent>
            <transparency>
              <float>1</float>
            </transparency>
            <index_of_refraction>
              <float>1.55</float>
            </index_of_refraction>
          </phong>
          <extra>
            <technique profile="FCOLLADA">
              <spec_level>
                <float>0</float>
              </spec_level>
            </technique>
          </extra>
        </technique>
      </profile_COMMON>
      <extra>
        <technique profile="FCOLLADA">
          <user_properties>Silica_def_body.png</user_properties>
        </technique>
      </extra>
    </effect>
  </library_effects>
  <library_geometries>
    <geometry id="Geometry" name="mesh0">
      <mesh>
        <source id="GeometrySource" name="mesh0Pos">
          <float_array id="GeometrySource-array" count="282">0.055998 -0.050468 1.47418 0.025263 -0.080745 1.41785 0.071007 -0.04785 1.41537 0.073059 -0.045534 1.39793 0.013587 -0.076581 1.39563 0.009837 -0.073086 1.34663 0 -0.081366 1.3648 0 -0.082619 1.35038 -0.009837 -0.073086 1.34663 0 -0.08629 1.34393 -0.009262 -0.081698 1.33452 0 -0.09744 1.33877 0 -0.083375 1.32156 0.009262 -0.081698 1.33452 0.033278 -0.059247 1.30995 0.038607 -0.061184 1.32262 0.057117 -0.042744 1.31597 0.043897 -0.059148 1.33784 0.062138 -0.04227 1.3294 0.066204 -0.042755 1.34748 0.063298 0.002429 1.32668 0.077139 0.005408 1.37593 0.075608 -0.008834 1.45815 0 -0.081169 1.47666 0 -0.088234 1.41794 0 -0.088378 1.39841 -0.025263 -0.080745 1.41785 -0.013587 -0.076581 1.39563 -0.073059 -0.045534 1.39793 -0.066204 -0.042755 1.34748 -0.043897 -0.059148 1.33784 -0.062138 -0.04227 1.3294 -0.057117 -0.042744 1.31597 0.006703 -0.05441 1.2803 0 -0.057442 1.27905 0 -0.047926 1.27849 -0.006703 -0.05441 1.2803 -0.030413 -0.024419 1.29335 -0.029726 -0.048177 1.29362 -0.048904 -0.011779 1.30505 -0.047588 -0.042716 1.30457 -0.057117 -0.042744 1.31597 0.030413 -0.024419 1.29335 0.029726 -0.048177 1.29362 0.047588 -0.042716 1.30457 0.048904 -0.011779 1.30505 -0.029726 -0.048177 1.29362 -0.033278 -0.059247 1.30995 -0.047588 -0.042716 1.30457 -0.038607 -0.061184 1.32262 -0.063298 0.002429 1.32668 -0.062138 -0.04227 1.3294 -0.066204 -0.042755 1.34748 -0.073059 -0.045534 1.39793 -0.077139 0.005408 1.37593 -0.071007 -0.04785 1.41537 -0.075608 -0.008834 1.45815 -0.055998 -0.050468 1.47418 -0.006703 -0.05441 1.2803 0.098826 0.019231 1.38148 0.077139 0.005408 1.37593 0.063298 0.002429 1.32668 0.098342 0.023642 1.35496 0.077668 0.017546 1.37303 -0.098826 0.019231 1.38148 -0.063298 0.002429 1.32668 -0.077139 0.005408 1.37593 -0.077668 0.017546 1.37303 -0.098342 0.023642 1.35496 -0.055998 -0.050468 1.47418 -0.071007 -0.04785 1.41537 0.077668 0.017546 1.37303 0.098342 0.023642 1.35496 0.075608 -0.008834 1.45815 0.077139 0.005408 1.37593 0.058487 0.060473 1.40632 0.077139 0.005408 1.37593 0.077668 0.017546 1.37303 0.058487 0.060473 1.40632 -0.098342 0.023642 1.35496 -0.077668 0.017546 1.37303 -0.058487 0.060473 1.40632 -0.077139 0.005408 1.37593 -0.075608 -0.008834 1.45815 -0.058487 0.060473 1.40632 -0.077668 0.017546 1.37303 -0.077139 0.005408 1.37593 0.03912 0.038021 1.30497 0.03912 0.038021 1.30497 -0.039123 0.038021 1.30497 0.026698 -0.002793 1.29659 -0.000002 -0.022266 1.28433 -0.026701 -0.002793 1.29659 -0.039123 0.038021 1.30497</float_array>
          <technique_common>
            <accessor source="#GeometrySource-array" count="94" stride="3">
              <param name="X" type="float"/>
              <param name="Y" type="float"/>
              <param name="Z" type="float"/>
            </accessor>
          </technique_common>
        </source>
        <source id="GeometrySource1" name="mesh0Nrm">
          <float_array id="GeometrySource1-array" count="282">0.689501 -0.70025 0.185036 0.473853 -0.878501 -0.060815 0.884292 -0.458646 0.087582 0.79674 -0.585842 -0.148305 0.527355 -0.816301 -0.235688 0.581706 -0.793123 0.180481 0 -0.996348 -0.085389 0 -0.955265 0.29575 -0.581706 -0.793123 0.180481 0 -0.742123 0.670264 -0.66061 -0.747856 0.065619 0 -0.981473 0.191598 0 -0.870081 -0.492909 0.66061 -0.747856 0.065619 0.51438 -0.739301 -0.434564 0.57347 -0.787428 -0.22603 0.762461 -0.508882 -0.399616 0.582497 -0.811002 0.054518 0.885708 -0.331661 -0.324843 0.813803 -0.578361 -0.05677 0.889673 0.200182 -0.410378 0.992461 -0.112458 -0.048735 0.966062 -0.233964 0.109478 0 -0.985277 0.170968 0 -0.99798 0.06353 0 -0.9736 -0.22826 -0.473853 -0.878502 -0.060815 -0.527355 -0.816301 -0.235688 -0.494573 -0.854286 -0.15998 -0.530239 -0.846986 0.038227 -0.582497 -0.811002 0.054518 -0.621055 -0.762324 -0.182079 -0.620396 -0.725126 -0.298833 0.449023 -0.405343 -0.796288 0 -0.495992 -0.868327 -0.000006 0.095343 -0.995444 -0.362681 0.011789 -0.931839 -0.407339 0.113489 -0.906198 -0.525824 -0.019636 -0.850367 -0.676617 0.057363 -0.734097 -0.654324 -0.016079 -0.756043 -0.861832 0.050615 -0.504662 0.407323 0.113512 -0.906203 0.556147 -0.289874 -0.778892 0.643737 -0.356461 -0.677154 0.676608 0.057378 -0.734104 -0.517855 -0.65155 -0.554354 -0.51438 -0.739301 -0.434564 -0.556077 -0.649954 -0.518014 -0.57347 -0.787428 -0.22603 -0.889679 0.200165 -0.410373 -0.928435 0.009944 -0.371362 -0.983938 -0.01847 -0.177555 -0.992914 -0.072903 -0.093842 -0.992461 -0.112458 -0.048735 -0.979775 -0.16643 0.111094 -0.966062 -0.233964 0.109478 -0.912637 -0.346104 0.217497 -0.446073 -0.739068 -0.504774 0.566921 -0.371199 0.735399 0.175788 -0.591557 0.786867 0.574169 -0.809274 -0.12412 0.924666 0.37799 0.045996 -0.307946 0.714267 0.628484 -0.566921 -0.371199 0.735399 -0.574169 -0.809274 -0.12412 -0.175788 -0.591557 0.786867 0.307946 0.714267 0.628484 -0.924666 0.37799 0.045996 -0.53241 -0.83187 0.156626 -0.584753 -0.810365 0.037061 0.311929 0.87052 -0.380652 -0.409366 0.897195 -0.165713 0.955702 0.28651 0.067424 0.955702 0.28651 0.067424 0.955702 0.28651 0.067424 0.898516 0.064745 0.43414 0.933303 0.347831 0.089211 0.933303 0.347831 0.089211 0.409366 0.897195 -0.165713 -0.311955 0.870509 -0.380656 -0.955702 0.28651 0.067424 -0.955702 0.28651 0.067424 -0.955702 0.28651 0.067424 -0.933305 0.347822 0.089223 -0.933305 0.347822 0.089223 -0.898516 0.064745 0.43414 0.781128 0.561238 -0.27359 0.709069 0.20253 -0.675428 -0.709096 0.202491 -0.675412 0.365323 0.156678 -0.917601 -0.000018 0.210432 -0.977608 -0.365359 0.156643 -0.917592 -0.781143 0.561227 -0.273567</float_array>
          <technique_common>
            <accessor source="#GeometrySource1-array" count="94" stride="3">
              <param name="X" type="float"/>
              <param name="Y" type="float"/>
              <param name="Z" type="float"/>
            </accessor>
          </technique_common>
        </source>
        <source id="GeometrySource2" name="mesh0UV">
          <float_array id="GeometrySource2-array" count="188">0.716818 0.965523 0.536842 0.809125 0.779418 0.797395 0.791156 0.699646 0.478154 0.687916 0.462504 0.437679 0.403816 0.531518 0.403816 0.457229 0.349041 0.437679 0.403816 0.414219 0.360779 0.375119 0.403816 0.390759 0.403816 0.31256 0.450767 0.375119 0.575967 0.250001 0.61118 0.31256 0.705081 0.27346 0.64248 0.382939 0.732468 0.33602 0.755943 0.437679 0.955482 0.34384 0.994607 0.609717 0.951569 0.883414 0.403816 0.992893 0.403816 0.816945 0.403816 0.699646 0.274703 0.809125 0.333391 0.687916 0.020389 0.699646 0.055602 0.437679 0.169065 0.382939 0.079077 0.33602 0.102552 0.27346 0.446854 0.058413 0.403816 0.054503 0.419466 0.015403 0.446854 0.058413 0.783331 0.136612 0.583792 0.140522 0.920269 0.261731 0.654218 0.206991 0.705081 0.27346 0.783331 0.136612 0.583792 0.140522 0.654218 0.206991 0.920269 0.261731 0.227753 0.140522 0.235578 0.250001 0.157327 0.206991 0.200365 0.31256 0.955482 0.34384 0.732468 0.33602 0.755943 0.437679 0.791156 0.699646 0.994607 0.609717 0.779418 0.797395 0.951569 0.883414 0.716818 0.965523 0.364691 0.058413 0.020389 0.105332 0.055602 0.023223 0.337303 0.027133 0.149502 0.183531 0.09864 0.085782 0.020389 0.105332 0.337303 0.027133 0.055602 0.023223 0.09864 0.085782 0.149502 0.183531 0.094727 0.965523 0.032127 0.797395 0.990695 0.31647 0.994607 0.492418 0.814631 0.942064 0.842019 0.856044 0.912444 0.891234 0.853756 0.852134 0.877232 0.832585 0.939832 0.895144 0.994607 0.492418 0.990695 0.31647 0.912444 0.891234 0.842019 0.856044 0.814631 0.942064 0.939832 0.895144 0.877232 0.832585 0.853756 0.852134 0.912444 0.719196 0.986782 0.160072 0.986782 0.160072 0.885057 0.062323 0.701168 0.007583 0.885057 0.062323 0.912444 0.719196</float_array>
          <technique_common>
            <accessor source="#GeometrySource2-array" count="94" stride="2">
              <param name="S" type="float"/>
              <param name="T" type="float"/>
            </accessor>
          </technique_common>
        </source>
        <vertices id="Geometry-vertices">
          <input semantic="POSITION" source="#GeometrySource"/>
          <input semantic="NORMAL" source="#GeometrySource1"/>
          <input semantic="TEXCOORD" source="#GeometrySource2"/>
        </vertices>
        <triangles material="VisualMaterial0" count="116">
          <input semantic="VERTEX" source="#Geometry-vertices" offset="0"/>
          <p>0 1 2 3 2 1 1 4 3 5 3 4 4 6 5 7 5 6 6 8 7 9 7 8 8 10 9 11 9 10 10 12 11 13 11 12 12 14 13 15 13 14 14 16 15 17 15 16 16 18 17 19 17 18 18 20 19 3 19 20 20 21 3 2 3 21 21 22 2 0 2 22 1 0 23 23 24 1 25 1 24 24 26 25 27 25 26 26 28 27 8 27 28 28 29 8 30 8 29 29 31 30 32 30 31 33 14 12 12 34 33 35 33 34 34 36 35 37 35 36 36 38 37 39 37 38 38 40 39 41 39 40 33 35 42 42 43 33 14 33 43 43 44 14 16 14 44 44 45 16 18 16 45 45 20 18 46 47 48 32 48 47 47 49 32 30 32 49 49 10 30 8 30 10 50 51 52 52 53 50 54 50 53 53 55 54 56 54 55 55 57 56 49 47 10 12 10 47 47 58 12 34 12 58 1 25 4 6 4 25 25 27 6 8 6 27 5 7 9 9 13 5 17 5 13 13 15 17 59 60 61 61 62 59 63 59 62 64 65 66 66 67 64 68 64 67 26 23 69 69 70 26 28 26 70 39 41 51 51 50 39 5 17 19 19 3 5 45 44 43 43 42 45 46 58 47 20 71 72 63 60 59 73 74 75 76 77 78 79 80 50 68 65 64 81 82 83 84 85 86 23 26 24 11 13 9 77 87 78 20 45 88 80 89 50 45 42 90 39 50 89 42 35 91 37 91 35 37 39 92 84 93 85 91 90 42 90 88 45 88 71 20 89 92 39 92 91 37</p>
        </triangles>
      </mesh>
    </geometry>
    <geometry id="Geometry1" name="mesh1">
      <mesh>
        <source id="GeometrySource3" name="mesh1Pos">
          <float_array id="GeometrySource3-array" count="939">0.100033 0.068459 1.45588 0.074176 0.078694 1.43598 0.083436 0.05964 1.44782 0.094166 0.041723 1.43546 0.114953 0.043545 1.43869 0.095635 0.04286 1.41126 0.116997 0.045126 1.40791 0.086375 0.061914 1.39942 0.10412 0.071622 1.39145 0.075645 0.079831 1.41178 0.0892 0.096536 1.40864 0.087157 0.094954 1.44228 0.116649 0.077495 1.45218 0.129307 0.056357 1.4376 0.131041 0.057699 1.41192 0.120116 0.080178 1.39796 0.107458 0.101316 1.41254 0.105724 0.099974 1.43822 0.129081 0.079112 1.42717 -0.129081 0.079112 1.42717 -0.129307 0.056357 1.4376 -0.116649 0.077495 1.45218 -0.105724 0.099974 1.43822 -0.107458 0.101316 1.41254 -0.0892 0.096535 1.40864 -0.120116 0.080178 1.39796 -0.10412 0.071622 1.39145 -0.131041 0.057699 1.41192 -0.116997 0.045126 1.40791 -0.114953 0.043545 1.43869 -0.100033 0.068459 1.45588 -0.087157 0.094954 1.44228 -0.074176 0.078694 1.43598 -0.075645 0.079831 1.41178 -0.086375 0.061914 1.39942 -0.095635 0.04286 1.41126 -0.094165 0.041723 1.43546 -0.083436 0.05964 1.44782 -0.101429 0.032664 1.38889 -0.074175 0.044048 1.34772 -0.077139 0.005408 1.37593 -0.102052 0.009187 1.4065 -0.095162 0.063083 1.40237 -0.09632 0.057566 1.45304 -0.060394 0.107836 1.41153 -0.051122 0.104577 1.46071 0 0.123134 1.40993 0 0.117372 1.45983 0.051122 0.104577 1.46071 0 0.096056 1.50073 0.028971 0.084747 1.50516 0 0.059853 1.524 0.052929 0.048298 1.50821 0 0.012074 1.52644 0.065754 0.002364 1.50856 0.056431 -0.020141 1.50922 0.09788 -0.001665 1.4656 0.017431 -0.109873 1.42224 0.018774 -0.091594 1.38514 0.028877 -0.092779 1.4085 0.038842 -0.079452 1.44617 0.020701 -0.103412 1.45039 0.041656 -0.052047 1.50601 0.011981 -0.095779 1.47112 -0.001097 -0.075698 1.50178 -0.013773 -0.094119 1.46989 -0.042022 -0.052047 1.50601 -0.0172 -0.103829 1.44723 -0.039208 -0.079452 1.44617 -0.035095 -0.09198 1.4245 0.067499 -0.06629 1.45828 0.095835 -0.035252 1.46222 0.07622 -0.067176 1.42237 0.10656 -0.033227 1.42042 0.077308 -0.066013 1.3979 0.098246 -0.03416 1.37351 0.06932 -0.065909 1.36239 0.080502 -0.042388 1.34009 0.063168 -0.067388 1.33907 0.049804 -0.070375 1.31188 -0.080869 -0.042388 1.34009 -0.048066 -0.070375 1.31188 -0.062692 -0.067388 1.33907 -0.069686 -0.065909 1.36239 -0.098612 -0.03416 1.37351 -0.077674 -0.066013 1.3979 -0.106926 -0.033227 1.42042 -0.076586 -0.067176 1.42237 -0.096222 -0.035252 1.46222 -0.067865 -0.06629 1.45828 -0.042022 -0.052047 1.50601 -0.039208 -0.079452 1.44617 -0.103088 0.006549 1.43456 -0.098064 -0.001665 1.4656 -0.065754 0.002364 1.50856 -0.056614 -0.020141 1.50922 -0.022628 -0.020927 1.5207 0.022628 -0.020927 1.5207 0.022628 -0.037299 1.52114 0.088404 -0.02225 1.34132 0.073055 -0.041575 1.31886 0.074581 -0.011758 1.34254 0.100759 -0.004874 1.36897 0.101869 0.009187 1.4065 0.10333 0.006549 1.43456 0.09788 -0.001665 1.4656 0.056431 -0.020141 1.50922 -0.056614 -0.020141 1.50922 -0.098064 -0.001665 1.4656 -0.103088 0.006549 1.43456 -0.102052 0.009187 1.4065 -0.101125 -0.004874 1.36897 -0.088771 -0.02225 1.34132 -0.074948 -0.011758 1.34254 -0.073421 -0.041575 1.31886 -0.148571 0.087532 1.31615 -0.15772 0.115189 1.33842 -0.145974 0.090543 1.33355 -0.137566 0.096732 1.35785 -0.16437 0.136343 1.37967 -0.116559 0.089261 1.41134 -0.154242 0.130502 1.41279 -0.114453 0.109495 1.42874 -0.141419 0.123233 1.42907 -0.116641 0.111053 1.4379 -0.194794 0.116149 1.35784 -0.198943 0.090353 1.38303 -0.184982 0.120132 1.38122 -0.165251 0.107779 1.42402 -0.169613 0.09374 1.42281 -0.14621 0.103697 1.43709 -0.137425 0.066986 1.43293 -0.11745 0.087787 1.44499 -0.111598 0.060475 1.42975 -0.101898 0.082498 1.43074 0.101429 0.032664 1.38889 0.101869 0.009187 1.4065 0.077668 0.017546 1.37303 0.074175 0.044048 1.34772 0.095162 0.063083 1.40237 0.060394 0.107836 1.41153 0.096341 0.057566 1.45304 0.114453 0.109495 1.42874 0.116641 0.111053 1.4379 0.141419 0.123233 1.42907 0.146876 0.130502 1.41279 0.116559 0.089261 1.41134 0.16437 0.136343 1.37967 0.137566 0.096732 1.35785 0.15772 0.115189 1.33842 0.145974 0.090543 1.33355 0.148571 0.087532 1.31615 0.11745 0.087787 1.44499 0.101898 0.082498 1.43074 0.111598 0.060475 1.42975 0.137425 0.066986 1.43293 0.14621 0.103697 1.43709 0.169613 0.09374 1.42281 0.165251 0.107779 1.42402 0.198943 0.090353 1.38303 0.184982 0.120132 1.38122 0.194794 0.116149 1.35784 0.157926 0.104448 1.33495 0.172788 0.094625 1.28499 0.182968 0.073286 1.32308 0.184963 0.063684 1.35188 0.153242 0.109626 1.35955 0.170256 0.059768 1.38059 0.116559 0.089261 1.41134 0.14109 0.05682 1.41051 0.111598 0.060475 1.42975 -0.116559 0.089261 1.41134 -0.111598 0.060475 1.42975 -0.14109 0.05682 1.41051 -0.170256 0.059768 1.38059 -0.153242 0.109626 1.35955 -0.18024 0.063684 1.35188 -0.157926 0.104448 1.33495 -0.182968 0.073286 1.32308 -0.172788 0.094625 1.28499 -0.162634 0.141475 1.37701 -0.165251 0.107779 1.42402 -0.152252 0.131838 1.41685 -0.141419 0.123233 1.42907 -0.14621 0.103697 1.43709 -0.116641 0.111053 1.4379 -0.11745 0.087787 1.44499 -0.101898 0.082498 1.43074 -0.015436 -0.109728 1.42312 0.00786 -0.107662 1.384 -0.01341 -0.103173 1.38978 -0.002006 -0.092294 1.36606 0.116641 0.111053 1.4379 0.101898 0.082498 1.43074 0.11745 0.087787 1.44499 0.14621 0.103697 1.43709 0.141419 0.123233 1.42907 0.165251 0.107779 1.42402 0.144981 0.131838 1.41685 0.162634 0.141475 1.37701 -0.028971 0.084747 1.50516 -0.052929 0.048298 1.50821 0 0.102125 1.34736 -0.042876 0.082654 1.34661 0.140158 0.046893 1.29871 0.144664 0.049113 1.24183 0.1178 0.060166 1.23557 0.118709 0.056557 1.31767 0.126373 0.053998 1.36057 0.102135 0.070012 1.39341 0.114736 0.07957 1.39798 0.169613 0.09374 1.42281 0.137425 0.066986 1.43293 0.159101 0.072743 1.42213 0.176518 0.067788 1.38367 0.196979 0.096625 1.36593 0.191391 0.073386 1.3557 0.19294 0.086567 1.32283 0.118624 0.113643 1.41095 0.101898 0.082498 1.43074 0.114453 0.109495 1.42874 0.130208 0.125276 1.41181 0.136653 0.129183 1.36969 0.142885 0.137751 1.37314 0.147228 0.121304 1.33288 0.16551 0.050968 1.36524 0.180786 0.053517 1.31383 0.182753 0.064868 1.37317 0.159101 0.072743 1.42213 0.14109 0.05682 1.41051 0.137425 0.066986 1.43293 0.111598 0.060475 1.42975 -0.126373 0.053998 1.36057 -0.114736 0.07957 1.39798 -0.102135 0.070012 1.39341 -0.118709 0.056557 1.31767 -0.140158 0.046893 1.29871 -0.1178 0.060166 1.23557 -0.144664 0.049113 1.24183 -0.196979 0.096625 1.36593 -0.19294 0.086567 1.32283 -0.191391 0.073386 1.3557 -0.176518 0.067788 1.38367 -0.169613 0.09374 1.42281 -0.159101 0.072743 1.42213 -0.137425 0.066986 1.43293 -0.136653 0.129183 1.36969 -0.147228 0.121304 1.33288 -0.147116 0.137751 1.37314 -0.130208 0.125276 1.41181 -0.118624 0.113643 1.41095 -0.114453 0.109495 1.42874 -0.101898 0.082498 1.43074 -0.14109 0.05682 1.41051 -0.111598 0.060475 1.42975 -0.137425 0.066986 1.43293 -0.159101 0.072743 1.42213 -0.16551 0.050968 1.36524 -0.182753 0.064868 1.37317 -0.180786 0.053517 1.31383 -0.025325 -0.094313 1.39725 -0.016348 -0.09124 1.37835 -0.003772 -0.082716 1.35668 -0.071331 -0.05917 1.36239 -0.065668 -0.062762 1.39279 -0.058098 -0.06831 1.41613 0.057731 -0.06831 1.41613 0.065302 -0.062762 1.39279 0.070965 -0.05917 1.36239 -0.109818 0.089887 1.33867 -0.093317 0.091368 1.32368 -0.094018 0.107195 1.25699 -0.070427 0.090577 1.26593 -0.024822 -0.037299 1.52114 0.022628 -0.037299 1.52114 0.056431 -0.020141 1.50922 0.10333 0.006549 1.43456 0.093317 0.091368 1.32368 0.070427 0.090577 1.26593 0.094018 0.107195 1.25699 0.109818 0.089887 1.33867 0.133829 0.128829 1.43064 0.151452 0.155237 1.40654 0.134361 0.127103 1.41674 0.114453 0.109495 1.42874 0.116641 0.111053 1.4379 -0.133829 0.128829 1.43064 -0.116641 0.111053 1.4379 -0.114453 0.109495 1.42874 -0.134361 0.127103 1.41674 -0.151452 0.155237 1.40654 0.003508 -0.083757 1.34938 0.042876 0.082654 1.34661 0.206848 0.094883 1.35984 0.211176 0.098451 1.33267 0.18282 0.116404 1.38554 0.190876 0.128554 1.32937 -0.077139 0.005408 1.37593 -0.024822 -0.037299 1.52114 0.077668 0.017546 1.37303 -0.206848 0.094883 1.35984 -0.211176 0.098451 1.33267 -0.18282 0.116404 1.38554 -0.190876 0.128554 1.32937 0.101898 0.082498 1.43074 0.101898 0.082498 1.43074 -0.101898 0.082498 1.43074 -0.101898 0.082498 1.43074 -0.056614 -0.020141 1.50922 -0.024822 -0.037299 1.52114 -0.039123 0.038021 1.30497 -0.000003 0.063613 1.29831 0.03912 0.038021 1.30497</float_array>
          <technique_common>
            <accessor source="#GeometrySource3-array" count="313" stride="3">
              <param name="X" type="float"/>
              <param name="Y" type="float"/>
              <param name="Z" type="float"/>
            </accessor>
          </technique_common>
        </source>
        <source id="GeometrySource4" name="mesh1Nrm">
          <float_array id="GeometrySource4-array" count="939">-0.175621 -0.140927 0.974319 -0.75738 0.469716 0.453589 -0.341334 -0.197398 0.91898 -0.018951 -0.813875 0.580732 0.31291 -0.81476 0.488112 0.04447 -0.939681 -0.339148 0.358434 -0.781803 -0.510205 -0.242081 -0.311915 -0.918752 -0.019743 -0.002328 -0.999802 -0.6658 0.424799 -0.613398 -0.43801 0.795296 -0.419109 -0.394769 0.668475 0.630316 0.469571 0.213609 0.856665 0.861862 -0.38362 0.331708 0.861197 -0.238062 -0.449073 0.54305 0.430555 -0.720915 0.374172 0.883803 -0.280871 0.222403 0.916073 0.333687 0.892504 0.441778 0.090927 -0.892504 0.441778 0.090927 -0.861866 -0.383612 0.331706 -0.469574 0.213616 0.856661 -0.222391 0.916078 0.333682 -0.374154 0.883808 -0.280878 0.438022 0.795288 -0.419111 -0.543044 0.430557 -0.720919 0.019753 -0.002322 -0.999802 -0.861197 -0.238062 -0.449073 -0.358434 -0.781803 -0.510204 -0.312911 -0.814756 0.488119 0.17562 -0.140921 0.97432 0.394764 0.668484 0.63031 0.757369 0.469725 0.453597 0.665804 0.424812 -0.613384 0.242087 -0.311906 -0.918754 -0.044469 -0.939682 -0.339146 0.018965 -0.813872 0.580735 0.341326 -0.197413 0.91898 -0.913575 -0.073385 -0.399995 -0.791192 0.241004 -0.562079 -0.736046 -0.372324 -0.565343 -0.993116 0.002326 -0.117111 -0.906803 0.392755 -0.153142 -0.896428 0.333694 0.291658 -0.575565 0.7942 -0.194861 -0.45244 0.807308 0.378882 0 0.999522 -0.030918 0 0.95581 0.293983 0.452382 0.807337 0.378891 0 0.781714 0.623637 0.35496 0.571934 0.739524 0 0.311207 0.950342 0.51965 0.288556 0.804177 0.000139 0.006039 0.999982 0.604345 0.015494 0.796572 0.429157 -0.075525 0.900067 0.880014 -0.029201 0.474049 0.49943 -0.866142 -0.019177 0.747993 -0.575655 -0.330345 0.750216 -0.63896 -0.170021 0.576011 -0.812527 0.089498 0.458582 -0.840409 0.288816 0.502182 -0.622878 0.599863 0.137762 -0.86108 0.489451 -0.021666 -0.674302 0.738138 -0.281012 -0.827482 0.486113 -0.493556 -0.69049 0.528797 -0.372857 -0.878462 0.2988 -0.724489 -0.64333 0.247473 -0.695636 -0.715459 0.064876 0.502216 -0.805622 0.31425 0.83233 -0.386111 0.397676 0.498237 -0.866584 0.028151 0.945642 -0.325007 0.011515 0.382427 -0.912586 -0.144692 0.911874 -0.348784 -0.216413 0.776807 -0.596436 -0.202076 0.830531 -0.471515 -0.296466 0.799733 -0.544199 -0.253525 0.782876 -0.529541 -0.326637 -0.823761 -0.477027 -0.30637 -0.763933 -0.541154 -0.351509 -0.782299 -0.557501 -0.277851 -0.771124 -0.601109 -0.209846 -0.912241 -0.348199 -0.215812 -0.382428 -0.912586 -0.144691 -0.947167 -0.320418 0.014402 -0.498188 -0.866614 0.028078 -0.834256 -0.382425 0.3972 -0.502085 -0.805717 0.314215 -0.519671 -0.572501 0.63418 -0.265038 -0.960399 0.08596 -0.99163 0.10366 0.076974 -0.881361 -0.025778 0.47174 -0.603699 0.017871 0.797012 -0.428431 -0.062646 0.9014 -0.129338 0.000978 0.9916 0.162997 -0.016226 0.986493 0.10823 0.026914 0.993761 0.821204 0.104747 -0.560938 0.754829 0.144082 -0.639901 0.430848 0.61255 -0.662686 0.806554 0.406108 -0.429589 0.968961 0.207496 -0.134388 0.992689 0.003728 0.120641 0.900774 -0.097398 0.423226 0.703757 -0.24215 0.6679 -0.70357 -0.238181 0.669521 -0.903414 -0.091659 0.418858 -0.992407 0.014215 0.122172 -0.946508 0.282356 -0.156196 -0.718907 0.544959 -0.4315 -0.821206 0.104749 -0.560935 -0.354453 0.706456 -0.612603 -0.754812 0.144081 -0.639922 0.866466 0.453927 -0.207813 0.814181 0.515169 -0.267788 0.836187 0.458009 -0.301693 0.775357 0.571935 -0.267792 0.748933 0.64039 -0.170292 0.73561 0.559387 -0.382053 0.616505 0.742796 -0.261104 0.61598 0.721099 -0.317151 0.453924 0.891039 -0.001702 0.453093 0.890414 -0.043249 -0.83564 0.469076 0.285786 -0.818808 0.379684 0.430572 -0.82653 0.41088 0.38474 -0.728809 0.237453 0.642226 -0.61846 0.031756 0.785175 -0.455947 -0.099837 0.884389 -0.279917 -0.303003 0.910953 0.079696 -0.356583 0.930858 0.303057 -0.414165 0.858268 0.589668 -0.293643 0.752373 0.90147 -0.113466 -0.417705 0.991003 -0.008033 -0.1336 0.694318 -0.4383 -0.570802 0.794453 0.216357 -0.567481 0.907426 0.391704 -0.15214 0.575525 0.794217 -0.194909 0.896409 0.334105 0.291248 -0.64726 0.717318 -0.257896 -0.453093 0.890414 -0.043249 -0.452718 0.886255 0.097975 -0.667645 0.699968 -0.253564 -0.750529 0.513408 -0.416074 -0.759183 0.606573 -0.236031 -0.775357 0.571935 -0.267792 -0.814181 0.515169 -0.267788 -0.836187 0.458009 -0.301693 -0.866466 0.453927 -0.207813 -0.079696 -0.356583 0.930858 -0.589668 -0.293643 0.752373 -0.303057 -0.414165 0.858268 0.279917 -0.303003 0.910953 0.455947 -0.099837 0.884389 0.61846 0.031756 0.785175 0.728809 0.237453 0.642226 0.818808 0.379684 0.430572 0.82653 0.41088 0.38474 0.83564 0.469076 0.285786 -0.806986 -0.582078 -0.099798 -0.795679 -0.593719 -0.119971 -0.796491 -0.590454 -0.130258 -0.81083 -0.544353 -0.215021 -0.764441 -0.515868 -0.386667 -0.671702 -0.462421 -0.578778 -0.592666 -0.438623 -0.675542 -0.578437 -0.419542 -0.699568 -0.536927 -0.386875 -0.749691 0.592666 -0.438623 -0.675542 0.536927 -0.386875 -0.749691 0.578437 -0.419542 -0.699568 0.699654 -0.458764 -0.54774 0.798942 -0.484431 -0.356397 0.839366 -0.495432 -0.223631 0.823652 -0.547903 -0.146288 0.799345 -0.570371 -0.189006 0.795679 -0.593719 -0.119971 -0.712876 0.614458 0.338008 -0.600143 0.537163 0.592693 -0.64852 0.516934 0.558749 -0.350882 0.442771 0.825128 -0.227053 0.382236 0.895736 0.172951 0.322351 0.930687 0.330171 0.264916 0.905984 0.697528 0.186794 0.691783 -0.401282 -0.914884 -0.044278 0.137817 -0.910756 -0.389269 -0.504181 -0.770398 -0.390241 -0.310664 -0.799584 -0.513958 -0.172951 0.322351 0.930687 -0.697528 0.186794 0.691783 -0.330171 0.264916 0.905984 0.227053 0.382236 0.895736 0.375788 0.497758 0.781678 0.564208 0.598258 0.568996 0.575406 0.637498 0.512352 0.656444 0.656573 0.371475 -0.35496 0.571934 0.739524 -0.519712 0.28855 0.804138 -0.000001 0.884642 -0.466272 -0.518772 0.65762 -0.546271 0.400773 0.915754 0.027853 0.366619 0.928079 0.065272 0.401581 0.914456 0.050029 0.449739 0.893129 -0.007391 0.217808 0.943954 -0.248014 0.664636 -0.062631 -0.744537 0.359375 -0.027796 -0.932779 0.739683 -0.362705 0.566846 0.485749 -0.270071 0.83133 0.671297 -0.357084 0.649501 0.834697 -0.383289 0.395438 0.912931 -0.324103 0.24802 0.937627 -0.301558 0.172968 0.975412 -0.216565 -0.04087 -0.784823 0.617348 -0.054166 -0.903887 0.411772 -0.115899 -0.820448 0.568587 -0.059779 -0.738121 0.673673 -0.036634 -0.739031 0.656873 -0.149502 -0.751325 0.628031 -0.202701 -0.692447 0.638669 -0.335589 0.516807 -0.806599 0.286895 0.583911 -0.800713 0.133813 0.535816 -0.806786 0.248992 0.460884 -0.800018 0.384131 0.361326 -0.836816 0.411318 0.300957 -0.849021 0.434268 0.170579 -0.886576 0.429984 -0.217808 0.943954 -0.248014 -0.359375 -0.027796 -0.932779 -0.664636 -0.062631 -0.744537 -0.449739 0.893129 -0.007391 -0.400773 0.915754 0.027853 -0.401581 0.914456 0.050029 -0.366619 0.928079 0.065272 -0.912931 -0.324103 0.24802 -0.975412 -0.216565 -0.04087 -0.937627 -0.301558 0.172968 -0.834697 -0.383289 0.395438 -0.739683 -0.362705 0.566846 -0.671297 -0.357084 0.649501 -0.485749 -0.270071 0.83133 0.630977 0.764698 -0.130787 0.534541 0.78186 -0.320876 0.588759 0.789224 -0.17461 0.682132 0.730874 -0.022773 0.784823 0.617348 -0.054166 0.820448 0.568587 -0.059779 0.903887 0.411772 -0.115899 -0.361326 -0.836816 0.411318 -0.170579 -0.886576 0.429984 -0.300957 -0.849021 0.434268 -0.460884 -0.800018 0.384131 -0.516807 -0.806599 0.286895 -0.535816 -0.806786 0.248992 -0.583911 -0.800713 0.133813 -0.67999 -0.683957 -0.264228 -0.608116 -0.62194 -0.493341 -0.510948 -0.656716 -0.554667 0.197857 -0.968486 -0.151287 0.170217 -0.962272 -0.212272 -0.027377 -0.980389 -0.19516 0.027375 -0.980388 -0.195165 -0.170216 -0.962271 -0.212275 -0.197857 -0.968486 -0.151287 -0.328482 -0.911291 -0.248292 -0.282829 -0.926589 -0.247872 -0.324992 -0.92092 -0.215145 -0.515216 -0.835099 -0.192778 -0.11836 -0.504406 0.855316 0.227767 -0.438947 0.869165 0.446416 -0.291881 0.845883 0.991195 0.108064 0.07651 0.282829 -0.926589 -0.247872 0.515216 -0.835099 -0.192778 0.324992 -0.92092 -0.215145 0.328482 -0.911291 -0.248292 -0.76482 0.641995 -0.053785 -0.865655 0.491698 -0.094207 -0.788395 0.606063 -0.105453 -0.780381 0.624776 0.025708 -0.813112 0.574027 0.096651 0.76482 0.641995 -0.053785 0.813112 0.574027 0.096651 0.780381 0.624776 0.025708 0.788395 0.606063 -0.105453 0.865655 0.491698 -0.094207 0.270219 -0.77606 -0.569835 0.51876 0.657614 -0.546289 0.822562 0.492836 0.283732 0.844273 0.497276 0.199797 0.672783 0.657251 0.339683 0.712981 0.657206 0.244412 -0.260418 0.878566 -0.40038 -0.161008 0.048313 0.98577 0.571585 0.673489 -0.468725 -0.822562 0.492836 0.283732 -0.844273 0.497276 0.199797 -0.672783 0.657251 0.339683 -0.712981 0.657206 0.244412 -0.803844 0.337563 -0.489781 -0.893638 0.426035 0.141086 0.803844 0.337563 -0.489781 0.893638 0.426035 0.141086 -0.472435 -0.299512 0.828914 -0.472435 -0.299512 0.828914 -0.692196 0.265699 -0.671021 -0.000012 0.727392 -0.686222 0.697269 0.245443 -0.673478</float_array>
          <technique_common>
            <accessor source="#GeometrySource4-array" count="313" stride="3">
              <param name="X" type="float"/>
              <param name="Y" type="float"/>
              <param name="Z" type="float"/>
            </accessor>
          </technique_common>
        </source>
        <source id="GeometrySource5" name="mesh1UV">
          <float_array id="GeometrySource5-array" count="626">0.838106 0.945974 0.892882 0.996803 0.865494 0.996803 0.900707 0.996803 0.916357 0.953793 0.963307 0.996803 0.978957 0.945974 0.978957 0.996803 1.00243 0.949883 0.947657 0.996803 0.959395 0.949883 0.904619 0.957703 0.861581 0.902964 0.924182 0.895144 0.971132 0.899054 0.990695 0.902964 0.955482 0.899054 0.912444 0.899054 0.928094 0.875594 0.928094 0.875594 0.924182 0.895144 0.861581 0.902964 0.912444 0.899054 0.955482 0.899054 0.959395 0.949883 0.990695 0.902964 1.00243 0.949883 0.971132 0.899054 0.978957 0.945974 0.916357 0.953793 0.838106 0.945974 0.904619 0.957703 0.892882 0.996803 0.947657 0.996803 0.978957 0.996803 0.963307 0.996803 0.900707 0.996803 0.865494 0.996803 0.59553 0.34775 0.771593 0.265641 0.677693 0.402489 0.51728 0.394669 0.53293 0.28128 0.306003 0.2891 0.493804 0.160072 0.317741 0.148342 0.501629 -0.000237 0.321653 -0.000237 0.317741 0.148342 0.153415 -0.000237 0.133852 0.117062 0.047777 -0.000237 0.09864 0.261731 0.004739 0.30083 0.09864 0.410309 0.094727 0.508058 0.251228 0.425949 0.392079 0.691826 0.427291 0.554978 0.466417 0.691826 0.505542 0.816945 0.403816 0.809125 0.552492 0.981163 0.376429 0.891234 0.372516 0.965523 0.294266 0.891234 0.165152 0.981163 0.278616 0.809125 0.180803 0.809125 0.196453 0.676186 0.65813 0.809125 0.771593 0.813035 0.685518 0.684006 0.830281 0.625357 0.68943 0.594077 0.838106 0.515878 0.697255 0.488508 0.814631 0.429859 0.697255 0.437679 0.697255 0.410309 0.814631 0.429859 0.697255 0.410309 0.697255 0.437679 0.697255 0.488508 0.838106 0.515878 0.68943 0.594077 0.830281 0.625357 0.685518 0.684006 0.771593 0.813035 0.65813 0.809125 0.552492 0.981163 0.505542 0.816945 0.384254 0.410309 0.251228 0.425949 0.09864 0.410309 0.094727 0.508058 0.043864 0.492418 0.043864 0.492418 0.039952 0.558888 0.924182 0.398579 0.842019 0.33993 0.990695 0.406399 0.971132 0.496328 0.990695 0.621447 0.978957 0.707466 0.912444 0.832585 0.744206 0.988983 0.744206 0.988983 0.912444 0.832585 0.978957 0.707466 0.990695 0.621447 0.971132 0.496328 0.924182 0.398579 0.990695 0.406399 0.842019 0.33993 0.075164 0.570617 0.106465 0.668366 0.036039 0.672276 0.032127 0.742656 0.122115 0.758295 0.008652 0.832585 0.126027 0.793485 0.055602 0.938154 0.122115 0.859954 0.102552 0.957703 0.153415 0.633177 0.086902 0.691826 0.16124 0.703556 0.157327 0.809125 0.09864 0.820855 0.157327 0.918604 0.09864 0.949883 0.14559 0.945974 0.090815 0.981163 0.14559 0.981163 0.59553 0.34775 0.51728 0.394669 0.677693 0.402489 0.771593 0.265641 0.53293 0.28128 0.493804 0.160072 0.306003 0.2891 0.055602 0.938154 0.102552 0.957703 0.122115 0.859954 0.126027 0.793485 0.008652 0.832585 0.122115 0.758295 0.032127 0.742656 0.106465 0.668366 0.036039 0.672276 0.075164 0.570617 0.14559 0.945974 0.14559 0.981163 0.090815 0.981163 0.09864 0.949883 0.157327 0.918604 0.09864 0.820855 0.157327 0.809125 0.086902 0.691826 0.16124 0.703556 0.153415 0.633177 0.122115 0.664456 0.102552 0.574527 0.039952 0.574527 0.024302 0.640997 0.12994 0.742656 0.016477 0.711376 0.11429 0.836495 0.008652 0.832585 0.024302 0.969433 0.11429 0.836495 0.024302 0.969433 0.008652 0.832585 0.016477 0.711376 0.12994 0.742656 0.024302 0.640997 0.122115 0.664456 0.039952 0.574527 0.102552 0.574527 0.032127 0.715286 0.094727 0.789575 0.043864 0.785665 0.047777 0.848225 0.09864 0.879504 0.051689 0.902964 0.090815 0.938154 0.067339 0.985073 0.286441 0.684006 0.372516 0.531518 0.298178 0.551068 0.337303 0.449409 0.051689 0.902964 0.067339 0.985073 0.090815 0.938154 0.09864 0.879504 0.047777 0.848225 0.094727 0.789575 0.043864 0.785665 0.032127 0.715286 0.133852 0.117062 0.09864 0.261731 0.779418 -0.000237 0.783331 0.132702 0.572055 0.613627 0.568142 0.625357 0.470329 0.625357 0.470329 0.578437 0.575967 0.539338 0.470329 0.418129 0.575967 0.418129 0.008652 0.820855 0.032127 0.977253 0.051689 0.836495 0.055602 0.750476 0.008652 0.691826 0.051689 0.672276 0.043864 0.586257 0.09864 0.813035 0.09864 0.977253 0.126027 0.895144 0.141677 0.773935 0.110377 0.691826 0.12994 0.703556 0.122115 0.605807 0.047777 0.699646 0.082989 0.578437 0.102552 0.695736 0.110377 0.820855 0.047777 0.816945 0.09864 0.961613 0.051689 0.985073 0.575967 0.539338 0.575967 0.418129 0.470329 0.418129 0.470329 0.578437 0.572055 0.613627 0.470329 0.625357 0.568142 0.625357 0.008652 0.691826 0.043864 0.586257 0.051689 0.672276 0.055602 0.750476 0.008652 0.820855 0.051689 0.836495 0.032127 0.977253 0.110377 0.691826 0.122115 0.605807 0.12994 0.703556 0.141677 0.773935 0.09864 0.813035 0.126027 0.895144 0.09864 0.977253 0.047777 0.816945 0.051689 0.985073 0.09864 0.961613 0.110377 0.820855 0.047777 0.699646 0.102552 0.695736 0.082989 0.578437 0.235578 0.562797 0.262966 0.511968 0.317741 0.418129 0.638568 0.422039 0.607267 0.539338 0.575967 0.691826 0.575967 0.691826 0.607267 0.539338 0.638568 0.422039 0.575967 0.504148 0.470329 0.566707 0.568142 0.625357 0.470329 0.625357 0.306003 0.992893 0.485979 0.992893 0.591617 0.992893 0.392079 0.402489 0.470329 0.566707 0.470329 0.625357 0.568142 0.625357 0.575967 0.504148 0.079077 0.770025 0.047777 0.586257 0.047777 0.773935 0.047777 0.883414 0.094727 0.867774 0.079077 0.770025 0.094727 0.867774 0.047777 0.883414 0.047777 0.773935 0.047777 0.586257 0.376429 0.429859 0.783331 0.132702 0.09864 0.633177 0.122115 0.570617 0.09864 0.699646 0.043864 0.637087 0.990695 0.492418 0.039952 0.558888 0.990695 0.492418 0.09864 0.633177 0.122115 0.570617 0.09864 0.699646 0.043864 0.637087 0.004739 0.965523 0.047777 0.973343 0.004739 0.965523 0.047777 0.973343 0.591617 0.992893 0.485979 0.992893 0.986782 0.195261 1.00243 -0.000237 0.986782 0.195261</float_array>
          <technique_common>
            <accessor source="#GeometrySource5-array" count="313" stride="2">
              <param name="S" type="float"/>
              <param name="T" type="float"/>
            </accessor>
          </technique_common>
        </source>
        <vertices id="Geometry1-vertices">
          <input semantic="POSITION" source="#GeometrySource3"/>
          <input semantic="NORMAL" source="#GeometrySource4"/>
          <input semantic="TEXCOORD" source="#GeometrySource5"/>
        </vertices>
        <triangles material="VisualMaterial10" count="342">
          <input semantic="VERTEX" source="#Geometry1-vertices" offset="0"/>
          <p>0 1 2 2 3 0 4 0 3 3 5 4 6 4 5 5 7 6 8 6 7 7 9 8 10 8 9 9 1 10 11 10 1 1 0 11 12 11 0 0 4 12 13 12 4 4 6 13 14 13 6 6 8 14 15 14 8 8 10 15 16 15 10 10 17 16 18 16 17 17 12 18 13 18 12 19 20 21 21 22 19 23 19 22 22 24 23 25 23 24 24 26 25 27 25 26 26 28 27 20 27 28 28 29 20 21 20 29 29 30 21 31 21 30 30 32 31 24 31 32 32 33 24 26 24 33 33 34 26 28 26 34 34 35 28 29 28 35 35 36 29 30 29 36 36 37 30 32 30 37 38 39 40 40 41 38 42 38 41 41 43 42 44 42 43 43 45 44 46 44 45 45 47 46 48 46 47 47 49 48 50 48 49 49 51 50 52 50 51 51 53 52 54 52 53 53 55 54 56 54 55 57 58 59 59 60 57 61 57 60 60 62 61 63 61 62 62 64 63 65 63 64 64 66 65 67 65 66 66 68 67 69 67 68 60 70 62 71 62 70 70 72 71 73 71 72 72 74 73 75 73 74 74 76 75 77 75 76 76 78 77 79 77 78 80 81 82 82 83 80 84 80 83 83 85 84 86 84 85 85 87 86 88 86 87 87 89 88 90 88 89 89 91 90 43 41 92 92 93 43 94 43 93 93 95 94 53 94 95 95 96 53 97 53 96 96 98 97 55 97 98 99 100 101 101 102 99 75 99 102 102 103 75 73 75 103 103 104 73 71 73 104 104 105 71 106 71 105 88 107 108 108 109 88 86 88 109 109 110 86 84 86 110 110 111 84 112 84 111 111 113 112 114 112 113 115 116 117 118 117 116 116 119 118 120 118 119 119 121 120 122 120 121 121 123 122 124 122 123 125 126 127 128 127 126 126 129 128 130 128 129 129 131 130 132 130 131 131 133 132 134 132 133 135 136 137 137 138 135 139 135 138 138 140 139 141 139 140 140 48 141 52 141 48 48 50 52 142 143 144 144 145 142 146 142 145 145 147 146 148 146 147 147 149 148 150 148 149 149 151 150 152 153 154 154 155 152 156 152 155 155 157 156 158 156 157 157 159 158 160 158 159 159 161 160 162 163 164 164 165 162 166 162 165 165 167 166 168 166 167 167 169 168 170 168 169 171 172 173 173 174 171 175 171 174 174 176 175 177 175 176 176 178 177 179 177 178 180 181 182 183 182 181 181 184 183 185 183 184 184 186 185 187 185 186 63 67 61 57 61 67 67 188 57 189 57 188 188 190 189 191 189 190 192 193 194 194 195 192 196 192 195 195 197 196 198 196 197 197 199 198 49 47 45 45 200 49 51 49 200 200 201 51 53 51 201 201 94 53 46 48 140 140 202 46 44 46 202 202 203 44 39 44 203 204 205 206 206 207 204 208 204 207 207 209 208 210 208 209 211 212 213 213 214 211 215 211 214 214 216 215 217 215 216 218 219 220 220 221 218 222 218 221 221 223 222 224 222 223 225 226 227 227 228 225 229 225 228 228 230 229 231 229 230 232 233 234 234 235 232 236 232 235 235 237 236 238 236 237 239 240 241 241 242 239 243 239 242 242 244 243 245 243 244 246 247 248 248 249 246 250 246 249 249 251 250 252 250 251 253 254 255 255 256 253 257 253 256 256 258 257 259 257 258 188 67 69 69 260 188 190 188 260 260 261 190 262 190 261 85 263 264 264 265 85 87 85 265 265 91 87 89 87 91 72 70 60 60 266 72 74 72 266 266 267 74 268 74 267 233 269 234 270 234 269 269 271 270 272 270 271 66 64 273 274 273 64 64 62 274 275 274 62 141 56 276 276 136 141 139 141 136 136 135 139 277 278 279 279 280 277 209 277 280 280 210 209 281 282 283 283 284 281 285 281 284 19 23 25 25 27 19 20 19 27 286 287 288 288 289 286 290 286 289 189 191 291 291 58 189 57 189 58 18 13 14 14 15 18 16 18 15 201 200 45 45 43 201 94 201 43 140 138 292 292 202 140 161 159 293 293 294 161 199 197 295 295 296 199 99 75 77 77 100 99 111 110 297 297 113 111 17 10 11 11 12 17 31 24 22 22 21 31 141 52 54 54 56 141 39 38 42 42 44 39 298 98 96 96 95 298 299 103 102 102 101 299 80 84 112 112 114 80 300 126 125 125 301 300 302 181 180 180 303 302 55 53 97 304 142 146 285 284 305 122 306 120 307 288 287 106 62 71 107 88 90 308 90 309 67 63 65 39 203 310 202 292 311 137 312 138 292 138 312 310 40 39 311 203 202 311 310 203 312 311 292</p>
        </triangles>
      </mesh>
    </geometry>
    <geometry id="Geometry2" name="mesh2">
      <mesh>
        <source id="GeometrySource6" name="mesh2Pos">
          <float_array id="GeometrySource6-array" count="759">-0.075261 -0.05664 0.907694 -0.151214 0.005946 0.82965 -0.101047 -0.076252 0.815922 0 0.093706 0.830932 0.044239 0.105659 0.83215 0.060918 0.0926 0.797172 0.102145 0.007144 0.929731 0.151214 0.005946 0.82965 0.125837 0.091403 0.838664 0.097018 0.073126 0.858031 0.102614 0.076895 0.803384 -0.075261 -0.05664 0.907694 -0.101047 -0.076252 0.815922 0 -0.079904 0.894999 0.12438 0.002703 0.842891 0.132621 0.003268 0.787645 -0.102145 0.007144 0.929731 -0.080635 0.06129 0.938454 -0.125837 0.091403 0.838664 0 -0.122169 0.806933 0.101048 -0.076252 0.815922 0 -0.072252 0.842043 0.095109 -0.058223 0.768011 0.087192 -0.056428 0.836779 0.080635 0.06129 0.938454 0.125837 0.091403 0.838664 0 0.153156 0.844535 0.043829 -0.046217 0.621498 0.026959 0.009204 0.597401 0.047066 -0.042478 0.592886 0.097676 -0.043925 0.592506 0.101954 -0.054158 0.704325 0.134632 0.001462 0.658031 -0.102145 0.007144 0.929731 0.108726 0.085748 0.702727 0.132621 0.003268 0.787645 -0.110396 0.064407 0 -0.112283 0.063811 0.044333 -0.081692 0.083522 0 0.060918 0.0926 0.797172 0.102614 0.076895 0.803384 0.131653 0.009286 0.596212 0.109563 0.077362 0.608168 0.043323 0.073541 0.605574 0.027121 0.078712 0.711459 0.015764 0.00384 0.701614 0.008783 0.006683 0.76818 0 0.10142 0.878268 0.048854 0.105981 0.87749 -0.055487 0.0564 0 -0.086606 -0.133581 0.045073 -0.043904 -0.113514 0 -0.049832 -0.105381 0.044462 0.081819 0.059278 0.931848 0.101728 0.007105 0.92342 0.076366 -0.053246 0.90213 0.095109 -0.058223 0.768011 -0.045768 -0.048536 0 0.037178 -0.058927 0.727178 -0.121537 -0.03392 0 0.015764 0.00384 0.701614 -0.082655 0.084055 0.044883 0 -0.067997 0.806657 0 -0.048169 0.779574 0.038164 -0.060645 0.776159 -0.053144 0.057575 0.042418 0.008783 0.006683 0.76818 0.012444 -0.038213 0.770713 0.016529 0.078239 0.781075 -0.05389 -0.025335 0.057663 -0.111394 0.093712 0.335987 -0.049779 0.09597 0.332619 -0.097516 0.070949 0.102012 0.008783 0.006683 0.76818 0 0.078421 0.800722 0.016529 0.078239 0.781075 -0.064073 0.032343 0.106958 -0.06507 0.064513 0.10285 0 0.006418 0.770248 0.008783 0.006683 0.76818 0 -0.075692 0.889866 -0.112354 -0.027424 0.06338 -0.008783 0.006683 0.76818 0 0.006418 0.770248 0 0.002728 0.911489 0.080635 0.06129 0.938454 0 0.090915 0.938036 -0.080635 0.06129 0.938454 0 -0.079904 0.894999 0.075261 -0.05664 0.907694 -0.075261 -0.05664 0.907694 0 0.087825 0.931443 0.075261 -0.05664 0.907694 0.102145 0.007144 0.929731 0.102145 0.007144 0.929731 0.080635 0.06129 0.938454 -0.102145 0.007144 0.929731 -0.075261 -0.05664 0.907694 -0.080635 0.06129 0.938454 -0.102145 0.007144 0.929731 -0.008783 0.006683 0.76818 0.026959 0.009204 0.597401 -0.087192 -0.056428 0.836779 -0.084712 -0.03785 0.0664 -0.120327 -0.098729 0.045913 -0.097018 0.073126 0.858031 -0.044239 0.105659 0.83215 -0.102614 0.076895 0.803384 -0.082881 0.008917 0.11015 -0.105794 0.032713 0.10743 -0.060918 0.0926 0.797172 -0.101728 0.007105 0.92342 -0.081819 0.059278 0.931848 -0.12438 0.002703 0.842891 -0.048854 0.105981 0.87749 -0.097516 0.070949 0.102012 -0.134632 0.001462 0.658031 -0.101954 -0.054158 0.704325 -0.132621 0.003268 0.787645 -0.06507 0.064513 0.10285 -0.064073 0.032343 0.106958 -0.108726 0.085748 0.702727 -0.102614 0.076895 0.803384 -0.060918 0.0926 0.797172 -0.027121 0.078712 0.711459 -0.016529 0.078239 0.781075 -0.015764 0.00384 0.701614 -0.008783 0.006683 0.76818 -0.097676 -0.043925 0.592506 -0.043153 -0.046217 0.621498 -0.12584 -0.109246 0 -0.015764 0.00384 0.701614 -0.037178 -0.058927 0.727178 -0.008783 0.006683 0.76818 -0.012444 -0.038213 0.770713 -0.038164 -0.060645 0.776159 -0.016529 0.078239 0.781075 -0.088738 -0.141476 0 -0.076366 -0.053246 0.90213 -0.082881 0.008917 0.11015 -0.064073 0.032343 0.106958 -0.031465 0.043059 0.39045 -0.083195 0.038926 0.152198 -0.127249 0.02552 0.15072 -0.08077 -0.01378 0.146387 -0.042619 0.024909 0.150653 -0.110456 0.088668 0.157682 -0.044642 0.078039 0.15651 0.134278 0.045667 0.38833 0.116405 0.089505 0.446915 0.107283 0.069087 0.514861 -0.085319 -0.011897 0.45109 -0.105794 0.032713 0.10743 -0.134278 0.045667 0.38833 -0.031465 0.043059 0.39045 0.131653 0.009286 0.596212 0.083928 -0.02899 0.486107 0.122652 0.023094 0.487135 -0.057084 0.089405 0.445273 0.109563 0.077362 0.608168 0.107283 0.069087 0.514861 -0.116405 0.089505 0.446915 0.043323 0.073541 0.605574 0.056604 0.069087 0.51436 -0.083928 -0.02899 0.486107 -0.122652 0.023094 0.487135 0.031465 0.043059 0.39045 0.082881 0.008917 0.11015 0.085319 -0.011897 0.45109 0.105794 0.032713 0.10743 0.111394 0.093712 0.335987 0.049779 0.09597 0.332619 0.064073 0.032343 0.106958 0.031465 0.043059 0.39045 0.057084 0.089405 0.445273 -0.107283 0.069087 0.514861 -0.056604 0.069087 0.51436 0.097676 -0.043925 0.592506 0.047066 -0.042478 0.592886 -0.039204 0.015321 0.48299 0.026959 0.009204 0.597401 0.039204 0.015321 0.48299 0.064073 0.032343 0.106958 -0.044642 0.082641 0.114763 0.043904 -0.113514 0 0.049832 -0.105381 0.044462 0.045768 -0.048536 0 0.121537 -0.03392 0 0.12584 -0.109246 0 0.120327 -0.098729 0.045913 0.086606 -0.133581 0.045073 0.084712 -0.03785 0.0664 0.05389 -0.025335 0.057663 0.055487 0.0564 0 0.110396 0.064407 0 0.112354 -0.027424 0.06338 0.112283 0.063811 0.044333 0.105794 0.032713 0.10743 0.097516 0.070949 0.102012 0.081692 0.083522 0 0.053144 0.057575 0.042418 0.064073 0.032343 0.106958 0.082881 0.008917 0.11015 0.097516 0.070949 0.102012 -0.110456 0.093271 0.115935 0.06507 0.064513 0.10285 0.088738 -0.141476 0 0.082655 0.084055 0.044883 0.06507 0.064513 0.10285 -0.127249 0.030123 0.108973 -0.039204 0.015321 0.48299 -0.08077 -0.009178 0.10464 -0.042619 0.029512 0.108906 0.039204 0.015321 0.48299 0.026959 0.009204 0.597401 0.039204 0.015321 0.48299 0.083928 -0.02899 0.486107 0.122652 0.023094 0.487135 0.056604 0.069087 0.51436 0.039204 0.015321 0.48299 -0.095109 -0.058223 0.768011 -0.012444 -0.038213 0.770713 -0.038164 -0.060645 0.776159 -0.095109 -0.058223 0.768011 -0.132621 0.003268 0.787645 0.038164 -0.060645 0.776159 0.012444 -0.038213 0.770713 -0.218133 0.008706 0.740517 -0.179616 0.126884 0.736628 0.218133 0.008706 0.740517 0.143507 -0.101551 0.715274 0 0.090915 0.938036 -0.080635 0.06129 0.938454 0.089802 0.190985 0.724717 0 0.221195 0.720362 0 -0.153188 0.698521 -0.051774 -0.134545 0.70015 0.051774 -0.134545 0.70015 -0.089802 0.190985 0.724717 -0.125837 0.091403 0.838664 0.143507 -0.101551 0.715274 0.075261 -0.05664 0.907694 0.080635 0.06129 0.938454 -0.143507 -0.101551 0.715274 0.218133 0.008706 0.740517 0.179616 0.126884 0.736628 0.075261 -0.05664 0.907694 0.101048 -0.076252 0.815922 0.179616 0.126884 0.736628 0.102145 0.007144 0.929731 -0.218133 0.008706 0.740517 -0.143507 -0.101551 0.715274 -0.179616 0.126884 0.736628</float_array>
          <technique_common>
            <accessor source="#GeometrySource6-array" count="253" stride="3">
              <param name="X" type="float"/>
              <param name="Y" type="float"/>
              <param name="Z" type="float"/>
            </accessor>
          </technique_common>
        </source>
        <source id="GeometrySource7" name="mesh2Nrm">
          <float_array id="GeometrySource7-array" count="759">-0.785764 -0.500635 0.363236 -0.843795 -0.217353 0.49068 -0.757039 -0.526623 0.38673 0 0.93441 -0.3562 0.148835 0.980703 -0.126763 -0.082527 0.942228 -0.324646 0.86284 0.238861 0.445481 0.843796 -0.217351 0.49068 0.855199 0.224439 0.467186 0.781215 0.607134 0.14523 0.639799 0.768206 0.022745 -0.243078 -0.932378 0.267552 -0.30978 -0.893379 0.325439 -0.000001 -0.935184 0.354163 0.963187 -0.176723 0.202584 0.988856 0.051459 0.139698 -0.86284 0.238861 0.445481 -0.846949 0.26192 0.462682 -0.855199 0.224439 0.467186 -0.000001 -0.940794 0.338979 0.309778 -0.89338 0.325438 0 -0.996997 -0.077443 0.521634 -0.852594 0.031331 0.494994 -0.865765 0.073697 0.353046 0.802176 0.481531 0.422725 0.764193 0.487148 0 0.853028 0.521865 -0.564647 -0.812742 -0.143607 -0.930327 -0.34141 -0.133903 -0.572632 -0.802078 -0.169599 0.466236 -0.876742 -0.118101 0.496842 -0.866311 -0.051516 0.991651 -0.124448 -0.033768 -0.790707 -0.469152 0.393294 0.421054 0.906673 -0.025631 0.993342 -0.104474 0.048553 -0.764656 0.281889 -0.579517 -0.859396 0.508394 0.054536 0.081416 0.940326 -0.330391 0.051809 0.99759 -0.04615 0.695067 0.711271 0.104763 0.990568 -0.121615 -0.063127 0.75412 0.655099 -0.046357 -0.648205 0.75128 -0.124131 -0.779469 0.614594 -0.121254 -0.973302 0.196153 -0.119196 -0.98053 0.148021 -0.129037 0 0.999485 0.032081 0.272021 0.938865 0.21104 0.656881 0.185982 -0.730697 -0.052938 -0.791987 0.608238 0.577595 -0.433596 -0.691649 0.764253 -0.265261 0.587838 0.735925 0.58314 0.344037 0.958797 -0.075644 0.273835 0.694727 -0.69506 0.185055 0.346608 -0.93791 -0.013729 0.874478 0.043923 -0.483072 -0.577748 -0.801871 -0.152351 -0.632083 0.052359 -0.773129 -0.931874 -0.34854 -0.100651 0.094889 0.992107 0.081975 0 -0.93227 -0.361764 0 -0.42102 -0.907051 -0.114206 -0.878571 -0.463756 0.911926 0.406666 0.054898 -0.380359 -0.129318 -0.915753 -0.390844 -0.289219 -0.873838 -0.526288 0.838876 -0.138951 0.887641 -0.176296 0.425456 -0.593732 0.803417 -0.044762 0.639429 0.76627 -0.062937 -0.351797 0.925858 -0.137936 -0.932842 -0.230861 -0.276602 0 0.740248 -0.672334 -0.569341 0.663699 -0.485134 0.988899 0.114349 -0.094881 0.761823 0.633053 -0.137369 0 0.389762 -0.920916 -0.511257 0.302341 -0.804491 0 -0.999945 0.010479 -0.865062 -0.189851 0.464354 0.380359 -0.129318 -0.915753 0 -0.168406 -0.985718 0 -0.243096 0.970002 -0.110191 -0.286498 0.951723 0 -0.288253 0.957554 0.110191 -0.286498 0.951723 0 -0.195701 0.980664 -0.104351 -0.194632 0.97531 0.104351 -0.194632 0.97531 0 0.917054 0.398762 -0.158678 -0.262007 0.951932 -0.158678 -0.262007 0.951932 -0.162319 -0.219465 0.962023 -0.162319 -0.219465 0.962023 0.158678 -0.262007 0.951932 0.158678 -0.262007 0.951932 0.162319 -0.219465 0.962023 0.162319 -0.219465 0.962023 0.511258 0.302341 -0.804491 -0.962395 0.256241 -0.090195 -0.494994 -0.865765 0.073697 0.044024 -0.367907 0.92882 -0.763179 -0.241915 0.599196 -0.781215 0.607134 0.14523 -0.148835 0.980703 -0.126763 -0.639799 0.768206 0.022746 0.060565 -0.623703 0.779312 -0.922246 -0.071057 0.380018 0.082527 0.942228 -0.324646 -0.958797 -0.075644 0.273835 -0.735925 0.58314 0.344037 -0.963187 -0.176723 0.202584 -0.272021 0.938865 0.21104 -0.540219 0.814594 0.211186 -0.992288 -0.116192 -0.043176 -0.496844 -0.866307 -0.051555 -0.993342 -0.104474 0.048553 0.710614 0.676443 0.193527 0.926601 -0.124895 0.354699 -0.427074 0.903784 -0.02795 -0.695067 0.711271 0.104763 -0.051809 0.99759 -0.04615 0.812646 0.570972 -0.116604 0.526288 0.838876 -0.138951 0.981298 0.162432 -0.103301 0.98053 0.148021 -0.129037 -0.550254 -0.823239 -0.139637 0.496832 -0.851945 -0.16537 -0.755529 -0.442182 -0.483375 0.933641 -0.344365 -0.098623 0.578179 -0.801748 -0.151356 0.932842 -0.230861 -0.276602 0.390844 -0.289219 -0.873838 0.114206 -0.878571 -0.463756 0.569341 0.663699 -0.485134 -0.069913 -0.909262 -0.410311 -0.694727 -0.69506 0.185055 0.004699 -0.997526 -0.070148 0.773763 -0.630112 -0.065182 0.690431 -0.716822 -0.09732 -0.000002 -0.109584 0.993977 -0.690848 -0.451679 0.564548 0.256145 -0.777197 0.574765 0.791427 -0.244994 0.560018 -0.578702 0.414464 0.70237 0.42188 0.569087 0.705802 0.987524 -0.157293 0.007489 0.464569 0.86518 0.18878 0.793682 0.550519 0.258839 -0.071904 -0.971961 -0.223879 -0.994251 -0.063463 -0.086243 -0.987524 -0.157293 0.007489 0.949163 0.311474 0.045538 0.985192 -0.127994 -0.114081 0.310524 -0.916211 -0.253243 0.984639 -0.143532 -0.099421 0.570654 0.808446 0.144116 0.359486 0.929798 -0.079031 0.75175 0.655773 -0.069523 -0.464569 0.86518 0.18878 -0.620156 0.773951 -0.128088 -0.593615 0.796408 -0.115562 -0.061934 -0.943563 -0.325352 -0.93728 -0.336376 -0.091421 -0.690431 -0.716822 -0.09732 -0.004699 -0.997526 -0.070148 0.071904 -0.971961 -0.223879 0.994251 -0.063463 -0.086243 0.593732 0.803417 -0.044762 -0.639429 0.76627 -0.062937 -0.988899 0.114349 -0.094881 -0.949163 0.311474 0.045538 -0.570654 0.808446 0.144116 -0.785409 0.611018 0.098938 0.396354 0.915612 0.067509 0.462568 -0.86779 -0.181581 -0.608878 -0.763947 -0.213664 0.958368 0.285529 -0.001885 -0.928867 -0.351053 -0.118181 -0.816201 -0.533363 -0.222125 -0.773763 -0.630112 -0.065182 0.8972 0.438965 0.04839 -0.577595 -0.433596 -0.691649 -0.764253 -0.265261 0.587838 -0.874478 0.043923 -0.483072 0.632083 0.052359 -0.773129 0.755529 -0.442182 -0.483375 0.763179 -0.241915 0.599196 0.052938 -0.791987 0.608238 -0.044024 -0.367907 0.92882 -0.887641 -0.176296 0.425456 -0.656881 0.185982 -0.730697 0.764656 0.28189 -0.579517 0.865062 -0.189851 0.464354 0.859396 0.508394 0.054536 0.922246 -0.071057 0.380018 0.540219 0.814594 0.211186 -0.081416 0.940326 -0.330391 -0.911926 0.406666 0.054898 -0.926601 -0.124895 0.354699 -0.060565 -0.623703 0.779312 0.351797 0.925858 -0.137936 -0.278296 0.954711 0.105256 -0.761823 0.633053 -0.137369 0.069913 -0.909262 -0.410311 -0.094889 0.992107 0.081975 -0.710614 0.676443 0.193527 -0.995322 -0.096028 -0.010588 0.730878 -0.637492 -0.243765 -0.253125 -0.961608 -0.106011 0.872096 -0.486389 -0.053623 -0.933424 0.349463 -0.081218 -0.944842 0.306077 -0.116581 -0.621745 -0.734404 -0.272185 0.096208 -0.895991 -0.433525 0.918927 -0.38993 -0.059405 -0.392715 0.882404 0.25911 -0.948791 0.291262 0.122321 -0.521634 -0.852594 0.031331 0.845329 -0.46806 -0.257563 0.332396 -0.942771 -0.026376 -0.346608 -0.93791 -0.013729 -0.988856 0.051459 0.139699 -0.332396 -0.942771 -0.026376 -0.845329 -0.46806 -0.257563 -0.766223 0.268935 0.58359 -0.803746 0.232492 0.547667 0.668842 -0.563667 0.484697 0.701192 -0.542502 0.462625 0 0.832432 0.554127 -0.353046 0.802176 0.481531 0.373297 0.781345 0.500149 0 0.876979 0.480529 0 -0.96142 0.275083 -0.321702 -0.899592 0.295369 0.321702 -0.899592 0.295367 -0.373297 0.781345 0.500149 -0.422725 0.764193 0.487148 0.26822 -0.901462 0.339742 0.243077 -0.932378 0.267555 0.846949 0.26192 0.462682 -0.268219 -0.901461 0.339745 0.766223 0.268935 0.58359 0.803746 0.232492 0.547667 0.785764 -0.500631 0.363239 0.757043 -0.526617 0.386731 0.459113 0.735783 0.497834 0.790707 -0.469152 0.393294 -0.668842 -0.563667 0.484697 -0.701188 -0.542504 0.462628 -0.459113 0.735783 0.497834</float_array>
          <technique_common>
            <accessor source="#GeometrySource7-array" count="253" stride="3">
              <param name="X" type="float"/>
              <param name="Y" type="float"/>
              <param name="Z" type="float"/>
            </accessor>
          </technique_common>
        </source>
        <source id="GeometrySource8" name="mesh2UV">
          <float_array id="GeometrySource8-array" count="506">0.981881 0.130351 0.759744 0.259072 0.767971 0.122549 0.603425 0.415099 0.644562 0.438503 0.702153 0.376092 0.981881 0.259072 0.759744 0.259072 0.759744 0.142053 0.702153 0.450205 0.726835 0.36439 0.981881 0.06794 0.767971 0.052337 0.981881 0.192761 0.784426 0.430702 0.776198 0.340986 0.981881 0.259072 0.981881 0.142053 0.759744 0.142053 0.759744 0.208364 0.767971 0.052337 0.998336 0.469708 0.825562 0.337086 0.842017 0.446304 0.981881 0.259072 0.759744 0.251271 0.751517 0.075741 0.085105 0.524318 0.002832 0.473609 0.076878 0.469708 0.175605 0.473609 0.175605 0.672543 0.274333 0.582828 0.981881 0.262973 0.389515 0.633536 0.274333 0.758357 0.998336 0.945589 0.92429 0.945589 0.998336 0.992397 0.480016 0.750556 0.381288 0.766159 0.274333 0.473609 0.373061 0.473609 0.488243 0.469708 0.521152 0.65694 0.586971 0.660841 0.586971 0.688146 0.603425 0.469708 0.661016 0.465808 0.998336 0.929987 0.932517 0.567225 0.998336 0.614033 0.932517 0.633536 0.702153 0.53602 0.767971 0.547722 0.858471 0.543821 0.150923 0.758357 0.998336 0.758357 0.076878 0.707649 0.998336 0.758357 0.002832 0.660841 0.92429 0.992397 0.998336 0.415099 0.998336 0.344887 0.907835 0.36049 0.92429 0.929987 0.948972 0.294178 0.948972 0.325384 0.529379 0.71545 0.899608 0.750556 0.348379 0.122549 0.463561 0.118649 0.348379 0.005529 0.011059 0.688146 0.603425 0.352688 0.677471 0.333185 0.595198 0.005529 0.471788 0.005529 0.603425 0.294178 0.661016 0.294178 0.998336 0.551622 0.891381 0.758357 0.948972 0.294178 0.998336 0.294178 0.916063 0.212264 0.907835 0.196662 0.92429 0.196662 0.907835 0.196662 0.907835 0.196662 0.92429 0.196662 0.92429 0.196662 0.603425 0.53602 0.907835 0.196662 0.92429 0.196662 0.907835 0.196662 0.92429 0.196662 0.92429 0.196662 0.907835 0.196662 0.92429 0.196662 0.907835 0.196662 0.661016 0.294178 0.586971 0.473609 0.842017 0.446304 0.825562 0.668642 0.932517 0.633536 0.702153 0.450205 0.644562 0.438503 0.726835 0.36439 0.792653 0.789563 0.809108 0.875377 0.702153 0.376092 0.767971 0.547722 0.702153 0.53602 0.784426 0.430702 0.661016 0.465808 0.817335 0.957291 0.274333 0.582828 0.175605 0.672543 0.274333 0.758357 0.817335 0.933887 0.809108 0.875377 0.389515 0.633536 0.381288 0.766159 0.480016 0.750556 0.521152 0.65694 0.529379 0.71545 0.586971 0.660841 0.586971 0.688146 0.175605 0.473609 0.085105 0.524318 0.998336 0.621834 0.002832 0.660841 0.076878 0.707649 0.011059 0.688146 0.948972 0.325384 0.907835 0.36049 0.677471 0.333185 0.998336 0.567225 0.858471 0.543821 0.10156 0.005529 0.002832 0.005529 0.002832 0.18496 0.71038 0.692046 0.685698 0.65694 0.603425 0.65694 0.685698 0.65694 0.825562 0.65694 0.80088 0.65694 0.274333 0.18886 0.348379 0.220066 0.348379 0.30588 0.126242 0.192761 0.200287 0.005529 0.274333 0.18886 0.595198 0.18496 0.274333 0.992397 0.126242 0.77396 0.274333 0.77396 0.471788 0.220066 0.373061 0.992397 0.348379 0.824669 0.348379 0.220066 0.488243 0.984596 0.455334 0.824669 0.126242 0.259072 0.274333 0.286377 0.002832 0.18496 0.10156 0.005529 0.126242 0.192761 0.200287 0.005529 0.348379 0.122549 0.463561 0.118649 0.595198 0.005529 0.595198 0.18496 0.471788 0.220066 0.348379 0.313682 0.455334 0.30588 0.175605 0.988497 0.076878 0.988497 0.595198 0.259072 0.011059 0.992397 0.011059 0.777861 0.002832 0.005529 0.80088 0.563324 0.998336 0.614033 0.932517 0.633536 0.998336 0.758357 0.998336 0.758357 0.998336 0.621834 0.932517 0.633536 0.932517 0.567225 0.825562 0.668642 0.899608 0.750556 0.998336 0.929987 0.998336 0.945589 0.891381 0.758357 0.92429 0.945589 0.809108 0.875377 0.817335 0.957291 0.998336 0.992397 0.92429 0.929987 0.809108 0.875377 0.792653 0.789563 0.348379 0.005529 0.825562 0.563324 0.471788 0.005529 0.998336 0.567225 0.92429 0.992397 0.817335 0.933887 0.685698 0.563324 0.002832 0.259072 0.603425 0.563324 0.685698 0.563324 0.595198 0.777861 0.586971 0.992397 0.002832 0.259072 0.126242 0.259072 0.274333 0.255172 0.455334 0.30588 0.595198 0.259072 0.825562 0.337086 0.027514 0.71155 0.052196 0.758357 0.150923 0.758357 0.776198 0.340986 0.052196 0.758357 0.027514 0.71155 0.611652 0.266874 0.611652 0.138152 0.611652 0.262973 0.611652 0.114748 0.981881 0.103046 0.981881 0.259072 0.611652 0.173258 0.611652 0.048437 0.611652 0.223966 0.611652 0.157655 0.611652 0.157655 0.611652 0.173258 0.759744 0.251271 0.611652 0.032834 0.981881 0.06794 0.981881 0.142053 0.611652 0.032834 0.611652 0.266874 0.611652 0.138152 0.981881 0.130351 0.767971 0.122549 0.611652 0.262973 0.981881 0.262973 0.611652 0.262973 0.611652 0.114748 0.611652 0.262973</float_array>
          <technique_common>
            <accessor source="#GeometrySource8-array" count="253" stride="2">
              <param name="S" type="float"/>
              <param name="T" type="float"/>
            </accessor>
          </technique_common>
        </source>
        <vertices id="Geometry2-vertices">
          <input semantic="POSITION" source="#GeometrySource6"/>
          <input semantic="NORMAL" source="#GeometrySource7"/>
          <input semantic="TEXCOORD" source="#GeometrySource8"/>
        </vertices>
        <triangles material="VisualMaterial20" count="309">
          <input semantic="VERTEX" source="#Geometry2-vertices" offset="0"/>
          <p>0 1 2 3 4 5 6 7 8 4 9 10 11 12 13 9 14 15 16 17 18 13 19 20 21 22 23 24 25 26 27 28 29 29 30 27 31 27 30 30 32 31 33 1 0 32 34 35 36 37 38 34 39 40 32 30 41 41 42 32 34 32 42 42 43 34 44 34 43 43 45 44 46 44 45 4 3 47 47 48 4 9 4 48 38 49 36 50 51 52 53 54 14 55 14 54 31 35 56 57 52 51 27 31 58 51 59 57 28 27 60 38 37 61 62 63 64 61 65 38 63 66 67 49 38 65 34 44 68 46 68 44 65 69 49 70 71 72 60 58 73 74 5 75 71 76 77 78 74 79 55 80 23 37 36 81 63 82 83 83 66 63 84 85 86 86 87 84 88 89 84 84 90 88 91 53 48 59 81 36 36 49 59 57 59 49 84 92 93 84 94 95 96 97 84 98 99 84 78 100 74 45 43 101 80 102 21 49 69 57 52 57 69 69 103 52 50 52 103 103 104 50 105 106 107 108 109 81 106 3 110 74 110 3 37 81 109 111 112 113 105 113 112 112 114 105 106 105 114 109 115 37 3 106 47 61 37 115 116 117 118 65 61 119 69 65 120 120 108 69 103 69 108 121 122 123 108 81 103 124 121 125 104 103 81 126 124 127 81 59 104 128 129 117 130 104 59 129 131 132 133 132 131 82 63 134 59 51 130 63 62 135 21 135 62 74 100 136 137 130 51 138 113 102 51 50 137 91 47 114 130 137 50 50 104 130 139 140 141 142 143 144 144 145 142 143 142 146 147 146 142 142 145 147 148 149 150 139 141 151 152 139 153 153 70 152 76 71 154 155 156 157 71 70 158 159 155 160 70 153 161 162 159 163 129 128 164 128 116 165 166 167 168 148 168 167 167 169 148 170 148 169 171 172 173 173 174 171 170 171 174 116 121 175 148 170 149 121 124 176 177 178 156 124 126 179 178 180 181 166 182 167 147 145 183 184 185 186 186 187 184 188 184 187 187 189 188 190 188 189 189 191 190 185 190 191 191 192 185 186 185 192 192 193 186 187 186 193 193 194 187 195 187 194 194 196 195 197 195 196 196 198 197 199 196 194 194 193 199 200 199 193 193 192 200 201 200 192 192 202 201 169 203 170 171 170 203 183 204 147 172 171 205 187 195 189 191 189 195 195 202 191 192 191 202 190 185 184 184 206 190 188 190 206 206 184 188 207 196 199 199 200 207 146 147 204 200 201 208 207 208 198 204 209 146 202 195 197 143 146 209 129 164 210 209 211 143 144 143 211 153 151 165 211 212 144 145 144 212 212 183 145 154 158 179 176 179 158 158 161 176 175 176 161 161 153 175 165 175 153 164 165 151 151 210 164 210 131 129 198 196 207 208 207 200 203 205 171 163 213 214 181 156 178 179 176 124 156 155 177 176 175 121 174 149 170 175 165 116 168 215 166 165 164 128 163 214 162 160 163 159 161 158 70 157 160 155 158 154 71 215 168 216 217 216 168 168 148 217 151 153 139 150 217 148 210 151 141 218 150 149 149 174 218 219 218 174 174 173 219 135 21 220 132 133 221 118 122 121 114 112 91 102 80 138 136 110 74 135 134 63 132 117 129 117 116 128 125 127 124 123 125 121 132 221 222 222 223 132 117 132 223 119 120 65 223 118 117 115 119 61 118 121 116 114 47 106 113 138 111 110 107 106 107 224 105 113 105 224 224 220 113 102 113 220 220 21 102 22 21 64 56 225 58 48 47 91 23 14 55 75 79 74 77 72 71 226 73 58 72 152 70 58 225 226 68 39 34 67 64 63 64 21 62 58 60 27 56 58 31 14 9 53 48 53 9 40 35 34 227 1 228 35 31 32 229 7 230 10 5 4 23 80 21 26 231 24 26 232 231 15 10 9 26 233 234 19 13 12 14 23 22 235 19 236 19 235 237 22 15 14 26 234 238 26 238 239 5 74 3 239 232 26 237 240 20 237 20 19 12 236 19 20 241 13 8 242 6 12 243 236 7 244 245 245 8 7 233 26 25 7 246 247 247 230 7 25 248 233 1 16 18 18 228 1 7 249 246 1 250 251 251 2 1 252 239 238</p>
        </triangles>
      </mesh>
    </geometry>
    <geometry id="Geometry3" name="mesh3">
      <mesh>
        <source id="GeometrySource9" name="mesh3Pos">
          <float_array id="GeometrySource9-array" count="855">0.625355 -0.0076 1.15772 0.600675 -0.008893 1.15464 0.63034 0.003909 1.16375 0.606886 0.007847 1.16698 0.572611 -0.003784 1.15464 0.58215 0.01991 1.15957 0.56468 0.054757 1.17722 0.590843 0.000474 1.19845 0.606233 0.090037 1.19392 0.626982 0.085449 1.18804 0.610386 0.079509 1.21583 0.655476 0.045996 1.19693 0.609478 0.036654 1.22638 0.629214 0.008517 1.18806 0.598336 0.007771 1.21591 0.590843 0.000474 1.19845 0.626339 -0.007539 1.1712 0.59889 -0.012955 1.17194 0.585342 -0.008154 1.18062 0.625355 -0.0076 1.15772 0.63034 0.003909 1.16375 0.626339 -0.007539 1.1712 0.59889 -0.012955 1.17194 0.600675 -0.008893 1.15464 0.572611 -0.003784 1.15464 0.620277 0.076222 1.16753 0.63524 0.047695 1.1533 0.629393 0.01529 1.15904 0.629214 0.008517 1.18806 0.63524 0.047695 1.1533 0.629393 0.01529 1.15904 0.585342 -0.008154 1.18062 -0.629217 0.008517 1.18806 -0.590846 0.000474 1.19845 -0.59834 0.007771 1.21591 -0.609481 0.036654 1.22638 -0.65548 0.045996 1.19693 -0.610389 0.079509 1.21583 -0.626985 0.085449 1.18804 -0.606237 0.090037 1.19392 -0.590846 0.000474 1.19845 -0.564683 0.054757 1.17722 -0.582153 0.01991 1.15957 -0.572614 -0.003784 1.15464 -0.60689 0.007847 1.16698 -0.600678 -0.008893 1.15464 -0.630343 0.003909 1.16375 -0.625358 -0.0076 1.15772 -0.572614 -0.003784 1.15464 -0.598893 -0.012955 1.17194 -0.600678 -0.008893 1.15464 -0.625358 -0.0076 1.15772 -0.626343 -0.007539 1.1712 -0.630343 0.003909 1.16375 -0.629397 0.01529 1.15904 -0.635243 0.047695 1.1533 -0.62028 0.076222 1.16753 -0.629217 0.008517 1.18806 -0.629397 0.01529 1.15904 -0.635243 0.047695 1.1533 -0.585345 -0.008154 1.18062 -0.598893 -0.012955 1.17194 -0.626343 -0.007539 1.1712 -0.585345 -0.008154 1.18062 0.081277 0.070097 0.918719 0.088335 0.096653 0.928418 0.073667 0.039795 1.00723 0.080725 0.066351 1.01693 0.055224 0.105399 0.928565 0.047614 0.075098 1.01708 0.022113 0.114146 0.928713 0.014503 0.083844 1.01722 0.015055 0.08759 0.919014 0.007444 0.057288 1.00752 0.040556 0.048541 1.00738 0.007444 0.057288 1.00752 0.015055 0.08759 0.919014 0.081277 0.070097 0.918719 0.073667 0.039795 1.00723 0.040556 0.048541 1.00738 0.007444 0.057288 1.00752 0.055224 0.105399 0.928565 0.088335 0.096653 0.928418 0.081277 0.070097 0.918719 0.015055 0.08759 0.919014 0.022113 0.114146 0.928713 0.073667 0.039795 1.00723 -0.52223 0.021085 1.20343 -0.521793 0.044939 1.22421 0.109658 0.050021 1.23149 0.093162 0.042981 1.23906 0.106083 0.01746 1.2161 0.088169 0.008095 1.22207 -0.52206 0.076951 1.20831 -0.522478 0.058833 1.18353 0.088125 -0.031719 1.16924 0.109194 0.007317 1.18292 0.088169 0.008095 1.22207 0.074792 -0.031996 1.17511 -0.481416 0.127947 1.20956 -0.48044 0.086623 1.14682 -0.46567 0.046957 1.20052 -0.48044 0.086623 1.14682 -0.480588 -0.00368 1.13766 0.163719 0.073429 1.17142 0.111054 0.086746 1.17772 0.163513 0.090856 1.21309 -0.480588 -0.00368 1.13766 -0.479545 -0.027191 1.20542 0.163907 0.019414 1.2129 0.180838 0.052684 1.22935 0.122288 0.051353 1.22791 0.163513 0.090856 1.21309 0.105416 0.089547 1.21723 0.092299 0.085157 1.22635 0.163907 0.019414 1.2129 0.167899 0.009555 1.17804 -0.479545 -0.027191 1.20542 -0.477966 0.053771 1.26981 -0.477966 0.053771 1.26981 -0.481416 0.127947 1.20956 0.180838 0.052684 1.22935 0.163907 0.019414 1.2129 0.175591 0.053109 1.24148 0.177195 0.044469 1.16146 0.163719 0.073429 1.17142 0.182301 0.031389 1.15221 0.182301 0.031389 1.15221 0.167899 0.009555 1.17804 0.175591 0.053109 1.24148 0.163513 0.090856 1.21309 -0.109662 0.050021 1.23149 -0.093251 0.042981 1.23906 -0.092387 0.085157 1.22546 -0.105419 0.089547 1.21723 -0.163722 0.073429 1.17142 -0.182304 0.031389 1.15221 -0.262493 0.055328 1.1628 -0.258042 0.015966 1.18049 -0.180841 0.052684 1.22935 -0.122291 0.051353 1.22791 -0.163516 0.090856 1.21309 -0.074881 -0.031996 1.17511 -0.088258 0.008095 1.22207 -0.088171 -0.031719 1.16924 -0.167902 0.009555 1.17804 -0.106087 0.01746 1.2161 -0.109198 0.007317 1.18292 -0.16391 0.019414 1.2129 -0.257689 0.022114 1.22231 -0.106087 0.01746 1.2161 -0.16391 0.019414 1.2129 -0.163516 0.090856 1.21309 -0.163722 0.073429 1.17142 -0.274137 0.09217 1.20221 -0.105419 0.089547 1.21723 -0.111057 0.086746 1.17772 -0.089047 0.09173 1.20766 -0.175594 0.053109 1.24148 -0.252335 0.058647 1.23386 -0.079689 0.092045 1.16318 -0.092387 0.085157 1.22546 -0.175594 0.053109 1.24148 -0.16391 0.019414 1.2129 -0.180841 0.052684 1.22935 -0.182304 0.031389 1.15221 -0.163722 0.073429 1.17142 -0.177198 0.044469 1.16146 -0.167902 0.009555 1.17804 -0.182304 0.031389 1.15221 -0.163516 0.090856 1.21309 -0.175594 0.053109 1.24148 -0.489744 0.044689 1.22312 -0.455695 0.076951 1.20853 -0.490756 0.076951 1.20853 0.481412 0.127947 1.20956 0.480437 0.086623 1.14682 0.321287 0.098877 1.20337 -0.49047 0.059437 1.18703 0.480585 -0.00368 1.13766 0.321913 0.052379 1.16062 0.321622 0.010858 1.18202 0.479542 -0.027191 1.20542 -0.455408 0.059437 1.18703 0.477962 0.053771 1.26981 0.321317 0.016299 1.22378 -0.455452 0.032937 1.18435 0.320648 0.059884 1.24418 -0.454682 0.044689 1.22312 -0.455146 0.01934 1.20423 -0.490207 0.01934 1.20423 0.182301 0.031389 1.15221 0.26249 0.055328 1.1628 0.258038 0.015966 1.18049 -0.490513 0.032937 1.18435 -0.481416 0.127947 1.20956 -0.477966 0.053771 1.26981 -0.320651 0.059884 1.24418 -0.48044 0.086623 1.14682 -0.32129 0.098877 1.20337 0.252331 0.058647 1.23386 0.274134 0.09217 1.20221 -0.480588 -0.00368 1.13766 -0.321917 0.052379 1.16062 0.48974 0.044689 1.22312 0.455691 0.076951 1.20853 0.454679 0.044689 1.22312 0.455142 0.01934 1.20423 0.490204 0.01934 1.20423 0.455449 0.032937 1.18435 0.49051 0.032937 1.18435 0.490466 0.059437 1.18703 0.257686 0.022114 1.22231 0.175591 0.053109 1.24148 -0.479545 -0.027191 1.20542 -0.321625 0.010858 1.18202 0.490753 0.076951 1.20853 0.455405 0.059437 1.18703 -0.32132 0.016299 1.22378 0.465667 0.046957 1.20052 0.481412 0.127947 1.20956 0.477962 0.053771 1.26981 0.477962 0.053771 1.26981 0.479542 -0.027191 1.20542 0.479542 -0.027191 1.20542 0.480585 -0.00368 1.13766 0.480585 -0.00368 1.13766 0.480437 0.086623 1.14682 0.480437 0.086623 1.14682 0.481412 0.127947 1.20956 0.52179 0.044939 1.22421 0.522515 0.034242 1.18109 0.522474 0.058834 1.18353 0.522057 0.076951 1.20831 0.522227 0.021085 1.20343 0.504 0.04721 1.20011 0.522515 0.034242 1.18109 0.522227 0.021085 1.20343 0.52179 0.044939 1.22421 0.522057 0.076951 1.20831 0.522227 0.021085 1.20343 0.52179 0.044939 1.22421 0.522057 0.076951 1.20831 0.522474 0.058834 1.18353 0.522474 0.058834 1.18353 0.522515 0.034242 1.18109 -0.293088 0.095076 1.20264 0.163719 0.073429 1.17142 0.293085 0.095076 1.20264 -0.088258 0.008095 1.22207 0.105416 0.089547 1.21723 0.088958 0.09173 1.20766 0.092299 0.085157 1.22635 0.079599 0.092045 1.16318 0.106083 0.01746 1.2161 -0.522518 0.034242 1.18109 0.522515 0.034242 1.18109 -0.522518 0.034242 1.18109 -0.504266 0.04721 1.20011 -0.52223 0.021085 1.20343 -0.522518 0.034242 1.18109 -0.52206 0.076951 1.20831 -0.521793 0.044939 1.22421 -0.521793 0.044939 1.22421 -0.52223 0.021085 1.20343 -0.522478 0.058833 1.18353 -0.52206 0.076951 1.20831 -0.522518 0.034242 1.18109 -0.522478 0.058833 1.18353 -0.000003 -0.083765 0.95376 0.050402 -0.06408 0.994587 -0.000003 -0.081851 0.992614 -0.050406 -0.06408 0.994587 -0.054699 -0.060812 0.957415 -0.08355 -0.005902 0.995513 -0.087814 -0.003836 0.959578 -0.066863 0.051801 0.964899 -0.000003 0.057013 1.00457 0.06686 0.051801 0.964899 -0.000003 0.071304 0.970973 -0.062339 0.046471 1.0028 0.062337 0.046471 1.0028 0.083547 -0.005902 0.995513 0.087812 -0.003836 0.959578 0.054696 -0.060812 0.957414</float_array>
          <technique_common>
            <accessor source="#GeometrySource9-array" count="285" stride="3">
              <param name="X" type="float"/>
              <param name="Y" type="float"/>
              <param name="Z" type="float"/>
            </accessor>
          </technique_common>
        </source>
        <source id="GeometrySource10" name="mesh3Nrm">
          <float_array id="GeometrySource10-array" count="855">0.089286 0.43175 -0.897564 0.060826 0.533414 -0.843664 0.15797 0.861087 -0.483296 0.400214 0.864864 0.303049 -0.083625 0.291063 -0.953042 0.72115 0.498378 -0.481208 0.220708 0.372883 -0.901247 0.504889 0.063394 -0.860853 0.031083 0.764748 -0.643579 0.296096 0.810326 -0.505668 0.241843 0.607977 0.756225 0.965642 -0.009588 0.259698 0.353433 -0.197904 0.914286 0.612381 -0.680396 0.402556 0.079683 -0.722576 0.686684 -0.061458 -0.907405 0.415739 0.090191 0.367658 0.925577 0.271926 0.122825 0.954448 0.72594 0.239785 0.644604 0.456259 -0.882694 -0.1126 0.927782 -0.367227 -0.066074 0.638749 -0.768204 -0.043157 -0.060165 -0.990894 -0.120458 -0.048075 -0.971266 -0.233091 -0.414846 -0.897567 -0.149251 -0.890893 0.18546 -0.414626 -0.691992 -0.002989 -0.721899 -0.908127 -0.078589 -0.411253 -0.951979 -0.077041 -0.296311 0.840362 0.304921 -0.448125 0.873481 -0.400671 -0.276575 -0.328404 -0.927007 0.181131 -0.612377 -0.680398 0.402557 0.061459 -0.907405 0.415738 -0.079687 -0.722575 0.686684 -0.353432 -0.197902 0.914287 -0.965642 -0.009584 0.2597 -0.241842 0.607977 0.756225 -0.29609 0.810328 -0.505667 -0.03108 0.764745 -0.643583 -0.504886 0.063394 -0.860855 -0.220702 0.372885 -0.901248 -0.721148 0.49838 -0.48121 0.083626 0.291068 -0.95304 -0.400212 0.864865 0.303049 -0.060827 0.533415 -0.843664 -0.157977 0.861086 -0.483295 -0.089291 0.431747 -0.897564 0.414846 -0.897567 -0.149251 0.060167 -0.990893 -0.120461 0.048075 -0.971266 -0.233091 -0.456262 -0.882688 -0.112632 -0.638755 -0.768196 -0.043206 -0.927788 -0.367197 -0.066145 -0.87348 -0.400671 -0.276576 -0.840353 0.304931 -0.448134 0.890893 0.185447 -0.414632 0.951974 -0.077046 -0.296326 0.908124 -0.078602 -0.411258 0.692009 -0.003005 -0.721883 -0.725939 0.239774 0.644609 -0.271923 0.122814 0.95445 -0.090195 0.367663 0.925575 0.328404 -0.927007 0.18113 0.966829 -0.255389 -0.004307 0.97308 0.179143 0.144994 0.966829 -0.255389 -0.004307 0.429696 0.307228 0.849101 0.242225 0.911349 0.332822 0.156573 0.57922 0.799993 -0.215726 0.929351 0.299614 -0.617861 0.258833 0.742464 -0.966824 0.255406 0.004308 -0.96682 0.255422 0.004308 -0.242216 -0.911349 -0.332829 -0.242222 -0.911346 -0.332831 -0.242222 -0.911346 -0.332831 -0.242213 -0.91135 -0.332828 -0.242204 -0.911353 -0.332825 -0.081082 -0.322821 0.942981 -0.081097 -0.322842 0.942972 0.081081 0.322847 -0.942972 0.08109 0.322847 -0.942971 0.081085 0.322844 -0.942972 0.081077 0.322847 -0.942972 0.081074 0.322853 -0.94297 -0.081084 -0.322819 0.942981 0.39361 -0.869719 0.297759 0.105295 -0.078557 0.991333 0.386728 0.028625 0.921749 0.463401 -0.202648 0.862666 0.345007 -0.418273 0.840249 0.482018 -0.438359 0.758617 0.163317 0.929489 0.330722 0.215687 0.45403 -0.864486 0.524016 -0.68041 0.512298 0.363218 -0.867605 0.33961 0.525662 -0.727593 0.440781 0.271158 -0.768818 0.57913 -0.972207 -0.202191 0.118037 -0.972207 -0.202191 0.118037 -0.999739 -0.00833 0.021251 -0.968261 -0.023644 0.248819 -0.968261 -0.023644 0.248819 0.070184 0.865944 -0.495191 0.125494 0.982889 -0.134834 0.049975 0.984422 0.168573 -0.978778 0.18847 0.080457 -0.978778 0.18847 0.080457 0.025775 -0.397485 0.917247 -0.023862 -0.03208 0.9992 0.107028 -0.036864 0.993572 0.015031 0.33749 0.941209 0.249452 0.335263 0.9085 0.378649 0.314417 0.870498 0.025599 -0.930201 0.366157 0.071205 -0.997181 -0.023655 -0.967534 0.168611 -0.18828 -0.967534 0.168611 -0.18828 -0.972755 -0.171739 -0.155736 -0.972755 -0.171739 -0.155736 -0.916869 0.03127 -0.397961 -0.755589 0.555872 -0.346544 -0.755589 0.555872 -0.346544 -0.952734 -0.25326 -0.167803 -0.86704 -0.464997 0.178942 -0.86704 -0.464997 0.178942 -0.874169 0.002141 -0.485617 -0.874169 0.002141 -0.485617 -0.799548 -0.502833 -0.328453 -0.799548 -0.502833 -0.328453 -0.376691 0.033298 0.92574 -0.463704 -0.196694 0.863881 -0.353256 0.324398 0.877483 -0.234658 0.335173 0.912466 0.003504 0.414293 -0.910137 -0.121576 -0.30886 -0.943305 -0.032594 0.345246 -0.937946 -0.021931 -0.916944 -0.398414 0.023862 -0.03208 0.9992 -0.107035 -0.036863 0.993572 -0.015031 0.33749 0.941209 -0.271915 -0.768754 0.57886 -0.526918 -0.726992 0.440273 -0.525001 -0.680131 0.51166 -0.071205 -0.997181 -0.023655 -0.29332 -0.906235 0.304471 -0.364065 -0.867347 0.339361 -0.025599 -0.930201 0.366157 0.04138 -0.685189 0.727189 -0.346057 -0.418207 0.83985 -0.025775 -0.397484 0.917247 -0.049974 0.984422 0.168572 -0.070184 0.865944 -0.495191 0.056034 0.994914 0.083703 -0.015423 0.996571 0.081287 -0.125821 0.982847 -0.134834 -0.086661 0.991583 0.096197 -0.03581 -0.122144 0.991866 0.008517 0.320036 0.947367 -0.180465 0.983093 -0.031005 0.086237 0.929182 0.359421 0.755589 0.555872 -0.346544 0.755589 0.555872 -0.346544 0.916869 0.03127 -0.397961 0.86704 -0.464997 0.178942 0.86704 -0.464997 0.178942 0.952734 -0.25326 -0.167803 0.874169 0.002141 -0.485617 0.874169 0.002141 -0.485617 0.799548 -0.502833 -0.328453 0.799548 -0.502833 -0.328453 0 -0.107695 0.994184 0 0.973375 0.229216 0 0.973375 0.229216 -0.182196 0.972152 0.147393 -0.158471 0.568982 -0.806936 -0.174224 0.984188 0.031927 0 0.474288 -0.88037 -0.21835 -0.492438 -0.842513 -0.122378 0.141817 -0.982299 -0.188005 -0.884977 -0.425994 -0.192613 -0.956304 0.219962 0 0.474288 -0.88037 -0.147979 0.09681 0.984241 -0.135744 -0.821023 0.554522 0 -0.421404 -0.906873 -0.137589 0.295755 0.945303 0 -0.107695 0.994184 0 -0.889304 0.457317 0 -0.989584 -0.143955 0.121577 -0.308862 -0.943304 0.032594 0.345246 -0.937946 0.021931 -0.916944 -0.398413 0 -0.421404 -0.906873 0.161944 0.910751 0.379877 0.137243 -0.164654 0.976756 0.144091 0.347145 0.926676 0.158472 0.568982 -0.806937 0.182387 0.968307 -0.170638 -0.008516 0.320036 0.947367 -0.056033 0.994914 0.083703 0.21835 -0.492436 -0.842514 0.122378 0.141817 -0.982299 0 -0.107695 0.994184 0 0.973375 0.229216 0 -0.107695 0.994184 0 -0.889304 0.457317 0 -0.989584 -0.143955 0 -0.421404 -0.906873 0 -0.421404 -0.906873 0 0.474288 -0.88037 -0.041379 -0.685189 0.727189 0.03581 -0.122143 0.991866 0.192613 -0.956304 0.219962 0.188006 -0.884976 -0.425995 0 0.973375 0.229216 0 0.474288 -0.88037 0.135744 -0.821023 0.554522 0.999739 -0.008326 0.021258 0.972759 -0.171729 -0.155723 0.972759 -0.171729 -0.155723 0.967536 0.168612 -0.188266 0.967536 0.168612 -0.188266 0.978778 0.18847 0.080457 0.978778 0.18847 0.080457 0.968261 -0.023644 0.248819 0.968261 -0.023644 0.248819 0.972208 -0.20218 0.118045 0.972208 -0.20218 0.118045 -0.105296 -0.078556 0.991333 -0.411033 0.089332 -0.907233 -0.215687 0.45403 -0.864486 -0.163315 0.929487 0.330731 -0.393611 -0.869719 0.297756 -0.993945 -0.026446 -0.106647 -0.749321 -0.566367 -0.343141 -0.749321 -0.566367 -0.343141 -0.754666 0.296916 0.585081 -0.754666 0.296916 0.585081 -0.737843 -0.451001 0.50218 -0.737843 -0.451001 0.50218 -0.721739 0.552954 -0.416335 -0.721739 0.552954 -0.416335 -0.690554 0.070273 -0.719858 -0.690554 0.070273 -0.719858 0.109927 0.973369 -0.20117 -0.003504 0.414293 -0.910137 -0.109927 0.973369 -0.201169 -0.483846 -0.438121 0.75759 0.018922 0.996974 0.075391 0.089811 0.991857 0.090293 -0.075147 0.936408 0.342774 0.179933 0.983194 -0.030896 0.292297 -0.906563 0.304476 0.678076 -0.629502 -0.379394 -0.678077 -0.6295 -0.379396 0.411017 0.089354 -0.907238 0.994073 -0.026 -0.105557 0.754026 -0.561721 -0.340462 0.754026 -0.561721 -0.340462 0.759453 0.294481 0.580097 0.759453 0.294481 0.580097 0.74277 -0.447489 0.498043 0.74277 -0.447489 0.498043 0.726672 0.548705 -0.413364 0.726672 0.548705 -0.413364 0.6957 0.069809 -0.714932 0.6957 0.069809 -0.714932 -0.000008 -0.999984 0.005581 0.558005 -0.829502 0.023588 -0.000006 -0.998789 0.049202 -0.558018 -0.829494 0.023578 -0.740533 -0.671218 0.032824 -0.98961 -0.08513 0.115869 -0.989519 -0.090911 0.112189 -0.654611 0.719402 0.232259 -0.000006 0.961253 0.275667 0.654607 0.719406 0.232259 -0.000006 0.920209 0.391427 -0.625438 0.758895 0.181397 0.625442 0.758896 0.181381 0.989608 -0.085137 0.115881 0.989516 -0.090912 0.112216 0.740521 -0.67123 0.032842</float_array>
          <technique_common>
            <accessor source="#GeometrySource10-array" count="285" stride="3">
              <param name="X" type="float"/>
              <param name="Y" type="float"/>
              <param name="Z" type="float"/>
            </accessor>
          </technique_common>
        </source>
        <source id="GeometrySource11" name="mesh3UV">
          <float_array id="GeometrySource11-array" count="570">0.438879 0.005529 0.274333 0.005529 0.430652 0.017231 0.299015 0.025033 0.159151 0.025033 0.208515 0.040635 0.159151 0.110847 0.266106 0.052337 0.307242 0.181059 0.447106 0.181059 0.323697 0.200562 0.554061 0.239569 0.31547 0.251271 0.455334 0.290278 0.28256 0.286377 0.257878 0.30588 0.438879 0.028933 0.373061 0.032834 0.31547 0.032834 0.397743 0.340986 0.430652 0.329284 0.397743 0.321483 0.299015 0.317582 0.290788 0.348788 0.159151 0.348788 0.529379 0.177158 0.586971 0.12645 0.554061 0.052337 0.455334 0.052337 0.586971 0.231768 0.562289 0.286377 0.224969 0.325384 0.455334 0.290278 0.257878 0.30588 0.28256 0.286377 0.31547 0.251271 0.554061 0.239569 0.323697 0.200562 0.447106 0.181059 0.307242 0.181059 0.266106 0.052337 0.159151 0.110847 0.208515 0.040635 0.159151 0.025033 0.299015 0.025033 0.274333 0.005529 0.430652 0.017231 0.438879 0.005529 0.159151 0.348788 0.299015 0.317582 0.290788 0.348788 0.397743 0.340986 0.397743 0.321483 0.430652 0.329284 0.562289 0.286377 0.586971 0.231768 0.529379 0.177158 0.455334 0.052337 0.554061 0.052337 0.586971 0.12645 0.31547 0.032834 0.373061 0.032834 0.438879 0.028933 0.224969 0.325384 0.595198 0.001629 0.595198 0.056238 0.866699 0.001629 0.866699 0.056238 0.595198 0.181059 0.866699 0.181059 0.595198 0.056238 0.866699 0.056238 0.595198 0.001629 0.866699 0.001629 0.208515 0.625735 0.208515 0.637437 0.183833 0.637437 0.183833 0.614033 0.208515 0.614033 0.998336 0.181059 0.998336 0.056238 0.611652 0.021132 0.611652 0.005529 0.685698 0.005529 0.685698 0.032834 0.611652 0.032834 0.998336 0.056238 0.011059 0.282476 0.011059 0.227867 0.208515 0.797364 0.356606 0.805165 0.216742 0.863675 0.356606 0.871477 0.011059 0.173258 0.011059 0.118649 0.92429 0.239569 0.92429 0.278576 0.61988 0.204463 0.92429 0.200562 0.973654 0.980695 0.948972 0.980695 0.957199 0.820768 0.973654 0.980695 0.948972 0.980695 0.92429 0.36049 0.940745 0.266874 0.61988 0.36049 0.973654 0.980695 0.948972 0.980695 0.06865 0.871477 0.06865 0.793463 0.134469 0.793463 0.076878 0.727152 0.200287 0.719351 0.348379 0.727152 0.61988 0.356589 0.92429 0.352688 0.973654 0.980695 0.948972 0.980695 0.973654 0.980695 0.948972 0.980695 2.07611 0.512616 2.05143 0.497013 2.10079 0.497013 2.07611 0.512616 2.05143 0.497013 2.10079 0.497013 2.05143 0.497013 2.10079 0.497013 2.05143 0.497013 2.10079 0.497013 0.208515 0.797364 0.356606 0.805165 0.348379 0.727152 0.200287 0.719351 0.998336 0.36049 0.965426 0.36049 0.998336 0.528218 0.916063 0.543821 0.06865 0.793463 0.134469 0.793463 0.076878 0.727152 0.92429 0.200562 0.61988 0.204463 0.92429 0.239569 0.92429 0.352688 0.61988 0.270774 0.92429 0.278576 0.61988 0.356589 0.628107 0.563324 0.216742 0.863675 0.06865 0.871477 0.61988 0.36049 0.92429 0.36049 0.61988 0.602331 0.61988 0.255172 0.940745 0.266874 0.735062 0.204463 0.40597 0.36049 0.40597 0.532119 0.948972 0.204463 0.61988 0.204463 2.10079 0.497013 2.05143 0.497013 2.07611 0.512616 2.10079 0.497013 2.05143 0.497013 2.07611 0.512616 2.10079 0.497013 2.05143 0.497013 2.10079 0.497013 2.05143 0.497013 0.389515 0.251271 0.480016 0.24737 0.480016 0.251271 0.718607 0.992397 0.899608 0.992397 0.61988 0.65304 0.595198 0.251271 0.990108 0.992397 0.990108 0.649139 0.916063 0.649139 0.751517 0.992397 0.595198 0.24737 0.40597 0.988497 0.595198 0.65304 0.603425 0.24737 0.40597 0.649139 0.389515 0.24737 0.488243 0.24737 0.488243 0.251271 0.965426 0.36049 0.998336 0.528218 0.916063 0.543821 0.603425 0.251271 0.718607 0.992397 0.40597 0.988497 0.40597 0.649139 0.899608 0.992397 0.61988 0.65304 0.40597 0.532119 0.61988 0.602331 0.990108 0.992397 0.990108 0.649139 0.389515 0.251271 0.480016 0.24737 0.389515 0.24737 0.488243 0.24737 0.488243 0.251271 0.603425 0.24737 0.603425 0.251271 0.595198 0.251271 0.628107 0.563324 0.40597 0.36049 0.751517 0.992397 0.916063 0.649139 0.480016 0.251271 0.595198 0.24737 0.595198 0.65304 0.957199 0.820768 0.948972 0.980695 0.973654 0.980695 0.948972 0.980695 0.973654 0.980695 0.948972 0.980695 0.973654 0.980695 0.948972 0.980695 0.973654 0.980695 0.948972 0.980695 0.973654 0.980695 0.011059 0.227867 0.011059 0.06794 0.011059 0.118649 0.011059 0.173258 0.011059 0.282476 0.011059 0.181059 0.011059 0.142053 0.011059 0.208364 0.011059 0.142053 0.011059 0.208364 0.011059 0.142053 0.011059 0.208364 0.011059 0.142053 0.011059 0.208364 0.011059 0.142053 0.011059 0.208364 0.61988 0.629636 0.998336 0.36049 0.61988 0.629636 0.356606 0.871477 0.61988 0.255172 0.735062 0.204463 0.61988 0.204463 0.948972 0.204463 0.61988 0.270774 0.011059 0.333185 0.011059 0.333185 0.011059 0.06794 0.011059 0.181059 0.011059 0.142053 0.011059 0.208364 0.011059 0.142053 0.011059 0.208364 0.011059 0.142053 0.011059 0.208364 0.011059 0.142053 0.011059 0.208364 0.011059 0.142053 0.011059 0.208364 0.381288 0.368291 0.011059 0.571126 0.011059 0.368291 0.011059 0.571126 0.381288 0.575026 0.011059 0.602331 0.381288 0.621834 0.381288 0.649139 0.011059 0.707649 0.381288 0.649139 0.381288 0.707649 0.011059 0.65304 0.011059 0.65304 0.011059 0.602331 0.381288 0.621834 0.381288 0.575026</float_array>
          <technique_common>
            <accessor source="#GeometrySource11-array" count="285" stride="2">
              <param name="S" type="float"/>
              <param name="T" type="float"/>
            </accessor>
          </technique_common>
        </source>
        <vertices id="Geometry3-vertices">
          <input semantic="POSITION" source="#GeometrySource9"/>
          <input semantic="NORMAL" source="#GeometrySource10"/>
          <input semantic="TEXCOORD" source="#GeometrySource11"/>
        </vertices>
        <triangles material="VisualMaterial30" count="278">
          <input semantic="VERTEX" source="#Geometry3-vertices" offset="0"/>
          <p>0 1 2 3 2 1 1 4 3 5 3 4 4 6 5 7 5 6 6 8 7 9 7 8 8 10 9 11 9 10 10 12 11 13 11 12 12 14 13 15 13 14 16 3 17 18 17 3 3 5 18 7 18 5 19 20 21 21 22 19 23 19 22 22 24 23 25 26 27 27 28 25 9 25 28 28 7 9 29 25 9 9 11 29 30 29 11 11 13 30 22 31 24 16 2 3 32 33 34 34 35 32 36 32 35 35 37 36 38 36 37 37 39 38 40 38 39 39 41 40 42 40 41 41 43 42 44 42 43 43 45 44 46 44 45 45 47 46 48 49 50 51 50 49 49 52 51 53 51 52 32 36 54 55 54 36 36 38 55 56 55 38 40 57 38 56 38 57 57 58 56 59 56 58 60 40 42 42 44 60 61 60 44 44 62 61 44 46 62 48 63 49 64 65 66 67 66 65 65 68 67 69 67 68 68 70 69 71 69 70 70 72 71 73 71 72 74 75 76 76 77 74 78 74 77 79 67 69 69 71 79 80 79 71 81 82 83 83 84 81 85 81 84 79 86 67 63 48 87 34 88 35 37 35 88 89 90 91 92 91 90 39 37 93 41 39 94 95 96 97 97 98 95 99 100 101 102 103 101 104 105 106 107 108 101 109 110 111 112 111 110 89 113 114 114 90 89 115 96 116 117 118 101 119 120 101 121 122 123 124 125 126 124 127 128 121 129 130 131 132 133 133 134 131 135 136 137 138 137 136 139 140 141 142 143 144 136 145 138 143 146 147 148 147 146 148 149 138 131 140 150 151 150 140 138 145 148 152 153 154 152 155 156 157 156 155 158 152 159 145 147 148 160 156 157 161 157 155 162 163 164 165 166 167 168 169 167 170 171 164 172 173 174 175 176 177 178 174 173 176 179 180 181 180 179 179 182 181 173 183 178 182 184 185 186 178 183 184 177 187 173 172 188 189 188 172 172 190 189 186 189 190 191 192 193 193 116 191 193 180 181 181 185 193 190 194 186 178 186 194 195 196 197 198 195 199 106 200 201 202 198 203 204 205 206 206 207 204 208 204 207 207 209 208 210 208 209 209 211 210 115 116 193 193 212 115 213 115 212 214 202 215 106 213 200 205 204 216 216 211 205 217 205 211 211 209 217 214 215 218 138 218 215 104 201 192 215 203 138 219 220 221 219 222 223 219 224 225 219 226 227 219 228 229 158 159 149 12 10 230 4 231 232 10 8 233 14 230 234 8 6 232 4 232 6 15 234 31 24 31 234 34 33 87 232 233 8 234 15 14 233 230 10 235 236 237 235 238 239 235 240 241 235 242 243 235 244 245 149 148 158 230 14 12 197 149 159 159 154 197 246 197 154 154 137 246 203 246 137 137 138 203 192 191 247 248 192 201 201 187 248 218 196 214 212 200 213 203 215 202 201 104 106 199 203 198 187 201 200 197 199 195 200 212 187 218 197 196 185 187 212 212 193 185 180 193 192 192 248 180 177 180 248 248 187 177 187 185 184 185 181 182 180 177 176 177 184 175 150 249 132 154 159 152 156 153 152 137 154 153 140 139 151 150 132 131 218 138 149 149 197 218 147 144 143 134 141 140 140 131 134 199 197 246 246 203 199 250 251 252 105 253 251 111 91 109 250 106 105 105 251 250 94 43 41 254 97 96 93 94 39 96 115 254 88 93 37 91 111 89 113 89 111 87 33 63 111 112 113 255 87 48 87 88 34 234 256 24 257 43 94 258 259 260 258 261 262 258 263 264 258 265 266 258 267 268 269 270 271 271 272 269 273 269 272 272 274 273 275 273 274 274 276 275 277 278 279 279 276 277 280 277 276 276 274 280 278 277 281 281 282 278 283 278 282 282 284 283 284 282 270 270 269 284</p>
        </triangles>
      </mesh>
    </geometry>
    <geometry id="Geometry4" name="mesh4">
      <mesh>
        <source id="GeometrySource12" name="mesh4Pos">
          <float_array id="GeometrySource12-array" count="927">-0.087128 0.056053 1.12627 -0.098896 0.035706 1.15282 -0.079689 0.092045 1.16318 -0.060284 0.07893 1.11962 -0.080131 0.053015 1.1121 -0.06713 0.052179 1.08619 -0.095828 0.027272 1.11423 -0.083356 -0.001581 1.08459 -0.08892 -0.009163 1.12343 -0.070096 -0.057093 1.07645 -0.071426 -0.063417 1.11318 -0.047791 -0.080232 1.08505 -0.045449 -0.087356 1.11176 -0.000003 -0.098589 1.10302 -0.000003 -0.085803 1.13623 0.045446 -0.087356 1.11176 0.069021 -0.064754 1.13611 0.071423 -0.063417 1.11318 0.083091 -0.025232 1.13733 0.088916 -0.009163 1.12343 0.091158 0.009093 1.13086 0.086268 0.026798 1.11314 0.087126 0.056053 1.12627 0.080127 0.053015 1.1121 0.060281 0.07893 1.11962 0.067127 0.052179 1.08619 0.039077 0.066749 1.06721 0.06669 0.047424 1.04916 0.068876 0.04814 1.03612 0.095446 0.002646 1.05724 -0.06861 -0.047843 1.04892 -0.067903 -0.045297 1.03139 -0.049187 -0.067738 1.0427 -0.084793 0.001183 1.06521 -0.066693 0.047424 1.04916 -0.03908 0.066749 1.06721 -0.000003 0.075765 1.05792 -0.000045 0.09858 1.16627 0.079599 0.092045 1.16318 0.098892 0.035706 1.15282 0.074792 -0.031996 1.17511 -0.063674 0.038261 1.27445 -0.061988 -0.003973 1.28989 -0.068089 0.038261 1.2978 -0.000087 0.084367 1.30402 -0.000087 0.089989 1.28182 0.063499 0.038261 1.27445 0.061349 0.040621 1.2534 0.056958 -0.003973 1.26381 0.047083 0.00041 1.2441 0.027837 -0.044047 1.25125 0.032195 -0.01972 1.23009 0.064315 0.008095 1.22733 0.028293 -0.027195 1.22026 0.050151 -0.040368 1.18758 0.088169 0.008095 1.22207 0.071332 0.042981 1.24783 0.093162 0.042981 1.23906 0.064995 0.085607 1.23923 0.092299 0.085157 1.22635 0.059458 0.094737 1.21064 0.088958 0.09173 1.20766 0.079599 0.092045 1.16318 -0.059633 0.094737 1.21064 -0.079689 0.092045 1.16318 -0.089047 0.09173 1.20766 -0.092387 0.085157 1.22546 -0.06517 0.085607 1.23923 -0.093251 0.042981 1.23906 -0.071506 0.042981 1.24783 -0.088258 0.008095 1.22207 -0.064489 0.008095 1.22733 -0.050239 -0.040368 1.18758 -0.028381 -0.027195 1.22026 -0.029274 -0.077689 1.03279 -0.000003 -0.083137 1.03118 0.029271 -0.077689 1.03279 0.047787 -0.080232 1.08505 0.049184 -0.067738 1.0427 0.070093 -0.057093 1.07645 0.068609 -0.047843 1.04892 0.08479 0.001183 1.06521 -0.086271 0.026798 1.11314 -0.091161 0.009093 1.13086 -0.083094 -0.025232 1.13733 -0.069024 -0.064754 1.13611 0.083353 -0.001581 1.08459 0.095825 0.027272 1.11423 0.040612 0.059183 1.0555 -0.000002 0.060632 1.04484 -0.040616 0.059183 1.0555 -0.068877 0.04814 1.03612 -0.09545 0.002646 1.05724 -0.000045 0.09858 1.16627 -0.000087 0.097319 1.21158 -0.000087 0.08558 1.2474 -0.000059 0.066303 1.2536 0.061349 0.040621 1.2534 -0.061523 0.040621 1.2534 -0.028336 0.000292 1.24534 -0.069745 0.042981 1.24404 -0.063226 0.010101 1.2254 -0.032283 -0.01972 1.23009 -0.000002 -0.014174 1.24232 -0.000002 -0.027992 1.21802 0.032195 -0.01972 1.23009 0.028293 -0.027195 1.22026 -0.000087 -0.063862 1.27707 -0.028012 -0.044047 1.25125 -0.000087 -0.063862 1.24838 0.029578 -0.044047 1.28052 0.061813 -0.003973 1.28989 0.074792 -0.031996 1.17511 0.056878 -0.051034 1.16566 0.035455 -0.050453 1.18299 -0.000003 -0.055528 1.18848 -0.032283 -0.01972 1.23009 -0.028012 -0.044047 1.25125 -0.047258 0.00041 1.2441 -0.057133 -0.003973 1.26381 -0.029752 -0.044047 1.28052 -0.061988 -0.003973 1.28989 0.047083 0.00041 1.2441 0.032195 -0.01972 1.23009 -0.000059 0.066303 1.2536 -0.061523 0.040621 1.2534 -0.057133 -0.003973 1.26381 -0.032283 -0.01972 1.23009 -0.047258 0.00041 1.2441 0.028333 0.000292 1.24534 0.063223 0.010101 1.2254 0.069742 0.042981 1.24404 0.039078 0.039895 1.26361 -0.000059 0.066303 1.2536 0.035455 -0.050453 1.18299 0.050151 -0.040368 1.18758 -0.000003 -0.055528 1.18848 -0.035458 -0.050453 1.18299 0.067914 0.038261 1.2978 -0.035458 -0.050453 1.18299 -0.050239 -0.040368 1.18758 -0.056966 -0.051034 1.16566 -0.028381 -0.027195 1.22026 -0.050239 -0.040368 1.18758 0.0679 -0.045297 1.03139 0.086268 0.026798 1.11314 0.088916 -0.009163 1.12343 0.095825 0.027272 1.11423 0.080127 0.053015 1.1121 -0.039081 0.039895 1.26361 -0.095828 0.027272 1.11423 -0.08892 -0.009163 1.12343 -0.086271 0.026798 1.11314 -0.080131 0.053015 1.1121 0.074792 -0.031996 1.17511 0.056878 -0.051034 1.16566 -0.029752 -0.044047 1.28052 -0.047258 0.00041 1.2441 0.050151 -0.040368 1.18758 0.080641 0.000135 1.06273 0.068876 0.04814 1.03612 0.095446 0.002646 1.05724 0.0679 -0.045297 1.03139 -0.09545 0.002646 1.05724 -0.068877 0.04814 1.03612 -0.080643 0.000135 1.06273 -0.067903 -0.045297 1.03139 0.529609 0.061501 1.17877 0.529666 0.024519 1.17572 0.484885 0.029141 1.17536 0.484824 0.062255 1.17889 0.529025 0.084141 1.20974 0.485226 0.084141 1.21002 0.528651 0.044139 1.22961 0.483808 0.043826 1.2295 0.484458 0.012149 1.20464 0.484885 0.029141 1.17536 0.529262 0.012285 1.20364 0.484824 0.062255 1.17889 0.484885 0.029141 1.17536 0.484458 0.012149 1.20464 0.483808 0.043826 1.2295 0.485226 0.084141 1.21002 0.529609 0.061501 1.17877 0.529025 0.084141 1.20974 0.528651 0.044139 1.22961 0.529262 0.012285 1.20364 0.529666 0.024519 1.17572 -0.528653 0.044139 1.22961 -0.48446 0.012149 1.20464 -0.483812 0.043826 1.2295 -0.485228 0.084141 1.21002 -0.529027 0.084141 1.20974 -0.484828 0.062255 1.17889 -0.529612 0.061501 1.17877 -0.484888 0.029141 1.17536 -0.529667 0.024519 1.17572 -0.529266 0.012285 1.20364 -0.484888 0.029141 1.17536 -0.484828 0.062255 1.17889 -0.485228 0.084141 1.21002 -0.483812 0.043826 1.2295 -0.48446 0.012149 1.20464 -0.484888 0.029141 1.17536 -0.529612 0.061501 1.17877 -0.529667 0.024519 1.17572 -0.529266 0.012285 1.20364 -0.528653 0.044139 1.22961 -0.529027 0.084141 1.20974 -0.107877 -0.001832 0.927917 -0.103012 -0.090188 0.821679 -0.065948 -0.069299 0.919897 0 -0.096542 0.911167 -0.085402 0.067684 0.936365 -0.131657 0.110804 0.844421 0.065948 -0.069299 0.919897 0.103012 -0.090188 0.821679 0.040612 0.059183 1.0555 0.040756 0.051474 1.03044 -0.000002 0.060632 1.04484 0.085402 0.067684 0.936365 0.107877 -0.001832 0.927917 0.131657 0.110804 0.844421 -0.000003 0.057013 1.00457 -0.040759 0.051474 1.03044 0 0.096382 0.94153 0 0.165045 0.850292 -0.074881 -0.031996 1.17511 -0.074881 -0.031996 1.17511 -0.056966 -0.051034 1.16566 0.06669 0.045403 1.06028 0.080641 0.000135 1.06273 0.075151 -0.005902 1.00103 0.049184 -0.067738 1.0427 -0.130385 0.040087 1.15714 -0.111057 0.086746 1.17772 -0.000003 -0.081851 0.992614 -0.163722 0.073429 1.17142 -0.050406 -0.06408 0.994587 -0.177198 0.044469 1.16146 -0.167902 0.009555 1.17804 -0.080643 0.000135 1.06273 -0.066693 0.045403 1.06028 -0.075154 -0.005902 1.00103 -0.074881 -0.031996 1.17511 -0.109198 0.007317 1.18292 -0.040759 0.051474 1.03044 -0.054756 0.045623 0.998819 -0.049187 -0.067738 1.0427 -0.092214 -0.01339 1.00893 -0.050406 -0.06408 0.994587 0.109194 0.007317 1.18292 0.167899 0.009555 1.17804 0.130381 0.040087 1.15714 0.177195 0.044469 1.16146 0.163719 0.073429 1.17142 0.050402 -0.06408 0.994587 0.111054 0.086746 1.17772 0.04689 -0.056298 0.993078 -0.039081 0.039895 1.26361 -0.039123 0.038021 1.3063 -0.000003 0.063613 1.29964 -0.028336 0.000292 1.24534 -0.026701 -0.002793 1.29792 -0.040616 0.059183 1.0555 -0.066863 0.051801 0.964899 -0.000003 0.071304 0.970973 0.028333 0.000292 1.24534 0.039078 0.039895 1.26361 0.03912 0.038021 1.3063 0.06686 0.051801 0.964899 -0.000059 0.066303 1.2536 0.087812 -0.003836 0.959578 -0.000002 -0.014174 1.24232 0.028333 0.000292 1.24534 -0.000002 -0.022266 1.28566 -0.000003 -0.083765 0.95376 -0.087814 -0.003836 0.959578 0.054696 -0.060812 0.957414 -0.054699 -0.060812 0.957415 -0.168458 0.002718 0.835407 -0.028336 0.000292 1.24534 0.026698 -0.002793 1.29792 -0.046893 -0.056298 0.993078 -0.049187 -0.067738 1.0427 0.040756 0.051474 1.03044 0.040612 0.059183 1.0555 0.07899 0.051854 1.01473 0.092213 -0.01339 1.00893 0.083547 -0.005902 0.995513 0.050402 -0.06408 0.994587 0.049184 -0.067738 1.0427 -0.08355 -0.005902 0.995513 -0.078993 0.051854 1.01473 0.054752 0.045623 0.998819 -0.062339 0.046471 1.0028 0.206062 0.003848 0.787755 0.168458 0.002718 0.835407 0.123659 -0.106402 0.761465 -0.040616 0.059183 1.0555 0 -0.156154 0.744288 0 -0.129669 0.812206 0.062337 0.046471 1.0028 0.026439 0.210549 0.787092 -0.206062 0.003848 0.787755 -0.159726 0.14324 0.793833 -0.026439 0.210549 0.787092 0.159726 0.14324 0.793833 -0.123659 -0.106402 0.761465</float_array>
          <technique_common>
            <accessor source="#GeometrySource12-array" count="309" stride="3">
              <param name="X" type="float"/>
              <param name="Y" type="float"/>
              <param name="Z" type="float"/>
            </accessor>
          </technique_common>
        </source>
        <source id="GeometrySource13" name="mesh4Nrm">
          <float_array id="GeometrySource13-array" count="927">-0.86972 0.32661 -0.370017 -0.757258 -0.058045 -0.650531 -0.590623 0.629154 -0.505302 -0.46351 0.800835 -0.379237 -0.762277 0.481654 -0.432368 -0.763811 0.550512 -0.33694 -0.895076 0.16789 -0.4131 -0.98806 0.048642 -0.146192 -0.974201 -0.209275 -0.084483 -0.879164 -0.454949 -0.141743 -0.842048 -0.538017 -0.038647 -0.532953 -0.826117 -0.183005 -0.438777 -0.891026 0.116398 -0.000008 -0.998124 -0.061224 0.000064 -0.883587 0.468267 0.43877 -0.891029 0.116393 0.645947 -0.68997 0.326639 0.842049 -0.538014 -0.038658 0.953321 -0.275277 0.124105 0.974198 -0.209281 -0.084502 0.991556 -0.104664 -0.076562 0.944504 0.08111 -0.318328 0.869742 0.326915 -0.369698 0.762259 0.481656 -0.432398 0.463514 0.800919 -0.379055 0.763813 0.550515 -0.336932 0.410612 0.858251 -0.307902 0.780901 0.596942 0.183995 0.542376 0.835305 -0.089972 0.878227 0.040695 0.476509 -0.845189 -0.534222 0.016184 -0.81472 -0.568247 -0.115442 -0.632475 -0.755221 -0.172097 -0.936444 -0.018679 0.350319 -0.780899 0.596955 0.18396 -0.410607 0.858249 -0.307914 -0.000023 0.884286 -0.466947 -0.00003 0.965281 -0.261214 0.590359 0.629796 -0.50481 0.757209 -0.058046 -0.650588 0.927398 -0.344673 -0.145373 -0.91829 0.38929 -0.072082 -0.977304 -0.106056 -0.183383 -0.891484 0.420533 -0.168547 0.000004 0.998526 0.054282 0.000083 0.984598 -0.174836 0.918294 0.389285 -0.072068 0.857053 0.365385 -0.363254 0.902709 -0.349543 -0.250873 0.837284 -0.345548 -0.423737 0.7483 -0.638123 -0.181236 0.854739 -0.419246 -0.306029 0.49812 -0.644641 0.579925 0.580489 -0.681736 0.445273 0.419356 -0.692538 0.586968 0.299622 -0.604264 0.738303 0.379256 -0.059392 0.923384 0.392373 0.019526 0.919599 0.216458 0.685624 0.695029 0.254968 0.802667 0.539181 0.091704 0.984868 0.147057 0.115204 0.982042 0.149405 0.090455 0.995736 -0.018091 -0.093449 0.984405 0.149046 -0.090594 0.995722 -0.018194 -0.116131 0.980837 0.156438 -0.265593 0.801907 0.535169 -0.222448 0.687668 0.691107 -0.401794 0.024532 0.915401 -0.379621 -0.059407 0.923233 -0.300188 -0.60429 0.738052 -0.497858 -0.645059 0.579686 -0.419303 -0.692697 0.586818 -0.579578 -0.682288 0.445614 -0.337999 -0.930925 -0.138331 -0.000011 -0.9925 -0.122244 0.337991 -0.930928 -0.138332 0.532945 -0.826122 -0.183005 0.632458 -0.755233 -0.172102 0.879162 -0.45496 -0.141723 0.845191 -0.53422 0.016165 0.936444 -0.018671 0.350319 -0.944521 0.081124 -0.318274 -0.991522 -0.104591 -0.077098 -0.953401 -0.275374 0.123266 -0.646161 -0.69008 0.325984 0.988061 0.048638 -0.146184 0.895082 0.167895 -0.413085 0.161225 0.780645 -0.603821 -0.000002 0.653865 -0.756611 -0.16123 0.780644 -0.603822 -0.542356 0.835308 -0.090057 -0.878221 0.040673 0.476522 0.000002 0.999996 0.002771 0.000001 0.976901 0.213693 0.000051 0.551146 0.834409 0.000106 0.484194 0.874961 0.454295 0.151651 0.877849 -0.454254 0.151809 0.877843 -0.450181 -0.499655 0.740056 -0.55485 -0.102337 0.825632 -0.533866 -0.468929 0.703629 -0.197086 -0.699374 0.687046 0.0001 -0.74359 0.668636 -0.000006 -0.814228 0.580545 0.197116 -0.699809 0.686595 0.104999 -0.81471 0.570283 0.000005 -0.999797 -0.020159 -0.568371 -0.822605 -0.016581 0.000008 -1 0 0.730681 -0.678339 -0.077206 0.94383 -0.279206 -0.176717 0.75039 -0.556621 0.356494 0.357305 -0.798915 0.483805 0.297334 -0.831822 0.468684 -0.000008 -0.865255 0.501332 -0.853357 -0.419261 -0.309841 -0.830398 -0.47888 -0.284805 -0.817529 -0.417683 -0.396468 -0.809178 -0.540814 -0.229677 -0.802291 -0.588891 -0.097658 -0.787218 -0.598996 -0.146597 0.642495 -0.521365 0.561585 0.637688 -0.705659 0.308868 0.000191 0.765934 -0.642919 -0.856991 0.365355 -0.36343 -0.954714 -0.143618 -0.260565 -0.636768 -0.706589 0.30864 -0.642381 -0.521896 0.561223 0.450218 -0.500163 0.73969 0.533811 -0.46971 0.703149 0.554851 -0.102111 0.82566 0.520653 0.152806 0.839983 -0.000209 0.755093 0.655618 0.183218 -0.787741 0.588129 0.353147 -0.761661 0.543287 -0.000009 -0.731506 0.681835 -0.1828 -0.78798 0.587938 0.891486 0.42053 -0.168548 -0.296531 -0.832034 0.468816 -0.378901 -0.781053 0.496378 -0.356918 -0.799246 0.483544 -0.104602 -0.814919 0.570058 -0.351889 -0.762578 0.542815 0.814719 -0.56823 -0.115532 -0.119341 0.139748 0.982969 -0.122512 0.264679 0.956523 -0.119341 0.139748 0.982969 -0.114221 0.012538 0.993376 -0.520722 0.15236 0.840021 0.119341 0.139749 0.982969 0.122512 0.264676 0.956524 0.119341 0.139749 0.982969 0.114222 0.012542 0.993376 0.492222 -0.719689 0.489659 0.494129 -0.712392 0.498331 -0.557803 -0.829311 -0.033155 -0.858871 -0.19515 -0.473558 0.380496 -0.780222 0.496463 -0.355137 0.049581 -0.933498 -0.220777 -0.5138 -0.829016 -0.355137 0.049581 -0.933498 -0.36649 0.595789 -0.714648 0.355095 0.049578 -0.933515 0.22075 -0.513802 -0.829022 0.355095 0.049578 -0.933515 0.366448 0.595785 -0.714672 0.009962 0.359888 -0.932942 -0.029273 -0.665633 -0.745705 0.007786 0.094115 -0.995531 0.002669 0.625552 -0.780178 0.006722 0.991612 -0.129075 -0.001539 0.811962 0.583709 0.006518 -0.109174 0.994001 -0.001714 -0.107318 0.994223 -0.022427 -0.976824 0.212865 -0.084866 -0.861265 -0.50102 0.008185 -0.972019 0.23476 -0.999847 0.008974 -0.014993 -0.999891 -0.000271 -0.014738 -0.999835 -0.001988 -0.018079 -0.999793 0.013597 -0.015119 -0.999484 0.030895 -0.008814 0.999841 0.001112 0.017773 0.999822 0.000012 0.018845 0.999812 0.0015 0.019353 0.99985 0.001662 0.017237 0.999893 0.000336 0.014614 -0.006517 -0.109174 0.994001 0.022432 -0.976825 0.212861 0.001714 -0.107318 0.994223 0.00154 0.811961 0.583709 -0.006723 0.991612 -0.129075 -0.002669 0.625545 -0.780184 -0.009954 0.359879 -0.932946 -0.007776 0.0941 -0.995532 0.029286 -0.665628 -0.745709 -0.008185 -0.972019 0.234761 0.08488 -0.861255 -0.501034 0.999847 0.008981 -0.014999 0.999485 0.030835 -0.008836 0.999793 0.013592 -0.015121 0.999835 -0.001947 -0.018078 0.999891 -0.000239 -0.014754 -0.999842 0.001114 0.017749 -0.999895 0.000291 0.014488 -0.999851 0.001657 0.01719 -0.999811 0.001525 0.01938 -0.999822 0.000027 0.018868 -0.840176 -0.171673 0.514425 -0.511027 -0.772954 0.376024 -0.578757 -0.731008 0.361481 -0.000002 -0.950053 0.312088 -0.598155 0.523773 0.606525 -0.634623 0.465697 0.61675 0.578743 -0.731004 0.361511 0.511027 -0.772953 0.376024 0.110427 0.950111 -0.291709 0.117375 0.989699 -0.081971 -0.000002 0.981167 -0.193163 0.598142 0.523766 0.606543 0.840168 -0.171674 0.514438 0.634623 0.465697 0.61675 -0.000003 0.984561 -0.175042 -0.117379 0.989699 -0.081968 -0.000003 0.779739 0.626105 0 0.788234 0.615376 -0.751 -0.556812 0.354908 -0.492206 -0.719696 0.489663 -0.494113 -0.712403 0.498331 0.725163 0.66887 -0.163555 0.994457 -0.06575 -0.082048 0.989548 -0.063215 -0.12961 0.893539 -0.438921 -0.094533 -0.073687 -0.107914 -0.991426 -0.169962 0.385555 -0.906896 -0.000008 -0.99562 -0.093495 -0.022801 0.374229 -0.927056 -0.402548 -0.909764 -0.101417 -0.097079 -0.057512 -0.993614 -0.040485 -0.530048 -0.847 -0.994458 -0.065755 -0.082032 -0.725173 0.668861 -0.16355 -0.989549 -0.063221 -0.129598 -0.927429 -0.344173 -0.146358 -0.277162 -0.601627 -0.749151 -0.390525 0.907481 -0.154814 -0.669445 0.731854 -0.127409 -0.775071 -0.631237 -0.028358 -0.862073 -0.29307 -0.413448 -0.767964 -0.532809 -0.355452 0.276849 -0.601762 -0.749158 0.040484 -0.530048 -0.847 0.073686 -0.107914 -0.991426 0.097077 -0.057512 -0.993614 0.0228 0.374228 -0.927056 0.402545 -0.909763 -0.101431 0.169607 0.385651 -0.906922 0.872409 -0.465908 -0.147754 -0.823857 0.566036 0.029361 -0.993088 0.11644 0.01474 -0.000264 0.998711 0.050751 -0.961413 -0.275109 0.000146 -0.817355 -0.576073 -0.00838 -0.487872 0.835092 -0.254169 -0.463486 0.60178 0.650416 -0.000008 0.761283 0.64842 0.961413 -0.275109 0.000146 0.823633 0.566389 0.028845 0.993087 0.116449 0.01474 0.463463 0.601762 0.65045 -0.000512 0.998297 0.058332 0.839844 -0.15239 0.520998 -0.000007 -0.983008 -0.18356 0.532674 -0.840847 -0.096096 -0.000008 -0.993533 -0.113545 -0.000007 -0.951774 0.306801 -0.839876 -0.152386 0.520948 0.606342 -0.716931 0.344035 -0.606368 -0.716932 0.343986 -0.793993 -0.279647 0.539789 -0.532687 -0.840839 -0.096094 0.81735 -0.576081 -0.008381 -0.872409 -0.465908 -0.147755 -0.893541 -0.438918 -0.094526 0.39052 0.907485 -0.154808 0.487858 0.835105 -0.254153 0.469006 0.71946 -0.51226 0.862042 -0.293068 -0.413514 0.728464 0.055275 -0.682851 0.767936 -0.532819 -0.355497 0.775051 -0.631261 -0.028376 -0.728501 0.055262 -0.682812 -0.469022 0.719459 -0.512247 0.66944 0.731857 -0.127418 -0.324654 0.605843 -0.726329 0.791163 -0.054592 0.609164 0.793993 -0.279647 0.539789 0.572219 -0.702366 0.423377 -0.110428 0.95011 -0.291713 0 -0.931864 0.362808 0 -0.940241 0.340509 0.324664 0.60585 -0.726319 0.320679 0.703075 0.634705 -0.791163 -0.054592 0.609164 -0.583785 0.4966 0.642326 -0.320679 0.703075 0.634705 0.583785 0.4966 0.642326 -0.572219 -0.702366 0.423377</float_array>
          <technique_common>
            <accessor source="#GeometrySource13-array" count="309" stride="3">
              <param name="X" type="float"/>
              <param name="Y" type="float"/>
              <param name="Z" type="float"/>
            </accessor>
          </technique_common>
        </source>
        <source id="GeometrySource14" name="mesh4UV">
          <float_array id="GeometrySource14-array" count="618">0.80088 0.844172 0.718607 0.883179 0.817335 0.957291 0.874926 0.828569 0.825562 0.785662 0.842017 0.692046 0.784426 0.793463 0.726835 0.71155 0.718607 0.809066 0.570516 0.719351 0.586971 0.809066 0.488243 0.750556 0.480016 0.812967 0.389515 0.789563 0.389515 0.871477 0.480016 0.812967 0.554061 0.863675 0.586971 0.809066 0.702153 0.863675 0.718607 0.809066 0.735062 0.859775 0.784426 0.793463 0.80088 0.844172 0.825562 0.785662 0.874926 0.828569 0.842017 0.692046 0.907835 0.645238 0.825562 0.617934 0.825562 0.586728 0.726835 0.641338 0.578743 0.660841 0.578743 0.617934 0.521152 0.65304 0.726835 0.680344 0.825562 0.617934 0.907835 0.645238 0.990108 0.59843 0.990108 0.980695 0.817335 0.957291 0.718607 0.883179 0.784426 0.887079 0.28256 0.719351 0.373061 0.805165 0.373061 0.719351 0.373061 0.578927 0.28256 0.578927 0.28256 0.719351 0.216742 0.746655 0.28256 0.805165 0.200287 0.836371 0.28256 0.910483 0.167378 0.910483 0.076878 0.376092 0.159151 0.465808 0.076878 0.465808 0.002832 0.352688 0.076878 0.30588 0.002832 0.298079 0.076878 0.227867 0.002832 0.196662 0.076878 0.12645 0.002832 0.12645 0.011059 0.005529 0.076878 0.12645 0.011059 0.005529 0.002832 0.12645 0.002832 0.196662 0.076878 0.227867 0.002832 0.298079 0.076878 0.30588 0.002832 0.352688 0.076878 0.376092 0.076878 0.465808 0.159151 0.465808 0.463561 0.641338 0.389515 0.641338 0.463561 0.641338 0.488243 0.750556 0.521152 0.65304 0.570516 0.719351 0.578743 0.660841 0.726835 0.680344 0.784426 0.793463 0.735062 0.859775 0.702153 0.863675 0.554061 0.863675 0.726835 0.71155 0.784426 0.793463 0.907835 0.614033 0.990108 0.567225 0.907835 0.614033 0.825562 0.586728 0.726835 0.641338 0.266106 0.005529 0.266106 0.12645 0.266106 0.227867 0.266106 0.270774 0.126242 0.317582 0.126242 0.317582 0.109787 0.746655 0.208515 0.731053 0.183833 0.83247 0.118014 0.840271 0.011059 0.754457 0.011059 0.875377 0.118014 0.840271 0.109787 0.871477 0.373061 0.996298 0.28256 0.933887 0.28256 0.996298 0.373061 0.910483 0.373061 0.805165 0.611652 0.957291 0.545834 0.929987 0.49647 0.980695 0.389515 0.996298 0.109787 0.528218 0.109787 0.641338 0.035741 0.559424 0.002832 0.65304 0.109787 0.727152 0.002832 0.731053 0.142696 0.395596 0.159151 0.465808 0.224969 0.578927 0.216742 0.746655 0.28256 0.805165 0.159151 0.465808 0.142696 0.395596 0.109787 0.746655 0.183833 0.83247 0.208515 0.731053 0.175605 0.727152 0.19206 0.664742 0.118014 0.988497 0.167378 0.984596 0.011059 0.996298 0.118014 0.988497 0.373061 0.719351 0.49647 0.980695 0.537607 0.988497 0.545834 0.929987 0.109787 0.871477 0.167378 0.984596 0.578743 0.617934 0.784426 0.789563 0.718607 0.801265 0.784426 0.785662 0.825562 0.777861 0.175605 0.727152 0.784426 0.785662 0.718607 0.801265 0.784426 0.789563 0.825562 0.777861 0.002832 0.469708 0.043969 0.547722 0.373061 0.933887 0.200287 0.836371 0.537607 0.988497 0.776198 0.750556 0.776198 0.746655 0.776198 0.746655 0.776198 0.746655 0.776198 0.746655 0.776198 0.746655 0.776198 0.750556 0.776198 0.746655 0.126242 0.575026 0.126242 0.575026 0.183833 0.575026 0.183833 0.578927 0.126242 0.649139 0.183833 0.649139 0.126242 0.71545 0.183833 0.71545 0.183833 0.649139 0.183833 0.578927 0.126242 0.649139 0.19206 0.688146 0.19206 0.688146 0.19206 0.688146 0.19206 0.688146 0.19206 0.688146 0.19206 0.688146 0.19206 0.688146 0.19206 0.688146 0.19206 0.688146 0.19206 0.688146 0.126242 0.71545 0.183833 0.649139 0.183833 0.71545 0.183833 0.649139 0.126242 0.649139 0.183833 0.578927 0.126242 0.575026 0.183833 0.575026 0.126242 0.575026 0.126242 0.649139 0.183833 0.578927 0.19206 0.703748 0.19206 0.703748 0.19206 0.703748 0.19206 0.703748 0.19206 0.703748 0.19206 0.692046 0.19206 0.692046 0.19206 0.692046 0.19206 0.692046 0.19206 0.692046 0.578743 0.446304 0.702153 0.220066 0.792653 0.419 0.990108 0.391695 0.455334 0.450205 0.455334 0.223966 0.792653 0.419 0.702153 0.220066 0.200287 0.571126 0.200287 0.528218 0.274333 0.555523 0.455334 0.450205 0.578743 0.446304 0.455334 0.223966 0.274333 0.469708 0.200287 0.528218 0.28256 0.461907 0.28256 0.216165 0.611652 0.957291 0.002832 0.469708 0.043969 0.547722 0.957199 0.582828 0.907835 0.590629 0.899608 0.532119 0.842017 0.586728 0.702153 0.902682 0.735062 0.988497 0.389515 0.575026 0.677471 0.933887 0.521152 0.575026 0.693925 0.926086 0.735062 0.94949 0.907835 0.590629 0.957199 0.582828 0.899608 0.532119 0.784426 0.887079 0.767971 0.937788 0.957199 0.555523 0.948972 0.524318 0.085105 0.528218 0.126242 0.528218 0.085105 0.469708 0.767971 0.937788 0.743289 0.945589 0.702153 0.902682 0.693925 0.926086 0.677471 0.933887 0.521152 0.575026 0.735062 0.988497 0.842017 0.532119 0.266106 0.918285 0.159151 0.918285 0.183833 0.918285 0.266106 0.922185 0.159151 0.922185 0.965426 0.578927 0.455334 0.555523 0.28256 0.567225 0.266106 0.922185 0.266106 0.918285 0.159151 0.918285 0.455334 0.555523 0.266106 0.918285 0.595198 0.551622 0.274333 0.996298 0.266106 0.926086 0.175605 0.996298 0.981881 0.512616 0.595198 0.551622 0.825562 0.528218 0.825562 0.528218 0.529379 0.223966 0.266106 0.926086 0.159151 0.922185 0.842017 0.532119 0.842017 0.586728 0.957199 0.555523 0.965426 0.578927 0.167378 0.528218 0.126242 0.528218 0.118014 0.497013 0.085105 0.469708 0.085105 0.528218 0.118014 0.497013 0.167378 0.528218 0.948972 0.524318 0.183833 0.497013 0.512925 0.032834 0.529379 0.223966 0.595198 0.025033 0.200287 0.571126 0.948972 0.001629 0.990108 0.208364 0.183833 0.497013 0.28256 0.00943 0.512925 0.032834 0.463561 0.032834 0.28256 0.00943 0.463561 0.032834 0.595198 0.025033</float_array>
          <technique_common>
            <accessor source="#GeometrySource14-array" count="309" stride="2">
              <param name="S" type="float"/>
              <param name="T" type="float"/>
            </accessor>
          </technique_common>
        </source>
        <vertices id="Geometry4-vertices">
          <input semantic="POSITION" source="#GeometrySource12"/>
          <input semantic="NORMAL" source="#GeometrySource13"/>
          <input semantic="TEXCOORD" source="#GeometrySource14"/>
        </vertices>
        <triangles material="VisualMaterial40" count="348">
          <input semantic="VERTEX" source="#Geometry4-vertices" offset="0"/>
          <p>0 1 2 2 3 0 4 0 3 3 5 4 6 4 5 5 7 6 8 6 7 7 9 8 10 8 9 9 11 10 12 10 11 11 13 12 14 12 13 13 15 14 16 14 15 15 17 16 18 16 17 17 19 18 20 18 19 19 21 20 22 20 21 21 23 22 24 22 23 23 25 24 26 24 25 25 27 26 28 26 27 27 29 28 30 31 32 32 9 30 33 30 9 9 7 33 34 33 7 7 5 34 35 34 5 5 3 35 36 35 3 3 37 36 24 36 37 37 38 24 22 24 38 38 39 22 20 22 39 39 40 20 18 20 40 41 42 43 43 44 41 45 41 44 44 46 45 47 45 46 46 48 47 49 47 48 48 50 49 51 49 50 52 53 54 54 55 52 56 52 55 55 57 56 58 56 57 57 59 58 60 58 59 59 61 60 62 60 61 63 64 65 65 66 63 67 63 66 66 68 67 69 67 68 68 70 69 71 69 70 70 72 71 73 71 72 13 74 75 75 76 13 77 13 76 76 78 77 79 77 78 78 80 79 81 79 80 80 29 81 27 81 29 4 82 0 83 0 82 82 8 83 84 83 8 8 10 84 85 84 10 10 12 85 14 85 12 13 77 15 17 15 77 77 79 17 19 17 79 79 86 19 87 19 86 86 25 87 23 87 25 36 88 89 89 90 36 35 36 90 90 91 35 34 35 91 91 92 34 33 34 92 92 30 33 60 62 93 93 94 60 58 60 94 94 95 58 56 58 95 95 96 56 97 56 96 69 98 96 96 95 69 67 69 95 95 94 67 63 67 94 94 93 63 64 63 93 99 100 101 101 102 99 103 99 102 102 104 103 105 103 104 104 106 105 107 108 109 109 50 107 110 107 50 50 48 110 111 110 48 16 18 112 112 113 16 14 16 113 113 114 14 115 14 114 116 117 118 119 118 117 117 120 119 121 119 120 97 122 56 52 56 122 122 123 52 53 52 123 45 47 124 124 125 45 41 45 125 125 126 41 71 73 127 127 128 71 69 71 128 128 98 69 129 105 130 130 131 129 132 129 131 131 133 132 134 135 106 106 104 134 136 134 104 104 137 136 46 44 138 138 111 46 48 46 111 26 28 88 88 36 26 24 26 36 139 140 141 141 14 139 115 139 14 142 143 137 137 104 142 102 142 104 11 9 32 32 74 11 13 11 74 86 79 81 81 27 86 25 86 27 80 78 144 144 29 80 145 146 147 147 148 145 100 99 149 149 133 100 150 151 152 152 153 150 154 55 54 54 155 154 107 156 108 125 157 126 41 126 42 103 105 129 158 114 113 159 160 161 159 161 162 92 31 30 83 1 0 14 141 85 163 164 165 166 163 165 37 3 2 167 168 169 169 170 167 171 167 170 170 172 171 173 171 172 172 174 173 175 173 174 175 176 168 168 177 175 173 175 177 178 179 180 180 181 178 182 178 181 183 184 185 185 186 183 187 183 186 188 189 190 190 191 188 192 188 191 191 193 192 194 192 193 193 195 194 196 194 195 189 188 197 197 196 189 198 189 196 199 200 201 201 202 199 203 199 202 204 205 206 206 207 204 208 204 207 209 210 211 212 211 210 209 213 214 215 212 216 217 218 219 220 221 222 219 223 224 225 220 226 85 141 227 227 84 85 72 70 228 228 229 72 230 231 232 233 232 231 1 234 235 75 74 236 237 235 234 74 32 238 239 234 240 241 242 243 244 245 1 242 246 247 1 83 244 84 244 83 248 249 250 39 251 40 252 253 254 255 254 253 76 236 256 39 38 257 233 258 232 259 260 261 262 263 260 242 264 246 225 265 266 267 268 269 220 225 270 259 261 271 221 220 272 268 271 261 273 274 275 212 215 276 213 277 265 215 272 278 211 276 279 209 211 277 209 280 210 277 213 209 265 225 213 278 276 215 275 281 273 276 211 212 282 275 274 261 269 268 272 215 221 270 272 220 269 282 267 266 270 225 243 283 284 260 259 262 275 263 281 285 286 230 253 252 251 251 39 253 257 253 39 256 78 76 253 257 255 287 288 289 290 289 288 288 291 290 292 250 249 249 293 292 247 243 242 234 1 245 245 240 234 243 284 241 234 239 237 238 236 74 236 76 75 235 2 1 232 294 230 285 230 294 292 293 295 223 295 293 226 213 225 293 224 223 296 297 298 224 299 219 300 301 210 287 289 302 226 222 303 302 223 287 223 219 218 301 216 212 300 298 216 304 214 305 218 287 223 226 306 214 279 277 211 214 213 226 216 301 300 210 301 212 216 221 215 307 303 222 210 308 300 222 296 307 222 221 297 297 296 222 297 221 216 216 298 297 222 226 220 280 209 214 214 304 280 280 304 308 308 210 280 305 214 306</p>
        </triangles>
      </mesh>
    </geometry>
  </library_geometries>
  <library_controllers>
    <controller id="Controller">
      <skin source="#Geometry">
        <bind_shape_matrix>1 0 0 0 0 1 0 0 0 0 1 0 0 0 0 1</bind_shape_matrix>
        <source id="Controller-joints">
          <Name_array id="Controller-joints-array" count="18">root spine neck l_shoulder l_elbow l_wrist r_shoulder r_elbow r_wrist hip l_thigh l_knee l_ankle r_thigh r_knee r_ankle b_skirt f_skirt</Name_array>
          <technique_common>
            <accessor source="#Controller-joints-array" count="18" stride="1">
              <param name="JOINT" type="Name"/>
            </accessor>
          </technique_common>
        </source>
        <source id="Controller-bind_poses">
          <float_array id="Controller-bind_poses-array" count="288">1 0 0 0 0 0.000000 1 -0.917618 0 -1 0.000000 -0.000000 0 0 0 1 1 0 0 0 0 0.000000 1 -1.06146 0 -1 0.000000 -0.000547 0 0 0 1 1 0 0 0 0 0.000000 1 -1.26246 0 -1 0.000000 0.025391 0 0 0 1 1 0 0 -0.1 0 0.000000 1 -1.20052 0 -1 0.000000 0.048076 0 0 0 1 1 0 0 -0.302 0 0.000000 1 -1.20052 0 -1 0.000000 0.050851 0 0 0 1 1 0 0 -0.532008 0 0.000000 1 -1.20052 0 -1 0.000000 0.047366 0 0 0 1 1 0 0 0.1 0 0.000000 1 -1.20051 0 -1 0.000000 0.048076 0 0 0 1 1 0 0 0.302 0 0.000000 1 -1.20051 0 -1 0.000000 0.050851 0 0 0 1 1 0 0 0.532008 0 -1 -0.000000 0.047367 0 0.000000 -1 1.20051 0 0 0 1 1 0 0 0 0 0.000000 1 -0.917618 0 -1 0.000000 -0.000000 0 0 0 1 1 0 0 -0.081481 0 0.000000 1 -0.79502 0 -1 0.000000 -0.000152 0 0 0 1 1 0 0 -0.081481 0 0.000000 1 -0.471047 0 -1 0.000000 0.017491 0 0 0 1 1 0 0 -0.081481 0 0.000000 1 -0.100839 0 -1 0.000000 0.035393 0 0 0 1 1 0 0 0.081481 0 0.000000 1 -0.79502 0 -1 0.000000 -0.000152 0 0 0 1 1 0 0 0.081481 0 0.000000 1 -0.471047 0 -1 0.000000 0.017491 0 0 0 1 1 0 0 0.081481 0 0.000000 1 -0.100839 0 -1 0.000000 0.035393 0 0 0 1 1 0 0 0 0 0.000000 1 -0.939618 0 -1 0.000000 0.086999 0 0 0 1 1 0 0 0 0 0.000000 1 -0.918618 0 -1 0.000000 -0.081 0 0 0 1</float_array>
          <technique_common>
            <accessor source="#Controller-bind_poses-array" count="18" stride="16">
              <param name="TRANSFORM" type="float4x4"/>
            </accessor>
          </technique_common>
        </source>
        <source id="Controller-weights">
          <float_array id="Controller-weights-array" count="15">1 0.71 0.29 0.71 0.29 0.71 0.29 0.71 0.29 0.71 0.29 0.71 0.29 0.71 0.29</float_array>
          <technique_common>
            <accessor source="#Controller-weights-array" count="15" stride="1">
              <param name="WEIGHT" type="float"/>
            </accessor>
          </technique_common>
        </source>
        <joints>
          <input semantic="JOINT" source="#Controller-joints"/>
          <input semantic="INV_BIND_MATRIX" source="#Controller-bind_poses"/>
        </joints>
        <vertex_weights count="94">
          <input semantic="JOINT" source="#Controller-joints" offset="0"/>
          <input semantic="WEIGHT" source="#Controller-weights" offset="1"/>
          <vcount>1 1 1 1 1 1 1 1 1 1 1 1 1 1 1 1 1 1 1 1 1 1 1 1 1 1 1 1 1 1 1 1 1 1 1 1 1 1 1 1 1 1 1 1 1 1 1 1 1 1 1 1 1 1 1 1 1 1 1 1 1 1 1 1 1 1 1 1 1 1 1 1 1 1 1 1 1 1 1 1 1 1 1 1 1 1 1 2 2 2 2 2 2 2 </vcount>
          <v>2 0 2 0 2 0 2 0 2 0 2 0 2 0 2 0 2 0 2 0 2 0 2 0 2 0 2 0 2 0 2 0 2 0 2 0 2 0 2 0 2 0 2 0 2 0 2 0 2 0 2 0 2 0 2 0 2 0 2 0 2 0 2 0 2 0 2 0 2 0 2 0 2 0 2 0 2 0 2 0 2 0 2 0 2 0 2 0 2 0 2 0 2 0 2 0 2 0 2 0 2 0 2 0 2 0 2 0 2 0 2 0 2 0 2 0 2 0 2 0 2 0 2 0 2 0 2 0 2 0 2 0 2 0 2 0 2 0 2 0 2 0 2 0 2 0 2 0 2 0 2 0 2 0 2 0 2 0 2 0 2 0 2 0 2 0 2 0 2 0 2 0 2 0 2 1 1 2 2 3 1 4 2 5 1 6 2 7 1 8 2 9 1 10 2 11 1 12 2 13 1 14</v>
        </vertex_weights>
      </skin>
      <extra>
        <technique profile="FCOLLADA">
          <user_properties>SkinController</user_properties>
        </technique>
      </extra>
    </controller>
    <controller id="Controller1">
      <skin source="#Geometry1">
        <bind_shape_matrix>1 0 0 0 0 1 0 0 0 0 1 0 0 0 0 1</bind_shape_matrix>
        <source id="Controller1-joints">
          <Name_array id="Controller1-joints-array" count="18">root spine neck l_shoulder l_elbow l_wrist r_shoulder r_elbow r_wrist hip l_thigh l_knee l_ankle r_thigh r_knee r_ankle b_skirt f_skirt</Name_array>
          <technique_common>
            <accessor source="#Controller1-joints-array" count="18" stride="1">
              <param name="JOINT" type="Name"/>
            </accessor>
          </technique_common>
        </source>
        <source id="Controller1-bind_poses">
          <float_array id="Controller1-bind_poses-array" count="288">1 0 0 0 0 0.000000 1 -0.917618 0 -1 0.000000 -0.000000 0 0 0 1 1 0 0 0 0 0.000000 1 -1.06146 0 -1 0.000000 -0.000547 0 0 0 1 1 0 0 0 0 0.000000 1 -1.26246 0 -1 0.000000 0.025391 0 0 0 1 1 0 0 -0.1 0 0.000000 1 -1.20052 0 -1 0.000000 0.048076 0 0 0 1 1 0 0 -0.302 0 0.000000 1 -1.20052 0 -1 0.000000 0.050851 0 0 0 1 1 0 0 -0.532008 0 0.000000 1 -1.20052 0 -1 0.000000 0.047366 0 0 0 1 1 0 0 0.1 0 0.000000 1 -1.20051 0 -1 0.000000 0.048076 0 0 0 1 1 0 0 0.302 0 0.000000 1 -1.20051 0 -1 0.000000 0.050851 0 0 0 1 1 0 0 0.532008 0 -1 -0.000000 0.047367 0 0.000000 -1 1.20051 0 0 0 1 1 0 0 0 0 0.000000 1 -0.917618 0 -1 0.000000 -0.000000 0 0 0 1 1 0 0 -0.081481 0 0.000000 1 -0.79502 0 -1 0.000000 -0.000152 0 0 0 1 1 0 0 -0.081481 0 0.000000 1 -0.471047 0 -1 0.000000 0.017491 0 0 0 1 1 0 0 -0.081481 0 0.000000 1 -0.100839 0 -1 0.000000 0.035393 0 0 0 1 1 0 0 0.081481 0 0.000000 1 -0.79502 0 -1 0.000000 -0.000152 0 0 0 1 1 0 0 0.081481 0 0.000000 1 -0.471047 0 -1 0.000000 0.017491 0 0 0 1 1 0 0 0.081481 0 0.000000 1 -0.100839 0 -1 0.000000 0.035393 0 0 0 1 1 0 0 0 0 0.000000 1 -0.939618 0 -1 0.000000 0.086999 0 0 0 1 1 0 0 0 0 0.000000 1 -0.918618 0 -1 0.000000 -0.081 0 0 0 1</float_array>
          <technique_common>
            <accessor source="#Controller1-bind_poses-array" count="18" stride="16">
              <param name="TRANSFORM" type="float4x4"/>
            </accessor>
          </technique_common>
        </source>
        <source id="Controller1-weights">
          <float_array id="Controller1-weights-array" count="7">1 0.71 0.29 0.71 0.29 0.71 0.29</float_array>
          <technique_common>
            <accessor source="#Controller1-weights-array" count="7" stride="1">
              <param name="WEIGHT" type="float"/>
            </accessor>
          </technique_common>
        </source>
        <joints>
          <input semantic="JOINT" source="#Controller1-joints"/>
          <input semantic="INV_BIND_MATRIX" source="#Controller1-bind_poses"/>
        </joints>
        <vertex_weights count="313">
          <input semantic="JOINT" source="#Controller1-joints" offset="0"/>
          <input semantic="WEIGHT" source="#Controller1-weights" offset="1"/>
          <vcount>1 1 1 1 1 1 1 1 1 1 1 1 1 1 1 1 1 1 1 1 1 1 1 1 1 1 1 1 1 1 1 1 1 1 1 1 1 1 1 1 1 1 1 1 1 1 1 1 1 1 1 1 1 1 1 1 1 1 1 1 1 1 1 1 1 1 1 1 1 1 1 1 1 1 1 1 1 1 1 1 1 1 1 1 1 1 1 1 1 1 1 1 1 1 1 1 1 1 1 1 1 1 1 1 1 1 1 1 1 1 1 1 1 1 1 1 1 1 1 1 1 1 1 1 1 1 1 1 1 1 1 1 1 1 1 1 1 1 1 1 1 1 1 1 1 1 1 1 1 1 1 1 1 1 1 1 1 1 1 1 1 1 1 1 1 1 1 1 1 1 1 1 1 1 1 1 1 1 1 1 1 1 1 1 1 1 1 1 1 1 1 1 1 1 1 1 1 1 1 1 1 1 1 1 1 1 1 1 1 1 1 1 1 1 1 1 1 1 1 1 1 1 1 1 1 1 1 1 1 1 1 1 1 1 1 1 1 1 1 1 1 1 1 1 1 1 1 1 1 1 1 1 1 1 1 1 1 1 1 1 1 1 1 1 1 1 1 1 1 1 1 1 1 1 1 1 1 1 1 1 1 1 1 1 1 1 1 1 1 1 1 1 1 1 1 1 1 1 1 1 1 1 1 1 1 1 1 1 1 1 2 2 2 </vcount>
          <v>2 0 2 0 2 0 2 0 2 0 2 0 2 0 2 0 2 0 2 0 2 0 2 0 2 0 2 0 2 0 2 0 2 0 2 0 2 0 2 0 2 0 2 0 2 0 2 0 2 0 2 0 2 0 2 0 2 0 2 0 2 0 2 0 2 0 2 0 2 0 2 0 2 0 2 0 2 0 2 0 2 0 2 0 2 0 2 0 2 0 2 0 2 0 2 0 2 0 2 0 2 0 2 0 2 0 2 0 2 0 2 0 2 0 2 0 2 0 2 0 2 0 2 0 2 0 2 0 2 0 2 0 2 0 2 0 2 0 2 0 2 0 2 0 2 0 2 0 2 0 2 0 2 0 2 0 2 0 2 0 2 0 2 0 2 0 2 0 2 0 2 0 2 0 2 0 2 0 2 0 2 0 2 0 2 0 2 0 2 0 2 0 2 0 2 0 2 0 2 0 2 0 2 0 2 0 2 0 2 0 2 0 2 0 2 0 2 0 2 0 2 0 2 0 2 0 2 0 2 0 2 0 2 0 2 0 2 0 2 0 2 0 2 0 2 0 2 0 2 0 2 0 2 0 2 0 2 0 2 0 2 0 2 0 2 0 2 0 2 0 2 0 2 0 2 0 2 0 2 0 2 0 2 0 2 0 2 0 2 0 2 0 2 0 2 0 2 0 2 0 2 0 2 0 2 0 2 0 2 0 2 0 2 0 2 0 2 0 2 0 2 0 2 0 2 0 2 0 2 0 2 0 2 0 2 0 2 0 2 0 2 0 2 0 2 0 2 0 2 0 2 0 2 0 2 0 2 0 2 0 2 0 2 0 2 0 2 0 2 0 2 0 2 0 2 0 2 0 2 0 2 0 2 0 2 0 2 0 2 0 2 0 2 0 2 0 2 0 2 0 2 0 2 0 2 0 2 0 2 0 2 0 2 0 2 0 2 0 2 0 2 0 2 0 2 0 2 0 2 0 2 0 2 0 2 0 2 0 2 0 2 0 2 0 2 0 2 0 2 0 2 0 2 0 2 0 2 0 2 0 2 0 2 0 2 0 2 0 2 0 2 0 2 0 2 0 2 0 2 0 2 0 2 0 2 0 2 0 2 0 2 0 2 0 2 0 2 0 2 0 2 0 2 0 2 0 2 0 2 0 2 0 2 0 2 0 2 0 2 0 2 0 2 0 2 0 2 0 2 0 2 0 2 0 2 0 2 0 2 0 2 0 2 0 2 0 2 0 2 0 2 0 2 0 2 0 2 0 2 0 2 0 2 0 2 0 2 0 2 0 2 0 2 0 2 0 2 0 2 0 2 0 2 0 2 0 2 0 2 0 2 0 2 0 2 0 2 0 2 0 2 0 2 0 2 0 2 0 2 0 2 0 2 0 2 0 2 0 2 0 2 1 1 2 2 3 1 4 2 5 1 6</v>
        </vertex_weights>
      </skin>
      <extra>
        <technique profile="FCOLLADA">
          <user_properties>SkinController</user_properties>
        </technique>
      </extra>
    </controller>
    <controller id="Controller2">
      <skin source="#Geometry2">
        <bind_shape_matrix>1 0 0 0 0 1 0 0 0 0 1 0 0 0 0 1</bind_shape_matrix>
        <source id="Controller2-joints">
          <Name_array id="Controller2-joints-array" count="18">root spine neck l_shoulder l_elbow l_wrist r_shoulder r_elbow r_wrist hip l_thigh l_knee l_ankle r_thigh r_knee r_ankle b_skirt f_skirt</Name_array>
          <technique_common>
            <accessor source="#Controller2-joints-array" count="18" stride="1">
              <param name="JOINT" type="Name"/>
            </accessor>
          </technique_common>
        </source>
        <source id="Controller2-bind_poses">
          <float_array id="Controller2-bind_poses-array" count="288">1 0 0 0 0 0.000000 1 -0.917618 0 -1 0.000000 -0.000000 0 0 0 1 1 0 0 0 0 0.000000 1 -1.06146 0 -1 0.000000 -0.000547 0 0 0 1 1 0 0 0 0 0.000000 1 -1.26246 0 -1 0.000000 0.025391 0 0 0 1 1 0 0 -0.1 0 0.000000 1 -1.20052 0 -1 0.000000 0.048076 0 0 0 1 1 0 0 -0.302 0 0.000000 1 -1.20052 0 -1 0.000000 0.050851 0 0 0 1 1 0 0 -0.532008 0 0.000000 1 -1.20052 0 -1 0.000000 0.047366 0 0 0 1 1 0 0 0.1 0 0.000000 1 -1.20051 0 -1 0.000000 0.048076 0 0 0 1 1 0 0 0.302 0 0.000000 1 -1.20051 0 -1 0.000000 0.050851 0 0 0 1 1 0 0 0.532008 0 -1 -0.000000 0.047367 0 0.000000 -1 1.20051 0 0 0 1 1 0 0 0 0 0.000000 1 -0.917618 0 -1 0.000000 -0.000000 0 0 0 1 1 0 0 -0.081481 0 0.000000 1 -0.79502 0 -1 0.000000 -0.000152 0 0 0 1 1 0 0 -0.081481 0 0.000000 1 -0.471047 0 -1 0.000000 0.017491 0 0 0 1 1 0 0 -0.081481 0 0.000000 1 -0.100839 0 -1 0.000000 0.035393 0 0 0 1 1 0 0 0.081481 0 0.000000 1 -0.79502 0 -1 0.000000 -0.000152 0 0 0 1 1 0 0 0.081481 0 0.000000 1 -0.471047 0 -1 0.000000 0.017491 0 0 0 1 1 0 0 0.081481 0 0.000000 1 -0.100839 0 -1 0.000000 0.035393 0 0 0 1 1 0 0 0 0 0.000000 1 -0.939618 0 -1 0.000000 0.086999 0 0 0 1 1 0 0 0 0 0.000000 1 -0.918618 0 -1 0.000000 -0.081 0 0 0 1</float_array>
          <technique_common>
            <accessor source="#Controller2-bind_poses-array" count="18" stride="16">
              <param name="TRANSFORM" type="float4x4"/>
            </accessor>
          </technique_common>
        </source>
        <source id="Controller2-weights">
          <float_array id="Controller2-weights-array" count="221">1 0.61 0.2 0.19 0.71 0.19 0.1 0.5 0.5 0.61 0.2 0.19 0.46 0.29 0.25 0.61 0.39 0.71 0.19 0.1 0.8 0.2 0.5 0.5 0.46 0.29 0.25 0.61 0.39 0.7 0.2 0.1 0.8 0.2 0.71 0.29 0.46 0.29 0.25 0.71 0.29 0.5 0.5 0.5 0.5 0.61 0.39 0.9 0.1 0.8 0.2 0.8 0.2 0.71 0.29 0.89 0.11 0.71 0.29 0.71 0.29 0.71 0.29 0.71 0.29 0.71 0.29 0.5 0.5 0.5 0.5 0.8 0.2 0.9 0.1 0.71 0.29 0.8 0.2 0.5 0.5 0.71 0.29 0.5 0.5 0.5 0.5 0.71 0.29 0.8 0.2 0.89 0.11 0.71 0.29 0.71 0.29 0.9 0.1 0.9 0.1 0.5 0.5 0.8 0.2 0.61 0.39 0.9 0.1 0.9 0.1 0.9 0.1 0.9 0.1 0.8 0.2 0.61 0.39 0.5 0.5 0.9 0.1 0.9 0.1 0.9 0.1 0.61 0.39 0.61 0.39 0.71 0.29 0.71 0.29 0.71 0.29 0.71 0.29 0.61 0.39 0.61 0.39 0.61 0.39 0.8 0.2 0.61 0.39 0.9 0.1 0.61 0.39 0.8 0.2 0.89 0.11 0.71 0.29 0.8 0.2 0.5 0.5 0.71 0.29 0.89 0.11 0.8 0.2 0.51 0.29 0.2 0.8 0.2 0.46 0.29 0.25 0.51 0.29 0.2 0.5 0.5 0.5 0.5 0.51 0.29 0.2 0.51 0.29 0.2 0.51 0.29 0.2 0.46 0.29 0.25 0.46 0.29 0.25 0.46 0.29 0.25 0.8 0.2 0.51 0.29 0.2 0.7 0.2 0.1 0.51 0.29 0.2 0.8 0.2 0.46 0.29 0.25 0.51 0.29 0.2</float_array>
          <technique_common>
            <accessor source="#Controller2-weights-array" count="221" stride="1">
              <param name="WEIGHT" type="float"/>
            </accessor>
          </technique_common>
        </source>
        <joints>
          <input semantic="JOINT" source="#Controller2-joints"/>
          <input semantic="INV_BIND_MATRIX" source="#Controller2-bind_poses"/>
        </joints>
        <vertex_weights count="253">
          <input semantic="JOINT" source="#Controller2-joints" offset="0"/>
          <input semantic="WEIGHT" source="#Controller2-weights" offset="1"/>
          <vcount>1 3 3 1 1 2 1 3 3 1 2 1 3 1 2 2 1 1 3 2 3 1 2 2 1 3 2 1 1 1 1 1 1 1 1 2 1 1 1 2 2 1 1 1 1 1 1 1 2 1 1 1 1 1 1 1 2 1 2 1 1 1 1 1 2 1 1 2 2 1 1 1 2 1 1 2 1 2 1 1 1 1 1 1 1 1 1 1 1 1 1 1 1 1 1 1 1 1 1 1 1 1 2 1 1 1 1 2 1 1 2 1 1 2 2 2 1 2 2 2 1 1 2 2 1 2 1 1 1 1 1 1 2 1 2 2 2 1 1 1 1 1 1 1 1 1 1 1 1 2 2 2 1 1 1 1 2 2 2 1 2 2 1 2 2 2 1 1 2 1 1 1 1 1 2 2 2 1 1 2 1 2 1 1 1 1 1 1 1 1 1 1 1 1 1 1 1 1 2 1 1 1 1 2 1 2 1 1 2 1 2 1 1 2 1 2 2 2 2 2 2 2 2 2 2 2 2 2 3 2 3 1 1 3 2 2 3 3 3 3 3 1 1 3 2 3 1 3 3 1 2 3 3 </vcount>
          <v>9 0 9 1 13 2 0 3 9 4 17 5 13 6 9 0 9 0 9 7 10 8 9 0 9 9 10 10 0 11 10 12 16 13 9 14 9 0 9 15 10 16 9 0 9 17 17 18 13 19 9 0 9 20 10 21 9 22 10 23 9 0 9 0 13 24 16 25 9 26 9 27 17 28 9 29 17 30 10 31 9 0 10 32 9 33 9 34 10 35 9 0 10 36 16 37 9 38 9 39 16 40 10 0 10 0 10 0 10 0 10 0 10 0 9 0 10 0 9 41 10 42 15 0 15 0 15 0 9 43 10 44 9 45 10 46 10 0 10 0 10 0 10 0 10 0 9 0 9 0 9 47 10 48 15 0 15 0 15 0 15 0 9 0 9 0 9 0 10 49 9 50 15 0 10 51 9 52 15 0 10 0 15 0 9 0 9 0 9 53 10 54 15 0 9 0 9 55 10 56 9 57 10 58 15 0 14 0 14 0 14 59 15 60 9 0 9 0 9 61 10 62 14 0 14 63 15 64 9 0 9 0 9 0 15 0 9 0 9 0 9 0 9 0 9 0 9 0 9 0 9 0 9 0 9 0 9 0 9 0 9 0 9 0 9 0 9 0 9 0 9 0 9 0 10 0 9 65 13 66 15 0 15 0 9 0 9 0 9 67 13 68 14 0 14 0 9 69 13 70 9 0 9 0 9 71 13 72 9 73 13 74 14 75 15 76 13 0 13 77 9 78 9 79 13 80 14 81 15 82 14 0 13 0 9 83 13 84 9 85 13 86 13 0 9 87 13 88 13 0 9 0 13 0 13 0 15 0 13 0 13 89 9 90 9 0 9 91 13 92 9 93 13 94 9 95 13 96 15 0 9 0 14 0 14 0 14 0 14 0 14 0 14 0 14 0 14 0 14 0 11 0 11 97 10 98 10 99 11 100 13 101 14 102 14 0 14 0 14 0 10 0 10 103 11 104 11 105 10 106 14 107 13 108 10 0 10 109 11 110 14 111 13 112 10 0 10 113 11 114 13 115 14 116 14 117 13 118 11 0 11 0 10 119 11 120 11 0 11 0 11 0 11 0 11 0 11 121 10 122 13 123 14 124 13 125 14 126 10 0 10 0 14 127 13 128 10 0 11 129 10 130 11 0 14 0 12 0 12 0 12 0 12 0 12 0 12 0 12 0 12 0 12 0 12 0 12 0 12 0 12 0 11 0 11 131 12 132 12 0 12 0 11 0 11 0 11 133 12 134 14 0 11 135 12 136 12 0 12 0 11 137 12 138 14 0 14 139 13 140 14 0 14 0 11 141 10 142 10 0 11 143 10 144 10 145 11 146 11 147 10 148 10 149 11 150 11 151 10 152 13 153 9 154 9 155 13 156 9 157 13 158 13 159 9 160 9 161 13 162 9 163 10 164 9 165 10 166 9 167 13 168 13 169 16 170 9 171 9 172 10 173 17 174 10 175 9 176 9 0 9 0 16 177 9 178 10 179 9 180 16 181 9 182 17 183 17 184 9 185 13 186 17 187 9 188 10 189 16 190 9 191 13 192 13 193 16 194 9 195 17 196 10 197 9 198 9 0 9 0 17 199 13 200 9 201 9 202 10 203 10 204 16 205 9 206 9 0 9 207 17 208 10 209 10 210 16 211 9 212 9 0 9 213 13 214 17 215 13 216 9 217 13 218 16 219 9 220</v>
        </vertex_weights>
      </skin>
      <extra>
        <technique profile="FCOLLADA">
          <user_properties>SkinController</user_properties>
        </technique>
      </extra>
    </controller>
    <controller id="Controller3">
      <skin source="#Geometry3">
        <bind_shape_matrix>1 0 0 0 0 1 0 0 0 0 1 0 0 0 0 1</bind_shape_matrix>
        <source id="Controller3-joints">
          <Name_array id="Controller3-joints-array" count="18">root spine neck l_shoulder l_elbow l_wrist r_shoulder r_elbow r_wrist hip l_thigh l_knee l_ankle r_thigh r_knee r_ankle b_skirt f_skirt</Name_array>
          <technique_common>
            <accessor source="#Controller3-joints-array" count="18" stride="1">
              <param name="JOINT" type="Name"/>
            </accessor>
          </technique_common>
        </source>
        <source id="Controller3-bind_poses">
          <float_array id="Controller3-bind_poses-array" count="288">1 0 0 0 0 0.000000 1 -0.917618 0 -1 0.000000 -0.000000 0 0 0 1 1 0 0 0 0 0.000000 1 -1.06146 0 -1 0.000000 -0.000547 0 0 0 1 1 0 0 0 0 0.000000 1 -1.26246 0 -1 0.000000 0.025391 0 0 0 1 1 0 0 -0.1 0 0.000000 1 -1.20052 0 -1 0.000000 0.048076 0 0 0 1 1 0 0 -0.302 0 0.000000 1 -1.20052 0 -1 0.000000 0.050851 0 0 0 1 1 0 0 -0.532008 0 0.000000 1 -1.20052 0 -1 0.000000 0.047366 0 0 0 1 1 0 0 0.1 0 0.000000 1 -1.20051 0 -1 0.000000 0.048076 0 0 0 1 1 0 0 0.302 0 0.000000 1 -1.20051 0 -1 0.000000 0.050851 0 0 0 1 1 0 0 0.532008 0 -1 -0.000000 0.047367 0 0.000000 -1 1.20051 0 0 0 1 1 0 0 0 0 0.000000 1 -0.917618 0 -1 0.000000 -0.000000 0 0 0 1 1 0 0 -0.081481 0 0.000000 1 -0.79502 0 -1 0.000000 -0.000152 0 0 0 1 1 0 0 -0.081481 0 0.000000 1 -0.471047 0 -1 0.000000 0.017491 0 0 0 1 1 0 0 -0.081481 0 0.000000 1 -0.100839 0 -1 0.000000 0.035393 0 0 0 1 1 0 0 0.081481 0 0.000000 1 -0.79502 0 -1 0.000000 -0.000152 0 0 0 1 1 0 0 0.081481 0 0.000000 1 -0.471047 0 -1 0.000000 0.017491 0 0 0 1 1 0 0 0.081481 0 0.000000 1 -0.100839 0 -1 0.000000 0.035393 0 0 0 1 1 0 0 0 0 0.000000 1 -0.939618 0 -1 0.000000 0.086999 0 0 0 1 1 0 0 0 0 0.000000 1 -0.918618 0 -1 0.000000 -0.081 0 0 0 1</float_array>
          <technique_common>
            <accessor source="#Controller3-bind_poses-array" count="18" stride="16">
              <param name="TRANSFORM" type="float4x4"/>
            </accessor>
          </technique_common>
        </source>
        <source id="Controller3-weights">
          <float_array id="Controller3-weights-array" count="165">1 0.9 0.1 0.9 0.1 0.51 0.49 0.9 0.1 0.9 0.1 0.54 0.46 0.5 0.5 0.71 0.29 0.71 0.29 0.71 0.29 0.5 0.5 0.71 0.29 0.51 0.49 0.54 0.46 0.8 0.2 0.51 0.49 0.8 0.2 0.71 0.29 0.5 0.5 0.8 0.2 0.65 0.35 0.5 0.5 0.8 0.2 0.8 0.2 0.5 0.5 0.8 0.2 0.65 0.35 0.8 0.2 0.8 0.2 0.5 0.5 0.8 0.2 0.8 0.2 0.9 0.1 0.9 0.1 0.9 0.1 0.9 0.1 0.9 0.1 0.5 0.5 0.9 0.1 0.9 0.1 0.9 0.1 0.9 0.1 0.9 0.1 0.9 0.1 0.9 0.1 0.9 0.1 0.9 0.1 0.9 0.1 0.5 0.5 0.5 0.5 0.71 0.29 0.51 0.49 0.9 0.1 0.9 0.1 0.9 0.1 0.5 0.5 0.9 0.1 0.9 0.1 0.9 0.1 0.9 0.1 0.9 0.1 0.9 0.1 0.9 0.1 0.9 0.1 0.9 0.1 0.9 0.1 0.5 0.5 0.8 0.2 0.8 0.2 0.86 0.14 0.5 0.5 0.86 0.14 0.5 0.5 0.5 0.5 0.8 0.2 0.5 0.5 0.5 0.5 0.8 0.2 0.8 0.2 0.8 0.2 0.5 0.5 0.5 0.5</float_array>
          <technique_common>
            <accessor source="#Controller3-weights-array" count="165" stride="1">
              <param name="WEIGHT" type="float"/>
            </accessor>
          </technique_common>
        </source>
        <joints>
          <input semantic="JOINT" source="#Controller3-joints"/>
          <input semantic="INV_BIND_MATRIX" source="#Controller3-bind_poses"/>
        </joints>
        <vertex_weights count="285">
          <input semantic="JOINT" source="#Controller3-joints" offset="0"/>
          <input semantic="WEIGHT" source="#Controller3-weights" offset="1"/>
          <vcount>1 1 1 1 1 1 1 1 1 1 1 1 1 1 1 1 1 1 1 1 1 1 1 1 1 1 1 1 1 1 1 1 1 1 1 1 1 1 1 1 1 1 1 1 1 1 1 1 1 1 1 1 1 1 1 1 1 1 1 1 1 1 1 1 1 1 1 1 1 1 1 1 1 1 1 1 1 1 1 1 1 1 1 1 1 1 1 2 2 1 1 2 1 2 2 1 2 1 1 1 1 1 1 1 1 2 1 1 1 1 1 2 1 2 1 1 1 1 1 1 1 1 1 1 1 1 1 1 1 1 1 1 1 1 2 1 1 2 1 1 2 1 1 1 1 1 2 2 1 2 2 1 1 1 2 2 2 1 1 2 1 1 1 1 1 1 1 1 1 1 1 1 1 1 1 1 1 2 1 1 2 1 1 1 1 2 1 2 1 1 1 1 2 1 1 1 1 2 1 2 2 2 1 2 1 1 1 1 1 1 1 1 2 1 1 1 1 1 2 1 1 1 1 1 1 1 1 1 1 1 2 2 2 2 2 2 2 2 2 2 2 2 2 2 2 2 2 1 2 1 2 1 1 1 2 2 2 2 2 2 2 2 2 2 2 2 2 2 2 2 2 2 2 2 2 2 2 2 2 2 2 2 2 2 2 </vcount>
          <v>5 0 5 0 5 0 5 0 5 0 5 0 5 0 5 0 5 0 5 0 5 0 5 0 5 0 5 0 5 0 5 0 5 0 5 0 5 0 5 0 5 0 5 0 5 0 5 0 5 0 5 0 5 0 5 0 5 0 5 0 5 0 5 0 8 0 8 0 8 0 8 0 8 0 8 0 8 0 8 0 8 0 8 0 8 0 8 0 8 0 8 0 8 0 8 0 8 0 8 0 8 0 8 0 8 0 8 0 8 0 8 0 8 0 8 0 8 0 8 0 8 0 8 0 8 0 8 0 9 0 9 0 9 0 9 0 9 0 9 0 9 0 9 0 9 0 9 0 9 0 9 0 9 0 9 0 9 0 9 0 9 0 9 0 9 0 9 0 9 0 9 0 9 0 8 1 7 2 8 3 7 4 1 0 1 0 3 5 1 6 1 0 8 7 7 8 8 9 7 10 1 0 1 11 3 12 1 0 1 0 7 0 7 0 7 0 7 0 7 0 3 0 1 13 3 14 3 0 7 0 7 0 3 0 3 0 1 15 3 16 3 0 3 17 1 18 1 0 3 0 3 0 7 0 7 0 7 0 7 0 3 0 3 0 3 0 3 0 3 0 3 0 3 0 3 0 3 0 3 0 1 0 1 0 1 0 6 19 1 20 6 0 6 0 6 21 7 22 6 0 6 0 1 23 6 24 6 0 1 0 1 0 1 0 6 0 6 25 1 26 1 27 6 28 6 0 6 29 7 30 6 31 1 32 6 0 6 0 6 0 6 33 7 34 6 35 1 36 1 37 6 38 1 0 6 0 6 39 7 40 1 0 1 0 6 0 6 0 6 0 6 0 6 0 6 0 6 0 6 0 6 0 6 0 7 0 7 0 7 0 4 0 4 0 4 41 3 42 7 0 4 0 3 43 4 44 4 0 4 0 7 0 4 0 4 45 3 46 7 0 4 47 3 48 7 0 7 0 7 0 3 0 3 49 4 50 3 0 7 0 7 0 7 0 7 51 6 52 7 0 7 53 6 54 3 55 4 56 3 57 4 58 7 0 6 59 7 60 4 0 4 0 4 0 4 0 4 0 4 0 4 0 4 0 3 61 4 62 3 0 7 0 7 0 4 0 4 0 7 63 6 64 4 0 4 0 4 0 4 0 4 0 4 0 4 0 4 0 4 0 4 0 4 0 5 65 4 66 5 67 4 68 5 69 4 70 5 71 4 72 5 73 4 74 4 75 5 76 5 77 4 78 5 79 4 80 5 81 4 82 5 83 4 84 5 85 4 86 5 87 4 88 5 89 4 90 5 91 4 92 5 93 4 94 5 95 4 96 6 97 7 98 3 0 3 99 4 100 1 0 3 101 1 102 1 0 1 0 1 0 3 103 1 104 8 105 7 106 5 107 4 108 8 109 7 110 7 111 8 112 8 113 7 114 8 115 7 116 8 117 7 118 8 119 7 120 8 121 7 122 8 123 7 124 8 125 7 126 8 127 7 128 8 129 7 130 8 131 7 132 0 133 9 134 0 135 1 136 0 137 1 138 0 139 1 140 0 141 9 142 0 143 1 144 0 145 9 146 0 147 9 148 0 149 1 150 0 151 9 152 0 153 9 154 0 155 1 156 0 157 1 158 0 159 1 160 0 161 9 162 0 163 9 164</v>
        </vertex_weights>
      </skin>
      <extra>
        <technique profile="FCOLLADA">
          <user_properties>SkinController</user_properties>
        </technique>
      </extra>
    </controller>
    <controller id="Controller4">
      <skin source="#Geometry4">
        <bind_shape_matrix>1 0 0 0 0 1 0 0 0 0 1 0 0 0 0 1</bind_shape_matrix>
        <source id="Controller4-joints">
          <Name_array id="Controller4-joints-array" count="18">root spine neck l_shoulder l_elbow l_wrist r_shoulder r_elbow r_wrist hip l_thigh l_knee l_ankle r_thigh r_knee r_ankle b_skirt f_skirt</Name_array>
          <technique_common>
            <accessor source="#Controller4-joints-array" count="18" stride="1">
              <param name="JOINT" type="Name"/>
            </accessor>
          </technique_common>
        </source>
        <source id="Controller4-bind_poses">
          <float_array id="Controller4-bind_poses-array" count="288">1 0 0 0 0 0.000000 1 -0.917618 0 -1 0.000000 -0.000000 0 0 0 1 1 0 0 0 0 0.000000 1 -1.06146 0 -1 0.000000 -0.000547 0 0 0 1 1 0 0 0 0 0.000000 1 -1.26246 0 -1 0.000000 0.025391 0 0 0 1 1 0 0 -0.1 0 0.000000 1 -1.20052 0 -1 0.000000 0.048076 0 0 0 1 1 0 0 -0.302 0 0.000000 1 -1.20052 0 -1 0.000000 0.050851 0 0 0 1 1 0 0 -0.532008 0 0.000000 1 -1.20052 0 -1 0.000000 0.047366 0 0 0 1 1 0 0 0.1 0 0.000000 1 -1.20051 0 -1 0.000000 0.048076 0 0 0 1 1 0 0 0.302 0 0.000000 1 -1.20051 0 -1 0.000000 0.050851 0 0 0 1 1 0 0 0.532008 0 -1 -0.000000 0.047367 0 0.000000 -1 1.20051 0 0 0 1 1 0 0 0 0 0.000000 1 -0.917618 0 -1 0.000000 -0.000000 0 0 0 1 1 0 0 -0.081481 0 0.000000 1 -0.79502 0 -1 0.000000 -0.000152 0 0 0 1 1 0 0 -0.081481 0 0.000000 1 -0.471047 0 -1 0.000000 0.017491 0 0 0 1 1 0 0 -0.081481 0 0.000000 1 -0.100839 0 -1 0.000000 0.035393 0 0 0 1 1 0 0 0.081481 0 0.000000 1 -0.79502 0 -1 0.000000 -0.000152 0 0 0 1 1 0 0 0.081481 0 0.000000 1 -0.471047 0 -1 0.000000 0.017491 0 0 0 1 1 0 0 0.081481 0 0.000000 1 -0.100839 0 -1 0.000000 0.035393 0 0 0 1 1 0 0 0 0 0.000000 1 -0.939618 0 -1 0.000000 0.086999 0 0 0 1 1 0 0 0 0 0.000000 1 -0.918618 0 -1 0.000000 -0.081 0 0 0 1</float_array>
          <technique_common>
            <accessor source="#Controller4-bind_poses-array" count="18" stride="16">
              <param name="TRANSFORM" type="float4x4"/>
            </accessor>
          </technique_common>
        </source>
        <source id="Controller4-weights">
          <float_array id="Controller4-weights-array" count="133">1 0.71 0.19 0.1 0.46 0.29 0.25 0.7 0.2 0.1 0.61 0.39 0.46 0.29 0.25 0.8 0.2 0.61 0.39 0.71 0.29 0.75 0.25 0.78 0.22 0.5 0.5 0.8 0.2 0.86 0.14 0.86 0.14 0.54 0.46 0.61 0.39 0.8 0.2 0.71 0.29 0.86 0.14 0.54 0.46 0.78 0.22 0.8 0.2 0.5 0.5 0.8 0.2 0.71 0.29 0.71 0.29 0.71 0.29 0.5 0.5 0.5 0.5 0.71 0.29 0.5 0.5 0.5 0.5 0.71 0.29 0.5 0.5 0.5 0.5 0.5 0.5 0.5 0.5 0.61 0.2 0.19 0.71 0.29 0.86 0.14 0.61 0.39 0.61 0.39 0.71 0.29 0.8 0.2 0.8 0.2 0.86 0.14 0.61 0.39 0.8 0.2 0.8 0.2 0.8 0.2 0.61 0.2 0.19 0.46 0.29 0.25 0.5 0.5 0.61 0.39 0.8 0.2 0.61 0.39 0.8 0.2 0.51 0.29 0.2 0.61 0.39 0.51 0.29 0.2 0.46 0.29 0.25</float_array>
          <technique_common>
            <accessor source="#Controller4-weights-array" count="133" stride="1">
              <param name="WEIGHT" type="float"/>
            </accessor>
          </technique_common>
        </source>
        <joints>
          <input semantic="JOINT" source="#Controller4-joints"/>
          <input semantic="INV_BIND_MATRIX" source="#Controller4-bind_poses"/>
        </joints>
        <vertex_weights count="309">
          <input semantic="JOINT" source="#Controller4-joints" offset="0"/>
          <input semantic="WEIGHT" source="#Controller4-weights" offset="1"/>
          <vcount>1 1 1 1 1 1 1 1 1 1 1 1 1 1 1 1 1 1 1 1 1 1 1 1 1 1 1 1 1 1 1 1 1 1 1 1 1 1 1 1 1 1 1 1 1 1 1 1 1 1 1 1 1 1 1 1 1 1 1 1 1 1 1 1 1 1 1 1 1 1 1 1 1 1 1 1 1 1 1 1 1 1 1 1 1 1 1 1 1 1 1 1 1 1 1 1 1 1 1 1 1 1 1 1 1 1 1 1 1 1 1 1 1 1 1 1 1 1 1 1 1 1 1 1 1 1 1 1 1 1 1 1 1 1 1 1 1 1 1 1 1 1 1 1 1 1 1 1 1 1 1 1 1 1 1 1 1 1 1 1 1 1 1 1 1 1 1 1 1 1 1 1 1 1 1 1 1 1 1 1 1 1 1 1 1 1 1 1 1 1 1 1 1 1 1 1 1 1 1 1 1 1 1 1 1 1 1 1 1 1 3 1 1 1 3 1 3 1 2 1 1 1 3 2 2 1 2 1 1 1 1 1 2 1 2 2 2 1 2 1 1 1 1 2 1 2 2 2 1 2 2 2 1 2 1 1 2 2 2 1 2 2 1 2 1 2 2 1 1 2 2 1 2 1 1 2 2 2 2 2 3 1 2 2 1 2 1 2 2 2 2 1 2 2 2 2 2 3 3 1 2 2 2 2 2 3 2 3 3 </vcount>
          <v>1 0 1 0 1 0 1 0 1 0 1 0 1 0 1 0 1 0 1 0 1 0 1 0 1 0 1 0 1 0 1 0 1 0 1 0 1 0 1 0 1 0 1 0 1 0 1 0 1 0 1 0 1 0 1 0 1 0 1 0 1 0 1 0 1 0 1 0 1 0 1 0 1 0 1 0 1 0 1 0 1 0 1 0 1 0 1 0 1 0 1 0 1 0 1 0 1 0 1 0 1 0 1 0 1 0 1 0 1 0 1 0 1 0 1 0 1 0 1 0 1 0 1 0 1 0 1 0 1 0 1 0 1 0 1 0 1 0 1 0 1 0 1 0 1 0 1 0 1 0 1 0 1 0 1 0 1 0 1 0 1 0 1 0 1 0 1 0 1 0 1 0 1 0 1 0 1 0 1 0 1 0 1 0 1 0 1 0 1 0 1 0 1 0 1 0 1 0 1 0 1 0 1 0 1 0 1 0 1 0 1 0 1 0 1 0 1 0 1 0 1 0 1 0 1 0 1 0 1 0 1 0 1 0 1 0 1 0 1 0 1 0 1 0 1 0 1 0 1 0 1 0 1 0 1 0 1 0 1 0 1 0 1 0 1 0 1 0 1 0 1 0 1 0 1 0 1 0 1 0 1 0 1 0 1 0 1 0 1 0 1 0 1 0 1 0 1 0 1 0 1 0 1 0 1 0 1 0 1 0 1 0 1 0 1 0 1 0 1 0 1 0 1 0 1 0 1 0 1 0 1 0 1 0 4 0 4 0 4 0 4 0 4 0 4 0 4 0 4 0 4 0 4 0 4 0 4 0 4 0 4 0 4 0 4 0 4 0 4 0 4 0 4 0 4 0 7 0 7 0 7 0 7 0 7 0 7 0 7 0 7 0 7 0 7 0 7 0 7 0 7 0 7 0 7 0 7 0 7 0 7 0 7 0 7 0 7 0 9 0 9 1 17 2 13 3 9 0 9 0 9 0 13 4 16 5 9 6 9 0 9 7 17 8 10 9 1 0 0 10 1 11 1 0 9 0 9 0 10 12 16 13 9 14 0 15 1 16 0 17 1 18 9 0 9 19 16 20 1 0 1 0 1 0 1 0 1 0 0 21 1 22 1 0 6 23 1 24 1 25 6 26 0 27 1 28 6 0 0 29 1 30 6 0 6 0 1 0 1 0 0 31 1 32 1 0 1 33 6 34 0 35 1 36 0 37 1 38 1 0 0 39 1 40 0 41 1 42 1 43 3 44 3 0 3 45 1 46 3 0 3 0 0 47 1 48 1 49 3 50 0 51 1 52 1 0 2 53 1 54 2 55 1 56 1 0 2 57 1 58 1 0 0 59 9 60 0 61 9 62 1 0 1 0 2 63 1 64 0 65 9 66 1 0 0 67 9 68 1 0 1 0 2 69 1 70 0 71 9 72 0 73 9 74 0 75 9 76 0 77 9 78 9 79 13 80 0 81 1 0 2 82 1 83 0 84 1 85 1 0 0 86 1 87 1 0 0 88 1 89 0 90 1 91 0 92 1 93 0 94 1 95 1 0 0 96 1 97 0 98 1 99 0 100 1 101 0 102 1 103 9 104 10 105 9 106 10 107 0 108 17 109 10 110 9 111 1 0 9 112 17 113 9 114 17 115 0 116 1 117 9 118 16 119 9 120 13 121 13 122 16 123 9 124 9 125 16 126 10 127 16 128 9 129 17 130 13 131 9 132</v>
        </vertex_weights>
      </skin>
      <extra>
        <technique profile="FCOLLADA">
          <user_properties>SkinController</user_properties>
        </technique>
      </extra>
    </controller>
  </library_controllers>
  <library_visual_scenes>
    <visual_scene id="VisualSceneNode" name="rdmscene">
      <node id="VisualSceneNode1" name="root" sid="root" type="JOINT">
        <matrix>1 0 0 0 0 0.000000 -1 0 0 1 0.000000 0.917618 0 0 0 1</matrix>
        <node id="VisualSceneNode2" name="spine" sid="spine" type="JOINT">
          <matrix>1 0 0 0 0 1 0 0.143846 0 0 1 0.000547 0 0 0 1</matrix>
          <node id="VisualSceneNode3" name="neck" sid="neck" type="JOINT">
            <matrix>1 0 0 0 0 1 0 0.201 0 0 1 -0.025939 0 0 0 1</matrix>
          </node>
          <node id="VisualSceneNode4" name="l_shoulder" sid="l_shoulder" type="JOINT">
            <matrix>1 0 0 0.1 0 1 0 0.139052 0 0 1 -0.048624 0 0 0 1</matrix>
            <node id="VisualSceneNode5" name="l_elbow" sid="l_elbow" type="JOINT">
              <matrix>1 0 0 0.202 0 1 0 0 0 0 1 -0.002775 0 0 0 1</matrix>
              <node id="VisualSceneNode6" name="l_wrist" sid="l_wrist" type="JOINT">
                <matrix>1 0 0 0.230008 0 1 0 0 0 0 1 0.003485 0 0 0 1</matrix>
              </node>
            </node>
          </node>
          <node id="VisualSceneNode7" name="r_shoulder" sid="r_shoulder" type="JOINT">
            <matrix>1 0 0 -0.1 0 1 0 0.13905 0 0 1 -0.048624 0 0 0 1</matrix>
            <node id="VisualSceneNode8" name="r_elbow" sid="r_elbow" type="JOINT">
              <matrix>1 0 0 -0.202 0 1 0 0 0 0 1 -0.002775 0 0 0 1</matrix>
              <node id="VisualSceneNode9" name="r_wrist" sid="r_wrist" type="JOINT">
                <matrix>1 0 0 -0.230008 0 -0.000000 -1 0 0 1 -0.000000 0.003485 0 0 0 1</matrix>
              </node>
            </node>
          </node>
        </node>
        <node id="VisualSceneNode10" name="hip" sid="hip" type="JOINT">
          <matrix>1 0 0 0 0 1 0 0 0 0 1 0 0 0 0 1</matrix>
          <node id="VisualSceneNode11" name="l_thigh" sid="l_thigh" type="JOINT">
            <matrix>1 0 0 0.081481 0 1 0 -0.122598 0 0 1 0.000152 0 0 0 1</matrix>
            <node id="VisualSceneNode12" name="l_knee" sid="l_knee" type="JOINT">
              <matrix>1 0 0 0 0 1 0 -0.323973 0 0 1 -0.017644 0 0 0 1</matrix>
              <node id="VisualSceneNode13" name="l_ankle" sid="l_ankle" type="JOINT">
                <matrix>1 0 0 0 0 1 0 -0.370208 0 0 1 -0.017902 0 0 0 1</matrix>
              </node>
            </node>
          </node>
          <node id="VisualSceneNode14" name="r_thigh" sid="r_thigh" type="JOINT">
            <matrix>1 0 0 -0.081481 0 1 0 -0.122598 0 0 1 0.000152 0 0 0 1</matrix>
            <node id="VisualSceneNode15" name="r_knee" sid="r_knee" type="JOINT">
              <matrix>1 0 0 0 0 1 0 -0.323973 0 0 1 -0.017644 0 0 0 1</matrix>
              <node id="VisualSceneNode16" name="r_ankle" sid="r_ankle" type="JOINT">
                <matrix>1 0 0 0 0 1 0 -0.370208 0 0 1 -0.017902 0 0 0 1</matrix>
              </node>
            </node>
          </node>
        </node>
        <node id="VisualSceneNode17" name="b_skirt" sid="b_skirt" type="JOINT">
          <matrix>1 0 0 0 0 1 0 0.022 0 0 1 -0.087 0 0 0 1</matrix>
        </node>
        <node id="VisualSceneNode18" name="f_skirt" sid="f_skirt" type="JOINT">
          <matrix>1 0 0 0 0 1 0 0.001 0 0 1 0.081 0 0 0 1</matrix>
        </node>
      </node>
      <node id="VisualSceneNode19" name="mesh0" type="NODE">
        <matrix>1 0 0 0 0 1 0 0 0 0 1 0 0 0 0 1</matrix>
        <instance_controller url="#Controller">
          <skeleton>#VisualSceneNode1</skeleton>
          <bind_material>
            <technique_common>
              <instance_material symbol="VisualMaterial0" target="#VisualMaterial"/>
            </technique_common>
          </bind_material>
        </instance_controller>
      </node>
      <node id="VisualSceneNode20" name="mesh1" type="NODE">
        <matrix>1 0 0 0 0 1 0 0 0 0 1 0 0 0 0 1</matrix>
        <instance_controller url="#Controller1">
          <skeleton>#VisualSceneNode1</skeleton>
          <bind_material>
            <technique_common>
              <instance_material symbol="VisualMaterial10" target="#VisualMaterial1"/>
            </technique_common>
          </bind_material>
        </instance_controller>
      </node>
      <node id="VisualSceneNode21" name="mesh2" type="NODE">
        <matrix>1 0 0 0 0 1 0 0 0 0 1 0 0 0 0 1</matrix>
        <instance_controller url="#Controller2">
          <skeleton>#VisualSceneNode1</skeleton>
          <bind_material>
            <technique_common>
              <instance_material symbol="VisualMaterial20" target="#VisualMaterial2"/>
            </technique_common>
          </bind_material>
        </instance_controller>
      </node>
      <node id="VisualSceneNode22" name="mesh3" type="NODE">
        <matrix>1 0 0 0 0 1 0 0 0 0 1 0 0 0 0 1</matrix>
        <instance_controller url="#Controller3">
          <skeleton>#VisualSceneNode1</skeleton>
          <bind_material>
            <technique_common>
              <instance_material symbol="VisualMaterial30" target="#VisualMaterial3"/>
            </technique_common>
          </bind_material>
        </instance_controller>
      </node>
      <node id="VisualSceneNode23" name="mesh4" type="NODE">
        <matrix>1 0 0 0 0 1 0 0 0 0 1 0 0 0 0 1</matrix>
        <instance_controller url="#Controller4">
          <skeleton>#VisualSceneNode1</skeleton>
          <bind_material>
            <technique_common>
              <instance_material symbol="VisualMaterial40" target="#VisualMaterial4"/>
            </technique_common>
          </bind_material>
        </instance_controller>
      </node>
    </visual_scene>
  </library_visual_scenes>
  <scene>
    <instance_visual_scene url="#VisualSceneNode"/>
  </scene>
</COLLADA>
