version 1
nodes
0 "root" -1
1 "spine" 0
2 "neck" 1
3 "l_shoulder" 1
4 "l_elbow" 3
5 "l_wrist" 4
6 "r_shoulder" 1
7 "r_elbow" 6
8 "r_wrist" 7
9 "hip" 0
10 "l_thigh" 9
11 "l_knee" 10
12 "l_ankle" 11
13 "r_thigh" 9
14 "r_knee" 13
15 "r_ankle" 14
16 "b_skirt" 0
17 "f_skirt" 0
end
skeleton
time 0
0 0.000000 0.000000 0.917618 1.570796 -0.000000 0.000000
1 0.000000 0.143846 0.000547 0.000000 -0.000000 0.000000
2 0.000000 0.201000 -0.025939 0.000000 -0.000000 0.000000
3 0.100000 0.139052 -0.048624 0.000000 -0.000000 0.000000
4 0.202000 0.000000 -0.002775 0.000000 -0.000000 0.000000
5 0.230008 0.000000 0.003485 0.000000 -0.000000 0.000000
6 -0.100000 0.139050 -0.048624 0.000000 -0.000000 0.000000
7 -0.202000 0.000000 -0.002775 0.000000 -0.000000 0.000000
8 -0.230008 0.000000 0.003485 1.570797 -0.000000 0.000000
9 0.000000 0.000000 0.000000 0.000000 -0.000000 0.000000
10 0.081481 -0.122598 0.000152 0.000000 -0.000000 0.000000
11 0.000000 -0.323973 -0.017644 0.000000 -0.000000 0.000000
12 0.000000 -0.370208 -0.017902 0.000000 -0.000000 0.000000
13 -0.081481 -0.122598 0.000152 0.000000 -0.000000 0.000000
14 0.000000 -0.323973 -0.017644 0.000000 -0.000000 0.000000
15 0.000000 -0.370208 -0.017902 0.000000 -0.000000 0.000000
16 0.000000 0.022000 -0.087000 0.000000 -0.000000 0.000000
17 0.000000 0.001000 0.081000 0.000000 -0.000000 0.000000
end
triangles
Silica_def_face.png
0 0.071007 -0.047850 1.415372 0.884292 -0.458646 0.087582 0.779418 0.797395 1 2 1.000000
0 0.071007 -0.047850 1.415372 0.884292 -0.458646 0.087582 0.779418 0.797395 1 2 1.000000
0 0.055998 -0.050468 1.474185 0.689501 -0.700250 0.185036 0.716818 0.965523 1 2 1.000000
Silica_def_face.png
0 0.055998 -0.050468 1.474185 0.689501 -0.700250 0.185036 0.716818 0.965523 1 2 1.000000
0 0.025263 -0.080745 1.417854 0.473853 -0.878501 -0.060815 0.536842 0.809125 1 2 1.000000
0 0.071007 -0.047850 1.415372 0.884292 -0.458646 0.087582 0.779418 0.797395 1 2 1.000000
Silica_def_face.png
0 0.073059 -0.045534 1.397928 0.796740 -0.585842 -0.148305 0.791156 0.699646 1 2 1.000000
0 0.071007 -0.047850 1.415372 0.884292 -0.458646 0.087582 0.779418 0.797395 1 2 1.000000
0 0.025263 -0.080745 1.417854 0.473853 -0.878501 -0.060815 0.536842 0.809125 1 2 1.000000
Silica_def_face.png
0 0.025263 -0.080745 1.417854 0.473853 -0.878501 -0.060815 0.536842 0.809125 1 2 1.000000
0 0.013587 -0.076581 1.395629 0.527355 -0.816301 -0.235688 0.478154 0.687916 1 2 1.000000
0 0.073059 -0.045534 1.397928 0.796740 -0.585842 -0.148305 0.791156 0.699646 1 2 1.000000
Silica_def_face.png
0 0.009837 -0.073086 1.346629 0.581706 -0.793123 0.180481 0.462504 0.437679 1 2 1.000000
0 0.073059 -0.045534 1.397928 0.796740 -0.585842 -0.148305 0.791156 0.699646 1 2 1.000000
0 0.013587 -0.076581 1.395629 0.527355 -0.816301 -0.235688 0.478154 0.687916 1 2 1.000000
Silica_def_face.png
0 0.013587 -0.076581 1.395629 0.527355 -0.816301 -0.235688 0.478154 0.687916 1 2 1.000000
0 0.000000 -0.081366 1.364802 0.000000 -0.996348 -0.085389 0.403816 0.531518 1 2 1.000000
0 0.009837 -0.073086 1.346629 0.581706 -0.793123 0.180481 0.462504 0.437679 1 2 1.000000
Silica_def_face.png
0 0.000000 -0.082619 1.350381 0.000000 -0.955265 0.295750 0.403816 0.457229 1 2 1.000000
0 0.009837 -0.073086 1.346629 0.581706 -0.793123 0.180481 0.462504 0.437679 1 2 1.000000
0 0.000000 -0.081366 1.364802 0.000000 -0.996348 -0.085389 0.403816 0.531518 1 2 1.000000
Silica_def_face.png
0 0.000000 -0.081366 1.364802 0.000000 -0.996348 -0.085389 0.403816 0.531518 1 2 1.000000
0 -0.009837 -0.073086 1.346629 -0.581706 -0.793123 0.180481 0.349041 0.437679 1 2 1.000000
0 0.000000 -0.082619 1.350381 0.000000 -0.955265 0.295750 0.403816 0.457229 1 2 1.000000
Silica_def_face.png
0 0.000000 -0.086290 1.343930 -0.000000 -0.742123 0.670264 0.403816 0.414219 1 2 1.000000
0 0.000000 -0.082619 1.350381 0.000000 -0.955265 0.295750 0.403816 0.457229 1 2 1.000000
0 -0.009837 -0.073086 1.346629 -0.581706 -0.793123 0.180481 0.349041 0.437679 1 2 1.000000
Silica_def_face.png
0 -0.009837 -0.073086 1.346629 -0.581706 -0.793123 0.180481 0.349041 0.437679 1 2 1.000000
0 -0.009262 -0.081698 1.334525 -0.660610 -0.747856 0.065619 0.360779 0.375119 1 2 1.000000
0 0.000000 -0.086290 1.343930 -0.000000 -0.742123 0.670264 0.403816 0.414219 1 2 1.000000
Silica_def_face.png
0 0.000000 -0.097440 1.338772 0.000000 -0.981473 0.191598 0.403816 0.390759 1 2 1.000000
0 0.000000 -0.086290 1.343930 -0.000000 -0.742123 0.670264 0.403816 0.414219 1 2 1.000000
0 -0.009262 -0.081698 1.334525 -0.660610 -0.747856 0.065619 0.360779 0.375119 1 2 1.000000
Silica_def_face.png
0 -0.009262 -0.081698 1.334525 -0.660610 -0.747856 0.065619 0.360779 0.375119 1 2 1.000000
0 0.000000 -0.083375 1.321562 0.000000 -0.870081 -0.492909 0.403816 0.312560 1 2 1.000000
0 0.000000 -0.097440 1.338772 0.000000 -0.981473 0.191598 0.403816 0.390759 1 2 1.000000
Silica_def_face.png
0 0.009262 -0.081698 1.334525 0.660610 -0.747856 0.065619 0.450767 0.375119 1 2 1.000000
0 0.000000 -0.097440 1.338772 0.000000 -0.981473 0.191598 0.403816 0.390759 1 2 1.000000
0 0.000000 -0.083375 1.321562 0.000000 -0.870081 -0.492909 0.403816 0.312560 1 2 1.000000
Silica_def_face.png
0 0.000000 -0.083375 1.321562 0.000000 -0.870081 -0.492909 0.403816 0.312560 1 2 1.000000
0 0.033278 -0.059247 1.309952 0.514380 -0.739301 -0.434564 0.575967 0.250001 1 2 1.000000
0 0.009262 -0.081698 1.334525 0.660610 -0.747856 0.065619 0.450767 0.375119 1 2 1.000000
Silica_def_face.png
0 0.038607 -0.061184 1.322623 0.573470 -0.787428 -0.226030 0.611180 0.312560 1 2 1.000000
0 0.009262 -0.081698 1.334525 0.660610 -0.747856 0.065619 0.450767 0.375119 1 2 1.000000
0 0.033278 -0.059247 1.309952 0.514380 -0.739301 -0.434564 0.575967 0.250001 1 2 1.000000
Silica_def_face.png
0 0.033278 -0.059247 1.309952 0.514380 -0.739301 -0.434564 0.575967 0.250001 1 2 1.000000
0 0.057117 -0.042744 1.315973 0.762461 -0.508882 -0.399616 0.705081 0.273460 1 2 1.000000
0 0.038607 -0.061184 1.322623 0.573470 -0.787428 -0.226030 0.611180 0.312560 1 2 1.000000
Silica_def_face.png
0 0.043897 -0.059148 1.337842 0.582497 -0.811002 0.054518 0.642480 0.382939 1 2 1.000000
0 0.038607 -0.061184 1.322623 0.573470 -0.787428 -0.226030 0.611180 0.312560 1 2 1.000000
0 0.057117 -0.042744 1.315973 0.762461 -0.508882 -0.399616 0.705081 0.273460 1 2 1.000000
Silica_def_face.png
0 0.057117 -0.042744 1.315973 0.762461 -0.508882 -0.399616 0.705081 0.273460 1 2 1.000000
0 0.062138 -0.042270 1.329396 0.885708 -0.331661 -0.324843 0.732468 0.336020 1 2 1.000000
0 0.043897 -0.059148 1.337842 0.582497 -0.811002 0.054518 0.642480 0.382939 1 2 1.000000
Silica_def_face.png
0 0.066204 -0.042755 1.347484 0.813803 -0.578361 -0.056770 0.755943 0.437679 1 2 1.000000
0 0.043897 -0.059148 1.337842 0.582497 -0.811002 0.054518 0.642480 0.382939 1 2 1.000000
0 0.062138 -0.042270 1.329396 0.885708 -0.331661 -0.324843 0.732468 0.336020 1 2 1.000000
Silica_def_face.png
0 0.062138 -0.042270 1.329396 0.885708 -0.331661 -0.324843 0.732468 0.336020 1 2 1.000000
0 0.063298 0.002429 1.326680 0.889673 0.200182 -0.410378 0.955482 0.343840 1 2 1.000000
0 0.066204 -0.042755 1.347484 0.813803 -0.578361 -0.056770 0.755943 0.437679 1 2 1.000000
Silica_def_face.png
0 0.073059 -0.045534 1.397928 0.796740 -0.585842 -0.148305 0.791156 0.699646 1 2 1.000000
0 0.066204 -0.042755 1.347484 0.813803 -0.578361 -0.056770 0.755943 0.437679 1 2 1.000000
0 0.063298 0.002429 1.326680 0.889673 0.200182 -0.410378 0.955482 0.343840 1 2 1.000000
Silica_def_face.png
0 0.063298 0.002429 1.326680 0.889673 0.200182 -0.410378 0.955482 0.343840 1 2 1.000000
0 0.077139 0.005408 1.375932 0.992461 -0.112458 -0.048735 0.994607 0.609717 1 2 1.000000
0 0.073059 -0.045534 1.397928 0.796740 -0.585842 -0.148305 0.791156 0.699646 1 2 1.000000
Silica_def_face.png
0 0.071007 -0.047850 1.415372 0.884292 -0.458646 0.087582 0.779418 0.797395 1 2 1.000000
0 0.073059 -0.045534 1.397928 0.796740 -0.585842 -0.148305 0.791156 0.699646 1 2 1.000000
0 0.077139 0.005408 1.375932 0.992461 -0.112458 -0.048735 0.994607 0.609717 1 2 1.000000
Silica_def_face.png
0 0.077139 0.005408 1.375932 0.992461 -0.112458 -0.048735 0.994607 0.609717 1 2 1.000000
0 0.075608 -0.008834 1.458152 0.966062 -0.233964 0.109478 0.951569 0.883414 1 2 1.000000
0 0.071007 -0.047850 1.415372 0.884292 -0.458646 0.087582 0.779418 0.797395 1 2 1.000000
Silica_def_face.png
0 0.055998 -0.050468 1.474185 0.689501 -0.700250 0.185036 0.716818 0.965523 1 2 1.000000
0 0.071007 -0.047850 1.415372 0.884292 -0.458646 0.087582 0.779418 0.797395 1 2 1.000000
0 0.075608 -0.008834 1.458152 0.966062 -0.233964 0.109478 0.951569 0.883414 1 2 1.000000
Silica_def_face.png
0 0.025263 -0.080745 1.417854 0.473853 -0.878501 -0.060815 0.536842 0.809125 1 2 1.000000
0 0.055998 -0.050468 1.474185 0.689501 -0.700250 0.185036 0.716818 0.965523 1 2 1.000000
0 0.000000 -0.081169 1.476658 0.000000 -0.985277 0.170968 0.403816 0.992893 1 2 1.000000
Silica_def_face.png
0 0.000000 -0.081169 1.476658 0.000000 -0.985277 0.170968 0.403816 0.992893 1 2 1.000000
0 0.000000 -0.088234 1.417940 0.000000 -0.997980 0.063530 0.403816 0.816945 1 2 1.000000
0 0.025263 -0.080745 1.417854 0.473853 -0.878501 -0.060815 0.536842 0.809125 1 2 1.000000
Silica_def_face.png
0 0.000000 -0.088378 1.398410 0.000000 -0.973600 -0.228260 0.403816 0.699646 1 2 1.000000
0 0.025263 -0.080745 1.417854 0.473853 -0.878501 -0.060815 0.536842 0.809125 1 2 1.000000
0 0.000000 -0.088234 1.417940 0.000000 -0.997980 0.063530 0.403816 0.816945 1 2 1.000000
Silica_def_face.png
0 0.000000 -0.088234 1.417940 0.000000 -0.997980 0.063530 0.403816 0.816945 1 2 1.000000
0 -0.025263 -0.080745 1.417854 -0.473853 -0.878502 -0.060815 0.274703 0.809125 1 2 1.000000
0 0.000000 -0.088378 1.398410 0.000000 -0.973600 -0.228260 0.403816 0.699646 1 2 1.000000
Silica_def_face.png
0 -0.013587 -0.076581 1.395629 -0.527355 -0.816301 -0.235688 0.333391 0.687916 1 2 1.000000
0 0.000000 -0.088378 1.398410 0.000000 -0.973600 -0.228260 0.403816 0.699646 1 2 1.000000
0 -0.025263 -0.080745 1.417854 -0.473853 -0.878502 -0.060815 0.274703 0.809125 1 2 1.000000
Silica_def_face.png
0 -0.025263 -0.080745 1.417854 -0.473853 -0.878502 -0.060815 0.274703 0.809125 1 2 1.000000
0 -0.073059 -0.045534 1.397928 -0.494573 -0.854286 -0.159980 0.020389 0.699646 1 2 1.000000
0 -0.013587 -0.076581 1.395629 -0.527355 -0.816301 -0.235688 0.333391 0.687916 1 2 1.000000
Silica_def_face.png
0 -0.009837 -0.073086 1.346629 -0.581706 -0.793123 0.180481 0.349041 0.437679 1 2 1.000000
0 -0.013587 -0.076581 1.395629 -0.527355 -0.816301 -0.235688 0.333391 0.687916 1 2 1.000000
0 -0.073059 -0.045534 1.397928 -0.494573 -0.854286 -0.159980 0.020389 0.699646 1 2 1.000000
Silica_def_face.png
0 -0.073059 -0.045534 1.397928 -0.494573 -0.854286 -0.159980 0.020389 0.699646 1 2 1.000000
0 -0.066204 -0.042755 1.347484 -0.530239 -0.846986 0.038227 0.055602 0.437679 1 2 1.000000
0 -0.009837 -0.073086 1.346629 -0.581706 -0.793123 0.180481 0.349041 0.437679 1 2 1.000000
Silica_def_face.png
0 -0.043897 -0.059148 1.337842 -0.582497 -0.811002 0.054518 0.169065 0.382939 1 2 1.000000
0 -0.009837 -0.073086 1.346629 -0.581706 -0.793123 0.180481 0.349041 0.437679 1 2 1.000000
0 -0.066204 -0.042755 1.347484 -0.530239 -0.846986 0.038227 0.055602 0.437679 1 2 1.000000
Silica_def_face.png
0 -0.066204 -0.042755 1.347484 -0.530239 -0.846986 0.038227 0.055602 0.437679 1 2 1.000000
0 -0.062138 -0.042270 1.329396 -0.621055 -0.762324 -0.182079 0.079077 0.336020 1 2 1.000000
0 -0.043897 -0.059148 1.337842 -0.582497 -0.811002 0.054518 0.169065 0.382939 1 2 1.000000
Silica_def_face.png
0 -0.057117 -0.042744 1.315973 -0.620396 -0.725126 -0.298833 0.102552 0.273460 1 2 1.000000
0 -0.043897 -0.059148 1.337842 -0.582497 -0.811002 0.054518 0.169065 0.382939 1 2 1.000000
0 -0.062138 -0.042270 1.329396 -0.621055 -0.762324 -0.182079 0.079077 0.336020 1 2 1.000000
Silica_def_face.png
0 0.006703 -0.054410 1.280301 0.449023 -0.405343 -0.796288 0.446854 0.058413 1 2 1.000000
0 0.033278 -0.059247 1.309952 0.514380 -0.739301 -0.434564 0.575967 0.250001 1 2 1.000000
0 0.000000 -0.083375 1.321562 0.000000 -0.870081 -0.492909 0.403816 0.312560 1 2 1.000000
Silica_def_face.png
0 0.000000 -0.083375 1.321562 0.000000 -0.870081 -0.492909 0.403816 0.312560 1 2 1.000000
0 0.000000 -0.057442 1.279049 -0.000000 -0.495992 -0.868327 0.403816 0.054503 1 2 1.000000
0 0.006703 -0.054410 1.280301 0.449023 -0.405343 -0.796288 0.446854 0.058413 1 2 1.000000
Silica_def_face.png
0 0.000000 -0.047926 1.278494 -0.000006 0.095343 -0.995444 0.419466 0.015403 1 2 1.000000
0 0.006703 -0.054410 1.280301 0.449023 -0.405343 -0.796288 0.446854 0.058413 1 2 1.000000
0 0.000000 -0.057442 1.279049 -0.000000 -0.495992 -0.868327 0.403816 0.054503 1 2 1.000000
Silica_def_face.png
0 0.000000 -0.057442 1.279049 -0.000000 -0.495992 -0.868327 0.403816 0.054503 1 2 1.000000
0 -0.006703 -0.054410 1.280301 -0.362681 0.011789 -0.931839 0.446854 0.058413 1 2 1.000000
0 0.000000 -0.047926 1.278494 -0.000006 0.095343 -0.995444 0.419466 0.015403 1 2 1.000000
Silica_def_face.png
0 -0.030413 -0.024419 1.293352 -0.407339 0.113489 -0.906198 0.783331 0.136612 1 2 1.000000
0 0.000000 -0.047926 1.278494 -0.000006 0.095343 -0.995444 0.419466 0.015403 1 2 1.000000
0 -0.006703 -0.054410 1.280301 -0.362681 0.011789 -0.931839 0.446854 0.058413 1 2 1.000000
Silica_def_face.png
0 -0.006703 -0.054410 1.280301 -0.362681 0.011789 -0.931839 0.446854 0.058413 1 2 1.000000
0 -0.029726 -0.048177 1.293623 -0.525824 -0.019636 -0.850367 0.583792 0.140522 1 2 1.000000
0 -0.030413 -0.024419 1.293352 -0.407339 0.113489 -0.906198 0.783331 0.136612 1 2 1.000000
Silica_def_face.png
0 -0.048904 -0.011779 1.305053 -0.676617 0.057363 -0.734097 0.920269 0.261731 1 2 1.000000
0 -0.030413 -0.024419 1.293352 -0.407339 0.113489 -0.906198 0.783331 0.136612 1 2 1.000000
0 -0.029726 -0.048177 1.293623 -0.525824 -0.019636 -0.850367 0.583792 0.140522 1 2 1.000000
Silica_def_face.png
0 -0.029726 -0.048177 1.293623 -0.525824 -0.019636 -0.850367 0.583792 0.140522 1 2 1.000000
0 -0.047588 -0.042716 1.304572 -0.654324 -0.016079 -0.756043 0.654218 0.206991 1 2 1.000000
0 -0.048904 -0.011779 1.305053 -0.676617 0.057363 -0.734097 0.920269 0.261731 1 2 1.000000
Silica_def_face.png
0 -0.057117 -0.042744 1.315973 -0.861832 0.050615 -0.504662 0.705081 0.273460 1 2 1.000000
0 -0.048904 -0.011779 1.305053 -0.676617 0.057363 -0.734097 0.920269 0.261731 1 2 1.000000
0 -0.047588 -0.042716 1.304572 -0.654324 -0.016079 -0.756043 0.654218 0.206991 1 2 1.000000
Silica_def_face.png
0 0.006703 -0.054410 1.280301 0.449023 -0.405343 -0.796288 0.446854 0.058413 1 2 1.000000
0 0.000000 -0.047926 1.278494 -0.000006 0.095343 -0.995444 0.419466 0.015403 1 2 1.000000
0 0.030413 -0.024419 1.293352 0.407323 0.113512 -0.906203 0.783331 0.136612 1 2 1.000000
Silica_def_face.png
0 0.030413 -0.024419 1.293352 0.407323 0.113512 -0.906203 0.783331 0.136612 1 2 1.000000
0 0.029726 -0.048177 1.293623 0.556147 -0.289874 -0.778892 0.583792 0.140522 1 2 1.000000
0 0.006703 -0.054410 1.280301 0.449023 -0.405343 -0.796288 0.446854 0.058413 1 2 1.000000
Silica_def_face.png
0 0.033278 -0.059247 1.309952 0.514380 -0.739301 -0.434564 0.575967 0.250001 1 2 1.000000
0 0.006703 -0.054410 1.280301 0.449023 -0.405343 -0.796288 0.446854 0.058413 1 2 1.000000
0 0.029726 -0.048177 1.293623 0.556147 -0.289874 -0.778892 0.583792 0.140522 1 2 1.000000
Silica_def_face.png
0 0.029726 -0.048177 1.293623 0.556147 -0.289874 -0.778892 0.583792 0.140522 1 2 1.000000
0 0.047588 -0.042716 1.304572 0.643737 -0.356461 -0.677154 0.654218 0.206991 1 2 1.000000
0 0.033278 -0.059247 1.309952 0.514380 -0.739301 -0.434564 0.575967 0.250001 1 2 1.000000
Silica_def_face.png
0 0.057117 -0.042744 1.315973 0.762461 -0.508882 -0.399616 0.705081 0.273460 1 2 1.000000
0 0.033278 -0.059247 1.309952 0.514380 -0.739301 -0.434564 0.575967 0.250001 1 2 1.000000
0 0.047588 -0.042716 1.304572 0.643737 -0.356461 -0.677154 0.654218 0.206991 1 2 1.000000
Silica_def_face.png
0 0.047588 -0.042716 1.304572 0.643737 -0.356461 -0.677154 0.654218 0.206991 1 2 1.000000
0 0.048904 -0.011779 1.305053 0.676608 0.057378 -0.734104 0.920269 0.261731 1 2 1.000000
0 0.057117 -0.042744 1.315973 0.762461 -0.508882 -0.399616 0.705081 0.273460 1 2 1.000000
Silica_def_face.png
0 0.062138 -0.042270 1.329396 0.885708 -0.331661 -0.324843 0.732468 0.336020 1 2 1.000000
0 0.057117 -0.042744 1.315973 0.762461 -0.508882 -0.399616 0.705081 0.273460 1 2 1.000000
0 0.048904 -0.011779 1.305053 0.676608 0.057378 -0.734104 0.920269 0.261731 1 2 1.000000
Silica_def_face.png
0 0.048904 -0.011779 1.305053 0.676608 0.057378 -0.734104 0.920269 0.261731 1 2 1.000000
0 0.063298 0.002429 1.326680 0.889673 0.200182 -0.410378 0.955482 0.343840 1 2 1.000000
0 0.062138 -0.042270 1.329396 0.885708 -0.331661 -0.324843 0.732468 0.336020 1 2 1.000000
Silica_def_face.png
0 -0.047588 -0.042716 1.304572 -0.556077 -0.649954 -0.518014 0.157327 0.206991 1 2 1.000000
0 -0.047588 -0.042716 1.304572 -0.556077 -0.649954 -0.518014 0.157327 0.206991 1 2 1.000000
0 -0.029726 -0.048177 1.293623 -0.517855 -0.651550 -0.554354 0.227753 0.140522 1 2 1.000000
Silica_def_face.png
0 -0.029726 -0.048177 1.293623 -0.517855 -0.651550 -0.554354 0.227753 0.140522 1 2 1.000000
0 -0.033278 -0.059247 1.309952 -0.514380 -0.739301 -0.434564 0.235578 0.250001 1 2 1.000000
0 -0.047588 -0.042716 1.304572 -0.556077 -0.649954 -0.518014 0.157327 0.206991 1 2 1.000000
Silica_def_face.png
0 -0.057117 -0.042744 1.315973 -0.620396 -0.725126 -0.298833 0.102552 0.273460 1 2 1.000000
0 -0.047588 -0.042716 1.304572 -0.556077 -0.649954 -0.518014 0.157327 0.206991 1 2 1.000000
0 -0.033278 -0.059247 1.309952 -0.514380 -0.739301 -0.434564 0.235578 0.250001 1 2 1.000000
Silica_def_face.png
0 -0.033278 -0.059247 1.309952 -0.514380 -0.739301 -0.434564 0.235578 0.250001 1 2 1.000000
0 -0.038607 -0.061184 1.322623 -0.573470 -0.787428 -0.226030 0.200365 0.312560 1 2 1.000000
0 -0.057117 -0.042744 1.315973 -0.620396 -0.725126 -0.298833 0.102552 0.273460 1 2 1.000000
Silica_def_face.png
0 -0.043897 -0.059148 1.337842 -0.582497 -0.811002 0.054518 0.169065 0.382939 1 2 1.000000
0 -0.057117 -0.042744 1.315973 -0.620396 -0.725126 -0.298833 0.102552 0.273460 1 2 1.000000
0 -0.038607 -0.061184 1.322623 -0.573470 -0.787428 -0.226030 0.200365 0.312560 1 2 1.000000
Silica_def_face.png
0 -0.038607 -0.061184 1.322623 -0.573470 -0.787428 -0.226030 0.200365 0.312560 1 2 1.000000
0 -0.009262 -0.081698 1.334525 -0.660610 -0.747856 0.065619 0.360779 0.375119 1 2 1.000000
0 -0.043897 -0.059148 1.337842 -0.582497 -0.811002 0.054518 0.169065 0.382939 1 2 1.000000
Silica_def_face.png
0 -0.009837 -0.073086 1.346629 -0.581706 -0.793123 0.180481 0.349041 0.437679 1 2 1.000000
0 -0.043897 -0.059148 1.337842 -0.582497 -0.811002 0.054518 0.169065 0.382939 1 2 1.000000
0 -0.009262 -0.081698 1.334525 -0.660610 -0.747856 0.065619 0.360779 0.375119 1 2 1.000000
Silica_def_face.png
0 -0.063298 0.002429 1.326680 -0.889679 0.200165 -0.410373 0.955482 0.343840 1 2 1.000000
0 -0.062138 -0.042270 1.329396 -0.928435 0.009944 -0.371362 0.732468 0.336020 1 2 1.000000
0 -0.066204 -0.042755 1.347484 -0.983938 -0.018470 -0.177555 0.755943 0.437679 1 2 1.000000
Silica_def_face.png
0 -0.066204 -0.042755 1.347484 -0.983938 -0.018470 -0.177555 0.755943 0.437679 1 2 1.000000
0 -0.073059 -0.045534 1.397928 -0.992914 -0.072903 -0.093842 0.791156 0.699646 1 2 1.000000
0 -0.063298 0.002429 1.326680 -0.889679 0.200165 -0.410373 0.955482 0.343840 1 2 1.000000
Silica_def_face.png
0 -0.077139 0.005408 1.375932 -0.992461 -0.112458 -0.048735 0.994607 0.609717 1 2 1.000000
0 -0.063298 0.002429 1.326680 -0.889679 0.200165 -0.410373 0.955482 0.343840 1 2 1.000000
0 -0.073059 -0.045534 1.397928 -0.992914 -0.072903 -0.093842 0.791156 0.699646 1 2 1.000000
Silica_def_face.png
0 -0.073059 -0.045534 1.397928 -0.992914 -0.072903 -0.093842 0.791156 0.699646 1 2 1.000000
0 -0.071007 -0.047850 1.415372 -0.979775 -0.166430 0.111094 0.779418 0.797395 1 2 1.000000
0 -0.077139 0.005408 1.375932 -0.992461 -0.112458 -0.048735 0.994607 0.609717 1 2 1.000000
Silica_def_face.png
0 -0.075608 -0.008834 1.458152 -0.966062 -0.233964 0.109478 0.951569 0.883414 1 2 1.000000
0 -0.077139 0.005408 1.375932 -0.992461 -0.112458 -0.048735 0.994607 0.609717 1 2 1.000000
0 -0.071007 -0.047850 1.415372 -0.979775 -0.166430 0.111094 0.779418 0.797395 1 2 1.000000
Silica_def_face.png
0 -0.071007 -0.047850 1.415372 -0.979775 -0.166430 0.111094 0.779418 0.797395 1 2 1.000000
0 -0.055998 -0.050468 1.474185 -0.912637 -0.346104 0.217497 0.716818 0.965523 1 2 1.000000
0 -0.075608 -0.008834 1.458152 -0.966062 -0.233964 0.109478 0.951569 0.883414 1 2 1.000000
Silica_def_face.png
0 -0.009262 -0.081698 1.334525 -0.660610 -0.747856 0.065619 0.360779 0.375119 1 2 1.000000
0 -0.009262 -0.081698 1.334525 -0.660610 -0.747856 0.065619 0.360779 0.375119 1 2 1.000000
0 -0.038607 -0.061184 1.322623 -0.573470 -0.787428 -0.226030 0.200365 0.312560 1 2 1.000000
Silica_def_face.png
0 -0.038607 -0.061184 1.322623 -0.573470 -0.787428 -0.226030 0.200365 0.312560 1 2 1.000000
0 -0.033278 -0.059247 1.309952 -0.514380 -0.739301 -0.434564 0.235578 0.250001 1 2 1.000000
0 -0.009262 -0.081698 1.334525 -0.660610 -0.747856 0.065619 0.360779 0.375119 1 2 1.000000
Silica_def_face.png
0 0.000000 -0.083375 1.321562 0.000000 -0.870081 -0.492909 0.403816 0.312560 1 2 1.000000
0 -0.009262 -0.081698 1.334525 -0.660610 -0.747856 0.065619 0.360779 0.375119 1 2 1.000000
0 -0.033278 -0.059247 1.309952 -0.514380 -0.739301 -0.434564 0.235578 0.250001 1 2 1.000000
Silica_def_face.png
0 -0.033278 -0.059247 1.309952 -0.514380 -0.739301 -0.434564 0.235578 0.250001 1 2 1.000000
0 -0.006703 -0.054410 1.280301 -0.446073 -0.739068 -0.504774 0.364691 0.058413 1 2 1.000000
0 0.000000 -0.083375 1.321562 0.000000 -0.870081 -0.492909 0.403816 0.312560 1 2 1.000000
Silica_def_face.png
0 0.000000 -0.057442 1.279049 -0.000000 -0.495992 -0.868327 0.403816 0.054503 1 2 1.000000
0 0.000000 -0.083375 1.321562 0.000000 -0.870081 -0.492909 0.403816 0.312560 1 2 1.000000
0 -0.006703 -0.054410 1.280301 -0.446073 -0.739068 -0.504774 0.364691 0.058413 1 2 1.000000
Silica_def_face.png
0 0.013587 -0.076581 1.395629 0.527355 -0.816301 -0.235688 0.478154 0.687916 1 2 1.000000
0 0.013587 -0.076581 1.395629 0.527355 -0.816301 -0.235688 0.478154 0.687916 1 2 1.000000
0 0.025263 -0.080745 1.417854 0.473853 -0.878501 -0.060815 0.536842 0.809125 1 2 1.000000
Silica_def_face.png
0 0.025263 -0.080745 1.417854 0.473853 -0.878501 -0.060815 0.536842 0.809125 1 2 1.000000
0 0.000000 -0.088378 1.398410 0.000000 -0.973600 -0.228260 0.403816 0.699646 1 2 1.000000
0 0.013587 -0.076581 1.395629 0.527355 -0.816301 -0.235688 0.478154 0.687916 1 2 1.000000
Silica_def_face.png
0 0.000000 -0.081366 1.364802 0.000000 -0.996348 -0.085389 0.403816 0.531518 1 2 1.000000
0 0.013587 -0.076581 1.395629 0.527355 -0.816301 -0.235688 0.478154 0.687916 1 2 1.000000
0 0.000000 -0.088378 1.398410 0.000000 -0.973600 -0.228260 0.403816 0.699646 1 2 1.000000
Silica_def_face.png
0 0.000000 -0.088378 1.398410 0.000000 -0.973600 -0.228260 0.403816 0.699646 1 2 1.000000
0 -0.013587 -0.076581 1.395629 -0.527355 -0.816301 -0.235688 0.333391 0.687916 1 2 1.000000
0 0.000000 -0.081366 1.364802 0.000000 -0.996348 -0.085389 0.403816 0.531518 1 2 1.000000
Silica_def_face.png
0 -0.009837 -0.073086 1.346629 -0.581706 -0.793123 0.180481 0.349041 0.437679 1 2 1.000000
0 0.000000 -0.081366 1.364802 0.000000 -0.996348 -0.085389 0.403816 0.531518 1 2 1.000000
0 -0.013587 -0.076581 1.395629 -0.527355 -0.816301 -0.235688 0.333391 0.687916 1 2 1.000000
Silica_def_face.png
0 0.009837 -0.073086 1.346629 0.581706 -0.793123 0.180481 0.462504 0.437679 1 2 1.000000
0 0.000000 -0.082619 1.350381 0.000000 -0.955265 0.295750 0.403816 0.457229 1 2 1.000000
0 0.000000 -0.086290 1.343930 -0.000000 -0.742123 0.670264 0.403816 0.414219 1 2 1.000000
Silica_def_face.png
0 0.000000 -0.086290 1.343930 -0.000000 -0.742123 0.670264 0.403816 0.414219 1 2 1.000000
0 0.009262 -0.081698 1.334525 0.660610 -0.747856 0.065619 0.450767 0.375119 1 2 1.000000
0 0.009837 -0.073086 1.346629 0.581706 -0.793123 0.180481 0.462504 0.437679 1 2 1.000000
Silica_def_face.png
0 0.043897 -0.059148 1.337842 0.582497 -0.811002 0.054518 0.642480 0.382939 1 2 1.000000
0 0.009837 -0.073086 1.346629 0.581706 -0.793123 0.180481 0.462504 0.437679 1 2 1.000000
0 0.009262 -0.081698 1.334525 0.660610 -0.747856 0.065619 0.450767 0.375119 1 2 1.000000
Silica_def_face.png
0 0.009262 -0.081698 1.334525 0.660610 -0.747856 0.065619 0.450767 0.375119 1 2 1.000000
0 0.038607 -0.061184 1.322623 0.573470 -0.787428 -0.226030 0.611180 0.312560 1 2 1.000000
0 0.043897 -0.059148 1.337842 0.582497 -0.811002 0.054518 0.642480 0.382939 1 2 1.000000
Silica_def_face.png
0 0.098826 0.019231 1.381479 0.566921 -0.371199 0.735399 0.020389 0.105332 1 2 1.000000
0 0.077139 0.005408 1.375932 0.175788 -0.591557 0.786867 0.055602 0.023223 1 2 1.000000
0 0.063298 0.002429 1.326680 0.574169 -0.809274 -0.124120 0.337303 0.027133 1 2 1.000000
Silica_def_face.png
0 0.063298 0.002429 1.326680 0.574169 -0.809274 -0.124120 0.337303 0.027133 1 2 1.000000
0 0.098342 0.023642 1.354960 0.924666 0.377990 0.045996 0.149502 0.183531 1 2 1.000000
0 0.098826 0.019231 1.381479 0.566921 -0.371199 0.735399 0.020389 0.105332 1 2 1.000000
Silica_def_face.png
0 0.077668 0.017546 1.373027 -0.307946 0.714267 0.628484 0.098640 0.085782 1 2 1.000000
0 0.098826 0.019231 1.381479 0.566921 -0.371199 0.735399 0.020389 0.105332 1 2 1.000000
0 0.098342 0.023642 1.354960 0.924666 0.377990 0.045996 0.149502 0.183531 1 2 1.000000
Silica_def_face.png
0 -0.098826 0.019231 1.381479 -0.566921 -0.371199 0.735399 0.020389 0.105332 1 2 1.000000
0 -0.063298 0.002429 1.326680 -0.574169 -0.809274 -0.124120 0.337303 0.027133 1 2 1.000000
0 -0.077139 0.005408 1.375932 -0.175788 -0.591557 0.786867 0.055602 0.023223 1 2 1.000000
Silica_def_face.png
0 -0.077139 0.005408 1.375932 -0.175788 -0.591557 0.786867 0.055602 0.023223 1 2 1.000000
0 -0.077668 0.017546 1.373027 0.307946 0.714267 0.628484 0.098640 0.085782 1 2 1.000000
0 -0.098826 0.019231 1.381479 -0.566921 -0.371199 0.735399 0.020389 0.105332 1 2 1.000000
Silica_def_face.png
0 -0.098342 0.023642 1.354960 -0.924666 0.377990 0.045996 0.149502 0.183531 1 2 1.000000
0 -0.098826 0.019231 1.381479 -0.566921 -0.371199 0.735399 0.020389 0.105332 1 2 1.000000
0 -0.077668 0.017546 1.373027 0.307946 0.714267 0.628484 0.098640 0.085782 1 2 1.000000
Silica_def_face.png
0 -0.025263 -0.080745 1.417854 -0.473853 -0.878502 -0.060815 0.274703 0.809125 1 2 1.000000
0 0.000000 -0.081169 1.476658 0.000000 -0.985277 0.170968 0.403816 0.992893 1 2 1.000000
0 -0.055998 -0.050468 1.474185 -0.532410 -0.831870 0.156626 0.094727 0.965523 1 2 1.000000
Silica_def_face.png
0 -0.055998 -0.050468 1.474185 -0.532410 -0.831870 0.156626 0.094727 0.965523 1 2 1.000000
0 -0.071007 -0.047850 1.415372 -0.584753 -0.810365 0.037061 0.032127 0.797395 1 2 1.000000
0 -0.025263 -0.080745 1.417854 -0.473853 -0.878502 -0.060815 0.274703 0.809125 1 2 1.000000
Silica_def_face.png
0 -0.073059 -0.045534 1.397928 -0.494573 -0.854286 -0.159980 0.020389 0.699646 1 2 1.000000
0 -0.025263 -0.080745 1.417854 -0.473853 -0.878502 -0.060815 0.274703 0.809125 1 2 1.000000
0 -0.071007 -0.047850 1.415372 -0.584753 -0.810365 0.037061 0.032127 0.797395 1 2 1.000000
Silica_def_face.png
0 -0.048904 -0.011779 1.305053 -0.676617 0.057363 -0.734097 0.920269 0.261731 1 2 1.000000
0 -0.057117 -0.042744 1.315973 -0.861832 0.050615 -0.504662 0.705081 0.273460 1 2 1.000000
0 -0.062138 -0.042270 1.329396 -0.928435 0.009944 -0.371362 0.732468 0.336020 1 2 1.000000
Silica_def_face.png
0 -0.062138 -0.042270 1.329396 -0.928435 0.009944 -0.371362 0.732468 0.336020 1 2 1.000000
0 -0.063298 0.002429 1.326680 -0.889679 0.200165 -0.410373 0.955482 0.343840 1 2 1.000000
0 -0.048904 -0.011779 1.305053 -0.676617 0.057363 -0.734097 0.920269 0.261731 1 2 1.000000
Silica_def_face.png
0 0.009837 -0.073086 1.346629 0.581706 -0.793123 0.180481 0.462504 0.437679 1 2 1.000000
0 0.043897 -0.059148 1.337842 0.582497 -0.811002 0.054518 0.642480 0.382939 1 2 1.000000
0 0.066204 -0.042755 1.347484 0.813803 -0.578361 -0.056770 0.755943 0.437679 1 2 1.000000
Silica_def_face.png
0 0.066204 -0.042755 1.347484 0.813803 -0.578361 -0.056770 0.755943 0.437679 1 2 1.000000
0 0.073059 -0.045534 1.397928 0.796740 -0.585842 -0.148305 0.791156 0.699646 1 2 1.000000
0 0.009837 -0.073086 1.346629 0.581706 -0.793123 0.180481 0.462504 0.437679 1 2 1.000000
Silica_def_face.png
0 0.048904 -0.011779 1.305053 0.676608 0.057378 -0.734104 0.920269 0.261731 1 2 1.000000
0 0.047588 -0.042716 1.304572 0.643737 -0.356461 -0.677154 0.654218 0.206991 1 2 1.000000
0 0.029726 -0.048177 1.293623 0.556147 -0.289874 -0.778892 0.583792 0.140522 1 2 1.000000
Silica_def_face.png
0 0.029726 -0.048177 1.293623 0.556147 -0.289874 -0.778892 0.583792 0.140522 1 2 1.000000
0 0.030413 -0.024419 1.293352 0.407323 0.113512 -0.906203 0.783331 0.136612 1 2 1.000000
0 0.048904 -0.011779 1.305053 0.676608 0.057378 -0.734104 0.920269 0.261731 1 2 1.000000
Silica_def_face.png
0 -0.029726 -0.048177 1.293623 -0.517855 -0.651550 -0.554354 0.227753 0.140522 1 2 1.000000
0 -0.006703 -0.054410 1.280301 -0.446073 -0.739068 -0.504774 0.364691 0.058413 1 2 1.000000
0 -0.033278 -0.059247 1.309952 -0.514380 -0.739301 -0.434564 0.235578 0.250001 1 2 1.000000
Silica_def_face.png
0 0.063298 0.002429 1.326680 0.889673 0.200182 -0.410378 0.955482 0.343840 1 2 1.000000
0 0.077668 0.017546 1.373027 0.311929 0.870520 -0.380652 0.990695 0.316470 1 2 1.000000
0 0.098342 0.023642 1.354960 -0.409366 0.897195 -0.165713 0.994607 0.492418 1 2 1.000000
Silica_def_face.png
0 0.077668 0.017546 1.373027 -0.307946 0.714267 0.628484 0.098640 0.085782 1 2 1.000000
0 0.077139 0.005408 1.375932 0.175788 -0.591557 0.786867 0.055602 0.023223 1 2 1.000000
0 0.098826 0.019231 1.381479 0.566921 -0.371199 0.735399 0.020389 0.105332 1 2 1.000000
Silica_def_face.png
0 0.075608 -0.008834 1.458152 0.955702 0.286510 0.067424 0.814631 0.942064 1 2 1.000000
0 0.077139 0.005408 1.375932 0.955702 0.286510 0.067424 0.842019 0.856044 1 2 1.000000
0 0.058487 0.060473 1.406323 0.955702 0.286510 0.067424 0.912444 0.891234 1 2 1.000000
Silica_def_face.png
0 0.077139 0.005408 1.375932 0.898516 0.064745 0.434140 0.853756 0.852134 1 2 1.000000
0 0.077668 0.017546 1.373027 0.933303 0.347831 0.089211 0.877232 0.832585 1 2 1.000000
0 0.058487 0.060473 1.406323 0.933303 0.347831 0.089211 0.939832 0.895144 1 2 1.000000
Silica_def_face.png
0 -0.098342 0.023642 1.354960 0.409366 0.897195 -0.165713 0.994607 0.492418 1 2 1.000000
0 -0.077668 0.017546 1.373027 -0.311955 0.870509 -0.380656 0.990695 0.316470 1 2 1.000000
0 -0.063298 0.002429 1.326680 -0.889679 0.200165 -0.410373 0.955482 0.343840 1 2 1.000000
Silica_def_face.png
0 -0.098342 0.023642 1.354960 -0.924666 0.377990 0.045996 0.149502 0.183531 1 2 1.000000
0 -0.063298 0.002429 1.326680 -0.574169 -0.809274 -0.124120 0.337303 0.027133 1 2 1.000000
0 -0.098826 0.019231 1.381479 -0.566921 -0.371199 0.735399 0.020389 0.105332 1 2 1.000000
Silica_def_face.png
0 -0.058487 0.060473 1.406323 -0.955702 0.286510 0.067424 0.912444 0.891234 1 2 1.000000
0 -0.077139 0.005408 1.375932 -0.955702 0.286510 0.067424 0.842019 0.856044 1 2 1.000000
0 -0.075608 -0.008834 1.458152 -0.955702 0.286510 0.067424 0.814631 0.942064 1 2 1.000000
Silica_def_face.png
0 -0.058487 0.060473 1.406323 -0.933305 0.347822 0.089223 0.939832 0.895144 1 2 1.000000
0 -0.077668 0.017546 1.373027 -0.933305 0.347822 0.089223 0.877232 0.832585 1 2 1.000000
0 -0.077139 0.005408 1.375932 -0.898516 0.064745 0.434140 0.853756 0.852134 1 2 1.000000
Silica_def_face.png
0 0.000000 -0.081169 1.476658 0.000000 -0.985277 0.170968 0.403816 0.992893 1 2 1.000000
0 -0.025263 -0.080745 1.417854 -0.473853 -0.878502 -0.060815 0.274703 0.809125 1 2 1.000000
0 0.000000 -0.088234 1.417940 0.000000 -0.997980 0.063530 0.403816 0.816945 1 2 1.000000
Silica_def_face.png
0 0.000000 -0.097440 1.338772 0.000000 -0.981473 0.191598 0.403816 0.390759 1 2 1.000000
0 0.009262 -0.081698 1.334525 0.660610 -0.747856 0.065619 0.450767 0.375119 1 2 1.000000
0 0.000000 -0.086290 1.343930 -0.000000 -0.742123 0.670264 0.403816 0.414219 1 2 1.000000
Silica_def_face.png
0 0.039120 0.038021 1.304971 0.709069 0.202530 -0.675428 0.986782 0.160072 2 2 0.710000 1 0.290000
0 0.077668 0.017546 1.373027 0.311929 0.870520 -0.380652 0.990695 0.316470 1 2 1.000000
0 0.063298 0.002429 1.326680 0.889673 0.200182 -0.410378 0.955482 0.343840 1 2 1.000000
Silica_def_face.png
0 0.063298 0.002429 1.326680 0.889673 0.200182 -0.410378 0.955482 0.343840 1 2 1.000000
0 0.048904 -0.011779 1.305053 0.676608 0.057378 -0.734104 0.920269 0.261731 1 2 1.000000
0 0.039120 0.038021 1.304971 0.709069 0.202530 -0.675428 0.986782 0.160072 2 2 0.710000 1 0.290000
Silica_def_face.png
0 0.026698 -0.002793 1.296592 0.365323 0.156678 -0.917601 0.885057 0.062323 2 2 0.710000 1 0.290000
0 0.039120 0.038021 1.304971 0.709069 0.202530 -0.675428 0.986782 0.160072 2 2 0.710000 1 0.290000
0 0.048904 -0.011779 1.305053 0.676608 0.057378 -0.734104 0.920269 0.261731 1 2 1.000000
Silica_def_face.png
0 0.048904 -0.011779 1.305053 0.676608 0.057378 -0.734104 0.920269 0.261731 1 2 1.000000
0 0.030413 -0.024419 1.293352 0.407323 0.113512 -0.906203 0.783331 0.136612 1 2 1.000000
0 0.026698 -0.002793 1.296592 0.365323 0.156678 -0.917601 0.885057 0.062323 2 2 0.710000 1 0.290000
Silica_def_face.png
0 -0.000002 -0.022266 1.284327 -0.000018 0.210432 -0.977608 0.701168 0.007583 2 2 0.710000 1 0.290000
0 0.026698 -0.002793 1.296592 0.365323 0.156678 -0.917601 0.885057 0.062323 2 2 0.710000 1 0.290000
0 0.030413 -0.024419 1.293352 0.407323 0.113512 -0.906203 0.783331 0.136612 1 2 1.000000
Silica_def_face.png
0 0.030413 -0.024419 1.293352 0.407323 0.113512 -0.906203 0.783331 0.136612 1 2 1.000000
0 0.000000 -0.047926 1.278494 -0.000006 0.095343 -0.995444 0.419466 0.015403 1 2 1.000000
0 -0.000002 -0.022266 1.284327 -0.000018 0.210432 -0.977608 0.701168 0.007583 2 2 0.710000 1 0.290000
Silica_def_face.png
0 -0.030413 -0.024419 1.293352 -0.407339 0.113489 -0.906198 0.783331 0.136612 1 2 1.000000
0 -0.000002 -0.022266 1.284327 -0.000018 0.210432 -0.977608 0.701168 0.007583 2 2 0.710000 1 0.290000
0 0.000000 -0.047926 1.278494 -0.000006 0.095343 -0.995444 0.419466 0.015403 1 2 1.000000
Silica_def_face.png
0 -0.026701 -0.002793 1.296592 -0.365359 0.156643 -0.917592 0.885057 0.062323 2 2 0.710000 1 0.290000
0 -0.000002 -0.022266 1.284327 -0.000018 0.210432 -0.977608 0.701168 0.007583 2 2 0.710000 1 0.290000
0 -0.030413 -0.024419 1.293352 -0.407339 0.113489 -0.906198 0.783331 0.136612 1 2 1.000000
Silica_def_face.png
0 -0.030413 -0.024419 1.293352 -0.407339 0.113489 -0.906198 0.783331 0.136612 1 2 1.000000
0 -0.048904 -0.011779 1.305053 -0.676617 0.057363 -0.734097 0.920269 0.261731 1 2 1.000000
0 -0.026701 -0.002793 1.296592 -0.365359 0.156643 -0.917592 0.885057 0.062323 2 2 0.710000 1 0.290000
Silica_def_face.png
0 -0.039123 0.038021 1.304971 -0.709096 0.202491 -0.675412 0.986782 0.160072 2 2 0.710000 1 0.290000
0 -0.026701 -0.002793 1.296592 -0.365359 0.156643 -0.917592 0.885057 0.062323 2 2 0.710000 1 0.290000
0 -0.048904 -0.011779 1.305053 -0.676617 0.057363 -0.734097 0.920269 0.261731 1 2 1.000000
Silica_def_face.png
0 -0.048904 -0.011779 1.305053 -0.676617 0.057363 -0.734097 0.920269 0.261731 1 2 1.000000
0 -0.063298 0.002429 1.326680 -0.889679 0.200165 -0.410373 0.955482 0.343840 1 2 1.000000
0 -0.039123 0.038021 1.304971 -0.709096 0.202491 -0.675412 0.986782 0.160072 2 2 0.710000 1 0.290000
Silica_def_face.png
0 -0.077668 0.017546 1.373027 -0.311955 0.870509 -0.380656 0.990695 0.316470 1 2 1.000000
0 -0.039123 0.038021 1.304971 -0.709096 0.202491 -0.675412 0.986782 0.160072 2 2 0.710000 1 0.290000
0 -0.063298 0.002429 1.326680 -0.889679 0.200165 -0.410373 0.955482 0.343840 1 2 1.000000
Silica_def_face.png
0 0.077668 0.017546 1.373027 0.933303 0.347831 0.089211 0.877232 0.832585 1 2 1.000000
0 0.039120 0.038021 1.304971 0.781128 0.561238 -0.273590 0.912444 0.719196 2 2 0.710000 1 0.290000
0 0.058487 0.060473 1.406323 0.933303 0.347831 0.089211 0.939832 0.895144 1 2 1.000000
Silica_def_face.png
0 -0.058487 0.060473 1.406323 -0.933305 0.347822 0.089223 0.939832 0.895144 1 2 1.000000
0 -0.039123 0.038021 1.304971 -0.781143 0.561227 -0.273567 0.912444 0.719196 2 2 0.710000 1 0.290000
0 -0.077668 0.017546 1.373027 -0.933305 0.347822 0.089223 0.877232 0.832585 1 2 1.000000
Silica_def_hair.png
0 0.100033 0.068459 1.455877 -0.175621 -0.140927 0.974319 0.838106 0.945974 1 2 1.000000
0 0.074176 0.078694 1.435980 -0.757380 0.469716 0.453589 0.892882 0.996803 1 2 1.000000
0 0.083436 0.059640 1.447818 -0.341334 -0.197398 0.918980 0.865494 0.996803 1 2 1.000000
Silica_def_hair.png
0 0.083436 0.059640 1.447818 -0.341334 -0.197398 0.918980 0.865494 0.996803 1 2 1.000000
0 0.094166 0.041723 1.435457 -0.018951 -0.813875 0.580732 0.900707 0.996803 1 2 1.000000
0 0.100033 0.068459 1.455877 -0.175621 -0.140927 0.974319 0.838106 0.945974 1 2 1.000000
Silica_def_hair.png
0 0.114953 0.043545 1.438689 0.312910 -0.814760 0.488112 0.916357 0.953793 1 2 1.000000
0 0.100033 0.068459 1.455877 -0.175621 -0.140927 0.974319 0.838106 0.945974 1 2 1.000000
0 0.094166 0.041723 1.435457 -0.018951 -0.813875 0.580732 0.900707 0.996803 1 2 1.000000
Silica_def_hair.png
0 0.094166 0.041723 1.435457 -0.018951 -0.813875 0.580732 0.900707 0.996803 1 2 1.000000
0 0.095635 0.042860 1.411260 0.044470 -0.939681 -0.339148 0.963307 0.996803 1 2 1.000000
0 0.114953 0.043545 1.438689 0.312910 -0.814760 0.488112 0.916357 0.953793 1 2 1.000000
Silica_def_hair.png
0 0.116997 0.045126 1.407911 0.358434 -0.781803 -0.510205 0.978957 0.945974 1 2 1.000000
0 0.114953 0.043545 1.438689 0.312910 -0.814760 0.488112 0.916357 0.953793 1 2 1.000000
0 0.095635 0.042860 1.411260 0.044470 -0.939681 -0.339148 0.963307 0.996803 1 2 1.000000
Silica_def_hair.png
0 0.095635 0.042860 1.411260 0.044470 -0.939681 -0.339148 0.963307 0.996803 1 2 1.000000
0 0.086375 0.061914 1.399423 -0.242081 -0.311915 -0.918752 0.978957 0.996803 1 2 1.000000
0 0.116997 0.045126 1.407911 0.358434 -0.781803 -0.510205 0.978957 0.945974 1 2 1.000000
Silica_def_hair.png
0 0.104120 0.071622 1.391452 -0.019743 -0.002328 -0.999802 1.002432 0.949883 1 2 1.000000
0 0.116997 0.045126 1.407911 0.358434 -0.781803 -0.510205 0.978957 0.945974 1 2 1.000000
0 0.086375 0.061914 1.399423 -0.242081 -0.311915 -0.918752 0.978957 0.996803 1 2 1.000000
Silica_def_hair.png
0 0.086375 0.061914 1.399423 -0.242081 -0.311915 -0.918752 0.978957 0.996803 1 2 1.000000
0 0.075645 0.079831 1.411783 -0.665800 0.424799 -0.613398 0.947657 0.996803 1 2 1.000000
0 0.104120 0.071622 1.391452 -0.019743 -0.002328 -0.999802 1.002432 0.949883 1 2 1.000000
Silica_def_hair.png
0 0.089200 0.096536 1.408639 -0.438010 0.795296 -0.419109 0.959395 0.949883 1 2 1.000000
0 0.104120 0.071622 1.391452 -0.019743 -0.002328 -0.999802 1.002432 0.949883 1 2 1.000000
0 0.075645 0.079831 1.411783 -0.665800 0.424799 -0.613398 0.947657 0.996803 1 2 1.000000
Silica_def_hair.png
0 0.075645 0.079831 1.411783 -0.665800 0.424799 -0.613398 0.947657 0.996803 1 2 1.000000
0 0.074176 0.078694 1.435980 -0.757380 0.469716 0.453589 0.892882 0.996803 1 2 1.000000
0 0.089200 0.096536 1.408639 -0.438010 0.795296 -0.419109 0.959395 0.949883 1 2 1.000000
Silica_def_hair.png
0 0.087157 0.094954 1.442285 -0.394769 0.668475 0.630316 0.904619 0.957703 1 2 1.000000
0 0.089200 0.096536 1.408639 -0.438010 0.795296 -0.419109 0.959395 0.949883 1 2 1.000000
0 0.074176 0.078694 1.435980 -0.757380 0.469716 0.453589 0.892882 0.996803 1 2 1.000000
Silica_def_hair.png
0 0.074176 0.078694 1.435980 -0.757380 0.469716 0.453589 0.892882 0.996803 1 2 1.000000
0 0.100033 0.068459 1.455877 -0.175621 -0.140927 0.974319 0.838106 0.945974 1 2 1.000000
0 0.087157 0.094954 1.442285 -0.394769 0.668475 0.630316 0.904619 0.957703 1 2 1.000000
Silica_def_hair.png
0 0.116649 0.077495 1.452181 0.469571 0.213609 0.856665 0.861581 0.902964 1 2 1.000000
0 0.087157 0.094954 1.442285 -0.394769 0.668475 0.630316 0.904619 0.957703 1 2 1.000000
0 0.100033 0.068459 1.455877 -0.175621 -0.140927 0.974319 0.838106 0.945974 1 2 1.000000
Silica_def_hair.png
0 0.100033 0.068459 1.455877 -0.175621 -0.140927 0.974319 0.838106 0.945974 1 2 1.000000
0 0.114953 0.043545 1.438689 0.312910 -0.814760 0.488112 0.916357 0.953793 1 2 1.000000
0 0.116649 0.077495 1.452181 0.469571 0.213609 0.856665 0.861581 0.902964 1 2 1.000000
Silica_def_hair.png
0 0.129307 0.056357 1.437599 0.861862 -0.383620 0.331708 0.924182 0.895144 1 2 1.000000
0 0.116649 0.077495 1.452181 0.469571 0.213609 0.856665 0.861581 0.902964 1 2 1.000000
0 0.114953 0.043545 1.438689 0.312910 -0.814760 0.488112 0.916357 0.953793 1 2 1.000000
Silica_def_hair.png
0 0.114953 0.043545 1.438689 0.312910 -0.814760 0.488112 0.916357 0.953793 1 2 1.000000
0 0.116997 0.045126 1.407911 0.358434 -0.781803 -0.510205 0.978957 0.945974 1 2 1.000000
0 0.129307 0.056357 1.437599 0.861862 -0.383620 0.331708 0.924182 0.895144 1 2 1.000000
Silica_def_hair.png
0 0.131041 0.057699 1.411920 0.861197 -0.238062 -0.449073 0.971132 0.899054 1 2 1.000000
0 0.129307 0.056357 1.437599 0.861862 -0.383620 0.331708 0.924182 0.895144 1 2 1.000000
0 0.116997 0.045126 1.407911 0.358434 -0.781803 -0.510205 0.978957 0.945974 1 2 1.000000
Silica_def_hair.png
0 0.116997 0.045126 1.407911 0.358434 -0.781803 -0.510205 0.978957 0.945974 1 2 1.000000
0 0.104120 0.071622 1.391452 -0.019743 -0.002328 -0.999802 1.002432 0.949883 1 2 1.000000
0 0.131041 0.057699 1.411920 0.861197 -0.238062 -0.449073 0.971132 0.899054 1 2 1.000000
Silica_def_hair.png
0 0.120116 0.080178 1.397956 0.543050 0.430555 -0.720915 0.990695 0.902964 1 2 1.000000
0 0.131041 0.057699 1.411920 0.861197 -0.238062 -0.449073 0.971132 0.899054 1 2 1.000000
0 0.104120 0.071622 1.391452 -0.019743 -0.002328 -0.999802 1.002432 0.949883 1 2 1.000000
Silica_def_hair.png
0 0.104120 0.071622 1.391452 -0.019743 -0.002328 -0.999802 1.002432 0.949883 1 2 1.000000
0 0.089200 0.096536 1.408639 -0.438010 0.795296 -0.419109 0.959395 0.949883 1 2 1.000000
0 0.120116 0.080178 1.397956 0.543050 0.430555 -0.720915 0.990695 0.902964 1 2 1.000000
Silica_def_hair.png
0 0.107458 0.101316 1.412538 0.374172 0.883803 -0.280871 0.955482 0.899054 1 2 1.000000
0 0.120116 0.080178 1.397956 0.543050 0.430555 -0.720915 0.990695 0.902964 1 2 1.000000
0 0.089200 0.096536 1.408639 -0.438010 0.795296 -0.419109 0.959395 0.949883 1 2 1.000000
Silica_def_hair.png
0 0.089200 0.096536 1.408639 -0.438010 0.795296 -0.419109 0.959395 0.949883 1 2 1.000000
0 0.105724 0.099974 1.438217 0.222403 0.916073 0.333687 0.912444 0.899054 1 2 1.000000
0 0.107458 0.101316 1.412538 0.374172 0.883803 -0.280871 0.955482 0.899054 1 2 1.000000
Silica_def_hair.png
0 0.129081 0.079112 1.427165 0.892504 0.441778 0.090927 0.928094 0.875594 1 2 1.000000
0 0.107458 0.101316 1.412538 0.374172 0.883803 -0.280871 0.955482 0.899054 1 2 1.000000
0 0.105724 0.099974 1.438217 0.222403 0.916073 0.333687 0.912444 0.899054 1 2 1.000000
Silica_def_hair.png
0 0.105724 0.099974 1.438217 0.222403 0.916073 0.333687 0.912444 0.899054 1 2 1.000000
0 0.116649 0.077495 1.452181 0.469571 0.213609 0.856665 0.861581 0.902964 1 2 1.000000
0 0.129081 0.079112 1.427165 0.892504 0.441778 0.090927 0.928094 0.875594 1 2 1.000000
Silica_def_hair.png
0 0.129307 0.056357 1.437599 0.861862 -0.383620 0.331708 0.924182 0.895144 1 2 1.000000
0 0.129081 0.079112 1.427165 0.892504 0.441778 0.090927 0.928094 0.875594 1 2 1.000000
0 0.116649 0.077495 1.452181 0.469571 0.213609 0.856665 0.861581 0.902964 1 2 1.000000
Silica_def_hair.png
0 -0.129081 0.079112 1.427165 -0.892504 0.441778 0.090927 0.928094 0.875594 1 2 1.000000
0 -0.129307 0.056357 1.437599 -0.861866 -0.383612 0.331706 0.924182 0.895144 1 2 1.000000
0 -0.116649 0.077495 1.452181 -0.469574 0.213616 0.856661 0.861581 0.902964 1 2 1.000000
Silica_def_hair.png
0 -0.116649 0.077495 1.452181 -0.469574 0.213616 0.856661 0.861581 0.902964 1 2 1.000000
0 -0.105724 0.099974 1.438217 -0.222391 0.916078 0.333682 0.912444 0.899054 1 2 1.000000
0 -0.129081 0.079112 1.427165 -0.892504 0.441778 0.090927 0.928094 0.875594 1 2 1.000000
Silica_def_hair.png
0 -0.107458 0.101316 1.412538 -0.374154 0.883808 -0.280878 0.955482 0.899054 1 2 1.000000
0 -0.129081 0.079112 1.427165 -0.892504 0.441778 0.090927 0.928094 0.875594 1 2 1.000000
0 -0.105724 0.099974 1.438217 -0.222391 0.916078 0.333682 0.912444 0.899054 1 2 1.000000
Silica_def_hair.png
0 -0.105724 0.099974 1.438217 -0.222391 0.916078 0.333682 0.912444 0.899054 1 2 1.000000
0 -0.089200 0.096535 1.408639 0.438022 0.795288 -0.419111 0.959395 0.949883 1 2 1.000000
0 -0.107458 0.101316 1.412538 -0.374154 0.883808 -0.280878 0.955482 0.899054 1 2 1.000000
Silica_def_hair.png
0 -0.120116 0.080178 1.397956 -0.543044 0.430557 -0.720919 0.990695 0.902964 1 2 1.000000
0 -0.107458 0.101316 1.412538 -0.374154 0.883808 -0.280878 0.955482 0.899054 1 2 1.000000
0 -0.089200 0.096535 1.408639 0.438022 0.795288 -0.419111 0.959395 0.949883 1 2 1.000000
Silica_def_hair.png
0 -0.089200 0.096535 1.408639 0.438022 0.795288 -0.419111 0.959395 0.949883 1 2 1.000000
0 -0.104120 0.071622 1.391452 0.019753 -0.002322 -0.999802 1.002432 0.949883 1 2 1.000000
0 -0.120116 0.080178 1.397956 -0.543044 0.430557 -0.720919 0.990695 0.902964 1 2 1.000000
Silica_def_hair.png
0 -0.131041 0.057699 1.411920 -0.861197 -0.238062 -0.449073 0.971132 0.899054 1 2 1.000000
0 -0.120116 0.080178 1.397956 -0.543044 0.430557 -0.720919 0.990695 0.902964 1 2 1.000000
0 -0.104120 0.071622 1.391452 0.019753 -0.002322 -0.999802 1.002432 0.949883 1 2 1.000000
Silica_def_hair.png
0 -0.104120 0.071622 1.391452 0.019753 -0.002322 -0.999802 1.002432 0.949883 1 2 1.000000
0 -0.116997 0.045126 1.407911 -0.358434 -0.781803 -0.510204 0.978957 0.945974 1 2 1.000000
0 -0.131041 0.057699 1.411920 -0.861197 -0.238062 -0.449073 0.971132 0.899054 1 2 1.000000
Silica_def_hair.png
0 -0.129307 0.056357 1.437599 -0.861866 -0.383612 0.331706 0.924182 0.895144 1 2 1.000000
0 -0.131041 0.057699 1.411920 -0.861197 -0.238062 -0.449073 0.971132 0.899054 1 2 1.000000
0 -0.116997 0.045126 1.407911 -0.358434 -0.781803 -0.510204 0.978957 0.945974 1 2 1.000000
Silica_def_hair.png
0 -0.116997 0.045126 1.407911 -0.358434 -0.781803 -0.510204 0.978957 0.945974 1 2 1.000000
0 -0.114953 0.043545 1.438690 -0.312911 -0.814756 0.488119 0.916357 0.953793 1 2 1.000000
0 -0.129307 0.056357 1.437599 -0.861866 -0.383612 0.331706 0.924182 0.895144 1 2 1.000000
Silica_def_hair.png
0 -0.116649 0.077495 1.452181 -0.469574 0.213616 0.856661 0.861581 0.902964 1 2 1.000000
0 -0.129307 0.056357 1.437599 -0.861866 -0.383612 0.331706 0.924182 0.895144 1 2 1.000000
0 -0.114953 0.043545 1.438690 -0.312911 -0.814756 0.488119 0.916357 0.953793 1 2 1.000000
Silica_def_hair.png
0 -0.114953 0.043545 1.438690 -0.312911 -0.814756 0.488119 0.916357 0.953793 1 2 1.000000
0 -0.100033 0.068459 1.455877 0.175620 -0.140921 0.974320 0.838106 0.945974 1 2 1.000000
0 -0.116649 0.077495 1.452181 -0.469574 0.213616 0.856661 0.861581 0.902964 1 2 1.000000
Silica_def_hair.png
0 -0.087157 0.094954 1.442285 0.394764 0.668484 0.630310 0.904619 0.957703 1 2 1.000000
0 -0.116649 0.077495 1.452181 -0.469574 0.213616 0.856661 0.861581 0.902964 1 2 1.000000
0 -0.100033 0.068459 1.455877 0.175620 -0.140921 0.974320 0.838106 0.945974 1 2 1.000000
Silica_def_hair.png
0 -0.100033 0.068459 1.455877 0.175620 -0.140921 0.974320 0.838106 0.945974 1 2 1.000000
0 -0.074176 0.078694 1.435981 0.757369 0.469725 0.453597 0.892882 0.996803 1 2 1.000000
0 -0.087157 0.094954 1.442285 0.394764 0.668484 0.630310 0.904619 0.957703 1 2 1.000000
Silica_def_hair.png
0 -0.089200 0.096535 1.408639 0.438022 0.795288 -0.419111 0.959395 0.949883 1 2 1.000000
0 -0.087157 0.094954 1.442285 0.394764 0.668484 0.630310 0.904619 0.957703 1 2 1.000000
0 -0.074176 0.078694 1.435981 0.757369 0.469725 0.453597 0.892882 0.996803 1 2 1.000000
Silica_def_hair.png
0 -0.074176 0.078694 1.435981 0.757369 0.469725 0.453597 0.892882 0.996803 1 2 1.000000
0 -0.075645 0.079831 1.411784 0.665804 0.424812 -0.613384 0.947657 0.996803 1 2 1.000000
0 -0.089200 0.096535 1.408639 0.438022 0.795288 -0.419111 0.959395 0.949883 1 2 1.000000
Silica_def_hair.png
0 -0.104120 0.071622 1.391452 0.019753 -0.002322 -0.999802 1.002432 0.949883 1 2 1.000000
0 -0.089200 0.096535 1.408639 0.438022 0.795288 -0.419111 0.959395 0.949883 1 2 1.000000
0 -0.075645 0.079831 1.411784 0.665804 0.424812 -0.613384 0.947657 0.996803 1 2 1.000000
Silica_def_hair.png
0 -0.075645 0.079831 1.411784 0.665804 0.424812 -0.613384 0.947657 0.996803 1 2 1.000000
0 -0.086375 0.061914 1.399423 0.242087 -0.311906 -0.918754 0.978957 0.996803 1 2 1.000000
0 -0.104120 0.071622 1.391452 0.019753 -0.002322 -0.999802 1.002432 0.949883 1 2 1.000000
Silica_def_hair.png
0 -0.116997 0.045126 1.407911 -0.358434 -0.781803 -0.510204 0.978957 0.945974 1 2 1.000000
0 -0.104120 0.071622 1.391452 0.019753 -0.002322 -0.999802 1.002432 0.949883 1 2 1.000000
0 -0.086375 0.061914 1.399423 0.242087 -0.311906 -0.918754 0.978957 0.996803 1 2 1.000000
Silica_def_hair.png
0 -0.086375 0.061914 1.399423 0.242087 -0.311906 -0.918754 0.978957 0.996803 1 2 1.000000
0 -0.095635 0.042860 1.411260 -0.044469 -0.939682 -0.339146 0.963307 0.996803 1 2 1.000000
0 -0.116997 0.045126 1.407911 -0.358434 -0.781803 -0.510204 0.978957 0.945974 1 2 1.000000
Silica_def_hair.png
0 -0.114953 0.043545 1.438690 -0.312911 -0.814756 0.488119 0.916357 0.953793 1 2 1.000000
0 -0.116997 0.045126 1.407911 -0.358434 -0.781803 -0.510204 0.978957 0.945974 1 2 1.000000
0 -0.095635 0.042860 1.411260 -0.044469 -0.939682 -0.339146 0.963307 0.996803 1 2 1.000000
Silica_def_hair.png
0 -0.095635 0.042860 1.411260 -0.044469 -0.939682 -0.339146 0.963307 0.996803 1 2 1.000000
0 -0.094165 0.041723 1.435457 0.018965 -0.813872 0.580735 0.900707 0.996803 1 2 1.000000
0 -0.114953 0.043545 1.438690 -0.312911 -0.814756 0.488119 0.916357 0.953793 1 2 1.000000
Silica_def_hair.png
0 -0.100033 0.068459 1.455877 0.175620 -0.140921 0.974320 0.838106 0.945974 1 2 1.000000
0 -0.114953 0.043545 1.438690 -0.312911 -0.814756 0.488119 0.916357 0.953793 1 2 1.000000
0 -0.094165 0.041723 1.435457 0.018965 -0.813872 0.580735 0.900707 0.996803 1 2 1.000000
Silica_def_hair.png
0 -0.094165 0.041723 1.435457 0.018965 -0.813872 0.580735 0.900707 0.996803 1 2 1.000000
0 -0.083436 0.059640 1.447818 0.341326 -0.197413 0.918980 0.865494 0.996803 1 2 1.000000
0 -0.100033 0.068459 1.455877 0.175620 -0.140921 0.974320 0.838106 0.945974 1 2 1.000000
Silica_def_hair.png
0 -0.074176 0.078694 1.435981 0.757369 0.469725 0.453597 0.892882 0.996803 1 2 1.000000
0 -0.100033 0.068459 1.455877 0.175620 -0.140921 0.974320 0.838106 0.945974 1 2 1.000000
0 -0.083436 0.059640 1.447818 0.341326 -0.197413 0.918980 0.865494 0.996803 1 2 1.000000
Silica_def_hair.png
0 -0.101429 0.032664 1.388888 -0.913575 -0.073385 -0.399995 0.595530 0.347750 1 2 1.000000
0 -0.074175 0.044048 1.347717 -0.791192 0.241004 -0.562079 0.771593 0.265641 1 2 1.000000
0 -0.077139 0.005408 1.375932 -0.736046 -0.372324 -0.565343 0.677693 0.402489 1 2 1.000000
Silica_def_hair.png
0 -0.077139 0.005408 1.375932 -0.736046 -0.372324 -0.565343 0.677693 0.402489 1 2 1.000000
0 -0.102052 0.009187 1.406499 -0.993116 0.002326 -0.117111 0.517280 0.394669 1 2 1.000000
0 -0.101429 0.032664 1.388888 -0.913575 -0.073385 -0.399995 0.595530 0.347750 1 2 1.000000
Silica_def_hair.png
0 -0.095162 0.063083 1.402371 -0.906803 0.392755 -0.153142 0.532930 0.281280 1 2 1.000000
0 -0.101429 0.032664 1.388888 -0.913575 -0.073385 -0.399995 0.595530 0.347750 1 2 1.000000
0 -0.102052 0.009187 1.406499 -0.993116 0.002326 -0.117111 0.517280 0.394669 1 2 1.000000
Silica_def_hair.png
0 -0.102052 0.009187 1.406499 -0.993116 0.002326 -0.117111 0.517280 0.394669 1 2 1.000000
0 -0.096320 0.057566 1.453042 -0.896428 0.333694 0.291658 0.306003 0.289100 1 2 1.000000
0 -0.095162 0.063083 1.402371 -0.906803 0.392755 -0.153142 0.532930 0.281280 1 2 1.000000
Silica_def_hair.png
0 -0.060394 0.107836 1.411528 -0.575565 0.794200 -0.194861 0.493804 0.160072 1 2 1.000000
0 -0.095162 0.063083 1.402371 -0.906803 0.392755 -0.153142 0.532930 0.281280 1 2 1.000000
0 -0.096320 0.057566 1.453042 -0.896428 0.333694 0.291658 0.306003 0.289100 1 2 1.000000
Silica_def_hair.png
0 -0.096320 0.057566 1.453042 -0.896428 0.333694 0.291658 0.306003 0.289100 1 2 1.000000
0 -0.051122 0.104577 1.460707 -0.452440 0.807308 0.378882 0.317741 0.148342 1 2 1.000000
0 -0.060394 0.107836 1.411528 -0.575565 0.794200 -0.194861 0.493804 0.160072 1 2 1.000000
Silica_def_hair.png
0 0.000000 0.123134 1.409931 0.000000 0.999522 -0.030918 0.501629 -0.000237 1 2 1.000000
0 -0.060394 0.107836 1.411528 -0.575565 0.794200 -0.194861 0.493804 0.160072 1 2 1.000000
0 -0.051122 0.104577 1.460707 -0.452440 0.807308 0.378882 0.317741 0.148342 1 2 1.000000
Silica_def_hair.png
0 -0.051122 0.104577 1.460707 -0.452440 0.807308 0.378882 0.317741 0.148342 1 2 1.000000
0 0.000000 0.117372 1.459831 0.000000 0.955810 0.293983 0.321653 -0.000237 1 2 1.000000
0 0.000000 0.123134 1.409931 0.000000 0.999522 -0.030918 0.501629 -0.000237 1 2 1.000000
Silica_def_hair.png
0 0.051122 0.104577 1.460707 0.452382 0.807337 0.378891 0.317741 0.148342 1 2 1.000000
0 0.000000 0.123134 1.409931 0.000000 0.999522 -0.030918 0.501629 -0.000237 1 2 1.000000
0 0.000000 0.117372 1.459831 0.000000 0.955810 0.293983 0.321653 -0.000237 1 2 1.000000
Silica_def_hair.png
0 0.000000 0.117372 1.459831 0.000000 0.955810 0.293983 0.321653 -0.000237 1 2 1.000000
0 0.000000 0.096056 1.500725 0.000000 0.781714 0.623637 0.153415 -0.000237 1 2 1.000000
0 0.051122 0.104577 1.460707 0.452382 0.807337 0.378891 0.317741 0.148342 1 2 1.000000
Silica_def_hair.png
0 0.028971 0.084747 1.505156 0.354960 0.571934 0.739524 0.133852 0.117062 1 2 1.000000
0 0.051122 0.104577 1.460707 0.452382 0.807337 0.378891 0.317741 0.148342 1 2 1.000000
0 0.000000 0.096056 1.500725 0.000000 0.781714 0.623637 0.153415 -0.000237 1 2 1.000000
Silica_def_hair.png
0 0.000000 0.096056 1.500725 0.000000 0.781714 0.623637 0.153415 -0.000237 1 2 1.000000
0 0.000000 0.059853 1.524002 0.000000 0.311207 0.950342 0.047777 -0.000237 1 2 1.000000
0 0.028971 0.084747 1.505156 0.354960 0.571934 0.739524 0.133852 0.117062 1 2 1.000000
Silica_def_hair.png
0 0.052929 0.048298 1.508209 0.519650 0.288556 0.804177 0.098640 0.261731 1 2 1.000000
0 0.028971 0.084747 1.505156 0.354960 0.571934 0.739524 0.133852 0.117062 1 2 1.000000
0 0.000000 0.059853 1.524002 0.000000 0.311207 0.950342 0.047777 -0.000237 1 2 1.000000
Silica_def_hair.png
0 0.000000 0.059853 1.524002 0.000000 0.311207 0.950342 0.047777 -0.000237 1 2 1.000000
0 0.000000 0.012074 1.526436 0.000139 0.006039 0.999982 0.004739 0.300830 1 2 1.000000
0 0.052929 0.048298 1.508209 0.519650 0.288556 0.804177 0.098640 0.261731 1 2 1.000000
Silica_def_hair.png
0 0.065754 0.002364 1.508559 0.604345 0.015494 0.796572 0.098640 0.410309 1 2 1.000000
0 0.052929 0.048298 1.508209 0.519650 0.288556 0.804177 0.098640 0.261731 1 2 1.000000
0 0.000000 0.012074 1.526436 0.000139 0.006039 0.999982 0.004739 0.300830 1 2 1.000000
Silica_def_hair.png
0 0.000000 0.012074 1.526436 0.000139 0.006039 0.999982 0.004739 0.300830 1 2 1.000000
0 0.056431 -0.020141 1.509222 0.429157 -0.075525 0.900067 0.094727 0.508058 1 2 1.000000
0 0.065754 0.002364 1.508559 0.604345 0.015494 0.796572 0.098640 0.410309 1 2 1.000000
Silica_def_hair.png
0 0.097880 -0.001665 1.465601 0.880014 -0.029201 0.474049 0.251228 0.425949 1 2 1.000000
0 0.065754 0.002364 1.508559 0.604345 0.015494 0.796572 0.098640 0.410309 1 2 1.000000
0 0.056431 -0.020141 1.509222 0.429157 -0.075525 0.900067 0.094727 0.508058 1 2 1.000000
Silica_def_hair.png
0 0.017431 -0.109873 1.422235 0.499430 -0.866142 -0.019177 0.392079 0.691826 1 2 1.000000
0 0.018774 -0.091594 1.385143 0.747993 -0.575655 -0.330345 0.427291 0.554978 1 2 1.000000
0 0.028877 -0.092779 1.408499 0.750216 -0.638960 -0.170021 0.466417 0.691826 1 2 1.000000
Silica_def_hair.png
0 0.028877 -0.092779 1.408499 0.750216 -0.638960 -0.170021 0.466417 0.691826 1 2 1.000000
0 0.038842 -0.079452 1.446175 0.576011 -0.812527 0.089498 0.505542 0.816945 1 2 1.000000
0 0.017431 -0.109873 1.422235 0.499430 -0.866142 -0.019177 0.392079 0.691826 1 2 1.000000
Silica_def_hair.png
0 0.020701 -0.103412 1.450394 0.458582 -0.840409 0.288816 0.403816 0.809125 1 2 1.000000
0 0.017431 -0.109873 1.422235 0.499430 -0.866142 -0.019177 0.392079 0.691826 1 2 1.000000
0 0.038842 -0.079452 1.446175 0.576011 -0.812527 0.089498 0.505542 0.816945 1 2 1.000000
Silica_def_hair.png
0 0.038842 -0.079452 1.446175 0.576011 -0.812527 0.089498 0.505542 0.816945 1 2 1.000000
0 0.041656 -0.052047 1.506010 0.502182 -0.622878 0.599863 0.552492 0.981163 1 2 1.000000
0 0.020701 -0.103412 1.450394 0.458582 -0.840409 0.288816 0.403816 0.809125 1 2 1.000000
Silica_def_hair.png
0 0.011981 -0.095779 1.471124 0.137762 -0.861080 0.489451 0.376429 0.891234 1 2 1.000000
0 0.020701 -0.103412 1.450394 0.458582 -0.840409 0.288816 0.403816 0.809125 1 2 1.000000
0 0.041656 -0.052047 1.506010 0.502182 -0.622878 0.599863 0.552492 0.981163 1 2 1.000000
Silica_def_hair.png
0 0.041656 -0.052047 1.506010 0.502182 -0.622878 0.599863 0.552492 0.981163 1 2 1.000000
0 -0.001097 -0.075698 1.501780 -0.021666 -0.674302 0.738138 0.372516 0.965523 1 2 1.000000
0 0.011981 -0.095779 1.471124 0.137762 -0.861080 0.489451 0.376429 0.891234 1 2 1.000000
Silica_def_hair.png
0 -0.013773 -0.094119 1.469892 -0.281012 -0.827482 0.486113 0.294266 0.891234 1 2 1.000000
0 0.011981 -0.095779 1.471124 0.137762 -0.861080 0.489451 0.376429 0.891234 1 2 1.000000
0 -0.001097 -0.075698 1.501780 -0.021666 -0.674302 0.738138 0.372516 0.965523 1 2 1.000000
Silica_def_hair.png
0 -0.001097 -0.075698 1.501780 -0.021666 -0.674302 0.738138 0.372516 0.965523 1 2 1.000000
0 -0.042022 -0.052047 1.506010 -0.493556 -0.690490 0.528797 0.165152 0.981163 1 2 1.000000
0 -0.013773 -0.094119 1.469892 -0.281012 -0.827482 0.486113 0.294266 0.891234 1 2 1.000000
Silica_def_hair.png
0 -0.017200 -0.103829 1.447234 -0.372857 -0.878462 0.298800 0.278616 0.809125 1 2 1.000000
0 -0.013773 -0.094119 1.469892 -0.281012 -0.827482 0.486113 0.294266 0.891234 1 2 1.000000
0 -0.042022 -0.052047 1.506010 -0.493556 -0.690490 0.528797 0.165152 0.981163 1 2 1.000000
Silica_def_hair.png
0 -0.042022 -0.052047 1.506010 -0.493556 -0.690490 0.528797 0.165152 0.981163 1 2 1.000000
0 -0.039208 -0.079452 1.446175 -0.724489 -0.643330 0.247473 0.180803 0.809125 1 2 1.000000
0 -0.017200 -0.103829 1.447234 -0.372857 -0.878462 0.298800 0.278616 0.809125 1 2 1.000000
Silica_def_hair.png
0 -0.035095 -0.091980 1.424501 -0.695636 -0.715459 0.064876 0.196453 0.676186 1 2 1.000000
0 -0.017200 -0.103829 1.447234 -0.372857 -0.878462 0.298800 0.278616 0.809125 1 2 1.000000
0 -0.039208 -0.079452 1.446175 -0.724489 -0.643330 0.247473 0.180803 0.809125 1 2 1.000000
Silica_def_hair.png
0 0.041656 -0.052047 1.506010 0.502182 -0.622878 0.599863 0.552492 0.981163 1 2 1.000000
0 0.041656 -0.052047 1.506010 0.502182 -0.622878 0.599863 0.552492 0.981163 1 2 1.000000
0 0.038842 -0.079452 1.446175 0.576011 -0.812527 0.089498 0.505542 0.816945 1 2 1.000000
Silica_def_hair.png
0 0.038842 -0.079452 1.446175 0.576011 -0.812527 0.089498 0.505542 0.816945 1 2 1.000000
0 0.067499 -0.066290 1.458284 0.502216 -0.805622 0.314250 0.658130 0.809125 1 2 1.000000
0 0.041656 -0.052047 1.506010 0.502182 -0.622878 0.599863 0.552492 0.981163 1 2 1.000000
Silica_def_hair.png
0 0.095835 -0.035252 1.462224 0.832330 -0.386111 0.397676 0.771593 0.813035 1 2 1.000000
0 0.041656 -0.052047 1.506010 0.502182 -0.622878 0.599863 0.552492 0.981163 1 2 1.000000
0 0.067499 -0.066290 1.458284 0.502216 -0.805622 0.314250 0.658130 0.809125 1 2 1.000000
Silica_def_hair.png
0 0.067499 -0.066290 1.458284 0.502216 -0.805622 0.314250 0.658130 0.809125 1 2 1.000000
0 0.076220 -0.067176 1.422375 0.498237 -0.866584 0.028151 0.685518 0.684006 1 2 1.000000
0 0.095835 -0.035252 1.462224 0.832330 -0.386111 0.397676 0.771593 0.813035 1 2 1.000000
Silica_def_hair.png
0 0.106560 -0.033227 1.420419 0.945642 -0.325007 0.011515 0.830281 0.625357 1 2 1.000000
0 0.095835 -0.035252 1.462224 0.832330 -0.386111 0.397676 0.771593 0.813035 1 2 1.000000
0 0.076220 -0.067176 1.422375 0.498237 -0.866584 0.028151 0.685518 0.684006 1 2 1.000000
Silica_def_hair.png
0 0.076220 -0.067176 1.422375 0.498237 -0.866584 0.028151 0.685518 0.684006 1 2 1.000000
0 0.077308 -0.066013 1.397902 0.382427 -0.912586 -0.144692 0.689430 0.594077 1 2 1.000000
0 0.106560 -0.033227 1.420419 0.945642 -0.325007 0.011515 0.830281 0.625357 1 2 1.000000
Silica_def_hair.png
0 0.098246 -0.034160 1.373512 0.911874 -0.348784 -0.216413 0.838106 0.515878 1 2 1.000000
0 0.106560 -0.033227 1.420419 0.945642 -0.325007 0.011515 0.830281 0.625357 1 2 1.000000
0 0.077308 -0.066013 1.397902 0.382427 -0.912586 -0.144692 0.689430 0.594077 1 2 1.000000
Silica_def_hair.png
0 0.077308 -0.066013 1.397902 0.382427 -0.912586 -0.144692 0.689430 0.594077 1 2 1.000000
0 0.069320 -0.065909 1.362391 0.776807 -0.596436 -0.202076 0.697255 0.488508 1 2 1.000000
0 0.098246 -0.034160 1.373512 0.911874 -0.348784 -0.216413 0.838106 0.515878 1 2 1.000000
Silica_def_hair.png
0 0.080502 -0.042388 1.340085 0.830531 -0.471515 -0.296466 0.814631 0.429859 1 2 1.000000
0 0.098246 -0.034160 1.373512 0.911874 -0.348784 -0.216413 0.838106 0.515878 1 2 1.000000
0 0.069320 -0.065909 1.362391 0.776807 -0.596436 -0.202076 0.697255 0.488508 1 2 1.000000
Silica_def_hair.png
0 0.069320 -0.065909 1.362391 0.776807 -0.596436 -0.202076 0.697255 0.488508 1 2 1.000000
0 0.063168 -0.067388 1.339069 0.799733 -0.544199 -0.253525 0.697255 0.437679 1 2 1.000000
0 0.080502 -0.042388 1.340085 0.830531 -0.471515 -0.296466 0.814631 0.429859 1 2 1.000000
Silica_def_hair.png
0 0.049804 -0.070375 1.311881 0.782876 -0.529541 -0.326637 0.697255 0.410309 1 2 1.000000
0 0.080502 -0.042388 1.340085 0.830531 -0.471515 -0.296466 0.814631 0.429859 1 2 1.000000
0 0.063168 -0.067388 1.339069 0.799733 -0.544199 -0.253525 0.697255 0.437679 1 2 1.000000
Silica_def_hair.png
0 -0.080869 -0.042388 1.340085 -0.823761 -0.477027 -0.306370 0.814631 0.429859 1 2 1.000000
0 -0.048066 -0.070375 1.311881 -0.763933 -0.541154 -0.351509 0.697255 0.410309 1 2 1.000000
0 -0.062692 -0.067388 1.339069 -0.782299 -0.557501 -0.277851 0.697255 0.437679 1 2 1.000000
Silica_def_hair.png
0 -0.062692 -0.067388 1.339069 -0.782299 -0.557501 -0.277851 0.697255 0.437679 1 2 1.000000
0 -0.069686 -0.065909 1.362391 -0.771124 -0.601109 -0.209846 0.697255 0.488508 1 2 1.000000
0 -0.080869 -0.042388 1.340085 -0.823761 -0.477027 -0.306370 0.814631 0.429859 1 2 1.000000
Silica_def_hair.png
0 -0.098612 -0.034160 1.373512 -0.912241 -0.348199 -0.215812 0.838106 0.515878 1 2 1.000000
0 -0.080869 -0.042388 1.340085 -0.823761 -0.477027 -0.306370 0.814631 0.429859 1 2 1.000000
0 -0.069686 -0.065909 1.362391 -0.771124 -0.601109 -0.209846 0.697255 0.488508 1 2 1.000000
Silica_def_hair.png
0 -0.069686 -0.065909 1.362391 -0.771124 -0.601109 -0.209846 0.697255 0.488508 1 2 1.000000
0 -0.077674 -0.066013 1.397902 -0.382428 -0.912586 -0.144691 0.689430 0.594077 1 2 1.000000
0 -0.098612 -0.034160 1.373512 -0.912241 -0.348199 -0.215812 0.838106 0.515878 1 2 1.000000
Silica_def_hair.png
0 -0.106926 -0.033227 1.420419 -0.947167 -0.320418 0.014402 0.830281 0.625357 1 2 1.000000
0 -0.098612 -0.034160 1.373512 -0.912241 -0.348199 -0.215812 0.838106 0.515878 1 2 1.000000
0 -0.077674 -0.066013 1.397902 -0.382428 -0.912586 -0.144691 0.689430 0.594077 1 2 1.000000
Silica_def_hair.png
0 -0.077674 -0.066013 1.397902 -0.382428 -0.912586 -0.144691 0.689430 0.594077 1 2 1.000000
0 -0.076586 -0.067176 1.422375 -0.498188 -0.866614 0.028078 0.685518 0.684006 1 2 1.000000
0 -0.106926 -0.033227 1.420419 -0.947167 -0.320418 0.014402 0.830281 0.625357 1 2 1.000000
Silica_def_hair.png
0 -0.096222 -0.035252 1.462224 -0.834256 -0.382425 0.397200 0.771593 0.813035 1 2 1.000000
0 -0.106926 -0.033227 1.420419 -0.947167 -0.320418 0.014402 0.830281 0.625357 1 2 1.000000
0 -0.076586 -0.067176 1.422375 -0.498188 -0.866614 0.028078 0.685518 0.684006 1 2 1.000000
Silica_def_hair.png
0 -0.076586 -0.067176 1.422375 -0.498188 -0.866614 0.028078 0.685518 0.684006 1 2 1.000000
0 -0.067865 -0.066290 1.458284 -0.502085 -0.805717 0.314215 0.658130 0.809125 1 2 1.000000
0 -0.096222 -0.035252 1.462224 -0.834256 -0.382425 0.397200 0.771593 0.813035 1 2 1.000000
Silica_def_hair.png
0 -0.042022 -0.052047 1.506010 -0.519671 -0.572501 0.634180 0.552492 0.981163 1 2 1.000000
0 -0.096222 -0.035252 1.462224 -0.834256 -0.382425 0.397200 0.771593 0.813035 1 2 1.000000
0 -0.067865 -0.066290 1.458284 -0.502085 -0.805717 0.314215 0.658130 0.809125 1 2 1.000000
Silica_def_hair.png
0 -0.067865 -0.066290 1.458284 -0.502085 -0.805717 0.314215 0.658130 0.809125 1 2 1.000000
0 -0.039208 -0.079452 1.446175 -0.265038 -0.960399 0.085960 0.505542 0.816945 1 2 1.000000
0 -0.042022 -0.052047 1.506010 -0.519671 -0.572501 0.634180 0.552492 0.981163 1 2 1.000000
Silica_def_hair.png
0 -0.096320 0.057566 1.453042 -0.896428 0.333694 0.291658 0.306003 0.289100 1 2 1.000000
0 -0.102052 0.009187 1.406499 -0.993116 0.002326 -0.117111 0.517280 0.394669 1 2 1.000000
0 -0.103088 0.006549 1.434556 -0.991630 0.103660 0.076974 0.384254 0.410309 1 2 1.000000
Silica_def_hair.png
0 -0.103088 0.006549 1.434556 -0.991630 0.103660 0.076974 0.384254 0.410309 1 2 1.000000
0 -0.098064 -0.001665 1.465601 -0.881361 -0.025778 0.471740 0.251228 0.425949 1 2 1.000000
0 -0.096320 0.057566 1.453042 -0.896428 0.333694 0.291658 0.306003 0.289100 1 2 1.000000
Silica_def_hair.png
0 -0.065754 0.002364 1.508559 -0.603699 0.017871 0.797012 0.098640 0.410309 1 2 1.000000
0 -0.096320 0.057566 1.453042 -0.896428 0.333694 0.291658 0.306003 0.289100 1 2 1.000000
0 -0.098064 -0.001665 1.465601 -0.881361 -0.025778 0.471740 0.251228 0.425949 1 2 1.000000
Silica_def_hair.png
0 -0.098064 -0.001665 1.465601 -0.881361 -0.025778 0.471740 0.251228 0.425949 1 2 1.000000
0 -0.056614 -0.020141 1.509222 -0.428431 -0.062646 0.901400 0.094727 0.508058 1 2 1.000000
0 -0.065754 0.002364 1.508559 -0.603699 0.017871 0.797012 0.098640 0.410309 1 2 1.000000
Silica_def_hair.png
0 0.000000 0.012074 1.526436 0.000139 0.006039 0.999982 0.004739 0.300830 1 2 1.000000
0 -0.065754 0.002364 1.508559 -0.603699 0.017871 0.797012 0.098640 0.410309 1 2 1.000000
0 -0.056614 -0.020141 1.509222 -0.428431 -0.062646 0.901400 0.094727 0.508058 1 2 1.000000
Silica_def_hair.png
0 -0.056614 -0.020141 1.509222 -0.428431 -0.062646 0.901400 0.094727 0.508058 1 2 1.000000
0 -0.022628 -0.020927 1.520698 -0.129338 0.000978 0.991600 0.043864 0.492418 1 2 1.000000
0 0.000000 0.012074 1.526436 0.000139 0.006039 0.999982 0.004739 0.300830 1 2 1.000000
Silica_def_hair.png
0 0.022628 -0.020927 1.520698 0.162997 -0.016226 0.986493 0.043864 0.492418 1 2 1.000000
0 0.000000 0.012074 1.526436 0.000139 0.006039 0.999982 0.004739 0.300830 1 2 1.000000
0 -0.022628 -0.020927 1.520698 -0.129338 0.000978 0.991600 0.043864 0.492418 1 2 1.000000
Silica_def_hair.png
0 -0.022628 -0.020927 1.520698 -0.129338 0.000978 0.991600 0.043864 0.492418 1 2 1.000000
0 0.022628 -0.037299 1.521141 0.108230 0.026914 0.993761 0.039952 0.558888 1 2 1.000000
0 0.022628 -0.020927 1.520698 0.162997 -0.016226 0.986493 0.043864 0.492418 1 2 1.000000
Silica_def_hair.png
0 0.056431 -0.020141 1.509222 0.429157 -0.075525 0.900067 0.094727 0.508058 1 2 1.000000
0 0.022628 -0.020927 1.520698 0.162997 -0.016226 0.986493 0.043864 0.492418 1 2 1.000000
0 0.022628 -0.037299 1.521141 0.108230 0.026914 0.993761 0.039952 0.558888 1 2 1.000000
Silica_def_hair.png
0 0.088404 -0.022250 1.341316 0.821204 0.104747 -0.560938 0.924182 0.398579 1 2 1.000000
0 0.073055 -0.041575 1.318859 0.754829 0.144082 -0.639901 0.842019 0.339930 1 2 1.000000
0 0.074581 -0.011758 1.342542 0.430848 0.612550 -0.662686 0.990695 0.406399 1 2 1.000000
Silica_def_hair.png
0 0.074581 -0.011758 1.342542 0.430848 0.612550 -0.662686 0.990695 0.406399 1 2 1.000000
0 0.100759 -0.004874 1.368971 0.806554 0.406108 -0.429589 0.971132 0.496328 1 2 1.000000
0 0.088404 -0.022250 1.341316 0.821204 0.104747 -0.560938 0.924182 0.398579 1 2 1.000000
Silica_def_hair.png
0 0.098246 -0.034160 1.373512 0.911874 -0.348784 -0.216413 0.838106 0.515878 1 2 1.000000
0 0.088404 -0.022250 1.341316 0.821204 0.104747 -0.560938 0.924182 0.398579 1 2 1.000000
0 0.100759 -0.004874 1.368971 0.806554 0.406108 -0.429589 0.971132 0.496328 1 2 1.000000
Silica_def_hair.png
0 0.100759 -0.004874 1.368971 0.806554 0.406108 -0.429589 0.971132 0.496328 1 2 1.000000
0 0.101869 0.009187 1.406499 0.968961 0.207496 -0.134388 0.990695 0.621447 1 2 1.000000
0 0.098246 -0.034160 1.373512 0.911874 -0.348784 -0.216413 0.838106 0.515878 1 2 1.000000
Silica_def_hair.png
0 0.106560 -0.033227 1.420419 0.945642 -0.325007 0.011515 0.830281 0.625357 1 2 1.000000
0 0.098246 -0.034160 1.373512 0.911874 -0.348784 -0.216413 0.838106 0.515878 1 2 1.000000
0 0.101869 0.009187 1.406499 0.968961 0.207496 -0.134388 0.990695 0.621447 1 2 1.000000
Silica_def_hair.png
0 0.101869 0.009187 1.406499 0.968961 0.207496 -0.134388 0.990695 0.621447 1 2 1.000000
0 0.103330 0.006549 1.434556 0.992689 0.003728 0.120641 0.978957 0.707466 1 2 1.000000
0 0.106560 -0.033227 1.420419 0.945642 -0.325007 0.011515 0.830281 0.625357 1 2 1.000000
Silica_def_hair.png
0 0.095835 -0.035252 1.462224 0.832330 -0.386111 0.397676 0.771593 0.813035 1 2 1.000000
0 0.106560 -0.033227 1.420419 0.945642 -0.325007 0.011515 0.830281 0.625357 1 2 1.000000
0 0.103330 0.006549 1.434556 0.992689 0.003728 0.120641 0.978957 0.707466 1 2 1.000000
Silica_def_hair.png
0 0.103330 0.006549 1.434556 0.992689 0.003728 0.120641 0.978957 0.707466 1 2 1.000000
0 0.097880 -0.001665 1.465601 0.900774 -0.097398 0.423226 0.912444 0.832585 1 2 1.000000
0 0.095835 -0.035252 1.462224 0.832330 -0.386111 0.397676 0.771593 0.813035 1 2 1.000000
Silica_def_hair.png
0 0.056431 -0.020141 1.509222 0.703757 -0.242150 0.667900 0.744206 0.988983 1 2 1.000000
0 0.095835 -0.035252 1.462224 0.832330 -0.386111 0.397676 0.771593 0.813035 1 2 1.000000
0 0.097880 -0.001665 1.465601 0.900774 -0.097398 0.423226 0.912444 0.832585 1 2 1.000000
Silica_def_hair.png
0 -0.096222 -0.035252 1.462224 -0.834256 -0.382425 0.397200 0.771593 0.813035 1 2 1.000000
0 -0.056614 -0.020141 1.509222 -0.703570 -0.238181 0.669521 0.744206 0.988983 1 2 1.000000
0 -0.098064 -0.001665 1.465601 -0.903414 -0.091659 0.418858 0.912444 0.832585 1 2 1.000000
Silica_def_hair.png
0 -0.098064 -0.001665 1.465601 -0.903414 -0.091659 0.418858 0.912444 0.832585 1 2 1.000000
0 -0.103088 0.006549 1.434556 -0.992407 0.014215 0.122172 0.978957 0.707466 1 2 1.000000
0 -0.096222 -0.035252 1.462224 -0.834256 -0.382425 0.397200 0.771593 0.813035 1 2 1.000000
Silica_def_hair.png
0 -0.106926 -0.033227 1.420419 -0.947167 -0.320418 0.014402 0.830281 0.625357 1 2 1.000000
0 -0.096222 -0.035252 1.462224 -0.834256 -0.382425 0.397200 0.771593 0.813035 1 2 1.000000
0 -0.103088 0.006549 1.434556 -0.992407 0.014215 0.122172 0.978957 0.707466 1 2 1.000000
Silica_def_hair.png
0 -0.103088 0.006549 1.434556 -0.992407 0.014215 0.122172 0.978957 0.707466 1 2 1.000000
0 -0.102052 0.009187 1.406499 -0.946508 0.282356 -0.156196 0.990695 0.621447 1 2 1.000000
0 -0.106926 -0.033227 1.420419 -0.947167 -0.320418 0.014402 0.830281 0.625357 1 2 1.000000
Silica_def_hair.png
0 -0.098612 -0.034160 1.373512 -0.912241 -0.348199 -0.215812 0.838106 0.515878 1 2 1.000000
0 -0.106926 -0.033227 1.420419 -0.947167 -0.320418 0.014402 0.830281 0.625357 1 2 1.000000
0 -0.102052 0.009187 1.406499 -0.946508 0.282356 -0.156196 0.990695 0.621447 1 2 1.000000
Silica_def_hair.png
0 -0.102052 0.009187 1.406499 -0.946508 0.282356 -0.156196 0.990695 0.621447 1 2 1.000000
0 -0.101125 -0.004874 1.368971 -0.718907 0.544959 -0.431500 0.971132 0.496328 1 2 1.000000
0 -0.098612 -0.034160 1.373512 -0.912241 -0.348199 -0.215812 0.838106 0.515878 1 2 1.000000
Silica_def_hair.png
0 -0.088771 -0.022250 1.341316 -0.821206 0.104749 -0.560935 0.924182 0.398579 1 2 1.000000
0 -0.098612 -0.034160 1.373512 -0.912241 -0.348199 -0.215812 0.838106 0.515878 1 2 1.000000
0 -0.101125 -0.004874 1.368971 -0.718907 0.544959 -0.431500 0.971132 0.496328 1 2 1.000000
Silica_def_hair.png
0 -0.101125 -0.004874 1.368971 -0.718907 0.544959 -0.431500 0.971132 0.496328 1 2 1.000000
0 -0.074948 -0.011758 1.342542 -0.354453 0.706456 -0.612603 0.990695 0.406399 1 2 1.000000
0 -0.088771 -0.022250 1.341316 -0.821206 0.104749 -0.560935 0.924182 0.398579 1 2 1.000000
Silica_def_hair.png
0 -0.073421 -0.041575 1.318859 -0.754812 0.144081 -0.639922 0.842019 0.339930 1 2 1.000000
0 -0.088771 -0.022250 1.341316 -0.821206 0.104749 -0.560935 0.924182 0.398579 1 2 1.000000
0 -0.074948 -0.011758 1.342542 -0.354453 0.706456 -0.612603 0.990695 0.406399 1 2 1.000000
Silica_def_hair.png
0 -0.145974 0.090543 1.333555 0.836187 0.458009 -0.301693 0.036039 0.672276 1 2 1.000000
0 -0.145974 0.090543 1.333555 0.836187 0.458009 -0.301693 0.036039 0.672276 1 2 1.000000
0 -0.148571 0.087532 1.316150 0.866466 0.453927 -0.207813 0.075164 0.570617 1 2 1.000000
Silica_def_hair.png
0 -0.148571 0.087532 1.316150 0.866466 0.453927 -0.207813 0.075164 0.570617 1 2 1.000000
0 -0.157720 0.115189 1.338415 0.814181 0.515169 -0.267788 0.106465 0.668366 1 2 1.000000
0 -0.145974 0.090543 1.333555 0.836187 0.458009 -0.301693 0.036039 0.672276 1 2 1.000000
Silica_def_hair.png
0 -0.137566 0.096732 1.357852 0.775357 0.571935 -0.267792 0.032127 0.742656 1 2 1.000000
0 -0.145974 0.090543 1.333555 0.836187 0.458009 -0.301693 0.036039 0.672276 1 2 1.000000
0 -0.157720 0.115189 1.338415 0.814181 0.515169 -0.267788 0.106465 0.668366 1 2 1.000000
Silica_def_hair.png
0 -0.157720 0.115189 1.338415 0.814181 0.515169 -0.267788 0.106465 0.668366 1 2 1.000000
0 -0.164370 0.136343 1.379665 0.748933 0.640390 -0.170292 0.122115 0.758295 1 2 1.000000
0 -0.137566 0.096732 1.357852 0.775357 0.571935 -0.267792 0.032127 0.742656 1 2 1.000000
Silica_def_hair.png
0 -0.116559 0.089261 1.411339 0.735610 0.559387 -0.382053 0.008652 0.832585 1 2 1.000000
0 -0.137566 0.096732 1.357852 0.775357 0.571935 -0.267792 0.032127 0.742656 1 2 1.000000
0 -0.164370 0.136343 1.379665 0.748933 0.640390 -0.170292 0.122115 0.758295 1 2 1.000000
Silica_def_hair.png
0 -0.164370 0.136343 1.379665 0.748933 0.640390 -0.170292 0.122115 0.758295 1 2 1.000000
0 -0.154242 0.130502 1.412786 0.616505 0.742796 -0.261104 0.126027 0.793485 1 2 1.000000
0 -0.116559 0.089261 1.411339 0.735610 0.559387 -0.382053 0.008652 0.832585 1 2 1.000000
Silica_def_hair.png
0 -0.114453 0.109495 1.428741 0.615980 0.721099 -0.317151 0.055602 0.938154 1 2 1.000000
0 -0.116559 0.089261 1.411339 0.735610 0.559387 -0.382053 0.008652 0.832585 1 2 1.000000
0 -0.154242 0.130502 1.412786 0.616505 0.742796 -0.261104 0.126027 0.793485 1 2 1.000000
Silica_def_hair.png
0 -0.154242 0.130502 1.412786 0.616505 0.742796 -0.261104 0.126027 0.793485 1 2 1.000000
0 -0.141419 0.123233 1.429074 0.453924 0.891039 -0.001702 0.122115 0.859954 1 2 1.000000
0 -0.114453 0.109495 1.428741 0.615980 0.721099 -0.317151 0.055602 0.938154 1 2 1.000000
Silica_def_hair.png
0 -0.116641 0.111053 1.437895 0.453093 0.890414 -0.043249 0.102552 0.957703 1 2 1.000000
0 -0.114453 0.109495 1.428741 0.615980 0.721099 -0.317151 0.055602 0.938154 1 2 1.000000
0 -0.141419 0.123233 1.429074 0.453924 0.891039 -0.001702 0.122115 0.859954 1 2 1.000000
Silica_def_hair.png
0 -0.184982 0.120132 1.381220 -0.826530 0.410880 0.384740 0.161240 0.703556 1 2 1.000000
0 -0.184982 0.120132 1.381220 -0.826530 0.410880 0.384740 0.161240 0.703556 1 2 1.000000
0 -0.194794 0.116149 1.357845 -0.835640 0.469076 0.285786 0.153415 0.633177 1 2 1.000000
Silica_def_hair.png
0 -0.194794 0.116149 1.357845 -0.835640 0.469076 0.285786 0.153415 0.633177 1 2 1.000000
0 -0.198943 0.090353 1.383030 -0.818808 0.379684 0.430572 0.086902 0.691826 1 2 1.000000
0 -0.184982 0.120132 1.381220 -0.826530 0.410880 0.384740 0.161240 0.703556 1 2 1.000000
Silica_def_hair.png
0 -0.165251 0.107779 1.424021 -0.728809 0.237453 0.642226 0.157327 0.809125 1 2 1.000000
0 -0.184982 0.120132 1.381220 -0.826530 0.410880 0.384740 0.161240 0.703556 1 2 1.000000
0 -0.198943 0.090353 1.383030 -0.818808 0.379684 0.430572 0.086902 0.691826 1 2 1.000000
Silica_def_hair.png
0 -0.198943 0.090353 1.383030 -0.818808 0.379684 0.430572 0.086902 0.691826 1 2 1.000000
0 -0.169613 0.093740 1.422810 -0.618460 0.031756 0.785175 0.098640 0.820855 1 2 1.000000
0 -0.165251 0.107779 1.424021 -0.728809 0.237453 0.642226 0.157327 0.809125 1 2 1.000000
Silica_def_hair.png
0 -0.146210 0.103697 1.437090 -0.455947 -0.099837 0.884389 0.157327 0.918604 1 2 1.000000
0 -0.165251 0.107779 1.424021 -0.728809 0.237453 0.642226 0.157327 0.809125 1 2 1.000000
0 -0.169613 0.093740 1.422810 -0.618460 0.031756 0.785175 0.098640 0.820855 1 2 1.000000
Silica_def_hair.png
0 -0.169613 0.093740 1.422810 -0.618460 0.031756 0.785175 0.098640 0.820855 1 2 1.000000
0 -0.137425 0.066986 1.432926 -0.279917 -0.303003 0.910953 0.098640 0.949883 1 2 1.000000
0 -0.146210 0.103697 1.437090 -0.455947 -0.099837 0.884389 0.157327 0.918604 1 2 1.000000
Silica_def_hair.png
0 -0.117450 0.087787 1.444993 0.079696 -0.356583 0.930858 0.145590 0.945974 1 2 1.000000
0 -0.146210 0.103697 1.437090 -0.455947 -0.099837 0.884389 0.157327 0.918604 1 2 1.000000
0 -0.137425 0.066986 1.432926 -0.279917 -0.303003 0.910953 0.098640 0.949883 1 2 1.000000
Silica_def_hair.png
0 -0.137425 0.066986 1.432926 -0.279917 -0.303003 0.910953 0.098640 0.949883 1 2 1.000000
0 -0.111598 0.060475 1.429747 0.303057 -0.414165 0.858268 0.090815 0.981163 1 2 1.000000
0 -0.117450 0.087787 1.444993 0.079696 -0.356583 0.930858 0.145590 0.945974 1 2 1.000000
Silica_def_hair.png
0 -0.101898 0.082498 1.430740 0.589668 -0.293643 0.752373 0.145590 0.981163 1 2 1.000000
0 -0.117450 0.087787 1.444993 0.079696 -0.356583 0.930858 0.145590 0.945974 1 2 1.000000
0 -0.111598 0.060475 1.429747 0.303057 -0.414165 0.858268 0.090815 0.981163 1 2 1.000000
Silica_def_hair.png
0 0.101429 0.032664 1.388888 0.901470 -0.113466 -0.417705 0.595530 0.347750 1 2 1.000000
0 0.101869 0.009187 1.406499 0.991003 -0.008033 -0.133600 0.517280 0.394669 1 2 1.000000
0 0.077668 0.017546 1.373027 0.694318 -0.438300 -0.570802 0.677693 0.402489 1 2 1.000000
Silica_def_hair.png
0 0.077668 0.017546 1.373027 0.694318 -0.438300 -0.570802 0.677693 0.402489 1 2 1.000000
0 0.074175 0.044048 1.347717 0.794453 0.216357 -0.567481 0.771593 0.265641 1 2 1.000000
0 0.101429 0.032664 1.388888 0.901470 -0.113466 -0.417705 0.595530 0.347750 1 2 1.000000
Silica_def_hair.png
0 0.095162 0.063083 1.402371 0.907426 0.391704 -0.152140 0.532930 0.281280 1 2 1.000000
0 0.101429 0.032664 1.388888 0.901470 -0.113466 -0.417705 0.595530 0.347750 1 2 1.000000
0 0.074175 0.044048 1.347717 0.794453 0.216357 -0.567481 0.771593 0.265641 1 2 1.000000
Silica_def_hair.png
0 0.074175 0.044048 1.347717 0.794453 0.216357 -0.567481 0.771593 0.265641 1 2 1.000000
0 0.060394 0.107836 1.411528 0.575525 0.794217 -0.194909 0.493804 0.160072 1 2 1.000000
0 0.095162 0.063083 1.402371 0.907426 0.391704 -0.152140 0.532930 0.281280 1 2 1.000000
Silica_def_hair.png
0 0.096341 0.057566 1.453042 0.896409 0.334105 0.291248 0.306003 0.289100 1 2 1.000000
0 0.095162 0.063083 1.402371 0.907426 0.391704 -0.152140 0.532930 0.281280 1 2 1.000000
0 0.060394 0.107836 1.411528 0.575525 0.794217 -0.194909 0.493804 0.160072 1 2 1.000000
Silica_def_hair.png
0 0.060394 0.107836 1.411528 0.575525 0.794217 -0.194909 0.493804 0.160072 1 2 1.000000
0 0.051122 0.104577 1.460707 0.452382 0.807337 0.378891 0.317741 0.148342 1 2 1.000000
0 0.096341 0.057566 1.453042 0.896409 0.334105 0.291248 0.306003 0.289100 1 2 1.000000
Silica_def_hair.png
0 0.052929 0.048298 1.508209 0.519650 0.288556 0.804177 0.098640 0.261731 1 2 1.000000
0 0.096341 0.057566 1.453042 0.896409 0.334105 0.291248 0.306003 0.289100 1 2 1.000000
0 0.051122 0.104577 1.460707 0.452382 0.807337 0.378891 0.317741 0.148342 1 2 1.000000
Silica_def_hair.png
0 0.051122 0.104577 1.460707 0.452382 0.807337 0.378891 0.317741 0.148342 1 2 1.000000
0 0.028971 0.084747 1.505156 0.354960 0.571934 0.739524 0.133852 0.117062 1 2 1.000000
0 0.052929 0.048298 1.508209 0.519650 0.288556 0.804177 0.098640 0.261731 1 2 1.000000
Silica_def_hair.png
0 0.114453 0.109495 1.428741 -0.647260 0.717318 -0.257896 0.055602 0.938154 1 2 1.000000
0 0.116641 0.111053 1.437895 -0.453093 0.890414 -0.043249 0.102552 0.957703 1 2 1.000000
0 0.141419 0.123233 1.429074 -0.452718 0.886255 0.097975 0.122115 0.859954 1 2 1.000000
Silica_def_hair.png
0 0.141419 0.123233 1.429074 -0.452718 0.886255 0.097975 0.122115 0.859954 1 2 1.000000
0 0.146876 0.130502 1.412786 -0.667645 0.699968 -0.253564 0.126027 0.793485 1 2 1.000000
0 0.114453 0.109495 1.428741 -0.647260 0.717318 -0.257896 0.055602 0.938154 1 2 1.000000
Silica_def_hair.png
0 0.116559 0.089261 1.411339 -0.750529 0.513408 -0.416074 0.008652 0.832585 1 2 1.000000
0 0.114453 0.109495 1.428741 -0.647260 0.717318 -0.257896 0.055602 0.938154 1 2 1.000000
0 0.146876 0.130502 1.412786 -0.667645 0.699968 -0.253564 0.126027 0.793485 1 2 1.000000
Silica_def_hair.png
0 0.146876 0.130502 1.412786 -0.667645 0.699968 -0.253564 0.126027 0.793485 1 2 1.000000
0 0.164370 0.136343 1.379665 -0.759183 0.606573 -0.236031 0.122115 0.758295 1 2 1.000000
0 0.116559 0.089261 1.411339 -0.750529 0.513408 -0.416074 0.008652 0.832585 1 2 1.000000
Silica_def_hair.png
0 0.137566 0.096732 1.357852 -0.775357 0.571935 -0.267792 0.032127 0.742656 1 2 1.000000
0 0.116559 0.089261 1.411339 -0.750529 0.513408 -0.416074 0.008652 0.832585 1 2 1.000000
0 0.164370 0.136343 1.379665 -0.759183 0.606573 -0.236031 0.122115 0.758295 1 2 1.000000
Silica_def_hair.png
0 0.164370 0.136343 1.379665 -0.759183 0.606573 -0.236031 0.122115 0.758295 1 2 1.000000
0 0.157720 0.115189 1.338415 -0.814181 0.515169 -0.267788 0.106465 0.668366 1 2 1.000000
0 0.137566 0.096732 1.357852 -0.775357 0.571935 -0.267792 0.032127 0.742656 1 2 1.000000
Silica_def_hair.png
0 0.145974 0.090543 1.333555 -0.836187 0.458009 -0.301693 0.036039 0.672276 1 2 1.000000
0 0.137566 0.096732 1.357852 -0.775357 0.571935 -0.267792 0.032127 0.742656 1 2 1.000000
0 0.157720 0.115189 1.338415 -0.814181 0.515169 -0.267788 0.106465 0.668366 1 2 1.000000
Silica_def_hair.png
0 0.157720 0.115189 1.338415 -0.814181 0.515169 -0.267788 0.106465 0.668366 1 2 1.000000
0 0.148571 0.087532 1.316150 -0.866466 0.453927 -0.207813 0.075164 0.570617 1 2 1.000000
0 0.145974 0.090543 1.333555 -0.836187 0.458009 -0.301693 0.036039 0.672276 1 2 1.000000
Silica_def_hair.png
0 0.117450 0.087787 1.444993 -0.079696 -0.356583 0.930858 0.145590 0.945974 1 2 1.000000
0 0.101898 0.082498 1.430740 -0.589668 -0.293643 0.752373 0.145590 0.981163 1 2 1.000000
0 0.111598 0.060475 1.429747 -0.303057 -0.414165 0.858268 0.090815 0.981163 1 2 1.000000
Silica_def_hair.png
0 0.111598 0.060475 1.429747 -0.303057 -0.414165 0.858268 0.090815 0.981163 1 2 1.000000
0 0.137425 0.066986 1.432926 0.279917 -0.303003 0.910953 0.098640 0.949883 1 2 1.000000
0 0.117450 0.087787 1.444993 -0.079696 -0.356583 0.930858 0.145590 0.945974 1 2 1.000000
Silica_def_hair.png
0 0.146210 0.103697 1.437090 0.455947 -0.099837 0.884389 0.157327 0.918604 1 2 1.000000
0 0.117450 0.087787 1.444993 -0.079696 -0.356583 0.930858 0.145590 0.945974 1 2 1.000000
0 0.137425 0.066986 1.432926 0.279917 -0.303003 0.910953 0.098640 0.949883 1 2 1.000000
Silica_def_hair.png
0 0.137425 0.066986 1.432926 0.279917 -0.303003 0.910953 0.098640 0.949883 1 2 1.000000
0 0.169613 0.093740 1.422810 0.618460 0.031756 0.785175 0.098640 0.820855 1 2 1.000000
0 0.146210 0.103697 1.437090 0.455947 -0.099837 0.884389 0.157327 0.918604 1 2 1.000000
Silica_def_hair.png
0 0.165251 0.107779 1.424021 0.728809 0.237453 0.642226 0.157327 0.809125 1 2 1.000000
0 0.146210 0.103697 1.437090 0.455947 -0.099837 0.884389 0.157327 0.918604 1 2 1.000000
0 0.169613 0.093740 1.422810 0.618460 0.031756 0.785175 0.098640 0.820855 1 2 1.000000
Silica_def_hair.png
0 0.169613 0.093740 1.422810 0.618460 0.031756 0.785175 0.098640 0.820855 1 2 1.000000
0 0.198943 0.090353 1.383030 0.818808 0.379684 0.430572 0.086902 0.691826 1 2 1.000000
0 0.165251 0.107779 1.424021 0.728809 0.237453 0.642226 0.157327 0.809125 1 2 1.000000
Silica_def_hair.png
0 0.184982 0.120132 1.381220 0.826530 0.410880 0.384740 0.161240 0.703556 1 2 1.000000
0 0.165251 0.107779 1.424021 0.728809 0.237453 0.642226 0.157327 0.809125 1 2 1.000000
0 0.198943 0.090353 1.383030 0.818808 0.379684 0.430572 0.086902 0.691826 1 2 1.000000
Silica_def_hair.png
0 0.198943 0.090353 1.383030 0.818808 0.379684 0.430572 0.086902 0.691826 1 2 1.000000
0 0.194794 0.116149 1.357845 0.835640 0.469076 0.285786 0.153415 0.633177 1 2 1.000000
0 0.184982 0.120132 1.381220 0.826530 0.410880 0.384740 0.161240 0.703556 1 2 1.000000
Silica_def_hair.png
0 0.157926 0.104448 1.334948 -0.806986 -0.582078 -0.099798 0.122115 0.664456 1 2 1.000000
0 0.172788 0.094625 1.284992 -0.795679 -0.593719 -0.119971 0.102552 0.574527 1 2 1.000000
0 0.182968 0.073286 1.323079 -0.796491 -0.590454 -0.130258 0.039952 0.574527 1 2 1.000000
Silica_def_hair.png
0 0.182968 0.073286 1.323079 -0.796491 -0.590454 -0.130258 0.039952 0.574527 1 2 1.000000
0 0.184963 0.063684 1.351878 -0.810830 -0.544353 -0.215021 0.024302 0.640997 1 2 1.000000
0 0.157926 0.104448 1.334948 -0.806986 -0.582078 -0.099798 0.122115 0.664456 1 2 1.000000
Silica_def_hair.png
0 0.153242 0.109626 1.359549 -0.764441 -0.515868 -0.386667 0.129940 0.742656 1 2 1.000000
0 0.157926 0.104448 1.334948 -0.806986 -0.582078 -0.099798 0.122115 0.664456 1 2 1.000000
0 0.184963 0.063684 1.351878 -0.810830 -0.544353 -0.215021 0.024302 0.640997 1 2 1.000000
Silica_def_hair.png
0 0.184963 0.063684 1.351878 -0.810830 -0.544353 -0.215021 0.024302 0.640997 1 2 1.000000
0 0.170256 0.059768 1.380594 -0.671702 -0.462421 -0.578778 0.016477 0.711376 1 2 1.000000
0 0.153242 0.109626 1.359549 -0.764441 -0.515868 -0.386667 0.129940 0.742656 1 2 1.000000
Silica_def_hair.png
0 0.116559 0.089261 1.411339 -0.592666 -0.438623 -0.675542 0.114290 0.836495 1 2 1.000000
0 0.153242 0.109626 1.359549 -0.764441 -0.515868 -0.386667 0.129940 0.742656 1 2 1.000000
0 0.170256 0.059768 1.380594 -0.671702 -0.462421 -0.578778 0.016477 0.711376 1 2 1.000000
Silica_def_hair.png
0 0.170256 0.059768 1.380594 -0.671702 -0.462421 -0.578778 0.016477 0.711376 1 2 1.000000
0 0.141090 0.056820 1.410511 -0.578437 -0.419542 -0.699568 0.008652 0.832585 1 2 1.000000
0 0.116559 0.089261 1.411339 -0.592666 -0.438623 -0.675542 0.114290 0.836495 1 2 1.000000
Silica_def_hair.png
0 0.111598 0.060475 1.429747 -0.536927 -0.386875 -0.749691 0.024302 0.969433 1 2 1.000000
0 0.116559 0.089261 1.411339 -0.592666 -0.438623 -0.675542 0.114290 0.836495 1 2 1.000000
0 0.141090 0.056820 1.410511 -0.578437 -0.419542 -0.699568 0.008652 0.832585 1 2 1.000000
Silica_def_hair.png
0 -0.116559 0.089261 1.411339 0.592666 -0.438623 -0.675542 0.114290 0.836495 1 2 1.000000
0 -0.111598 0.060475 1.429747 0.536927 -0.386875 -0.749691 0.024302 0.969433 1 2 1.000000
0 -0.141090 0.056820 1.410511 0.578437 -0.419542 -0.699568 0.008652 0.832585 1 2 1.000000
Silica_def_hair.png
0 -0.141090 0.056820 1.410511 0.578437 -0.419542 -0.699568 0.008652 0.832585 1 2 1.000000
0 -0.170256 0.059768 1.380594 0.699654 -0.458764 -0.547740 0.016477 0.711376 1 2 1.000000
0 -0.116559 0.089261 1.411339 0.592666 -0.438623 -0.675542 0.114290 0.836495 1 2 1.000000
Silica_def_hair.png
0 -0.153242 0.109626 1.359549 0.798942 -0.484431 -0.356397 0.129940 0.742656 1 2 1.000000
0 -0.116559 0.089261 1.411339 0.592666 -0.438623 -0.675542 0.114290 0.836495 1 2 1.000000
0 -0.170256 0.059768 1.380594 0.699654 -0.458764 -0.547740 0.016477 0.711376 1 2 1.000000
Silica_def_hair.png
0 -0.170256 0.059768 1.380594 0.699654 -0.458764 -0.547740 0.016477 0.711376 1 2 1.000000
0 -0.180240 0.063684 1.351878 0.839366 -0.495432 -0.223631 0.024302 0.640997 1 2 1.000000
0 -0.153242 0.109626 1.359549 0.798942 -0.484431 -0.356397 0.129940 0.742656 1 2 1.000000
Silica_def_hair.png
0 -0.157926 0.104448 1.334948 0.823652 -0.547903 -0.146288 0.122115 0.664456 1 2 1.000000
0 -0.153242 0.109626 1.359549 0.798942 -0.484431 -0.356397 0.129940 0.742656 1 2 1.000000
0 -0.180240 0.063684 1.351878 0.839366 -0.495432 -0.223631 0.024302 0.640997 1 2 1.000000
Silica_def_hair.png
0 -0.180240 0.063684 1.351878 0.839366 -0.495432 -0.223631 0.024302 0.640997 1 2 1.000000
0 -0.182968 0.073286 1.323079 0.799345 -0.570371 -0.189006 0.039952 0.574527 1 2 1.000000
0 -0.157926 0.104448 1.334948 0.823652 -0.547903 -0.146288 0.122115 0.664456 1 2 1.000000
Silica_def_hair.png
0 -0.172788 0.094625 1.284992 0.795679 -0.593719 -0.119971 0.102552 0.574527 1 2 1.000000
0 -0.157926 0.104448 1.334948 0.823652 -0.547903 -0.146288 0.122115 0.664456 1 2 1.000000
0 -0.182968 0.073286 1.323079 0.799345 -0.570371 -0.189006 0.039952 0.574527 1 2 1.000000
Silica_def_hair.png
0 -0.152252 0.131838 1.416850 -0.648520 0.516934 0.558749 0.043864 0.785665 1 2 1.000000
0 -0.152252 0.131838 1.416850 -0.648520 0.516934 0.558749 0.043864 0.785665 1 2 1.000000
0 -0.162634 0.141475 1.377015 -0.712876 0.614458 0.338008 0.032127 0.715286 1 2 1.000000
Silica_def_hair.png
0 -0.162634 0.141475 1.377015 -0.712876 0.614458 0.338008 0.032127 0.715286 1 2 1.000000
0 -0.165251 0.107779 1.424021 -0.600143 0.537163 0.592693 0.094727 0.789575 1 2 1.000000
0 -0.152252 0.131838 1.416850 -0.648520 0.516934 0.558749 0.043864 0.785665 1 2 1.000000
Silica_def_hair.png
0 -0.141419 0.123233 1.429074 -0.350882 0.442771 0.825128 0.047777 0.848225 1 2 1.000000
0 -0.152252 0.131838 1.416850 -0.648520 0.516934 0.558749 0.043864 0.785665 1 2 1.000000
0 -0.165251 0.107779 1.424021 -0.600143 0.537163 0.592693 0.094727 0.789575 1 2 1.000000
Silica_def_hair.png
0 -0.165251 0.107779 1.424021 -0.600143 0.537163 0.592693 0.094727 0.789575 1 2 1.000000
0 -0.146210 0.103697 1.437090 -0.227053 0.382236 0.895736 0.098640 0.879504 1 2 1.000000
0 -0.141419 0.123233 1.429074 -0.350882 0.442771 0.825128 0.047777 0.848225 1 2 1.000000
Silica_def_hair.png
0 -0.116641 0.111053 1.437895 0.172951 0.322351 0.930687 0.051689 0.902964 1 2 1.000000
0 -0.141419 0.123233 1.429074 -0.350882 0.442771 0.825128 0.047777 0.848225 1 2 1.000000
0 -0.146210 0.103697 1.437090 -0.227053 0.382236 0.895736 0.098640 0.879504 1 2 1.000000
Silica_def_hair.png
0 -0.146210 0.103697 1.437090 -0.227053 0.382236 0.895736 0.098640 0.879504 1 2 1.000000
0 -0.117450 0.087787 1.444993 0.330171 0.264916 0.905984 0.090815 0.938154 1 2 1.000000
0 -0.116641 0.111053 1.437895 0.172951 0.322351 0.930687 0.051689 0.902964 1 2 1.000000
Silica_def_hair.png
0 -0.101898 0.082498 1.430740 0.697528 0.186794 0.691783 0.067339 0.985073 1 2 1.000000
0 -0.116641 0.111053 1.437895 0.172951 0.322351 0.930687 0.051689 0.902964 1 2 1.000000
0 -0.117450 0.087787 1.444993 0.330171 0.264916 0.905984 0.090815 0.938154 1 2 1.000000
Silica_def_hair.png
0 0.020701 -0.103412 1.450394 0.458582 -0.840409 0.288816 0.403816 0.809125 1 2 1.000000
0 0.020701 -0.103412 1.450394 0.458582 -0.840409 0.288816 0.403816 0.809125 1 2 1.000000
0 0.011981 -0.095779 1.471124 0.137762 -0.861080 0.489451 0.376429 0.891234 1 2 1.000000
Silica_def_hair.png
0 0.011981 -0.095779 1.471124 0.137762 -0.861080 0.489451 0.376429 0.891234 1 2 1.000000
0 -0.017200 -0.103829 1.447234 -0.372857 -0.878462 0.298800 0.278616 0.809125 1 2 1.000000
0 0.020701 -0.103412 1.450394 0.458582 -0.840409 0.288816 0.403816 0.809125 1 2 1.000000
Silica_def_hair.png
0 0.017431 -0.109873 1.422235 0.499430 -0.866142 -0.019177 0.392079 0.691826 1 2 1.000000
0 0.020701 -0.103412 1.450394 0.458582 -0.840409 0.288816 0.403816 0.809125 1 2 1.000000
0 -0.017200 -0.103829 1.447234 -0.372857 -0.878462 0.298800 0.278616 0.809125 1 2 1.000000
Silica_def_hair.png
0 -0.017200 -0.103829 1.447234 -0.372857 -0.878462 0.298800 0.278616 0.809125 1 2 1.000000
0 -0.015436 -0.109728 1.423123 -0.401282 -0.914884 -0.044278 0.286441 0.684006 1 2 1.000000
0 0.017431 -0.109873 1.422235 0.499430 -0.866142 -0.019177 0.392079 0.691826 1 2 1.000000
Silica_def_hair.png
0 0.007860 -0.107662 1.384003 0.137817 -0.910756 -0.389269 0.372516 0.531518 1 2 1.000000
0 0.017431 -0.109873 1.422235 0.499430 -0.866142 -0.019177 0.392079 0.691826 1 2 1.000000
0 -0.015436 -0.109728 1.423123 -0.401282 -0.914884 -0.044278 0.286441 0.684006 1 2 1.000000
Silica_def_hair.png
0 -0.015436 -0.109728 1.423123 -0.401282 -0.914884 -0.044278 0.286441 0.684006 1 2 1.000000
0 -0.013410 -0.103173 1.389775 -0.504181 -0.770398 -0.390241 0.298178 0.551068 1 2 1.000000
0 0.007860 -0.107662 1.384003 0.137817 -0.910756 -0.389269 0.372516 0.531518 1 2 1.000000
Silica_def_hair.png
0 -0.002006 -0.092294 1.366058 -0.310664 -0.799584 -0.513958 0.337303 0.449409 1 2 1.000000
0 0.007860 -0.107662 1.384003 0.137817 -0.910756 -0.389269 0.372516 0.531518 1 2 1.000000
0 -0.013410 -0.103173 1.389775 -0.504181 -0.770398 -0.390241 0.298178 0.551068 1 2 1.000000
Silica_def_hair.png
0 0.116641 0.111053 1.437895 -0.172951 0.322351 0.930687 0.051689 0.902964 1 2 1.000000
0 0.101898 0.082498 1.430740 -0.697528 0.186794 0.691783 0.067339 0.985073 1 2 1.000000
0 0.117450 0.087787 1.444993 -0.330171 0.264916 0.905984 0.090815 0.938154 1 2 1.000000
Silica_def_hair.png
0 0.117450 0.087787 1.444993 -0.330171 0.264916 0.905984 0.090815 0.938154 1 2 1.000000
0 0.146210 0.103697 1.437090 0.227053 0.382236 0.895736 0.098640 0.879504 1 2 1.000000
0 0.116641 0.111053 1.437895 -0.172951 0.322351 0.930687 0.051689 0.902964 1 2 1.000000
Silica_def_hair.png
0 0.141419 0.123233 1.429074 0.375788 0.497758 0.781678 0.047777 0.848225 1 2 1.000000
0 0.116641 0.111053 1.437895 -0.172951 0.322351 0.930687 0.051689 0.902964 1 2 1.000000
0 0.146210 0.103697 1.437090 0.227053 0.382236 0.895736 0.098640 0.879504 1 2 1.000000
Silica_def_hair.png
0 0.146210 0.103697 1.437090 0.227053 0.382236 0.895736 0.098640 0.879504 1 2 1.000000
0 0.165251 0.107779 1.424021 0.564208 0.598258 0.568996 0.094727 0.789575 1 2 1.000000
0 0.141419 0.123233 1.429074 0.375788 0.497758 0.781678 0.047777 0.848225 1 2 1.000000
Silica_def_hair.png
0 0.144981 0.131838 1.416850 0.575406 0.637498 0.512352 0.043864 0.785665 1 2 1.000000
0 0.141419 0.123233 1.429074 0.375788 0.497758 0.781678 0.047777 0.848225 1 2 1.000000
0 0.165251 0.107779 1.424021 0.564208 0.598258 0.568996 0.094727 0.789575 1 2 1.000000
Silica_def_hair.png
0 0.165251 0.107779 1.424021 0.564208 0.598258 0.568996 0.094727 0.789575 1 2 1.000000
0 0.162634 0.141475 1.377015 0.656444 0.656573 0.371475 0.032127 0.715286 1 2 1.000000
0 0.144981 0.131838 1.416850 0.575406 0.637498 0.512352 0.043864 0.785665 1 2 1.000000
Silica_def_hair.png
0 0.000000 0.096056 1.500725 0.000000 0.781714 0.623637 0.153415 -0.000237 1 2 1.000000
0 0.000000 0.117372 1.459831 0.000000 0.955810 0.293983 0.321653 -0.000237 1 2 1.000000
0 -0.051122 0.104577 1.460707 -0.452440 0.807308 0.378882 0.317741 0.148342 1 2 1.000000
Silica_def_hair.png
0 -0.051122 0.104577 1.460707 -0.452440 0.807308 0.378882 0.317741 0.148342 1 2 1.000000
0 -0.028971 0.084747 1.505156 -0.354960 0.571934 0.739524 0.133852 0.117062 1 2 1.000000
0 0.000000 0.096056 1.500725 0.000000 0.781714 0.623637 0.153415 -0.000237 1 2 1.000000
Silica_def_hair.png
0 0.000000 0.059853 1.524002 0.000000 0.311207 0.950342 0.047777 -0.000237 1 2 1.000000
0 0.000000 0.096056 1.500725 0.000000 0.781714 0.623637 0.153415 -0.000237 1 2 1.000000
0 -0.028971 0.084747 1.505156 -0.354960 0.571934 0.739524 0.133852 0.117062 1 2 1.000000
Silica_def_hair.png
0 -0.028971 0.084747 1.505156 -0.354960 0.571934 0.739524 0.133852 0.117062 1 2 1.000000
0 -0.052929 0.048298 1.508209 -0.519712 0.288550 0.804138 0.098640 0.261731 1 2 1.000000
0 0.000000 0.059853 1.524002 0.000000 0.311207 0.950342 0.047777 -0.000237 1 2 1.000000
Silica_def_hair.png
0 0.000000 0.012074 1.526436 0.000139 0.006039 0.999982 0.004739 0.300830 1 2 1.000000
0 0.000000 0.059853 1.524002 0.000000 0.311207 0.950342 0.047777 -0.000237 1 2 1.000000
0 -0.052929 0.048298 1.508209 -0.519712 0.288550 0.804138 0.098640 0.261731 1 2 1.000000
Silica_def_hair.png
0 -0.052929 0.048298 1.508209 -0.519712 0.288550 0.804138 0.098640 0.261731 1 2 1.000000
0 -0.065754 0.002364 1.508559 -0.603699 0.017871 0.797012 0.098640 0.410309 1 2 1.000000
0 0.000000 0.012074 1.526436 0.000139 0.006039 0.999982 0.004739 0.300830 1 2 1.000000
Silica_def_hair.png
0 0.000000 0.123134 1.409931 0.000000 0.999522 -0.030918 0.501629 -0.000237 1 2 1.000000
0 0.051122 0.104577 1.460707 0.452382 0.807337 0.378891 0.317741 0.148342 1 2 1.000000
0 0.060394 0.107836 1.411528 0.575525 0.794217 -0.194909 0.493804 0.160072 1 2 1.000000
Silica_def_hair.png
0 0.060394 0.107836 1.411528 0.575525 0.794217 -0.194909 0.493804 0.160072 1 2 1.000000
0 0.000000 0.102125 1.347358 -0.000001 0.884642 -0.466272 0.779418 -0.000237 1 2 1.000000
0 0.000000 0.123134 1.409931 0.000000 0.999522 -0.030918 0.501629 -0.000237 1 2 1.000000
Silica_def_hair.png
0 -0.060394 0.107836 1.411528 -0.575565 0.794200 -0.194861 0.493804 0.160072 1 2 1.000000
0 0.000000 0.123134 1.409931 0.000000 0.999522 -0.030918 0.501629 -0.000237 1 2 1.000000
0 0.000000 0.102125 1.347358 -0.000001 0.884642 -0.466272 0.779418 -0.000237 1 2 1.000000
Silica_def_hair.png
0 0.000000 0.102125 1.347358 -0.000001 0.884642 -0.466272 0.779418 -0.000237 1 2 1.000000
0 -0.042876 0.082654 1.346609 -0.518772 0.657620 -0.546271 0.783331 0.132702 1 2 1.000000
0 -0.060394 0.107836 1.411528 -0.575565 0.794200 -0.194861 0.493804 0.160072 1 2 1.000000
Silica_def_hair.png
0 -0.074175 0.044048 1.347717 -0.791192 0.241004 -0.562079 0.771593 0.265641 1 2 1.000000
0 -0.060394 0.107836 1.411528 -0.575565 0.794200 -0.194861 0.493804 0.160072 1 2 1.000000
0 -0.042876 0.082654 1.346609 -0.518772 0.657620 -0.546271 0.783331 0.132702 1 2 1.000000
Silica_def_hair.png
0 0.140158 0.046893 1.298710 0.400773 0.915754 0.027853 0.572055 0.613627 1 2 1.000000
0 0.144664 0.049113 1.241835 0.366619 0.928079 0.065272 0.568142 0.625357 1 2 1.000000
0 0.117800 0.060166 1.235566 0.401581 0.914456 0.050029 0.470329 0.625357 1 2 1.000000
Silica_def_hair.png
0 0.117800 0.060166 1.235566 0.401581 0.914456 0.050029 0.470329 0.625357 1 2 1.000000
0 0.118709 0.056557 1.317673 0.449739 0.893129 -0.007391 0.470329 0.578437 1 2 1.000000
0 0.140158 0.046893 1.298710 0.400773 0.915754 0.027853 0.572055 0.613627 1 2 1.000000
Silica_def_hair.png
0 0.126373 0.053998 1.360569 0.217808 0.943954 -0.248014 0.575967 0.539338 1 2 1.000000
0 0.140158 0.046893 1.298710 0.400773 0.915754 0.027853 0.572055 0.613627 1 2 1.000000
0 0.118709 0.056557 1.317673 0.449739 0.893129 -0.007391 0.470329 0.578437 1 2 1.000000
Silica_def_hair.png
0 0.118709 0.056557 1.317673 0.449739 0.893129 -0.007391 0.470329 0.578437 1 2 1.000000
0 0.102135 0.070012 1.393414 0.664636 -0.062631 -0.744537 0.470329 0.418129 1 2 1.000000
0 0.126373 0.053998 1.360569 0.217808 0.943954 -0.248014 0.575967 0.539338 1 2 1.000000
Silica_def_hair.png
0 0.114736 0.079570 1.397984 0.359375 -0.027796 -0.932779 0.575967 0.418129 1 2 1.000000
0 0.126373 0.053998 1.360569 0.217808 0.943954 -0.248014 0.575967 0.539338 1 2 1.000000
0 0.102135 0.070012 1.393414 0.664636 -0.062631 -0.744537 0.470329 0.418129 1 2 1.000000
Silica_def_hair.png
0 0.169613 0.093740 1.422810 0.739683 -0.362705 0.566846 0.008652 0.820855 1 2 1.000000
0 0.137425 0.066986 1.432926 0.485749 -0.270071 0.831330 0.032127 0.977253 1 2 1.000000
0 0.159101 0.072743 1.422131 0.671297 -0.357084 0.649501 0.051689 0.836495 1 2 1.000000
Silica_def_hair.png
0 0.159101 0.072743 1.422131 0.671297 -0.357084 0.649501 0.051689 0.836495 1 2 1.000000
0 0.176518 0.067788 1.383666 0.834697 -0.383289 0.395438 0.055602 0.750476 1 2 1.000000
0 0.169613 0.093740 1.422810 0.739683 -0.362705 0.566846 0.008652 0.820855 1 2 1.000000
Silica_def_hair.png
0 0.196979 0.096625 1.365928 0.912931 -0.324103 0.248020 0.008652 0.691826 1 2 1.000000
0 0.169613 0.093740 1.422810 0.739683 -0.362705 0.566846 0.008652 0.820855 1 2 1.000000
0 0.176518 0.067788 1.383666 0.834697 -0.383289 0.395438 0.055602 0.750476 1 2 1.000000
Silica_def_hair.png
0 0.176518 0.067788 1.383666 0.834697 -0.383289 0.395438 0.055602 0.750476 1 2 1.000000
0 0.191391 0.073386 1.355704 0.937627 -0.301558 0.172968 0.051689 0.672276 1 2 1.000000
0 0.196979 0.096625 1.365928 0.912931 -0.324103 0.248020 0.008652 0.691826 1 2 1.000000
Silica_def_hair.png
0 0.192940 0.086567 1.322828 0.975412 -0.216565 -0.040870 0.043864 0.586257 1 2 1.000000
0 0.196979 0.096625 1.365928 0.912931 -0.324103 0.248020 0.008652 0.691826 1 2 1.000000
0 0.191391 0.073386 1.355704 0.937627 -0.301558 0.172968 0.051689 0.672276 1 2 1.000000
Silica_def_hair.png
0 0.118624 0.113643 1.410949 -0.784823 0.617348 -0.054166 0.098640 0.813035 1 2 1.000000
0 0.101898 0.082498 1.430740 -0.903887 0.411772 -0.115899 0.098640 0.977253 1 2 1.000000
0 0.114453 0.109495 1.428741 -0.820448 0.568587 -0.059779 0.126027 0.895144 1 2 1.000000
Silica_def_hair.png
0 0.114453 0.109495 1.428741 -0.820448 0.568587 -0.059779 0.126027 0.895144 1 2 1.000000
0 0.130208 0.125276 1.411808 -0.738121 0.673673 -0.036634 0.141677 0.773935 1 2 1.000000
0 0.118624 0.113643 1.410949 -0.784823 0.617348 -0.054166 0.098640 0.813035 1 2 1.000000
Silica_def_hair.png
0 0.136653 0.129183 1.369692 -0.739031 0.656873 -0.149502 0.110377 0.691826 1 2 1.000000
0 0.118624 0.113643 1.410949 -0.784823 0.617348 -0.054166 0.098640 0.813035 1 2 1.000000
0 0.130208 0.125276 1.411808 -0.738121 0.673673 -0.036634 0.141677 0.773935 1 2 1.000000
Silica_def_hair.png
0 0.130208 0.125276 1.411808 -0.738121 0.673673 -0.036634 0.141677 0.773935 1 2 1.000000
0 0.142885 0.137751 1.373139 -0.751325 0.628031 -0.202701 0.129940 0.703556 1 2 1.000000
0 0.136653 0.129183 1.369692 -0.739031 0.656873 -0.149502 0.110377 0.691826 1 2 1.000000
Silica_def_hair.png
0 0.147228 0.121304 1.332877 -0.692447 0.638669 -0.335589 0.122115 0.605807 1 2 1.000000
0 0.136653 0.129183 1.369692 -0.739031 0.656873 -0.149502 0.110377 0.691826 1 2 1.000000
0 0.142885 0.137751 1.373139 -0.751325 0.628031 -0.202701 0.129940 0.703556 1 2 1.000000
Silica_def_hair.png
0 0.165510 0.050968 1.365237 0.516807 -0.806599 0.286895 0.047777 0.699646 1 2 1.000000
0 0.180786 0.053517 1.313831 0.583911 -0.800713 0.133813 0.082989 0.578437 1 2 1.000000
0 0.182753 0.064868 1.373170 0.535816 -0.806786 0.248992 0.102552 0.695736 1 2 1.000000
Silica_def_hair.png
0 0.182753 0.064868 1.373170 0.535816 -0.806786 0.248992 0.102552 0.695736 1 2 1.000000
0 0.159101 0.072743 1.422131 0.460884 -0.800018 0.384131 0.110377 0.820855 1 2 1.000000
0 0.165510 0.050968 1.365237 0.516807 -0.806599 0.286895 0.047777 0.699646 1 2 1.000000
Silica_def_hair.png
0 0.141090 0.056820 1.410511 0.361326 -0.836816 0.411318 0.047777 0.816945 1 2 1.000000
0 0.165510 0.050968 1.365237 0.516807 -0.806599 0.286895 0.047777 0.699646 1 2 1.000000
0 0.159101 0.072743 1.422131 0.460884 -0.800018 0.384131 0.110377 0.820855 1 2 1.000000
Silica_def_hair.png
0 0.159101 0.072743 1.422131 0.460884 -0.800018 0.384131 0.110377 0.820855 1 2 1.000000
0 0.137425 0.066986 1.432926 0.300957 -0.849021 0.434268 0.098640 0.961613 1 2 1.000000
0 0.141090 0.056820 1.410511 0.361326 -0.836816 0.411318 0.047777 0.816945 1 2 1.000000
Silica_def_hair.png
0 0.111598 0.060475 1.429747 0.170579 -0.886576 0.429984 0.051689 0.985073 1 2 1.000000
0 0.141090 0.056820 1.410511 0.361326 -0.836816 0.411318 0.047777 0.816945 1 2 1.000000
0 0.137425 0.066986 1.432926 0.300957 -0.849021 0.434268 0.098640 0.961613 1 2 1.000000
Silica_def_hair.png
0 -0.126373 0.053998 1.360569 -0.217808 0.943954 -0.248014 0.575967 0.539338 1 2 1.000000
0 -0.114736 0.079570 1.397984 -0.359375 -0.027796 -0.932779 0.575967 0.418129 1 2 1.000000
0 -0.102135 0.070012 1.393414 -0.664636 -0.062631 -0.744537 0.470329 0.418129 1 2 1.000000
Silica_def_hair.png
0 -0.102135 0.070012 1.393414 -0.664636 -0.062631 -0.744537 0.470329 0.418129 1 2 1.000000
0 -0.118709 0.056557 1.317673 -0.449739 0.893129 -0.007391 0.470329 0.578437 1 2 1.000000
0 -0.126373 0.053998 1.360569 -0.217808 0.943954 -0.248014 0.575967 0.539338 1 2 1.000000
Silica_def_hair.png
0 -0.140158 0.046893 1.298710 -0.400773 0.915754 0.027853 0.572055 0.613627 1 2 1.000000
0 -0.126373 0.053998 1.360569 -0.217808 0.943954 -0.248014 0.575967 0.539338 1 2 1.000000
0 -0.118709 0.056557 1.317673 -0.449739 0.893129 -0.007391 0.470329 0.578437 1 2 1.000000
Silica_def_hair.png
0 -0.118709 0.056557 1.317673 -0.449739 0.893129 -0.007391 0.470329 0.578437 1 2 1.000000
0 -0.117800 0.060166 1.235566 -0.401581 0.914456 0.050029 0.470329 0.625357 1 2 1.000000
0 -0.140158 0.046893 1.298710 -0.400773 0.915754 0.027853 0.572055 0.613627 1 2 1.000000
Silica_def_hair.png
0 -0.144664 0.049113 1.241835 -0.366619 0.928079 0.065272 0.568142 0.625357 1 2 1.000000
0 -0.140158 0.046893 1.298710 -0.400773 0.915754 0.027853 0.572055 0.613627 1 2 1.000000
0 -0.117800 0.060166 1.235566 -0.401581 0.914456 0.050029 0.470329 0.625357 1 2 1.000000
Silica_def_hair.png
0 -0.196979 0.096625 1.365928 -0.912931 -0.324103 0.248020 0.008652 0.691826 1 2 1.000000
0 -0.192940 0.086567 1.322828 -0.975412 -0.216565 -0.040870 0.043864 0.586257 1 2 1.000000
0 -0.191391 0.073386 1.355704 -0.937627 -0.301558 0.172968 0.051689 0.672276 1 2 1.000000
Silica_def_hair.png
0 -0.191391 0.073386 1.355704 -0.937627 -0.301558 0.172968 0.051689 0.672276 1 2 1.000000
0 -0.176518 0.067788 1.383666 -0.834697 -0.383289 0.395438 0.055602 0.750476 1 2 1.000000
0 -0.196979 0.096625 1.365928 -0.912931 -0.324103 0.248020 0.008652 0.691826 1 2 1.000000
Silica_def_hair.png
0 -0.169613 0.093740 1.422810 -0.739683 -0.362705 0.566846 0.008652 0.820855 1 2 1.000000
0 -0.196979 0.096625 1.365928 -0.912931 -0.324103 0.248020 0.008652 0.691826 1 2 1.000000
0 -0.176518 0.067788 1.383666 -0.834697 -0.383289 0.395438 0.055602 0.750476 1 2 1.000000
Silica_def_hair.png
0 -0.176518 0.067788 1.383666 -0.834697 -0.383289 0.395438 0.055602 0.750476 1 2 1.000000
0 -0.159101 0.072743 1.422131 -0.671297 -0.357084 0.649501 0.051689 0.836495 1 2 1.000000
0 -0.169613 0.093740 1.422810 -0.739683 -0.362705 0.566846 0.008652 0.820855 1 2 1.000000
Silica_def_hair.png
0 -0.137425 0.066986 1.432926 -0.485749 -0.270071 0.831330 0.032127 0.977253 1 2 1.000000
0 -0.169613 0.093740 1.422810 -0.739683 -0.362705 0.566846 0.008652 0.820855 1 2 1.000000
0 -0.159101 0.072743 1.422131 -0.671297 -0.357084 0.649501 0.051689 0.836495 1 2 1.000000
Silica_def_hair.png
0 -0.136653 0.129183 1.369692 0.630977 0.764698 -0.130787 0.110377 0.691826 1 2 1.000000
0 -0.147228 0.121304 1.332877 0.534541 0.781860 -0.320876 0.122115 0.605807 1 2 1.000000
0 -0.147116 0.137751 1.373139 0.588759 0.789224 -0.174610 0.129940 0.703556 1 2 1.000000
Silica_def_hair.png
0 -0.147116 0.137751 1.373139 0.588759 0.789224 -0.174610 0.129940 0.703556 1 2 1.000000
0 -0.130208 0.125276 1.411808 0.682132 0.730874 -0.022773 0.141677 0.773935 1 2 1.000000
0 -0.136653 0.129183 1.369692 0.630977 0.764698 -0.130787 0.110377 0.691826 1 2 1.000000
Silica_def_hair.png
0 -0.118624 0.113643 1.410949 0.784823 0.617348 -0.054166 0.098640 0.813035 1 2 1.000000
0 -0.136653 0.129183 1.369692 0.630977 0.764698 -0.130787 0.110377 0.691826 1 2 1.000000
0 -0.130208 0.125276 1.411808 0.682132 0.730874 -0.022773 0.141677 0.773935 1 2 1.000000
Silica_def_hair.png
0 -0.130208 0.125276 1.411808 0.682132 0.730874 -0.022773 0.141677 0.773935 1 2 1.000000
0 -0.114453 0.109495 1.428741 0.820448 0.568587 -0.059779 0.126027 0.895144 1 2 1.000000
0 -0.118624 0.113643 1.410949 0.784823 0.617348 -0.054166 0.098640 0.813035 1 2 1.000000
Silica_def_hair.png
0 -0.101898 0.082498 1.430740 0.903887 0.411772 -0.115899 0.098640 0.977253 1 2 1.000000
0 -0.118624 0.113643 1.410949 0.784823 0.617348 -0.054166 0.098640 0.813035 1 2 1.000000
0 -0.114453 0.109495 1.428741 0.820448 0.568587 -0.059779 0.126027 0.895144 1 2 1.000000
Silica_def_hair.png
0 -0.141090 0.056820 1.410511 -0.361326 -0.836816 0.411318 0.047777 0.816945 1 2 1.000000
0 -0.111598 0.060475 1.429747 -0.170579 -0.886576 0.429984 0.051689 0.985073 1 2 1.000000
0 -0.137425 0.066986 1.432926 -0.300957 -0.849021 0.434268 0.098640 0.961613 1 2 1.000000
Silica_def_hair.png
0 -0.137425 0.066986 1.432926 -0.300957 -0.849021 0.434268 0.098640 0.961613 1 2 1.000000
0 -0.159101 0.072743 1.422131 -0.460884 -0.800018 0.384131 0.110377 0.820855 1 2 1.000000
0 -0.141090 0.056820 1.410511 -0.361326 -0.836816 0.411318 0.047777 0.816945 1 2 1.000000
Silica_def_hair.png
0 -0.165510 0.050968 1.365237 -0.516807 -0.806599 0.286895 0.047777 0.699646 1 2 1.000000
0 -0.141090 0.056820 1.410511 -0.361326 -0.836816 0.411318 0.047777 0.816945 1 2 1.000000
0 -0.159101 0.072743 1.422131 -0.460884 -0.800018 0.384131 0.110377 0.820855 1 2 1.000000
Silica_def_hair.png
0 -0.159101 0.072743 1.422131 -0.460884 -0.800018 0.384131 0.110377 0.820855 1 2 1.000000
0 -0.182753 0.064868 1.373170 -0.535816 -0.806786 0.248992 0.102552 0.695736 1 2 1.000000
0 -0.165510 0.050968 1.365237 -0.516807 -0.806599 0.286895 0.047777 0.699646 1 2 1.000000
Silica_def_hair.png
0 -0.180786 0.053517 1.313831 -0.583911 -0.800713 0.133813 0.082989 0.578437 1 2 1.000000
0 -0.165510 0.050968 1.365237 -0.516807 -0.806599 0.286895 0.047777 0.699646 1 2 1.000000
0 -0.182753 0.064868 1.373170 -0.535816 -0.806786 0.248992 0.102552 0.695736 1 2 1.000000
Silica_def_hair.png
0 -0.015436 -0.109728 1.423123 -0.401282 -0.914884 -0.044278 0.286441 0.684006 1 2 1.000000
0 -0.017200 -0.103829 1.447234 -0.372857 -0.878462 0.298800 0.278616 0.809125 1 2 1.000000
0 -0.035095 -0.091980 1.424501 -0.695636 -0.715459 0.064876 0.196453 0.676186 1 2 1.000000
Silica_def_hair.png
0 -0.035095 -0.091980 1.424501 -0.695636 -0.715459 0.064876 0.196453 0.676186 1 2 1.000000
0 -0.025325 -0.094313 1.397250 -0.679990 -0.683957 -0.264228 0.235578 0.562797 1 2 1.000000
0 -0.015436 -0.109728 1.423123 -0.401282 -0.914884 -0.044278 0.286441 0.684006 1 2 1.000000
Silica_def_hair.png
0 -0.013410 -0.103173 1.389775 -0.504181 -0.770398 -0.390241 0.298178 0.551068 1 2 1.000000
0 -0.015436 -0.109728 1.423123 -0.401282 -0.914884 -0.044278 0.286441 0.684006 1 2 1.000000
0 -0.025325 -0.094313 1.397250 -0.679990 -0.683957 -0.264228 0.235578 0.562797 1 2 1.000000
Silica_def_hair.png
0 -0.025325 -0.094313 1.397250 -0.679990 -0.683957 -0.264228 0.235578 0.562797 1 2 1.000000
0 -0.016348 -0.091240 1.378353 -0.608116 -0.621940 -0.493341 0.262966 0.511968 1 2 1.000000
0 -0.013410 -0.103173 1.389775 -0.504181 -0.770398 -0.390241 0.298178 0.551068 1 2 1.000000
Silica_def_hair.png
0 -0.003772 -0.082716 1.356676 -0.510948 -0.656716 -0.554667 0.317741 0.418129 1 2 1.000000
0 -0.013410 -0.103173 1.389775 -0.504181 -0.770398 -0.390241 0.298178 0.551068 1 2 1.000000
0 -0.016348 -0.091240 1.378353 -0.608116 -0.621940 -0.493341 0.262966 0.511968 1 2 1.000000
Silica_def_hair.png
0 -0.077674 -0.066013 1.397902 -0.382428 -0.912586 -0.144691 0.689430 0.594077 1 2 1.000000
0 -0.071331 -0.059170 1.362391 0.197857 -0.968486 -0.151287 0.638568 0.422039 1 2 1.000000
0 -0.065668 -0.062762 1.392792 0.170217 -0.962272 -0.212272 0.607267 0.539338 1 2 1.000000
Silica_def_hair.png
0 -0.065668 -0.062762 1.392792 0.170217 -0.962272 -0.212272 0.607267 0.539338 1 2 1.000000
0 -0.058098 -0.068310 1.416125 -0.027377 -0.980389 -0.195160 0.575967 0.691826 1 2 1.000000
0 -0.077674 -0.066013 1.397902 -0.382428 -0.912586 -0.144691 0.689430 0.594077 1 2 1.000000
Silica_def_hair.png
0 -0.076586 -0.067176 1.422375 -0.498188 -0.866614 0.028078 0.685518 0.684006 1 2 1.000000
0 -0.077674 -0.066013 1.397902 -0.382428 -0.912586 -0.144691 0.689430 0.594077 1 2 1.000000
0 -0.058098 -0.068310 1.416125 -0.027377 -0.980389 -0.195160 0.575967 0.691826 1 2 1.000000
Silica_def_hair.png
0 -0.058098 -0.068310 1.416125 -0.027377 -0.980389 -0.195160 0.575967 0.691826 1 2 1.000000
0 -0.039208 -0.079452 1.446175 -0.265038 -0.960399 0.085960 0.505542 0.816945 1 2 1.000000
0 -0.076586 -0.067176 1.422375 -0.498188 -0.866614 0.028078 0.685518 0.684006 1 2 1.000000
Silica_def_hair.png
0 -0.067865 -0.066290 1.458284 -0.502085 -0.805717 0.314215 0.658130 0.809125 1 2 1.000000
0 -0.076586 -0.067176 1.422375 -0.498188 -0.866614 0.028078 0.685518 0.684006 1 2 1.000000
0 -0.039208 -0.079452 1.446175 -0.265038 -0.960399 0.085960 0.505542 0.816945 1 2 1.000000
Silica_def_hair.png
0 0.076220 -0.067176 1.422375 0.498237 -0.866584 0.028151 0.685518 0.684006 1 2 1.000000
0 0.067499 -0.066290 1.458284 0.502216 -0.805622 0.314250 0.658130 0.809125 1 2 1.000000
0 0.038842 -0.079452 1.446175 0.576011 -0.812527 0.089498 0.505542 0.816945 1 2 1.000000
Silica_def_hair.png
0 0.038842 -0.079452 1.446175 0.576011 -0.812527 0.089498 0.505542 0.816945 1 2 1.000000
0 0.057731 -0.068310 1.416125 0.027375 -0.980388 -0.195165 0.575967 0.691826 1 2 1.000000
0 0.076220 -0.067176 1.422375 0.498237 -0.866584 0.028151 0.685518 0.684006 1 2 1.000000
Silica_def_hair.png
0 0.077308 -0.066013 1.397902 0.382427 -0.912586 -0.144692 0.689430 0.594077 1 2 1.000000
0 0.076220 -0.067176 1.422375 0.498237 -0.866584 0.028151 0.685518 0.684006 1 2 1.000000
0 0.057731 -0.068310 1.416125 0.027375 -0.980388 -0.195165 0.575967 0.691826 1 2 1.000000
Silica_def_hair.png
0 0.057731 -0.068310 1.416125 0.027375 -0.980388 -0.195165 0.575967 0.691826 1 2 1.000000
0 0.065302 -0.062762 1.392792 -0.170216 -0.962271 -0.212275 0.607267 0.539338 1 2 1.000000
0 0.077308 -0.066013 1.397902 0.382427 -0.912586 -0.144692 0.689430 0.594077 1 2 1.000000
Silica_def_hair.png
0 0.070965 -0.059170 1.362391 -0.197857 -0.968486 -0.151287 0.638568 0.422039 1 2 1.000000
0 0.077308 -0.066013 1.397902 0.382427 -0.912586 -0.144692 0.689430 0.594077 1 2 1.000000
0 0.065302 -0.062762 1.392792 -0.170216 -0.962271 -0.212275 0.607267 0.539338 1 2 1.000000
Silica_def_hair.png
0 -0.102135 0.070012 1.393414 -0.664636 -0.062631 -0.744537 0.470329 0.418129 1 2 1.000000
0 -0.102135 0.070012 1.393414 -0.664636 -0.062631 -0.744537 0.470329 0.418129 1 2 1.000000
0 -0.114736 0.079570 1.397984 -0.359375 -0.027796 -0.932779 0.575967 0.418129 1 2 1.000000
Silica_def_hair.png
0 -0.114736 0.079570 1.397984 -0.359375 -0.027796 -0.932779 0.575967 0.418129 1 2 1.000000
0 -0.109818 0.089887 1.338667 -0.328482 -0.911291 -0.248292 0.575967 0.504148 1 2 1.000000
0 -0.102135 0.070012 1.393414 -0.664636 -0.062631 -0.744537 0.470329 0.418129 1 2 1.000000
Silica_def_hair.png
0 -0.093317 0.091368 1.323676 -0.282829 -0.926589 -0.247872 0.470329 0.566707 1 2 1.000000
0 -0.102135 0.070012 1.393414 -0.664636 -0.062631 -0.744537 0.470329 0.418129 1 2 1.000000
0 -0.109818 0.089887 1.338667 -0.328482 -0.911291 -0.248292 0.575967 0.504148 1 2 1.000000
Silica_def_hair.png
0 -0.109818 0.089887 1.338667 -0.328482 -0.911291 -0.248292 0.575967 0.504148 1 2 1.000000
0 -0.094018 0.107195 1.256988 -0.324992 -0.920920 -0.215145 0.568142 0.625357 1 2 1.000000
0 -0.093317 0.091368 1.323676 -0.282829 -0.926589 -0.247872 0.470329 0.566707 1 2 1.000000
Silica_def_hair.png
0 -0.070427 0.090577 1.265927 -0.515216 -0.835099 -0.192778 0.470329 0.625357 1 2 1.000000
0 -0.093317 0.091368 1.323676 -0.282829 -0.926589 -0.247872 0.470329 0.566707 1 2 1.000000
0 -0.094018 0.107195 1.256988 -0.324992 -0.920920 -0.215145 0.568142 0.625357 1 2 1.000000
Silica_def_hair.png
0 -0.024822 -0.037299 1.521142 -0.118360 -0.504406 0.855316 0.306003 0.992893 1 2 1.000000
0 -0.024822 -0.037299 1.521142 -0.118360 -0.504406 0.855316 0.306003 0.992893 1 2 1.000000
0 -0.042022 -0.052047 1.506010 -0.493556 -0.690490 0.528797 0.165152 0.981163 1 2 1.000000
Silica_def_hair.png
0 -0.042022 -0.052047 1.506010 -0.493556 -0.690490 0.528797 0.165152 0.981163 1 2 1.000000
0 -0.001097 -0.075698 1.501780 -0.021666 -0.674302 0.738138 0.372516 0.965523 1 2 1.000000
0 -0.024822 -0.037299 1.521142 -0.118360 -0.504406 0.855316 0.306003 0.992893 1 2 1.000000
Silica_def_hair.png
0 0.022628 -0.037299 1.521141 0.227767 -0.438947 0.869165 0.485979 0.992893 1 2 1.000000
0 -0.024822 -0.037299 1.521142 -0.118360 -0.504406 0.855316 0.306003 0.992893 1 2 1.000000
0 -0.001097 -0.075698 1.501780 -0.021666 -0.674302 0.738138 0.372516 0.965523 1 2 1.000000
Silica_def_hair.png
0 -0.001097 -0.075698 1.501780 -0.021666 -0.674302 0.738138 0.372516 0.965523 1 2 1.000000
0 0.041656 -0.052047 1.506010 0.502182 -0.622878 0.599863 0.552492 0.981163 1 2 1.000000
0 0.022628 -0.037299 1.521141 0.227767 -0.438947 0.869165 0.485979 0.992893 1 2 1.000000
Silica_def_hair.png
0 0.056431 -0.020141 1.509222 0.446416 -0.291881 0.845883 0.591617 0.992893 1 2 1.000000
0 0.022628 -0.037299 1.521141 0.227767 -0.438947 0.869165 0.485979 0.992893 1 2 1.000000
0 0.041656 -0.052047 1.506010 0.502182 -0.622878 0.599863 0.552492 0.981163 1 2 1.000000
Silica_def_hair.png
0 0.096341 0.057566 1.453042 0.896409 0.334105 0.291248 0.306003 0.289100 1 2 1.000000
0 0.097880 -0.001665 1.465601 0.880014 -0.029201 0.474049 0.251228 0.425949 1 2 1.000000
0 0.103330 0.006549 1.434556 0.991195 0.108064 0.076510 0.392079 0.402489 1 2 1.000000
Silica_def_hair.png
0 0.103330 0.006549 1.434556 0.991195 0.108064 0.076510 0.392079 0.402489 1 2 1.000000
0 0.101869 0.009187 1.406499 0.991003 -0.008033 -0.133600 0.517280 0.394669 1 2 1.000000
0 0.096341 0.057566 1.453042 0.896409 0.334105 0.291248 0.306003 0.289100 1 2 1.000000
Silica_def_hair.png
0 0.095162 0.063083 1.402371 0.907426 0.391704 -0.152140 0.532930 0.281280 1 2 1.000000
0 0.096341 0.057566 1.453042 0.896409 0.334105 0.291248 0.306003 0.289100 1 2 1.000000
0 0.101869 0.009187 1.406499 0.991003 -0.008033 -0.133600 0.517280 0.394669 1 2 1.000000
Silica_def_hair.png
0 0.101869 0.009187 1.406499 0.991003 -0.008033 -0.133600 0.517280 0.394669 1 2 1.000000
0 0.101429 0.032664 1.388888 0.901470 -0.113466 -0.417705 0.595530 0.347750 1 2 1.000000
0 0.095162 0.063083 1.402371 0.907426 0.391704 -0.152140 0.532930 0.281280 1 2 1.000000
Silica_def_hair.png
0 0.093317 0.091368 1.323676 0.282829 -0.926589 -0.247872 0.470329 0.566707 1 2 1.000000
0 0.070427 0.090577 1.265927 0.515216 -0.835099 -0.192778 0.470329 0.625357 1 2 1.000000
0 0.094018 0.107195 1.256988 0.324992 -0.920920 -0.215145 0.568142 0.625357 1 2 1.000000
Silica_def_hair.png
0 0.094018 0.107195 1.256988 0.324992 -0.920920 -0.215145 0.568142 0.625357 1 2 1.000000
0 0.109818 0.089887 1.338667 0.328482 -0.911291 -0.248292 0.575967 0.504148 1 2 1.000000
0 0.093317 0.091368 1.323676 0.282829 -0.926589 -0.247872 0.470329 0.566707 1 2 1.000000
Silica_def_hair.png
0 0.102135 0.070012 1.393414 0.664636 -0.062631 -0.744537 0.470329 0.418129 1 2 1.000000
0 0.093317 0.091368 1.323676 0.282829 -0.926589 -0.247872 0.470329 0.566707 1 2 1.000000
0 0.109818 0.089887 1.338667 0.328482 -0.911291 -0.248292 0.575967 0.504148 1 2 1.000000
Silica_def_hair.png
0 0.109818 0.089887 1.338667 0.328482 -0.911291 -0.248292 0.575967 0.504148 1 2 1.000000
0 0.114736 0.079570 1.397984 0.359375 -0.027796 -0.932779 0.575967 0.418129 1 2 1.000000
0 0.102135 0.070012 1.393414 0.664636 -0.062631 -0.744537 0.470329 0.418129 1 2 1.000000
Silica_def_hair.png
0 0.133829 0.128829 1.430642 -0.764820 0.641995 -0.053785 0.079077 0.770025 1 2 1.000000
0 0.151452 0.155237 1.406539 -0.865655 0.491698 -0.094207 0.047777 0.586257 1 2 1.000000
0 0.134361 0.127103 1.416745 -0.788395 0.606063 -0.105453 0.047777 0.773935 1 2 1.000000
Silica_def_hair.png
0 0.134361 0.127103 1.416745 -0.788395 0.606063 -0.105453 0.047777 0.773935 1 2 1.000000
0 0.114453 0.109495 1.428741 -0.780381 0.624776 0.025708 0.047777 0.883414 1 2 1.000000
0 0.133829 0.128829 1.430642 -0.764820 0.641995 -0.053785 0.079077 0.770025 1 2 1.000000
Silica_def_hair.png
0 0.116641 0.111053 1.437895 -0.813112 0.574027 0.096651 0.094727 0.867774 1 2 1.000000
0 0.133829 0.128829 1.430642 -0.764820 0.641995 -0.053785 0.079077 0.770025 1 2 1.000000
0 0.114453 0.109495 1.428741 -0.780381 0.624776 0.025708 0.047777 0.883414 1 2 1.000000
Silica_def_hair.png
0 -0.129081 0.079112 1.427165 -0.892504 0.441778 0.090927 0.928094 0.875594 1 2 1.000000
0 -0.107458 0.101316 1.412538 -0.374154 0.883808 -0.280878 0.955482 0.899054 1 2 1.000000
0 -0.120116 0.080178 1.397956 -0.543044 0.430557 -0.720919 0.990695 0.902964 1 2 1.000000
Silica_def_hair.png
0 -0.120116 0.080178 1.397956 -0.543044 0.430557 -0.720919 0.990695 0.902964 1 2 1.000000
0 -0.131041 0.057699 1.411920 -0.861197 -0.238062 -0.449073 0.971132 0.899054 1 2 1.000000
0 -0.129081 0.079112 1.427165 -0.892504 0.441778 0.090927 0.928094 0.875594 1 2 1.000000
Silica_def_hair.png
0 -0.129307 0.056357 1.437599 -0.861866 -0.383612 0.331706 0.924182 0.895144 1 2 1.000000
0 -0.129081 0.079112 1.427165 -0.892504 0.441778 0.090927 0.928094 0.875594 1 2 1.000000
0 -0.131041 0.057699 1.411920 -0.861197 -0.238062 -0.449073 0.971132 0.899054 1 2 1.000000
Silica_def_hair.png
0 -0.133829 0.128829 1.430642 0.764820 0.641995 -0.053785 0.079077 0.770025 1 2 1.000000
0 -0.116641 0.111053 1.437895 0.813112 0.574027 0.096651 0.094727 0.867774 1 2 1.000000
0 -0.114453 0.109495 1.428741 0.780381 0.624776 0.025708 0.047777 0.883414 1 2 1.000000
Silica_def_hair.png
0 -0.114453 0.109495 1.428741 0.780381 0.624776 0.025708 0.047777 0.883414 1 2 1.000000
0 -0.134361 0.127103 1.416745 0.788395 0.606063 -0.105453 0.047777 0.773935 1 2 1.000000
0 -0.133829 0.128829 1.430642 0.764820 0.641995 -0.053785 0.079077 0.770025 1 2 1.000000
Silica_def_hair.png
0 -0.151452 0.155237 1.406539 0.865655 0.491698 -0.094207 0.047777 0.586257 1 2 1.000000
0 -0.133829 0.128829 1.430642 0.764820 0.641995 -0.053785 0.079077 0.770025 1 2 1.000000
0 -0.134361 0.127103 1.416745 0.788395 0.606063 -0.105453 0.047777 0.773935 1 2 1.000000
Silica_def_hair.png
0 0.007860 -0.107662 1.384003 0.137817 -0.910756 -0.389269 0.372516 0.531518 1 2 1.000000
0 -0.002006 -0.092294 1.366058 -0.310664 -0.799584 -0.513958 0.337303 0.449409 1 2 1.000000
0 0.003508 -0.083757 1.349383 0.270219 -0.776060 -0.569835 0.376429 0.429859 1 2 1.000000
Silica_def_hair.png
0 0.003508 -0.083757 1.349383 0.270219 -0.776060 -0.569835 0.376429 0.429859 1 2 1.000000
0 0.018774 -0.091594 1.385143 0.747993 -0.575655 -0.330345 0.427291 0.554978 1 2 1.000000
0 0.007860 -0.107662 1.384003 0.137817 -0.910756 -0.389269 0.372516 0.531518 1 2 1.000000
Silica_def_hair.png
0 0.017431 -0.109873 1.422235 0.499430 -0.866142 -0.019177 0.392079 0.691826 1 2 1.000000
0 0.007860 -0.107662 1.384003 0.137817 -0.910756 -0.389269 0.372516 0.531518 1 2 1.000000
0 0.018774 -0.091594 1.385143 0.747993 -0.575655 -0.330345 0.427291 0.554978 1 2 1.000000
Silica_def_hair.png
0 0.129081 0.079112 1.427165 0.892504 0.441778 0.090927 0.928094 0.875594 1 2 1.000000
0 0.129307 0.056357 1.437599 0.861862 -0.383620 0.331708 0.924182 0.895144 1 2 1.000000
0 0.131041 0.057699 1.411920 0.861197 -0.238062 -0.449073 0.971132 0.899054 1 2 1.000000
Silica_def_hair.png
0 0.131041 0.057699 1.411920 0.861197 -0.238062 -0.449073 0.971132 0.899054 1 2 1.000000
0 0.120116 0.080178 1.397956 0.543050 0.430555 -0.720915 0.990695 0.902964 1 2 1.000000
0 0.129081 0.079112 1.427165 0.892504 0.441778 0.090927 0.928094 0.875594 1 2 1.000000
Silica_def_hair.png
0 0.107458 0.101316 1.412538 0.374172 0.883803 -0.280871 0.955482 0.899054 1 2 1.000000
0 0.129081 0.079112 1.427165 0.892504 0.441778 0.090927 0.928094 0.875594 1 2 1.000000
0 0.120116 0.080178 1.397956 0.543050 0.430555 -0.720915 0.990695 0.902964 1 2 1.000000
Silica_def_hair.png
0 -0.052929 0.048298 1.508209 -0.519712 0.288550 0.804138 0.098640 0.261731 1 2 1.000000
0 -0.028971 0.084747 1.505156 -0.354960 0.571934 0.739524 0.133852 0.117062 1 2 1.000000
0 -0.051122 0.104577 1.460707 -0.452440 0.807308 0.378882 0.317741 0.148342 1 2 1.000000
Silica_def_hair.png
0 -0.051122 0.104577 1.460707 -0.452440 0.807308 0.378882 0.317741 0.148342 1 2 1.000000
0 -0.096320 0.057566 1.453042 -0.896428 0.333694 0.291658 0.306003 0.289100 1 2 1.000000
0 -0.052929 0.048298 1.508209 -0.519712 0.288550 0.804138 0.098640 0.261731 1 2 1.000000
Silica_def_hair.png
0 -0.065754 0.002364 1.508559 -0.603699 0.017871 0.797012 0.098640 0.410309 1 2 1.000000
0 -0.052929 0.048298 1.508209 -0.519712 0.288550 0.804138 0.098640 0.261731 1 2 1.000000
0 -0.096320 0.057566 1.453042 -0.896428 0.333694 0.291658 0.306003 0.289100 1 2 1.000000
Silica_def_hair.png
0 0.060394 0.107836 1.411528 0.575525 0.794217 -0.194909 0.493804 0.160072 1 2 1.000000
0 0.074175 0.044048 1.347717 0.794453 0.216357 -0.567481 0.771593 0.265641 1 2 1.000000
0 0.042876 0.082654 1.346609 0.518760 0.657614 -0.546289 0.783331 0.132702 1 2 1.000000
Silica_def_hair.png
0 0.042876 0.082654 1.346609 0.518760 0.657614 -0.546289 0.783331 0.132702 1 2 1.000000
0 0.000000 0.102125 1.347358 -0.000001 0.884642 -0.466272 0.779418 -0.000237 1 2 1.000000
0 0.060394 0.107836 1.411528 0.575525 0.794217 -0.194909 0.493804 0.160072 1 2 1.000000
Silica_def_hair.png
0 0.194794 0.116149 1.357845 0.835640 0.469076 0.285786 0.153415 0.633177 1 2 1.000000
0 0.198943 0.090353 1.383030 0.818808 0.379684 0.430572 0.086902 0.691826 1 2 1.000000
0 0.206848 0.094883 1.359838 0.822562 0.492836 0.283732 0.098640 0.633177 1 2 1.000000
Silica_def_hair.png
0 0.206848 0.094883 1.359838 0.822562 0.492836 0.283732 0.098640 0.633177 1 2 1.000000
0 0.211176 0.098451 1.332669 0.844273 0.497276 0.199797 0.122115 0.570617 1 2 1.000000
0 0.194794 0.116149 1.357845 0.835640 0.469076 0.285786 0.153415 0.633177 1 2 1.000000
Silica_def_hair.png
0 0.162634 0.141475 1.377015 0.656444 0.656573 0.371475 0.032127 0.715286 1 2 1.000000
0 0.165251 0.107779 1.424021 0.564208 0.598258 0.568996 0.094727 0.789575 1 2 1.000000
0 0.182820 0.116404 1.385544 0.672783 0.657251 0.339683 0.098640 0.699646 1 2 1.000000
Silica_def_hair.png
0 0.182820 0.116404 1.385544 0.672783 0.657251 0.339683 0.098640 0.699646 1 2 1.000000
0 0.190876 0.128554 1.329373 0.712981 0.657206 0.244412 0.043864 0.637087 1 2 1.000000
0 0.162634 0.141475 1.377015 0.656444 0.656573 0.371475 0.032127 0.715286 1 2 1.000000
Silica_def_hair.png
0 0.088404 -0.022250 1.341316 0.821204 0.104747 -0.560938 0.924182 0.398579 1 2 1.000000
0 0.098246 -0.034160 1.373512 0.911874 -0.348784 -0.216413 0.838106 0.515878 1 2 1.000000
0 0.080502 -0.042388 1.340085 0.830531 -0.471515 -0.296466 0.814631 0.429859 1 2 1.000000
Silica_def_hair.png
0 0.080502 -0.042388 1.340085 0.830531 -0.471515 -0.296466 0.814631 0.429859 1 2 1.000000
0 0.073055 -0.041575 1.318859 0.754829 0.144082 -0.639901 0.842019 0.339930 1 2 1.000000
0 0.088404 -0.022250 1.341316 0.821204 0.104747 -0.560938 0.924182 0.398579 1 2 1.000000
Silica_def_hair.png
0 -0.101125 -0.004874 1.368971 -0.718907 0.544959 -0.431500 0.971132 0.496328 1 2 1.000000
0 -0.102052 0.009187 1.406499 -0.946508 0.282356 -0.156196 0.990695 0.621447 1 2 1.000000
0 -0.077139 0.005408 1.375932 -0.260418 0.878566 -0.400380 0.990695 0.492418 1 2 1.000000
Silica_def_hair.png
0 -0.077139 0.005408 1.375932 -0.260418 0.878566 -0.400380 0.990695 0.492418 1 2 1.000000
0 -0.074948 -0.011758 1.342542 -0.354453 0.706456 -0.612603 0.990695 0.406399 1 2 1.000000
0 -0.101125 -0.004874 1.368971 -0.718907 0.544959 -0.431500 0.971132 0.496328 1 2 1.000000
Silica_def_hair.png
0 0.105724 0.099974 1.438217 0.222403 0.916073 0.333687 0.912444 0.899054 1 2 1.000000
0 0.089200 0.096536 1.408639 -0.438010 0.795296 -0.419109 0.959395 0.949883 1 2 1.000000
0 0.087157 0.094954 1.442285 -0.394769 0.668475 0.630316 0.904619 0.957703 1 2 1.000000
Silica_def_hair.png
0 0.087157 0.094954 1.442285 -0.394769 0.668475 0.630316 0.904619 0.957703 1 2 1.000000
0 0.116649 0.077495 1.452181 0.469571 0.213609 0.856665 0.861581 0.902964 1 2 1.000000
0 0.105724 0.099974 1.438217 0.222403 0.916073 0.333687 0.912444 0.899054 1 2 1.000000
Silica_def_hair.png
0 -0.087157 0.094954 1.442285 0.394764 0.668484 0.630310 0.904619 0.957703 1 2 1.000000
0 -0.089200 0.096535 1.408639 0.438022 0.795288 -0.419111 0.959395 0.949883 1 2 1.000000
0 -0.105724 0.099974 1.438217 -0.222391 0.916078 0.333682 0.912444 0.899054 1 2 1.000000
Silica_def_hair.png
0 -0.105724 0.099974 1.438217 -0.222391 0.916078 0.333682 0.912444 0.899054 1 2 1.000000
0 -0.116649 0.077495 1.452181 -0.469574 0.213616 0.856661 0.861581 0.902964 1 2 1.000000
0 -0.087157 0.094954 1.442285 0.394764 0.668484 0.630310 0.904619 0.957703 1 2 1.000000
Silica_def_hair.png
0 0.096341 0.057566 1.453042 0.896409 0.334105 0.291248 0.306003 0.289100 1 2 1.000000
0 0.052929 0.048298 1.508209 0.519650 0.288556 0.804177 0.098640 0.261731 1 2 1.000000
0 0.065754 0.002364 1.508559 0.604345 0.015494 0.796572 0.098640 0.410309 1 2 1.000000
Silica_def_hair.png
0 0.065754 0.002364 1.508559 0.604345 0.015494 0.796572 0.098640 0.410309 1 2 1.000000
0 0.097880 -0.001665 1.465601 0.880014 -0.029201 0.474049 0.251228 0.425949 1 2 1.000000
0 0.096341 0.057566 1.453042 0.896409 0.334105 0.291248 0.306003 0.289100 1 2 1.000000
Silica_def_hair.png
0 -0.074175 0.044048 1.347717 -0.791192 0.241004 -0.562079 0.771593 0.265641 1 2 1.000000
0 -0.101429 0.032664 1.388888 -0.913575 -0.073385 -0.399995 0.595530 0.347750 1 2 1.000000
0 -0.095162 0.063083 1.402371 -0.906803 0.392755 -0.153142 0.532930 0.281280 1 2 1.000000
Silica_def_hair.png
0 -0.095162 0.063083 1.402371 -0.906803 0.392755 -0.153142 0.532930 0.281280 1 2 1.000000
0 -0.060394 0.107836 1.411528 -0.575565 0.794200 -0.194861 0.493804 0.160072 1 2 1.000000
0 -0.074175 0.044048 1.347717 -0.791192 0.241004 -0.562079 0.771593 0.265641 1 2 1.000000
Silica_def_hair.png
0 -0.024822 -0.037299 1.521142 -0.161008 0.048313 0.985770 0.039952 0.558888 1 2 1.000000
0 0.022628 -0.037299 1.521141 0.108230 0.026914 0.993761 0.039952 0.558888 1 2 1.000000
0 -0.022628 -0.020927 1.520698 -0.129338 0.000978 0.991600 0.043864 0.492418 1 2 1.000000
Silica_def_hair.png
0 -0.022628 -0.020927 1.520698 -0.129338 0.000978 0.991600 0.043864 0.492418 1 2 1.000000
0 -0.056614 -0.020141 1.509222 -0.428431 -0.062646 0.901400 0.094727 0.508058 1 2 1.000000
0 -0.024822 -0.037299 1.521142 -0.161008 0.048313 0.985770 0.039952 0.558888 1 2 1.000000
Silica_def_hair.png
0 0.077668 0.017546 1.373027 0.571585 0.673489 -0.468725 0.990695 0.492418 1 2 1.000000
0 0.101869 0.009187 1.406499 0.968961 0.207496 -0.134388 0.990695 0.621447 1 2 1.000000
0 0.100759 -0.004874 1.368971 0.806554 0.406108 -0.429589 0.971132 0.496328 1 2 1.000000
Silica_def_hair.png
0 0.100759 -0.004874 1.368971 0.806554 0.406108 -0.429589 0.971132 0.496328 1 2 1.000000
0 0.074581 -0.011758 1.342542 0.430848 0.612550 -0.662686 0.990695 0.406399 1 2 1.000000
0 0.077668 0.017546 1.373027 0.571585 0.673489 -0.468725 0.990695 0.492418 1 2 1.000000
Silica_def_hair.png
0 -0.080869 -0.042388 1.340085 -0.823761 -0.477027 -0.306370 0.814631 0.429859 1 2 1.000000
0 -0.098612 -0.034160 1.373512 -0.912241 -0.348199 -0.215812 0.838106 0.515878 1 2 1.000000
0 -0.088771 -0.022250 1.341316 -0.821206 0.104749 -0.560935 0.924182 0.398579 1 2 1.000000
Silica_def_hair.png
0 -0.088771 -0.022250 1.341316 -0.821206 0.104749 -0.560935 0.924182 0.398579 1 2 1.000000
0 -0.073421 -0.041575 1.318859 -0.754812 0.144081 -0.639922 0.842019 0.339930 1 2 1.000000
0 -0.080869 -0.042388 1.340085 -0.823761 -0.477027 -0.306370 0.814631 0.429859 1 2 1.000000
Silica_def_hair.png
0 -0.206848 0.094883 1.359838 -0.822562 0.492836 0.283732 0.098640 0.633177 1 2 1.000000
0 -0.198943 0.090353 1.383030 -0.818808 0.379684 0.430572 0.086902 0.691826 1 2 1.000000
0 -0.194794 0.116149 1.357845 -0.835640 0.469076 0.285786 0.153415 0.633177 1 2 1.000000
Silica_def_hair.png
0 -0.194794 0.116149 1.357845 -0.835640 0.469076 0.285786 0.153415 0.633177 1 2 1.000000
0 -0.211176 0.098451 1.332669 -0.844273 0.497276 0.199797 0.122115 0.570617 1 2 1.000000
0 -0.206848 0.094883 1.359838 -0.822562 0.492836 0.283732 0.098640 0.633177 1 2 1.000000
Silica_def_hair.png
0 -0.182820 0.116404 1.385544 -0.672783 0.657251 0.339683 0.098640 0.699646 1 2 1.000000
0 -0.165251 0.107779 1.424021 -0.600143 0.537163 0.592693 0.094727 0.789575 1 2 1.000000
0 -0.162634 0.141475 1.377015 -0.712876 0.614458 0.338008 0.032127 0.715286 1 2 1.000000
Silica_def_hair.png
0 -0.162634 0.141475 1.377015 -0.712876 0.614458 0.338008 0.032127 0.715286 1 2 1.000000
0 -0.190876 0.128554 1.329373 -0.712981 0.657206 0.244412 0.043864 0.637087 1 2 1.000000
0 -0.182820 0.116404 1.385544 -0.672783 0.657251 0.339683 0.098640 0.699646 1 2 1.000000
Silica_def_hair.png
0 0.056431 -0.020141 1.509222 0.429157 -0.075525 0.900067 0.094727 0.508058 1 2 1.000000
0 0.000000 0.012074 1.526436 0.000139 0.006039 0.999982 0.004739 0.300830 1 2 1.000000
0 0.022628 -0.020927 1.520698 0.162997 -0.016226 0.986493 0.043864 0.492418 1 2 1.000000
Silica_def_hair.png
0 0.101898 0.082498 1.430740 -0.803844 0.337563 -0.489781 0.004739 0.965523 1 2 1.000000
0 0.114453 0.109495 1.428741 -0.647260 0.717318 -0.257896 0.055602 0.938154 1 2 1.000000
0 0.116559 0.089261 1.411339 -0.750529 0.513408 -0.416074 0.008652 0.832585 1 2 1.000000
Silica_def_hair.png
0 0.116641 0.111053 1.437895 -0.813112 0.574027 0.096651 0.094727 0.867774 1 2 1.000000
0 0.114453 0.109495 1.428741 -0.780381 0.624776 0.025708 0.047777 0.883414 1 2 1.000000
0 0.101898 0.082498 1.430740 -0.893638 0.426035 0.141086 0.047777 0.973343 1 2 1.000000
Silica_def_hair.png
0 -0.114453 0.109495 1.428741 0.615980 0.721099 -0.317151 0.055602 0.938154 1 2 1.000000
0 -0.101898 0.082498 1.430740 0.803844 0.337563 -0.489781 0.004739 0.965523 1 2 1.000000
0 -0.116559 0.089261 1.411339 0.735610 0.559387 -0.382053 0.008652 0.832585 1 2 1.000000
Silica_def_hair.png
0 -0.101898 0.082498 1.430740 0.893638 0.426035 0.141086 0.047777 0.973343 1 2 1.000000
0 -0.114453 0.109495 1.428741 0.780381 0.624776 0.025708 0.047777 0.883414 1 2 1.000000
0 -0.116641 0.111053 1.437895 0.813112 0.574027 0.096651 0.094727 0.867774 1 2 1.000000
Silica_def_hair.png
0 0.056431 -0.020141 1.509222 0.703757 -0.242150 0.667900 0.744206 0.988983 1 2 1.000000
0 0.041656 -0.052047 1.506010 0.502182 -0.622878 0.599863 0.552492 0.981163 1 2 1.000000
0 0.095835 -0.035252 1.462224 0.832330 -0.386111 0.397676 0.771593 0.813035 1 2 1.000000
Silica_def_hair.png
0 -0.056614 -0.020141 1.509222 -0.703570 -0.238181 0.669521 0.744206 0.988983 1 2 1.000000
0 -0.096222 -0.035252 1.462224 -0.834256 -0.382425 0.397200 0.771593 0.813035 1 2 1.000000
0 -0.042022 -0.052047 1.506010 -0.519671 -0.572501 0.634180 0.552492 0.981163 1 2 1.000000
Silica_def_hair.png
0 -0.056614 -0.020141 1.509222 -0.472435 -0.299512 0.828914 0.591617 0.992893 1 2 1.000000
0 -0.042022 -0.052047 1.506010 -0.519671 -0.572501 0.634180 0.552492 0.981163 1 2 1.000000
0 -0.024822 -0.037299 1.521142 -0.472435 -0.299512 0.828914 0.485979 0.992893 1 2 1.000000
Silica_def_hair.png
0 -0.017200 -0.103829 1.447234 -0.372857 -0.878462 0.298800 0.278616 0.809125 1 2 1.000000
0 0.011981 -0.095779 1.471124 0.137762 -0.861080 0.489451 0.376429 0.891234 1 2 1.000000
0 -0.013773 -0.094119 1.469892 -0.281012 -0.827482 0.486113 0.294266 0.891234 1 2 1.000000
Silica_def_hair.png
0 -0.000003 0.063613 1.298306 -0.000012 0.727392 -0.686222 1.002432 -0.000237 2 2 0.710000 1 0.290000
0 -0.042876 0.082654 1.346609 -0.518772 0.657620 -0.546271 0.783331 0.132702 1 2 1.000000
0 0.000000 0.102125 1.347358 -0.000001 0.884642 -0.466272 0.779418 -0.000237 1 2 1.000000
Silica_def_hair.png
0 0.000000 0.102125 1.347358 -0.000001 0.884642 -0.466272 0.779418 -0.000237 1 2 1.000000
0 0.042876 0.082654 1.346609 0.518760 0.657614 -0.546289 0.783331 0.132702 1 2 1.000000
0 -0.000003 0.063613 1.298306 -0.000012 0.727392 -0.686222 1.002432 -0.000237 2 2 0.710000 1 0.290000
Silica_def_hair.png
0 0.039120 0.038021 1.304971 0.697269 0.245443 -0.673478 0.986782 0.195261 2 2 0.710000 1 0.290000
0 -0.000003 0.063613 1.298306 -0.000012 0.727392 -0.686222 1.002432 -0.000237 2 2 0.710000 1 0.290000
0 0.042876 0.082654 1.346609 0.518760 0.657614 -0.546289 0.783331 0.132702 1 2 1.000000
Silica_def_hair.png
0 0.042876 0.082654 1.346609 0.518760 0.657614 -0.546289 0.783331 0.132702 1 2 1.000000
0 0.074175 0.044048 1.347717 0.794453 0.216357 -0.567481 0.771593 0.265641 1 2 1.000000
0 0.039120 0.038021 1.304971 0.697269 0.245443 -0.673478 0.986782 0.195261 2 2 0.710000 1 0.290000
Silica_def_hair.png
0 0.077668 0.017546 1.373027 0.694318 -0.438300 -0.570802 0.677693 0.402489 1 2 1.000000
0 0.039120 0.038021 1.304971 0.697269 0.245443 -0.673478 0.986782 0.195261 2 2 0.710000 1 0.290000
0 0.074175 0.044048 1.347717 0.794453 0.216357 -0.567481 0.771593 0.265641 1 2 1.000000
Silica_def_hair.png
0 -0.039123 0.038021 1.304971 -0.692196 0.265699 -0.671021 0.986782 0.195261 2 2 0.710000 1 0.290000
0 -0.077139 0.005408 1.375932 -0.736046 -0.372324 -0.565343 0.677693 0.402489 1 2 1.000000
0 -0.074175 0.044048 1.347717 -0.791192 0.241004 -0.562079 0.771593 0.265641 1 2 1.000000
Silica_def_hair.png
0 -0.074175 0.044048 1.347717 -0.791192 0.241004 -0.562079 0.771593 0.265641 1 2 1.000000
0 -0.042876 0.082654 1.346609 -0.518772 0.657620 -0.546271 0.783331 0.132702 1 2 1.000000
0 -0.039123 0.038021 1.304971 -0.692196 0.265699 -0.671021 0.986782 0.195261 2 2 0.710000 1 0.290000
Silica_def_hair.png
0 -0.000003 0.063613 1.298306 -0.000012 0.727392 -0.686222 1.002432 -0.000237 2 2 0.710000 1 0.290000
0 -0.039123 0.038021 1.304971 -0.692196 0.265699 -0.671021 0.986782 0.195261 2 2 0.710000 1 0.290000
0 -0.042876 0.082654 1.346609 -0.518772 0.657620 -0.546271 0.783331 0.132702 1 2 1.000000
Silica_def_legs.png
0 0.060918 0.092600 0.797172 -0.082527 0.942228 -0.324646 0.702153 0.376092 2 9 0.500000 10 0.500000
0 0.000000 0.078421 0.800722 0.000000 0.740248 -0.672334 0.603425 0.352688 1 9 1.000000
0 0.000000 0.093706 0.830932 0.000000 0.934410 -0.356200 0.603425 0.415099 1 9 1.000000
Silica_def_legs.png
0 0.000000 0.093706 0.830932 0.000000 0.934410 -0.356200 0.603425 0.415099 1 9 1.000000
0 0.044239 0.105659 0.832150 0.148835 0.980703 -0.126763 0.644562 0.438503 1 9 0.960000
0 0.060918 0.092600 0.797172 -0.082527 0.942228 -0.324646 0.702153 0.376092 2 9 0.500000 10 0.500000
Silica_def_legs.png
0 0.102614 0.076895 0.803384 0.639799 0.768206 0.022745 0.726835 0.364390 2 9 0.610000 10 0.390000
0 0.060918 0.092600 0.797172 -0.082527 0.942228 -0.324646 0.702153 0.376092 2 9 0.500000 10 0.500000
0 0.044239 0.105659 0.832150 0.148835 0.980703 -0.126763 0.644562 0.438503 1 9 0.960000
Silica_def_legs.png
0 0.044239 0.105659 0.832150 0.148835 0.980703 -0.126763 0.644562 0.438503 1 9 0.960000
0 0.097018 0.073126 0.858031 0.781215 0.607134 0.145230 0.702153 0.450205 1 9 0.960000
0 0.102614 0.076895 0.803384 0.639799 0.768206 0.022745 0.726835 0.364390 2 9 0.610000 10 0.390000
Silica_def_legs.png
0 0.132621 0.003268 0.787645 0.988856 0.051459 0.139698 0.776198 0.340986 2 9 0.500000 10 0.500000
0 0.102614 0.076895 0.803384 0.639799 0.768206 0.022745 0.726835 0.364390 2 9 0.610000 10 0.390000
0 0.097018 0.073126 0.858031 0.781215 0.607134 0.145230 0.702153 0.450205 1 9 0.960000
Silica_def_legs.png
0 0.097018 0.073126 0.858031 0.781215 0.607134 0.145230 0.702153 0.450205 1 9 0.960000
0 0.124380 0.002703 0.842891 0.963187 -0.176723 0.202584 0.784426 0.430702 2 9 0.800000 10 0.200000
0 0.132621 0.003268 0.787645 0.988856 0.051459 0.139698 0.776198 0.340986 2 9 0.500000 10 0.500000
Silica_def_legs.png
0 0.095109 -0.058223 0.768011 0.521634 -0.852594 0.031331 0.825562 0.337086 2 10 0.800000 9 0.200000
0 0.132621 0.003268 0.787645 0.988856 0.051459 0.139698 0.776198 0.340986 2 9 0.500000 10 0.500000
0 0.124380 0.002703 0.842891 0.963187 -0.176723 0.202584 0.784426 0.430702 2 9 0.800000 10 0.200000
Silica_def_legs.png
0 0.124380 0.002703 0.842891 0.963187 -0.176723 0.202584 0.784426 0.430702 2 9 0.800000 10 0.200000
0 0.087192 -0.056428 0.836779 0.494994 -0.865765 0.073697 0.842017 0.446304 2 9 0.710000 10 0.290000
0 0.095109 -0.058223 0.768011 0.521634 -0.852594 0.031331 0.825562 0.337086 2 10 0.800000 9 0.200000
Silica_def_legs.png
0 0.000000 -0.072252 0.842043 -0.000000 -0.996997 -0.077443 0.998336 0.469708 1 9 1.000000
0 0.095109 -0.058223 0.768011 0.521634 -0.852594 0.031331 0.825562 0.337086 2 10 0.800000 9 0.200000
0 0.087192 -0.056428 0.836779 0.494994 -0.865765 0.073697 0.842017 0.446304 2 9 0.710000 10 0.290000
Silica_def_legs.png
0 0.087192 -0.056428 0.836779 0.494994 -0.865765 0.073697 0.842017 0.446304 2 9 0.710000 10 0.290000
0 0.000000 -0.075692 0.889866 0.000000 -0.999945 0.010479 0.998336 0.551622 1 9 1.000000
0 0.000000 -0.072252 0.842043 -0.000000 -0.996997 -0.077443 0.998336 0.469708 1 9 1.000000
Silica_def_legs.png
0 0.043829 -0.046217 0.621498 -0.564647 -0.812742 -0.143607 0.085105 0.524318 1 10 1.000000
0 0.026959 0.009204 0.597401 -0.930327 -0.341410 -0.133903 0.002832 0.473609 1 10 1.000000
0 0.047066 -0.042478 0.592886 -0.572632 -0.802078 -0.169599 0.076878 0.469708 1 10 1.000000
Silica_def_legs.png
0 0.047066 -0.042478 0.592886 -0.572632 -0.802078 -0.169599 0.076878 0.469708 1 10 1.000000
0 0.097676 -0.043925 0.592506 0.466236 -0.876742 -0.118101 0.175605 0.473609 1 10 1.000000
0 0.043829 -0.046217 0.621498 -0.564647 -0.812742 -0.143607 0.085105 0.524318 1 10 1.000000
Silica_def_legs.png
0 0.101954 -0.054158 0.704325 0.496842 -0.866311 -0.051516 0.175605 0.672543 1 10 0.960000
0 0.043829 -0.046217 0.621498 -0.564647 -0.812742 -0.143607 0.085105 0.524318 1 10 1.000000
0 0.097676 -0.043925 0.592506 0.466236 -0.876742 -0.118101 0.175605 0.473609 1 10 1.000000
Silica_def_legs.png
0 0.097676 -0.043925 0.592506 0.466236 -0.876742 -0.118101 0.175605 0.473609 1 10 1.000000
0 0.134632 0.001462 0.658031 0.991651 -0.124448 -0.033768 0.274333 0.582828 1 10 1.000000
0 0.101954 -0.054158 0.704325 0.496842 -0.866311 -0.051516 0.175605 0.672543 1 10 0.960000
Silica_def_legs.png
0 0.132621 0.003268 0.787645 0.993342 -0.104474 0.048553 0.274333 0.758357 2 9 0.500000 10 0.500000
0 0.101954 -0.054158 0.704325 0.496842 -0.866311 -0.051516 0.175605 0.672543 1 10 0.960000
0 0.134632 0.001462 0.658031 0.991651 -0.124448 -0.033768 0.274333 0.582828 1 10 1.000000
Silica_def_legs.png
0 0.134632 0.001462 0.658031 0.991651 -0.124448 -0.033768 0.274333 0.582828 1 10 1.000000
0 0.108726 0.085748 0.702727 0.421054 0.906673 -0.025631 0.389515 0.633536 1 10 1.000000
0 0.132621 0.003268 0.787645 0.993342 -0.104474 0.048553 0.274333 0.758357 2 9 0.500000 10 0.500000
Silica_def_legs.png
0 0.102614 0.076895 0.803384 0.695067 0.711271 0.104763 0.381288 0.766159 2 9 0.610000 10 0.390000
0 0.132621 0.003268 0.787645 0.993342 -0.104474 0.048553 0.274333 0.758357 2 9 0.500000 10 0.500000
0 0.108726 0.085748 0.702727 0.421054 0.906673 -0.025631 0.389515 0.633536 1 10 1.000000
Silica_def_legs.png
0 0.108726 0.085748 0.702727 0.421054 0.906673 -0.025631 0.389515 0.633536 1 10 1.000000
0 0.060918 0.092600 0.797172 0.051809 0.997590 -0.046150 0.480016 0.750556 2 9 0.500000 10 0.500000
0 0.102614 0.076895 0.803384 0.695067 0.711271 0.104763 0.381288 0.766159 2 9 0.610000 10 0.390000
Silica_def_legs.png
0 0.134632 0.001462 0.658031 0.991651 -0.124448 -0.033768 0.274333 0.582828 1 10 1.000000
0 0.097676 -0.043925 0.592506 0.466236 -0.876742 -0.118101 0.175605 0.473609 1 10 1.000000
0 0.131653 0.009286 0.596212 0.990568 -0.121615 -0.063127 0.274333 0.473609 1 10 1.000000
Silica_def_legs.png
0 0.131653 0.009286 0.596212 0.990568 -0.121615 -0.063127 0.274333 0.473609 1 10 1.000000
0 0.109563 0.077362 0.608168 0.754120 0.655099 -0.046357 0.373061 0.473609 1 10 1.000000
0 0.134632 0.001462 0.658031 0.991651 -0.124448 -0.033768 0.274333 0.582828 1 10 1.000000
Silica_def_legs.png
0 0.108726 0.085748 0.702727 0.421054 0.906673 -0.025631 0.389515 0.633536 1 10 1.000000
0 0.134632 0.001462 0.658031 0.991651 -0.124448 -0.033768 0.274333 0.582828 1 10 1.000000
0 0.109563 0.077362 0.608168 0.754120 0.655099 -0.046357 0.373061 0.473609 1 10 1.000000
Silica_def_legs.png
0 0.109563 0.077362 0.608168 0.754120 0.655099 -0.046357 0.373061 0.473609 1 10 1.000000
0 0.043323 0.073541 0.605574 -0.648205 0.751280 -0.124131 0.488243 0.469708 1 10 1.000000
0 0.108726 0.085748 0.702727 0.421054 0.906673 -0.025631 0.389515 0.633536 1 10 1.000000
Silica_def_legs.png
0 0.027121 0.078712 0.711459 -0.779469 0.614594 -0.121254 0.521152 0.656940 1 10 1.000000
0 0.108726 0.085748 0.702727 0.421054 0.906673 -0.025631 0.389515 0.633536 1 10 1.000000
0 0.043323 0.073541 0.605574 -0.648205 0.751280 -0.124131 0.488243 0.469708 1 10 1.000000
Silica_def_legs.png
0 0.043323 0.073541 0.605574 -0.648205 0.751280 -0.124131 0.488243 0.469708 1 10 1.000000
0 0.015764 0.003840 0.701614 -0.973302 0.196153 -0.119196 0.586971 0.660841 1 10 1.000000
0 0.027121 0.078712 0.711459 -0.779469 0.614594 -0.121254 0.521152 0.656940 1 10 1.000000
Silica_def_legs.png
0 0.008783 0.006683 0.768180 -0.980530 0.148021 -0.129037 0.586971 0.688146 1 9 1.000000
0 0.027121 0.078712 0.711459 -0.779469 0.614594 -0.121254 0.521152 0.656940 1 10 1.000000
0 0.015764 0.003840 0.701614 -0.973302 0.196153 -0.119196 0.586971 0.660841 1 10 1.000000
Silica_def_legs.png
0 0.044239 0.105659 0.832150 0.148835 0.980703 -0.126763 0.644562 0.438503 1 9 0.960000
0 0.000000 0.093706 0.830932 0.000000 0.934410 -0.356200 0.603425 0.415099 1 9 1.000000
0 0.000000 0.101420 0.878268 -0.000000 0.999485 0.032081 0.603425 0.469708 1 9 1.000000
Silica_def_legs.png
0 0.000000 0.101420 0.878268 -0.000000 0.999485 0.032081 0.603425 0.469708 1 9 1.000000
0 0.048854 0.105981 0.877490 0.272021 0.938865 0.211040 0.661016 0.465808 2 9 0.900000 10 0.100000
0 0.044239 0.105659 0.832150 0.148835 0.980703 -0.126763 0.644562 0.438503 1 9 0.960000
Silica_def_legs.png
0 0.097018 0.073126 0.858031 0.781215 0.607134 0.145230 0.702153 0.450205 1 9 0.960000
0 0.044239 0.105659 0.832150 0.148835 0.980703 -0.126763 0.644562 0.438503 1 9 0.960000
0 0.048854 0.105981 0.877490 0.272021 0.938865 0.211040 0.661016 0.465808 2 9 0.900000 10 0.100000
Silica_def_legs.png
0 0.048854 0.105981 0.877490 0.272021 0.938865 0.211040 0.661016 0.465808 2 9 0.900000 10 0.100000
0 0.081819 0.059278 0.931848 0.735925 0.583140 0.344037 0.702153 0.536020 1 9 1.000000
0 0.097018 0.073126 0.858031 0.781215 0.607134 0.145230 0.702153 0.450205 1 9 0.960000
Silica_def_legs.png
0 0.124380 0.002703 0.842891 0.963187 -0.176723 0.202584 0.784426 0.430702 2 9 0.800000 10 0.200000
0 0.097018 0.073126 0.858031 0.781215 0.607134 0.145230 0.702153 0.450205 1 9 0.960000
0 0.081819 0.059278 0.931848 0.735925 0.583140 0.344037 0.702153 0.536020 1 9 1.000000
Silica_def_legs.png
0 0.081819 0.059278 0.931848 0.735925 0.583140 0.344037 0.702153 0.536020 1 9 1.000000
0 0.101728 0.007105 0.923420 0.958797 -0.075644 0.273835 0.767971 0.547722 1 9 1.000000
0 0.124380 0.002703 0.842891 0.963187 -0.176723 0.202584 0.784426 0.430702 2 9 0.800000 10 0.200000
Silica_def_legs.png
0 0.076366 -0.053246 0.902130 0.694727 -0.695060 0.185055 0.858471 0.543821 1 9 1.000000
0 0.124380 0.002703 0.842891 0.963187 -0.176723 0.202584 0.784426 0.430702 2 9 0.800000 10 0.200000
0 0.101728 0.007105 0.923420 0.958797 -0.075644 0.273835 0.767971 0.547722 1 9 1.000000
Silica_def_legs.png
0 0.101954 -0.054158 0.704325 0.496842 -0.866311 -0.051516 0.175605 0.672543 1 10 0.960000
0 0.132621 0.003268 0.787645 0.993342 -0.104474 0.048553 0.274333 0.758357 2 9 0.500000 10 0.500000
0 0.095109 -0.058223 0.768011 0.346608 -0.937910 -0.013729 0.150923 0.758357 2 10 0.800000 9 0.200000
Silica_def_legs.png
0 0.095109 -0.058223 0.768011 0.346608 -0.937910 -0.013729 0.150923 0.758357 2 10 0.800000 9 0.200000
0 0.037178 -0.058927 0.727178 -0.577748 -0.801871 -0.152351 0.076878 0.707649 2 10 0.800000 9 0.200000
0 0.101954 -0.054158 0.704325 0.496842 -0.866311 -0.051516 0.175605 0.672543 1 10 0.960000
Silica_def_legs.png
0 0.043829 -0.046217 0.621498 -0.564647 -0.812742 -0.143607 0.085105 0.524318 1 10 1.000000
0 0.101954 -0.054158 0.704325 0.496842 -0.866311 -0.051516 0.175605 0.672543 1 10 0.960000
0 0.037178 -0.058927 0.727178 -0.577748 -0.801871 -0.152351 0.076878 0.707649 2 10 0.800000 9 0.200000
Silica_def_legs.png
0 0.037178 -0.058927 0.727178 -0.577748 -0.801871 -0.152351 0.076878 0.707649 2 10 0.800000 9 0.200000
0 0.015764 0.003840 0.701614 -0.931874 -0.348540 -0.100651 0.002832 0.660841 1 10 1.000000
0 0.043829 -0.046217 0.621498 -0.564647 -0.812742 -0.143607 0.085105 0.524318 1 10 1.000000
Silica_def_legs.png
0 0.026959 0.009204 0.597401 -0.930327 -0.341410 -0.133903 0.002832 0.473609 1 10 1.000000
0 0.043829 -0.046217 0.621498 -0.564647 -0.812742 -0.143607 0.085105 0.524318 1 10 1.000000
0 0.015764 0.003840 0.701614 -0.931874 -0.348540 -0.100651 0.002832 0.660841 1 10 1.000000
Silica_def_legs.png
0 0.038164 -0.060645 0.776159 -0.114206 -0.878571 -0.463756 0.907835 0.360490 2 9 0.710000 10 0.290000
0 0.000000 -0.072252 0.842043 -0.000000 -0.996997 -0.077443 0.998336 0.469708 1 9 1.000000
0 0.000000 -0.067997 0.806657 0.000000 -0.932270 -0.361764 0.998336 0.415099 1 9 1.000000
Silica_def_legs.png
0 0.000000 -0.067997 0.806657 0.000000 -0.932270 -0.361764 0.998336 0.415099 1 9 1.000000
0 0.000000 -0.048169 0.779574 -0.000000 -0.421020 -0.907051 0.998336 0.344887 1 9 1.000000
0 0.038164 -0.060645 0.776159 -0.114206 -0.878571 -0.463756 0.907835 0.360490 2 9 0.710000 10 0.290000
Silica_def_legs.png
0 0.012444 -0.038213 0.770713 -0.390844 -0.289219 -0.873838 0.948972 0.325384 2 9 0.890000 10 0.110000
0 0.038164 -0.060645 0.776159 -0.114206 -0.878571 -0.463756 0.907835 0.360490 2 9 0.710000 10 0.290000
0 0.000000 -0.048169 0.779574 -0.000000 -0.421020 -0.907051 0.998336 0.344887 1 9 1.000000
Silica_def_legs.png
0 0.000000 -0.048169 0.779574 -0.000000 -0.421020 -0.907051 0.998336 0.344887 1 9 1.000000
0 0.008783 0.006683 0.768180 -0.380359 -0.129318 -0.915753 0.948972 0.294178 1 9 1.000000
0 0.012444 -0.038213 0.770713 -0.390844 -0.289219 -0.873838 0.948972 0.325384 2 9 0.890000 10 0.110000
Silica_def_legs.png
0 0.016529 0.078239 0.781075 -0.526288 0.838876 -0.138951 0.529379 0.715450 2 9 0.710000 10 0.290000
0 0.060918 0.092600 0.797172 0.051809 0.997590 -0.046150 0.480016 0.750556 2 9 0.500000 10 0.500000
0 0.108726 0.085748 0.702727 0.421054 0.906673 -0.025631 0.389515 0.633536 1 10 1.000000
Silica_def_legs.png
0 0.108726 0.085748 0.702727 0.421054 0.906673 -0.025631 0.389515 0.633536 1 10 1.000000
0 0.027121 0.078712 0.711459 -0.779469 0.614594 -0.121254 0.521152 0.656940 1 10 1.000000
0 0.016529 0.078239 0.781075 -0.526288 0.838876 -0.138951 0.529379 0.715450 2 9 0.710000 10 0.290000
Silica_def_legs.png
0 0.008783 0.006683 0.768180 -0.980530 0.148021 -0.129037 0.586971 0.688146 1 9 1.000000
0 0.016529 0.078239 0.781075 -0.526288 0.838876 -0.138951 0.529379 0.715450 2 9 0.710000 10 0.290000
0 0.027121 0.078712 0.711459 -0.779469 0.614594 -0.121254 0.521152 0.656940 1 10 1.000000
Silica_def_legs.png
0 0.037178 -0.058927 0.727178 -0.577748 -0.801871 -0.152351 0.076878 0.707649 2 10 0.800000 9 0.200000
0 0.038164 -0.060645 0.776159 -0.332396 -0.942771 -0.026376 0.052196 0.758357 2 9 0.710000 10 0.290000
0 0.012444 -0.038213 0.770713 -0.845329 -0.468060 -0.257563 0.027514 0.711550 2 9 0.890000 10 0.110000
Silica_def_legs.png
0 0.012444 -0.038213 0.770713 -0.845329 -0.468060 -0.257563 0.027514 0.711550 2 9 0.890000 10 0.110000
0 0.008783 0.006683 0.768180 -0.932842 -0.230861 -0.276602 0.011059 0.688146 1 9 1.000000
0 0.037178 -0.058927 0.727178 -0.577748 -0.801871 -0.152351 0.076878 0.707649 2 10 0.800000 9 0.200000
Silica_def_legs.png
0 0.015764 0.003840 0.701614 -0.931874 -0.348540 -0.100651 0.002832 0.660841 1 10 1.000000
0 0.037178 -0.058927 0.727178 -0.577748 -0.801871 -0.152351 0.076878 0.707649 2 10 0.800000 9 0.200000
0 0.008783 0.006683 0.768180 -0.932842 -0.230861 -0.276602 0.011059 0.688146 1 9 1.000000
Silica_def_legs.png
0 0.000000 0.078421 0.800722 0.000000 0.740248 -0.672334 0.603425 0.352688 1 9 1.000000
0 0.060918 0.092600 0.797172 -0.082527 0.942228 -0.324646 0.702153 0.376092 2 9 0.500000 10 0.500000
0 0.016529 0.078239 0.781075 -0.569341 0.663699 -0.485134 0.677471 0.333185 2 9 0.710000 10 0.290000
Silica_def_legs.png
0 0.016529 0.078239 0.781075 -0.569341 0.663699 -0.485134 0.677471 0.333185 2 9 0.710000 10 0.290000
0 0.008783 0.006683 0.768180 -0.511257 0.302341 -0.804491 0.661016 0.294178 1 9 1.000000
0 0.000000 0.078421 0.800722 0.000000 0.740248 -0.672334 0.603425 0.352688 1 9 1.000000
Silica_def_legs.png
0 0.000000 0.006418 0.770248 0.000000 0.389762 -0.920916 0.603425 0.294178 1 9 1.000000
0 0.000000 0.078421 0.800722 0.000000 0.740248 -0.672334 0.603425 0.352688 1 9 1.000000
0 0.008783 0.006683 0.768180 -0.511257 0.302341 -0.804491 0.661016 0.294178 1 9 1.000000
Silica_def_legs.png
0 0.076366 -0.053246 0.902130 0.694727 -0.695060 0.185055 0.858471 0.543821 1 9 1.000000
0 0.000000 -0.075692 0.889866 0.000000 -0.999945 0.010479 0.998336 0.551622 1 9 1.000000
0 0.087192 -0.056428 0.836779 0.494994 -0.865765 0.073697 0.842017 0.446304 2 9 0.710000 10 0.290000
Silica_def_legs.png
0 0.087192 -0.056428 0.836779 0.494994 -0.865765 0.073697 0.842017 0.446304 2 9 0.710000 10 0.290000
0 0.124380 0.002703 0.842891 0.963187 -0.176723 0.202584 0.784426 0.430702 2 9 0.800000 10 0.200000
0 0.076366 -0.053246 0.902130 0.694727 -0.695060 0.185055 0.858471 0.543821 1 9 1.000000
Silica_def_legs.png
0 0.000000 -0.048169 0.779574 -0.000000 -0.421020 -0.907051 0.998336 0.344887 1 9 1.000000
0 -0.008783 0.006683 0.768180 0.380359 -0.129318 -0.915753 0.948972 0.294178 1 9 1.000000
0 0.000000 0.006418 0.770248 0.000000 -0.168406 -0.985718 0.998336 0.294178 1 9 1.000000
Silica_def_legs.png
0 0.000000 0.006418 0.770248 0.000000 -0.168406 -0.985718 0.998336 0.294178 1 9 1.000000
0 0.008783 0.006683 0.768180 -0.380359 -0.129318 -0.915753 0.948972 0.294178 1 9 1.000000
0 0.000000 -0.048169 0.779574 -0.000000 -0.421020 -0.907051 0.998336 0.344887 1 9 1.000000
Silica_def_legs.png
0 0.000000 0.002728 0.911489 0.000000 -0.243096 0.970002 0.916063 0.212264 1 9 1.000000
0 0.080635 0.061290 0.938454 -0.110191 -0.286498 0.951723 0.907835 0.196662 1 9 1.000000
0 0.000000 0.090915 0.938036 0.000000 -0.288253 0.957554 0.924290 0.196662 1 9 1.000000
Silica_def_legs.png
0 0.000000 0.090915 0.938036 0.000000 -0.288253 0.957554 0.924290 0.196662 1 9 1.000000
0 -0.080635 0.061290 0.938454 0.110191 -0.286498 0.951723 0.907835 0.196662 1 9 1.000000
0 0.000000 0.002728 0.911489 0.000000 -0.243096 0.970002 0.916063 0.212264 1 9 1.000000
Silica_def_legs.png
0 0.000000 -0.079904 0.894999 0.000000 -0.195701 0.980664 0.907835 0.196662 1 9 1.000000
0 0.075261 -0.056640 0.907694 -0.104351 -0.194632 0.975310 0.924290 0.196662 1 9 1.000000
0 0.000000 0.002728 0.911489 0.000000 -0.243096 0.970002 0.916063 0.212264 1 9 1.000000
Silica_def_legs.png
0 0.000000 0.002728 0.911489 0.000000 -0.243096 0.970002 0.916063 0.212264 1 9 1.000000
0 -0.075261 -0.056640 0.907694 0.104351 -0.194632 0.975310 0.924290 0.196662 1 9 1.000000
0 0.000000 -0.079904 0.894999 0.000000 -0.195701 0.980664 0.907835 0.196662 1 9 1.000000
Silica_def_legs.png
0 0.000000 0.087825 0.931443 0.000000 0.917054 0.398762 0.603425 0.536020 1 9 1.000000
0 0.081819 0.059278 0.931848 0.735925 0.583140 0.344037 0.702153 0.536020 1 9 1.000000
0 0.048854 0.105981 0.877490 0.272021 0.938865 0.211040 0.661016 0.465808 2 9 0.900000 10 0.100000
Silica_def_legs.png
0 0.048854 0.105981 0.877490 0.272021 0.938865 0.211040 0.661016 0.465808 2 9 0.900000 10 0.100000
0 0.000000 0.101420 0.878268 -0.000000 0.999485 0.032081 0.603425 0.469708 1 9 1.000000
0 0.000000 0.087825 0.931443 0.000000 0.917054 0.398762 0.603425 0.536020 1 9 1.000000
Silica_def_legs.png
0 0.095109 -0.058223 0.768011 0.346608 -0.937910 -0.013729 0.150923 0.758357 2 10 0.800000 9 0.200000
0 0.038164 -0.060645 0.776159 -0.332396 -0.942771 -0.026376 0.052196 0.758357 2 9 0.710000 10 0.290000
0 0.037178 -0.058927 0.727178 -0.577748 -0.801871 -0.152351 0.076878 0.707649 2 10 0.800000 9 0.200000
Silica_def_legs.png
0 0.095109 -0.058223 0.768011 0.521634 -0.852594 0.031331 0.825562 0.337086 2 10 0.800000 9 0.200000
0 0.000000 -0.072252 0.842043 -0.000000 -0.996997 -0.077443 0.998336 0.469708 1 9 1.000000
0 0.038164 -0.060645 0.776159 -0.114206 -0.878571 -0.463756 0.907835 0.360490 2 9 0.710000 10 0.290000
Silica_def_legs.png
0 0.000000 0.002728 0.911489 0.000000 -0.243096 0.970002 0.916063 0.212264 1 9 1.000000
0 0.075261 -0.056640 0.907694 -0.158678 -0.262007 0.951932 0.907835 0.196662 1 9 1.000000
0 0.102145 0.007144 0.929731 -0.158678 -0.262007 0.951932 0.924290 0.196662 1 9 1.000000
Silica_def_legs.png
0 0.000000 0.002728 0.911489 0.000000 -0.243096 0.970002 0.916063 0.212264 1 9 1.000000
0 0.102145 0.007144 0.929731 -0.162319 -0.219465 0.962023 0.907835 0.196662 1 9 1.000000
0 0.080635 0.061290 0.938454 -0.162319 -0.219465 0.962023 0.924290 0.196662 1 9 1.000000
Silica_def_legs.png
0 -0.102145 0.007144 0.929731 0.158678 -0.262007 0.951932 0.924290 0.196662 1 9 1.000000
0 -0.075261 -0.056640 0.907694 0.158678 -0.262007 0.951932 0.907835 0.196662 1 9 1.000000
0 0.000000 0.002728 0.911489 0.000000 -0.243096 0.970002 0.916063 0.212264 1 9 1.000000
Silica_def_legs.png
0 -0.080635 0.061290 0.938454 0.162319 -0.219465 0.962023 0.924290 0.196662 1 9 1.000000
0 -0.102145 0.007144 0.929731 0.162319 -0.219465 0.962023 0.907835 0.196662 1 9 1.000000
0 0.000000 0.002728 0.911489 0.000000 -0.243096 0.970002 0.916063 0.212264 1 9 1.000000
Silica_def_legs.png
0 0.000000 0.006418 0.770248 0.000000 0.389762 -0.920916 0.603425 0.294178 1 9 1.000000
0 -0.008783 0.006683 0.768180 0.511258 0.302341 -0.804491 0.661016 0.294178 1 9 1.000000
0 0.000000 0.078421 0.800722 0.000000 0.740248 -0.672334 0.603425 0.352688 1 9 1.000000
Silica_def_legs.png
0 0.015764 0.003840 0.701614 -0.973302 0.196153 -0.119196 0.586971 0.660841 1 10 1.000000
0 0.043323 0.073541 0.605574 -0.648205 0.751280 -0.124131 0.488243 0.469708 1 10 1.000000
0 0.026959 0.009204 0.597401 -0.962395 0.256241 -0.090195 0.586971 0.473609 1 10 1.000000
Silica_def_legs.png
0 0.000000 -0.072252 0.842043 -0.000000 -0.996997 -0.077443 0.998336 0.469708 1 9 1.000000
0 0.000000 -0.072252 0.842043 -0.000000 -0.996997 -0.077443 0.998336 0.469708 1 9 1.000000
0 0.000000 -0.075692 0.889866 0.000000 -0.999945 0.010479 0.998336 0.551622 1 9 1.000000
Silica_def_legs.png
0 0.000000 -0.075692 0.889866 0.000000 -0.999945 0.010479 0.998336 0.551622 1 9 1.000000
0 -0.087192 -0.056428 0.836779 -0.494994 -0.865765 0.073697 0.842017 0.446304 2 9 0.710000 13 0.290000
0 0.000000 -0.072252 0.842043 -0.000000 -0.996997 -0.077443 0.998336 0.469708 1 9 1.000000
Silica_def_legs.png
0 -0.095109 -0.058223 0.768011 -0.521634 -0.852594 0.031331 0.825562 0.337086 2 13 0.800000 9 0.200000
0 0.000000 -0.072252 0.842043 -0.000000 -0.996997 -0.077443 0.998336 0.469708 1 9 1.000000
0 -0.087192 -0.056428 0.836779 -0.494994 -0.865765 0.073697 0.842017 0.446304 2 9 0.710000 13 0.290000
Silica_def_legs.png
0 -0.087192 -0.056428 0.836779 -0.494994 -0.865765 0.073697 0.842017 0.446304 2 9 0.710000 13 0.290000
0 -0.124380 0.002703 0.842891 -0.963187 -0.176723 0.202584 0.784426 0.430702 2 9 0.800000 13 0.200000
0 -0.095109 -0.058223 0.768011 -0.521634 -0.852594 0.031331 0.825562 0.337086 2 13 0.800000 9 0.200000
Silica_def_legs.png
0 -0.132621 0.003268 0.787645 -0.988856 0.051459 0.139699 0.776198 0.340986 2 9 0.500000 13 0.500000
0 -0.095109 -0.058223 0.768011 -0.521634 -0.852594 0.031331 0.825562 0.337086 2 13 0.800000 9 0.200000
0 -0.124380 0.002703 0.842891 -0.963187 -0.176723 0.202584 0.784426 0.430702 2 9 0.800000 13 0.200000
Silica_def_legs.png
0 -0.124380 0.002703 0.842891 -0.963187 -0.176723 0.202584 0.784426 0.430702 2 9 0.800000 13 0.200000
0 -0.097018 0.073126 0.858031 -0.781215 0.607134 0.145230 0.702153 0.450205 1 9 0.960000
0 -0.132621 0.003268 0.787645 -0.988856 0.051459 0.139699 0.776198 0.340986 2 9 0.500000 13 0.500000
Silica_def_legs.png
0 -0.102614 0.076895 0.803384 -0.639799 0.768206 0.022746 0.726835 0.364390 2 9 0.500000 13 0.500000
0 -0.132621 0.003268 0.787645 -0.988856 0.051459 0.139699 0.776198 0.340986 2 9 0.500000 13 0.500000
0 -0.097018 0.073126 0.858031 -0.781215 0.607134 0.145230 0.702153 0.450205 1 9 0.960000
Silica_def_legs.png
0 -0.097018 0.073126 0.858031 -0.781215 0.607134 0.145230 0.702153 0.450205 1 9 0.960000
0 -0.044239 0.105659 0.832150 -0.148835 0.980703 -0.126763 0.644562 0.438503 1 9 0.960000
0 -0.102614 0.076895 0.803384 -0.639799 0.768206 0.022746 0.726835 0.364390 2 9 0.500000 13 0.500000
Silica_def_legs.png
0 -0.060918 0.092600 0.797172 0.082527 0.942228 -0.324646 0.702153 0.376092 2 9 0.500000 13 0.500000
0 -0.102614 0.076895 0.803384 -0.639799 0.768206 0.022746 0.726835 0.364390 2 9 0.500000 13 0.500000
0 -0.044239 0.105659 0.832150 -0.148835 0.980703 -0.126763 0.644562 0.438503 1 9 0.960000
Silica_def_legs.png
0 -0.044239 0.105659 0.832150 -0.148835 0.980703 -0.126763 0.644562 0.438503 1 9 0.960000
0 0.000000 0.093706 0.830932 0.000000 0.934410 -0.356200 0.603425 0.415099 1 9 1.000000
0 -0.060918 0.092600 0.797172 0.082527 0.942228 -0.324646 0.702153 0.376092 2 9 0.500000 13 0.500000
Silica_def_legs.png
0 0.000000 0.078421 0.800722 0.000000 0.740248 -0.672334 0.603425 0.352688 1 9 1.000000
0 -0.060918 0.092600 0.797172 0.082527 0.942228 -0.324646 0.702153 0.376092 2 9 0.500000 13 0.500000
0 0.000000 0.093706 0.830932 0.000000 0.934410 -0.356200 0.603425 0.415099 1 9 1.000000
Silica_def_legs.png
0 -0.124380 0.002703 0.842891 -0.963187 -0.176723 0.202584 0.784426 0.430702 2 9 0.800000 13 0.200000
0 -0.076366 -0.053246 0.902130 -0.694727 -0.695060 0.185055 0.858471 0.543821 1 9 1.000000
0 -0.101728 0.007105 0.923420 -0.958797 -0.075644 0.273835 0.767971 0.547722 1 9 1.000000
Silica_def_legs.png
0 -0.101728 0.007105 0.923420 -0.958797 -0.075644 0.273835 0.767971 0.547722 1 9 1.000000
0 -0.081819 0.059278 0.931848 -0.735925 0.583140 0.344037 0.702153 0.536020 1 9 1.000000
0 -0.124380 0.002703 0.842891 -0.963187 -0.176723 0.202584 0.784426 0.430702 2 9 0.800000 13 0.200000
Silica_def_legs.png
0 -0.097018 0.073126 0.858031 -0.781215 0.607134 0.145230 0.702153 0.450205 1 9 0.960000
0 -0.124380 0.002703 0.842891 -0.963187 -0.176723 0.202584 0.784426 0.430702 2 9 0.800000 13 0.200000
0 -0.081819 0.059278 0.931848 -0.735925 0.583140 0.344037 0.702153 0.536020 1 9 1.000000
Silica_def_legs.png
0 -0.081819 0.059278 0.931848 -0.735925 0.583140 0.344037 0.702153 0.536020 1 9 1.000000
0 -0.048854 0.105981 0.877490 -0.272021 0.938865 0.211040 0.661016 0.465808 2 9 0.900000 13 0.100000
0 -0.097018 0.073126 0.858031 -0.781215 0.607134 0.145230 0.702153 0.450205 1 9 0.960000
Silica_def_legs.png
0 -0.044239 0.105659 0.832150 -0.148835 0.980703 -0.126763 0.644562 0.438503 1 9 0.960000
0 -0.097018 0.073126 0.858031 -0.781215 0.607134 0.145230 0.702153 0.450205 1 9 0.960000
0 -0.048854 0.105981 0.877490 -0.272021 0.938865 0.211040 0.661016 0.465808 2 9 0.900000 13 0.100000
Silica_def_legs.png
0 -0.048854 0.105981 0.877490 -0.272021 0.938865 0.211040 0.661016 0.465808 2 9 0.900000 13 0.100000
0 0.000000 0.101420 0.878268 -0.000000 0.999485 0.032081 0.603425 0.469708 1 9 1.000000
0 -0.044239 0.105659 0.832150 -0.148835 0.980703 -0.126763 0.644562 0.438503 1 9 0.960000
Silica_def_legs.png
0 0.000000 0.093706 0.830932 0.000000 0.934410 -0.356200 0.603425 0.415099 1 9 1.000000
0 -0.044239 0.105659 0.832150 -0.148835 0.980703 -0.126763 0.644562 0.438503 1 9 0.960000
0 0.000000 0.101420 0.878268 -0.000000 0.999485 0.032081 0.603425 0.469708 1 9 1.000000
Silica_def_legs.png
0 -0.132621 0.003268 0.787645 -0.993342 -0.104474 0.048553 0.274333 0.758357 2 9 0.500000 13 0.500000
0 -0.108726 0.085748 0.702727 -0.427074 0.903784 -0.027950 0.389515 0.633536 1 13 1.000000
0 -0.134632 0.001462 0.658031 -0.992288 -0.116192 -0.043176 0.274333 0.582828 1 13 1.000000
Silica_def_legs.png
0 -0.134632 0.001462 0.658031 -0.992288 -0.116192 -0.043176 0.274333 0.582828 1 13 1.000000
0 -0.101954 -0.054158 0.704325 -0.496844 -0.866307 -0.051555 0.175605 0.672543 2 13 0.800000 9 0.200000
0 -0.132621 0.003268 0.787645 -0.993342 -0.104474 0.048553 0.274333 0.758357 2 9 0.500000 13 0.500000
Silica_def_legs.png
0 -0.095109 -0.058223 0.768011 -0.346608 -0.937910 -0.013729 0.150923 0.758357 2 13 0.800000 9 0.200000
0 -0.132621 0.003268 0.787645 -0.993342 -0.104474 0.048553 0.274333 0.758357 2 9 0.500000 13 0.500000
0 -0.101954 -0.054158 0.704325 -0.496844 -0.866307 -0.051555 0.175605 0.672543 2 13 0.800000 9 0.200000
Silica_def_legs.png
0 -0.101954 -0.054158 0.704325 -0.496844 -0.866307 -0.051555 0.175605 0.672543 2 13 0.800000 9 0.200000
0 -0.037178 -0.058927 0.727178 0.578179 -0.801748 -0.151356 0.076878 0.707649 2 13 0.800000 9 0.200000
0 -0.095109 -0.058223 0.768011 -0.346608 -0.937910 -0.013729 0.150923 0.758357 2 13 0.800000 9 0.200000
Silica_def_legs.png
0 -0.038164 -0.060645 0.776159 0.332396 -0.942771 -0.026376 0.052196 0.758357 2 9 0.710000 13 0.290000
0 -0.095109 -0.058223 0.768011 -0.346608 -0.937910 -0.013729 0.150923 0.758357 2 13 0.800000 9 0.200000
0 -0.037178 -0.058927 0.727178 0.578179 -0.801748 -0.151356 0.076878 0.707649 2 13 0.800000 9 0.200000
Silica_def_legs.png
0 -0.037178 -0.058927 0.727178 0.578179 -0.801748 -0.151356 0.076878 0.707649 2 13 0.800000 9 0.200000
0 -0.012444 -0.038213 0.770713 0.845329 -0.468060 -0.257563 0.027514 0.711550 2 9 0.890000 13 0.110000
0 -0.038164 -0.060645 0.776159 0.332396 -0.942771 -0.026376 0.052196 0.758357 2 9 0.710000 13 0.290000
Silica_def_legs.png
0 -0.108726 0.085748 0.702727 -0.427074 0.903784 -0.027950 0.389515 0.633536 1 13 1.000000
0 -0.102614 0.076895 0.803384 -0.695067 0.711271 0.104763 0.381288 0.766159 2 9 0.500000 13 0.500000
0 -0.060918 0.092600 0.797172 -0.051809 0.997590 -0.046150 0.480016 0.750556 2 9 0.500000 13 0.500000
Silica_def_legs.png
0 -0.060918 0.092600 0.797172 -0.051809 0.997590 -0.046150 0.480016 0.750556 2 9 0.500000 13 0.500000
0 -0.016529 0.078239 0.781075 0.526288 0.838876 -0.138951 0.529379 0.715450 2 9 0.710000 13 0.290000
0 -0.108726 0.085748 0.702727 -0.427074 0.903784 -0.027950 0.389515 0.633536 1 13 1.000000
Silica_def_legs.png
0 -0.027121 0.078712 0.711459 0.812646 0.570972 -0.116604 0.521152 0.656940 1 13 1.000000
0 -0.108726 0.085748 0.702727 -0.427074 0.903784 -0.027950 0.389515 0.633536 1 13 1.000000
0 -0.016529 0.078239 0.781075 0.526288 0.838876 -0.138951 0.529379 0.715450 2 9 0.710000 13 0.290000
Silica_def_legs.png
0 -0.016529 0.078239 0.781075 0.526288 0.838876 -0.138951 0.529379 0.715450 2 9 0.710000 13 0.290000
0 -0.008783 0.006683 0.768180 0.980530 0.148021 -0.129037 0.586971 0.688146 1 9 1.000000
0 -0.027121 0.078712 0.711459 0.812646 0.570972 -0.116604 0.521152 0.656940 1 13 1.000000
Silica_def_legs.png
0 -0.015764 0.003840 0.701614 0.981298 0.162432 -0.103301 0.586971 0.660841 1 13 1.000000
0 -0.027121 0.078712 0.711459 0.812646 0.570972 -0.116604 0.521152 0.656940 1 13 1.000000
0 -0.008783 0.006683 0.768180 0.980530 0.148021 -0.129037 0.586971 0.688146 1 9 1.000000
Silica_def_legs.png
0 -0.101954 -0.054158 0.704325 -0.496844 -0.866307 -0.051555 0.175605 0.672543 2 13 0.800000 9 0.200000
0 -0.134632 0.001462 0.658031 -0.992288 -0.116192 -0.043176 0.274333 0.582828 1 13 1.000000
0 -0.097676 -0.043925 0.592506 -0.550254 -0.823239 -0.139637 0.175605 0.473609 1 13 1.000000
Silica_def_legs.png
0 -0.097676 -0.043925 0.592506 -0.550254 -0.823239 -0.139637 0.175605 0.473609 1 13 1.000000
0 -0.043153 -0.046217 0.621498 0.496832 -0.851945 -0.165370 0.085105 0.524318 1 13 1.000000
0 -0.101954 -0.054158 0.704325 -0.496844 -0.866307 -0.051555 0.175605 0.672543 2 13 0.800000 9 0.200000
Silica_def_legs.png
0 -0.037178 -0.058927 0.727178 0.578179 -0.801748 -0.151356 0.076878 0.707649 2 13 0.800000 9 0.200000
0 -0.101954 -0.054158 0.704325 -0.496844 -0.866307 -0.051555 0.175605 0.672543 2 13 0.800000 9 0.200000
0 -0.043153 -0.046217 0.621498 0.496832 -0.851945 -0.165370 0.085105 0.524318 1 13 1.000000
Silica_def_legs.png
0 -0.043153 -0.046217 0.621498 0.496832 -0.851945 -0.165370 0.085105 0.524318 1 13 1.000000
0 -0.015764 0.003840 0.701614 0.933641 -0.344365 -0.098623 0.002832 0.660841 1 13 1.000000
0 -0.037178 -0.058927 0.727178 0.578179 -0.801748 -0.151356 0.076878 0.707649 2 13 0.800000 9 0.200000
Silica_def_legs.png
0 -0.008783 0.006683 0.768180 0.932842 -0.230861 -0.276602 0.011059 0.688146 1 9 1.000000
0 -0.037178 -0.058927 0.727178 0.578179 -0.801748 -0.151356 0.076878 0.707649 2 13 0.800000 9 0.200000
0 -0.015764 0.003840 0.701614 0.933641 -0.344365 -0.098623 0.002832 0.660841 1 13 1.000000
Silica_def_legs.png
0 -0.012444 -0.038213 0.770713 0.390844 -0.289219 -0.873838 0.948972 0.325384 2 9 0.890000 13 0.110000
0 -0.012444 -0.038213 0.770713 0.390844 -0.289219 -0.873838 0.948972 0.325384 2 9 0.890000 13 0.110000
0 -0.008783 0.006683 0.768180 0.380359 -0.129318 -0.915753 0.948972 0.294178 1 9 1.000000
Silica_def_legs.png
0 -0.008783 0.006683 0.768180 0.380359 -0.129318 -0.915753 0.948972 0.294178 1 9 1.000000
0 0.000000 -0.048169 0.779574 -0.000000 -0.421020 -0.907051 0.998336 0.344887 1 9 1.000000
0 -0.012444 -0.038213 0.770713 0.390844 -0.289219 -0.873838 0.948972 0.325384 2 9 0.890000 13 0.110000
Silica_def_legs.png
0 -0.038164 -0.060645 0.776159 0.114206 -0.878571 -0.463756 0.907835 0.360490 2 9 0.710000 13 0.290000
0 -0.012444 -0.038213 0.770713 0.390844 -0.289219 -0.873838 0.948972 0.325384 2 9 0.890000 13 0.110000
0 0.000000 -0.048169 0.779574 -0.000000 -0.421020 -0.907051 0.998336 0.344887 1 9 1.000000
Silica_def_legs.png
0 0.000000 -0.048169 0.779574 -0.000000 -0.421020 -0.907051 0.998336 0.344887 1 9 1.000000
0 0.000000 -0.067997 0.806657 0.000000 -0.932270 -0.361764 0.998336 0.415099 1 9 1.000000
0 -0.038164 -0.060645 0.776159 0.114206 -0.878571 -0.463756 0.907835 0.360490 2 9 0.710000 13 0.290000
Silica_def_legs.png
0 0.000000 -0.072252 0.842043 -0.000000 -0.996997 -0.077443 0.998336 0.469708 1 9 1.000000
0 -0.038164 -0.060645 0.776159 0.114206 -0.878571 -0.463756 0.907835 0.360490 2 9 0.710000 13 0.290000
0 0.000000 -0.067997 0.806657 0.000000 -0.932270 -0.361764 0.998336 0.415099 1 9 1.000000
Silica_def_legs.png
0 0.000000 0.078421 0.800722 0.000000 0.740248 -0.672334 0.603425 0.352688 1 9 1.000000
0 -0.008783 0.006683 0.768180 0.511258 0.302341 -0.804491 0.661016 0.294178 1 9 1.000000
0 -0.016529 0.078239 0.781075 0.569341 0.663699 -0.485134 0.677471 0.333185 2 9 0.710000 13 0.290000
Silica_def_legs.png
0 -0.016529 0.078239 0.781075 0.569341 0.663699 -0.485134 0.677471 0.333185 2 9 0.710000 13 0.290000
0 -0.060918 0.092600 0.797172 0.082527 0.942228 -0.324646 0.702153 0.376092 2 9 0.500000 13 0.500000
0 0.000000 0.078421 0.800722 0.000000 0.740248 -0.672334 0.603425 0.352688 1 9 1.000000
Silica_def_legs.png
0 -0.076366 -0.053246 0.902130 -0.694727 -0.695060 0.185055 0.858471 0.543821 1 9 1.000000
0 -0.124380 0.002703 0.842891 -0.963187 -0.176723 0.202584 0.784426 0.430702 2 9 0.800000 13 0.200000
0 -0.087192 -0.056428 0.836779 -0.494994 -0.865765 0.073697 0.842017 0.446304 2 9 0.710000 13 0.290000
Silica_def_legs.png
0 -0.087192 -0.056428 0.836779 -0.494994 -0.865765 0.073697 0.842017 0.446304 2 9 0.710000 13 0.290000
0 0.000000 -0.075692 0.889866 0.000000 -0.999945 0.010479 0.998336 0.551622 1 9 1.000000
0 -0.076366 -0.053246 0.902130 -0.694727 -0.695060 0.185055 0.858471 0.543821 1 9 1.000000
Silica_def_legs.png
0 0.000000 0.087825 0.931443 0.000000 0.917054 0.398762 0.603425 0.536020 1 9 1.000000
0 0.000000 0.101420 0.878268 -0.000000 0.999485 0.032081 0.603425 0.469708 1 9 1.000000
0 -0.048854 0.105981 0.877490 -0.272021 0.938865 0.211040 0.661016 0.465808 2 9 0.900000 13 0.100000
Silica_def_legs.png
0 -0.048854 0.105981 0.877490 -0.272021 0.938865 0.211040 0.661016 0.465808 2 9 0.900000 13 0.100000
0 -0.081819 0.059278 0.931848 -0.735925 0.583140 0.344037 0.702153 0.536020 1 9 1.000000
0 0.000000 0.087825 0.931443 0.000000 0.917054 0.398762 0.603425 0.536020 1 9 1.000000
Silica_def_legs.png
0 -0.132621 0.003268 0.787645 -0.993342 -0.104474 0.048553 0.274333 0.758357 2 9 0.500000 13 0.500000
0 -0.102614 0.076895 0.803384 -0.695067 0.711271 0.104763 0.381288 0.766159 2 9 0.500000 13 0.500000
0 -0.108726 0.085748 0.702727 -0.427074 0.903784 -0.027950 0.389515 0.633536 1 13 1.000000
Silica_def_legs.png
0 -0.037178 -0.058927 0.727178 0.578179 -0.801748 -0.151356 0.076878 0.707649 2 13 0.800000 9 0.200000
0 -0.008783 0.006683 0.768180 0.932842 -0.230861 -0.276602 0.011059 0.688146 1 9 1.000000
0 -0.012444 -0.038213 0.770713 0.845329 -0.468060 -0.257563 0.027514 0.711550 2 9 0.890000 13 0.110000
Silica_def_legs.png
0 -0.038164 -0.060645 0.776159 0.114206 -0.878571 -0.463756 0.907835 0.360490 2 9 0.710000 13 0.290000
0 0.000000 -0.072252 0.842043 -0.000000 -0.996997 -0.077443 0.998336 0.469708 1 9 1.000000
0 -0.095109 -0.058223 0.768011 -0.521634 -0.852594 0.031331 0.825562 0.337086 2 13 0.800000 9 0.200000
Silica_def_legs.png
0 0.057084 0.089405 0.445273 -0.570654 0.808446 0.144116 0.471788 0.220066 2 11 0.900000 10 0.100000
0 0.031465 0.043059 0.390450 -0.949163 0.311474 0.045538 0.595198 0.184960 1 11 1.000000
0 0.039204 0.015321 0.482990 -0.948791 0.291262 0.122321 0.595198 0.259072 2 11 0.610000 10 0.390000
Silica_def_legs.png
0 0.039204 0.015321 0.482990 -0.948791 0.291262 0.122321 0.595198 0.259072 2 11 0.610000 10 0.390000
0 0.056604 0.069087 0.514360 -0.392715 0.882404 0.259110 0.455334 0.305880 2 10 0.900000 11 0.100000
0 0.057084 0.089405 0.445273 -0.570654 0.808446 0.144116 0.471788 0.220066 2 11 0.900000 10 0.100000
Silica_def_legs.png
0 0.116405 0.089505 0.446915 0.464569 0.865180 0.188780 0.348379 0.220066 2 11 0.900000 10 0.100000
0 0.057084 0.089405 0.445273 -0.570654 0.808446 0.144116 0.471788 0.220066 2 11 0.900000 10 0.100000
0 0.056604 0.069087 0.514360 -0.392715 0.882404 0.259110 0.455334 0.305880 2 10 0.900000 11 0.100000
Silica_def_legs.png
0 0.056604 0.069087 0.514360 -0.392715 0.882404 0.259110 0.455334 0.305880 2 10 0.900000 11 0.100000
0 0.107283 0.069087 0.514861 0.793682 0.550519 0.258839 0.348379 0.305880 2 10 0.900000 11 0.100000
0 0.116405 0.089505 0.446915 0.464569 0.865180 0.188780 0.348379 0.220066 2 11 0.900000 10 0.100000
Silica_def_legs.png
0 0.134278 0.045667 0.388330 0.987524 -0.157293 0.007489 0.274333 0.188860 1 11 1.000000
0 0.116405 0.089505 0.446915 0.464569 0.865180 0.188780 0.348379 0.220066 2 11 0.900000 10 0.100000
0 0.107283 0.069087 0.514861 0.793682 0.550519 0.258839 0.348379 0.305880 2 10 0.900000 11 0.100000
Silica_def_legs.png
0 0.107283 0.069087 0.514861 0.793682 0.550519 0.258839 0.348379 0.305880 2 10 0.900000 11 0.100000
0 0.122652 0.023094 0.487135 0.918927 -0.389930 -0.059405 0.274333 0.255172 2 11 0.610000 10 0.390000
0 0.134278 0.045667 0.388330 0.987524 -0.157293 0.007489 0.274333 0.188860 1 11 1.000000
Silica_def_legs.png
0 0.085319 -0.011897 0.451090 0.071904 -0.971961 -0.223879 0.126242 0.192761 2 10 0.500000 11 0.500000
0 0.134278 0.045667 0.388330 0.987524 -0.157293 0.007489 0.274333 0.188860 1 11 1.000000
0 0.122652 0.023094 0.487135 0.918927 -0.389930 -0.059405 0.274333 0.255172 2 11 0.610000 10 0.390000
Silica_def_legs.png
0 0.122652 0.023094 0.487135 0.918927 -0.389930 -0.059405 0.274333 0.255172 2 11 0.610000 10 0.390000
0 0.083928 -0.028990 0.486107 0.096208 -0.895991 -0.433525 0.126242 0.259072 2 10 0.800000 11 0.200000
0 0.085319 -0.011897 0.451090 0.071904 -0.971961 -0.223879 0.126242 0.192761 2 10 0.500000 11 0.500000
Silica_def_legs.png
0 0.039204 0.015321 0.482990 -0.621745 -0.734404 -0.272185 0.002832 0.259072 2 11 0.610000 10 0.390000
0 0.085319 -0.011897 0.451090 0.071904 -0.971961 -0.223879 0.126242 0.192761 2 10 0.500000 11 0.500000
0 0.083928 -0.028990 0.486107 0.096208 -0.895991 -0.433525 0.126242 0.259072 2 10 0.800000 11 0.200000
Silica_def_legs.png
0 0.131653 0.009286 0.596212 0.985192 -0.127994 -0.114081 0.274333 0.992397 1 10 1.000000
0 0.083928 -0.028990 0.486107 0.310524 -0.916211 -0.253243 0.126242 0.773960 2 10 0.800000 11 0.200000
0 0.122652 0.023094 0.487135 0.984639 -0.143532 -0.099421 0.274333 0.773960 2 11 0.610000 10 0.390000
Silica_def_legs.png
0 0.122652 0.023094 0.487135 0.984639 -0.143532 -0.099421 0.274333 0.773960 2 11 0.610000 10 0.390000
0 0.107283 0.069087 0.514861 0.751750 0.655773 -0.069523 0.348379 0.824669 2 10 0.900000 11 0.100000
0 0.131653 0.009286 0.596212 0.985192 -0.127994 -0.114081 0.274333 0.992397 1 10 1.000000
Silica_def_legs.png
0 0.109563 0.077362 0.608168 0.359486 0.929798 -0.079031 0.373061 0.992397 1 10 1.000000
0 0.131653 0.009286 0.596212 0.985192 -0.127994 -0.114081 0.274333 0.992397 1 10 1.000000
0 0.107283 0.069087 0.514861 0.751750 0.655773 -0.069523 0.348379 0.824669 2 10 0.900000 11 0.100000
Silica_def_legs.png
0 0.107283 0.069087 0.514861 0.751750 0.655773 -0.069523 0.348379 0.824669 2 10 0.900000 11 0.100000
0 0.056604 0.069087 0.514360 -0.593615 0.796408 -0.115562 0.455334 0.824669 2 10 0.900000 11 0.100000
0 0.109563 0.077362 0.608168 0.359486 0.929798 -0.079031 0.373061 0.992397 1 10 1.000000
Silica_def_legs.png
0 0.043323 0.073541 0.605574 -0.620156 0.773951 -0.128088 0.488243 0.984596 1 10 1.000000
0 0.109563 0.077362 0.608168 0.359486 0.929798 -0.079031 0.373061 0.992397 1 10 1.000000
0 0.056604 0.069087 0.514360 -0.593615 0.796408 -0.115562 0.455334 0.824669 2 10 0.900000 11 0.100000
Silica_def_legs.png
0 0.056604 0.069087 0.514360 -0.593615 0.796408 -0.115562 0.455334 0.824669 2 10 0.900000 11 0.100000
0 0.026959 0.009204 0.597401 -0.944842 0.306077 -0.116581 0.586971 0.992397 1 10 1.000000
0 0.043323 0.073541 0.605574 -0.620156 0.773951 -0.128088 0.488243 0.984596 1 10 1.000000
Silica_def_legs.png
0 0.085319 -0.011897 0.451090 0.071904 -0.971961 -0.223879 0.126242 0.192761 2 10 0.500000 11 0.500000
0 0.039204 0.015321 0.482990 -0.621745 -0.734404 -0.272185 0.002832 0.259072 2 11 0.610000 10 0.390000
0 0.031465 0.043059 0.390450 -0.690431 -0.716822 -0.097320 0.002832 0.184960 1 11 1.000000
Silica_def_legs.png
0 0.031465 0.043059 0.390450 -0.690431 -0.716822 -0.097320 0.002832 0.184960 1 11 1.000000
0 0.082881 0.008917 0.110150 -0.004699 -0.997526 -0.070148 0.101560 0.005529 1 11 1.000000
0 0.085319 -0.011897 0.451090 0.071904 -0.971961 -0.223879 0.126242 0.192761 2 10 0.500000 11 0.500000
Silica_def_legs.png
0 0.134278 0.045667 0.388330 0.987524 -0.157293 0.007489 0.274333 0.188860 1 11 1.000000
0 0.085319 -0.011897 0.451090 0.071904 -0.971961 -0.223879 0.126242 0.192761 2 10 0.500000 11 0.500000
0 0.082881 0.008917 0.110150 -0.004699 -0.997526 -0.070148 0.101560 0.005529 1 11 1.000000
Silica_def_legs.png
0 0.082881 0.008917 0.110150 -0.004699 -0.997526 -0.070148 0.101560 0.005529 1 11 1.000000
0 0.105794 0.032713 0.107430 0.994251 -0.063463 -0.086243 0.200287 0.005529 1 11 1.000000
0 0.134278 0.045667 0.388330 0.987524 -0.157293 0.007489 0.274333 0.188860 1 11 1.000000
Silica_def_legs.png
0 0.111394 0.093712 0.335987 0.593732 0.803417 -0.044762 0.348379 0.122549 1 11 1.000000
0 0.134278 0.045667 0.388330 0.987524 -0.157293 0.007489 0.274333 0.188860 1 11 1.000000
0 0.105794 0.032713 0.107430 0.994251 -0.063463 -0.086243 0.200287 0.005529 1 11 1.000000
Silica_def_legs.png
0 0.049779 0.095970 0.332619 -0.639429 0.766270 -0.062937 0.463561 0.118649 1 11 1.000000
0 0.064073 0.032343 0.106958 -0.988899 0.114349 -0.094881 0.595198 0.005529 1 11 1.000000
0 0.031465 0.043059 0.390450 -0.949163 0.311474 0.045538 0.595198 0.184960 1 11 1.000000
Silica_def_legs.png
0 0.031465 0.043059 0.390450 -0.949163 0.311474 0.045538 0.595198 0.184960 1 11 1.000000
0 0.057084 0.089405 0.445273 -0.570654 0.808446 0.144116 0.471788 0.220066 2 11 0.900000 10 0.100000
0 0.049779 0.095970 0.332619 -0.639429 0.766270 -0.062937 0.463561 0.118649 1 11 1.000000
Silica_def_legs.png
0 0.111394 0.093712 0.335987 0.593732 0.803417 -0.044762 0.348379 0.122549 1 11 1.000000
0 0.049779 0.095970 0.332619 -0.639429 0.766270 -0.062937 0.463561 0.118649 1 11 1.000000
0 0.057084 0.089405 0.445273 -0.570654 0.808446 0.144116 0.471788 0.220066 2 11 0.900000 10 0.100000
Silica_def_legs.png
0 0.057084 0.089405 0.445273 -0.570654 0.808446 0.144116 0.471788 0.220066 2 11 0.900000 10 0.100000
0 0.116405 0.089505 0.446915 0.464569 0.865180 0.188780 0.348379 0.220066 2 11 0.900000 10 0.100000
0 0.111394 0.093712 0.335987 0.593732 0.803417 -0.044762 0.348379 0.122549 1 11 1.000000
Silica_def_legs.png
0 0.134278 0.045667 0.388330 0.987524 -0.157293 0.007489 0.274333 0.188860 1 11 1.000000
0 0.111394 0.093712 0.335987 0.593732 0.803417 -0.044762 0.348379 0.122549 1 11 1.000000
0 0.116405 0.089505 0.446915 0.464569 0.865180 0.188780 0.348379 0.220066 2 11 0.900000 10 0.100000
Silica_def_legs.png
0 0.083928 -0.028990 0.486107 0.310524 -0.916211 -0.253243 0.126242 0.773960 2 10 0.800000 11 0.200000
0 0.131653 0.009286 0.596212 0.985192 -0.127994 -0.114081 0.274333 0.992397 1 10 1.000000
0 0.097676 -0.043925 0.592506 0.462568 -0.867790 -0.181581 0.175605 0.988497 1 10 1.000000
Silica_def_legs.png
0 0.097676 -0.043925 0.592506 0.462568 -0.867790 -0.181581 0.175605 0.988497 1 10 1.000000
0 0.047066 -0.042478 0.592886 -0.608878 -0.763947 -0.213664 0.076878 0.988497 1 10 1.000000
0 0.083928 -0.028990 0.486107 0.310524 -0.916211 -0.253243 0.126242 0.773960 2 10 0.800000 11 0.200000
Silica_def_legs.png
0 0.039204 0.015321 0.482990 -0.816201 -0.533363 -0.222125 0.011059 0.777861 2 11 0.610000 10 0.390000
0 0.083928 -0.028990 0.486107 0.310524 -0.916211 -0.253243 0.126242 0.773960 2 10 0.800000 11 0.200000
0 0.047066 -0.042478 0.592886 -0.608878 -0.763947 -0.213664 0.076878 0.988497 1 10 1.000000
Silica_def_legs.png
0 0.047066 -0.042478 0.592886 -0.608878 -0.763947 -0.213664 0.076878 0.988497 1 10 1.000000
0 0.026959 0.009204 0.597401 -0.928867 -0.351053 -0.118181 0.011059 0.992397 1 10 1.000000
0 0.039204 0.015321 0.482990 -0.816201 -0.533363 -0.222125 0.011059 0.777861 2 11 0.610000 10 0.390000
Silica_def_legs.png
0 0.031465 0.043059 0.390450 -0.690431 -0.716822 -0.097320 0.002832 0.184960 1 11 1.000000
0 0.064073 0.032343 0.106958 -0.773763 -0.630112 -0.065182 0.002832 0.005529 1 11 1.000000
0 0.082881 0.008917 0.110150 -0.004699 -0.997526 -0.070148 0.101560 0.005529 1 11 1.000000
Silica_def_legs.png
0 0.056604 0.069087 0.514360 -0.593615 0.796408 -0.115562 0.455334 0.824669 2 10 0.900000 11 0.100000
0 0.039204 0.015321 0.482990 -0.933424 0.349463 -0.081218 0.595198 0.777861 2 11 0.610000 10 0.390000
0 0.026959 0.009204 0.597401 -0.944842 0.306077 -0.116581 0.586971 0.992397 1 10 1.000000
Silica_def_legs.png
0 0.043904 -0.113514 -0.000000 -0.577595 -0.433596 -0.691649 0.998336 0.614033 1 12 1.000000
0 0.049832 -0.105381 0.044462 -0.764253 -0.265261 0.587838 0.932517 0.633536 1 12 1.000000
0 0.045768 -0.048536 -0.000000 -0.874478 0.043923 -0.483072 0.998336 0.758357 1 12 1.000000
Silica_def_legs.png
0 0.045768 -0.048536 -0.000000 -0.874478 0.043923 -0.483072 0.998336 0.758357 1 12 1.000000
0 0.121537 -0.033920 -0.000000 0.632083 0.052359 -0.773129 0.998336 0.758357 1 12 1.000000
0 0.043904 -0.113514 -0.000000 -0.577595 -0.433596 -0.691649 0.998336 0.614033 1 12 1.000000
Silica_def_legs.png
0 0.125840 -0.109246 -0.000000 0.755529 -0.442182 -0.483375 0.998336 0.621834 1 12 1.000000
0 0.043904 -0.113514 -0.000000 -0.577595 -0.433596 -0.691649 0.998336 0.614033 1 12 1.000000
0 0.121537 -0.033920 -0.000000 0.632083 0.052359 -0.773129 0.998336 0.758357 1 12 1.000000
Silica_def_legs.png
0 0.121537 -0.033920 -0.000000 0.632083 0.052359 -0.773129 0.998336 0.758357 1 12 1.000000
0 0.120327 -0.098729 0.045913 0.763179 -0.241915 0.599196 0.932517 0.633536 1 12 1.000000
0 0.125840 -0.109246 -0.000000 0.755529 -0.442182 -0.483375 0.998336 0.621834 1 12 1.000000
Silica_def_legs.png
0 0.086606 -0.133581 0.045073 0.052938 -0.791987 0.608238 0.932517 0.567225 1 12 1.000000
0 0.125840 -0.109246 -0.000000 0.755529 -0.442182 -0.483375 0.998336 0.621834 1 12 1.000000
0 0.120327 -0.098729 0.045913 0.763179 -0.241915 0.599196 0.932517 0.633536 1 12 1.000000
Silica_def_legs.png
0 0.120327 -0.098729 0.045913 0.763179 -0.241915 0.599196 0.932517 0.633536 1 12 1.000000
0 0.084712 -0.037850 0.066400 -0.044024 -0.367907 0.928820 0.825562 0.668642 1 12 1.000000
0 0.086606 -0.133581 0.045073 0.052938 -0.791987 0.608238 0.932517 0.567225 1 12 1.000000
Silica_def_legs.png
0 0.049832 -0.105381 0.044462 -0.764253 -0.265261 0.587838 0.932517 0.633536 1 12 1.000000
0 0.086606 -0.133581 0.045073 0.052938 -0.791987 0.608238 0.932517 0.567225 1 12 1.000000
0 0.084712 -0.037850 0.066400 -0.044024 -0.367907 0.928820 0.825562 0.668642 1 12 1.000000
Silica_def_legs.png
0 0.084712 -0.037850 0.066400 -0.044024 -0.367907 0.928820 0.825562 0.668642 1 12 1.000000
0 0.053890 -0.025335 0.057663 -0.887641 -0.176296 0.425456 0.899608 0.750556 1 12 1.000000
0 0.049832 -0.105381 0.044462 -0.764253 -0.265261 0.587838 0.932517 0.633536 1 12 1.000000
Silica_def_legs.png
0 0.045768 -0.048536 -0.000000 -0.874478 0.043923 -0.483072 0.998336 0.758357 1 12 1.000000
0 0.049832 -0.105381 0.044462 -0.764253 -0.265261 0.587838 0.932517 0.633536 1 12 1.000000
0 0.053890 -0.025335 0.057663 -0.887641 -0.176296 0.425456 0.899608 0.750556 1 12 1.000000
Silica_def_legs.png
0 0.053890 -0.025335 0.057663 -0.887641 -0.176296 0.425456 0.899608 0.750556 1 12 1.000000
0 0.055487 0.056400 -0.000000 -0.656881 0.185982 -0.730697 0.998336 0.929987 1 12 1.000000
0 0.045768 -0.048536 -0.000000 -0.874478 0.043923 -0.483072 0.998336 0.758357 1 12 1.000000
Silica_def_legs.png
0 0.121537 -0.033920 -0.000000 0.632083 0.052359 -0.773129 0.998336 0.758357 1 12 1.000000
0 0.045768 -0.048536 -0.000000 -0.874478 0.043923 -0.483072 0.998336 0.758357 1 12 1.000000
0 0.055487 0.056400 -0.000000 -0.656881 0.185982 -0.730697 0.998336 0.929987 1 12 1.000000
Silica_def_legs.png
0 0.055487 0.056400 -0.000000 -0.656881 0.185982 -0.730697 0.998336 0.929987 1 12 1.000000
0 0.110396 0.064407 -0.000000 0.764656 0.281890 -0.579517 0.998336 0.945589 1 12 1.000000
0 0.121537 -0.033920 -0.000000 0.632083 0.052359 -0.773129 0.998336 0.758357 1 12 1.000000
Silica_def_legs.png
0 0.112354 -0.027424 0.063380 0.865062 -0.189851 0.464354 0.891381 0.758357 1 12 1.000000
0 0.121537 -0.033920 -0.000000 0.632083 0.052359 -0.773129 0.998336 0.758357 1 12 1.000000
0 0.110396 0.064407 -0.000000 0.764656 0.281890 -0.579517 0.998336 0.945589 1 12 1.000000
Silica_def_legs.png
0 0.110396 0.064407 -0.000000 0.764656 0.281890 -0.579517 0.998336 0.945589 1 12 1.000000
0 0.112283 0.063811 0.044333 0.859396 0.508394 0.054536 0.924290 0.945589 1 12 1.000000
0 0.112354 -0.027424 0.063380 0.865062 -0.189851 0.464354 0.891381 0.758357 1 12 1.000000
Silica_def_legs.png
0 0.105794 0.032713 0.107430 0.922246 -0.071057 0.380018 0.809108 0.875377 1 11 1.000000
0 0.112354 -0.027424 0.063380 0.865062 -0.189851 0.464354 0.891381 0.758357 1 12 1.000000
0 0.112283 0.063811 0.044333 0.859396 0.508394 0.054536 0.924290 0.945589 1 12 1.000000
Silica_def_legs.png
0 0.112283 0.063811 0.044333 0.859396 0.508394 0.054536 0.924290 0.945589 1 12 1.000000
0 0.097516 0.070949 0.102012 0.540219 0.814594 0.211186 0.817335 0.957291 2 11 0.710000 12 0.290000
0 0.105794 0.032713 0.107430 0.922246 -0.071057 0.380018 0.809108 0.875377 1 11 1.000000
Silica_def_legs.png
0 0.081692 0.083522 -0.000000 -0.081416 0.940326 -0.330391 0.998336 0.992397 1 12 1.000000
0 0.112283 0.063811 0.044333 0.859396 0.508394 0.054536 0.924290 0.945589 1 12 1.000000
0 0.110396 0.064407 -0.000000 0.764656 0.281890 -0.579517 0.998336 0.945589 1 12 1.000000
Silica_def_legs.png
0 0.110396 0.064407 -0.000000 0.764656 0.281890 -0.579517 0.998336 0.945589 1 12 1.000000
0 0.055487 0.056400 -0.000000 -0.656881 0.185982 -0.730697 0.998336 0.929987 1 12 1.000000
0 0.081692 0.083522 -0.000000 -0.081416 0.940326 -0.330391 0.998336 0.992397 1 12 1.000000
Silica_def_legs.png
0 0.053144 0.057575 0.042418 -0.911926 0.406666 0.054898 0.924290 0.929987 1 12 1.000000
0 0.081692 0.083522 -0.000000 -0.081416 0.940326 -0.330391 0.998336 0.992397 1 12 1.000000
0 0.055487 0.056400 -0.000000 -0.656881 0.185982 -0.730697 0.998336 0.929987 1 12 1.000000
Silica_def_legs.png
0 0.055487 0.056400 -0.000000 -0.656881 0.185982 -0.730697 0.998336 0.929987 1 12 1.000000
0 0.053890 -0.025335 0.057663 -0.887641 -0.176296 0.425456 0.899608 0.750556 1 12 1.000000
0 0.053144 0.057575 0.042418 -0.911926 0.406666 0.054898 0.924290 0.929987 1 12 1.000000
Silica_def_legs.png
0 0.064073 0.032343 0.106958 -0.926601 -0.124895 0.354699 0.809108 0.875377 1 11 1.000000
0 0.053144 0.057575 0.042418 -0.911926 0.406666 0.054898 0.924290 0.929987 1 12 1.000000
0 0.053890 -0.025335 0.057663 -0.887641 -0.176296 0.425456 0.899608 0.750556 1 12 1.000000
Silica_def_legs.png
0 0.053890 -0.025335 0.057663 -0.887641 -0.176296 0.425456 0.899608 0.750556 1 12 1.000000
0 0.082881 0.008917 0.110150 -0.060565 -0.623703 0.779312 0.792653 0.789563 1 11 1.000000
0 0.064073 0.032343 0.106958 -0.926601 -0.124895 0.354699 0.809108 0.875377 1 11 1.000000
Silica_def_legs.png
0 0.111394 0.093712 0.335987 0.593732 0.803417 -0.044762 0.348379 0.122549 1 11 1.000000
0 0.111394 0.093712 0.335987 0.593732 0.803417 -0.044762 0.348379 0.122549 1 11 1.000000
0 0.105794 0.032713 0.107430 0.994251 -0.063463 -0.086243 0.200287 0.005529 1 11 1.000000
Silica_def_legs.png
0 0.105794 0.032713 0.107430 0.994251 -0.063463 -0.086243 0.200287 0.005529 1 11 1.000000
0 0.097516 0.070949 0.102012 0.351797 0.925858 -0.137936 0.348379 0.005529 2 11 0.710000 12 0.290000
0 0.111394 0.093712 0.335987 0.593732 0.803417 -0.044762 0.348379 0.122549 1 11 1.000000
Silica_def_legs.png
0 0.049779 0.095970 0.332619 -0.639429 0.766270 -0.062937 0.463561 0.118649 1 11 1.000000
0 0.111394 0.093712 0.335987 0.593732 0.803417 -0.044762 0.348379 0.122549 1 11 1.000000
0 0.097516 0.070949 0.102012 0.351797 0.925858 -0.137936 0.348379 0.005529 2 11 0.710000 12 0.290000
Silica_def_legs.png
0 0.097516 0.070949 0.102012 0.351797 0.925858 -0.137936 0.348379 0.005529 2 11 0.710000 12 0.290000
0 0.065070 0.064513 0.102850 -0.761823 0.633053 -0.137369 0.471788 0.005529 2 11 0.710000 12 0.290000
0 0.049779 0.095970 0.332619 -0.639429 0.766270 -0.062937 0.463561 0.118649 1 11 1.000000
Silica_def_legs.png
0 0.064073 0.032343 0.106958 -0.988899 0.114349 -0.094881 0.595198 0.005529 1 11 1.000000
0 0.049779 0.095970 0.332619 -0.639429 0.766270 -0.062937 0.463561 0.118649 1 11 1.000000
0 0.065070 0.064513 0.102850 -0.761823 0.633053 -0.137369 0.471788 0.005529 2 11 0.710000 12 0.290000
Silica_def_legs.png
0 0.120327 -0.098729 0.045913 0.763179 -0.241915 0.599196 0.932517 0.633536 1 12 1.000000
0 0.120327 -0.098729 0.045913 0.763179 -0.241915 0.599196 0.932517 0.633536 1 12 1.000000
0 0.121537 -0.033920 -0.000000 0.632083 0.052359 -0.773129 0.998336 0.758357 1 12 1.000000
Silica_def_legs.png
0 0.121537 -0.033920 -0.000000 0.632083 0.052359 -0.773129 0.998336 0.758357 1 12 1.000000
0 0.112354 -0.027424 0.063380 0.865062 -0.189851 0.464354 0.891381 0.758357 1 12 1.000000
0 0.120327 -0.098729 0.045913 0.763179 -0.241915 0.599196 0.932517 0.633536 1 12 1.000000
Silica_def_legs.png
0 0.084712 -0.037850 0.066400 -0.044024 -0.367907 0.928820 0.825562 0.668642 1 12 1.000000
0 0.120327 -0.098729 0.045913 0.763179 -0.241915 0.599196 0.932517 0.633536 1 12 1.000000
0 0.112354 -0.027424 0.063380 0.865062 -0.189851 0.464354 0.891381 0.758357 1 12 1.000000
Silica_def_legs.png
0 0.112354 -0.027424 0.063380 0.865062 -0.189851 0.464354 0.891381 0.758357 1 12 1.000000
0 0.082881 0.008917 0.110150 -0.060565 -0.623703 0.779312 0.792653 0.789563 1 11 1.000000
0 0.084712 -0.037850 0.066400 -0.044024 -0.367907 0.928820 0.825562 0.668642 1 12 1.000000
Silica_def_legs.png
0 0.053890 -0.025335 0.057663 -0.887641 -0.176296 0.425456 0.899608 0.750556 1 12 1.000000
0 0.084712 -0.037850 0.066400 -0.044024 -0.367907 0.928820 0.825562 0.668642 1 12 1.000000
0 0.082881 0.008917 0.110150 -0.060565 -0.623703 0.779312 0.792653 0.789563 1 11 1.000000
Silica_def_legs.png
0 0.086606 -0.133581 0.045073 0.052938 -0.791987 0.608238 0.932517 0.567225 1 12 1.000000
0 0.049832 -0.105381 0.044462 -0.764253 -0.265261 0.587838 0.932517 0.633536 1 12 1.000000
0 0.043904 -0.113514 -0.000000 -0.577595 -0.433596 -0.691649 0.998336 0.614033 1 12 1.000000
Silica_def_legs.png
0 0.043904 -0.113514 -0.000000 -0.577595 -0.433596 -0.691649 0.998336 0.614033 1 12 1.000000
0 0.088738 -0.141476 -0.000000 0.069913 -0.909262 -0.410311 0.998336 0.567225 1 12 1.000000
0 0.086606 -0.133581 0.045073 0.052938 -0.791987 0.608238 0.932517 0.567225 1 12 1.000000
Silica_def_legs.png
0 0.125840 -0.109246 -0.000000 0.755529 -0.442182 -0.483375 0.998336 0.621834 1 12 1.000000
0 0.086606 -0.133581 0.045073 0.052938 -0.791987 0.608238 0.932517 0.567225 1 12 1.000000
0 0.088738 -0.141476 -0.000000 0.069913 -0.909262 -0.410311 0.998336 0.567225 1 12 1.000000
Silica_def_legs.png
0 0.088738 -0.141476 -0.000000 0.069913 -0.909262 -0.410311 0.998336 0.567225 1 12 1.000000
0 0.043904 -0.113514 -0.000000 -0.577595 -0.433596 -0.691649 0.998336 0.614033 1 12 1.000000
0 0.125840 -0.109246 -0.000000 0.755529 -0.442182 -0.483375 0.998336 0.621834 1 12 1.000000
Silica_def_legs.png
0 0.082655 0.084055 0.044883 -0.094889 0.992107 0.081975 0.924290 0.992397 1 12 1.000000
0 0.112283 0.063811 0.044333 0.859396 0.508394 0.054536 0.924290 0.945589 1 12 1.000000
0 0.081692 0.083522 -0.000000 -0.081416 0.940326 -0.330391 0.998336 0.992397 1 12 1.000000
Silica_def_legs.png
0 0.081692 0.083522 -0.000000 -0.081416 0.940326 -0.330391 0.998336 0.992397 1 12 1.000000
0 0.053144 0.057575 0.042418 -0.911926 0.406666 0.054898 0.924290 0.929987 1 12 1.000000
0 0.082655 0.084055 0.044883 -0.094889 0.992107 0.081975 0.924290 0.992397 1 12 1.000000
Silica_def_legs.png
0 0.065070 0.064513 0.102850 -0.710614 0.676443 0.193527 0.817335 0.933887 2 11 0.710000 12 0.290000
0 0.082655 0.084055 0.044883 -0.094889 0.992107 0.081975 0.924290 0.992397 1 12 1.000000
0 0.053144 0.057575 0.042418 -0.911926 0.406666 0.054898 0.924290 0.929987 1 12 1.000000
Silica_def_legs.png
0 0.053144 0.057575 0.042418 -0.911926 0.406666 0.054898 0.924290 0.929987 1 12 1.000000
0 0.064073 0.032343 0.106958 -0.926601 -0.124895 0.354699 0.809108 0.875377 1 11 1.000000
0 0.065070 0.064513 0.102850 -0.710614 0.676443 0.193527 0.817335 0.933887 2 11 0.710000 12 0.290000
Silica_def_legs.png
0 0.082655 0.084055 0.044883 -0.094889 0.992107 0.081975 0.924290 0.992397 1 12 1.000000
0 0.065070 0.064513 0.102850 -0.710614 0.676443 0.193527 0.817335 0.933887 2 11 0.710000 12 0.290000
0 0.097516 0.070949 0.102012 0.540219 0.814594 0.211186 0.817335 0.957291 2 11 0.710000 12 0.290000
Silica_def_legs.png
0 0.097516 0.070949 0.102012 0.540219 0.814594 0.211186 0.817335 0.957291 2 11 0.710000 12 0.290000
0 0.112283 0.063811 0.044333 0.859396 0.508394 0.054536 0.924290 0.945589 1 12 1.000000
0 0.082655 0.084055 0.044883 -0.094889 0.992107 0.081975 0.924290 0.992397 1 12 1.000000
Silica_def_legs.png
0 0.082881 0.008917 0.110150 -0.060565 -0.623703 0.779312 0.792653 0.789563 1 11 1.000000
0 0.112354 -0.027424 0.063380 0.865062 -0.189851 0.464354 0.891381 0.758357 1 12 1.000000
0 0.105794 0.032713 0.107430 0.922246 -0.071057 0.380018 0.809108 0.875377 1 11 1.000000
Silica_def_legs.png
0 -0.039204 0.015321 0.482990 0.730878 -0.637492 -0.243765 0.002832 0.259072 2 14 0.610000 13 0.390000
0 -0.015764 0.003840 0.701614 0.933641 -0.344365 -0.098623 0.002832 0.660841 1 13 1.000000
0 -0.043153 -0.046217 0.621498 0.496832 -0.851945 -0.165370 0.085105 0.524318 1 13 1.000000
Silica_def_legs.png
0 -0.043153 -0.046217 0.621498 0.496832 -0.851945 -0.165370 0.085105 0.524318 1 13 1.000000
0 -0.083928 -0.028990 0.486107 -0.061934 -0.943563 -0.325352 0.126242 0.259072 2 13 0.800000 14 0.200000
0 -0.039204 0.015321 0.482990 0.730878 -0.637492 -0.243765 0.002832 0.259072 2 14 0.610000 13 0.390000
Silica_def_legs.png
0 -0.085319 -0.011897 0.451090 -0.071904 -0.971961 -0.223879 0.126242 0.192761 2 13 0.500000 14 0.500000
0 -0.039204 0.015321 0.482990 0.730878 -0.637492 -0.243765 0.002832 0.259072 2 14 0.610000 13 0.390000
0 -0.083928 -0.028990 0.486107 -0.061934 -0.943563 -0.325352 0.126242 0.259072 2 13 0.800000 14 0.200000
Silica_def_legs.png
0 -0.083928 -0.028990 0.486107 -0.061934 -0.943563 -0.325352 0.126242 0.259072 2 13 0.800000 14 0.200000
0 -0.122652 0.023094 0.487135 -0.937280 -0.336376 -0.091421 0.274333 0.286377 2 14 0.610000 13 0.390000
0 -0.085319 -0.011897 0.451090 -0.071904 -0.971961 -0.223879 0.126242 0.192761 2 13 0.500000 14 0.500000
Silica_def_legs.png
0 -0.134278 0.045667 0.388330 -0.987524 -0.157293 0.007489 0.274333 0.188860 1 14 1.000000
0 -0.085319 -0.011897 0.451090 -0.071904 -0.971961 -0.223879 0.126242 0.192761 2 13 0.500000 14 0.500000
0 -0.122652 0.023094 0.487135 -0.937280 -0.336376 -0.091421 0.274333 0.286377 2 14 0.610000 13 0.390000
Silica_def_legs.png
0 -0.122652 0.023094 0.487135 -0.937280 -0.336376 -0.091421 0.274333 0.286377 2 14 0.610000 13 0.390000
0 -0.107283 0.069087 0.514861 -0.785409 0.611018 0.098938 0.348379 0.313682 2 13 0.900000 14 0.100000
0 -0.134278 0.045667 0.388330 -0.987524 -0.157293 0.007489 0.274333 0.188860 1 14 1.000000
Silica_def_legs.png
0 -0.116405 0.089505 0.446915 -0.464569 0.865180 0.188780 0.348379 0.220066 2 14 0.900000 13 0.100000
0 -0.134278 0.045667 0.388330 -0.987524 -0.157293 0.007489 0.274333 0.188860 1 14 1.000000
0 -0.107283 0.069087 0.514861 -0.785409 0.611018 0.098938 0.348379 0.313682 2 13 0.900000 14 0.100000
Silica_def_legs.png
0 -0.107283 0.069087 0.514861 -0.785409 0.611018 0.098938 0.348379 0.313682 2 13 0.900000 14 0.100000
0 -0.056604 0.069087 0.514360 0.396354 0.915612 0.067509 0.455334 0.305880 2 13 0.900000 14 0.100000
0 -0.116405 0.089505 0.446915 -0.464569 0.865180 0.188780 0.348379 0.220066 2 14 0.900000 13 0.100000
Silica_def_legs.png
0 -0.057084 0.089405 0.445273 0.570654 0.808446 0.144116 0.471788 0.220066 2 14 0.900000 13 0.100000
0 -0.116405 0.089505 0.446915 -0.464569 0.865180 0.188780 0.348379 0.220066 2 14 0.900000 13 0.100000
0 -0.056604 0.069087 0.514360 0.396354 0.915612 0.067509 0.455334 0.305880 2 13 0.900000 14 0.100000
Silica_def_legs.png
0 -0.056604 0.069087 0.514360 0.396354 0.915612 0.067509 0.455334 0.305880 2 13 0.900000 14 0.100000
0 -0.039204 0.015321 0.482990 0.958368 0.285529 -0.001885 0.595198 0.259072 2 14 0.610000 13 0.390000
0 -0.057084 0.089405 0.445273 0.570654 0.808446 0.144116 0.471788 0.220066 2 14 0.900000 13 0.100000
Silica_def_legs.png
0 -0.031465 0.043059 0.390450 0.949163 0.311474 0.045538 0.595198 0.184960 1 14 1.000000
0 -0.057084 0.089405 0.445273 0.570654 0.808446 0.144116 0.471788 0.220066 2 14 0.900000 13 0.100000
0 -0.039204 0.015321 0.482990 0.958368 0.285529 -0.001885 0.595198 0.259072 2 14 0.610000 13 0.390000
Silica_def_legs.png
0 -0.042619 0.029512 0.108906 0.872096 -0.486389 -0.053623 0.685698 0.563324 1 14 1.000000
0 -0.044642 0.082641 0.114763 0.897200 0.438965 0.048390 0.800880 0.563324 1 14 1.000000
0 -0.042619 0.024909 0.150653 0.791427 -0.244994 0.560018 0.685698 0.656940 1 14 1.000000
Silica_def_legs.png
0 -0.042619 0.024909 0.150653 0.791427 -0.244994 0.560018 0.685698 0.656940 1 14 1.000000
0 -0.080770 -0.013780 0.146387 0.256145 -0.777197 0.574765 0.603425 0.656940 1 14 1.000000
0 -0.042619 0.029512 0.108906 0.872096 -0.486389 -0.053623 0.685698 0.563324 1 14 1.000000
Silica_def_legs.png
0 -0.080770 -0.009178 0.104640 -0.253125 -0.961608 -0.106011 0.603425 0.563324 1 14 1.000000
0 -0.042619 0.029512 0.108906 0.872096 -0.486389 -0.053623 0.685698 0.563324 1 14 1.000000
0 -0.080770 -0.013780 0.146387 0.256145 -0.777197 0.574765 0.603425 0.656940 1 14 1.000000
Silica_def_legs.png
0 -0.080770 -0.013780 0.146387 0.256145 -0.777197 0.574765 0.603425 0.656940 1 14 1.000000
0 -0.127249 0.025520 0.150720 -0.690848 -0.451679 0.564548 0.685698 0.656940 1 14 1.000000
0 -0.080770 -0.009178 0.104640 -0.253125 -0.961608 -0.106011 0.603425 0.563324 1 14 1.000000
Silica_def_legs.png
0 -0.127249 0.030123 0.108973 -0.995322 -0.096028 -0.010588 0.685698 0.563324 1 14 1.000000
0 -0.080770 -0.009178 0.104640 -0.253125 -0.961608 -0.106011 0.603425 0.563324 1 14 1.000000
0 -0.127249 0.025520 0.150720 -0.690848 -0.451679 0.564548 0.685698 0.656940 1 14 1.000000
Silica_def_legs.png
0 -0.127249 0.025520 0.150720 -0.690848 -0.451679 0.564548 0.685698 0.656940 1 14 1.000000
0 -0.110456 0.088668 0.157682 -0.578702 0.414464 0.702370 0.825562 0.656940 1 14 1.000000
0 -0.127249 0.030123 0.108973 -0.995322 -0.096028 -0.010588 0.685698 0.563324 1 14 1.000000
Silica_def_legs.png
0 -0.110456 0.093271 0.115935 -0.278296 0.954711 0.105256 0.825562 0.563324 1 14 1.000000
0 -0.127249 0.030123 0.108973 -0.995322 -0.096028 -0.010588 0.685698 0.563324 1 14 1.000000
0 -0.110456 0.088668 0.157682 -0.578702 0.414464 0.702370 0.825562 0.656940 1 14 1.000000
Silica_def_legs.png
0 -0.110456 0.088668 0.157682 -0.578702 0.414464 0.702370 0.825562 0.656940 1 14 1.000000
0 -0.044642 0.078039 0.156510 0.421880 0.569087 0.705802 0.800880 0.656940 1 14 1.000000
0 -0.110456 0.093271 0.115935 -0.278296 0.954711 0.105256 0.825562 0.563324 1 14 1.000000
Silica_def_legs.png
0 -0.044642 0.082641 0.114763 0.897200 0.438965 0.048390 0.800880 0.563324 1 14 1.000000
0 -0.110456 0.093271 0.115935 -0.278296 0.954711 0.105256 0.825562 0.563324 1 14 1.000000
0 -0.044642 0.078039 0.156510 0.421880 0.569087 0.705802 0.800880 0.656940 1 14 1.000000
Silica_def_legs.png
0 -0.044642 0.078039 0.156510 0.421880 0.569087 0.705802 0.800880 0.656940 1 14 1.000000
0 -0.042619 0.024909 0.150653 0.791427 -0.244994 0.560018 0.685698 0.656940 1 14 1.000000
0 -0.044642 0.082641 0.114763 0.897200 0.438965 0.048390 0.800880 0.563324 1 14 1.000000
Silica_def_legs.png
0 -0.027121 0.078712 0.711459 0.812646 0.570972 -0.116604 0.521152 0.656940 1 13 1.000000
0 -0.015764 0.003840 0.701614 0.981298 0.162432 -0.103301 0.586971 0.660841 1 13 1.000000
0 -0.039204 0.015321 0.482990 0.958368 0.285529 -0.001885 0.595198 0.259072 2 14 0.610000 13 0.390000
Silica_def_legs.png
0 -0.039204 0.015321 0.482990 0.958368 0.285529 -0.001885 0.595198 0.259072 2 14 0.610000 13 0.390000
0 -0.056604 0.069087 0.514360 0.396354 0.915612 0.067509 0.455334 0.305880 2 13 0.900000 14 0.100000
0 -0.027121 0.078712 0.711459 0.812646 0.570972 -0.116604 0.521152 0.656940 1 13 1.000000
Silica_def_legs.png
0 -0.108726 0.085748 0.702727 -0.427074 0.903784 -0.027950 0.389515 0.633536 1 13 1.000000
0 -0.027121 0.078712 0.711459 0.812646 0.570972 -0.116604 0.521152 0.656940 1 13 1.000000
0 -0.056604 0.069087 0.514360 0.396354 0.915612 0.067509 0.455334 0.305880 2 13 0.900000 14 0.100000
Silica_def_legs.png
0 -0.056604 0.069087 0.514360 0.396354 0.915612 0.067509 0.455334 0.305880 2 13 0.900000 14 0.100000
0 -0.107283 0.069087 0.514861 -0.785409 0.611018 0.098938 0.348379 0.313682 2 13 0.900000 14 0.100000
0 -0.108726 0.085748 0.702727 -0.427074 0.903784 -0.027950 0.389515 0.633536 1 13 1.000000
Silica_def_legs.png
0 -0.134632 0.001462 0.658031 -0.992288 -0.116192 -0.043176 0.274333 0.582828 1 13 1.000000
0 -0.108726 0.085748 0.702727 -0.427074 0.903784 -0.027950 0.389515 0.633536 1 13 1.000000
0 -0.107283 0.069087 0.514861 -0.785409 0.611018 0.098938 0.348379 0.313682 2 13 0.900000 14 0.100000
Silica_def_legs.png
0 -0.107283 0.069087 0.514861 -0.785409 0.611018 0.098938 0.348379 0.313682 2 13 0.900000 14 0.100000
0 -0.122652 0.023094 0.487135 -0.937280 -0.336376 -0.091421 0.274333 0.286377 2 14 0.610000 13 0.390000
0 -0.134632 0.001462 0.658031 -0.992288 -0.116192 -0.043176 0.274333 0.582828 1 13 1.000000
Silica_def_legs.png
0 -0.097676 -0.043925 0.592506 -0.550254 -0.823239 -0.139637 0.175605 0.473609 1 13 1.000000
0 -0.134632 0.001462 0.658031 -0.992288 -0.116192 -0.043176 0.274333 0.582828 1 13 1.000000
0 -0.122652 0.023094 0.487135 -0.937280 -0.336376 -0.091421 0.274333 0.286377 2 14 0.610000 13 0.390000
Silica_def_legs.png
0 -0.122652 0.023094 0.487135 -0.937280 -0.336376 -0.091421 0.274333 0.286377 2 14 0.610000 13 0.390000
0 -0.083928 -0.028990 0.486107 -0.061934 -0.943563 -0.325352 0.126242 0.259072 2 13 0.800000 14 0.200000
0 -0.097676 -0.043925 0.592506 -0.550254 -0.823239 -0.139637 0.175605 0.473609 1 13 1.000000
Silica_def_legs.png
0 -0.043153 -0.046217 0.621498 0.496832 -0.851945 -0.165370 0.085105 0.524318 1 13 1.000000
0 -0.097676 -0.043925 0.592506 -0.550254 -0.823239 -0.139637 0.175605 0.473609 1 13 1.000000
0 -0.083928 -0.028990 0.486107 -0.061934 -0.943563 -0.325352 0.126242 0.259072 2 13 0.800000 14 0.200000
Silica_def_legs.png
0 -0.111394 0.093712 0.335987 -0.593732 0.803417 -0.044762 0.348379 0.122549 1 14 1.000000
0 -0.134278 0.045667 0.388330 -0.987524 -0.157293 0.007489 0.274333 0.188860 1 14 1.000000
0 -0.116405 0.089505 0.446915 -0.464569 0.865180 0.188780 0.348379 0.220066 2 14 0.900000 13 0.100000
Silica_def_legs.png
0 -0.116405 0.089505 0.446915 -0.464569 0.865180 0.188780 0.348379 0.220066 2 14 0.900000 13 0.100000
0 -0.057084 0.089405 0.445273 0.570654 0.808446 0.144116 0.471788 0.220066 2 14 0.900000 13 0.100000
0 -0.111394 0.093712 0.335987 -0.593732 0.803417 -0.044762 0.348379 0.122549 1 14 1.000000
Silica_def_legs.png
0 -0.049779 0.095970 0.332619 0.639429 0.766270 -0.062937 0.463561 0.118649 1 14 1.000000
0 -0.111394 0.093712 0.335987 -0.593732 0.803417 -0.044762 0.348379 0.122549 1 14 1.000000
0 -0.057084 0.089405 0.445273 0.570654 0.808446 0.144116 0.471788 0.220066 2 14 0.900000 13 0.100000
Silica_def_legs.png
0 -0.057084 0.089405 0.445273 0.570654 0.808446 0.144116 0.471788 0.220066 2 14 0.900000 13 0.100000
0 -0.031465 0.043059 0.390450 0.949163 0.311474 0.045538 0.595198 0.184960 1 14 1.000000
0 -0.049779 0.095970 0.332619 0.639429 0.766270 -0.062937 0.463561 0.118649 1 14 1.000000
Silica_def_legs.png
0 -0.064073 0.032343 0.106958 0.988899 0.114349 -0.094881 0.595198 0.005529 1 14 1.000000
0 -0.049779 0.095970 0.332619 0.639429 0.766270 -0.062937 0.463561 0.118649 1 14 1.000000
0 -0.031465 0.043059 0.390450 0.949163 0.311474 0.045538 0.595198 0.184960 1 14 1.000000
Silica_def_legs.png
0 -0.134278 0.045667 0.388330 -0.987524 -0.157293 0.007489 0.274333 0.188860 1 14 1.000000
0 -0.111394 0.093712 0.335987 -0.593732 0.803417 -0.044762 0.348379 0.122549 1 14 1.000000
0 -0.105794 0.032713 0.107430 -0.994251 -0.063463 -0.086243 0.200287 0.005529 1 14 1.000000
Silica_def_legs.png
0 -0.105794 0.032713 0.107430 -0.994251 -0.063463 -0.086243 0.200287 0.005529 1 14 1.000000
0 -0.082881 0.008917 0.110150 0.004699 -0.997526 -0.070148 0.101560 0.005529 1 14 1.000000
0 -0.134278 0.045667 0.388330 -0.987524 -0.157293 0.007489 0.274333 0.188860 1 14 1.000000
Silica_def_legs.png
0 -0.085319 -0.011897 0.451090 -0.071904 -0.971961 -0.223879 0.126242 0.192761 2 13 0.500000 14 0.500000
0 -0.134278 0.045667 0.388330 -0.987524 -0.157293 0.007489 0.274333 0.188860 1 14 1.000000
0 -0.082881 0.008917 0.110150 0.004699 -0.997526 -0.070148 0.101560 0.005529 1 14 1.000000
Silica_def_legs.png
0 -0.082881 0.008917 0.110150 0.004699 -0.997526 -0.070148 0.101560 0.005529 1 14 1.000000
0 -0.031465 0.043059 0.390450 0.690431 -0.716822 -0.097320 0.002832 0.184960 1 14 1.000000
0 -0.085319 -0.011897 0.451090 -0.071904 -0.971961 -0.223879 0.126242 0.192761 2 13 0.500000 14 0.500000
Silica_def_legs.png
0 -0.039204 0.015321 0.482990 0.730878 -0.637492 -0.243765 0.002832 0.259072 2 14 0.610000 13 0.390000
0 -0.085319 -0.011897 0.451090 -0.071904 -0.971961 -0.223879 0.126242 0.192761 2 13 0.500000 14 0.500000
0 -0.031465 0.043059 0.390450 0.690431 -0.716822 -0.097320 0.002832 0.184960 1 14 1.000000
Silica_def_legs.png
0 -0.083195 0.038926 0.152198 -0.000002 -0.109584 0.993977 0.710380 0.692046 1 14 1.000000
0 -0.042619 0.024909 0.150653 0.791427 -0.244994 0.560018 0.685698 0.656940 1 14 1.000000
0 -0.044642 0.078039 0.156510 0.421880 0.569087 0.705802 0.800880 0.656940 1 14 1.000000
Silica_def_legs.png
0 -0.044642 0.078039 0.156510 0.421880 0.569087 0.705802 0.800880 0.656940 1 14 1.000000
0 -0.110456 0.088668 0.157682 -0.578702 0.414464 0.702370 0.825562 0.656940 1 14 1.000000
0 -0.083195 0.038926 0.152198 -0.000002 -0.109584 0.993977 0.710380 0.692046 1 14 1.000000
Silica_def_legs.png
0 -0.127249 0.025520 0.150720 -0.690848 -0.451679 0.564548 0.685698 0.656940 1 14 1.000000
0 -0.083195 0.038926 0.152198 -0.000002 -0.109584 0.993977 0.710380 0.692046 1 14 1.000000
0 -0.110456 0.088668 0.157682 -0.578702 0.414464 0.702370 0.825562 0.656940 1 14 1.000000
Silica_def_legs.png
0 -0.080770 -0.013780 0.146387 0.256145 -0.777197 0.574765 0.603425 0.656940 1 14 1.000000
0 -0.042619 0.024909 0.150653 0.791427 -0.244994 0.560018 0.685698 0.656940 1 14 1.000000
0 -0.083195 0.038926 0.152198 -0.000002 -0.109584 0.993977 0.710380 0.692046 1 14 1.000000
Silica_def_legs.png
0 -0.083195 0.038926 0.152198 -0.000002 -0.109584 0.993977 0.710380 0.692046 1 14 1.000000
0 -0.127249 0.025520 0.150720 -0.690848 -0.451679 0.564548 0.685698 0.656940 1 14 1.000000
0 -0.080770 -0.013780 0.146387 0.256145 -0.777197 0.574765 0.603425 0.656940 1 14 1.000000
Silica_def_legs.png
0 -0.082881 0.008917 0.110150 0.004699 -0.997526 -0.070148 0.101560 0.005529 1 14 1.000000
0 -0.064073 0.032343 0.106958 0.773763 -0.630112 -0.065182 0.002832 0.005529 1 14 1.000000
0 -0.031465 0.043059 0.390450 0.690431 -0.716822 -0.097320 0.002832 0.184960 1 14 1.000000
Silica_def_legs.png
0 -0.086606 -0.133581 0.045073 -0.052938 -0.791987 0.608238 0.932517 0.567225 1 15 1.000000
0 -0.120327 -0.098729 0.045913 -0.763179 -0.241915 0.599196 0.932517 0.633536 1 15 1.000000
0 -0.125840 -0.109246 -0.000000 -0.755529 -0.442182 -0.483375 0.998336 0.621834 1 15 1.000000
Silica_def_legs.png
0 -0.125840 -0.109246 -0.000000 -0.755529 -0.442182 -0.483375 0.998336 0.621834 1 15 1.000000
0 -0.088738 -0.141476 -0.000000 -0.069913 -0.909262 -0.410311 0.998336 0.567225 1 15 1.000000
0 -0.086606 -0.133581 0.045073 -0.052938 -0.791987 0.608238 0.932517 0.567225 1 15 1.000000
Silica_def_legs.png
0 -0.043904 -0.113514 -0.000000 0.577595 -0.433596 -0.691649 0.998336 0.614033 1 15 1.000000
0 -0.086606 -0.133581 0.045073 -0.052938 -0.791987 0.608238 0.932517 0.567225 1 15 1.000000
0 -0.088738 -0.141476 -0.000000 -0.069913 -0.909262 -0.410311 0.998336 0.567225 1 15 1.000000
Silica_def_legs.png
0 -0.088738 -0.141476 -0.000000 -0.069913 -0.909262 -0.410311 0.998336 0.567225 1 15 1.000000
0 -0.125840 -0.109246 -0.000000 -0.755529 -0.442182 -0.483375 0.998336 0.621834 1 15 1.000000
0 -0.043904 -0.113514 -0.000000 0.577595 -0.433596 -0.691649 0.998336 0.614033 1 15 1.000000
Silica_def_legs.png
0 -0.121537 -0.033920 -0.000000 -0.632083 0.052359 -0.773129 0.998336 0.758357 1 15 1.000000
0 -0.043904 -0.113514 -0.000000 0.577595 -0.433596 -0.691649 0.998336 0.614033 1 15 1.000000
0 -0.125840 -0.109246 -0.000000 -0.755529 -0.442182 -0.483375 0.998336 0.621834 1 15 1.000000
Silica_def_legs.png
0 -0.125840 -0.109246 -0.000000 -0.755529 -0.442182 -0.483375 0.998336 0.621834 1 15 1.000000
0 -0.120327 -0.098729 0.045913 -0.763179 -0.241915 0.599196 0.932517 0.633536 1 15 1.000000
0 -0.121537 -0.033920 -0.000000 -0.632083 0.052359 -0.773129 0.998336 0.758357 1 15 1.000000
Silica_def_legs.png
0 -0.112354 -0.027424 0.063380 -0.865062 -0.189851 0.464354 0.891381 0.758357 1 15 1.000000
0 -0.121537 -0.033920 -0.000000 -0.632083 0.052359 -0.773129 0.998336 0.758357 1 15 1.000000
0 -0.120327 -0.098729 0.045913 -0.763179 -0.241915 0.599196 0.932517 0.633536 1 15 1.000000
Silica_def_legs.png
0 -0.120327 -0.098729 0.045913 -0.763179 -0.241915 0.599196 0.932517 0.633536 1 15 1.000000
0 -0.084712 -0.037850 0.066400 0.044024 -0.367907 0.928820 0.825562 0.668642 1 15 1.000000
0 -0.112354 -0.027424 0.063380 -0.865062 -0.189851 0.464354 0.891381 0.758357 1 15 1.000000
Silica_def_legs.png
0 -0.082881 0.008917 0.110150 0.060565 -0.623703 0.779312 0.792653 0.789563 1 14 1.000000
0 -0.112354 -0.027424 0.063380 -0.865062 -0.189851 0.464354 0.891381 0.758357 1 15 1.000000
0 -0.084712 -0.037850 0.066400 0.044024 -0.367907 0.928820 0.825562 0.668642 1 15 1.000000
Silica_def_legs.png
0 -0.084712 -0.037850 0.066400 0.044024 -0.367907 0.928820 0.825562 0.668642 1 15 1.000000
0 -0.053890 -0.025335 0.057663 0.887641 -0.176296 0.425456 0.899608 0.750556 1 15 1.000000
0 -0.082881 0.008917 0.110150 0.060565 -0.623703 0.779312 0.792653 0.789563 1 14 1.000000
Silica_def_legs.png
0 -0.064073 0.032343 0.106958 0.926601 -0.124895 0.354699 0.809108 0.875377 1 14 1.000000
0 -0.082881 0.008917 0.110150 0.060565 -0.623703 0.779312 0.792653 0.789563 1 14 1.000000
0 -0.053890 -0.025335 0.057663 0.887641 -0.176296 0.425456 0.899608 0.750556 1 15 1.000000
Silica_def_legs.png
0 -0.053890 -0.025335 0.057663 0.887641 -0.176296 0.425456 0.899608 0.750556 1 15 1.000000
0 -0.053144 0.057575 0.042418 0.911926 0.406666 0.054898 0.924290 0.929987 1 15 1.000000
0 -0.064073 0.032343 0.106958 0.926601 -0.124895 0.354699 0.809108 0.875377 1 14 1.000000
Silica_def_legs.png
0 -0.065070 0.064513 0.102850 0.710614 0.676443 0.193527 0.817335 0.933887 2 14 0.710000 15 0.290000
0 -0.064073 0.032343 0.106958 0.926601 -0.124895 0.354699 0.809108 0.875377 1 14 1.000000
0 -0.053144 0.057575 0.042418 0.911926 0.406666 0.054898 0.924290 0.929987 1 15 1.000000
Silica_def_legs.png
0 -0.053144 0.057575 0.042418 0.911926 0.406666 0.054898 0.924290 0.929987 1 15 1.000000
0 -0.082655 0.084055 0.044883 0.094889 0.992107 0.081975 0.924290 0.992397 1 15 1.000000
0 -0.065070 0.064513 0.102850 0.710614 0.676443 0.193527 0.817335 0.933887 2 14 0.710000 15 0.290000
Silica_def_legs.png
0 -0.097516 0.070949 0.102012 -0.540219 0.814594 0.211186 0.817335 0.957291 2 14 0.710000 15 0.290000
0 -0.065070 0.064513 0.102850 0.710614 0.676443 0.193527 0.817335 0.933887 2 14 0.710000 15 0.290000
0 -0.082655 0.084055 0.044883 0.094889 0.992107 0.081975 0.924290 0.992397 1 15 1.000000
Silica_def_legs.png
0 -0.082655 0.084055 0.044883 0.094889 0.992107 0.081975 0.924290 0.992397 1 15 1.000000
0 -0.112283 0.063811 0.044333 -0.859396 0.508394 0.054536 0.924290 0.945589 1 15 1.000000
0 -0.097516 0.070949 0.102012 -0.540219 0.814594 0.211186 0.817335 0.957291 2 14 0.710000 15 0.290000
Silica_def_legs.png
0 -0.105794 0.032713 0.107430 -0.922246 -0.071057 0.380018 0.809108 0.875377 1 14 1.000000
0 -0.097516 0.070949 0.102012 -0.540219 0.814594 0.211186 0.817335 0.957291 2 14 0.710000 15 0.290000
0 -0.112283 0.063811 0.044333 -0.859396 0.508394 0.054536 0.924290 0.945589 1 15 1.000000
Silica_def_legs.png
0 -0.112283 0.063811 0.044333 -0.859396 0.508394 0.054536 0.924290 0.945589 1 15 1.000000
0 -0.112354 -0.027424 0.063380 -0.865062 -0.189851 0.464354 0.891381 0.758357 1 15 1.000000
0 -0.105794 0.032713 0.107430 -0.922246 -0.071057 0.380018 0.809108 0.875377 1 14 1.000000
Silica_def_legs.png
0 -0.082881 0.008917 0.110150 0.060565 -0.623703 0.779312 0.792653 0.789563 1 14 1.000000
0 -0.105794 0.032713 0.107430 -0.922246 -0.071057 0.380018 0.809108 0.875377 1 14 1.000000
0 -0.112354 -0.027424 0.063380 -0.865062 -0.189851 0.464354 0.891381 0.758357 1 15 1.000000
Silica_def_legs.png
0 -0.084712 -0.037850 0.066400 0.044024 -0.367907 0.928820 0.825562 0.668642 1 15 1.000000
0 -0.120327 -0.098729 0.045913 -0.763179 -0.241915 0.599196 0.932517 0.633536 1 15 1.000000
0 -0.086606 -0.133581 0.045073 -0.052938 -0.791987 0.608238 0.932517 0.567225 1 15 1.000000
Silica_def_legs.png
0 -0.086606 -0.133581 0.045073 -0.052938 -0.791987 0.608238 0.932517 0.567225 1 15 1.000000
0 -0.049832 -0.105381 0.044462 0.764253 -0.265261 0.587838 0.932517 0.633536 1 15 1.000000
0 -0.084712 -0.037850 0.066400 0.044024 -0.367907 0.928820 0.825562 0.668642 1 15 1.000000
Silica_def_legs.png
0 -0.053890 -0.025335 0.057663 0.887641 -0.176296 0.425456 0.899608 0.750556 1 15 1.000000
0 -0.084712 -0.037850 0.066400 0.044024 -0.367907 0.928820 0.825562 0.668642 1 15 1.000000
0 -0.049832 -0.105381 0.044462 0.764253 -0.265261 0.587838 0.932517 0.633536 1 15 1.000000
Silica_def_legs.png
0 -0.049832 -0.105381 0.044462 0.764253 -0.265261 0.587838 0.932517 0.633536 1 15 1.000000
0 -0.045768 -0.048536 -0.000000 0.874478 0.043923 -0.483072 0.998336 0.758357 1 15 1.000000
0 -0.053890 -0.025335 0.057663 0.887641 -0.176296 0.425456 0.899608 0.750556 1 15 1.000000
Silica_def_legs.png
0 -0.055487 0.056400 -0.000000 0.656881 0.185982 -0.730697 0.998336 0.929987 1 15 1.000000
0 -0.053890 -0.025335 0.057663 0.887641 -0.176296 0.425456 0.899608 0.750556 1 15 1.000000
0 -0.045768 -0.048536 -0.000000 0.874478 0.043923 -0.483072 0.998336 0.758357 1 15 1.000000
Silica_def_legs.png
0 -0.045768 -0.048536 -0.000000 0.874478 0.043923 -0.483072 0.998336 0.758357 1 15 1.000000
0 -0.121537 -0.033920 -0.000000 -0.632083 0.052359 -0.773129 0.998336 0.758357 1 15 1.000000
0 -0.055487 0.056400 -0.000000 0.656881 0.185982 -0.730697 0.998336 0.929987 1 15 1.000000
Silica_def_legs.png
0 -0.110396 0.064407 -0.000000 -0.764656 0.281889 -0.579517 0.998336 0.945589 1 15 1.000000
0 -0.055487 0.056400 -0.000000 0.656881 0.185982 -0.730697 0.998336 0.929987 1 15 1.000000
0 -0.121537 -0.033920 -0.000000 -0.632083 0.052359 -0.773129 0.998336 0.758357 1 15 1.000000
Silica_def_legs.png
0 -0.121537 -0.033920 -0.000000 -0.632083 0.052359 -0.773129 0.998336 0.758357 1 15 1.000000
0 -0.112354 -0.027424 0.063380 -0.865062 -0.189851 0.464354 0.891381 0.758357 1 15 1.000000
0 -0.110396 0.064407 -0.000000 -0.764656 0.281889 -0.579517 0.998336 0.945589 1 15 1.000000
Silica_def_legs.png
0 -0.112283 0.063811 0.044333 -0.859396 0.508394 0.054536 0.924290 0.945589 1 15 1.000000
0 -0.110396 0.064407 -0.000000 -0.764656 0.281889 -0.579517 0.998336 0.945589 1 15 1.000000
0 -0.112354 -0.027424 0.063380 -0.865062 -0.189851 0.464354 0.891381 0.758357 1 15 1.000000
Silica_def_legs.png
0 -0.049779 0.095970 0.332619 0.639429 0.766270 -0.062937 0.463561 0.118649 1 14 1.000000
0 -0.064073 0.032343 0.106958 0.988899 0.114349 -0.094881 0.595198 0.005529 1 14 1.000000
0 -0.065070 0.064513 0.102850 0.761823 0.633053 -0.137369 0.471788 0.005529 2 14 0.710000 15 0.290000
Silica_def_legs.png
0 -0.065070 0.064513 0.102850 0.761823 0.633053 -0.137369 0.471788 0.005529 2 14 0.710000 15 0.290000
0 -0.097516 0.070949 0.102012 -0.351797 0.925858 -0.137936 0.348379 0.005529 2 14 0.710000 15 0.290000
0 -0.049779 0.095970 0.332619 0.639429 0.766270 -0.062937 0.463561 0.118649 1 14 1.000000
Silica_def_legs.png
0 -0.111394 0.093712 0.335987 -0.593732 0.803417 -0.044762 0.348379 0.122549 1 14 1.000000
0 -0.049779 0.095970 0.332619 0.639429 0.766270 -0.062937 0.463561 0.118649 1 14 1.000000
0 -0.097516 0.070949 0.102012 -0.351797 0.925858 -0.137936 0.348379 0.005529 2 14 0.710000 15 0.290000
Silica_def_legs.png
0 -0.097516 0.070949 0.102012 -0.351797 0.925858 -0.137936 0.348379 0.005529 2 14 0.710000 15 0.290000
0 -0.105794 0.032713 0.107430 -0.994251 -0.063463 -0.086243 0.200287 0.005529 1 14 1.000000
0 -0.111394 0.093712 0.335987 -0.593732 0.803417 -0.044762 0.348379 0.122549 1 14 1.000000
Silica_def_legs.png
0 -0.053144 0.057575 0.042418 0.911926 0.406666 0.054898 0.924290 0.929987 1 15 1.000000
0 -0.053890 -0.025335 0.057663 0.887641 -0.176296 0.425456 0.899608 0.750556 1 15 1.000000
0 -0.055487 0.056400 -0.000000 0.656881 0.185982 -0.730697 0.998336 0.929987 1 15 1.000000
Silica_def_legs.png
0 -0.055487 0.056400 -0.000000 0.656881 0.185982 -0.730697 0.998336 0.929987 1 15 1.000000
0 -0.081692 0.083522 -0.000000 0.081416 0.940326 -0.330391 0.998336 0.992397 1 15 1.000000
0 -0.053144 0.057575 0.042418 0.911926 0.406666 0.054898 0.924290 0.929987 1 15 1.000000
Silica_def_legs.png
0 -0.082655 0.084055 0.044883 0.094889 0.992107 0.081975 0.924290 0.992397 1 15 1.000000
0 -0.053144 0.057575 0.042418 0.911926 0.406666 0.054898 0.924290 0.929987 1 15 1.000000
0 -0.081692 0.083522 -0.000000 0.081416 0.940326 -0.330391 0.998336 0.992397 1 15 1.000000
Silica_def_legs.png
0 -0.081692 0.083522 -0.000000 0.081416 0.940326 -0.330391 0.998336 0.992397 1 15 1.000000
0 -0.112283 0.063811 0.044333 -0.859396 0.508394 0.054536 0.924290 0.945589 1 15 1.000000
0 -0.082655 0.084055 0.044883 0.094889 0.992107 0.081975 0.924290 0.992397 1 15 1.000000
Silica_def_legs.png
0 -0.043904 -0.113514 -0.000000 0.577595 -0.433596 -0.691649 0.998336 0.614033 1 15 1.000000
0 -0.121537 -0.033920 -0.000000 -0.632083 0.052359 -0.773129 0.998336 0.758357 1 15 1.000000
0 -0.045768 -0.048536 -0.000000 0.874478 0.043923 -0.483072 0.998336 0.758357 1 15 1.000000
Silica_def_legs.png
0 -0.045768 -0.048536 -0.000000 0.874478 0.043923 -0.483072 0.998336 0.758357 1 15 1.000000
0 -0.049832 -0.105381 0.044462 0.764253 -0.265261 0.587838 0.932517 0.633536 1 15 1.000000
0 -0.043904 -0.113514 -0.000000 0.577595 -0.433596 -0.691649 0.998336 0.614033 1 15 1.000000
Silica_def_legs.png
0 -0.086606 -0.133581 0.045073 -0.052938 -0.791987 0.608238 0.932517 0.567225 1 15 1.000000
0 -0.043904 -0.113514 -0.000000 0.577595 -0.433596 -0.691649 0.998336 0.614033 1 15 1.000000
0 -0.049832 -0.105381 0.044462 0.764253 -0.265261 0.587838 0.932517 0.633536 1 15 1.000000
Silica_def_legs.png
0 -0.081692 0.083522 -0.000000 0.081416 0.940326 -0.330391 0.998336 0.992397 1 15 1.000000
0 -0.055487 0.056400 -0.000000 0.656881 0.185982 -0.730697 0.998336 0.929987 1 15 1.000000
0 -0.110396 0.064407 -0.000000 -0.764656 0.281889 -0.579517 0.998336 0.945589 1 15 1.000000
Silica_def_legs.png
0 -0.110396 0.064407 -0.000000 -0.764656 0.281889 -0.579517 0.998336 0.945589 1 15 1.000000
0 -0.112283 0.063811 0.044333 -0.859396 0.508394 0.054536 0.924290 0.945589 1 15 1.000000
0 -0.081692 0.083522 -0.000000 0.081416 0.940326 -0.330391 0.998336 0.992397 1 15 1.000000
Silica_def_legs.png
0 0.151214 0.005946 0.829650 0.843796 -0.217351 0.490680 0.759744 0.259072 3 9 0.610000 10 0.200000 0 0.190000
0 0.102145 0.007144 0.929731 0.790707 -0.469152 0.393294 0.981881 0.262973 1 9 1.000000
0 0.075261 -0.056640 0.907694 0.785764 -0.500631 0.363239 0.981881 0.130351 1 9 1.000000
Silica_def_legs.png
0 -0.102145 0.007144 0.929731 -0.790707 -0.469152 0.393294 0.981881 0.262973 1 9 1.000000
0 -0.151214 0.005946 0.829650 -0.843795 -0.217353 0.490680 0.759744 0.259072 3 9 0.610000 13 0.200000 0 0.190000
0 -0.075261 -0.056640 0.907694 -0.785764 -0.500635 0.363236 0.981881 0.130351 1 9 1.000000
Silica_def_legs.png
0 0.125837 0.091403 0.838664 0.422725 0.764193 0.487148 0.759744 0.251271 3 10 0.460000 16 0.290000 9 0.250000
0 0.179616 0.126884 0.736628 0.459113 0.735783 0.497834 0.611652 0.262973 3 10 0.510000 16 0.290000 9 0.200000
0 0.089802 0.190985 0.724717 0.373297 0.781345 0.500149 0.611652 0.173258 3 16 0.510000 9 0.290000 10 0.200000
Silica_def_legs.png
0 0.089802 0.190985 0.724717 0.373297 0.781345 0.500149 0.611652 0.173258 3 16 0.510000 9 0.290000 10 0.200000
0 0.000000 0.153156 0.844535 -0.000000 0.853028 0.521865 0.751517 0.075741 2 9 0.710000 16 0.290000
0 0.125837 0.091403 0.838664 0.422725 0.764193 0.487148 0.759744 0.251271 3 10 0.460000 16 0.290000 9 0.250000
Silica_def_legs.png
0 0.080635 0.061290 0.938454 0.353046 0.802176 0.481531 0.981881 0.259072 1 9 1.000000
0 0.125837 0.091403 0.838664 0.422725 0.764193 0.487148 0.759744 0.251271 3 10 0.460000 16 0.290000 9 0.250000
0 0.000000 0.153156 0.844535 -0.000000 0.853028 0.521865 0.751517 0.075741 2 9 0.710000 16 0.290000
Silica_def_legs.png
0 0.000000 0.153156 0.844535 -0.000000 0.853028 0.521865 0.751517 0.075741 2 9 0.710000 16 0.290000
0 0.000000 0.090915 0.938036 0.000000 0.832432 0.554127 0.981881 0.103046 1 9 1.000000
0 0.080635 0.061290 0.938454 0.353046 0.802176 0.481531 0.981881 0.259072 1 9 1.000000
Silica_def_legs.png
0 0.000000 0.153156 0.844535 -0.000000 0.853028 0.521865 0.751517 0.075741 2 9 0.710000 16 0.290000
0 -0.080635 0.061290 0.938454 -0.353046 0.802176 0.481531 0.981881 0.259072 1 9 1.000000
0 0.000000 0.090915 0.938036 0.000000 0.832432 0.554127 0.981881 0.103046 1 9 1.000000
Silica_def_legs.png
0 0.125837 0.091403 0.838664 0.855199 0.224439 0.467186 0.759744 0.142053 3 10 0.460000 16 0.290000 9 0.250000
0 0.080635 0.061290 0.938454 0.846949 0.261920 0.462682 0.981881 0.142053 1 9 1.000000
0 0.102145 0.007144 0.929731 0.862840 0.238861 0.445481 0.981881 0.259072 1 9 1.000000
Silica_def_legs.png
0 0.000000 0.153156 0.844535 -0.000000 0.853028 0.521865 0.751517 0.075741 2 9 0.710000 16 0.290000
0 0.089802 0.190985 0.724717 0.373297 0.781345 0.500149 0.611652 0.173258 3 16 0.510000 9 0.290000 10 0.200000
0 0.000000 0.221195 0.720362 0.000000 0.876979 0.480529 0.611652 0.048437 2 9 0.500000 16 0.500000
Silica_def_legs.png
0 0.101048 -0.076252 0.815922 0.309778 -0.893380 0.325438 0.767971 0.052337 3 9 0.700000 17 0.200000 10 0.100000
0 0.075261 -0.056640 0.907694 0.243077 -0.932378 0.267555 0.981881 0.067940 1 9 1.000000
0 0.000000 -0.079904 0.894999 -0.000001 -0.935184 0.354163 0.981881 0.192761 1 9 1.000000
Silica_def_legs.png
0 0.000000 -0.079904 0.894999 -0.000001 -0.935184 0.354163 0.981881 0.192761 1 9 1.000000
0 0.000000 -0.122169 0.806933 -0.000001 -0.940794 0.338979 0.759744 0.208364 2 9 0.610000 17 0.390000
0 0.101048 -0.076252 0.815922 0.309778 -0.893380 0.325438 0.767971 0.052337 3 9 0.700000 17 0.200000 10 0.100000
Silica_def_legs.png
0 0.051774 -0.134545 0.700150 0.321702 -0.899592 0.295367 0.611652 0.157655 3 17 0.510000 9 0.290000 10 0.200000
0 0.101048 -0.076252 0.815922 0.309778 -0.893380 0.325438 0.767971 0.052337 3 9 0.700000 17 0.200000 10 0.100000
0 0.000000 -0.122169 0.806933 -0.000001 -0.940794 0.338979 0.759744 0.208364 2 9 0.610000 17 0.390000
Silica_def_legs.png
0 0.000000 -0.122169 0.806933 -0.000001 -0.940794 0.338979 0.759744 0.208364 2 9 0.610000 17 0.390000
0 0.000000 -0.153188 0.698521 0.000000 -0.961420 0.275083 0.611652 0.223966 2 9 0.500000 17 0.500000
0 0.051774 -0.134545 0.700150 0.321702 -0.899592 0.295367 0.611652 0.157655 3 17 0.510000 9 0.290000 10 0.200000
Silica_def_legs.png
0 0.051774 -0.134545 0.700150 0.321702 -0.899592 0.295367 0.611652 0.157655 3 17 0.510000 9 0.290000 10 0.200000
0 0.143507 -0.101551 0.715274 0.268220 -0.901462 0.339742 0.611652 0.032834 3 17 0.460000 10 0.290000 9 0.250000
0 0.101048 -0.076252 0.815922 0.309778 -0.893380 0.325438 0.767971 0.052337 3 9 0.700000 17 0.200000 10 0.100000
Silica_def_legs.png
0 -0.125837 0.091403 0.838664 -0.422725 0.764193 0.487148 0.759744 0.251271 3 13 0.460000 16 0.290000 9 0.250000
0 -0.080635 0.061290 0.938454 -0.353046 0.802176 0.481531 0.981881 0.259072 1 9 1.000000
0 0.000000 0.153156 0.844535 -0.000000 0.853028 0.521865 0.751517 0.075741 2 9 0.710000 16 0.290000
Silica_def_legs.png
0 0.000000 0.153156 0.844535 -0.000000 0.853028 0.521865 0.751517 0.075741 2 9 0.710000 16 0.290000
0 -0.089802 0.190985 0.724717 -0.373297 0.781345 0.500149 0.611652 0.173258 3 16 0.510000 9 0.290000 13 0.200000
0 -0.125837 0.091403 0.838664 -0.422725 0.764193 0.487148 0.759744 0.251271 3 13 0.460000 16 0.290000 9 0.250000
Silica_def_legs.png
0 -0.179616 0.126884 0.736628 -0.459113 0.735783 0.497834 0.611652 0.262973 3 13 0.510000 16 0.290000 9 0.200000
0 -0.125837 0.091403 0.838664 -0.422725 0.764193 0.487148 0.759744 0.251271 3 13 0.460000 16 0.290000 9 0.250000
0 -0.089802 0.190985 0.724717 -0.373297 0.781345 0.500149 0.611652 0.173258 3 16 0.510000 9 0.290000 13 0.200000
Silica_def_legs.png
0 0.000000 0.153156 0.844535 -0.000000 0.853028 0.521865 0.751517 0.075741 2 9 0.710000 16 0.290000
0 0.000000 0.221195 0.720362 0.000000 0.876979 0.480529 0.611652 0.048437 2 9 0.500000 16 0.500000
0 -0.089802 0.190985 0.724717 -0.373297 0.781345 0.500149 0.611652 0.173258 3 16 0.510000 9 0.290000 13 0.200000
Silica_def_legs.png
0 -0.102145 0.007144 0.929731 -0.862840 0.238861 0.445481 0.981881 0.259072 1 9 1.000000
0 -0.080635 0.061290 0.938454 -0.846949 0.261920 0.462682 0.981881 0.142053 1 9 1.000000
0 -0.125837 0.091403 0.838664 -0.855199 0.224439 0.467186 0.759744 0.142053 3 13 0.460000 16 0.290000 9 0.250000
Silica_def_legs.png
0 -0.051774 -0.134545 0.700150 -0.321702 -0.899592 0.295369 0.611652 0.157655 3 17 0.510000 9 0.290000 13 0.200000
0 -0.051774 -0.134545 0.700150 -0.321702 -0.899592 0.295369 0.611652 0.157655 3 17 0.510000 9 0.290000 13 0.200000
0 0.000000 -0.153188 0.698521 0.000000 -0.961420 0.275083 0.611652 0.223966 2 9 0.500000 17 0.500000
Silica_def_legs.png
0 0.000000 -0.153188 0.698521 0.000000 -0.961420 0.275083 0.611652 0.223966 2 9 0.500000 17 0.500000
0 0.000000 -0.122169 0.806933 -0.000001 -0.940794 0.338979 0.759744 0.208364 2 9 0.610000 17 0.390000
0 -0.051774 -0.134545 0.700150 -0.321702 -0.899592 0.295369 0.611652 0.157655 3 17 0.510000 9 0.290000 13 0.200000
Silica_def_legs.png
0 -0.101047 -0.076252 0.815922 -0.309780 -0.893379 0.325439 0.767971 0.052337 3 9 0.710000 17 0.190000 13 0.100000
0 -0.051774 -0.134545 0.700150 -0.321702 -0.899592 0.295369 0.611652 0.157655 3 17 0.510000 9 0.290000 13 0.200000
0 0.000000 -0.122169 0.806933 -0.000001 -0.940794 0.338979 0.759744 0.208364 2 9 0.610000 17 0.390000
Silica_def_legs.png
0 0.000000 -0.122169 0.806933 -0.000001 -0.940794 0.338979 0.759744 0.208364 2 9 0.610000 17 0.390000
0 0.000000 -0.079904 0.894999 -0.000001 -0.935184 0.354163 0.981881 0.192761 1 9 1.000000
0 -0.101047 -0.076252 0.815922 -0.309780 -0.893379 0.325439 0.767971 0.052337 3 9 0.710000 17 0.190000 13 0.100000
Silica_def_legs.png
0 -0.075261 -0.056640 0.907694 -0.243078 -0.932378 0.267552 0.981881 0.067940 1 9 1.000000
0 -0.101047 -0.076252 0.815922 -0.309780 -0.893379 0.325439 0.767971 0.052337 3 9 0.710000 17 0.190000 13 0.100000
0 0.000000 -0.079904 0.894999 -0.000001 -0.935184 0.354163 0.981881 0.192761 1 9 1.000000
Silica_def_legs.png
0 -0.101047 -0.076252 0.815922 -0.309780 -0.893379 0.325439 0.767971 0.052337 3 9 0.710000 17 0.190000 13 0.100000
0 -0.143507 -0.101551 0.715274 -0.268219 -0.901461 0.339745 0.611652 0.032834 3 17 0.460000 13 0.290000 9 0.250000
0 -0.051774 -0.134545 0.700150 -0.321702 -0.899592 0.295369 0.611652 0.157655 3 17 0.510000 9 0.290000 13 0.200000
Silica_def_legs.png
0 0.151214 0.005946 0.829650 0.843796 -0.217351 0.490680 0.759744 0.259072 3 9 0.610000 10 0.200000 0 0.190000
0 0.218133 0.008706 0.740517 0.766223 0.268935 0.583590 0.611652 0.266874 2 9 0.800000 10 0.200000
0 0.179616 0.126884 0.736628 0.803746 0.232492 0.547667 0.611652 0.138152 3 10 0.510000 16 0.290000 9 0.200000
Silica_def_legs.png
0 0.179616 0.126884 0.736628 0.803746 0.232492 0.547667 0.611652 0.138152 3 10 0.510000 16 0.290000 9 0.200000
0 0.125837 0.091403 0.838664 0.855199 0.224439 0.467186 0.759744 0.142053 3 10 0.460000 16 0.290000 9 0.250000
0 0.151214 0.005946 0.829650 0.843796 -0.217351 0.490680 0.759744 0.259072 3 9 0.610000 10 0.200000 0 0.190000
Silica_def_legs.png
0 0.102145 0.007144 0.929731 0.862840 0.238861 0.445481 0.981881 0.259072 1 9 1.000000
0 0.151214 0.005946 0.829650 0.843796 -0.217351 0.490680 0.759744 0.259072 3 9 0.610000 10 0.200000 0 0.190000
0 0.125837 0.091403 0.838664 0.855199 0.224439 0.467186 0.759744 0.142053 3 10 0.460000 16 0.290000 9 0.250000
Silica_def_legs.png
0 0.151214 0.005946 0.829650 0.843796 -0.217351 0.490680 0.759744 0.259072 3 9 0.610000 10 0.200000 0 0.190000
0 0.075261 -0.056640 0.907694 0.785764 -0.500631 0.363239 0.981881 0.130351 1 9 1.000000
0 0.101048 -0.076252 0.815922 0.757043 -0.526617 0.386731 0.767971 0.122549 3 9 0.700000 17 0.200000 10 0.100000
Silica_def_legs.png
0 0.101048 -0.076252 0.815922 0.757043 -0.526617 0.386731 0.767971 0.122549 3 9 0.700000 17 0.200000 10 0.100000
0 0.143507 -0.101551 0.715274 0.701192 -0.542502 0.462625 0.611652 0.114748 3 17 0.460000 10 0.290000 9 0.250000
0 0.151214 0.005946 0.829650 0.843796 -0.217351 0.490680 0.759744 0.259072 3 9 0.610000 10 0.200000 0 0.190000
Silica_def_legs.png
0 0.218133 0.008706 0.740517 0.668842 -0.563667 0.484697 0.611652 0.262973 2 9 0.800000 10 0.200000
0 0.151214 0.005946 0.829650 0.843796 -0.217351 0.490680 0.759744 0.259072 3 9 0.610000 10 0.200000 0 0.190000
0 0.143507 -0.101551 0.715274 0.701192 -0.542502 0.462625 0.611652 0.114748 3 17 0.460000 10 0.290000 9 0.250000
Silica_def_legs.png
0 -0.151214 0.005946 0.829650 -0.843795 -0.217353 0.490680 0.759744 0.259072 3 9 0.610000 13 0.200000 0 0.190000
0 -0.102145 0.007144 0.929731 -0.862840 0.238861 0.445481 0.981881 0.259072 1 9 1.000000
0 -0.125837 0.091403 0.838664 -0.855199 0.224439 0.467186 0.759744 0.142053 3 13 0.460000 16 0.290000 9 0.250000
Silica_def_legs.png
0 -0.125837 0.091403 0.838664 -0.855199 0.224439 0.467186 0.759744 0.142053 3 13 0.460000 16 0.290000 9 0.250000
0 -0.179616 0.126884 0.736628 -0.803746 0.232492 0.547667 0.611652 0.138152 3 13 0.510000 16 0.290000 9 0.200000
0 -0.151214 0.005946 0.829650 -0.843795 -0.217353 0.490680 0.759744 0.259072 3 9 0.610000 13 0.200000 0 0.190000
Silica_def_legs.png
0 -0.218133 0.008706 0.740517 -0.766223 0.268935 0.583590 0.611652 0.266874 2 9 0.800000 13 0.200000
0 -0.151214 0.005946 0.829650 -0.843795 -0.217353 0.490680 0.759744 0.259072 3 9 0.610000 13 0.200000 0 0.190000
0 -0.179616 0.126884 0.736628 -0.803746 0.232492 0.547667 0.611652 0.138152 3 13 0.510000 16 0.290000 9 0.200000
Silica_def_legs.png
0 -0.151214 0.005946 0.829650 -0.843795 -0.217353 0.490680 0.759744 0.259072 3 9 0.610000 13 0.200000 0 0.190000
0 -0.218133 0.008706 0.740517 -0.668842 -0.563667 0.484697 0.611652 0.262973 2 9 0.800000 13 0.200000
0 -0.143507 -0.101551 0.715274 -0.701188 -0.542504 0.462628 0.611652 0.114748 3 17 0.460000 13 0.290000 9 0.250000
Silica_def_legs.png
0 -0.143507 -0.101551 0.715274 -0.701188 -0.542504 0.462628 0.611652 0.114748 3 17 0.460000 13 0.290000 9 0.250000
0 -0.101047 -0.076252 0.815922 -0.757039 -0.526623 0.386730 0.767971 0.122549 3 9 0.710000 17 0.190000 13 0.100000
0 -0.151214 0.005946 0.829650 -0.843795 -0.217353 0.490680 0.759744 0.259072 3 9 0.610000 13 0.200000 0 0.190000
Silica_def_legs.png
0 -0.075261 -0.056640 0.907694 -0.785764 -0.500635 0.363236 0.981881 0.130351 1 9 1.000000
0 -0.151214 0.005946 0.829650 -0.843795 -0.217353 0.490680 0.759744 0.259072 3 9 0.610000 13 0.200000 0 0.190000
0 -0.101047 -0.076252 0.815922 -0.757039 -0.526623 0.386730 0.767971 0.122549 3 9 0.710000 17 0.190000 13 0.100000
Silica_def_arms.png
0 0.630340 0.003909 1.163754 0.157970 0.861087 -0.483296 0.430652 0.017231 1 5 1.000000
0 0.630340 0.003909 1.163754 0.157970 0.861087 -0.483296 0.430652 0.017231 1 5 1.000000
0 0.625355 -0.007600 1.157722 0.089286 0.431750 -0.897564 0.438879 0.005529 1 5 1.000000
Silica_def_arms.png
0 0.625355 -0.007600 1.157722 0.089286 0.431750 -0.897564 0.438879 0.005529 1 5 1.000000
0 0.600675 -0.008893 1.154645 0.060826 0.533414 -0.843664 0.274333 0.005529 1 5 1.000000
0 0.630340 0.003909 1.163754 0.157970 0.861087 -0.483296 0.430652 0.017231 1 5 1.000000
Silica_def_arms.png
0 0.606886 0.007847 1.166984 0.400214 0.864864 0.303049 0.299015 0.025033 1 5 1.000000
0 0.630340 0.003909 1.163754 0.157970 0.861087 -0.483296 0.430652 0.017231 1 5 1.000000
0 0.600675 -0.008893 1.154645 0.060826 0.533414 -0.843664 0.274333 0.005529 1 5 1.000000
Silica_def_arms.png
0 0.600675 -0.008893 1.154645 0.060826 0.533414 -0.843664 0.274333 0.005529 1 5 1.000000
0 0.572611 -0.003784 1.154645 -0.083625 0.291063 -0.953042 0.159151 0.025033 1 5 1.000000
0 0.606886 0.007847 1.166984 0.400214 0.864864 0.303049 0.299015 0.025033 1 5 1.000000
Silica_def_arms.png
0 0.582150 0.019910 1.159569 0.721150 0.498378 -0.481208 0.208515 0.040635 1 5 1.000000
0 0.606886 0.007847 1.166984 0.400214 0.864864 0.303049 0.299015 0.025033 1 5 1.000000
0 0.572611 -0.003784 1.154645 -0.083625 0.291063 -0.953042 0.159151 0.025033 1 5 1.000000
Silica_def_arms.png
0 0.572611 -0.003784 1.154645 -0.083625 0.291063 -0.953042 0.159151 0.025033 1 5 1.000000
0 0.564680 0.054757 1.177222 0.220708 0.372883 -0.901247 0.159151 0.110847 1 5 1.000000
0 0.582150 0.019910 1.159569 0.721150 0.498378 -0.481208 0.208515 0.040635 1 5 1.000000
Silica_def_arms.png
0 0.590843 0.000474 1.198446 0.504889 0.063394 -0.860853 0.266106 0.052337 1 5 1.000000
0 0.582150 0.019910 1.159569 0.721150 0.498378 -0.481208 0.208515 0.040635 1 5 1.000000
0 0.564680 0.054757 1.177222 0.220708 0.372883 -0.901247 0.159151 0.110847 1 5 1.000000
Silica_def_arms.png
0 0.564680 0.054757 1.177222 0.220708 0.372883 -0.901247 0.159151 0.110847 1 5 1.000000
0 0.606233 0.090037 1.193915 0.031083 0.764748 -0.643579 0.307242 0.181059 1 5 1.000000
0 0.590843 0.000474 1.198446 0.504889 0.063394 -0.860853 0.266106 0.052337 1 5 1.000000
Silica_def_arms.png
0 0.626982 0.085449 1.188037 0.296096 0.810326 -0.505668 0.447106 0.181059 1 5 1.000000
0 0.590843 0.000474 1.198446 0.504889 0.063394 -0.860853 0.266106 0.052337 1 5 1.000000
0 0.606233 0.090037 1.193915 0.031083 0.764748 -0.643579 0.307242 0.181059 1 5 1.000000
Silica_def_arms.png
0 0.606233 0.090037 1.193915 0.031083 0.764748 -0.643579 0.307242 0.181059 1 5 1.000000
0 0.610386 0.079509 1.215826 0.241843 0.607977 0.756225 0.323697 0.200562 1 5 1.000000
0 0.626982 0.085449 1.188037 0.296096 0.810326 -0.505668 0.447106 0.181059 1 5 1.000000
Silica_def_arms.png
0 0.655476 0.045996 1.196932 0.965642 -0.009588 0.259698 0.554061 0.239569 1 5 1.000000
0 0.626982 0.085449 1.188037 0.296096 0.810326 -0.505668 0.447106 0.181059 1 5 1.000000
0 0.610386 0.079509 1.215826 0.241843 0.607977 0.756225 0.323697 0.200562 1 5 1.000000
Silica_def_arms.png
0 0.610386 0.079509 1.215826 0.241843 0.607977 0.756225 0.323697 0.200562 1 5 1.000000
0 0.609478 0.036654 1.226377 0.353433 -0.197904 0.914286 0.315470 0.251271 1 5 1.000000
0 0.655476 0.045996 1.196932 0.965642 -0.009588 0.259698 0.554061 0.239569 1 5 1.000000
Silica_def_arms.png
0 0.629214 0.008517 1.188058 0.612381 -0.680396 0.402556 0.455334 0.290278 1 5 1.000000
0 0.655476 0.045996 1.196932 0.965642 -0.009588 0.259698 0.554061 0.239569 1 5 1.000000
0 0.609478 0.036654 1.226377 0.353433 -0.197904 0.914286 0.315470 0.251271 1 5 1.000000
Silica_def_arms.png
0 0.609478 0.036654 1.226377 0.353433 -0.197904 0.914286 0.315470 0.251271 1 5 1.000000
0 0.598336 0.007771 1.215907 0.079683 -0.722576 0.686684 0.282560 0.286377 1 5 1.000000
0 0.629214 0.008517 1.188058 0.612381 -0.680396 0.402556 0.455334 0.290278 1 5 1.000000
Silica_def_arms.png
0 0.590843 0.000474 1.198446 -0.061458 -0.907405 0.415739 0.257878 0.305880 1 5 1.000000
0 0.629214 0.008517 1.188058 0.612381 -0.680396 0.402556 0.455334 0.290278 1 5 1.000000
0 0.598336 0.007771 1.215907 0.079683 -0.722576 0.686684 0.282560 0.286377 1 5 1.000000
Silica_def_arms.png
0 0.598890 -0.012955 1.171939 0.271926 0.122825 0.954448 0.373061 0.032834 1 5 1.000000
0 0.598890 -0.012955 1.171939 0.271926 0.122825 0.954448 0.373061 0.032834 1 5 1.000000
0 0.626339 -0.007539 1.171200 0.090191 0.367658 0.925577 0.438879 0.028933 1 5 1.000000
Silica_def_arms.png
0 0.626339 -0.007539 1.171200 0.090191 0.367658 0.925577 0.438879 0.028933 1 5 1.000000
0 0.606886 0.007847 1.166984 0.400214 0.864864 0.303049 0.299015 0.025033 1 5 1.000000
0 0.598890 -0.012955 1.171939 0.271926 0.122825 0.954448 0.373061 0.032834 1 5 1.000000
Silica_def_arms.png
0 0.585342 -0.008154 1.180616 0.725940 0.239785 0.644604 0.315470 0.032834 1 5 1.000000
0 0.598890 -0.012955 1.171939 0.271926 0.122825 0.954448 0.373061 0.032834 1 5 1.000000
0 0.606886 0.007847 1.166984 0.400214 0.864864 0.303049 0.299015 0.025033 1 5 1.000000
Silica_def_arms.png
0 0.606886 0.007847 1.166984 0.400214 0.864864 0.303049 0.299015 0.025033 1 5 1.000000
0 0.582150 0.019910 1.159569 0.721150 0.498378 -0.481208 0.208515 0.040635 1 5 1.000000
0 0.585342 -0.008154 1.180616 0.725940 0.239785 0.644604 0.315470 0.032834 1 5 1.000000
Silica_def_arms.png
0 0.590843 0.000474 1.198446 0.504889 0.063394 -0.860853 0.266106 0.052337 1 5 1.000000
0 0.585342 -0.008154 1.180616 0.725940 0.239785 0.644604 0.315470 0.032834 1 5 1.000000
0 0.582150 0.019910 1.159569 0.721150 0.498378 -0.481208 0.208515 0.040635 1 5 1.000000
Silica_def_arms.png
0 0.625355 -0.007600 1.157722 0.456259 -0.882694 -0.112600 0.397743 0.340986 1 5 1.000000
0 0.630340 0.003909 1.163754 0.927782 -0.367227 -0.066074 0.430652 0.329284 1 5 1.000000
0 0.626339 -0.007539 1.171200 0.638749 -0.768204 -0.043157 0.397743 0.321483 1 5 1.000000
Silica_def_arms.png
0 0.626339 -0.007539 1.171200 0.638749 -0.768204 -0.043157 0.397743 0.321483 1 5 1.000000
0 0.598890 -0.012955 1.171939 -0.060165 -0.990894 -0.120458 0.299015 0.317582 1 5 1.000000
0 0.625355 -0.007600 1.157722 0.456259 -0.882694 -0.112600 0.397743 0.340986 1 5 1.000000
Silica_def_arms.png
0 0.600675 -0.008893 1.154645 -0.048075 -0.971266 -0.233091 0.290788 0.348788 1 5 1.000000
0 0.625355 -0.007600 1.157722 0.456259 -0.882694 -0.112600 0.397743 0.340986 1 5 1.000000
0 0.598890 -0.012955 1.171939 -0.060165 -0.990894 -0.120458 0.299015 0.317582 1 5 1.000000
Silica_def_arms.png
0 0.598890 -0.012955 1.171939 -0.060165 -0.990894 -0.120458 0.299015 0.317582 1 5 1.000000
0 0.572611 -0.003784 1.154645 -0.414846 -0.897567 -0.149251 0.159151 0.348788 1 5 1.000000
0 0.600675 -0.008893 1.154645 -0.048075 -0.971266 -0.233091 0.290788 0.348788 1 5 1.000000
Silica_def_arms.png
0 0.620277 0.076222 1.167526 -0.890893 0.185460 -0.414626 0.529379 0.177158 1 5 1.000000
0 0.635240 0.047695 1.153301 -0.691992 -0.002989 -0.721899 0.586971 0.126450 1 5 1.000000
0 0.629393 0.015290 1.159040 -0.908127 -0.078589 -0.411253 0.554061 0.052337 1 5 1.000000
Silica_def_arms.png
0 0.629393 0.015290 1.159040 -0.908127 -0.078589 -0.411253 0.554061 0.052337 1 5 1.000000
0 0.629214 0.008517 1.188058 -0.951979 -0.077041 -0.296311 0.455334 0.052337 1 5 1.000000
0 0.620277 0.076222 1.167526 -0.890893 0.185460 -0.414626 0.529379 0.177158 1 5 1.000000
Silica_def_arms.png
0 0.626982 0.085449 1.188037 0.296096 0.810326 -0.505668 0.447106 0.181059 1 5 1.000000
0 0.620277 0.076222 1.167526 -0.890893 0.185460 -0.414626 0.529379 0.177158 1 5 1.000000
0 0.629214 0.008517 1.188058 -0.951979 -0.077041 -0.296311 0.455334 0.052337 1 5 1.000000
Silica_def_arms.png
0 0.629214 0.008517 1.188058 -0.951979 -0.077041 -0.296311 0.455334 0.052337 1 5 1.000000
0 0.590843 0.000474 1.198446 0.504889 0.063394 -0.860853 0.266106 0.052337 1 5 1.000000
0 0.626982 0.085449 1.188037 0.296096 0.810326 -0.505668 0.447106 0.181059 1 5 1.000000
Silica_def_arms.png
0 0.635240 0.047695 1.153301 0.840362 0.304921 -0.448125 0.586971 0.231768 1 5 1.000000
0 0.620277 0.076222 1.167526 -0.890893 0.185460 -0.414626 0.529379 0.177158 1 5 1.000000
0 0.626982 0.085449 1.188037 0.296096 0.810326 -0.505668 0.447106 0.181059 1 5 1.000000
Silica_def_arms.png
0 0.626982 0.085449 1.188037 0.296096 0.810326 -0.505668 0.447106 0.181059 1 5 1.000000
0 0.655476 0.045996 1.196932 0.965642 -0.009588 0.259698 0.554061 0.239569 1 5 1.000000
0 0.635240 0.047695 1.153301 0.840362 0.304921 -0.448125 0.586971 0.231768 1 5 1.000000
Silica_def_arms.png
0 0.629393 0.015290 1.159040 0.873481 -0.400671 -0.276575 0.562289 0.286377 1 5 1.000000
0 0.635240 0.047695 1.153301 0.840362 0.304921 -0.448125 0.586971 0.231768 1 5 1.000000
0 0.655476 0.045996 1.196932 0.965642 -0.009588 0.259698 0.554061 0.239569 1 5 1.000000
Silica_def_arms.png
0 0.655476 0.045996 1.196932 0.965642 -0.009588 0.259698 0.554061 0.239569 1 5 1.000000
0 0.629214 0.008517 1.188058 0.612381 -0.680396 0.402556 0.455334 0.290278 1 5 1.000000
0 0.629393 0.015290 1.159040 0.873481 -0.400671 -0.276575 0.562289 0.286377 1 5 1.000000
Silica_def_arms.png
0 0.598890 -0.012955 1.171939 -0.060165 -0.990894 -0.120458 0.299015 0.317582 1 5 1.000000
0 0.585342 -0.008154 1.180616 -0.328404 -0.927007 0.181131 0.224969 0.325384 1 5 1.000000
0 0.572611 -0.003784 1.154645 -0.414846 -0.897567 -0.149251 0.159151 0.348788 1 5 1.000000
Silica_def_arms.png
0 0.626339 -0.007539 1.171200 0.090191 0.367658 0.925577 0.438879 0.028933 1 5 1.000000
0 0.630340 0.003909 1.163754 0.157970 0.861087 -0.483296 0.430652 0.017231 1 5 1.000000
0 0.606886 0.007847 1.166984 0.400214 0.864864 0.303049 0.299015 0.025033 1 5 1.000000
Silica_def_arms.png
0 -0.629217 0.008517 1.188058 -0.612377 -0.680398 0.402557 0.455334 0.290278 1 8 1.000000
0 -0.590846 0.000474 1.198446 0.061459 -0.907405 0.415738 0.257878 0.305880 1 8 1.000000
0 -0.598340 0.007771 1.215907 -0.079687 -0.722575 0.686684 0.282560 0.286377 1 8 1.000000
Silica_def_arms.png
0 -0.598340 0.007771 1.215907 -0.079687 -0.722575 0.686684 0.282560 0.286377 1 8 1.000000
0 -0.609481 0.036654 1.226377 -0.353432 -0.197902 0.914287 0.315470 0.251271 1 8 1.000000
0 -0.629217 0.008517 1.188058 -0.612377 -0.680398 0.402557 0.455334 0.290278 1 8 1.000000
Silica_def_arms.png
0 -0.655480 0.045996 1.196932 -0.965642 -0.009584 0.259700 0.554061 0.239569 1 8 1.000000
0 -0.629217 0.008517 1.188058 -0.612377 -0.680398 0.402557 0.455334 0.290278 1 8 1.000000
0 -0.609481 0.036654 1.226377 -0.353432 -0.197902 0.914287 0.315470 0.251271 1 8 1.000000
Silica_def_arms.png
0 -0.609481 0.036654 1.226377 -0.353432 -0.197902 0.914287 0.315470 0.251271 1 8 1.000000
0 -0.610389 0.079509 1.215826 -0.241842 0.607977 0.756225 0.323697 0.200562 1 8 1.000000
0 -0.655480 0.045996 1.196932 -0.965642 -0.009584 0.259700 0.554061 0.239569 1 8 1.000000
Silica_def_arms.png
0 -0.626985 0.085449 1.188037 -0.296090 0.810328 -0.505667 0.447106 0.181059 1 8 1.000000
0 -0.655480 0.045996 1.196932 -0.965642 -0.009584 0.259700 0.554061 0.239569 1 8 1.000000
0 -0.610389 0.079509 1.215826 -0.241842 0.607977 0.756225 0.323697 0.200562 1 8 1.000000
Silica_def_arms.png
0 -0.610389 0.079509 1.215826 -0.241842 0.607977 0.756225 0.323697 0.200562 1 8 1.000000
0 -0.606237 0.090037 1.193915 -0.031080 0.764745 -0.643583 0.307242 0.181059 1 8 1.000000
0 -0.626985 0.085449 1.188037 -0.296090 0.810328 -0.505667 0.447106 0.181059 1 8 1.000000
Silica_def_arms.png
0 -0.590846 0.000474 1.198446 -0.504886 0.063394 -0.860855 0.266106 0.052337 1 8 1.000000
0 -0.626985 0.085449 1.188037 -0.296090 0.810328 -0.505667 0.447106 0.181059 1 8 1.000000
0 -0.606237 0.090037 1.193915 -0.031080 0.764745 -0.643583 0.307242 0.181059 1 8 1.000000
Silica_def_arms.png
0 -0.606237 0.090037 1.193915 -0.031080 0.764745 -0.643583 0.307242 0.181059 1 8 1.000000
0 -0.564683 0.054757 1.177222 -0.220702 0.372885 -0.901248 0.159151 0.110847 1 8 1.000000
0 -0.590846 0.000474 1.198446 -0.504886 0.063394 -0.860855 0.266106 0.052337 1 8 1.000000
Silica_def_arms.png
0 -0.582153 0.019910 1.159569 -0.721148 0.498380 -0.481210 0.208515 0.040635 1 8 1.000000
0 -0.590846 0.000474 1.198446 -0.504886 0.063394 -0.860855 0.266106 0.052337 1 8 1.000000
0 -0.564683 0.054757 1.177222 -0.220702 0.372885 -0.901248 0.159151 0.110847 1 8 1.000000
Silica_def_arms.png
0 -0.564683 0.054757 1.177222 -0.220702 0.372885 -0.901248 0.159151 0.110847 1 8 1.000000
0 -0.572614 -0.003784 1.154645 0.083626 0.291068 -0.953040 0.159151 0.025033 1 8 1.000000
0 -0.582153 0.019910 1.159569 -0.721148 0.498380 -0.481210 0.208515 0.040635 1 8 1.000000
Silica_def_arms.png
0 -0.606890 0.007847 1.166984 -0.400212 0.864865 0.303049 0.299015 0.025033 1 8 1.000000
0 -0.582153 0.019910 1.159569 -0.721148 0.498380 -0.481210 0.208515 0.040635 1 8 1.000000
0 -0.572614 -0.003784 1.154645 0.083626 0.291068 -0.953040 0.159151 0.025033 1 8 1.000000
Silica_def_arms.png
0 -0.572614 -0.003784 1.154645 0.083626 0.291068 -0.953040 0.159151 0.025033 1 8 1.000000
0 -0.600678 -0.008893 1.154645 -0.060827 0.533415 -0.843664 0.274333 0.005529 1 8 1.000000
0 -0.606890 0.007847 1.166984 -0.400212 0.864865 0.303049 0.299015 0.025033 1 8 1.000000
Silica_def_arms.png
0 -0.630343 0.003909 1.163754 -0.157977 0.861086 -0.483295 0.430652 0.017231 1 8 1.000000
0 -0.606890 0.007847 1.166984 -0.400212 0.864865 0.303049 0.299015 0.025033 1 8 1.000000
0 -0.600678 -0.008893 1.154645 -0.060827 0.533415 -0.843664 0.274333 0.005529 1 8 1.000000
Silica_def_arms.png
0 -0.600678 -0.008893 1.154645 -0.060827 0.533415 -0.843664 0.274333 0.005529 1 8 1.000000
0 -0.625358 -0.007600 1.157722 -0.089291 0.431747 -0.897564 0.438879 0.005529 1 8 1.000000
0 -0.630343 0.003909 1.163754 -0.157977 0.861086 -0.483295 0.430652 0.017231 1 8 1.000000
Silica_def_arms.png
0 -0.600678 -0.008893 1.154645 0.048075 -0.971266 -0.233091 0.290788 0.348788 1 8 1.000000
0 -0.600678 -0.008893 1.154645 0.048075 -0.971266 -0.233091 0.290788 0.348788 1 8 1.000000
0 -0.572614 -0.003784 1.154645 0.414846 -0.897567 -0.149251 0.159151 0.348788 1 8 1.000000
Silica_def_arms.png
0 -0.572614 -0.003784 1.154645 0.414846 -0.897567 -0.149251 0.159151 0.348788 1 8 1.000000
0 -0.598893 -0.012955 1.171939 0.060167 -0.990893 -0.120461 0.299015 0.317582 1 8 1.000000
0 -0.600678 -0.008893 1.154645 0.048075 -0.971266 -0.233091 0.290788 0.348788 1 8 1.000000
Silica_def_arms.png
0 -0.625358 -0.007600 1.157722 -0.456262 -0.882688 -0.112632 0.397743 0.340986 1 8 1.000000
0 -0.600678 -0.008893 1.154645 0.048075 -0.971266 -0.233091 0.290788 0.348788 1 8 1.000000
0 -0.598893 -0.012955 1.171939 0.060167 -0.990893 -0.120461 0.299015 0.317582 1 8 1.000000
Silica_def_arms.png
0 -0.598893 -0.012955 1.171939 0.060167 -0.990893 -0.120461 0.299015 0.317582 1 8 1.000000
0 -0.626343 -0.007539 1.171200 -0.638755 -0.768196 -0.043206 0.397743 0.321483 1 8 1.000000
0 -0.625358 -0.007600 1.157722 -0.456262 -0.882688 -0.112632 0.397743 0.340986 1 8 1.000000
Silica_def_arms.png
0 -0.630343 0.003909 1.163754 -0.927788 -0.367197 -0.066145 0.430652 0.329284 1 8 1.000000
0 -0.625358 -0.007600 1.157722 -0.456262 -0.882688 -0.112632 0.397743 0.340986 1 8 1.000000
0 -0.626343 -0.007539 1.171200 -0.638755 -0.768196 -0.043206 0.397743 0.321483 1 8 1.000000
Silica_def_arms.png
0 -0.629397 0.015290 1.159040 -0.873480 -0.400671 -0.276576 0.562289 0.286377 1 8 1.000000
0 -0.629397 0.015290 1.159040 -0.873480 -0.400671 -0.276576 0.562289 0.286377 1 8 1.000000
0 -0.629217 0.008517 1.188058 -0.612377 -0.680398 0.402557 0.455334 0.290278 1 8 1.000000
Silica_def_arms.png
0 -0.629217 0.008517 1.188058 -0.612377 -0.680398 0.402557 0.455334 0.290278 1 8 1.000000
0 -0.655480 0.045996 1.196932 -0.965642 -0.009584 0.259700 0.554061 0.239569 1 8 1.000000
0 -0.629397 0.015290 1.159040 -0.873480 -0.400671 -0.276576 0.562289 0.286377 1 8 1.000000
Silica_def_arms.png
0 -0.635243 0.047695 1.153301 -0.840353 0.304931 -0.448134 0.586971 0.231768 1 8 1.000000
0 -0.629397 0.015290 1.159040 -0.873480 -0.400671 -0.276576 0.562289 0.286377 1 8 1.000000
0 -0.655480 0.045996 1.196932 -0.965642 -0.009584 0.259700 0.554061 0.239569 1 8 1.000000
Silica_def_arms.png
0 -0.655480 0.045996 1.196932 -0.965642 -0.009584 0.259700 0.554061 0.239569 1 8 1.000000
0 -0.626985 0.085449 1.188037 -0.296090 0.810328 -0.505667 0.447106 0.181059 1 8 1.000000
0 -0.635243 0.047695 1.153301 -0.840353 0.304931 -0.448134 0.586971 0.231768 1 8 1.000000
Silica_def_arms.png
0 -0.620280 0.076222 1.167526 0.890893 0.185447 -0.414632 0.529379 0.177158 1 8 1.000000
0 -0.635243 0.047695 1.153301 -0.840353 0.304931 -0.448134 0.586971 0.231768 1 8 1.000000
0 -0.626985 0.085449 1.188037 -0.296090 0.810328 -0.505667 0.447106 0.181059 1 8 1.000000
Silica_def_arms.png
0 -0.626985 0.085449 1.188037 -0.296090 0.810328 -0.505667 0.447106 0.181059 1 8 1.000000
0 -0.626985 0.085449 1.188037 -0.296090 0.810328 -0.505667 0.447106 0.181059 1 8 1.000000
0 -0.590846 0.000474 1.198446 -0.504886 0.063394 -0.860855 0.266106 0.052337 1 8 1.000000
Silica_def_arms.png
0 -0.590846 0.000474 1.198446 -0.504886 0.063394 -0.860855 0.266106 0.052337 1 8 1.000000
0 -0.629217 0.008517 1.188058 0.951974 -0.077046 -0.296326 0.455334 0.052337 1 8 1.000000
0 -0.626985 0.085449 1.188037 -0.296090 0.810328 -0.505667 0.447106 0.181059 1 8 1.000000
Silica_def_arms.png
0 -0.620280 0.076222 1.167526 0.890893 0.185447 -0.414632 0.529379 0.177158 1 8 1.000000
0 -0.626985 0.085449 1.188037 -0.296090 0.810328 -0.505667 0.447106 0.181059 1 8 1.000000
0 -0.629217 0.008517 1.188058 0.951974 -0.077046 -0.296326 0.455334 0.052337 1 8 1.000000
Silica_def_arms.png
0 -0.629217 0.008517 1.188058 0.951974 -0.077046 -0.296326 0.455334 0.052337 1 8 1.000000
0 -0.629397 0.015290 1.159040 0.908124 -0.078602 -0.411258 0.554061 0.052337 1 8 1.000000
0 -0.620280 0.076222 1.167526 0.890893 0.185447 -0.414632 0.529379 0.177158 1 8 1.000000
Silica_def_arms.png
0 -0.635243 0.047695 1.153301 0.692009 -0.003005 -0.721883 0.586971 0.126450 1 8 1.000000
0 -0.620280 0.076222 1.167526 0.890893 0.185447 -0.414632 0.529379 0.177158 1 8 1.000000
0 -0.629397 0.015290 1.159040 0.908124 -0.078602 -0.411258 0.554061 0.052337 1 8 1.000000
Silica_def_arms.png
0 -0.585345 -0.008154 1.180616 -0.725939 0.239774 0.644609 0.315470 0.032834 1 8 1.000000
0 -0.590846 0.000474 1.198446 -0.504886 0.063394 -0.860855 0.266106 0.052337 1 8 1.000000
0 -0.582153 0.019910 1.159569 -0.721148 0.498380 -0.481210 0.208515 0.040635 1 8 1.000000
Silica_def_arms.png
0 -0.582153 0.019910 1.159569 -0.721148 0.498380 -0.481210 0.208515 0.040635 1 8 1.000000
0 -0.606890 0.007847 1.166984 -0.400212 0.864865 0.303049 0.299015 0.025033 1 8 1.000000
0 -0.585345 -0.008154 1.180616 -0.725939 0.239774 0.644609 0.315470 0.032834 1 8 1.000000
Silica_def_arms.png
0 -0.598893 -0.012955 1.171939 -0.271923 0.122814 0.954450 0.373061 0.032834 1 8 1.000000
0 -0.585345 -0.008154 1.180616 -0.725939 0.239774 0.644609 0.315470 0.032834 1 8 1.000000
0 -0.606890 0.007847 1.166984 -0.400212 0.864865 0.303049 0.299015 0.025033 1 8 1.000000
Silica_def_arms.png
0 -0.606890 0.007847 1.166984 -0.400212 0.864865 0.303049 0.299015 0.025033 1 8 1.000000
0 -0.626343 -0.007539 1.171200 -0.090195 0.367663 0.925575 0.438879 0.028933 1 8 1.000000
0 -0.598893 -0.012955 1.171939 -0.271923 0.122814 0.954450 0.373061 0.032834 1 8 1.000000
Silica_def_arms.png
0 -0.606890 0.007847 1.166984 -0.400212 0.864865 0.303049 0.299015 0.025033 1 8 1.000000
0 -0.630343 0.003909 1.163754 -0.157977 0.861086 -0.483295 0.430652 0.017231 1 8 1.000000
0 -0.626343 -0.007539 1.171200 -0.090195 0.367663 0.925575 0.438879 0.028933 1 8 1.000000
Silica_def_arms.png
0 -0.572614 -0.003784 1.154645 0.414846 -0.897567 -0.149251 0.159151 0.348788 1 8 1.000000
0 -0.585345 -0.008154 1.180616 0.328404 -0.927007 0.181130 0.224969 0.325384 1 8 1.000000
0 -0.598893 -0.012955 1.171939 0.060167 -0.990893 -0.120461 0.299015 0.317582 1 8 1.000000
Silica_def_arms.png
0 0.073667 0.039795 1.007231 0.966829 -0.255389 -0.004307 0.866699 0.001629 1 9 1.000000
0 0.073667 0.039795 1.007231 0.966829 -0.255389 -0.004307 0.866699 0.001629 1 9 1.000000
0 0.081277 0.070097 0.918719 0.966829 -0.255389 -0.004307 0.595198 0.001629 1 9 1.000000
Silica_def_arms.png
0 0.081277 0.070097 0.918719 0.966829 -0.255389 -0.004307 0.595198 0.001629 1 9 1.000000
0 0.088335 0.096653 0.928418 0.973080 0.179143 0.144994 0.595198 0.056238 1 9 1.000000
0 0.073667 0.039795 1.007231 0.966829 -0.255389 -0.004307 0.866699 0.001629 1 9 1.000000
Silica_def_arms.png
0 0.080725 0.066351 1.016929 0.429696 0.307228 0.849101 0.866699 0.056238 1 9 1.000000
0 0.073667 0.039795 1.007231 0.966829 -0.255389 -0.004307 0.866699 0.001629 1 9 1.000000
0 0.088335 0.096653 0.928418 0.973080 0.179143 0.144994 0.595198 0.056238 1 9 1.000000
Silica_def_arms.png
0 0.088335 0.096653 0.928418 0.973080 0.179143 0.144994 0.595198 0.056238 1 9 1.000000
0 0.055224 0.105399 0.928565 0.242225 0.911349 0.332822 0.595198 0.181059 1 9 1.000000
0 0.080725 0.066351 1.016929 0.429696 0.307228 0.849101 0.866699 0.056238 1 9 1.000000
Silica_def_arms.png
0 0.047614 0.075098 1.017076 0.156573 0.579220 0.799993 0.866699 0.181059 1 9 1.000000
0 0.080725 0.066351 1.016929 0.429696 0.307228 0.849101 0.866699 0.056238 1 9 1.000000
0 0.055224 0.105399 0.928565 0.242225 0.911349 0.332822 0.595198 0.181059 1 9 1.000000
Silica_def_arms.png
0 0.055224 0.105399 0.928565 0.242225 0.911349 0.332822 0.595198 0.181059 1 9 1.000000
0 0.022113 0.114146 0.928713 -0.215726 0.929351 0.299614 0.595198 0.056238 1 9 1.000000
0 0.047614 0.075098 1.017076 0.156573 0.579220 0.799993 0.866699 0.181059 1 9 1.000000
Silica_def_arms.png
0 0.014503 0.083844 1.017224 -0.617861 0.258833 0.742464 0.866699 0.056238 1 9 1.000000
0 0.047614 0.075098 1.017076 0.156573 0.579220 0.799993 0.866699 0.181059 1 9 1.000000
0 0.022113 0.114146 0.928713 -0.215726 0.929351 0.299614 0.595198 0.056238 1 9 1.000000
Silica_def_arms.png
0 0.022113 0.114146 0.928713 -0.215726 0.929351 0.299614 0.595198 0.056238 1 9 1.000000
0 0.015055 0.087590 0.919014 -0.966824 0.255406 0.004308 0.595198 0.001629 1 9 1.000000
0 0.014503 0.083844 1.017224 -0.617861 0.258833 0.742464 0.866699 0.056238 1 9 1.000000
Silica_def_arms.png
0 0.007444 0.057288 1.007525 -0.966820 0.255422 0.004308 0.866699 0.001629 1 9 1.000000
0 0.014503 0.083844 1.017224 -0.617861 0.258833 0.742464 0.866699 0.056238 1 9 1.000000
0 0.015055 0.087590 0.919014 -0.966824 0.255406 0.004308 0.595198 0.001629 1 9 1.000000
Silica_def_arms.png
0 0.040556 0.048541 1.007378 -0.242216 -0.911349 -0.332829 0.208515 0.625735 1 9 1.000000
0 0.007444 0.057288 1.007525 -0.242222 -0.911346 -0.332831 0.208515 0.637437 1 9 1.000000
0 0.015055 0.087590 0.919014 -0.242222 -0.911346 -0.332831 0.183833 0.637437 1 9 1.000000
Silica_def_arms.png
0 0.015055 0.087590 0.919014 -0.242222 -0.911346 -0.332831 0.183833 0.637437 1 9 1.000000
0 0.081277 0.070097 0.918719 -0.242213 -0.911350 -0.332828 0.183833 0.614033 1 9 1.000000
0 0.040556 0.048541 1.007378 -0.242216 -0.911349 -0.332829 0.208515 0.625735 1 9 1.000000
Silica_def_arms.png
0 0.073667 0.039795 1.007231 -0.242204 -0.911353 -0.332825 0.208515 0.614033 1 9 1.000000
0 0.040556 0.048541 1.007378 -0.242216 -0.911349 -0.332829 0.208515 0.625735 1 9 1.000000
0 0.081277 0.070097 0.918719 -0.242213 -0.911350 -0.332828 0.183833 0.614033 1 9 1.000000
Silica_def_arms.png
0 0.040556 0.048541 1.007378 -0.081082 -0.322821 0.942981 0.998336 0.181059 1 9 1.000000
0 0.080725 0.066351 1.016929 0.429696 0.307228 0.849101 0.866699 0.056238 1 9 1.000000
0 0.047614 0.075098 1.017076 0.156573 0.579220 0.799993 0.866699 0.181059 1 9 1.000000
Silica_def_arms.png
0 0.047614 0.075098 1.017076 0.156573 0.579220 0.799993 0.866699 0.181059 1 9 1.000000
0 0.014503 0.083844 1.017224 -0.617861 0.258833 0.742464 0.866699 0.056238 1 9 1.000000
0 0.040556 0.048541 1.007378 -0.081082 -0.322821 0.942981 0.998336 0.181059 1 9 1.000000
Silica_def_arms.png
0 0.007444 0.057288 1.007525 -0.081097 -0.322842 0.942972 0.998336 0.056238 1 9 1.000000
0 0.040556 0.048541 1.007378 -0.081082 -0.322821 0.942981 0.998336 0.181059 1 9 1.000000
0 0.014503 0.083844 1.017224 -0.617861 0.258833 0.742464 0.866699 0.056238 1 9 1.000000
Silica_def_arms.png
0 0.055224 0.105399 0.928565 0.081081 0.322847 -0.942972 0.611652 0.021132 1 9 1.000000
0 0.088335 0.096653 0.928418 0.081090 0.322847 -0.942971 0.611652 0.005529 1 9 1.000000
0 0.081277 0.070097 0.918719 0.081085 0.322844 -0.942972 0.685698 0.005529 1 9 1.000000
Silica_def_arms.png
0 0.081277 0.070097 0.918719 0.081085 0.322844 -0.942972 0.685698 0.005529 1 9 1.000000
0 0.015055 0.087590 0.919014 0.081077 0.322847 -0.942972 0.685698 0.032834 1 9 1.000000
0 0.055224 0.105399 0.928565 0.081081 0.322847 -0.942972 0.611652 0.021132 1 9 1.000000
Silica_def_arms.png
0 0.022113 0.114146 0.928713 0.081074 0.322853 -0.942970 0.611652 0.032834 1 9 1.000000
0 0.055224 0.105399 0.928565 0.081081 0.322847 -0.942972 0.611652 0.021132 1 9 1.000000
0 0.015055 0.087590 0.919014 0.081077 0.322847 -0.942972 0.685698 0.032834 1 9 1.000000
Silica_def_arms.png
0 0.040556 0.048541 1.007378 -0.081082 -0.322821 0.942981 0.998336 0.181059 1 9 1.000000
0 0.073667 0.039795 1.007231 -0.081084 -0.322819 0.942981 0.998336 0.056238 1 9 1.000000
0 0.080725 0.066351 1.016929 0.429696 0.307228 0.849101 0.866699 0.056238 1 9 1.000000
Silica_def_arms.png
0 0.122288 0.051353 1.227913 0.107028 -0.036864 0.993572 0.134469 0.793463 2 1 0.710000 3 0.290000
0 0.163513 0.090856 1.213090 0.015031 0.337490 0.941209 0.076878 0.727152 1 3 1.000000
0 0.105416 0.089547 1.217232 0.249452 0.335263 0.908500 0.200287 0.719351 2 3 0.710000 1 0.290000
Silica_def_arms.png
0 0.105416 0.089547 1.217232 0.249452 0.335263 0.908500 0.200287 0.719351 2 3 0.710000 1 0.290000
0 0.109658 0.050021 1.231490 0.386728 0.028625 0.921749 0.208515 0.797364 1 1 0.960000
0 0.122288 0.051353 1.227913 0.107028 -0.036864 0.993572 0.134469 0.793463 2 1 0.710000 3 0.290000
Silica_def_arms.png
0 0.106083 0.017460 1.216103 0.345007 -0.418273 0.840249 0.216742 0.863675 2 3 0.510000 1 0.490000
0 0.122288 0.051353 1.227913 0.107028 -0.036864 0.993572 0.134469 0.793463 2 1 0.710000 3 0.290000
0 0.109658 0.050021 1.231490 0.386728 0.028625 0.921749 0.208515 0.797364 1 1 0.960000
Silica_def_arms.png
0 0.109658 0.050021 1.231490 0.386728 0.028625 0.921749 0.208515 0.797364 1 1 0.960000
0 0.093162 0.042981 1.239060 0.463401 -0.202648 0.862666 0.356606 0.805165 1 1 1.000000
0 0.106083 0.017460 1.216103 0.345007 -0.418273 0.840249 0.216742 0.863675 2 3 0.510000 1 0.490000
Silica_def_arms.png
0 0.088169 0.008095 1.222074 0.482018 -0.438359 0.758617 0.356606 0.871477 1 1 1.000000
0 0.106083 0.017460 1.216103 0.345007 -0.418273 0.840249 0.216742 0.863675 2 3 0.510000 1 0.490000
0 0.093162 0.042981 1.239060 0.463401 -0.202648 0.862666 0.356606 0.805165 1 1 1.000000
Silica_def_arms.png
0 0.109194 0.007317 1.182916 0.363218 -0.867605 0.339610 0.924290 0.278576 2 1 0.540000 3 0.460000
0 0.163907 0.019414 1.212903 0.025599 -0.930201 0.366157 0.619880 0.356589 1 3 1.000000
0 0.106083 0.017460 1.216103 0.292297 -0.906563 0.304476 0.619880 0.270774 2 3 0.510000 1 0.490000
Silica_def_arms.png
0 0.106083 0.017460 1.216103 0.292297 -0.906563 0.304476 0.619880 0.270774 2 3 0.510000 1 0.490000
0 0.088169 0.008095 1.222074 0.525662 -0.727593 0.440781 0.619880 0.204463 1 1 1.000000
0 0.109194 0.007317 1.182916 0.363218 -0.867605 0.339610 0.924290 0.278576 2 1 0.540000 3 0.460000
Silica_def_arms.png
0 0.088125 -0.031719 1.169240 0.524016 -0.680410 0.512298 0.924290 0.239569 1 1 1.000000
0 0.109194 0.007317 1.182916 0.363218 -0.867605 0.339610 0.924290 0.278576 2 1 0.540000 3 0.460000
0 0.088169 0.008095 1.222074 0.525662 -0.727593 0.440781 0.619880 0.204463 1 1 1.000000
Silica_def_arms.png
0 0.088169 0.008095 1.222074 0.525662 -0.727593 0.440781 0.619880 0.204463 1 1 1.000000
0 0.074792 -0.031996 1.175115 0.271158 -0.768818 0.579130 0.924290 0.200562 1 1 1.000000
0 0.088125 -0.031719 1.169240 0.524016 -0.680410 0.512298 0.924290 0.239569 1 1 1.000000
Silica_def_arms.png
0 0.111054 0.086746 1.177724 0.125494 0.982889 -0.134834 0.940745 0.266874 2 1 0.500000 3 0.500000
0 0.088958 0.091730 1.207661 0.089811 0.991857 0.090293 0.735062 0.204463 1 1 1.000000
0 0.105416 0.089547 1.217232 0.018922 0.996974 0.075391 0.619880 0.255172 2 3 0.710000 1 0.290000
Silica_def_arms.png
0 0.105416 0.089547 1.217232 0.018922 0.996974 0.075391 0.619880 0.255172 2 3 0.710000 1 0.290000
0 0.163513 0.090856 1.213090 0.049975 0.984422 0.168573 0.619880 0.360490 1 3 1.000000
0 0.111054 0.086746 1.177724 0.125494 0.982889 -0.134834 0.940745 0.266874 2 1 0.500000 3 0.500000
Silica_def_arms.png
0 0.163719 0.073429 1.171419 0.070184 0.865944 -0.495191 0.924290 0.360490 1 3 1.000000
0 0.111054 0.086746 1.177724 0.125494 0.982889 -0.134834 0.940745 0.266874 2 1 0.500000 3 0.500000
0 0.163513 0.090856 1.213090 0.049975 0.984422 0.168573 0.619880 0.360490 1 3 1.000000
Silica_def_arms.png
0 0.122288 0.051353 1.227913 0.107028 -0.036864 0.993572 0.134469 0.793463 2 1 0.710000 3 0.290000
0 0.106083 0.017460 1.216103 0.345007 -0.418273 0.840249 0.216742 0.863675 2 3 0.510000 1 0.490000
0 0.163907 0.019414 1.212903 0.025775 -0.397485 0.917247 0.068650 0.871477 1 3 1.000000
Silica_def_arms.png
0 0.163907 0.019414 1.212903 0.025775 -0.397485 0.917247 0.068650 0.871477 1 3 1.000000
0 0.180838 0.052684 1.229354 -0.023862 -0.032080 0.999200 0.068650 0.793463 1 3 1.000000
0 0.122288 0.051353 1.227913 0.107028 -0.036864 0.993572 0.134469 0.793463 2 1 0.710000 3 0.290000
Silica_def_arms.png
0 0.163513 0.090856 1.213090 0.015031 0.337490 0.941209 0.076878 0.727152 1 3 1.000000
0 0.122288 0.051353 1.227913 0.107028 -0.036864 0.993572 0.134469 0.793463 2 1 0.710000 3 0.290000
0 0.180838 0.052684 1.229354 -0.023862 -0.032080 0.999200 0.068650 0.793463 1 3 1.000000
Silica_def_arms.png
0 0.109658 0.050021 1.231490 0.386728 0.028625 0.921749 0.208515 0.797364 1 1 0.960000
0 0.105416 0.089547 1.217232 0.249452 0.335263 0.908500 0.200287 0.719351 2 3 0.710000 1 0.290000
0 0.092299 0.085157 1.226350 0.378649 0.314417 0.870498 0.348379 0.727152 1 1 1.000000
Silica_def_arms.png
0 0.092299 0.085157 1.226350 0.378649 0.314417 0.870498 0.348379 0.727152 1 1 1.000000
0 0.093162 0.042981 1.239060 0.463401 -0.202648 0.862666 0.356606 0.805165 1 1 1.000000
0 0.109658 0.050021 1.231490 0.386728 0.028625 0.921749 0.208515 0.797364 1 1 0.960000
Silica_def_arms.png
0 0.163907 0.019414 1.212903 0.025599 -0.930201 0.366157 0.619880 0.356589 1 3 1.000000
0 0.109194 0.007317 1.182916 0.363218 -0.867605 0.339610 0.924290 0.278576 2 1 0.540000 3 0.460000
0 0.167899 0.009555 1.178040 0.071205 -0.997181 -0.023655 0.924290 0.352688 1 3 1.000000
Silica_def_arms.png
0 0.111054 0.086746 1.177724 0.125494 0.982889 -0.134834 0.940745 0.266874 2 1 0.500000 3 0.500000
0 0.079599 0.092045 1.163180 0.179933 0.983194 -0.030896 0.948972 0.204463 1 1 1.000000
0 0.088958 0.091730 1.207661 0.089811 0.991857 0.090293 0.735062 0.204463 1 1 1.000000
Silica_def_arms.png
0 0.105416 0.089547 1.217232 0.018922 0.996974 0.075391 0.619880 0.255172 2 3 0.710000 1 0.290000
0 0.088958 0.091730 1.207661 0.089811 0.991857 0.090293 0.735062 0.204463 1 1 1.000000
0 0.092299 0.085157 1.226350 -0.075147 0.936408 0.342774 0.619880 0.204463 1 1 1.000000
Silica_def_arms.png
0 0.180838 0.052684 1.229354 -0.916869 0.031270 -0.397961 2.076112 0.512616 1 3 1.000000
0 0.163907 0.019414 1.212903 -0.755589 0.555872 -0.346544 2.051430 0.497013 1 3 1.000000
0 0.175591 0.053109 1.241476 -0.755589 0.555872 -0.346544 2.100794 0.497013 1 3 1.000000
Silica_def_arms.png
0 0.177195 0.044469 1.161460 -0.952734 -0.253260 -0.167803 2.076112 0.512616 1 3 1.000000
0 0.163719 0.073429 1.171419 -0.867040 -0.464997 0.178942 2.051430 0.497013 1 3 1.000000
0 0.182301 0.031389 1.152211 -0.867040 -0.464997 0.178942 2.100794 0.497013 1 3 1.000000
Silica_def_arms.png
0 0.177195 0.044469 1.161460 -0.952734 -0.253260 -0.167803 2.076112 0.512616 1 3 1.000000
0 0.182301 0.031389 1.152211 -0.874169 0.002141 -0.485617 2.051430 0.497013 1 3 1.000000
0 0.167899 0.009555 1.178040 -0.874169 0.002141 -0.485617 2.100794 0.497013 1 3 1.000000
Silica_def_arms.png
0 0.180838 0.052684 1.229354 -0.916869 0.031270 -0.397961 2.076112 0.512616 1 3 1.000000
0 0.175591 0.053109 1.241476 -0.799548 -0.502833 -0.328453 2.051430 0.497013 1 3 1.000000
0 0.163513 0.090856 1.213090 -0.799548 -0.502833 -0.328453 2.100794 0.497013 1 3 1.000000
Silica_def_arms.png
0 -0.109662 0.050021 1.231490 -0.376691 0.033298 0.925740 0.208515 0.797364 1 1 0.960000
0 -0.093251 0.042981 1.239060 -0.463704 -0.196694 0.863881 0.356606 0.805165 1 1 1.000000
0 -0.092387 0.085157 1.225455 -0.353256 0.324398 0.877483 0.348379 0.727152 1 1 1.000000
Silica_def_arms.png
0 -0.092387 0.085157 1.225455 -0.353256 0.324398 0.877483 0.348379 0.727152 1 1 1.000000
0 -0.105419 0.089547 1.217232 -0.234658 0.335173 0.912466 0.200287 0.719351 2 6 0.710000 1 0.290000
0 -0.109662 0.050021 1.231490 -0.376691 0.033298 0.925740 0.208515 0.797364 1 1 0.960000
Silica_def_arms.png
0 -0.122291 0.051353 1.227913 -0.107035 -0.036863 0.993572 0.134469 0.793463 2 1 0.710000 6 0.290000
0 -0.109662 0.050021 1.231490 -0.376691 0.033298 0.925740 0.208515 0.797364 1 1 0.960000
0 -0.105419 0.089547 1.217232 -0.234658 0.335173 0.912466 0.200287 0.719351 2 6 0.710000 1 0.290000
Silica_def_arms.png
0 -0.105419 0.089547 1.217232 -0.234658 0.335173 0.912466 0.200287 0.719351 2 6 0.710000 1 0.290000
0 -0.163516 0.090856 1.213090 -0.015031 0.337490 0.941209 0.076878 0.727152 1 6 1.000000
0 -0.122291 0.051353 1.227913 -0.107035 -0.036863 0.993572 0.134469 0.793463 2 1 0.710000 6 0.290000
Silica_def_arms.png
0 -0.180841 0.052684 1.229354 0.023862 -0.032080 0.999200 0.068650 0.793463 1 6 1.000000
0 -0.122291 0.051353 1.227913 -0.107035 -0.036863 0.993572 0.134469 0.793463 2 1 0.710000 6 0.290000
0 -0.163516 0.090856 1.213090 -0.015031 0.337490 0.941209 0.076878 0.727152 1 6 1.000000
Silica_def_arms.png
0 -0.088171 -0.031719 1.169240 -0.525001 -0.680131 0.511660 0.924290 0.239569 1 1 1.000000
0 -0.088171 -0.031719 1.169240 -0.525001 -0.680131 0.511660 0.924290 0.239569 1 1 1.000000
0 -0.074881 -0.031996 1.175115 -0.271915 -0.768754 0.578860 0.924290 0.200562 1 1 1.000000
Silica_def_arms.png
0 -0.074881 -0.031996 1.175115 -0.271915 -0.768754 0.578860 0.924290 0.200562 1 1 1.000000
0 -0.088258 0.008095 1.222074 -0.526918 -0.726992 0.440273 0.619880 0.204463 1 1 1.000000
0 -0.088171 -0.031719 1.169240 -0.525001 -0.680131 0.511660 0.924290 0.239569 1 1 1.000000
Silica_def_arms.png
0 -0.109198 0.007317 1.182916 -0.364065 -0.867347 0.339361 0.924290 0.278576 2 1 0.540000 6 0.460000
0 -0.088171 -0.031719 1.169240 -0.525001 -0.680131 0.511660 0.924290 0.239569 1 1 1.000000
0 -0.088258 0.008095 1.222074 -0.526918 -0.726992 0.440273 0.619880 0.204463 1 1 1.000000
Silica_def_arms.png
0 -0.088258 0.008095 1.222074 -0.526918 -0.726992 0.440273 0.619880 0.204463 1 1 1.000000
0 -0.106087 0.017460 1.216103 -0.293320 -0.906235 0.304471 0.619880 0.270774 2 6 0.510000 1 0.490000
0 -0.109198 0.007317 1.182916 -0.364065 -0.867347 0.339361 0.924290 0.278576 2 1 0.540000 6 0.460000
Silica_def_arms.png
0 -0.163910 0.019414 1.212903 -0.025599 -0.930201 0.366157 0.619880 0.356589 1 6 1.000000
0 -0.109198 0.007317 1.182916 -0.364065 -0.867347 0.339361 0.924290 0.278576 2 1 0.540000 6 0.460000
0 -0.106087 0.017460 1.216103 -0.293320 -0.906235 0.304471 0.619880 0.270774 2 6 0.510000 1 0.490000
Silica_def_arms.png
0 -0.106087 0.017460 1.216103 -0.346057 -0.418207 0.839850 0.216742 0.863675 2 6 0.510000 1 0.490000
0 -0.093251 0.042981 1.239060 -0.463704 -0.196694 0.863881 0.356606 0.805165 1 1 1.000000
0 -0.109662 0.050021 1.231490 -0.376691 0.033298 0.925740 0.208515 0.797364 1 1 0.960000
Silica_def_arms.png
0 -0.109662 0.050021 1.231490 -0.376691 0.033298 0.925740 0.208515 0.797364 1 1 0.960000
0 -0.122291 0.051353 1.227913 -0.107035 -0.036863 0.993572 0.134469 0.793463 2 1 0.710000 6 0.290000
0 -0.106087 0.017460 1.216103 -0.346057 -0.418207 0.839850 0.216742 0.863675 2 6 0.510000 1 0.490000
Silica_def_arms.png
0 -0.163910 0.019414 1.212903 -0.025775 -0.397484 0.917247 0.068650 0.871477 1 6 1.000000
0 -0.106087 0.017460 1.216103 -0.346057 -0.418207 0.839850 0.216742 0.863675 2 6 0.510000 1 0.490000
0 -0.122291 0.051353 1.227913 -0.107035 -0.036863 0.993572 0.134469 0.793463 2 1 0.710000 6 0.290000
Silica_def_arms.png
0 -0.122291 0.051353 1.227913 -0.107035 -0.036863 0.993572 0.134469 0.793463 2 1 0.710000 6 0.290000
0 -0.180841 0.052684 1.229354 0.023862 -0.032080 0.999200 0.068650 0.793463 1 6 1.000000
0 -0.163910 0.019414 1.212903 -0.025775 -0.397484 0.917247 0.068650 0.871477 1 6 1.000000
Silica_def_arms.png
0 -0.111057 0.086746 1.177724 -0.125821 0.982847 -0.134834 0.940745 0.266874 2 1 0.500000 6 0.500000
0 -0.163722 0.073429 1.171419 -0.070184 0.865944 -0.495191 0.924290 0.360490 1 6 1.000000
0 -0.163516 0.090856 1.213090 -0.049974 0.984422 0.168572 0.619880 0.360490 1 6 1.000000
Silica_def_arms.png
0 -0.163516 0.090856 1.213090 -0.049974 0.984422 0.168572 0.619880 0.360490 1 6 1.000000
0 -0.105419 0.089547 1.217232 -0.015423 0.996571 0.081287 0.619880 0.255172 2 6 0.710000 1 0.290000
0 -0.111057 0.086746 1.177724 -0.125821 0.982847 -0.134834 0.940745 0.266874 2 1 0.500000 6 0.500000
Silica_def_arms.png
0 -0.089047 0.091730 1.207661 -0.086661 0.991583 0.096197 0.735062 0.204463 1 1 1.000000
0 -0.111057 0.086746 1.177724 -0.125821 0.982847 -0.134834 0.940745 0.266874 2 1 0.500000 6 0.500000
0 -0.105419 0.089547 1.217232 -0.015423 0.996571 0.081287 0.619880 0.255172 2 6 0.710000 1 0.290000
Silica_def_arms.png
0 -0.106087 0.017460 1.216103 -0.346057 -0.418207 0.839850 0.216742 0.863675 2 6 0.510000 1 0.490000
0 -0.088258 0.008095 1.222074 -0.483846 -0.438121 0.757590 0.356606 0.871477 1 1 1.000000
0 -0.093251 0.042981 1.239060 -0.463704 -0.196694 0.863881 0.356606 0.805165 1 1 1.000000
Silica_def_arms.png
0 -0.167902 0.009555 1.178040 -0.071205 -0.997181 -0.023655 0.924290 0.352688 1 6 1.000000
0 -0.109198 0.007317 1.182916 -0.364065 -0.867347 0.339361 0.924290 0.278576 2 1 0.540000 6 0.460000
0 -0.163910 0.019414 1.212903 -0.025599 -0.930201 0.366157 0.619880 0.356589 1 6 1.000000
Silica_def_arms.png
0 -0.079689 0.092045 1.163180 -0.180465 0.983093 -0.031005 0.948972 0.204463 1 1 1.000000
0 -0.111057 0.086746 1.177724 -0.125821 0.982847 -0.134834 0.940745 0.266874 2 1 0.500000 6 0.500000
0 -0.089047 0.091730 1.207661 -0.086661 0.991583 0.096197 0.735062 0.204463 1 1 1.000000
Silica_def_arms.png
0 -0.092387 0.085157 1.225455 0.086237 0.929182 0.359421 0.619880 0.204463 1 1 1.000000
0 -0.089047 0.091730 1.207661 -0.086661 0.991583 0.096197 0.735062 0.204463 1 1 1.000000
0 -0.105419 0.089547 1.217232 -0.015423 0.996571 0.081287 0.619880 0.255172 2 6 0.710000 1 0.290000
Silica_def_arms.png
0 -0.175594 0.053109 1.241476 0.755589 0.555872 -0.346544 2.100794 0.497013 1 6 1.000000
0 -0.163910 0.019414 1.212903 0.755589 0.555872 -0.346544 2.051430 0.497013 1 6 1.000000
0 -0.180841 0.052684 1.229354 0.916869 0.031270 -0.397961 2.076112 0.512616 1 6 1.000000
Silica_def_arms.png
0 -0.182304 0.031389 1.152211 0.867040 -0.464997 0.178942 2.100794 0.497013 1 6 1.000000
0 -0.163722 0.073429 1.171419 0.867040 -0.464997 0.178942 2.051430 0.497013 1 6 1.000000
0 -0.177198 0.044469 1.161460 0.952734 -0.253260 -0.167803 2.076112 0.512616 1 6 1.000000
Silica_def_arms.png
0 -0.167902 0.009555 1.178040 0.874169 0.002141 -0.485617 2.100794 0.497013 1 6 1.000000
0 -0.182304 0.031389 1.152211 0.874169 0.002141 -0.485617 2.051430 0.497013 1 6 1.000000
0 -0.177198 0.044469 1.161460 0.952734 -0.253260 -0.167803 2.076112 0.512616 1 6 1.000000
Silica_def_arms.png
0 -0.163516 0.090856 1.213090 0.799548 -0.502833 -0.328453 2.100794 0.497013 1 6 1.000000
0 -0.175594 0.053109 1.241476 0.799548 -0.502833 -0.328453 2.051430 0.497013 1 6 1.000000
0 -0.180841 0.052684 1.229354 0.916869 0.031270 -0.397961 2.076112 0.512616 1 6 1.000000
Silica_def_arms.png
0 0.321287 0.098877 1.203367 -0.174224 0.984188 0.031927 0.619880 0.653040 2 4 0.650000 3 0.350000
0 0.477962 0.053771 1.269812 -0.147979 0.096810 0.984241 0.405970 0.988497 1 4 1.000000
0 0.481412 0.127947 1.209563 -0.182196 0.972152 0.147393 0.718607 0.992397 1 4 1.000000
Silica_def_arms.png
0 0.481412 0.127947 1.209563 -0.182196 0.972152 0.147393 0.718607 0.992397 1 4 1.000000
0 0.480437 0.086623 1.146816 -0.158471 0.568982 -0.806936 0.899608 0.992397 1 4 1.000000
0 0.321287 0.098877 1.203367 -0.174224 0.984188 0.031927 0.619880 0.653040 2 4 0.650000 3 0.350000
Silica_def_arms.png
0 0.321913 0.052379 1.160621 -0.122378 0.141817 -0.982299 0.990108 0.649139 2 3 0.500000 4 0.500000
0 0.321287 0.098877 1.203367 -0.174224 0.984188 0.031927 0.619880 0.653040 2 4 0.650000 3 0.350000
0 0.480437 0.086623 1.146816 -0.158471 0.568982 -0.806936 0.899608 0.992397 1 4 1.000000
Silica_def_arms.png
0 0.480437 0.086623 1.146816 -0.158471 0.568982 -0.806936 0.899608 0.992397 1 4 1.000000
0 0.480585 -0.003680 1.137659 -0.218350 -0.492438 -0.842513 0.990108 0.992397 1 4 1.000000
0 0.321913 0.052379 1.160621 -0.122378 0.141817 -0.982299 0.990108 0.649139 2 3 0.500000 4 0.500000
Silica_def_arms.png
0 0.321622 0.010858 1.182023 -0.188005 -0.884977 -0.425994 0.916063 0.649139 1 4 0.960000
0 0.321913 0.052379 1.160621 -0.122378 0.141817 -0.982299 0.990108 0.649139 2 3 0.500000 4 0.500000
0 0.480585 -0.003680 1.137659 -0.218350 -0.492438 -0.842513 0.990108 0.992397 1 4 1.000000
Silica_def_arms.png
0 0.480585 -0.003680 1.137659 -0.218350 -0.492438 -0.842513 0.990108 0.992397 1 4 1.000000
0 0.479542 -0.027191 1.205422 -0.192613 -0.956304 0.219962 0.751517 0.992397 1 4 1.000000
0 0.321622 0.010858 1.182023 -0.188005 -0.884977 -0.425994 0.916063 0.649139 1 4 0.960000
Silica_def_arms.png
0 0.321317 0.016299 1.223781 -0.135744 -0.821023 0.554522 0.595198 0.653040 2 4 0.800000 3 0.200000
0 0.321622 0.010858 1.182023 -0.188005 -0.884977 -0.425994 0.916063 0.649139 1 4 0.960000
0 0.479542 -0.027191 1.205422 -0.192613 -0.956304 0.219962 0.751517 0.992397 1 4 1.000000
Silica_def_arms.png
0 0.479542 -0.027191 1.205422 -0.192613 -0.956304 0.219962 0.751517 0.992397 1 4 1.000000
0 0.477962 0.053771 1.269812 -0.147979 0.096810 0.984241 0.405970 0.988497 1 4 1.000000
0 0.321317 0.016299 1.223781 -0.135744 -0.821023 0.554522 0.595198 0.653040 2 4 0.800000 3 0.200000
Silica_def_arms.png
0 0.320648 0.059884 1.244180 -0.137589 0.295755 0.945303 0.405970 0.649139 2 4 0.800000 3 0.200000
0 0.321317 0.016299 1.223781 -0.135744 -0.821023 0.554522 0.595198 0.653040 2 4 0.800000 3 0.200000
0 0.477962 0.053771 1.269812 -0.147979 0.096810 0.984241 0.405970 0.988497 1 4 1.000000
Silica_def_arms.png
0 0.477962 0.053771 1.269812 -0.147979 0.096810 0.984241 0.405970 0.988497 1 4 1.000000
0 0.321287 0.098877 1.203367 -0.174224 0.984188 0.031927 0.619880 0.653040 2 4 0.650000 3 0.350000
0 0.320648 0.059884 1.244180 -0.137589 0.295755 0.945303 0.405970 0.649139 2 4 0.800000 3 0.200000
Silica_def_arms.png
0 0.293085 0.095076 1.202645 -0.109927 0.973369 -0.201169 0.619880 0.629636 2 3 0.500000 4 0.500000
0 0.320648 0.059884 1.244180 -0.137589 0.295755 0.945303 0.405970 0.649139 2 4 0.800000 3 0.200000
0 0.321287 0.098877 1.203367 -0.174224 0.984188 0.031927 0.619880 0.653040 2 4 0.650000 3 0.350000
Silica_def_arms.png
0 0.321287 0.098877 1.203367 -0.174224 0.984188 0.031927 0.619880 0.653040 2 4 0.650000 3 0.350000
0 0.321913 0.052379 1.160621 -0.122378 0.141817 -0.982299 0.990108 0.649139 2 3 0.500000 4 0.500000
0 0.293085 0.095076 1.202645 -0.109927 0.973369 -0.201169 0.619880 0.629636 2 3 0.500000 4 0.500000
Silica_def_arms.png
0 0.262490 0.055328 1.162799 0.032594 0.345246 -0.937946 0.998336 0.528218 2 3 0.500000 4 0.500000
0 0.293085 0.095076 1.202645 -0.109927 0.973369 -0.201169 0.619880 0.629636 2 3 0.500000 4 0.500000
0 0.321913 0.052379 1.160621 -0.122378 0.141817 -0.982299 0.990108 0.649139 2 3 0.500000 4 0.500000
Silica_def_arms.png
0 0.321913 0.052379 1.160621 -0.122378 0.141817 -0.982299 0.990108 0.649139 2 3 0.500000 4 0.500000
0 0.258038 0.015966 1.180493 0.021931 -0.916944 -0.398413 0.916063 0.543821 1 3 0.960000
0 0.262490 0.055328 1.162799 0.032594 0.345246 -0.937946 0.998336 0.528218 2 3 0.500000 4 0.500000
Silica_def_arms.png
0 0.182301 0.031389 1.152211 0.121577 -0.308862 -0.943304 0.965426 0.360490 1 3 1.000000
0 0.262490 0.055328 1.162799 0.032594 0.345246 -0.937946 0.998336 0.528218 2 3 0.500000 4 0.500000
0 0.258038 0.015966 1.180493 0.021931 -0.916944 -0.398413 0.916063 0.543821 1 3 0.960000
Silica_def_arms.png
0 0.258038 0.015966 1.180493 0.021931 -0.916944 -0.398413 0.916063 0.543821 1 3 0.960000
0 0.167899 0.009555 1.178040 0.071205 -0.997181 -0.023655 0.924290 0.352688 1 3 1.000000
0 0.182301 0.031389 1.152211 0.121577 -0.308862 -0.943304 0.965426 0.360490 1 3 1.000000
Silica_def_arms.png
0 0.258038 0.015966 1.180493 0.021931 -0.916944 -0.398413 0.916063 0.543821 1 3 0.960000
0 0.321913 0.052379 1.160621 -0.122378 0.141817 -0.982299 0.990108 0.649139 2 3 0.500000 4 0.500000
0 0.321622 0.010858 1.182023 -0.188005 -0.884977 -0.425994 0.916063 0.649139 1 4 0.960000
Silica_def_arms.png
0 0.321622 0.010858 1.182023 -0.188005 -0.884977 -0.425994 0.916063 0.649139 1 4 0.960000
0 0.321317 0.016299 1.223781 -0.135744 -0.821023 0.554522 0.595198 0.653040 2 4 0.800000 3 0.200000
0 0.258038 0.015966 1.180493 0.021931 -0.916944 -0.398413 0.916063 0.543821 1 3 0.960000
Silica_def_arms.png
0 0.257686 0.022114 1.222306 -0.041379 -0.685189 0.727189 0.628107 0.563324 2 3 0.800000 4 0.200000
0 0.258038 0.015966 1.180493 0.021931 -0.916944 -0.398413 0.916063 0.543821 1 3 0.960000
0 0.321317 0.016299 1.223781 -0.135744 -0.821023 0.554522 0.595198 0.653040 2 4 0.800000 3 0.200000
Silica_def_arms.png
0 0.321317 0.016299 1.223781 -0.135744 -0.821023 0.554522 0.595198 0.653040 2 4 0.800000 3 0.200000
0 0.320648 0.059884 1.244180 -0.137589 0.295755 0.945303 0.405970 0.649139 2 4 0.800000 3 0.200000
0 0.257686 0.022114 1.222306 -0.041379 -0.685189 0.727189 0.628107 0.563324 2 3 0.800000 4 0.200000
Silica_def_arms.png
0 0.252331 0.058647 1.233855 -0.008516 0.320036 0.947367 0.405970 0.532119 2 3 0.800000 4 0.200000
0 0.257686 0.022114 1.222306 -0.041379 -0.685189 0.727189 0.628107 0.563324 2 3 0.800000 4 0.200000
0 0.320648 0.059884 1.244180 -0.137589 0.295755 0.945303 0.405970 0.649139 2 4 0.800000 3 0.200000
Silica_def_arms.png
0 0.320648 0.059884 1.244180 -0.137589 0.295755 0.945303 0.405970 0.649139 2 4 0.800000 3 0.200000
0 0.274134 0.092170 1.202215 -0.056033 0.994914 0.083703 0.619880 0.602331 2 3 0.800000 4 0.200000
0 0.252331 0.058647 1.233855 -0.008516 0.320036 0.947367 0.405970 0.532119 2 3 0.800000 4 0.200000
Silica_def_arms.png
0 0.163513 0.090856 1.213090 0.049975 0.984422 0.168573 0.619880 0.360490 1 3 1.000000
0 0.252331 0.058647 1.233855 -0.008516 0.320036 0.947367 0.405970 0.532119 2 3 0.800000 4 0.200000
0 0.274134 0.092170 1.202215 -0.056033 0.994914 0.083703 0.619880 0.602331 2 3 0.800000 4 0.200000
Silica_def_arms.png
0 0.274134 0.092170 1.202215 -0.056033 0.994914 0.083703 0.619880 0.602331 2 3 0.800000 4 0.200000
0 0.163719 0.073429 1.171419 0.070184 0.865944 -0.495191 0.924290 0.360490 1 3 1.000000
0 0.163513 0.090856 1.213090 0.049975 0.984422 0.168573 0.619880 0.360490 1 3 1.000000
Silica_def_arms.png
0 0.489740 0.044689 1.223125 0.000000 -0.107695 0.994184 0.389515 0.251271 1 4 1.000000
0 0.455691 0.076951 1.208535 0.000000 0.973375 0.229216 0.480016 0.247370 1 4 1.000000
0 0.454679 0.044689 1.223125 0.000000 -0.107695 0.994184 0.389515 0.247370 1 4 1.000000
Silica_def_arms.png
0 0.454679 0.044689 1.223125 0.000000 -0.107695 0.994184 0.389515 0.247370 1 4 1.000000
0 0.455142 0.019340 1.204231 0.000000 -0.889304 0.457317 0.488243 0.247370 1 4 1.000000
0 0.489740 0.044689 1.223125 0.000000 -0.107695 0.994184 0.389515 0.251271 1 4 1.000000
Silica_def_arms.png
0 0.490204 0.019340 1.204231 0.000000 -0.989584 -0.143955 0.488243 0.251271 1 4 1.000000
0 0.489740 0.044689 1.223125 0.000000 -0.107695 0.994184 0.389515 0.251271 1 4 1.000000
0 0.455142 0.019340 1.204231 0.000000 -0.889304 0.457317 0.488243 0.247370 1 4 1.000000
Silica_def_arms.png
0 0.455142 0.019340 1.204231 0.000000 -0.889304 0.457317 0.488243 0.247370 1 4 1.000000
0 0.455449 0.032937 1.184346 0.000000 -0.421404 -0.906873 0.603425 0.247370 1 4 1.000000
0 0.490204 0.019340 1.204231 0.000000 -0.989584 -0.143955 0.488243 0.251271 1 4 1.000000
Silica_def_arms.png
0 0.490510 0.032937 1.184346 0.000000 -0.421404 -0.906873 0.603425 0.251271 1 4 1.000000
0 0.490204 0.019340 1.204231 0.000000 -0.989584 -0.143955 0.488243 0.251271 1 4 1.000000
0 0.455449 0.032937 1.184346 0.000000 -0.421404 -0.906873 0.603425 0.247370 1 4 1.000000
Silica_def_arms.png
0 0.455449 0.032937 1.184346 0.000000 -0.421404 -0.906873 0.603425 0.247370 1 4 1.000000
0 0.490466 0.059437 1.187033 0.000000 0.474288 -0.880370 0.595198 0.251271 1 4 1.000000
0 0.490510 0.032937 1.184346 0.000000 -0.421404 -0.906873 0.603425 0.251271 1 4 1.000000
Silica_def_arms.png
0 0.163907 0.019414 1.212903 0.025599 -0.930201 0.366157 0.619880 0.356589 1 3 1.000000
0 0.167899 0.009555 1.178040 0.071205 -0.997181 -0.023655 0.924290 0.352688 1 3 1.000000
0 0.258038 0.015966 1.180493 0.021931 -0.916944 -0.398413 0.916063 0.543821 1 3 0.960000
Silica_def_arms.png
0 0.258038 0.015966 1.180493 0.021931 -0.916944 -0.398413 0.916063 0.543821 1 3 0.960000
0 0.257686 0.022114 1.222306 -0.041379 -0.685189 0.727189 0.628107 0.563324 2 3 0.800000 4 0.200000
0 0.163907 0.019414 1.212903 0.025599 -0.930201 0.366157 0.619880 0.356589 1 3 1.000000
Silica_def_arms.png
0 0.175591 0.053109 1.241476 0.035810 -0.122143 0.991866 0.405970 0.360490 1 3 1.000000
0 0.163907 0.019414 1.212903 0.025599 -0.930201 0.366157 0.619880 0.356589 1 3 1.000000
0 0.257686 0.022114 1.222306 -0.041379 -0.685189 0.727189 0.628107 0.563324 2 3 0.800000 4 0.200000
Silica_def_arms.png
0 0.257686 0.022114 1.222306 -0.041379 -0.685189 0.727189 0.628107 0.563324 2 3 0.800000 4 0.200000
0 0.252331 0.058647 1.233855 -0.008516 0.320036 0.947367 0.405970 0.532119 2 3 0.800000 4 0.200000
0 0.175591 0.053109 1.241476 0.035810 -0.122143 0.991866 0.405970 0.360490 1 3 1.000000
Silica_def_arms.png
0 0.163513 0.090856 1.213090 0.049975 0.984422 0.168573 0.619880 0.360490 1 3 1.000000
0 0.175591 0.053109 1.241476 0.035810 -0.122143 0.991866 0.405970 0.360490 1 3 1.000000
0 0.252331 0.058647 1.233855 -0.008516 0.320036 0.947367 0.405970 0.532119 2 3 0.800000 4 0.200000
Silica_def_arms.png
0 0.455691 0.076951 1.208535 0.000000 0.973375 0.229216 0.480016 0.247370 1 4 1.000000
0 0.489740 0.044689 1.223125 0.000000 -0.107695 0.994184 0.389515 0.251271 1 4 1.000000
0 0.490753 0.076951 1.208535 0.000000 0.973375 0.229216 0.480016 0.251271 1 4 1.000000
Silica_def_arms.png
0 0.490753 0.076951 1.208535 0.000000 0.973375 0.229216 0.480016 0.251271 1 4 1.000000
0 0.490466 0.059437 1.187033 0.000000 0.474288 -0.880370 0.595198 0.251271 1 4 1.000000
0 0.455691 0.076951 1.208535 0.000000 0.973375 0.229216 0.480016 0.247370 1 4 1.000000
Silica_def_arms.png
0 0.455405 0.059437 1.187033 0.000000 0.474288 -0.880370 0.595198 0.247370 1 4 1.000000
0 0.455691 0.076951 1.208535 0.000000 0.973375 0.229216 0.480016 0.247370 1 4 1.000000
0 0.490466 0.059437 1.187033 0.000000 0.474288 -0.880370 0.595198 0.251271 1 4 1.000000
Silica_def_arms.png
0 0.490466 0.059437 1.187033 0.000000 0.474288 -0.880370 0.595198 0.251271 1 4 1.000000
0 0.455449 0.032937 1.184346 0.000000 -0.421404 -0.906873 0.603425 0.247370 1 4 1.000000
0 0.455405 0.059437 1.187033 0.000000 0.474288 -0.880370 0.595198 0.247370 1 4 1.000000
Silica_def_arms.png
0 0.274134 0.092170 1.202215 -0.056033 0.994914 0.083703 0.619880 0.602331 2 3 0.800000 4 0.200000
0 0.320648 0.059884 1.244180 -0.137589 0.295755 0.945303 0.405970 0.649139 2 4 0.800000 3 0.200000
0 0.293085 0.095076 1.202645 -0.109927 0.973369 -0.201169 0.619880 0.629636 2 3 0.500000 4 0.500000
Silica_def_arms.png
0 0.293085 0.095076 1.202645 -0.109927 0.973369 -0.201169 0.619880 0.629636 2 3 0.500000 4 0.500000
0 0.262490 0.055328 1.162799 0.032594 0.345246 -0.937946 0.998336 0.528218 2 3 0.500000 4 0.500000
0 0.274134 0.092170 1.202215 -0.056033 0.994914 0.083703 0.619880 0.602331 2 3 0.800000 4 0.200000
Silica_def_arms.png
0 0.163719 0.073429 1.171419 0.070184 0.865944 -0.495191 0.924290 0.360490 1 3 1.000000
0 0.274134 0.092170 1.202215 -0.056033 0.994914 0.083703 0.619880 0.602331 2 3 0.800000 4 0.200000
0 0.262490 0.055328 1.162799 0.032594 0.345246 -0.937946 0.998336 0.528218 2 3 0.500000 4 0.500000
Silica_def_arms.png
0 0.262490 0.055328 1.162799 0.032594 0.345246 -0.937946 0.998336 0.528218 2 3 0.500000 4 0.500000
0 0.182301 0.031389 1.152211 0.121577 -0.308862 -0.943304 0.965426 0.360490 1 3 1.000000
0 0.163719 0.073429 1.171419 -0.003504 0.414293 -0.910137 0.998336 0.360490 1 3 1.000000
Silica_def_arms.png
0 0.465667 0.046957 1.200523 0.999739 -0.008326 0.021258 0.957199 0.820768 1 4 1.000000
0 0.481412 0.127947 1.209563 0.972759 -0.171729 -0.155723 0.948972 0.980695 1 4 1.000000
0 0.477962 0.053771 1.269812 0.972759 -0.171729 -0.155723 0.973654 0.980695 1 4 1.000000
Silica_def_arms.png
0 0.465667 0.046957 1.200523 0.999739 -0.008326 0.021258 0.957199 0.820768 1 4 1.000000
0 0.477962 0.053771 1.269812 0.967536 0.168612 -0.188266 0.948972 0.980695 1 4 1.000000
0 0.479542 -0.027191 1.205422 0.967536 0.168612 -0.188266 0.973654 0.980695 1 4 1.000000
Silica_def_arms.png
0 0.465667 0.046957 1.200523 0.999739 -0.008326 0.021258 0.957199 0.820768 1 4 1.000000
0 0.479542 -0.027191 1.205422 0.978778 0.188470 0.080457 0.948972 0.980695 1 4 1.000000
0 0.480585 -0.003680 1.137659 0.978778 0.188470 0.080457 0.973654 0.980695 1 4 1.000000
Silica_def_arms.png
0 0.465667 0.046957 1.200523 0.999739 -0.008326 0.021258 0.957199 0.820768 1 4 1.000000
0 0.480585 -0.003680 1.137659 0.968261 -0.023644 0.248819 0.948972 0.980695 1 4 1.000000
0 0.480437 0.086623 1.146816 0.968261 -0.023644 0.248819 0.973654 0.980695 1 4 1.000000
Silica_def_arms.png
0 0.465667 0.046957 1.200523 0.999739 -0.008326 0.021258 0.957199 0.820768 1 4 1.000000
0 0.480437 0.086623 1.146816 0.972208 -0.202180 0.118045 0.948972 0.980695 1 4 1.000000
0 0.481412 0.127947 1.209563 0.972208 -0.202180 0.118045 0.973654 0.980695 1 4 1.000000
Silica_def_arms.png
0 0.521790 0.044939 1.224212 -0.105296 -0.078556 0.991333 0.011059 0.227867 2 5 0.900000 4 0.100000
0 0.598336 0.007771 1.215907 0.079683 -0.722576 0.686684 0.282560 0.286377 1 5 1.000000
0 0.609478 0.036654 1.226377 0.353433 -0.197904 0.914286 0.315470 0.251271 1 5 1.000000
Silica_def_arms.png
0 0.609478 0.036654 1.226377 0.353433 -0.197904 0.914286 0.315470 0.251271 1 5 1.000000
0 0.610386 0.079509 1.215826 0.241843 0.607977 0.756225 0.323697 0.200562 1 5 1.000000
0 0.521790 0.044939 1.224212 -0.105296 -0.078556 0.991333 0.011059 0.227867 2 5 0.900000 4 0.100000
Silica_def_arms.png
0 0.522057 0.076951 1.208311 -0.163315 0.929487 0.330731 0.011059 0.173258 2 5 0.900000 4 0.100000
0 0.521790 0.044939 1.224212 -0.105296 -0.078556 0.991333 0.011059 0.227867 2 5 0.900000 4 0.100000
0 0.610386 0.079509 1.215826 0.241843 0.607977 0.756225 0.323697 0.200562 1 5 1.000000
Silica_def_arms.png
0 0.610386 0.079509 1.215826 0.241843 0.607977 0.756225 0.323697 0.200562 1 5 1.000000
0 0.606233 0.090037 1.193915 0.031083 0.764748 -0.643579 0.307242 0.181059 1 5 1.000000
0 0.522057 0.076951 1.208311 -0.163315 0.929487 0.330731 0.011059 0.173258 2 5 0.900000 4 0.100000
Silica_def_arms.png
0 0.522474 0.058834 1.183526 -0.215687 0.454030 -0.864486 0.011059 0.118649 2 5 0.900000 4 0.100000
0 0.522057 0.076951 1.208311 -0.163315 0.929487 0.330731 0.011059 0.173258 2 5 0.900000 4 0.100000
0 0.606233 0.090037 1.193915 0.031083 0.764748 -0.643579 0.307242 0.181059 1 5 1.000000
Silica_def_arms.png
0 0.606233 0.090037 1.193915 0.031083 0.764748 -0.643579 0.307242 0.181059 1 5 1.000000
0 0.564680 0.054757 1.177222 0.220708 0.372883 -0.901247 0.159151 0.110847 1 5 1.000000
0 0.522474 0.058834 1.183526 -0.215687 0.454030 -0.864486 0.011059 0.118649 2 5 0.900000 4 0.100000
Silica_def_arms.png
0 0.572611 -0.003784 1.154645 -0.083625 0.291063 -0.953042 0.159151 0.025033 1 5 1.000000
0 0.522474 0.058834 1.183526 -0.215687 0.454030 -0.864486 0.011059 0.118649 2 5 0.900000 4 0.100000
0 0.564680 0.054757 1.177222 0.220708 0.372883 -0.901247 0.159151 0.110847 1 5 1.000000
Silica_def_arms.png
0 0.522227 0.021085 1.203431 -0.393611 -0.869719 0.297756 0.011059 0.282476 2 5 0.900000 4 0.100000
0 0.522515 0.034242 1.181086 -0.678077 -0.629500 -0.379396 0.011059 0.333185 2 5 0.900000 4 0.100000
0 0.572611 -0.003784 1.154645 -0.414846 -0.897567 -0.149251 0.159151 0.348788 1 5 1.000000
Silica_def_arms.png
0 0.572611 -0.003784 1.154645 -0.414846 -0.897567 -0.149251 0.159151 0.348788 1 5 1.000000
0 0.585342 -0.008154 1.180616 -0.328404 -0.927007 0.181131 0.224969 0.325384 1 5 1.000000
0 0.522227 0.021085 1.203431 -0.393611 -0.869719 0.297756 0.011059 0.282476 2 5 0.900000 4 0.100000
Silica_def_arms.png
0 0.590843 0.000474 1.198446 -0.061458 -0.907405 0.415739 0.257878 0.305880 1 5 1.000000
0 0.522227 0.021085 1.203431 -0.393611 -0.869719 0.297756 0.011059 0.282476 2 5 0.900000 4 0.100000
0 0.585342 -0.008154 1.180616 -0.328404 -0.927007 0.181131 0.224969 0.325384 1 5 1.000000
Silica_def_arms.png
0 0.598336 0.007771 1.215907 0.079683 -0.722576 0.686684 0.282560 0.286377 1 5 1.000000
0 0.521790 0.044939 1.224212 -0.105296 -0.078556 0.991333 0.011059 0.227867 2 5 0.900000 4 0.100000
0 0.522227 0.021085 1.203431 -0.393611 -0.869719 0.297756 0.011059 0.282476 2 5 0.900000 4 0.100000
Silica_def_arms.png
0 0.522227 0.021085 1.203431 -0.393611 -0.869719 0.297756 0.011059 0.282476 2 5 0.900000 4 0.100000
0 0.590843 0.000474 1.198446 -0.061458 -0.907405 0.415739 0.257878 0.305880 1 5 1.000000
0 0.598336 0.007771 1.215907 0.079683 -0.722576 0.686684 0.282560 0.286377 1 5 1.000000
Silica_def_arms.png
0 0.572611 -0.003784 1.154645 -0.083625 0.291063 -0.953042 0.159151 0.025033 1 5 1.000000
0 0.522515 0.034242 1.181086 -0.411033 0.089332 -0.907233 0.011059 0.067940 2 5 0.900000 4 0.100000
0 0.522474 0.058834 1.183526 -0.215687 0.454030 -0.864486 0.011059 0.118649 2 5 0.900000 4 0.100000
Silica_def_arms.png
0 0.504000 0.047210 1.200113 -0.993945 -0.026446 -0.106647 0.011059 0.181059 2 4 0.500000 5 0.500000
0 0.522515 0.034242 1.181086 -0.749321 -0.566367 -0.343141 0.011059 0.142053 2 5 0.900000 4 0.100000
0 0.522227 0.021085 1.203431 -0.749321 -0.566367 -0.343141 0.011059 0.208364 2 5 0.900000 4 0.100000
Silica_def_arms.png
0 0.504000 0.047210 1.200113 -0.993945 -0.026446 -0.106647 0.011059 0.181059 2 4 0.500000 5 0.500000
0 0.521790 0.044939 1.224212 -0.754666 0.296916 0.585081 0.011059 0.142053 2 5 0.900000 4 0.100000
0 0.522057 0.076951 1.208311 -0.754666 0.296916 0.585081 0.011059 0.208364 2 5 0.900000 4 0.100000
Silica_def_arms.png
0 0.504000 0.047210 1.200113 -0.993945 -0.026446 -0.106647 0.011059 0.181059 2 4 0.500000 5 0.500000
0 0.522227 0.021085 1.203431 -0.737843 -0.451001 0.502180 0.011059 0.142053 2 5 0.900000 4 0.100000
0 0.521790 0.044939 1.224212 -0.737843 -0.451001 0.502180 0.011059 0.208364 2 5 0.900000 4 0.100000
Silica_def_arms.png
0 0.504000 0.047210 1.200113 -0.993945 -0.026446 -0.106647 0.011059 0.181059 2 4 0.500000 5 0.500000
0 0.522057 0.076951 1.208311 -0.721739 0.552954 -0.416335 0.011059 0.142053 2 5 0.900000 4 0.100000
0 0.522474 0.058834 1.183526 -0.721739 0.552954 -0.416335 0.011059 0.208364 2 5 0.900000 4 0.100000
Silica_def_arms.png
0 0.504000 0.047210 1.200113 -0.993945 -0.026446 -0.106647 0.011059 0.181059 2 4 0.500000 5 0.500000
0 0.522474 0.058834 1.183526 -0.690554 0.070273 -0.719858 0.011059 0.142053 2 5 0.900000 4 0.100000
0 0.522515 0.034242 1.181086 -0.690554 0.070273 -0.719858 0.011059 0.208364 2 5 0.900000 4 0.100000
Silica_def_arms.png
0 -0.257689 0.022114 1.222306 0.041380 -0.685189 0.727189 0.628107 0.563324 2 6 0.800000 7 0.200000
0 -0.163910 0.019414 1.212903 -0.025599 -0.930201 0.366157 0.619880 0.356589 1 6 1.000000
0 -0.175594 0.053109 1.241476 -0.035810 -0.122144 0.991866 0.405970 0.360490 1 6 1.000000
Silica_def_arms.png
0 -0.175594 0.053109 1.241476 -0.035810 -0.122144 0.991866 0.405970 0.360490 1 6 1.000000
0 -0.252335 0.058647 1.233855 0.008517 0.320036 0.947367 0.405970 0.532119 2 6 0.800000 7 0.200000
0 -0.257689 0.022114 1.222306 0.041380 -0.685189 0.727189 0.628107 0.563324 2 6 0.800000 7 0.200000
Silica_def_arms.png
0 -0.320651 0.059884 1.244180 0.144091 0.347145 0.926676 0.405970 0.649139 2 7 0.800000 6 0.200000
0 -0.257689 0.022114 1.222306 0.041380 -0.685189 0.727189 0.628107 0.563324 2 6 0.800000 7 0.200000
0 -0.252335 0.058647 1.233855 0.008517 0.320036 0.947367 0.405970 0.532119 2 6 0.800000 7 0.200000
Silica_def_arms.png
0 -0.252335 0.058647 1.233855 0.008517 0.320036 0.947367 0.405970 0.532119 2 6 0.800000 7 0.200000
0 -0.274137 0.092170 1.202215 0.056034 0.994914 0.083703 0.619880 0.602331 2 6 0.800000 7 0.200000
0 -0.320651 0.059884 1.244180 0.144091 0.347145 0.926676 0.405970 0.649139 2 7 0.800000 6 0.200000
Silica_def_arms.png
0 -0.293088 0.095076 1.202645 0.109927 0.973369 -0.201170 0.619880 0.629636 2 6 0.500000 7 0.500000
0 -0.320651 0.059884 1.244180 0.144091 0.347145 0.926676 0.405970 0.649139 2 7 0.800000 6 0.200000
0 -0.274137 0.092170 1.202215 0.056034 0.994914 0.083703 0.619880 0.602331 2 6 0.800000 7 0.200000
Silica_def_arms.png
0 -0.274137 0.092170 1.202215 0.056034 0.994914 0.083703 0.619880 0.602331 2 6 0.800000 7 0.200000
0 -0.262493 0.055328 1.162799 -0.032594 0.345246 -0.937946 0.998336 0.528218 2 6 0.500000 7 0.500000
0 -0.293088 0.095076 1.202645 0.109927 0.973369 -0.201170 0.619880 0.629636 2 6 0.500000 7 0.500000
Silica_def_arms.png
0 -0.321917 0.052379 1.160621 0.122378 0.141817 -0.982299 0.990108 0.649139 2 6 0.500000 7 0.500000
0 -0.293088 0.095076 1.202645 0.109927 0.973369 -0.201170 0.619880 0.629636 2 6 0.500000 7 0.500000
0 -0.262493 0.055328 1.162799 -0.032594 0.345246 -0.937946 0.998336 0.528218 2 6 0.500000 7 0.500000
Silica_def_arms.png
0 -0.262493 0.055328 1.162799 -0.032594 0.345246 -0.937946 0.998336 0.528218 2 6 0.500000 7 0.500000
0 -0.258042 0.015966 1.180493 -0.021931 -0.916944 -0.398414 0.916063 0.543821 1 6 0.960000
0 -0.321917 0.052379 1.160621 0.122378 0.141817 -0.982299 0.990108 0.649139 2 6 0.500000 7 0.500000
Silica_def_arms.png
0 -0.321625 0.010858 1.182023 0.188006 -0.884976 -0.425995 0.916063 0.649139 1 7 0.960000
0 -0.321917 0.052379 1.160621 0.122378 0.141817 -0.982299 0.990108 0.649139 2 6 0.500000 7 0.500000
0 -0.258042 0.015966 1.180493 -0.021931 -0.916944 -0.398414 0.916063 0.543821 1 6 0.960000
Silica_def_arms.png
0 -0.258042 0.015966 1.180493 -0.021931 -0.916944 -0.398414 0.916063 0.543821 1 6 0.960000
0 -0.321320 0.016299 1.223781 0.135744 -0.821023 0.554522 0.595198 0.653040 2 7 0.800000 6 0.200000
0 -0.321625 0.010858 1.182023 0.188006 -0.884976 -0.425995 0.916063 0.649139 1 7 0.960000
Silica_def_arms.png
0 -0.479545 -0.027191 1.205422 0.192613 -0.956304 0.219962 0.751517 0.992397 1 7 1.000000
0 -0.321625 0.010858 1.182023 0.188006 -0.884976 -0.425995 0.916063 0.649139 1 7 0.960000
0 -0.321320 0.016299 1.223781 0.135744 -0.821023 0.554522 0.595198 0.653040 2 7 0.800000 6 0.200000
Silica_def_arms.png
0 -0.321320 0.016299 1.223781 0.135744 -0.821023 0.554522 0.595198 0.653040 2 7 0.800000 6 0.200000
0 -0.477966 0.053771 1.269812 0.137243 -0.164654 0.976756 0.405970 0.988497 1 7 1.000000
0 -0.479545 -0.027191 1.205422 0.192613 -0.956304 0.219962 0.751517 0.992397 1 7 1.000000
Silica_def_arms.png
0 -0.321625 0.010858 1.182023 0.188006 -0.884976 -0.425995 0.916063 0.649139 1 7 0.960000
0 -0.321625 0.010858 1.182023 0.188006 -0.884976 -0.425995 0.916063 0.649139 1 7 0.960000
0 -0.479545 -0.027191 1.205422 0.192613 -0.956304 0.219962 0.751517 0.992397 1 7 1.000000
Silica_def_arms.png
0 -0.479545 -0.027191 1.205422 0.192613 -0.956304 0.219962 0.751517 0.992397 1 7 1.000000
0 -0.480588 -0.003680 1.137659 0.218350 -0.492436 -0.842514 0.990108 0.992397 1 7 1.000000
0 -0.321625 0.010858 1.182023 0.188006 -0.884976 -0.425995 0.916063 0.649139 1 7 0.960000
Silica_def_arms.png
0 -0.321917 0.052379 1.160621 0.122378 0.141817 -0.982299 0.990108 0.649139 2 6 0.500000 7 0.500000
0 -0.321625 0.010858 1.182023 0.188006 -0.884976 -0.425995 0.916063 0.649139 1 7 0.960000
0 -0.480588 -0.003680 1.137659 0.218350 -0.492436 -0.842514 0.990108 0.992397 1 7 1.000000
Silica_def_arms.png
0 -0.480588 -0.003680 1.137659 0.218350 -0.492436 -0.842514 0.990108 0.992397 1 7 1.000000
0 -0.480440 0.086623 1.146816 0.158472 0.568982 -0.806937 0.899608 0.992397 1 7 1.000000
0 -0.321917 0.052379 1.160621 0.122378 0.141817 -0.982299 0.990108 0.649139 2 6 0.500000 7 0.500000
Silica_def_arms.png
0 -0.321290 0.098877 1.203367 0.182387 0.968307 -0.170638 0.619880 0.653040 2 7 0.650000 6 0.350000
0 -0.321917 0.052379 1.160621 0.122378 0.141817 -0.982299 0.990108 0.649139 2 6 0.500000 7 0.500000
0 -0.480440 0.086623 1.146816 0.158472 0.568982 -0.806937 0.899608 0.992397 1 7 1.000000
Silica_def_arms.png
0 -0.480440 0.086623 1.146816 0.158472 0.568982 -0.806937 0.899608 0.992397 1 7 1.000000
0 -0.481416 0.127947 1.209563 0.161944 0.910751 0.379877 0.718607 0.992397 1 7 1.000000
0 -0.321290 0.098877 1.203367 0.182387 0.968307 -0.170638 0.619880 0.653040 2 7 0.650000 6 0.350000
Silica_def_arms.png
0 -0.320651 0.059884 1.244180 0.144091 0.347145 0.926676 0.405970 0.649139 2 7 0.800000 6 0.200000
0 -0.321290 0.098877 1.203367 0.182387 0.968307 -0.170638 0.619880 0.653040 2 7 0.650000 6 0.350000
0 -0.481416 0.127947 1.209563 0.161944 0.910751 0.379877 0.718607 0.992397 1 7 1.000000
Silica_def_arms.png
0 -0.481416 0.127947 1.209563 0.161944 0.910751 0.379877 0.718607 0.992397 1 7 1.000000
0 -0.477966 0.053771 1.269812 0.137243 -0.164654 0.976756 0.405970 0.988497 1 7 1.000000
0 -0.320651 0.059884 1.244180 0.144091 0.347145 0.926676 0.405970 0.649139 2 7 0.800000 6 0.200000
Silica_def_arms.png
0 -0.321320 0.016299 1.223781 0.135744 -0.821023 0.554522 0.595198 0.653040 2 7 0.800000 6 0.200000
0 -0.320651 0.059884 1.244180 0.144091 0.347145 0.926676 0.405970 0.649139 2 7 0.800000 6 0.200000
0 -0.477966 0.053771 1.269812 0.137243 -0.164654 0.976756 0.405970 0.988497 1 7 1.000000
Silica_def_arms.png
0 -0.490513 0.032937 1.184346 0.000000 -0.421404 -0.906873 0.603425 0.251271 1 7 1.000000
0 -0.490513 0.032937 1.184346 0.000000 -0.421404 -0.906873 0.603425 0.251271 1 7 1.000000
0 -0.490470 0.059437 1.187033 0.000000 0.474288 -0.880370 0.595198 0.251271 1 7 1.000000
Silica_def_arms.png
0 -0.490470 0.059437 1.187033 0.000000 0.474288 -0.880370 0.595198 0.251271 1 7 1.000000
0 -0.455452 0.032937 1.184346 0.000000 -0.421404 -0.906873 0.603425 0.247370 1 7 1.000000
0 -0.490513 0.032937 1.184346 0.000000 -0.421404 -0.906873 0.603425 0.251271 1 7 1.000000
Silica_def_arms.png
0 -0.490207 0.019340 1.204231 0.000000 -0.989584 -0.143955 0.488243 0.251271 1 7 1.000000
0 -0.490513 0.032937 1.184346 0.000000 -0.421404 -0.906873 0.603425 0.251271 1 7 1.000000
0 -0.455452 0.032937 1.184346 0.000000 -0.421404 -0.906873 0.603425 0.247370 1 7 1.000000
Silica_def_arms.png
0 -0.455452 0.032937 1.184346 0.000000 -0.421404 -0.906873 0.603425 0.247370 1 7 1.000000
0 -0.455146 0.019340 1.204231 0.000000 -0.889304 0.457317 0.488243 0.247370 1 7 1.000000
0 -0.490207 0.019340 1.204231 0.000000 -0.989584 -0.143955 0.488243 0.251271 1 7 1.000000
Silica_def_arms.png
0 -0.489744 0.044689 1.223125 0.000000 -0.107695 0.994184 0.389515 0.251271 1 7 1.000000
0 -0.490207 0.019340 1.204231 0.000000 -0.989584 -0.143955 0.488243 0.251271 1 7 1.000000
0 -0.455146 0.019340 1.204231 0.000000 -0.889304 0.457317 0.488243 0.247370 1 7 1.000000
Silica_def_arms.png
0 -0.455146 0.019340 1.204231 0.000000 -0.889304 0.457317 0.488243 0.247370 1 7 1.000000
0 -0.454682 0.044689 1.223125 0.000000 -0.107695 0.994184 0.389515 0.247370 1 7 1.000000
0 -0.489744 0.044689 1.223125 0.000000 -0.107695 0.994184 0.389515 0.251271 1 7 1.000000
Silica_def_arms.png
0 -0.455695 0.076951 1.208535 0.000000 0.973375 0.229216 0.480016 0.247370 1 7 1.000000
0 -0.489744 0.044689 1.223125 0.000000 -0.107695 0.994184 0.389515 0.251271 1 7 1.000000
0 -0.454682 0.044689 1.223125 0.000000 -0.107695 0.994184 0.389515 0.247370 1 7 1.000000
Silica_def_arms.png
0 -0.455408 0.059437 1.187033 0.000000 0.474288 -0.880370 0.595198 0.247370 1 7 1.000000
0 -0.455408 0.059437 1.187033 0.000000 0.474288 -0.880370 0.595198 0.247370 1 7 1.000000
0 -0.455452 0.032937 1.184346 0.000000 -0.421404 -0.906873 0.603425 0.247370 1 7 1.000000
Silica_def_arms.png
0 -0.455452 0.032937 1.184346 0.000000 -0.421404 -0.906873 0.603425 0.247370 1 7 1.000000
0 -0.490470 0.059437 1.187033 0.000000 0.474288 -0.880370 0.595198 0.251271 1 7 1.000000
0 -0.455408 0.059437 1.187033 0.000000 0.474288 -0.880370 0.595198 0.247370 1 7 1.000000
Silica_def_arms.png
0 -0.455695 0.076951 1.208535 0.000000 0.973375 0.229216 0.480016 0.247370 1 7 1.000000
0 -0.455408 0.059437 1.187033 0.000000 0.474288 -0.880370 0.595198 0.247370 1 7 1.000000
0 -0.490470 0.059437 1.187033 0.000000 0.474288 -0.880370 0.595198 0.251271 1 7 1.000000
Silica_def_arms.png
0 -0.490470 0.059437 1.187033 0.000000 0.474288 -0.880370 0.595198 0.251271 1 7 1.000000
0 -0.490756 0.076951 1.208535 0.000000 0.973375 0.229216 0.480016 0.251271 1 7 1.000000
0 -0.455695 0.076951 1.208535 0.000000 0.973375 0.229216 0.480016 0.247370 1 7 1.000000
Silica_def_arms.png
0 -0.489744 0.044689 1.223125 0.000000 -0.107695 0.994184 0.389515 0.251271 1 7 1.000000
0 -0.455695 0.076951 1.208535 0.000000 0.973375 0.229216 0.480016 0.247370 1 7 1.000000
0 -0.490756 0.076951 1.208535 0.000000 0.973375 0.229216 0.480016 0.251271 1 7 1.000000
Silica_def_arms.png
0 -0.252335 0.058647 1.233855 0.008517 0.320036 0.947367 0.405970 0.532119 2 6 0.800000 7 0.200000
0 -0.252335 0.058647 1.233855 0.008517 0.320036 0.947367 0.405970 0.532119 2 6 0.800000 7 0.200000
0 -0.175594 0.053109 1.241476 -0.035810 -0.122144 0.991866 0.405970 0.360490 1 6 1.000000
Silica_def_arms.png
0 -0.175594 0.053109 1.241476 -0.035810 -0.122144 0.991866 0.405970 0.360490 1 6 1.000000
0 -0.163516 0.090856 1.213090 -0.049974 0.984422 0.168572 0.619880 0.360490 1 6 1.000000
0 -0.252335 0.058647 1.233855 0.008517 0.320036 0.947367 0.405970 0.532119 2 6 0.800000 7 0.200000
Silica_def_arms.png
0 -0.274137 0.092170 1.202215 0.056034 0.994914 0.083703 0.619880 0.602331 2 6 0.800000 7 0.200000
0 -0.252335 0.058647 1.233855 0.008517 0.320036 0.947367 0.405970 0.532119 2 6 0.800000 7 0.200000
0 -0.163516 0.090856 1.213090 -0.049974 0.984422 0.168572 0.619880 0.360490 1 6 1.000000
Silica_def_arms.png
0 -0.163516 0.090856 1.213090 -0.049974 0.984422 0.168572 0.619880 0.360490 1 6 1.000000
0 -0.163722 0.073429 1.171419 -0.070184 0.865944 -0.495191 0.924290 0.360490 1 6 1.000000
0 -0.274137 0.092170 1.202215 0.056034 0.994914 0.083703 0.619880 0.602331 2 6 0.800000 7 0.200000
Silica_def_arms.png
0 -0.262493 0.055328 1.162799 -0.032594 0.345246 -0.937946 0.998336 0.528218 2 6 0.500000 7 0.500000
0 -0.274137 0.092170 1.202215 0.056034 0.994914 0.083703 0.619880 0.602331 2 6 0.800000 7 0.200000
0 -0.163722 0.073429 1.171419 -0.070184 0.865944 -0.495191 0.924290 0.360490 1 6 1.000000
Silica_def_arms.png
0 -0.258042 0.015966 1.180493 -0.021931 -0.916944 -0.398414 0.916063 0.543821 1 6 0.960000
0 -0.167902 0.009555 1.178040 -0.071205 -0.997181 -0.023655 0.924290 0.352688 1 6 1.000000
0 -0.163910 0.019414 1.212903 -0.025599 -0.930201 0.366157 0.619880 0.356589 1 6 1.000000
Silica_def_arms.png
0 -0.163910 0.019414 1.212903 -0.025599 -0.930201 0.366157 0.619880 0.356589 1 6 1.000000
0 -0.257689 0.022114 1.222306 0.041380 -0.685189 0.727189 0.628107 0.563324 2 6 0.800000 7 0.200000
0 -0.258042 0.015966 1.180493 -0.021931 -0.916944 -0.398414 0.916063 0.543821 1 6 0.960000
Silica_def_arms.png
0 -0.321320 0.016299 1.223781 0.135744 -0.821023 0.554522 0.595198 0.653040 2 7 0.800000 6 0.200000
0 -0.258042 0.015966 1.180493 -0.021931 -0.916944 -0.398414 0.916063 0.543821 1 6 0.960000
0 -0.257689 0.022114 1.222306 0.041380 -0.685189 0.727189 0.628107 0.563324 2 6 0.800000 7 0.200000
Silica_def_arms.png
0 -0.257689 0.022114 1.222306 0.041380 -0.685189 0.727189 0.628107 0.563324 2 6 0.800000 7 0.200000
0 -0.320651 0.059884 1.244180 0.144091 0.347145 0.926676 0.405970 0.649139 2 7 0.800000 6 0.200000
0 -0.321320 0.016299 1.223781 0.135744 -0.821023 0.554522 0.595198 0.653040 2 7 0.800000 6 0.200000
Silica_def_arms.png
0 -0.182304 0.031389 1.152211 -0.121576 -0.308860 -0.943305 0.965426 0.360490 1 6 1.000000
0 -0.167902 0.009555 1.178040 -0.071205 -0.997181 -0.023655 0.924290 0.352688 1 6 1.000000
0 -0.258042 0.015966 1.180493 -0.021931 -0.916944 -0.398414 0.916063 0.543821 1 6 0.960000
Silica_def_arms.png
0 -0.258042 0.015966 1.180493 -0.021931 -0.916944 -0.398414 0.916063 0.543821 1 6 0.960000
0 -0.262493 0.055328 1.162799 -0.032594 0.345246 -0.937946 0.998336 0.528218 2 6 0.500000 7 0.500000
0 -0.182304 0.031389 1.152211 -0.121576 -0.308860 -0.943305 0.965426 0.360490 1 6 1.000000
Silica_def_arms.png
0 -0.163722 0.073429 1.171419 0.003504 0.414293 -0.910137 0.998336 0.360490 1 6 1.000000
0 -0.182304 0.031389 1.152211 -0.121576 -0.308860 -0.943305 0.965426 0.360490 1 6 1.000000
0 -0.262493 0.055328 1.162799 -0.032594 0.345246 -0.937946 0.998336 0.528218 2 6 0.500000 7 0.500000
Silica_def_arms.png
0 -0.321290 0.098877 1.203367 0.182387 0.968307 -0.170638 0.619880 0.653040 2 7 0.650000 6 0.350000
0 -0.320651 0.059884 1.244180 0.144091 0.347145 0.926676 0.405970 0.649139 2 7 0.800000 6 0.200000
0 -0.293088 0.095076 1.202645 0.109927 0.973369 -0.201170 0.619880 0.629636 2 6 0.500000 7 0.500000
Silica_def_arms.png
0 -0.293088 0.095076 1.202645 0.109927 0.973369 -0.201170 0.619880 0.629636 2 6 0.500000 7 0.500000
0 -0.321917 0.052379 1.160621 0.122378 0.141817 -0.982299 0.990108 0.649139 2 6 0.500000 7 0.500000
0 -0.321290 0.098877 1.203367 0.182387 0.968307 -0.170638 0.619880 0.653040 2 7 0.650000 6 0.350000
Silica_def_arms.png
0 -0.477966 0.053771 1.269812 -0.972755 -0.171739 -0.155736 0.973654 0.980695 1 7 1.000000
0 -0.481416 0.127947 1.209563 -0.972755 -0.171739 -0.155736 0.948972 0.980695 1 7 1.000000
0 -0.465670 0.046957 1.200523 -0.999739 -0.008330 0.021251 0.957199 0.820768 1 7 1.000000
Silica_def_arms.png
0 -0.479545 -0.027191 1.205422 -0.967534 0.168611 -0.188280 0.973654 0.980695 1 7 1.000000
0 -0.477966 0.053771 1.269812 -0.967534 0.168611 -0.188280 0.948972 0.980695 1 7 1.000000
0 -0.465670 0.046957 1.200523 -0.999739 -0.008330 0.021251 0.957199 0.820768 1 7 1.000000
Silica_def_arms.png
0 -0.480588 -0.003680 1.137659 -0.978778 0.188470 0.080457 0.973654 0.980695 1 7 1.000000
0 -0.479545 -0.027191 1.205422 -0.978778 0.188470 0.080457 0.948972 0.980695 1 7 1.000000
0 -0.465670 0.046957 1.200523 -0.999739 -0.008330 0.021251 0.957199 0.820768 1 7 1.000000
Silica_def_arms.png
0 -0.480440 0.086623 1.146816 -0.968261 -0.023644 0.248819 0.973654 0.980695 1 7 1.000000
0 -0.480588 -0.003680 1.137659 -0.968261 -0.023644 0.248819 0.948972 0.980695 1 7 1.000000
0 -0.465670 0.046957 1.200523 -0.999739 -0.008330 0.021251 0.957199 0.820768 1 7 1.000000
Silica_def_arms.png
0 -0.481416 0.127947 1.209563 -0.972207 -0.202191 0.118037 0.973654 0.980695 1 7 1.000000
0 -0.480440 0.086623 1.146816 -0.972207 -0.202191 0.118037 0.948972 0.980695 1 7 1.000000
0 -0.465670 0.046957 1.200523 -0.999739 -0.008330 0.021251 0.957199 0.820768 1 7 1.000000
Silica_def_arms.png
0 -0.522478 0.058833 1.183526 0.215687 0.454030 -0.864486 0.011059 0.118649 2 8 0.900000 7 0.100000
0 -0.572614 -0.003784 1.154645 0.083626 0.291068 -0.953040 0.159151 0.025033 1 8 1.000000
0 -0.564683 0.054757 1.177222 -0.220702 0.372885 -0.901248 0.159151 0.110847 1 8 1.000000
Silica_def_arms.png
0 -0.564683 0.054757 1.177222 -0.220702 0.372885 -0.901248 0.159151 0.110847 1 8 1.000000
0 -0.606237 0.090037 1.193915 -0.031080 0.764745 -0.643583 0.307242 0.181059 1 8 1.000000
0 -0.522478 0.058833 1.183526 0.215687 0.454030 -0.864486 0.011059 0.118649 2 8 0.900000 7 0.100000
Silica_def_arms.png
0 -0.522060 0.076951 1.208311 0.163317 0.929489 0.330722 0.011059 0.173258 2 8 0.900000 7 0.100000
0 -0.522478 0.058833 1.183526 0.215687 0.454030 -0.864486 0.011059 0.118649 2 8 0.900000 7 0.100000
0 -0.606237 0.090037 1.193915 -0.031080 0.764745 -0.643583 0.307242 0.181059 1 8 1.000000
Silica_def_arms.png
0 -0.606237 0.090037 1.193915 -0.031080 0.764745 -0.643583 0.307242 0.181059 1 8 1.000000
0 -0.610389 0.079509 1.215826 -0.241842 0.607977 0.756225 0.323697 0.200562 1 8 1.000000
0 -0.522060 0.076951 1.208311 0.163317 0.929489 0.330722 0.011059 0.173258 2 8 0.900000 7 0.100000
Silica_def_arms.png
0 -0.521793 0.044939 1.224212 0.105295 -0.078557 0.991333 0.011059 0.227867 2 8 0.900000 7 0.100000
0 -0.522060 0.076951 1.208311 0.163317 0.929489 0.330722 0.011059 0.173258 2 8 0.900000 7 0.100000
0 -0.610389 0.079509 1.215826 -0.241842 0.607977 0.756225 0.323697 0.200562 1 8 1.000000
Silica_def_arms.png
0 -0.610389 0.079509 1.215826 -0.241842 0.607977 0.756225 0.323697 0.200562 1 8 1.000000
0 -0.609481 0.036654 1.226377 -0.353432 -0.197902 0.914287 0.315470 0.251271 1 8 1.000000
0 -0.521793 0.044939 1.224212 0.105295 -0.078557 0.991333 0.011059 0.227867 2 8 0.900000 7 0.100000
Silica_def_arms.png
0 -0.598340 0.007771 1.215907 -0.079687 -0.722575 0.686684 0.282560 0.286377 1 8 1.000000
0 -0.521793 0.044939 1.224212 0.105295 -0.078557 0.991333 0.011059 0.227867 2 8 0.900000 7 0.100000
0 -0.609481 0.036654 1.226377 -0.353432 -0.197902 0.914287 0.315470 0.251271 1 8 1.000000
Silica_def_arms.png
0 -0.522230 0.021085 1.203431 0.393610 -0.869719 0.297759 0.011059 0.282476 2 8 0.900000 7 0.100000
0 -0.590846 0.000474 1.198446 0.061459 -0.907405 0.415738 0.257878 0.305880 1 8 1.000000
0 -0.585345 -0.008154 1.180616 0.328404 -0.927007 0.181130 0.224969 0.325384 1 8 1.000000
Silica_def_arms.png
0 -0.585345 -0.008154 1.180616 0.328404 -0.927007 0.181130 0.224969 0.325384 1 8 1.000000
0 -0.572614 -0.003784 1.154645 0.414846 -0.897567 -0.149251 0.159151 0.348788 1 8 1.000000
0 -0.522230 0.021085 1.203431 0.393610 -0.869719 0.297759 0.011059 0.282476 2 8 0.900000 7 0.100000
Silica_def_arms.png
0 -0.522518 0.034242 1.181086 0.678076 -0.629502 -0.379394 0.011059 0.333185 2 8 0.900000 7 0.100000
0 -0.522230 0.021085 1.203431 0.393610 -0.869719 0.297759 0.011059 0.282476 2 8 0.900000 7 0.100000
0 -0.572614 -0.003784 1.154645 0.414846 -0.897567 -0.149251 0.159151 0.348788 1 8 1.000000
Silica_def_arms.png
0 -0.522230 0.021085 1.203431 0.393610 -0.869719 0.297759 0.011059 0.282476 2 8 0.900000 7 0.100000
0 -0.521793 0.044939 1.224212 0.105295 -0.078557 0.991333 0.011059 0.227867 2 8 0.900000 7 0.100000
0 -0.598340 0.007771 1.215907 -0.079687 -0.722575 0.686684 0.282560 0.286377 1 8 1.000000
Silica_def_arms.png
0 -0.598340 0.007771 1.215907 -0.079687 -0.722575 0.686684 0.282560 0.286377 1 8 1.000000
0 -0.590846 0.000474 1.198446 0.061459 -0.907405 0.415738 0.257878 0.305880 1 8 1.000000
0 -0.522230 0.021085 1.203431 0.393610 -0.869719 0.297759 0.011059 0.282476 2 8 0.900000 7 0.100000
Silica_def_arms.png
0 -0.522518 0.034242 1.181086 0.411017 0.089354 -0.907238 0.011059 0.067940 2 8 0.900000 7 0.100000
0 -0.572614 -0.003784 1.154645 0.083626 0.291068 -0.953040 0.159151 0.025033 1 8 1.000000
0 -0.522478 0.058833 1.183526 0.215687 0.454030 -0.864486 0.011059 0.118649 2 8 0.900000 7 0.100000
Silica_def_arms.png
0 -0.504266 0.047210 1.200113 0.994073 -0.026000 -0.105557 0.011059 0.181059 2 7 0.500000 8 0.500000
0 -0.522230 0.021085 1.203431 0.754026 -0.561721 -0.340462 0.011059 0.142053 2 8 0.900000 7 0.100000
0 -0.522518 0.034242 1.181086 0.754026 -0.561721 -0.340462 0.011059 0.208364 2 8 0.900000 7 0.100000
Silica_def_arms.png
0 -0.504266 0.047210 1.200113 0.994073 -0.026000 -0.105557 0.011059 0.181059 2 7 0.500000 8 0.500000
0 -0.522060 0.076951 1.208311 0.759453 0.294481 0.580097 0.011059 0.142053 2 8 0.900000 7 0.100000
0 -0.521793 0.044939 1.224212 0.759453 0.294481 0.580097 0.011059 0.208364 2 8 0.900000 7 0.100000
Silica_def_arms.png
0 -0.504266 0.047210 1.200113 0.994073 -0.026000 -0.105557 0.011059 0.181059 2 7 0.500000 8 0.500000
0 -0.521793 0.044939 1.224212 0.742770 -0.447489 0.498043 0.011059 0.142053 2 8 0.900000 7 0.100000
0 -0.522230 0.021085 1.203431 0.742770 -0.447489 0.498043 0.011059 0.208364 2 8 0.900000 7 0.100000
Silica_def_arms.png
0 -0.504266 0.047210 1.200113 0.994073 -0.026000 -0.105557 0.011059 0.181059 2 7 0.500000 8 0.500000
0 -0.522478 0.058833 1.183526 0.726672 0.548705 -0.413364 0.011059 0.142053 2 8 0.900000 7 0.100000
0 -0.522060 0.076951 1.208311 0.726672 0.548705 -0.413364 0.011059 0.208364 2 8 0.900000 7 0.100000
Silica_def_arms.png
0 -0.504266 0.047210 1.200113 0.994073 -0.026000 -0.105557 0.011059 0.181059 2 7 0.500000 8 0.500000
0 -0.522518 0.034242 1.181086 0.695700 0.069809 -0.714932 0.011059 0.142053 2 8 0.900000 7 0.100000
0 -0.522478 0.058833 1.183526 0.695700 0.069809 -0.714932 0.011059 0.208364 2 8 0.900000 7 0.100000
Silica_def_arms.png
0 -0.000003 -0.083765 0.953760 -0.000008 -0.999984 0.005581 0.381288 0.368291 2 0 0.500000 9 0.500000
0 0.050402 -0.064080 0.994587 0.558005 -0.829502 0.023588 0.011059 0.571126 2 0 0.800000 1 0.200000
0 -0.000003 -0.081851 0.992614 -0.000006 -0.998789 0.049202 0.011059 0.368291 2 0 0.800000 1 0.200000
Silica_def_arms.png
0 -0.000003 -0.081851 0.992614 -0.000006 -0.998789 0.049202 0.011059 0.368291 2 0 0.800000 1 0.200000
0 -0.050406 -0.064080 0.994587 -0.558018 -0.829494 0.023578 0.011059 0.571126 2 0 0.860000 1 0.140000
0 -0.000003 -0.083765 0.953760 -0.000008 -0.999984 0.005581 0.381288 0.368291 2 0 0.500000 9 0.500000
Silica_def_arms.png
0 -0.054699 -0.060812 0.957415 -0.740533 -0.671218 0.032824 0.381288 0.575026 2 0 0.500000 9 0.500000
0 -0.000003 -0.083765 0.953760 -0.000008 -0.999984 0.005581 0.381288 0.368291 2 0 0.500000 9 0.500000
0 -0.050406 -0.064080 0.994587 -0.558018 -0.829494 0.023578 0.011059 0.571126 2 0 0.860000 1 0.140000
Silica_def_arms.png
0 -0.050406 -0.064080 0.994587 -0.558018 -0.829494 0.023578 0.011059 0.571126 2 0 0.860000 1 0.140000
0 -0.083550 -0.005902 0.995513 -0.989610 -0.085130 0.115869 0.011059 0.602331 2 0 0.860000 1 0.140000
0 -0.054699 -0.060812 0.957415 -0.740533 -0.671218 0.032824 0.381288 0.575026 2 0 0.500000 9 0.500000
Silica_def_arms.png
0 -0.087814 -0.003836 0.959578 -0.989519 -0.090911 0.112189 0.381288 0.621834 2 0 0.500000 9 0.500000
0 -0.054699 -0.060812 0.957415 -0.740533 -0.671218 0.032824 0.381288 0.575026 2 0 0.500000 9 0.500000
0 -0.083550 -0.005902 0.995513 -0.989610 -0.085130 0.115869 0.011059 0.602331 2 0 0.860000 1 0.140000
Silica_def_arms.png
0 -0.083550 -0.005902 0.995513 -0.989610 -0.085130 0.115869 0.011059 0.602331 2 0 0.860000 1 0.140000
0 -0.066863 0.051801 0.964899 -0.654611 0.719402 0.232259 0.381288 0.649139 2 0 0.500000 9 0.500000
0 -0.087814 -0.003836 0.959578 -0.989519 -0.090911 0.112189 0.381288 0.621834 2 0 0.500000 9 0.500000
Silica_def_arms.png
0 -0.000003 0.057013 1.004570 -0.000006 0.961253 0.275667 0.011059 0.707649 2 0 0.800000 1 0.200000
0 0.066860 0.051801 0.964899 0.654607 0.719406 0.232259 0.381288 0.649139 2 0 0.500000 9 0.500000
0 -0.000003 0.071304 0.970973 -0.000006 0.920209 0.391427 0.381288 0.707649 2 0 0.500000 9 0.500000
Silica_def_arms.png
0 -0.000003 0.071304 0.970973 -0.000006 0.920209 0.391427 0.381288 0.707649 2 0 0.500000 9 0.500000
0 -0.066863 0.051801 0.964899 -0.654611 0.719402 0.232259 0.381288 0.649139 2 0 0.500000 9 0.500000
0 -0.000003 0.057013 1.004570 -0.000006 0.961253 0.275667 0.011059 0.707649 2 0 0.800000 1 0.200000
Silica_def_arms.png
0 -0.062339 0.046471 1.002796 -0.625438 0.758895 0.181397 0.011059 0.653040 2 0 0.800000 1 0.200000
0 -0.000003 0.057013 1.004570 -0.000006 0.961253 0.275667 0.011059 0.707649 2 0 0.800000 1 0.200000
0 -0.066863 0.051801 0.964899 -0.654611 0.719402 0.232259 0.381288 0.649139 2 0 0.500000 9 0.500000
Silica_def_arms.png
0 -0.066863 0.051801 0.964899 -0.654611 0.719402 0.232259 0.381288 0.649139 2 0 0.500000 9 0.500000
0 -0.083550 -0.005902 0.995513 -0.989610 -0.085130 0.115869 0.011059 0.602331 2 0 0.860000 1 0.140000
0 -0.062339 0.046471 1.002796 -0.625438 0.758895 0.181397 0.011059 0.653040 2 0 0.800000 1 0.200000
Silica_def_arms.png
0 0.066860 0.051801 0.964899 0.654607 0.719406 0.232259 0.381288 0.649139 2 0 0.500000 9 0.500000
0 -0.000003 0.057013 1.004570 -0.000006 0.961253 0.275667 0.011059 0.707649 2 0 0.800000 1 0.200000
0 0.062337 0.046471 1.002796 0.625442 0.758896 0.181381 0.011059 0.653040 2 0 0.800000 1 0.200000
Silica_def_arms.png
0 0.062337 0.046471 1.002796 0.625442 0.758896 0.181381 0.011059 0.653040 2 0 0.800000 1 0.200000
0 0.083547 -0.005902 0.995513 0.989608 -0.085137 0.115881 0.011059 0.602331 2 0 0.800000 1 0.200000
0 0.066860 0.051801 0.964899 0.654607 0.719406 0.232259 0.381288 0.649139 2 0 0.500000 9 0.500000
Silica_def_arms.png
0 0.087812 -0.003836 0.959578 0.989516 -0.090912 0.112216 0.381288 0.621834 2 0 0.500000 9 0.500000
0 0.066860 0.051801 0.964899 0.654607 0.719406 0.232259 0.381288 0.649139 2 0 0.500000 9 0.500000
0 0.083547 -0.005902 0.995513 0.989608 -0.085137 0.115881 0.011059 0.602331 2 0 0.800000 1 0.200000
Silica_def_arms.png
0 0.083547 -0.005902 0.995513 0.989608 -0.085137 0.115881 0.011059 0.602331 2 0 0.800000 1 0.200000
0 0.054696 -0.060812 0.957414 0.740521 -0.671230 0.032842 0.381288 0.575026 2 0 0.500000 9 0.500000
0 0.087812 -0.003836 0.959578 0.989516 -0.090912 0.112216 0.381288 0.621834 2 0 0.500000 9 0.500000
Silica_def_arms.png
0 0.054696 -0.060812 0.957414 0.740521 -0.671230 0.032842 0.381288 0.575026 2 0 0.500000 9 0.500000
0 0.083547 -0.005902 0.995513 0.989608 -0.085137 0.115881 0.011059 0.602331 2 0 0.800000 1 0.200000
0 0.050402 -0.064080 0.994587 0.558005 -0.829502 0.023588 0.011059 0.571126 2 0 0.800000 1 0.200000
Silica_def_arms.png
0 0.050402 -0.064080 0.994587 0.558005 -0.829502 0.023588 0.011059 0.571126 2 0 0.800000 1 0.200000
0 -0.000003 -0.083765 0.953760 -0.000008 -0.999984 0.005581 0.381288 0.368291 2 0 0.500000 9 0.500000
0 0.054696 -0.060812 0.957414 0.740521 -0.671230 0.032842 0.381288 0.575026 2 0 0.500000 9 0.500000
Silica_def_body.png
0 -0.087128 0.056053 1.126273 -0.869720 0.326610 -0.370017 0.800880 0.844172 1 1 1.000000
0 -0.098896 0.035706 1.152820 -0.757258 -0.058045 -0.650531 0.718607 0.883179 1 1 1.000000
0 -0.079689 0.092045 1.163180 -0.590623 0.629154 -0.505302 0.817335 0.957291 1 1 1.000000
Silica_def_body.png
0 -0.079689 0.092045 1.163180 -0.590623 0.629154 -0.505302 0.817335 0.957291 1 1 1.000000
0 -0.060284 0.078930 1.119624 -0.463510 0.800835 -0.379237 0.874926 0.828569 1 1 1.000000
0 -0.087128 0.056053 1.126273 -0.869720 0.326610 -0.370017 0.800880 0.844172 1 1 1.000000
Silica_def_body.png
0 -0.080131 0.053015 1.112099 -0.762277 0.481654 -0.432368 0.825562 0.785662 1 1 1.000000
0 -0.087128 0.056053 1.126273 -0.869720 0.326610 -0.370017 0.800880 0.844172 1 1 1.000000
0 -0.060284 0.078930 1.119624 -0.463510 0.800835 -0.379237 0.874926 0.828569 1 1 1.000000
Silica_def_body.png
0 -0.060284 0.078930 1.119624 -0.463510 0.800835 -0.379237 0.874926 0.828569 1 1 1.000000
0 -0.067130 0.052179 1.086187 -0.763811 0.550512 -0.336940 0.842017 0.692046 1 1 1.000000
0 -0.080131 0.053015 1.112099 -0.762277 0.481654 -0.432368 0.825562 0.785662 1 1 1.000000
Silica_def_body.png
0 -0.095828 0.027272 1.114229 -0.895076 0.167890 -0.413100 0.784426 0.793463 1 1 1.000000
0 -0.080131 0.053015 1.112099 -0.762277 0.481654 -0.432368 0.825562 0.785662 1 1 1.000000
0 -0.067130 0.052179 1.086187 -0.763811 0.550512 -0.336940 0.842017 0.692046 1 1 1.000000
Silica_def_body.png
0 -0.067130 0.052179 1.086187 -0.763811 0.550512 -0.336940 0.842017 0.692046 1 1 1.000000
0 -0.083356 -0.001581 1.084586 -0.988060 0.048642 -0.146192 0.726835 0.711550 1 1 1.000000
0 -0.095828 0.027272 1.114229 -0.895076 0.167890 -0.413100 0.784426 0.793463 1 1 1.000000
Silica_def_body.png
0 -0.088920 -0.009163 1.123426 -0.974201 -0.209275 -0.084483 0.718607 0.809066 1 1 1.000000
0 -0.095828 0.027272 1.114229 -0.895076 0.167890 -0.413100 0.784426 0.793463 1 1 1.000000
0 -0.083356 -0.001581 1.084586 -0.988060 0.048642 -0.146192 0.726835 0.711550 1 1 1.000000
Silica_def_body.png
0 -0.083356 -0.001581 1.084586 -0.988060 0.048642 -0.146192 0.726835 0.711550 1 1 1.000000
0 -0.070096 -0.057093 1.076454 -0.879164 -0.454949 -0.141743 0.570516 0.719351 1 1 1.000000
0 -0.088920 -0.009163 1.123426 -0.974201 -0.209275 -0.084483 0.718607 0.809066 1 1 1.000000
Silica_def_body.png
0 -0.071426 -0.063417 1.113184 -0.842048 -0.538017 -0.038647 0.586971 0.809066 1 1 1.000000
0 -0.088920 -0.009163 1.123426 -0.974201 -0.209275 -0.084483 0.718607 0.809066 1 1 1.000000
0 -0.070096 -0.057093 1.076454 -0.879164 -0.454949 -0.141743 0.570516 0.719351 1 1 1.000000
Silica_def_body.png
0 -0.070096 -0.057093 1.076454 -0.879164 -0.454949 -0.141743 0.570516 0.719351 1 1 1.000000
0 -0.047791 -0.080232 1.085054 -0.532953 -0.826117 -0.183005 0.488243 0.750556 1 1 1.000000
0 -0.071426 -0.063417 1.113184 -0.842048 -0.538017 -0.038647 0.586971 0.809066 1 1 1.000000
Silica_def_body.png
0 -0.045449 -0.087356 1.111759 -0.438777 -0.891026 0.116398 0.480016 0.812967 1 1 1.000000
0 -0.071426 -0.063417 1.113184 -0.842048 -0.538017 -0.038647 0.586971 0.809066 1 1 1.000000
0 -0.047791 -0.080232 1.085054 -0.532953 -0.826117 -0.183005 0.488243 0.750556 1 1 1.000000
Silica_def_body.png
0 -0.047791 -0.080232 1.085054 -0.532953 -0.826117 -0.183005 0.488243 0.750556 1 1 1.000000
0 -0.000003 -0.098589 1.103019 -0.000008 -0.998124 -0.061224 0.389515 0.789563 1 1 1.000000
0 -0.045449 -0.087356 1.111759 -0.438777 -0.891026 0.116398 0.480016 0.812967 1 1 1.000000
Silica_def_body.png
0 -0.000003 -0.085803 1.136231 0.000064 -0.883587 0.468267 0.389515 0.871477 1 1 1.000000
0 -0.045449 -0.087356 1.111759 -0.438777 -0.891026 0.116398 0.480016 0.812967 1 1 1.000000
0 -0.000003 -0.098589 1.103019 -0.000008 -0.998124 -0.061224 0.389515 0.789563 1 1 1.000000
Silica_def_body.png
0 -0.000003 -0.098589 1.103019 -0.000008 -0.998124 -0.061224 0.389515 0.789563 1 1 1.000000
0 0.045446 -0.087356 1.111759 0.438770 -0.891029 0.116393 0.480016 0.812967 1 1 1.000000
0 -0.000003 -0.085803 1.136231 0.000064 -0.883587 0.468267 0.389515 0.871477 1 1 1.000000
Silica_def_body.png
0 0.069021 -0.064754 1.136115 0.645947 -0.689970 0.326639 0.554061 0.863675 1 1 1.000000
0 -0.000003 -0.085803 1.136231 0.000064 -0.883587 0.468267 0.389515 0.871477 1 1 1.000000
0 0.045446 -0.087356 1.111759 0.438770 -0.891029 0.116393 0.480016 0.812967 1 1 1.000000
Silica_def_body.png
0 0.045446 -0.087356 1.111759 0.438770 -0.891029 0.116393 0.480016 0.812967 1 1 1.000000
0 0.071423 -0.063417 1.113184 0.842049 -0.538014 -0.038658 0.586971 0.809066 1 1 1.000000
0 0.069021 -0.064754 1.136115 0.645947 -0.689970 0.326639 0.554061 0.863675 1 1 1.000000
Silica_def_body.png
0 0.083091 -0.025232 1.137329 0.953321 -0.275277 0.124105 0.702153 0.863675 1 1 1.000000
0 0.069021 -0.064754 1.136115 0.645947 -0.689970 0.326639 0.554061 0.863675 1 1 1.000000
0 0.071423 -0.063417 1.113184 0.842049 -0.538014 -0.038658 0.586971 0.809066 1 1 1.000000
Silica_def_body.png
0 0.071423 -0.063417 1.113184 0.842049 -0.538014 -0.038658 0.586971 0.809066 1 1 1.000000
0 0.088916 -0.009163 1.123426 0.974198 -0.209281 -0.084502 0.718607 0.809066 1 1 1.000000
0 0.083091 -0.025232 1.137329 0.953321 -0.275277 0.124105 0.702153 0.863675 1 1 1.000000
Silica_def_body.png
0 0.091158 0.009093 1.130861 0.991556 -0.104664 -0.076562 0.735062 0.859775 1 1 1.000000
0 0.083091 -0.025232 1.137329 0.953321 -0.275277 0.124105 0.702153 0.863675 1 1 1.000000
0 0.088916 -0.009163 1.123426 0.974198 -0.209281 -0.084502 0.718607 0.809066 1 1 1.000000
Silica_def_body.png
0 0.088916 -0.009163 1.123426 0.974198 -0.209281 -0.084502 0.718607 0.809066 1 1 1.000000
0 0.086268 0.026798 1.113136 0.944504 0.081110 -0.318328 0.784426 0.793463 1 1 1.000000
0 0.091158 0.009093 1.130861 0.991556 -0.104664 -0.076562 0.735062 0.859775 1 1 1.000000
Silica_def_body.png
0 0.087126 0.056053 1.126273 0.869742 0.326915 -0.369698 0.800880 0.844172 1 1 1.000000
0 0.091158 0.009093 1.130861 0.991556 -0.104664 -0.076562 0.735062 0.859775 1 1 1.000000
0 0.086268 0.026798 1.113136 0.944504 0.081110 -0.318328 0.784426 0.793463 1 1 1.000000
Silica_def_body.png
0 0.086268 0.026798 1.113136 0.944504 0.081110 -0.318328 0.784426 0.793463 1 1 1.000000
0 0.080127 0.053015 1.112099 0.762259 0.481656 -0.432398 0.825562 0.785662 1 1 1.000000
0 0.087126 0.056053 1.126273 0.869742 0.326915 -0.369698 0.800880 0.844172 1 1 1.000000
Silica_def_body.png
0 0.060281 0.078930 1.119624 0.463514 0.800919 -0.379055 0.874926 0.828569 1 1 1.000000
0 0.087126 0.056053 1.126273 0.869742 0.326915 -0.369698 0.800880 0.844172 1 1 1.000000
0 0.080127 0.053015 1.112099 0.762259 0.481656 -0.432398 0.825562 0.785662 1 1 1.000000
Silica_def_body.png
0 0.080127 0.053015 1.112099 0.762259 0.481656 -0.432398 0.825562 0.785662 1 1 1.000000
0 0.067127 0.052179 1.086187 0.763813 0.550515 -0.336932 0.842017 0.692046 1 1 1.000000
0 0.060281 0.078930 1.119624 0.463514 0.800919 -0.379055 0.874926 0.828569 1 1 1.000000
Silica_def_body.png
0 0.039077 0.066749 1.067213 0.410612 0.858251 -0.307902 0.907835 0.645238 1 1 1.000000
0 0.060281 0.078930 1.119624 0.463514 0.800919 -0.379055 0.874926 0.828569 1 1 1.000000
0 0.067127 0.052179 1.086187 0.763813 0.550515 -0.336932 0.842017 0.692046 1 1 1.000000
Silica_def_body.png
0 0.067127 0.052179 1.086187 0.763813 0.550515 -0.336932 0.842017 0.692046 1 1 1.000000
0 0.066690 0.047424 1.049164 0.780901 0.596942 0.183995 0.825562 0.617934 1 1 1.000000
0 0.039077 0.066749 1.067213 0.410612 0.858251 -0.307902 0.907835 0.645238 1 1 1.000000
Silica_def_body.png
0 0.068876 0.048140 1.036116 0.542376 0.835305 -0.089972 0.825562 0.586728 1 1 1.000000
0 0.039077 0.066749 1.067213 0.410612 0.858251 -0.307902 0.907835 0.645238 1 1 1.000000
0 0.066690 0.047424 1.049164 0.780901 0.596942 0.183995 0.825562 0.617934 1 1 1.000000
Silica_def_body.png
0 0.066690 0.047424 1.049164 0.780901 0.596942 0.183995 0.825562 0.617934 1 1 1.000000
0 0.095446 0.002646 1.057236 0.878227 0.040695 0.476509 0.726835 0.641338 1 1 1.000000
0 0.068876 0.048140 1.036116 0.542376 0.835305 -0.089972 0.825562 0.586728 1 1 1.000000
Silica_def_body.png
0 -0.068610 -0.047843 1.048915 -0.845189 -0.534222 0.016184 0.578743 0.660841 1 1 1.000000
0 -0.067903 -0.045297 1.031393 -0.814720 -0.568247 -0.115442 0.578743 0.617934 1 1 1.000000
0 -0.049187 -0.067738 1.042696 -0.632475 -0.755221 -0.172097 0.521152 0.653040 1 1 1.000000
Silica_def_body.png
0 -0.049187 -0.067738 1.042696 -0.632475 -0.755221 -0.172097 0.521152 0.653040 1 1 1.000000
0 -0.070096 -0.057093 1.076454 -0.879164 -0.454949 -0.141743 0.570516 0.719351 1 1 1.000000
0 -0.068610 -0.047843 1.048915 -0.845189 -0.534222 0.016184 0.578743 0.660841 1 1 1.000000
Silica_def_body.png
0 -0.084793 0.001183 1.065208 -0.936444 -0.018679 0.350319 0.726835 0.680344 1 1 1.000000
0 -0.068610 -0.047843 1.048915 -0.845189 -0.534222 0.016184 0.578743 0.660841 1 1 1.000000
0 -0.070096 -0.057093 1.076454 -0.879164 -0.454949 -0.141743 0.570516 0.719351 1 1 1.000000
Silica_def_body.png
0 -0.070096 -0.057093 1.076454 -0.879164 -0.454949 -0.141743 0.570516 0.719351 1 1 1.000000
0 -0.083356 -0.001581 1.084586 -0.988060 0.048642 -0.146192 0.726835 0.711550 1 1 1.000000
0 -0.084793 0.001183 1.065208 -0.936444 -0.018679 0.350319 0.726835 0.680344 1 1 1.000000
Silica_def_body.png
0 -0.066693 0.047424 1.049164 -0.780899 0.596955 0.183960 0.825562 0.617934 1 1 1.000000
0 -0.084793 0.001183 1.065208 -0.936444 -0.018679 0.350319 0.726835 0.680344 1 1 1.000000
0 -0.083356 -0.001581 1.084586 -0.988060 0.048642 -0.146192 0.726835 0.711550 1 1 1.000000
Silica_def_body.png
0 -0.083356 -0.001581 1.084586 -0.988060 0.048642 -0.146192 0.726835 0.711550 1 1 1.000000
0 -0.067130 0.052179 1.086187 -0.763811 0.550512 -0.336940 0.842017 0.692046 1 1 1.000000
0 -0.066693 0.047424 1.049164 -0.780899 0.596955 0.183960 0.825562 0.617934 1 1 1.000000
Silica_def_body.png
0 -0.039080 0.066749 1.067213 -0.410607 0.858249 -0.307914 0.907835 0.645238 1 1 1.000000
0 -0.066693 0.047424 1.049164 -0.780899 0.596955 0.183960 0.825562 0.617934 1 1 1.000000
0 -0.067130 0.052179 1.086187 -0.763811 0.550512 -0.336940 0.842017 0.692046 1 1 1.000000
Silica_def_body.png
0 -0.067130 0.052179 1.086187 -0.763811 0.550512 -0.336940 0.842017 0.692046 1 1 1.000000
0 -0.060284 0.078930 1.119624 -0.463510 0.800835 -0.379237 0.874926 0.828569 1 1 1.000000
0 -0.039080 0.066749 1.067213 -0.410607 0.858249 -0.307914 0.907835 0.645238 1 1 1.000000
Silica_def_body.png
0 -0.000003 0.075765 1.057920 -0.000023 0.884286 -0.466947 0.990108 0.598430 1 1 1.000000
0 -0.039080 0.066749 1.067213 -0.410607 0.858249 -0.307914 0.907835 0.645238 1 1 1.000000
0 -0.060284 0.078930 1.119624 -0.463510 0.800835 -0.379237 0.874926 0.828569 1 1 1.000000
Silica_def_body.png
0 -0.060284 0.078930 1.119624 -0.463510 0.800835 -0.379237 0.874926 0.828569 1 1 1.000000
0 -0.000045 0.098580 1.166266 -0.000030 0.965281 -0.261214 0.990108 0.980695 1 1 1.000000
0 -0.000003 0.075765 1.057920 -0.000023 0.884286 -0.466947 0.990108 0.598430 1 1 1.000000
Silica_def_body.png
0 0.060281 0.078930 1.119624 0.463514 0.800919 -0.379055 0.874926 0.828569 1 1 1.000000
0 -0.000003 0.075765 1.057920 -0.000023 0.884286 -0.466947 0.990108 0.598430 1 1 1.000000
0 -0.000045 0.098580 1.166266 -0.000030 0.965281 -0.261214 0.990108 0.980695 1 1 1.000000
Silica_def_body.png
0 -0.000045 0.098580 1.166266 -0.000030 0.965281 -0.261214 0.990108 0.980695 1 1 1.000000
0 0.079599 0.092045 1.163180 0.590359 0.629796 -0.504810 0.817335 0.957291 1 1 1.000000
0 0.060281 0.078930 1.119624 0.463514 0.800919 -0.379055 0.874926 0.828569 1 1 1.000000
Silica_def_body.png
0 0.087126 0.056053 1.126273 0.869742 0.326915 -0.369698 0.800880 0.844172 1 1 1.000000
0 0.060281 0.078930 1.119624 0.463514 0.800919 -0.379055 0.874926 0.828569 1 1 1.000000
0 0.079599 0.092045 1.163180 0.590359 0.629796 -0.504810 0.817335 0.957291 1 1 1.000000
Silica_def_body.png
0 0.079599 0.092045 1.163180 0.590359 0.629796 -0.504810 0.817335 0.957291 1 1 1.000000
0 0.098892 0.035706 1.152820 0.757209 -0.058046 -0.650588 0.718607 0.883179 1 1 1.000000
0 0.087126 0.056053 1.126273 0.869742 0.326915 -0.369698 0.800880 0.844172 1 1 1.000000
Silica_def_body.png
0 0.091158 0.009093 1.130861 0.991556 -0.104664 -0.076562 0.735062 0.859775 1 1 1.000000
0 0.087126 0.056053 1.126273 0.869742 0.326915 -0.369698 0.800880 0.844172 1 1 1.000000
0 0.098892 0.035706 1.152820 0.757209 -0.058046 -0.650588 0.718607 0.883179 1 1 1.000000
Silica_def_body.png
0 0.098892 0.035706 1.152820 0.757209 -0.058046 -0.650588 0.718607 0.883179 1 1 1.000000
0 0.074792 -0.031996 1.175115 0.927398 -0.344673 -0.145373 0.784426 0.887079 1 1 1.000000
0 0.091158 0.009093 1.130861 0.991556 -0.104664 -0.076562 0.735062 0.859775 1 1 1.000000
Silica_def_body.png
0 0.083091 -0.025232 1.137329 0.953321 -0.275277 0.124105 0.702153 0.863675 1 1 1.000000
0 0.091158 0.009093 1.130861 0.991556 -0.104664 -0.076562 0.735062 0.859775 1 1 1.000000
0 0.074792 -0.031996 1.175115 0.927398 -0.344673 -0.145373 0.784426 0.887079 1 1 1.000000
Silica_def_body.png
0 -0.063674 0.038261 1.274445 -0.918290 0.389290 -0.072082 0.282560 0.719351 1 1 1.000000
0 -0.061988 -0.003973 1.289885 -0.977304 -0.106056 -0.183383 0.373061 0.805165 1 1 1.000000
0 -0.068089 0.038261 1.297797 -0.891484 0.420533 -0.168547 0.373061 0.719351 1 1 1.000000
Silica_def_body.png
0 -0.068089 0.038261 1.297797 -0.891484 0.420533 -0.168547 0.373061 0.719351 1 1 1.000000
0 -0.000087 0.084367 1.304024 0.000004 0.998526 0.054282 0.373061 0.578927 1 1 1.000000
0 -0.063674 0.038261 1.274445 -0.918290 0.389290 -0.072082 0.282560 0.719351 1 1 1.000000
Silica_def_body.png
0 -0.000087 0.089989 1.281821 0.000083 0.984598 -0.174836 0.282560 0.578927 1 1 1.000000
0 -0.063674 0.038261 1.274445 -0.918290 0.389290 -0.072082 0.282560 0.719351 1 1 1.000000
0 -0.000087 0.084367 1.304024 0.000004 0.998526 0.054282 0.373061 0.578927 1 1 1.000000
Silica_def_body.png
0 -0.000087 0.084367 1.304024 0.000004 0.998526 0.054282 0.373061 0.578927 1 1 1.000000
0 0.063499 0.038261 1.274445 0.918294 0.389285 -0.072068 0.282560 0.719351 1 1 1.000000
0 -0.000087 0.089989 1.281821 0.000083 0.984598 -0.174836 0.282560 0.578927 1 1 1.000000
Silica_def_body.png
0 0.061349 0.040621 1.253399 0.857053 0.365385 -0.363254 0.216742 0.746655 1 1 1.000000
0 -0.000087 0.089989 1.281821 0.000083 0.984598 -0.174836 0.282560 0.578927 1 1 1.000000
0 0.063499 0.038261 1.274445 0.918294 0.389285 -0.072068 0.282560 0.719351 1 1 1.000000
Silica_def_body.png
0 0.063499 0.038261 1.274445 0.918294 0.389285 -0.072068 0.282560 0.719351 1 1 1.000000
0 0.056958 -0.003973 1.263814 0.902709 -0.349543 -0.250873 0.282560 0.805165 1 1 1.000000
0 0.061349 0.040621 1.253399 0.857053 0.365385 -0.363254 0.216742 0.746655 1 1 1.000000
Silica_def_body.png
0 0.047083 0.000410 1.244098 0.837284 -0.345548 -0.423737 0.200287 0.836371 1 1 1.000000
0 0.061349 0.040621 1.253399 0.857053 0.365385 -0.363254 0.216742 0.746655 1 1 1.000000
0 0.056958 -0.003973 1.263814 0.902709 -0.349543 -0.250873 0.282560 0.805165 1 1 1.000000
Silica_def_body.png
0 0.056958 -0.003973 1.263814 0.902709 -0.349543 -0.250873 0.282560 0.805165 1 1 1.000000
0 0.027837 -0.044047 1.251248 0.748300 -0.638123 -0.181236 0.282560 0.910483 1 1 1.000000
0 0.047083 0.000410 1.244098 0.837284 -0.345548 -0.423737 0.200287 0.836371 1 1 1.000000
Silica_def_body.png
0 0.032195 -0.019720 1.230093 0.854739 -0.419246 -0.306029 0.167378 0.910483 1 1 1.000000
0 0.047083 0.000410 1.244098 0.837284 -0.345548 -0.423737 0.200287 0.836371 1 1 1.000000
0 0.027837 -0.044047 1.251248 0.748300 -0.638123 -0.181236 0.282560 0.910483 1 1 1.000000
Silica_def_body.png
0 0.064315 0.008095 1.227326 0.498120 -0.644641 0.579925 0.076878 0.376092 1 1 1.000000
0 0.028293 -0.027195 1.220256 0.580489 -0.681736 0.445273 0.159151 0.465808 1 1 1.000000
0 0.050151 -0.040368 1.187580 0.419356 -0.692538 0.586968 0.076878 0.465808 1 1 1.000000
Silica_def_body.png
0 0.050151 -0.040368 1.187580 0.419356 -0.692538 0.586968 0.076878 0.465808 1 1 1.000000
0 0.088169 0.008095 1.222074 0.299622 -0.604264 0.738303 0.002832 0.352688 1 1 1.000000
0 0.064315 0.008095 1.227326 0.498120 -0.644641 0.579925 0.076878 0.376092 1 1 1.000000
Silica_def_body.png
0 0.071332 0.042981 1.247825 0.379256 -0.059392 0.923384 0.076878 0.305880 1 1 1.000000
0 0.064315 0.008095 1.227326 0.498120 -0.644641 0.579925 0.076878 0.376092 1 1 1.000000
0 0.088169 0.008095 1.222074 0.299622 -0.604264 0.738303 0.002832 0.352688 1 1 1.000000
Silica_def_body.png
0 0.088169 0.008095 1.222074 0.299622 -0.604264 0.738303 0.002832 0.352688 1 1 1.000000
0 0.093162 0.042981 1.239060 0.392373 0.019526 0.919599 0.002832 0.298079 1 1 1.000000
0 0.071332 0.042981 1.247825 0.379256 -0.059392 0.923384 0.076878 0.305880 1 1 1.000000
Silica_def_body.png
0 0.064995 0.085607 1.239228 0.216458 0.685624 0.695029 0.076878 0.227867 1 1 1.000000
0 0.071332 0.042981 1.247825 0.379256 -0.059392 0.923384 0.076878 0.305880 1 1 1.000000
0 0.093162 0.042981 1.239060 0.392373 0.019526 0.919599 0.002832 0.298079 1 1 1.000000
Silica_def_body.png
0 0.093162 0.042981 1.239060 0.392373 0.019526 0.919599 0.002832 0.298079 1 1 1.000000
0 0.092299 0.085157 1.226350 0.254968 0.802667 0.539181 0.002832 0.196662 1 1 1.000000
0 0.064995 0.085607 1.239228 0.216458 0.685624 0.695029 0.076878 0.227867 1 1 1.000000
Silica_def_body.png
0 0.059458 0.094737 1.210643 0.091704 0.984868 0.147057 0.076878 0.126450 1 1 1.000000
0 0.064995 0.085607 1.239228 0.216458 0.685624 0.695029 0.076878 0.227867 1 1 1.000000
0 0.092299 0.085157 1.226350 0.254968 0.802667 0.539181 0.002832 0.196662 1 1 1.000000
Silica_def_body.png
0 0.092299 0.085157 1.226350 0.254968 0.802667 0.539181 0.002832 0.196662 1 1 1.000000
0 0.088958 0.091730 1.207661 0.115204 0.982042 0.149405 0.002832 0.126450 1 1 1.000000
0 0.059458 0.094737 1.210643 0.091704 0.984868 0.147057 0.076878 0.126450 1 1 1.000000
Silica_def_body.png
0 0.079599 0.092045 1.163180 0.090455 0.995736 -0.018091 0.011059 0.005529 1 1 1.000000
0 0.059458 0.094737 1.210643 0.091704 0.984868 0.147057 0.076878 0.126450 1 1 1.000000
0 0.088958 0.091730 1.207661 0.115204 0.982042 0.149405 0.002832 0.126450 1 1 1.000000
Silica_def_body.png
0 -0.059633 0.094737 1.210643 -0.093449 0.984405 0.149046 0.076878 0.126450 1 1 1.000000
0 -0.079689 0.092045 1.163180 -0.090594 0.995722 -0.018194 0.011059 0.005529 1 1 1.000000
0 -0.089047 0.091730 1.207661 -0.116131 0.980837 0.156438 0.002832 0.126450 1 1 1.000000
Silica_def_body.png
0 -0.089047 0.091730 1.207661 -0.116131 0.980837 0.156438 0.002832 0.126450 1 1 1.000000
0 -0.092387 0.085157 1.225455 -0.265593 0.801907 0.535169 0.002832 0.196662 1 1 1.000000
0 -0.059633 0.094737 1.210643 -0.093449 0.984405 0.149046 0.076878 0.126450 1 1 1.000000
Silica_def_body.png
0 -0.065170 0.085607 1.239228 -0.222448 0.687668 0.691107 0.076878 0.227867 1 1 1.000000
0 -0.059633 0.094737 1.210643 -0.093449 0.984405 0.149046 0.076878 0.126450 1 1 1.000000
0 -0.092387 0.085157 1.225455 -0.265593 0.801907 0.535169 0.002832 0.196662 1 1 1.000000
Silica_def_body.png
0 -0.092387 0.085157 1.225455 -0.265593 0.801907 0.535169 0.002832 0.196662 1 1 1.000000
0 -0.093251 0.042981 1.239060 -0.401794 0.024532 0.915401 0.002832 0.298079 1 1 1.000000
0 -0.065170 0.085607 1.239228 -0.222448 0.687668 0.691107 0.076878 0.227867 1 1 1.000000
Silica_def_body.png
0 -0.071506 0.042981 1.247825 -0.379621 -0.059407 0.923233 0.076878 0.305880 1 1 1.000000
0 -0.065170 0.085607 1.239228 -0.222448 0.687668 0.691107 0.076878 0.227867 1 1 1.000000
0 -0.093251 0.042981 1.239060 -0.401794 0.024532 0.915401 0.002832 0.298079 1 1 1.000000
Silica_def_body.png
0 -0.093251 0.042981 1.239060 -0.401794 0.024532 0.915401 0.002832 0.298079 1 1 1.000000
0 -0.088258 0.008095 1.222074 -0.300188 -0.604290 0.738052 0.002832 0.352688 1 1 1.000000
0 -0.071506 0.042981 1.247825 -0.379621 -0.059407 0.923233 0.076878 0.305880 1 1 1.000000
Silica_def_body.png
0 -0.064489 0.008095 1.227326 -0.497858 -0.645059 0.579686 0.076878 0.376092 1 1 1.000000
0 -0.071506 0.042981 1.247825 -0.379621 -0.059407 0.923233 0.076878 0.305880 1 1 1.000000
0 -0.088258 0.008095 1.222074 -0.300188 -0.604290 0.738052 0.002832 0.352688 1 1 1.000000
Silica_def_body.png
0 -0.088258 0.008095 1.222074 -0.300188 -0.604290 0.738052 0.002832 0.352688 1 1 1.000000
0 -0.050239 -0.040368 1.187580 -0.419303 -0.692697 0.586818 0.076878 0.465808 1 1 1.000000
0 -0.064489 0.008095 1.227326 -0.497858 -0.645059 0.579686 0.076878 0.376092 1 1 1.000000
Silica_def_body.png
0 -0.028381 -0.027195 1.220256 -0.579578 -0.682288 0.445614 0.159151 0.465808 1 1 1.000000
0 -0.064489 0.008095 1.227326 -0.497858 -0.645059 0.579686 0.076878 0.376092 1 1 1.000000
0 -0.050239 -0.040368 1.187580 -0.419303 -0.692697 0.586818 0.076878 0.465808 1 1 1.000000
Silica_def_body.png
0 -0.000003 -0.098589 1.103019 -0.000008 -0.998124 -0.061224 0.389515 0.789563 1 1 1.000000
0 -0.029274 -0.077689 1.032789 -0.337999 -0.930925 -0.138331 0.463561 0.641338 1 1 1.000000
0 -0.000003 -0.083137 1.031179 -0.000011 -0.992500 -0.122244 0.389515 0.641338 1 1 1.000000
Silica_def_body.png
0 -0.000003 -0.083137 1.031179 -0.000011 -0.992500 -0.122244 0.389515 0.641338 1 1 1.000000
0 0.029271 -0.077689 1.032788 0.337991 -0.930928 -0.138332 0.463561 0.641338 1 1 1.000000
0 -0.000003 -0.098589 1.103019 -0.000008 -0.998124 -0.061224 0.389515 0.789563 1 1 1.000000
Silica_def_body.png
0 0.047787 -0.080232 1.085054 0.532945 -0.826122 -0.183005 0.488243 0.750556 1 1 1.000000
0 -0.000003 -0.098589 1.103019 -0.000008 -0.998124 -0.061224 0.389515 0.789563 1 1 1.000000
0 0.029271 -0.077689 1.032788 0.337991 -0.930928 -0.138332 0.463561 0.641338 1 1 1.000000
Silica_def_body.png
0 0.029271 -0.077689 1.032788 0.337991 -0.930928 -0.138332 0.463561 0.641338 1 1 1.000000
0 0.049184 -0.067738 1.042696 0.632458 -0.755233 -0.172102 0.521152 0.653040 1 1 1.000000
0 0.047787 -0.080232 1.085054 0.532945 -0.826122 -0.183005 0.488243 0.750556 1 1 1.000000
Silica_def_body.png
0 0.070093 -0.057093 1.076454 0.879162 -0.454960 -0.141723 0.570516 0.719351 1 1 1.000000
0 0.047787 -0.080232 1.085054 0.532945 -0.826122 -0.183005 0.488243 0.750556 1 1 1.000000
0 0.049184 -0.067738 1.042696 0.632458 -0.755233 -0.172102 0.521152 0.653040 1 1 1.000000
Silica_def_body.png
0 0.049184 -0.067738 1.042696 0.632458 -0.755233 -0.172102 0.521152 0.653040 1 1 1.000000
0 0.068609 -0.047843 1.048915 0.845191 -0.534220 0.016165 0.578743 0.660841 1 1 1.000000
0 0.070093 -0.057093 1.076454 0.879162 -0.454960 -0.141723 0.570516 0.719351 1 1 1.000000
Silica_def_body.png
0 0.084790 0.001183 1.065208 0.936444 -0.018671 0.350319 0.726835 0.680344 1 1 1.000000
0 0.070093 -0.057093 1.076454 0.879162 -0.454960 -0.141723 0.570516 0.719351 1 1 1.000000
0 0.068609 -0.047843 1.048915 0.845191 -0.534220 0.016165 0.578743 0.660841 1 1 1.000000
Silica_def_body.png
0 0.068609 -0.047843 1.048915 0.845191 -0.534220 0.016165 0.578743 0.660841 1 1 1.000000
0 0.095446 0.002646 1.057236 0.878227 0.040695 0.476509 0.726835 0.641338 1 1 1.000000
0 0.084790 0.001183 1.065208 0.936444 -0.018671 0.350319 0.726835 0.680344 1 1 1.000000
Silica_def_body.png
0 0.066690 0.047424 1.049164 0.780901 0.596942 0.183995 0.825562 0.617934 1 1 1.000000
0 0.084790 0.001183 1.065208 0.936444 -0.018671 0.350319 0.726835 0.680344 1 1 1.000000
0 0.095446 0.002646 1.057236 0.878227 0.040695 0.476509 0.726835 0.641338 1 1 1.000000
Silica_def_body.png
0 -0.087128 0.056053 1.126273 -0.869720 0.326610 -0.370017 0.800880 0.844172 1 1 1.000000
0 -0.087128 0.056053 1.126273 -0.869720 0.326610 -0.370017 0.800880 0.844172 1 1 1.000000
0 -0.080131 0.053015 1.112099 -0.762277 0.481654 -0.432368 0.825562 0.785662 1 1 1.000000
Silica_def_body.png
0 -0.080131 0.053015 1.112099 -0.762277 0.481654 -0.432368 0.825562 0.785662 1 1 1.000000
0 -0.086271 0.026798 1.113136 -0.944521 0.081124 -0.318274 0.784426 0.793463 1 1 1.000000
0 -0.087128 0.056053 1.126273 -0.869720 0.326610 -0.370017 0.800880 0.844172 1 1 1.000000
Silica_def_body.png
0 -0.091161 0.009093 1.130861 -0.991522 -0.104591 -0.077098 0.735062 0.859775 1 1 1.000000
0 -0.087128 0.056053 1.126273 -0.869720 0.326610 -0.370017 0.800880 0.844172 1 1 1.000000
0 -0.086271 0.026798 1.113136 -0.944521 0.081124 -0.318274 0.784426 0.793463 1 1 1.000000
Silica_def_body.png
0 -0.086271 0.026798 1.113136 -0.944521 0.081124 -0.318274 0.784426 0.793463 1 1 1.000000
0 -0.088920 -0.009163 1.123426 -0.974201 -0.209275 -0.084483 0.718607 0.809066 1 1 1.000000
0 -0.091161 0.009093 1.130861 -0.991522 -0.104591 -0.077098 0.735062 0.859775 1 1 1.000000
Silica_def_body.png
0 -0.083094 -0.025232 1.137329 -0.953401 -0.275374 0.123266 0.702153 0.863675 1 1 1.000000
0 -0.091161 0.009093 1.130861 -0.991522 -0.104591 -0.077098 0.735062 0.859775 1 1 1.000000
0 -0.088920 -0.009163 1.123426 -0.974201 -0.209275 -0.084483 0.718607 0.809066 1 1 1.000000
Silica_def_body.png
0 -0.088920 -0.009163 1.123426 -0.974201 -0.209275 -0.084483 0.718607 0.809066 1 1 1.000000
0 -0.071426 -0.063417 1.113184 -0.842048 -0.538017 -0.038647 0.586971 0.809066 1 1 1.000000
0 -0.083094 -0.025232 1.137329 -0.953401 -0.275374 0.123266 0.702153 0.863675 1 1 1.000000
Silica_def_body.png
0 -0.069024 -0.064754 1.136115 -0.646161 -0.690080 0.325984 0.554061 0.863675 1 1 1.000000
0 -0.083094 -0.025232 1.137329 -0.953401 -0.275374 0.123266 0.702153 0.863675 1 1 1.000000
0 -0.071426 -0.063417 1.113184 -0.842048 -0.538017 -0.038647 0.586971 0.809066 1 1 1.000000
Silica_def_body.png
0 -0.071426 -0.063417 1.113184 -0.842048 -0.538017 -0.038647 0.586971 0.809066 1 1 1.000000
0 -0.045449 -0.087356 1.111759 -0.438777 -0.891026 0.116398 0.480016 0.812967 1 1 1.000000
0 -0.069024 -0.064754 1.136115 -0.646161 -0.690080 0.325984 0.554061 0.863675 1 1 1.000000
Silica_def_body.png
0 -0.000003 -0.085803 1.136231 0.000064 -0.883587 0.468267 0.389515 0.871477 1 1 1.000000
0 -0.069024 -0.064754 1.136115 -0.646161 -0.690080 0.325984 0.554061 0.863675 1 1 1.000000
0 -0.045449 -0.087356 1.111759 -0.438777 -0.891026 0.116398 0.480016 0.812967 1 1 1.000000
Silica_def_body.png
0 0.045446 -0.087356 1.111759 0.438770 -0.891029 0.116393 0.480016 0.812967 1 1 1.000000
0 0.045446 -0.087356 1.111759 0.438770 -0.891029 0.116393 0.480016 0.812967 1 1 1.000000
0 -0.000003 -0.098589 1.103019 -0.000008 -0.998124 -0.061224 0.389515 0.789563 1 1 1.000000
Silica_def_body.png
0 -0.000003 -0.098589 1.103019 -0.000008 -0.998124 -0.061224 0.389515 0.789563 1 1 1.000000
0 0.047787 -0.080232 1.085054 0.532945 -0.826122 -0.183005 0.488243 0.750556 1 1 1.000000
0 0.045446 -0.087356 1.111759 0.438770 -0.891029 0.116393 0.480016 0.812967 1 1 1.000000
Silica_def_body.png
0 0.071423 -0.063417 1.113184 0.842049 -0.538014 -0.038658 0.586971 0.809066 1 1 1.000000
0 0.045446 -0.087356 1.111759 0.438770 -0.891029 0.116393 0.480016 0.812967 1 1 1.000000
0 0.047787 -0.080232 1.085054 0.532945 -0.826122 -0.183005 0.488243 0.750556 1 1 1.000000
Silica_def_body.png
0 0.047787 -0.080232 1.085054 0.532945 -0.826122 -0.183005 0.488243 0.750556 1 1 1.000000
0 0.070093 -0.057093 1.076454 0.879162 -0.454960 -0.141723 0.570516 0.719351 1 1 1.000000
0 0.071423 -0.063417 1.113184 0.842049 -0.538014 -0.038658 0.586971 0.809066 1 1 1.000000
Silica_def_body.png
0 0.088916 -0.009163 1.123426 0.974198 -0.209281 -0.084502 0.718607 0.809066 1 1 1.000000
0 0.071423 -0.063417 1.113184 0.842049 -0.538014 -0.038658 0.586971 0.809066 1 1 1.000000
0 0.070093 -0.057093 1.076454 0.879162 -0.454960 -0.141723 0.570516 0.719351 1 1 1.000000
Silica_def_body.png
0 0.070093 -0.057093 1.076454 0.879162 -0.454960 -0.141723 0.570516 0.719351 1 1 1.000000
0 0.083353 -0.001581 1.084586 0.988061 0.048638 -0.146184 0.726835 0.711550 1 1 1.000000
0 0.088916 -0.009163 1.123426 0.974198 -0.209281 -0.084502 0.718607 0.809066 1 1 1.000000
Silica_def_body.png
0 0.095825 0.027272 1.114229 0.895082 0.167895 -0.413085 0.784426 0.793463 1 1 1.000000
0 0.088916 -0.009163 1.123426 0.974198 -0.209281 -0.084502 0.718607 0.809066 1 1 1.000000
0 0.083353 -0.001581 1.084586 0.988061 0.048638 -0.146184 0.726835 0.711550 1 1 1.000000
Silica_def_body.png
0 0.083353 -0.001581 1.084586 0.988061 0.048638 -0.146184 0.726835 0.711550 1 1 1.000000
0 0.067127 0.052179 1.086187 0.763813 0.550515 -0.336932 0.842017 0.692046 1 1 1.000000
0 0.095825 0.027272 1.114229 0.895082 0.167895 -0.413085 0.784426 0.793463 1 1 1.000000
Silica_def_body.png
0 0.080127 0.053015 1.112099 0.762259 0.481656 -0.432398 0.825562 0.785662 1 1 1.000000
0 0.095825 0.027272 1.114229 0.895082 0.167895 -0.413085 0.784426 0.793463 1 1 1.000000
0 0.067127 0.052179 1.086187 0.763813 0.550515 -0.336932 0.842017 0.692046 1 1 1.000000
Silica_def_body.png
0 -0.000003 0.075765 1.057920 -0.000023 0.884286 -0.466947 0.990108 0.598430 1 1 1.000000
0 0.040612 0.059183 1.055497 0.161225 0.780645 -0.603821 0.907835 0.614033 1 1 1.000000
0 -0.000002 0.060632 1.044842 -0.000002 0.653865 -0.756611 0.990108 0.567225 1 1 1.000000
Silica_def_body.png
0 -0.000002 0.060632 1.044842 -0.000002 0.653865 -0.756611 0.990108 0.567225 1 1 1.000000
0 -0.040616 0.059183 1.055497 -0.161230 0.780644 -0.603822 0.907835 0.614033 1 1 1.000000
0 -0.000003 0.075765 1.057920 -0.000023 0.884286 -0.466947 0.990108 0.598430 1 1 1.000000
Silica_def_body.png
0 -0.039080 0.066749 1.067213 -0.410607 0.858249 -0.307914 0.907835 0.645238 1 1 1.000000
0 -0.000003 0.075765 1.057920 -0.000023 0.884286 -0.466947 0.990108 0.598430 1 1 1.000000
0 -0.040616 0.059183 1.055497 -0.161230 0.780644 -0.603822 0.907835 0.614033 1 1 1.000000
Silica_def_body.png
0 -0.040616 0.059183 1.055497 -0.161230 0.780644 -0.603822 0.907835 0.614033 1 1 1.000000
0 -0.068877 0.048140 1.036116 -0.542356 0.835308 -0.090057 0.825562 0.586728 1 1 1.000000
0 -0.039080 0.066749 1.067213 -0.410607 0.858249 -0.307914 0.907835 0.645238 1 1 1.000000
Silica_def_body.png
0 -0.066693 0.047424 1.049164 -0.780899 0.596955 0.183960 0.825562 0.617934 1 1 1.000000
0 -0.039080 0.066749 1.067213 -0.410607 0.858249 -0.307914 0.907835 0.645238 1 1 1.000000
0 -0.068877 0.048140 1.036116 -0.542356 0.835308 -0.090057 0.825562 0.586728 1 1 1.000000
Silica_def_body.png
0 -0.068877 0.048140 1.036116 -0.542356 0.835308 -0.090057 0.825562 0.586728 1 1 1.000000
0 -0.095450 0.002646 1.057236 -0.878221 0.040673 0.476522 0.726835 0.641338 1 1 1.000000
0 -0.066693 0.047424 1.049164 -0.780899 0.596955 0.183960 0.825562 0.617934 1 1 1.000000
Silica_def_body.png
0 -0.084793 0.001183 1.065208 -0.936444 -0.018679 0.350319 0.726835 0.680344 1 1 1.000000
0 -0.066693 0.047424 1.049164 -0.780899 0.596955 0.183960 0.825562 0.617934 1 1 1.000000
0 -0.095450 0.002646 1.057236 -0.878221 0.040673 0.476522 0.726835 0.641338 1 1 1.000000
Silica_def_body.png
0 -0.095450 0.002646 1.057236 -0.878221 0.040673 0.476522 0.726835 0.641338 1 1 1.000000
0 -0.068610 -0.047843 1.048915 -0.845189 -0.534222 0.016184 0.578743 0.660841 1 1 1.000000
0 -0.084793 0.001183 1.065208 -0.936444 -0.018679 0.350319 0.726835 0.680344 1 1 1.000000
Silica_def_body.png
0 0.059458 0.094737 1.210643 0.091704 0.984868 0.147057 0.076878 0.126450 1 1 1.000000
0 0.079599 0.092045 1.163180 0.090455 0.995736 -0.018091 0.011059 0.005529 1 1 1.000000
0 -0.000045 0.098580 1.166266 0.000002 0.999996 0.002771 0.266106 0.005529 1 1 1.000000
Silica_def_body.png
0 -0.000045 0.098580 1.166266 0.000002 0.999996 0.002771 0.266106 0.005529 1 1 1.000000
0 -0.000087 0.097319 1.211583 0.000001 0.976901 0.213693 0.266106 0.126450 1 1 1.000000
0 0.059458 0.094737 1.210643 0.091704 0.984868 0.147057 0.076878 0.126450 1 1 1.000000
Silica_def_body.png
0 0.064995 0.085607 1.239228 0.216458 0.685624 0.695029 0.076878 0.227867 1 1 1.000000
0 0.059458 0.094737 1.210643 0.091704 0.984868 0.147057 0.076878 0.126450 1 1 1.000000
0 -0.000087 0.097319 1.211583 0.000001 0.976901 0.213693 0.266106 0.126450 1 1 1.000000
Silica_def_body.png
0 -0.000087 0.097319 1.211583 0.000001 0.976901 0.213693 0.266106 0.126450 1 1 1.000000
0 -0.000087 0.085580 1.247395 0.000051 0.551146 0.834409 0.266106 0.227867 1 1 1.000000
0 0.064995 0.085607 1.239228 0.216458 0.685624 0.695029 0.076878 0.227867 1 1 1.000000
Silica_def_body.png
0 0.071332 0.042981 1.247825 0.379256 -0.059392 0.923384 0.076878 0.305880 1 1 1.000000
0 0.064995 0.085607 1.239228 0.216458 0.685624 0.695029 0.076878 0.227867 1 1 1.000000
0 -0.000087 0.085580 1.247395 0.000051 0.551146 0.834409 0.266106 0.227867 1 1 1.000000
Silica_def_body.png
0 -0.000087 0.085580 1.247395 0.000051 0.551146 0.834409 0.266106 0.227867 1 1 1.000000
0 -0.000059 0.066303 1.253603 0.000106 0.484194 0.874961 0.266106 0.270774 1 1 1.000000
0 0.071332 0.042981 1.247825 0.379256 -0.059392 0.923384 0.076878 0.305880 1 1 1.000000
Silica_def_body.png
0 0.061349 0.040621 1.253399 0.454295 0.151651 0.877849 0.126242 0.317582 1 1 1.000000
0 0.071332 0.042981 1.247825 0.379256 -0.059392 0.923384 0.076878 0.305880 1 1 1.000000
0 -0.000059 0.066303 1.253603 0.000106 0.484194 0.874961 0.266106 0.270774 1 1 1.000000
Silica_def_body.png
0 -0.071506 0.042981 1.247825 -0.379621 -0.059407 0.923233 0.076878 0.305880 1 1 1.000000
0 -0.061523 0.040621 1.253399 -0.454254 0.151809 0.877843 0.126242 0.317582 1 1 1.000000
0 -0.000059 0.066303 1.253603 0.000106 0.484194 0.874961 0.266106 0.270774 1 1 1.000000
Silica_def_body.png
0 -0.000059 0.066303 1.253603 0.000106 0.484194 0.874961 0.266106 0.270774 1 1 1.000000
0 -0.000087 0.085580 1.247395 0.000051 0.551146 0.834409 0.266106 0.227867 1 1 1.000000
0 -0.071506 0.042981 1.247825 -0.379621 -0.059407 0.923233 0.076878 0.305880 1 1 1.000000
Silica_def_body.png
0 -0.065170 0.085607 1.239228 -0.222448 0.687668 0.691107 0.076878 0.227867 1 1 1.000000
0 -0.071506 0.042981 1.247825 -0.379621 -0.059407 0.923233 0.076878 0.305880 1 1 1.000000
0 -0.000087 0.085580 1.247395 0.000051 0.551146 0.834409 0.266106 0.227867 1 1 1.000000
Silica_def_body.png
0 -0.000087 0.085580 1.247395 0.000051 0.551146 0.834409 0.266106 0.227867 1 1 1.000000
0 -0.000087 0.097319 1.211583 0.000001 0.976901 0.213693 0.266106 0.126450 1 1 1.000000
0 -0.065170 0.085607 1.239228 -0.222448 0.687668 0.691107 0.076878 0.227867 1 1 1.000000
Silica_def_body.png
0 -0.059633 0.094737 1.210643 -0.093449 0.984405 0.149046 0.076878 0.126450 1 1 1.000000
0 -0.065170 0.085607 1.239228 -0.222448 0.687668 0.691107 0.076878 0.227867 1 1 1.000000
0 -0.000087 0.097319 1.211583 0.000001 0.976901 0.213693 0.266106 0.126450 1 1 1.000000
Silica_def_body.png
0 -0.000087 0.097319 1.211583 0.000001 0.976901 0.213693 0.266106 0.126450 1 1 1.000000
0 -0.000045 0.098580 1.166266 0.000002 0.999996 0.002771 0.266106 0.005529 1 1 1.000000
0 -0.059633 0.094737 1.210643 -0.093449 0.984405 0.149046 0.076878 0.126450 1 1 1.000000
Silica_def_body.png
0 -0.079689 0.092045 1.163180 -0.090594 0.995722 -0.018194 0.011059 0.005529 1 1 1.000000
0 -0.059633 0.094737 1.210643 -0.093449 0.984405 0.149046 0.076878 0.126450 1 1 1.000000
0 -0.000045 0.098580 1.166266 0.000002 0.999996 0.002771 0.266106 0.005529 1 1 1.000000
Silica_def_body.png
0 -0.028336 0.000292 1.245339 -0.450181 -0.499655 0.740056 0.109787 0.746655 1 1 1.000000
0 -0.069745 0.042981 1.244041 -0.554850 -0.102337 0.825632 0.208515 0.731053 1 1 1.000000
0 -0.063226 0.010101 1.225404 -0.533866 -0.468929 0.703629 0.183833 0.832470 1 1 1.000000
Silica_def_body.png
0 -0.063226 0.010101 1.225404 -0.533866 -0.468929 0.703629 0.183833 0.832470 1 1 1.000000
0 -0.032283 -0.019720 1.230093 -0.197086 -0.699374 0.687046 0.118014 0.840271 1 1 1.000000
0 -0.028336 0.000292 1.245339 -0.450181 -0.499655 0.740056 0.109787 0.746655 1 1 1.000000
Silica_def_body.png
0 -0.000002 -0.014174 1.242323 0.000100 -0.743590 0.668636 0.011059 0.754457 1 1 1.000000
0 -0.028336 0.000292 1.245339 -0.450181 -0.499655 0.740056 0.109787 0.746655 1 1 1.000000
0 -0.032283 -0.019720 1.230093 -0.197086 -0.699374 0.687046 0.118014 0.840271 1 1 1.000000
Silica_def_body.png
0 -0.032283 -0.019720 1.230093 -0.197086 -0.699374 0.687046 0.118014 0.840271 1 1 1.000000
0 -0.000002 -0.027992 1.218025 -0.000006 -0.814228 0.580545 0.011059 0.875377 1 1 1.000000
0 -0.000002 -0.014174 1.242323 0.000100 -0.743590 0.668636 0.011059 0.754457 1 1 1.000000
Silica_def_body.png
0 0.032195 -0.019720 1.230093 0.197116 -0.699809 0.686595 0.118014 0.840271 1 1 1.000000
0 -0.000002 -0.014174 1.242323 0.000100 -0.743590 0.668636 0.011059 0.754457 1 1 1.000000
0 -0.000002 -0.027992 1.218025 -0.000006 -0.814228 0.580545 0.011059 0.875377 1 1 1.000000
Silica_def_body.png
0 -0.000002 -0.027992 1.218025 -0.000006 -0.814228 0.580545 0.011059 0.875377 1 1 1.000000
0 0.028293 -0.027195 1.220256 0.104999 -0.814710 0.570283 0.109787 0.871477 1 1 1.000000
0 0.032195 -0.019720 1.230093 0.197116 -0.699809 0.686595 0.118014 0.840271 1 1 1.000000
Silica_def_body.png
0 -0.000087 -0.063862 1.277071 0.000005 -0.999797 -0.020159 0.373061 0.996298 1 1 1.000000
0 -0.028012 -0.044047 1.251248 -0.568371 -0.822605 -0.016581 0.282560 0.933887 1 1 1.000000
0 -0.000087 -0.063862 1.248379 0.000008 -1.000000 0.000000 0.282560 0.996298 1 1 1.000000
Silica_def_body.png
0 -0.000087 -0.063862 1.248379 0.000008 -1.000000 0.000000 0.282560 0.996298 1 1 1.000000
0 0.027837 -0.044047 1.251248 0.748300 -0.638123 -0.181236 0.282560 0.910483 1 1 1.000000
0 -0.000087 -0.063862 1.277071 0.000005 -0.999797 -0.020159 0.373061 0.996298 1 1 1.000000
Silica_def_body.png
0 0.029578 -0.044047 1.280522 0.730681 -0.678339 -0.077206 0.373061 0.910483 1 1 1.000000
0 -0.000087 -0.063862 1.277071 0.000005 -0.999797 -0.020159 0.373061 0.996298 1 1 1.000000
0 0.027837 -0.044047 1.251248 0.748300 -0.638123 -0.181236 0.282560 0.910483 1 1 1.000000
Silica_def_body.png
0 0.027837 -0.044047 1.251248 0.748300 -0.638123 -0.181236 0.282560 0.910483 1 1 1.000000
0 0.056958 -0.003973 1.263814 0.902709 -0.349543 -0.250873 0.282560 0.805165 1 1 1.000000
0 0.029578 -0.044047 1.280522 0.730681 -0.678339 -0.077206 0.373061 0.910483 1 1 1.000000
Silica_def_body.png
0 0.061813 -0.003973 1.289885 0.943830 -0.279206 -0.176717 0.373061 0.805165 1 1 1.000000
0 0.029578 -0.044047 1.280522 0.730681 -0.678339 -0.077206 0.373061 0.910483 1 1 1.000000
0 0.056958 -0.003973 1.263814 0.902709 -0.349543 -0.250873 0.282560 0.805165 1 1 1.000000
Silica_def_body.png
0 0.069021 -0.064754 1.136115 0.645947 -0.689970 0.326639 0.554061 0.863675 1 1 1.000000
0 0.083091 -0.025232 1.137329 0.953321 -0.275277 0.124105 0.702153 0.863675 1 1 1.000000
0 0.074792 -0.031996 1.175115 0.750390 -0.556621 0.356494 0.611652 0.957291 1 1 1.000000
Silica_def_body.png
0 0.074792 -0.031996 1.175115 0.750390 -0.556621 0.356494 0.611652 0.957291 1 1 1.000000
0 0.056878 -0.051034 1.165662 0.357305 -0.798915 0.483805 0.545834 0.929987 1 1 1.000000
0 0.069021 -0.064754 1.136115 0.645947 -0.689970 0.326639 0.554061 0.863675 1 1 1.000000
Silica_def_body.png
0 -0.000003 -0.085803 1.136231 0.000064 -0.883587 0.468267 0.389515 0.871477 1 1 1.000000
0 0.069021 -0.064754 1.136115 0.645947 -0.689970 0.326639 0.554061 0.863675 1 1 1.000000
0 0.056878 -0.051034 1.165662 0.357305 -0.798915 0.483805 0.545834 0.929987 1 1 1.000000
Silica_def_body.png
0 0.056878 -0.051034 1.165662 0.357305 -0.798915 0.483805 0.545834 0.929987 1 1 1.000000
0 0.035455 -0.050453 1.182994 0.297334 -0.831822 0.468684 0.496470 0.980695 1 1 1.000000
0 -0.000003 -0.085803 1.136231 0.000064 -0.883587 0.468267 0.389515 0.871477 1 1 1.000000
Silica_def_body.png
0 -0.000003 -0.055528 1.188483 -0.000008 -0.865255 0.501332 0.389515 0.996298 1 1 1.000000
0 -0.000003 -0.085803 1.136231 0.000064 -0.883587 0.468267 0.389515 0.871477 1 1 1.000000
0 0.035455 -0.050453 1.182994 0.297334 -0.831822 0.468684 0.496470 0.980695 1 1 1.000000
Silica_def_body.png
0 -0.047258 0.000410 1.244098 -0.817529 -0.417683 -0.396468 0.035741 0.559424 1 1 1.000000
0 -0.047258 0.000410 1.244098 -0.817529 -0.417683 -0.396468 0.035741 0.559424 1 1 1.000000
0 -0.032283 -0.019720 1.230093 -0.853357 -0.419261 -0.309841 0.109787 0.528218 1 1 1.000000
Silica_def_body.png
0 -0.032283 -0.019720 1.230093 -0.853357 -0.419261 -0.309841 0.109787 0.528218 1 1 1.000000
0 -0.028012 -0.044047 1.251248 -0.830398 -0.478880 -0.284805 0.109787 0.641338 1 1 1.000000
0 -0.047258 0.000410 1.244098 -0.817529 -0.417683 -0.396468 0.035741 0.559424 1 1 1.000000
Silica_def_body.png
0 -0.057133 -0.003973 1.263814 -0.809178 -0.540814 -0.229677 0.002832 0.653040 1 1 1.000000
0 -0.047258 0.000410 1.244098 -0.817529 -0.417683 -0.396468 0.035741 0.559424 1 1 1.000000
0 -0.028012 -0.044047 1.251248 -0.830398 -0.478880 -0.284805 0.109787 0.641338 1 1 1.000000
Silica_def_body.png
0 -0.028012 -0.044047 1.251248 -0.830398 -0.478880 -0.284805 0.109787 0.641338 1 1 1.000000
0 -0.029752 -0.044047 1.280522 -0.802291 -0.588891 -0.097658 0.109787 0.727152 1 1 1.000000
0 -0.057133 -0.003973 1.263814 -0.809178 -0.540814 -0.229677 0.002832 0.653040 1 1 1.000000
Silica_def_body.png
0 -0.061988 -0.003973 1.289885 -0.787218 -0.598996 -0.146597 0.002832 0.731053 1 1 1.000000
0 -0.057133 -0.003973 1.263814 -0.809178 -0.540814 -0.229677 0.002832 0.653040 1 1 1.000000
0 -0.029752 -0.044047 1.280522 -0.802291 -0.588891 -0.097658 0.109787 0.727152 1 1 1.000000
Silica_def_body.png
0 0.071332 0.042981 1.247825 0.379256 -0.059392 0.923384 0.076878 0.305880 1 1 1.000000
0 0.071332 0.042981 1.247825 0.379256 -0.059392 0.923384 0.076878 0.305880 1 1 1.000000
0 0.061349 0.040621 1.253399 0.454295 0.151651 0.877849 0.126242 0.317582 1 1 1.000000
Silica_def_body.png
0 0.061349 0.040621 1.253399 0.454295 0.151651 0.877849 0.126242 0.317582 1 1 1.000000
0 0.047083 0.000410 1.244098 0.642495 -0.521365 0.561585 0.142696 0.395596 1 1 1.000000
0 0.071332 0.042981 1.247825 0.379256 -0.059392 0.923384 0.076878 0.305880 1 1 1.000000
Silica_def_body.png
0 0.064315 0.008095 1.227326 0.498120 -0.644641 0.579925 0.076878 0.376092 1 1 1.000000
0 0.071332 0.042981 1.247825 0.379256 -0.059392 0.923384 0.076878 0.305880 1 1 1.000000
0 0.047083 0.000410 1.244098 0.642495 -0.521365 0.561585 0.142696 0.395596 1 1 1.000000
Silica_def_body.png
0 0.047083 0.000410 1.244098 0.642495 -0.521365 0.561585 0.142696 0.395596 1 1 1.000000
0 0.032195 -0.019720 1.230093 0.637688 -0.705659 0.308868 0.159151 0.465808 1 1 1.000000
0 0.064315 0.008095 1.227326 0.498120 -0.644641 0.579925 0.076878 0.376092 1 1 1.000000
Silica_def_body.png
0 0.028293 -0.027195 1.220256 0.580489 -0.681736 0.445273 0.159151 0.465808 1 1 1.000000
0 0.064315 0.008095 1.227326 0.498120 -0.644641 0.579925 0.076878 0.376092 1 1 1.000000
0 0.032195 -0.019720 1.230093 0.637688 -0.705659 0.308868 0.159151 0.465808 1 1 1.000000
Silica_def_body.png
0 -0.000087 0.089989 1.281821 0.000083 0.984598 -0.174836 0.282560 0.578927 1 1 1.000000
0 0.061349 0.040621 1.253399 0.857053 0.365385 -0.363254 0.216742 0.746655 1 1 1.000000
0 -0.000059 0.066303 1.253603 0.000191 0.765934 -0.642919 0.224969 0.578927 1 1 1.000000
Silica_def_body.png
0 -0.000059 0.066303 1.253603 0.000191 0.765934 -0.642919 0.224969 0.578927 1 1 1.000000
0 -0.061523 0.040621 1.253399 -0.856991 0.365355 -0.363430 0.216742 0.746655 1 1 1.000000
0 -0.000087 0.089989 1.281821 0.000083 0.984598 -0.174836 0.282560 0.578927 1 1 1.000000
Silica_def_body.png
0 -0.063674 0.038261 1.274445 -0.918290 0.389290 -0.072082 0.282560 0.719351 1 1 1.000000
0 -0.000087 0.089989 1.281821 0.000083 0.984598 -0.174836 0.282560 0.578927 1 1 1.000000
0 -0.061523 0.040621 1.253399 -0.856991 0.365355 -0.363430 0.216742 0.746655 1 1 1.000000
Silica_def_body.png
0 -0.061523 0.040621 1.253399 -0.856991 0.365355 -0.363430 0.216742 0.746655 1 1 1.000000
0 -0.057133 -0.003973 1.263814 -0.954714 -0.143618 -0.260565 0.282560 0.805165 1 1 1.000000
0 -0.063674 0.038261 1.274445 -0.918290 0.389290 -0.072082 0.282560 0.719351 1 1 1.000000
Silica_def_body.png
0 -0.064489 0.008095 1.227326 -0.497858 -0.645059 0.579686 0.076878 0.376092 1 1 1.000000
0 -0.028381 -0.027195 1.220256 -0.579578 -0.682288 0.445614 0.159151 0.465808 1 1 1.000000
0 -0.032283 -0.019720 1.230093 -0.636768 -0.706589 0.308640 0.159151 0.465808 1 1 1.000000
Silica_def_body.png
0 -0.032283 -0.019720 1.230093 -0.636768 -0.706589 0.308640 0.159151 0.465808 1 1 1.000000
0 -0.047258 0.000410 1.244098 -0.642381 -0.521896 0.561223 0.142696 0.395596 1 1 1.000000
0 -0.064489 0.008095 1.227326 -0.497858 -0.645059 0.579686 0.076878 0.376092 1 1 1.000000
Silica_def_body.png
0 -0.071506 0.042981 1.247825 -0.379621 -0.059407 0.923233 0.076878 0.305880 1 1 1.000000
0 -0.064489 0.008095 1.227326 -0.497858 -0.645059 0.579686 0.076878 0.376092 1 1 1.000000
0 -0.047258 0.000410 1.244098 -0.642381 -0.521896 0.561223 0.142696 0.395596 1 1 1.000000
Silica_def_body.png
0 -0.047258 0.000410 1.244098 -0.642381 -0.521896 0.561223 0.142696 0.395596 1 1 1.000000
0 -0.061523 0.040621 1.253399 -0.454254 0.151809 0.877843 0.126242 0.317582 1 1 1.000000
0 -0.071506 0.042981 1.247825 -0.379621 -0.059407 0.923233 0.076878 0.305880 1 1 1.000000
Silica_def_body.png
0 0.028333 0.000292 1.245339 0.450218 -0.500163 0.739690 0.109787 0.746655 1 1 1.000000
0 0.032195 -0.019720 1.230093 0.197116 -0.699809 0.686595 0.118014 0.840271 1 1 1.000000
0 0.063223 0.010101 1.225404 0.533811 -0.469710 0.703149 0.183833 0.832470 1 1 1.000000
Silica_def_body.png
0 0.063223 0.010101 1.225404 0.533811 -0.469710 0.703149 0.183833 0.832470 1 1 1.000000
0 0.069742 0.042981 1.244041 0.554851 -0.102111 0.825660 0.208515 0.731053 1 1 1.000000
0 0.028333 0.000292 1.245339 0.450218 -0.500163 0.739690 0.109787 0.746655 1 1 1.000000
Silica_def_body.png
0 0.039078 0.039895 1.263609 0.520653 0.152806 0.839983 0.175605 0.727152 1 1 1.000000
0 0.028333 0.000292 1.245339 0.450218 -0.500163 0.739690 0.109787 0.746655 1 1 1.000000
0 0.069742 0.042981 1.244041 0.554851 -0.102111 0.825660 0.208515 0.731053 1 1 1.000000
Silica_def_body.png
0 0.069742 0.042981 1.244041 0.554851 -0.102111 0.825660 0.208515 0.731053 1 1 1.000000
0 -0.000059 0.066303 1.253603 -0.000209 0.755093 0.655618 0.192060 0.664742 1 1 1.000000
0 0.039078 0.039895 1.263609 0.520653 0.152806 0.839983 0.175605 0.727152 1 1 1.000000
Silica_def_body.png
0 0.035455 -0.050453 1.182994 0.183218 -0.787741 0.588129 0.118014 0.988497 1 1 1.000000
0 0.050151 -0.040368 1.187580 0.353147 -0.761661 0.543287 0.167378 0.984596 1 1 1.000000
0 0.028293 -0.027195 1.220256 0.104999 -0.814710 0.570283 0.109787 0.871477 1 1 1.000000
Silica_def_body.png
0 0.028293 -0.027195 1.220256 0.104999 -0.814710 0.570283 0.109787 0.871477 1 1 1.000000
0 -0.000002 -0.027992 1.218025 -0.000006 -0.814228 0.580545 0.011059 0.875377 1 1 1.000000
0 0.035455 -0.050453 1.182994 0.183218 -0.787741 0.588129 0.118014 0.988497 1 1 1.000000
Silica_def_body.png
0 -0.000003 -0.055528 1.188483 -0.000009 -0.731506 0.681835 0.011059 0.996298 1 1 1.000000
0 0.035455 -0.050453 1.182994 0.183218 -0.787741 0.588129 0.118014 0.988497 1 1 1.000000
0 -0.000002 -0.027992 1.218025 -0.000006 -0.814228 0.580545 0.011059 0.875377 1 1 1.000000
Silica_def_body.png
0 -0.000002 -0.027992 1.218025 -0.000006 -0.814228 0.580545 0.011059 0.875377 1 1 1.000000
0 -0.035458 -0.050453 1.182994 -0.182800 -0.787980 0.587938 0.118014 0.988497 1 1 1.000000
0 -0.000003 -0.055528 1.188483 -0.000009 -0.731506 0.681835 0.011059 0.996298 1 1 1.000000
Silica_def_body.png
0 0.063499 0.038261 1.274445 0.918294 0.389285 -0.072068 0.282560 0.719351 1 1 1.000000
0 -0.000087 0.084367 1.304024 0.000004 0.998526 0.054282 0.373061 0.578927 1 1 1.000000
0 0.067914 0.038261 1.297797 0.891486 0.420530 -0.168548 0.373061 0.719351 1 1 1.000000
Silica_def_body.png
0 0.067914 0.038261 1.297797 0.891486 0.420530 -0.168548 0.373061 0.719351 1 1 1.000000
0 0.061813 -0.003973 1.289885 0.943830 -0.279206 -0.176717 0.373061 0.805165 1 1 1.000000
0 0.063499 0.038261 1.274445 0.918294 0.389285 -0.072068 0.282560 0.719351 1 1 1.000000
Silica_def_body.png
0 0.056958 -0.003973 1.263814 0.902709 -0.349543 -0.250873 0.282560 0.805165 1 1 1.000000
0 0.063499 0.038261 1.274445 0.918294 0.389285 -0.072068 0.282560 0.719351 1 1 1.000000
0 0.061813 -0.003973 1.289885 0.943830 -0.279206 -0.176717 0.373061 0.805165 1 1 1.000000
Silica_def_body.png
0 0.039077 0.066749 1.067213 0.410612 0.858251 -0.307902 0.907835 0.645238 1 1 1.000000
0 0.068876 0.048140 1.036116 0.542376 0.835305 -0.089972 0.825562 0.586728 1 1 1.000000
0 0.040612 0.059183 1.055497 0.161225 0.780645 -0.603821 0.907835 0.614033 1 1 1.000000
Silica_def_body.png
0 0.040612 0.059183 1.055497 0.161225 0.780645 -0.603821 0.907835 0.614033 1 1 1.000000
0 -0.000003 0.075765 1.057920 -0.000023 0.884286 -0.466947 0.990108 0.598430 1 1 1.000000
0 0.039077 0.066749 1.067213 0.410612 0.858251 -0.307902 0.907835 0.645238 1 1 1.000000
Silica_def_body.png
0 0.060281 0.078930 1.119624 0.463514 0.800919 -0.379055 0.874926 0.828569 1 1 1.000000
0 0.039077 0.066749 1.067213 0.410612 0.858251 -0.307902 0.907835 0.645238 1 1 1.000000
0 -0.000003 0.075765 1.057920 -0.000023 0.884286 -0.466947 0.990108 0.598430 1 1 1.000000
Silica_def_body.png
0 -0.035458 -0.050453 1.182994 -0.296531 -0.832034 0.468816 0.496470 0.980695 1 1 1.000000
0 -0.050239 -0.040368 1.187580 -0.378901 -0.781053 0.496378 0.537607 0.988497 1 1 1.000000
0 -0.056966 -0.051034 1.165662 -0.356918 -0.799246 0.483544 0.545834 0.929987 1 1 1.000000
Silica_def_body.png
0 -0.056966 -0.051034 1.165662 -0.356918 -0.799246 0.483544 0.545834 0.929987 1 1 1.000000
0 -0.000003 -0.085803 1.136231 0.000064 -0.883587 0.468267 0.389515 0.871477 1 1 1.000000
0 -0.035458 -0.050453 1.182994 -0.296531 -0.832034 0.468816 0.496470 0.980695 1 1 1.000000
Silica_def_body.png
0 -0.000003 -0.055528 1.188483 -0.000008 -0.865255 0.501332 0.389515 0.996298 1 1 1.000000
0 -0.035458 -0.050453 1.182994 -0.296531 -0.832034 0.468816 0.496470 0.980695 1 1 1.000000
0 -0.000003 -0.085803 1.136231 0.000064 -0.883587 0.468267 0.389515 0.871477 1 1 1.000000
Silica_def_body.png
0 -0.028381 -0.027195 1.220256 -0.104602 -0.814919 0.570058 0.109787 0.871477 1 1 1.000000
0 -0.050239 -0.040368 1.187580 -0.351889 -0.762578 0.542815 0.167378 0.984596 1 1 1.000000
0 -0.035458 -0.050453 1.182994 -0.182800 -0.787980 0.587938 0.118014 0.988497 1 1 1.000000
Silica_def_body.png
0 -0.035458 -0.050453 1.182994 -0.182800 -0.787980 0.587938 0.118014 0.988497 1 1 1.000000
0 -0.000002 -0.027992 1.218025 -0.000006 -0.814228 0.580545 0.011059 0.875377 1 1 1.000000
0 -0.028381 -0.027195 1.220256 -0.104602 -0.814919 0.570058 0.109787 0.871477 1 1 1.000000
Silica_def_body.png
0 -0.032283 -0.019720 1.230093 -0.197086 -0.699374 0.687046 0.118014 0.840271 1 1 1.000000
0 -0.028381 -0.027195 1.220256 -0.104602 -0.814919 0.570058 0.109787 0.871477 1 1 1.000000
0 -0.000002 -0.027992 1.218025 -0.000006 -0.814228 0.580545 0.011059 0.875377 1 1 1.000000
Silica_def_body.png
0 -0.047791 -0.080232 1.085054 -0.532953 -0.826117 -0.183005 0.488243 0.750556 1 1 1.000000
0 -0.070096 -0.057093 1.076454 -0.879164 -0.454949 -0.141743 0.570516 0.719351 1 1 1.000000
0 -0.049187 -0.067738 1.042696 -0.632475 -0.755221 -0.172097 0.521152 0.653040 1 1 1.000000
Silica_def_body.png
0 -0.049187 -0.067738 1.042696 -0.632475 -0.755221 -0.172097 0.521152 0.653040 1 1 1.000000
0 -0.029274 -0.077689 1.032789 -0.337999 -0.930925 -0.138331 0.463561 0.641338 1 1 1.000000
0 -0.047791 -0.080232 1.085054 -0.532953 -0.826117 -0.183005 0.488243 0.750556 1 1 1.000000
Silica_def_body.png
0 -0.000003 -0.098589 1.103019 -0.000008 -0.998124 -0.061224 0.389515 0.789563 1 1 1.000000
0 -0.047791 -0.080232 1.085054 -0.532953 -0.826117 -0.183005 0.488243 0.750556 1 1 1.000000
0 -0.029274 -0.077689 1.032789 -0.337999 -0.930925 -0.138331 0.463561 0.641338 1 1 1.000000
Silica_def_body.png
0 0.083353 -0.001581 1.084586 0.988061 0.048638 -0.146184 0.726835 0.711550 1 1 1.000000
0 0.070093 -0.057093 1.076454 0.879162 -0.454960 -0.141723 0.570516 0.719351 1 1 1.000000
0 0.084790 0.001183 1.065208 0.936444 -0.018671 0.350319 0.726835 0.680344 1 1 1.000000
Silica_def_body.png
0 0.084790 0.001183 1.065208 0.936444 -0.018671 0.350319 0.726835 0.680344 1 1 1.000000
0 0.066690 0.047424 1.049164 0.780901 0.596942 0.183995 0.825562 0.617934 1 1 1.000000
0 0.083353 -0.001581 1.084586 0.988061 0.048638 -0.146184 0.726835 0.711550 1 1 1.000000
Silica_def_body.png
0 0.067127 0.052179 1.086187 0.763813 0.550515 -0.336932 0.842017 0.692046 1 1 1.000000
0 0.083353 -0.001581 1.084586 0.988061 0.048638 -0.146184 0.726835 0.711550 1 1 1.000000
0 0.066690 0.047424 1.049164 0.780901 0.596942 0.183995 0.825562 0.617934 1 1 1.000000
Silica_def_body.png
0 0.068609 -0.047843 1.048915 0.845191 -0.534220 0.016165 0.578743 0.660841 1 1 1.000000
0 0.049184 -0.067738 1.042696 0.632458 -0.755233 -0.172102 0.521152 0.653040 1 1 1.000000
0 0.067900 -0.045297 1.031393 0.814719 -0.568230 -0.115532 0.578743 0.617934 1 1 1.000000
Silica_def_body.png
0 0.067900 -0.045297 1.031393 0.814719 -0.568230 -0.115532 0.578743 0.617934 1 1 1.000000
0 0.095446 0.002646 1.057236 0.878227 0.040695 0.476509 0.726835 0.641338 1 1 1.000000
0 0.068609 -0.047843 1.048915 0.845191 -0.534220 0.016165 0.578743 0.660841 1 1 1.000000
Silica_def_body.png
0 0.086268 0.026798 1.113136 -0.119341 0.139748 0.982969 0.784426 0.789563 1 1 1.000000
0 0.088916 -0.009163 1.123426 -0.122512 0.264679 0.956523 0.718607 0.801265 1 1 1.000000
0 0.095825 0.027272 1.114229 -0.119341 0.139748 0.982969 0.784426 0.785662 1 1 1.000000
Silica_def_body.png
0 0.095825 0.027272 1.114229 -0.119341 0.139748 0.982969 0.784426 0.785662 1 1 1.000000
0 0.080127 0.053015 1.112099 -0.114221 0.012538 0.993376 0.825562 0.777861 1 1 1.000000
0 0.086268 0.026798 1.113136 -0.119341 0.139748 0.982969 0.784426 0.789563 1 1 1.000000
Silica_def_body.png
0 -0.069745 0.042981 1.244041 -0.554850 -0.102337 0.825632 0.208515 0.731053 1 1 1.000000
0 -0.028336 0.000292 1.245339 -0.450181 -0.499655 0.740056 0.109787 0.746655 1 1 1.000000
0 -0.039081 0.039895 1.263609 -0.520722 0.152360 0.840021 0.175605 0.727152 1 1 1.000000
Silica_def_body.png
0 -0.039081 0.039895 1.263609 -0.520722 0.152360 0.840021 0.175605 0.727152 1 1 1.000000
0 -0.000059 0.066303 1.253603 -0.000209 0.755093 0.655618 0.192060 0.664742 1 1 1.000000
0 -0.069745 0.042981 1.244041 -0.554850 -0.102337 0.825632 0.208515 0.731053 1 1 1.000000
Silica_def_body.png
0 -0.095828 0.027272 1.114229 0.119341 0.139749 0.982969 0.784426 0.785662 1 1 1.000000
0 -0.088920 -0.009163 1.123426 0.122512 0.264676 0.956524 0.718607 0.801265 1 1 1.000000
0 -0.086271 0.026798 1.113136 0.119341 0.139749 0.982969 0.784426 0.789563 1 1 1.000000
Silica_def_body.png
0 -0.086271 0.026798 1.113136 0.119341 0.139749 0.982969 0.784426 0.789563 1 1 1.000000
0 -0.080131 0.053015 1.112099 0.114222 0.012542 0.993376 0.825562 0.777861 1 1 1.000000
0 -0.095828 0.027272 1.114229 0.119341 0.139749 0.982969 0.784426 0.785662 1 1 1.000000
Silica_def_body.png
0 0.074792 -0.031996 1.175115 0.492222 -0.719689 0.489659 0.002832 0.469708 1 1 1.000000
0 0.088169 0.008095 1.222074 0.299622 -0.604264 0.738303 0.002832 0.352688 1 1 1.000000
0 0.050151 -0.040368 1.187580 0.419356 -0.692538 0.586968 0.076878 0.465808 1 1 1.000000
Silica_def_body.png
0 0.050151 -0.040368 1.187580 0.419356 -0.692538 0.586968 0.076878 0.465808 1 1 1.000000
0 0.056878 -0.051034 1.165662 0.494129 -0.712392 0.498331 0.043969 0.547722 1 1 1.000000
0 0.074792 -0.031996 1.175115 0.492222 -0.719689 0.489659 0.002832 0.469708 1 1 1.000000
Silica_def_body.png
0 -0.000087 -0.063862 1.277071 0.000005 -0.999797 -0.020159 0.373061 0.996298 1 1 1.000000
0 -0.029752 -0.044047 1.280522 -0.557803 -0.829311 -0.033155 0.373061 0.933887 1 1 1.000000
0 -0.028012 -0.044047 1.251248 -0.568371 -0.822605 -0.016581 0.282560 0.933887 1 1 1.000000
Silica_def_body.png
0 -0.061523 0.040621 1.253399 -0.856991 0.365355 -0.363430 0.216742 0.746655 1 1 1.000000
0 -0.047258 0.000410 1.244098 -0.858871 -0.195150 -0.473558 0.200287 0.836371 1 1 1.000000
0 -0.057133 -0.003973 1.263814 -0.954714 -0.143618 -0.260565 0.282560 0.805165 1 1 1.000000
Silica_def_body.png
0 -0.063674 0.038261 1.274445 -0.918290 0.389290 -0.072082 0.282560 0.719351 1 1 1.000000
0 -0.057133 -0.003973 1.263814 -0.954714 -0.143618 -0.260565 0.282560 0.805165 1 1 1.000000
0 -0.061988 -0.003973 1.289885 -0.977304 -0.106056 -0.183383 0.373061 0.805165 1 1 1.000000
Silica_def_body.png
0 -0.000002 -0.014174 1.242323 0.000100 -0.743590 0.668636 0.011059 0.754457 1 1 1.000000
0 0.032195 -0.019720 1.230093 0.197116 -0.699809 0.686595 0.118014 0.840271 1 1 1.000000
0 0.028333 0.000292 1.245339 0.450218 -0.500163 0.739690 0.109787 0.746655 1 1 1.000000
Silica_def_body.png
0 0.050151 -0.040368 1.187580 0.380496 -0.780222 0.496463 0.537607 0.988497 1 1 1.000000
0 0.035455 -0.050453 1.182994 0.297334 -0.831822 0.468684 0.496470 0.980695 1 1 1.000000
0 0.056878 -0.051034 1.165662 0.357305 -0.798915 0.483805 0.545834 0.929987 1 1 1.000000
Silica_def_body.png
0 0.080641 0.000135 1.062735 -0.355137 0.049581 -0.933498 0.776198 0.750556 1 1 1.000000
0 0.068876 0.048140 1.036116 -0.220777 -0.513800 -0.829016 0.776198 0.746655 1 1 1.000000
0 0.095446 0.002646 1.057236 -0.355137 0.049581 -0.933498 0.776198 0.746655 1 1 1.000000
Silica_def_body.png
0 0.080641 0.000135 1.062735 -0.355137 0.049581 -0.933498 0.776198 0.750556 1 1 1.000000
0 0.095446 0.002646 1.057236 -0.355137 0.049581 -0.933498 0.776198 0.746655 1 1 1.000000
0 0.067900 -0.045297 1.031393 -0.366490 0.595789 -0.714648 0.776198 0.746655 1 1 1.000000
Silica_def_body.png
0 -0.095450 0.002646 1.057236 -0.878221 0.040673 0.476522 0.726835 0.641338 1 1 1.000000
0 -0.067903 -0.045297 1.031393 -0.814720 -0.568247 -0.115442 0.578743 0.617934 1 1 1.000000
0 -0.068610 -0.047843 1.048915 -0.845189 -0.534222 0.016184 0.578743 0.660841 1 1 1.000000
Silica_def_body.png
0 -0.091161 0.009093 1.130861 -0.991522 -0.104591 -0.077098 0.735062 0.859775 1 1 1.000000
0 -0.098896 0.035706 1.152820 -0.757258 -0.058045 -0.650531 0.718607 0.883179 1 1 1.000000
0 -0.087128 0.056053 1.126273 -0.869720 0.326610 -0.370017 0.800880 0.844172 1 1 1.000000
Silica_def_body.png
0 -0.000003 -0.085803 1.136231 0.000064 -0.883587 0.468267 0.389515 0.871477 1 1 1.000000
0 -0.056966 -0.051034 1.165662 -0.356918 -0.799246 0.483544 0.545834 0.929987 1 1 1.000000
0 -0.069024 -0.064754 1.136115 -0.646161 -0.690080 0.325984 0.554061 0.863675 1 1 1.000000
Silica_def_body.png
0 -0.095450 0.002646 1.057236 0.355095 0.049578 -0.933515 0.776198 0.746655 1 1 1.000000
0 -0.068877 0.048140 1.036116 0.220750 -0.513802 -0.829022 0.776198 0.746655 1 1 1.000000
0 -0.080643 0.000135 1.062735 0.355095 0.049578 -0.933515 0.776198 0.750556 1 1 1.000000
Silica_def_body.png
0 -0.067903 -0.045297 1.031393 0.366448 0.595785 -0.714672 0.776198 0.746655 1 1 1.000000
0 -0.095450 0.002646 1.057236 0.355095 0.049578 -0.933515 0.776198 0.746655 1 1 1.000000
0 -0.080643 0.000135 1.062735 0.355095 0.049578 -0.933515 0.776198 0.750556 1 1 1.000000
Silica_def_body.png
0 -0.000045 0.098580 1.166266 -0.000030 0.965281 -0.261214 0.990108 0.980695 1 1 1.000000
0 -0.060284 0.078930 1.119624 -0.463510 0.800835 -0.379237 0.874926 0.828569 1 1 1.000000
0 -0.079689 0.092045 1.163180 -0.590623 0.629154 -0.505302 0.817335 0.957291 1 1 1.000000
Silica_def_body.png
0 0.529609 0.061501 1.178765 0.009962 0.359888 -0.932942 0.126242 0.575026 1 4 1.000000
0 0.529666 0.024519 1.175716 -0.029273 -0.665633 -0.745705 0.126242 0.575026 1 4 1.000000
0 0.484885 0.029141 1.175356 0.007786 0.094115 -0.995531 0.183833 0.575026 1 4 1.000000
Silica_def_body.png
0 0.484885 0.029141 1.175356 0.007786 0.094115 -0.995531 0.183833 0.575026 1 4 1.000000
0 0.484824 0.062255 1.178887 0.002669 0.625552 -0.780178 0.183833 0.578927 1 4 1.000000
0 0.529609 0.061501 1.178765 0.009962 0.359888 -0.932942 0.126242 0.575026 1 4 1.000000
Silica_def_body.png
0 0.529025 0.084141 1.209736 0.006722 0.991612 -0.129075 0.126242 0.649139 1 4 1.000000
0 0.529609 0.061501 1.178765 0.009962 0.359888 -0.932942 0.126242 0.575026 1 4 1.000000
0 0.484824 0.062255 1.178887 0.002669 0.625552 -0.780178 0.183833 0.578927 1 4 1.000000
Silica_def_body.png
0 0.484824 0.062255 1.178887 0.002669 0.625552 -0.780178 0.183833 0.578927 1 4 1.000000
0 0.485226 0.084141 1.210016 -0.001539 0.811962 0.583709 0.183833 0.649139 1 4 1.000000
0 0.529025 0.084141 1.209736 0.006722 0.991612 -0.129075 0.126242 0.649139 1 4 1.000000
Silica_def_body.png
0 0.528651 0.044139 1.229608 0.006518 -0.109174 0.994001 0.126242 0.715450 1 4 1.000000
0 0.529025 0.084141 1.209736 0.006722 0.991612 -0.129075 0.126242 0.649139 1 4 1.000000
0 0.485226 0.084141 1.210016 -0.001539 0.811962 0.583709 0.183833 0.649139 1 4 1.000000
Silica_def_body.png
0 0.485226 0.084141 1.210016 -0.001539 0.811962 0.583709 0.183833 0.649139 1 4 1.000000
0 0.483808 0.043826 1.229497 -0.001714 -0.107318 0.994223 0.183833 0.715450 1 4 1.000000
0 0.528651 0.044139 1.229608 0.006518 -0.109174 0.994001 0.126242 0.715450 1 4 1.000000
Silica_def_body.png
0 0.484458 0.012149 1.204638 -0.022427 -0.976824 0.212865 0.183833 0.649139 1 4 1.000000
0 0.528651 0.044139 1.229608 0.006518 -0.109174 0.994001 0.126242 0.715450 1 4 1.000000
0 0.483808 0.043826 1.229497 -0.001714 -0.107318 0.994223 0.183833 0.715450 1 4 1.000000
Silica_def_body.png
0 0.484458 0.012149 1.204638 -0.022427 -0.976824 0.212865 0.183833 0.649139 1 4 1.000000
0 0.484885 0.029141 1.175356 -0.084866 -0.861265 -0.501020 0.183833 0.578927 1 4 1.000000
0 0.529666 0.024519 1.175716 -0.029273 -0.665633 -0.745705 0.126242 0.575026 1 4 1.000000
Silica_def_body.png
0 0.529666 0.024519 1.175716 -0.029273 -0.665633 -0.745705 0.126242 0.575026 1 4 1.000000
0 0.529262 0.012285 1.203639 0.008185 -0.972019 0.234760 0.126242 0.649139 1 4 1.000000
0 0.484458 0.012149 1.204638 -0.022427 -0.976824 0.212865 0.183833 0.649139 1 4 1.000000
Silica_def_body.png
0 0.528651 0.044139 1.229608 0.006518 -0.109174 0.994001 0.126242 0.715450 1 4 1.000000
0 0.484458 0.012149 1.204638 -0.022427 -0.976824 0.212865 0.183833 0.649139 1 4 1.000000
0 0.529262 0.012285 1.203639 0.008185 -0.972019 0.234760 0.126242 0.649139 1 4 1.000000
Silica_def_body.png
0 0.484824 0.062255 1.178887 -0.999847 0.008974 -0.014993 0.192060 0.688146 1 4 1.000000
0 0.484885 0.029141 1.175356 -0.999891 -0.000271 -0.014738 0.192060 0.688146 1 4 1.000000
0 0.484458 0.012149 1.204638 -0.999835 -0.001988 -0.018079 0.192060 0.688146 1 4 1.000000
Silica_def_body.png
0 0.484458 0.012149 1.204638 -0.999835 -0.001988 -0.018079 0.192060 0.688146 1 4 1.000000
0 0.483808 0.043826 1.229497 -0.999793 0.013597 -0.015119 0.192060 0.688146 1 4 1.000000
0 0.484824 0.062255 1.178887 -0.999847 0.008974 -0.014993 0.192060 0.688146 1 4 1.000000
Silica_def_body.png
0 0.485226 0.084141 1.210016 -0.999484 0.030895 -0.008814 0.192060 0.688146 1 4 1.000000
0 0.484824 0.062255 1.178887 -0.999847 0.008974 -0.014993 0.192060 0.688146 1 4 1.000000
0 0.483808 0.043826 1.229497 -0.999793 0.013597 -0.015119 0.192060 0.688146 1 4 1.000000
Silica_def_body.png
0 0.529609 0.061501 1.178765 0.999841 0.001112 0.017773 0.192060 0.688146 1 4 1.000000
0 0.529025 0.084141 1.209736 0.999822 0.000012 0.018845 0.192060 0.688146 1 4 1.000000
0 0.528651 0.044139 1.229608 0.999812 0.001500 0.019353 0.192060 0.688146 1 4 1.000000
Silica_def_body.png
0 0.528651 0.044139 1.229608 0.999812 0.001500 0.019353 0.192060 0.688146 1 4 1.000000
0 0.529262 0.012285 1.203639 0.999850 0.001662 0.017237 0.192060 0.688146 1 4 1.000000
0 0.529609 0.061501 1.178765 0.999841 0.001112 0.017773 0.192060 0.688146 1 4 1.000000
Silica_def_body.png
0 0.529666 0.024519 1.175716 0.999893 0.000336 0.014614 0.192060 0.688146 1 4 1.000000
0 0.529609 0.061501 1.178765 0.999841 0.001112 0.017773 0.192060 0.688146 1 4 1.000000
0 0.529262 0.012285 1.203639 0.999850 0.001662 0.017237 0.192060 0.688146 1 4 1.000000
Silica_def_body.png
0 -0.528653 0.044139 1.229608 -0.006517 -0.109174 0.994001 0.126242 0.715450 1 7 1.000000
0 -0.484460 0.012149 1.204638 0.022432 -0.976825 0.212861 0.183833 0.649139 1 7 1.000000
0 -0.483812 0.043826 1.229497 0.001714 -0.107318 0.994223 0.183833 0.715450 1 7 1.000000
Silica_def_body.png
0 -0.483812 0.043826 1.229497 0.001714 -0.107318 0.994223 0.183833 0.715450 1 7 1.000000
0 -0.485228 0.084141 1.210016 0.001540 0.811961 0.583709 0.183833 0.649139 1 7 1.000000
0 -0.528653 0.044139 1.229608 -0.006517 -0.109174 0.994001 0.126242 0.715450 1 7 1.000000
Silica_def_body.png
0 -0.529027 0.084141 1.209736 -0.006723 0.991612 -0.129075 0.126242 0.649139 1 7 1.000000
0 -0.528653 0.044139 1.229608 -0.006517 -0.109174 0.994001 0.126242 0.715450 1 7 1.000000
0 -0.485228 0.084141 1.210016 0.001540 0.811961 0.583709 0.183833 0.649139 1 7 1.000000
Silica_def_body.png
0 -0.485228 0.084141 1.210016 0.001540 0.811961 0.583709 0.183833 0.649139 1 7 1.000000
0 -0.484828 0.062255 1.178887 -0.002669 0.625545 -0.780184 0.183833 0.578927 1 7 1.000000
0 -0.529027 0.084141 1.209736 -0.006723 0.991612 -0.129075 0.126242 0.649139 1 7 1.000000
Silica_def_body.png
0 -0.529612 0.061501 1.178765 -0.009954 0.359879 -0.932946 0.126242 0.575026 1 7 1.000000
0 -0.529027 0.084141 1.209736 -0.006723 0.991612 -0.129075 0.126242 0.649139 1 7 1.000000
0 -0.484828 0.062255 1.178887 -0.002669 0.625545 -0.780184 0.183833 0.578927 1 7 1.000000
Silica_def_body.png
0 -0.484828 0.062255 1.178887 -0.002669 0.625545 -0.780184 0.183833 0.578927 1 7 1.000000
0 -0.484888 0.029141 1.175357 -0.007776 0.094100 -0.995532 0.183833 0.575026 1 7 1.000000
0 -0.529612 0.061501 1.178765 -0.009954 0.359879 -0.932946 0.126242 0.575026 1 7 1.000000
Silica_def_body.png
0 -0.529667 0.024519 1.175716 0.029286 -0.665628 -0.745709 0.126242 0.575026 1 7 1.000000
0 -0.529612 0.061501 1.178765 -0.009954 0.359879 -0.932946 0.126242 0.575026 1 7 1.000000
0 -0.484888 0.029141 1.175357 -0.007776 0.094100 -0.995532 0.183833 0.575026 1 7 1.000000
Silica_def_body.png
0 -0.484460 0.012149 1.204638 0.022432 -0.976825 0.212861 0.183833 0.649139 1 7 1.000000
0 -0.528653 0.044139 1.229608 -0.006517 -0.109174 0.994001 0.126242 0.715450 1 7 1.000000
0 -0.529266 0.012285 1.203639 -0.008185 -0.972019 0.234761 0.126242 0.649139 1 7 1.000000
Silica_def_body.png
0 -0.529266 0.012285 1.203639 -0.008185 -0.972019 0.234761 0.126242 0.649139 1 7 1.000000
0 -0.529667 0.024519 1.175716 0.029286 -0.665628 -0.745709 0.126242 0.575026 1 7 1.000000
0 -0.484460 0.012149 1.204638 0.022432 -0.976825 0.212861 0.183833 0.649139 1 7 1.000000
Silica_def_body.png
0 -0.484888 0.029141 1.175357 0.084880 -0.861255 -0.501034 0.183833 0.578927 1 7 1.000000
0 -0.484460 0.012149 1.204638 0.022432 -0.976825 0.212861 0.183833 0.649139 1 7 1.000000
0 -0.529667 0.024519 1.175716 0.029286 -0.665628 -0.745709 0.126242 0.575026 1 7 1.000000
Silica_def_body.png
0 -0.484828 0.062255 1.178887 0.999847 0.008981 -0.014999 0.192060 0.703748 1 7 1.000000
0 -0.485228 0.084141 1.210016 0.999485 0.030835 -0.008836 0.192060 0.703748 1 7 1.000000
0 -0.483812 0.043826 1.229497 0.999793 0.013592 -0.015121 0.192060 0.703748 1 7 1.000000
Silica_def_body.png
0 -0.483812 0.043826 1.229497 0.999793 0.013592 -0.015121 0.192060 0.703748 1 7 1.000000
0 -0.484460 0.012149 1.204638 0.999835 -0.001947 -0.018078 0.192060 0.703748 1 7 1.000000
0 -0.484828 0.062255 1.178887 0.999847 0.008981 -0.014999 0.192060 0.703748 1 7 1.000000
Silica_def_body.png
0 -0.484888 0.029141 1.175357 0.999891 -0.000239 -0.014754 0.192060 0.703748 1 7 1.000000
0 -0.484828 0.062255 1.178887 0.999847 0.008981 -0.014999 0.192060 0.703748 1 7 1.000000
0 -0.484460 0.012149 1.204638 0.999835 -0.001947 -0.018078 0.192060 0.703748 1 7 1.000000
Silica_def_body.png
0 -0.529612 0.061501 1.178765 -0.999842 0.001114 0.017749 0.192060 0.692046 1 7 1.000000
0 -0.529667 0.024519 1.175716 -0.999895 0.000291 0.014488 0.192060 0.692046 1 7 1.000000
0 -0.529266 0.012285 1.203639 -0.999851 0.001657 0.017190 0.192060 0.692046 1 7 1.000000
Silica_def_body.png
0 -0.529266 0.012285 1.203639 -0.999851 0.001657 0.017190 0.192060 0.692046 1 7 1.000000
0 -0.528653 0.044139 1.229608 -0.999811 0.001525 0.019380 0.192060 0.692046 1 7 1.000000
0 -0.529612 0.061501 1.178765 -0.999842 0.001114 0.017749 0.192060 0.692046 1 7 1.000000
Silica_def_body.png
0 -0.529027 0.084141 1.209736 -0.999822 0.000027 0.018868 0.192060 0.692046 1 7 1.000000
0 -0.529612 0.061501 1.178765 -0.999842 0.001114 0.017749 0.192060 0.692046 1 7 1.000000
0 -0.528653 0.044139 1.229608 -0.999811 0.001525 0.019380 0.192060 0.692046 1 7 1.000000
Silica_def_body.png
0 0.078990 0.051854 1.014730 0.469006 0.719460 -0.512260 0.167378 0.528218 2 0 0.610000 1 0.390000
0 0.083547 -0.005902 0.995513 0.728464 0.055275 -0.682851 0.118014 0.497013 2 0 0.800000 1 0.200000
0 0.062337 0.046471 1.002796 0.324664 0.605850 -0.726319 0.183833 0.497013 2 0 0.800000 1 0.200000
Silica_def_body.png
0 0.062337 0.046471 1.002796 0.324664 0.605850 -0.726319 0.183833 0.497013 2 0 0.800000 1 0.200000
0 -0.000003 0.057013 1.004570 -0.000003 0.984561 -0.175042 0.274333 0.469708 2 0 0.800000 1 0.200000
0 0.078990 0.051854 1.014730 0.469006 0.719460 -0.512260 0.167378 0.528218 2 0 0.610000 1 0.390000
Silica_def_body.png
0 0.040756 0.051474 1.030443 0.117375 0.989699 -0.081971 0.200287 0.528218 2 0 0.610000 1 0.390000
0 0.078990 0.051854 1.014730 0.469006 0.719460 -0.512260 0.167378 0.528218 2 0 0.610000 1 0.390000
0 -0.000003 0.057013 1.004570 -0.000003 0.984561 -0.175042 0.274333 0.469708 2 0 0.800000 1 0.200000
Silica_def_body.png
0 -0.000003 0.057013 1.004570 -0.000003 0.984561 -0.175042 0.274333 0.469708 2 0 0.800000 1 0.200000
0 -0.000002 0.060632 1.044842 -0.000002 0.981167 -0.193163 0.274333 0.555523 1 1 1.000000
0 0.040756 0.051474 1.030443 0.117375 0.989699 -0.081971 0.200287 0.528218 2 0 0.610000 1 0.390000
Silica_def_body.png
0 0.040612 0.059183 1.055497 0.110427 0.950111 -0.291709 0.200287 0.571126 1 1 1.000000
0 0.040756 0.051474 1.030443 0.117375 0.989699 -0.081971 0.200287 0.528218 2 0 0.610000 1 0.390000
0 -0.000002 0.060632 1.044842 -0.000002 0.981167 -0.193163 0.274333 0.555523 1 1 1.000000
Silica_def_body.png
0 -0.040759 0.051474 1.030443 -0.117379 0.989699 -0.081968 0.200287 0.528218 2 0 0.610000 1 0.390000
0 -0.040616 0.059183 1.055497 -0.110428 0.950110 -0.291713 0.200287 0.571126 1 1 1.000000
0 -0.000002 0.060632 1.044842 -0.000002 0.981167 -0.193163 0.274333 0.555523 1 1 1.000000
Silica_def_body.png
0 -0.000002 0.060632 1.044842 -0.000002 0.981167 -0.193163 0.274333 0.555523 1 1 1.000000
0 -0.000003 0.057013 1.004570 -0.000003 0.984561 -0.175042 0.274333 0.469708 2 0 0.800000 1 0.200000
0 -0.040759 0.051474 1.030443 -0.117379 0.989699 -0.081968 0.200287 0.528218 2 0 0.610000 1 0.390000
Silica_def_body.png
0 -0.078993 0.051854 1.014730 -0.469022 0.719459 -0.512247 0.167378 0.528218 2 0 0.610000 1 0.390000
0 -0.040759 0.051474 1.030443 -0.117379 0.989699 -0.081968 0.200287 0.528218 2 0 0.610000 1 0.390000
0 -0.000003 0.057013 1.004570 -0.000003 0.984561 -0.175042 0.274333 0.469708 2 0 0.800000 1 0.200000
Silica_def_body.png
0 -0.000003 0.057013 1.004570 -0.000003 0.984561 -0.175042 0.274333 0.469708 2 0 0.800000 1 0.200000
0 -0.062339 0.046471 1.002796 -0.324654 0.605843 -0.726329 0.183833 0.497013 2 0 0.800000 1 0.200000
0 -0.078993 0.051854 1.014730 -0.469022 0.719459 -0.512247 0.167378 0.528218 2 0 0.610000 1 0.390000
Silica_def_body.png
0 -0.083550 -0.005902 0.995513 -0.728501 0.055262 -0.682812 0.118014 0.497013 2 0 0.860000 1 0.140000
0 -0.078993 0.051854 1.014730 -0.469022 0.719459 -0.512247 0.167378 0.528218 2 0 0.610000 1 0.390000
0 -0.062339 0.046471 1.002796 -0.324654 0.605843 -0.726329 0.183833 0.497013 2 0 0.800000 1 0.200000
Silica_def_body.png
0 0.054752 0.045623 0.998819 0.669440 0.731857 -0.127418 0.948972 0.524318 2 0 0.800000 1 0.200000
0 0.054752 0.045623 0.998819 0.669440 0.731857 -0.127418 0.948972 0.524318 2 0 0.800000 1 0.200000
0 0.040756 0.051474 1.030443 0.390520 0.907485 -0.154808 0.957199 0.555523 2 0 0.610000 1 0.390000
Silica_def_body.png
0 0.040756 0.051474 1.030443 0.390520 0.907485 -0.154808 0.957199 0.555523 2 0 0.610000 1 0.390000
0 0.066690 0.045403 1.060276 0.725163 0.668870 -0.163555 0.957199 0.582828 1 1 1.000000
0 0.054752 0.045623 0.998819 0.669440 0.731857 -0.127418 0.948972 0.524318 2 0 0.800000 1 0.200000
Silica_def_body.png
0 0.075151 -0.005902 1.001032 0.989548 -0.063215 -0.129610 0.899608 0.532119 2 0 0.750000 1 0.250000
0 0.054752 0.045623 0.998819 0.669440 0.731857 -0.127418 0.948972 0.524318 2 0 0.800000 1 0.200000
0 0.066690 0.045403 1.060276 0.725163 0.668870 -0.163555 0.957199 0.582828 1 1 1.000000
Silica_def_body.png
0 0.066690 0.045403 1.060276 0.725163 0.668870 -0.163555 0.957199 0.582828 1 1 1.000000
0 0.080641 0.000135 1.062735 0.994457 -0.065750 -0.082048 0.907835 0.590629 1 1 1.000000
0 0.075151 -0.005902 1.001032 0.989548 -0.063215 -0.129610 0.899608 0.532119 2 0 0.750000 1 0.250000
Silica_def_body.png
0 0.049184 -0.067738 1.042696 0.893539 -0.438921 -0.094533 0.842017 0.586728 1 1 1.000000
0 0.075151 -0.005902 1.001032 0.989548 -0.063215 -0.129610 0.899608 0.532119 2 0 0.750000 1 0.250000
0 0.080641 0.000135 1.062735 0.994457 -0.065750 -0.082048 0.907835 0.590629 1 1 1.000000
Silica_def_body.png
0 -0.000003 -0.081851 0.992614 -0.000008 -0.995620 -0.093495 0.389515 0.575026 2 0 0.800000 1 0.200000
0 0.029271 -0.077689 1.032788 0.337991 -0.930928 -0.138332 0.463561 0.641338 1 1 1.000000
0 -0.000003 -0.083137 1.031179 -0.000011 -0.992500 -0.122244 0.389515 0.641338 1 1 1.000000
Silica_def_body.png
0 -0.000003 -0.083137 1.031179 -0.000011 -0.992500 -0.122244 0.389515 0.641338 1 1 1.000000
0 -0.029274 -0.077689 1.032789 -0.337999 -0.930925 -0.138331 0.463561 0.641338 1 1 1.000000
0 -0.000003 -0.081851 0.992614 -0.000008 -0.995620 -0.093495 0.389515 0.575026 2 0 0.800000 1 0.200000
Silica_def_body.png
0 -0.050406 -0.064080 0.994587 -0.402548 -0.909764 -0.101417 0.521152 0.575026 2 0 0.860000 1 0.140000
0 -0.000003 -0.081851 0.992614 -0.000008 -0.995620 -0.093495 0.389515 0.575026 2 0 0.800000 1 0.200000
0 -0.029274 -0.077689 1.032789 -0.337999 -0.930925 -0.138331 0.463561 0.641338 1 1 1.000000
Silica_def_body.png
0 -0.029274 -0.077689 1.032789 -0.337999 -0.930925 -0.138331 0.463561 0.641338 1 1 1.000000
0 -0.049187 -0.067738 1.042696 -0.632475 -0.755221 -0.172097 0.521152 0.653040 1 1 1.000000
0 -0.050406 -0.064080 0.994587 -0.402548 -0.909764 -0.101417 0.521152 0.575026 2 0 0.860000 1 0.140000
Silica_def_body.png
0 -0.075154 -0.005902 1.001032 -0.989549 -0.063221 -0.129598 0.899608 0.532119 2 0 0.860000 1 0.140000
0 -0.049187 -0.067738 1.042696 -0.893541 -0.438918 -0.094526 0.842017 0.586728 1 1 1.000000
0 -0.080643 0.000135 1.062735 -0.994458 -0.065755 -0.082032 0.907835 0.590629 1 1 1.000000
Silica_def_body.png
0 -0.080643 0.000135 1.062735 -0.994458 -0.065755 -0.082032 0.907835 0.590629 1 1 1.000000
0 -0.066693 0.045403 1.060276 -0.725173 0.668861 -0.163550 0.957199 0.582828 1 1 1.000000
0 -0.075154 -0.005902 1.001032 -0.989549 -0.063221 -0.129598 0.899608 0.532119 2 0 0.860000 1 0.140000
Silica_def_body.png
0 -0.054756 0.045623 0.998819 -0.669445 0.731854 -0.127409 0.948972 0.524318 2 0 0.800000 1 0.200000
0 -0.075154 -0.005902 1.001032 -0.989549 -0.063221 -0.129598 0.899608 0.532119 2 0 0.860000 1 0.140000
0 -0.066693 0.045403 1.060276 -0.725173 0.668861 -0.163550 0.957199 0.582828 1 1 1.000000
Silica_def_body.png
0 -0.066693 0.045403 1.060276 -0.725173 0.668861 -0.163550 0.957199 0.582828 1 1 1.000000
0 -0.040759 0.051474 1.030443 -0.390525 0.907481 -0.154814 0.957199 0.555523 2 0 0.610000 1 0.390000
0 -0.054756 0.045623 0.998819 -0.669445 0.731854 -0.127409 0.948972 0.524318 2 0 0.800000 1 0.200000
Silica_def_body.png
0 -0.092214 -0.013390 1.008932 -0.862073 -0.293070 -0.413448 0.126242 0.528218 2 0 0.710000 1 0.290000
0 -0.078993 0.051854 1.014730 -0.469022 0.719459 -0.512247 0.167378 0.528218 2 0 0.610000 1 0.390000
0 -0.083550 -0.005902 0.995513 -0.728501 0.055262 -0.682812 0.118014 0.497013 2 0 0.860000 1 0.140000
Silica_def_body.png
0 -0.083550 -0.005902 0.995513 -0.728501 0.055262 -0.682812 0.118014 0.497013 2 0 0.860000 1 0.140000
0 -0.050406 -0.064080 0.994587 -0.767964 -0.532809 -0.355452 0.085105 0.469708 2 0 0.860000 1 0.140000
0 -0.092214 -0.013390 1.008932 -0.862073 -0.293070 -0.413448 0.126242 0.528218 2 0 0.710000 1 0.290000
Silica_def_body.png
0 -0.049187 -0.067738 1.042696 -0.775071 -0.631237 -0.028358 0.085105 0.528218 1 1 1.000000
0 -0.092214 -0.013390 1.008932 -0.862073 -0.293070 -0.413448 0.126242 0.528218 2 0 0.710000 1 0.290000
0 -0.050406 -0.064080 0.994587 -0.767964 -0.532809 -0.355452 0.085105 0.469708 2 0 0.860000 1 0.140000
Silica_def_body.png
0 0.092213 -0.013390 1.008932 0.862042 -0.293068 -0.413514 0.126242 0.528218 2 0 0.710000 1 0.290000
0 0.049184 -0.067738 1.042696 0.775051 -0.631261 -0.028376 0.085105 0.528218 1 1 1.000000
0 0.050402 -0.064080 0.994587 0.767936 -0.532819 -0.355497 0.085105 0.469708 2 0 0.800000 1 0.200000
Silica_def_body.png
0 0.050402 -0.064080 0.994587 0.767936 -0.532819 -0.355497 0.085105 0.469708 2 0 0.800000 1 0.200000
0 0.083547 -0.005902 0.995513 0.728464 0.055275 -0.682851 0.118014 0.497013 2 0 0.800000 1 0.200000
0 0.092213 -0.013390 1.008932 0.862042 -0.293068 -0.413514 0.126242 0.528218 2 0 0.710000 1 0.290000
Silica_def_body.png
0 0.078990 0.051854 1.014730 0.469006 0.719460 -0.512260 0.167378 0.528218 2 0 0.610000 1 0.390000
0 0.092213 -0.013390 1.008932 0.862042 -0.293068 -0.413514 0.126242 0.528218 2 0 0.710000 1 0.290000
0 0.083547 -0.005902 0.995513 0.728464 0.055275 -0.682851 0.118014 0.497013 2 0 0.800000 1 0.200000
Silica_def_body.png
0 0.029271 -0.077689 1.032788 0.337991 -0.930928 -0.138332 0.463561 0.641338 1 1 1.000000
0 -0.000003 -0.081851 0.992614 -0.000008 -0.995620 -0.093495 0.389515 0.575026 2 0 0.800000 1 0.200000
0 0.050402 -0.064080 0.994587 0.402545 -0.909763 -0.101431 0.521152 0.575026 2 0 0.800000 1 0.200000
Silica_def_body.png
0 0.050402 -0.064080 0.994587 0.402545 -0.909763 -0.101431 0.521152 0.575026 2 0 0.800000 1 0.200000
0 0.049184 -0.067738 1.042696 0.632458 -0.755233 -0.172102 0.521152 0.653040 1 1 1.000000
0 0.029271 -0.077689 1.032788 0.337991 -0.930928 -0.138332 0.463561 0.641338 1 1 1.000000
Silica_def_body.png
0 0.049184 -0.067738 1.042696 0.893539 -0.438921 -0.094533 0.842017 0.586728 1 1 1.000000
0 0.046890 -0.056298 0.993078 0.872409 -0.465908 -0.147754 0.842017 0.532119 2 0 0.800000 1 0.200000
0 0.075151 -0.005902 1.001032 0.989548 -0.063215 -0.129610 0.899608 0.532119 2 0 0.750000 1 0.250000
Silica_def_body.png
0 0.040756 0.051474 1.030443 0.390520 0.907485 -0.154808 0.957199 0.555523 2 0 0.610000 1 0.390000
0 0.040612 0.059183 1.055497 0.487858 0.835105 -0.254153 0.965426 0.578927 1 1 1.000000
0 0.066690 0.045403 1.060276 0.725163 0.668870 -0.163555 0.957199 0.582828 1 1 1.000000
Silica_def_body.png
0 -0.075154 -0.005902 1.001032 -0.989549 -0.063221 -0.129598 0.899608 0.532119 2 0 0.860000 1 0.140000
0 -0.046893 -0.056298 0.993078 -0.872409 -0.465908 -0.147755 0.842017 0.532119 2 0 0.860000 1 0.140000
0 -0.049187 -0.067738 1.042696 -0.893541 -0.438918 -0.094526 0.842017 0.586728 1 1 1.000000
Silica_def_body.png
0 -0.066693 0.045403 1.060276 -0.725173 0.668861 -0.163550 0.957199 0.582828 1 1 1.000000
0 -0.040616 0.059183 1.055497 -0.487872 0.835092 -0.254169 0.965426 0.578927 1 1 1.000000
0 -0.040759 0.051474 1.030443 -0.390525 0.907481 -0.154814 0.957199 0.555523 2 0 0.610000 1 0.390000
Silica_def_body.png
0 0.000000 0.096382 0.941530 -0.000003 0.779739 0.626105 0.282560 0.461907 1 9 1.000000
0 -0.066863 0.051801 0.964899 -0.463486 0.601780 0.650416 0.455334 0.555523 2 0 0.500000 9 0.500000
0 -0.000003 0.071304 0.970973 -0.000008 0.761283 0.648420 0.282560 0.567225 2 0 0.500000 9 0.500000
Silica_def_body.png
0 -0.000003 0.071304 0.970973 -0.000008 0.761283 0.648420 0.282560 0.567225 2 0 0.500000 9 0.500000
0 0.066860 0.051801 0.964899 0.463463 0.601762 0.650450 0.455334 0.555523 2 0 0.500000 9 0.500000
0 0.000000 0.096382 0.941530 -0.000003 0.779739 0.626105 0.282560 0.461907 1 9 1.000000
Silica_def_body.png
0 0.085402 0.067684 0.936365 0.598142 0.523766 0.606543 0.455334 0.450205 1 9 1.000000
0 0.000000 0.096382 0.941530 -0.000003 0.779739 0.626105 0.282560 0.461907 1 9 1.000000
0 0.066860 0.051801 0.964899 0.463463 0.601762 0.650450 0.455334 0.555523 2 0 0.500000 9 0.500000
Silica_def_body.png
0 0.066860 0.051801 0.964899 0.463463 0.601762 0.650450 0.455334 0.555523 2 0 0.500000 9 0.500000
0 0.087812 -0.003836 0.959578 0.839844 -0.152390 0.520998 0.595198 0.551622 2 0 0.500000 9 0.500000
0 0.085402 0.067684 0.936365 0.598142 0.523766 0.606543 0.455334 0.450205 1 9 1.000000
Silica_def_body.png
0 0.107877 -0.001832 0.927917 0.840168 -0.171674 0.514438 0.578743 0.446304 1 9 1.000000
0 0.085402 0.067684 0.936365 0.598142 0.523766 0.606543 0.455334 0.450205 1 9 1.000000
0 0.087812 -0.003836 0.959578 0.839844 -0.152390 0.520998 0.595198 0.551622 2 0 0.500000 9 0.500000
Silica_def_body.png
0 0.087812 -0.003836 0.959578 0.839844 -0.152390 0.520998 0.595198 0.551622 2 0 0.500000 9 0.500000
0 0.065948 -0.069299 0.919897 0.578743 -0.731004 0.361511 0.792653 0.419000 1 9 1.000000
0 0.107877 -0.001832 0.927917 0.840168 -0.171674 0.514438 0.578743 0.446304 1 9 1.000000
Silica_def_body.png
0 -0.000003 -0.083765 0.953760 -0.000007 -0.951774 0.306801 0.981881 0.512616 2 0 0.500000 9 0.500000
0 -0.065948 -0.069299 0.919897 -0.578757 -0.731008 0.361481 0.792653 0.419000 1 9 1.000000
0 0.000000 -0.096542 0.911167 -0.000002 -0.950053 0.312088 0.990108 0.391695 1 9 1.000000
Silica_def_body.png
0 0.000000 -0.096542 0.911167 -0.000002 -0.950053 0.312088 0.990108 0.391695 1 9 1.000000
0 0.065948 -0.069299 0.919897 0.578743 -0.731004 0.361511 0.792653 0.419000 1 9 1.000000
0 -0.000003 -0.083765 0.953760 -0.000007 -0.951774 0.306801 0.981881 0.512616 2 0 0.500000 9 0.500000
Silica_def_body.png
0 0.054696 -0.060812 0.957414 0.606342 -0.716931 0.344035 0.825562 0.528218 2 0 0.500000 9 0.500000
0 -0.000003 -0.083765 0.953760 -0.000007 -0.951774 0.306801 0.981881 0.512616 2 0 0.500000 9 0.500000
0 0.065948 -0.069299 0.919897 0.578743 -0.731004 0.361511 0.792653 0.419000 1 9 1.000000
Silica_def_body.png
0 0.065948 -0.069299 0.919897 0.578743 -0.731004 0.361511 0.792653 0.419000 1 9 1.000000
0 0.087812 -0.003836 0.959578 0.839844 -0.152390 0.520998 0.595198 0.551622 2 0 0.500000 9 0.500000
0 0.054696 -0.060812 0.957414 0.606342 -0.716931 0.344035 0.825562 0.528218 2 0 0.500000 9 0.500000
Silica_def_body.png
0 -0.087814 -0.003836 0.959578 -0.839876 -0.152386 0.520948 0.595198 0.551622 2 0 0.500000 9 0.500000
0 -0.085402 0.067684 0.936365 -0.598155 0.523773 0.606525 0.455334 0.450205 1 9 1.000000
0 -0.107877 -0.001832 0.927917 -0.840176 -0.171673 0.514425 0.578743 0.446304 1 9 1.000000
Silica_def_body.png
0 -0.107877 -0.001832 0.927917 -0.840176 -0.171673 0.514425 0.578743 0.446304 1 9 1.000000
0 -0.065948 -0.069299 0.919897 -0.578757 -0.731008 0.361481 0.792653 0.419000 1 9 1.000000
0 -0.087814 -0.003836 0.959578 -0.839876 -0.152386 0.520948 0.595198 0.551622 2 0 0.500000 9 0.500000
Silica_def_body.png
0 -0.054699 -0.060812 0.957415 -0.606368 -0.716932 0.343986 0.825562 0.528218 2 0 0.500000 9 0.500000
0 -0.087814 -0.003836 0.959578 -0.839876 -0.152386 0.520948 0.595198 0.551622 2 0 0.500000 9 0.500000
0 -0.065948 -0.069299 0.919897 -0.578757 -0.731008 0.361481 0.792653 0.419000 1 9 1.000000
Silica_def_body.png
0 -0.065948 -0.069299 0.919897 -0.578757 -0.731008 0.361481 0.792653 0.419000 1 9 1.000000
0 -0.000003 -0.083765 0.953760 -0.000007 -0.951774 0.306801 0.981881 0.512616 2 0 0.500000 9 0.500000
0 -0.054699 -0.060812 0.957415 -0.606368 -0.716932 0.343986 0.825562 0.528218 2 0 0.500000 9 0.500000
Silica_def_body.png
0 -0.066863 0.051801 0.964899 -0.463486 0.601780 0.650416 0.455334 0.555523 2 0 0.500000 9 0.500000
0 0.000000 0.096382 0.941530 -0.000003 0.779739 0.626105 0.282560 0.461907 1 9 1.000000
0 -0.085402 0.067684 0.936365 -0.598155 0.523773 0.606525 0.455334 0.450205 1 9 1.000000
Silica_def_body.png
0 -0.085402 0.067684 0.936365 -0.598155 0.523773 0.606525 0.455334 0.450205 1 9 1.000000
0 -0.087814 -0.003836 0.959578 -0.839876 -0.152386 0.520948 0.595198 0.551622 2 0 0.500000 9 0.500000
0 -0.066863 0.051801 0.964899 -0.463486 0.601780 0.650416 0.455334 0.555523 2 0 0.500000 9 0.500000
Silica_def_body.png
0 -0.000002 -0.022266 1.285656 -0.000008 -0.993533 -0.113545 0.175605 0.996298 2 2 0.710000 1 0.290000
0 -0.028336 0.000292 1.245339 -0.532687 -0.840839 -0.096094 0.266106 0.926086 1 1 1.000000
0 -0.000002 -0.014174 1.242323 -0.000007 -0.983008 -0.183560 0.274333 0.996298 1 1 1.000000
Silica_def_body.png
0 -0.000002 -0.014174 1.242323 -0.000007 -0.983008 -0.183560 0.274333 0.996298 1 1 1.000000
0 0.028333 0.000292 1.245339 0.532674 -0.840847 -0.096096 0.266106 0.926086 1 1 1.000000
0 -0.000002 -0.022266 1.285656 -0.000008 -0.993533 -0.113545 0.175605 0.996298 2 2 0.710000 1 0.290000
Silica_def_body.png
0 0.026698 -0.002793 1.297920 0.817350 -0.576081 -0.008381 0.159151 0.922185 2 2 0.710000 1 0.290000
0 -0.000002 -0.022266 1.285656 -0.000008 -0.993533 -0.113545 0.175605 0.996298 2 2 0.710000 1 0.290000
0 0.028333 0.000292 1.245339 0.532674 -0.840847 -0.096096 0.266106 0.926086 1 1 1.000000
Silica_def_body.png
0 -0.000003 0.063613 1.299635 -0.000264 0.998711 0.050751 0.183833 0.918285 2 2 0.710000 1 0.290000
0 0.039120 0.038021 1.306300 0.993087 0.116449 0.014740 0.159151 0.918285 2 2 0.710000 1 0.290000
0 0.039078 0.039895 1.263609 0.823633 0.566389 0.028845 0.266106 0.918285 1 1 1.000000
Silica_def_body.png
0 0.039078 0.039895 1.263609 0.823633 0.566389 0.028845 0.266106 0.918285 1 1 1.000000
0 -0.000059 0.066303 1.253603 -0.000512 0.998297 0.058332 0.266106 0.918285 1 1 1.000000
0 -0.000003 0.063613 1.299635 -0.000264 0.998711 0.050751 0.183833 0.918285 2 2 0.710000 1 0.290000
Silica_def_body.png
0 -0.039081 0.039895 1.263609 -0.823857 0.566036 0.029361 0.266106 0.918285 1 1 1.000000
0 -0.000003 0.063613 1.299635 -0.000264 0.998711 0.050751 0.183833 0.918285 2 2 0.710000 1 0.290000
0 -0.000059 0.066303 1.253603 -0.000512 0.998297 0.058332 0.266106 0.918285 1 1 1.000000
Silica_def_body.png
0 0.039120 0.038021 1.306300 0.993087 0.116449 0.014740 0.159151 0.918285 2 2 0.710000 1 0.290000
0 0.026698 -0.002793 1.297920 0.817350 -0.576081 -0.008381 0.159151 0.922185 2 2 0.710000 1 0.290000
0 0.028333 0.000292 1.245339 0.961413 -0.275109 0.000146 0.266106 0.922185 1 1 1.000000
Silica_def_body.png
0 0.028333 0.000292 1.245339 0.961413 -0.275109 0.000146 0.266106 0.922185 1 1 1.000000
0 0.039078 0.039895 1.263609 0.823633 0.566389 0.028845 0.266106 0.918285 1 1 1.000000
0 0.039120 0.038021 1.306300 0.993087 0.116449 0.014740 0.159151 0.918285 2 2 0.710000 1 0.290000
Silica_def_body.png
0 -0.028336 0.000292 1.245339 -0.961413 -0.275109 0.000146 0.266106 0.922185 1 1 1.000000
0 -0.026701 -0.002793 1.297920 -0.817355 -0.576073 -0.008380 0.159151 0.922185 2 2 0.710000 1 0.290000
0 -0.039123 0.038021 1.306300 -0.993088 0.116440 0.014740 0.159151 0.918285 2 2 0.710000 1 0.290000
Silica_def_body.png
0 -0.039123 0.038021 1.306300 -0.993088 0.116440 0.014740 0.159151 0.918285 2 2 0.710000 1 0.290000
0 -0.039081 0.039895 1.263609 -0.823857 0.566036 0.029361 0.266106 0.918285 1 1 1.000000
0 -0.028336 0.000292 1.245339 -0.961413 -0.275109 0.000146 0.266106 0.922185 1 1 1.000000
Silica_def_body.png
0 -0.000002 -0.022266 1.285656 -0.000008 -0.993533 -0.113545 0.175605 0.996298 2 2 0.710000 1 0.290000
0 -0.026701 -0.002793 1.297920 -0.817355 -0.576073 -0.008380 0.159151 0.922185 2 2 0.710000 1 0.290000
0 -0.028336 0.000292 1.245339 -0.532687 -0.840839 -0.096094 0.266106 0.926086 1 1 1.000000
Silica_def_body.png
0 -0.039081 0.039895 1.263609 -0.823857 0.566036 0.029361 0.266106 0.918285 1 1 1.000000
0 -0.039123 0.038021 1.306300 -0.993088 0.116440 0.014740 0.159151 0.918285 2 2 0.710000 1 0.290000
0 -0.000003 0.063613 1.299635 -0.000264 0.998711 0.050751 0.183833 0.918285 2 2 0.710000 1 0.290000
Silica_def_body.png
0 0.130381 0.040087 1.157140 0.073686 -0.107914 -0.991426 0.702153 0.902682 2 3 0.780000 1 0.220000
0 0.167899 0.009555 1.178040 0.040484 -0.530048 -0.847000 0.743289 0.945589 1 3 1.000000
0 0.109194 0.007317 1.182916 0.276849 -0.601762 -0.749158 0.767971 0.937788 2 1 0.540000 3 0.460000
Silica_def_body.png
0 0.109194 0.007317 1.182916 0.276849 -0.601762 -0.749158 0.767971 0.937788 2 1 0.540000 3 0.460000
0 0.098892 0.035706 1.152820 0.757209 -0.058046 -0.650588 0.718607 0.883179 1 1 1.000000
0 0.130381 0.040087 1.157140 0.073686 -0.107914 -0.991426 0.702153 0.902682 2 3 0.780000 1 0.220000
Silica_def_body.png
0 0.111054 0.086746 1.177724 0.169607 0.385651 -0.906922 0.735062 0.988497 2 1 0.500000 3 0.500000
0 0.130381 0.040087 1.157140 0.073686 -0.107914 -0.991426 0.702153 0.902682 2 3 0.780000 1 0.220000
0 0.098892 0.035706 1.152820 0.757209 -0.058046 -0.650588 0.718607 0.883179 1 1 1.000000
Silica_def_body.png
0 0.098892 0.035706 1.152820 0.757209 -0.058046 -0.650588 0.718607 0.883179 1 1 1.000000
0 0.079599 0.092045 1.163180 0.590359 0.629796 -0.504810 0.817335 0.957291 1 1 1.000000
0 0.111054 0.086746 1.177724 0.169607 0.385651 -0.906922 0.735062 0.988497 2 1 0.500000 3 0.500000
Silica_def_body.png
0 0.130381 0.040087 1.157140 0.073686 -0.107914 -0.991426 0.702153 0.902682 2 3 0.780000 1 0.220000
0 0.111054 0.086746 1.177724 0.169607 0.385651 -0.906922 0.735062 0.988497 2 1 0.500000 3 0.500000
0 0.163719 0.073429 1.171419 0.022800 0.374228 -0.927056 0.677471 0.933887 1 3 1.000000
Silica_def_body.png
0 0.163719 0.073429 1.171419 0.022800 0.374228 -0.927056 0.677471 0.933887 1 3 1.000000
0 0.177195 0.044469 1.161460 0.097077 -0.057512 -0.993614 0.693925 0.926086 1 3 1.000000
0 0.130381 0.040087 1.157140 0.073686 -0.107914 -0.991426 0.702153 0.902682 2 3 0.780000 1 0.220000
Silica_def_body.png
0 0.167899 0.009555 1.178040 0.040484 -0.530048 -0.847000 0.743289 0.945589 1 3 1.000000
0 0.130381 0.040087 1.157140 0.073686 -0.107914 -0.991426 0.702153 0.902682 2 3 0.780000 1 0.220000
0 0.177195 0.044469 1.161460 0.097077 -0.057512 -0.993614 0.693925 0.926086 1 3 1.000000
Silica_def_body.png
0 0.098892 0.035706 1.152820 0.757209 -0.058046 -0.650588 0.718607 0.883179 1 1 1.000000
0 0.109194 0.007317 1.182916 0.276849 -0.601762 -0.749158 0.767971 0.937788 2 1 0.540000 3 0.460000
0 0.074792 -0.031996 1.175115 0.927398 -0.344673 -0.145373 0.784426 0.887079 1 1 1.000000
Silica_def_body.png
0 -0.091161 0.009093 1.130861 -0.991522 -0.104591 -0.077098 0.735062 0.859775 1 1 1.000000
0 -0.091161 0.009093 1.130861 -0.991522 -0.104591 -0.077098 0.735062 0.859775 1 1 1.000000
0 -0.083094 -0.025232 1.137329 -0.953401 -0.275374 0.123266 0.702153 0.863675 1 1 1.000000
Silica_def_body.png
0 -0.083094 -0.025232 1.137329 -0.953401 -0.275374 0.123266 0.702153 0.863675 1 1 1.000000
0 -0.074881 -0.031996 1.175115 -0.927429 -0.344173 -0.146358 0.784426 0.887079 1 1 1.000000
0 -0.091161 0.009093 1.130861 -0.991522 -0.104591 -0.077098 0.735062 0.859775 1 1 1.000000
Silica_def_body.png
0 -0.098896 0.035706 1.152820 -0.757258 -0.058045 -0.650531 0.718607 0.883179 1 1 1.000000
0 -0.091161 0.009093 1.130861 -0.991522 -0.104591 -0.077098 0.735062 0.859775 1 1 1.000000
0 -0.074881 -0.031996 1.175115 -0.927429 -0.344173 -0.146358 0.784426 0.887079 1 1 1.000000
Silica_def_body.png
0 -0.074881 -0.031996 1.175115 -0.927429 -0.344173 -0.146358 0.784426 0.887079 1 1 1.000000
0 -0.109198 0.007317 1.182916 -0.277162 -0.601627 -0.749151 0.767971 0.937788 2 1 0.540000 6 0.460000
0 -0.098896 0.035706 1.152820 -0.757258 -0.058045 -0.650531 0.718607 0.883179 1 1 1.000000
Silica_def_body.png
0 -0.130385 0.040087 1.157140 -0.073687 -0.107914 -0.991426 0.702153 0.902682 2 6 0.780000 1 0.220000
0 -0.098896 0.035706 1.152820 -0.757258 -0.058045 -0.650531 0.718607 0.883179 1 1 1.000000
0 -0.109198 0.007317 1.182916 -0.277162 -0.601627 -0.749151 0.767971 0.937788 2 1 0.540000 6 0.460000
Silica_def_body.png
0 -0.109198 0.007317 1.182916 -0.277162 -0.601627 -0.749151 0.767971 0.937788 2 1 0.540000 6 0.460000
0 -0.167902 0.009555 1.178040 -0.040485 -0.530048 -0.847000 0.735062 0.949490 1 6 1.000000
0 -0.130385 0.040087 1.157140 -0.073687 -0.107914 -0.991426 0.702153 0.902682 2 6 0.780000 1 0.220000
Silica_def_body.png
0 -0.177198 0.044469 1.161460 -0.097079 -0.057512 -0.993614 0.693925 0.926086 1 6 1.000000
0 -0.130385 0.040087 1.157140 -0.073687 -0.107914 -0.991426 0.702153 0.902682 2 6 0.780000 1 0.220000
0 -0.167902 0.009555 1.178040 -0.040485 -0.530048 -0.847000 0.735062 0.949490 1 6 1.000000
Silica_def_body.png
0 -0.130385 0.040087 1.157140 -0.073687 -0.107914 -0.991426 0.702153 0.902682 2 6 0.780000 1 0.220000
0 -0.177198 0.044469 1.161460 -0.097079 -0.057512 -0.993614 0.693925 0.926086 1 6 1.000000
0 -0.163722 0.073429 1.171419 -0.022801 0.374229 -0.927056 0.677471 0.933887 1 6 1.000000
Silica_def_body.png
0 -0.163722 0.073429 1.171419 -0.022801 0.374229 -0.927056 0.677471 0.933887 1 6 1.000000
0 -0.111057 0.086746 1.177724 -0.169962 0.385555 -0.906896 0.735062 0.988497 2 1 0.500000 6 0.500000
0 -0.130385 0.040087 1.157140 -0.073687 -0.107914 -0.991426 0.702153 0.902682 2 6 0.780000 1 0.220000
Silica_def_body.png
0 -0.098896 0.035706 1.152820 -0.757258 -0.058045 -0.650531 0.718607 0.883179 1 1 1.000000
0 -0.130385 0.040087 1.157140 -0.073687 -0.107914 -0.991426 0.702153 0.902682 2 6 0.780000 1 0.220000
0 -0.111057 0.086746 1.177724 -0.169962 0.385555 -0.906896 0.735062 0.988497 2 1 0.500000 6 0.500000
Silica_def_body.png
0 -0.111057 0.086746 1.177724 -0.169962 0.385555 -0.906896 0.735062 0.988497 2 1 0.500000 6 0.500000
0 -0.079689 0.092045 1.163180 -0.590623 0.629154 -0.505302 0.817335 0.957291 1 1 1.000000
0 -0.098896 0.035706 1.152820 -0.757258 -0.058045 -0.650531 0.718607 0.883179 1 1 1.000000
Silica_def_body.png
0 -0.074881 -0.031996 1.175115 -0.492206 -0.719696 0.489663 0.002832 0.469708 1 1 1.000000
0 -0.056966 -0.051034 1.165662 -0.494113 -0.712403 0.498331 0.043969 0.547722 1 1 1.000000
0 -0.050239 -0.040368 1.187580 -0.419303 -0.692697 0.586818 0.076878 0.465808 1 1 1.000000
Silica_def_body.png
0 -0.050239 -0.040368 1.187580 -0.419303 -0.692697 0.586818 0.076878 0.465808 1 1 1.000000
0 -0.088258 0.008095 1.222074 -0.300188 -0.604290 0.738052 0.002832 0.352688 1 1 1.000000
0 -0.074881 -0.031996 1.175115 -0.492206 -0.719696 0.489663 0.002832 0.469708 1 1 1.000000
Silica_def_body.png
0 -0.074881 -0.031996 1.175115 -0.751000 -0.556812 0.354908 0.611652 0.957291 1 1 1.000000
0 -0.083094 -0.025232 1.137329 -0.953401 -0.275374 0.123266 0.702153 0.863675 1 1 1.000000
0 -0.069024 -0.064754 1.136115 -0.646161 -0.690080 0.325984 0.554061 0.863675 1 1 1.000000
Silica_def_body.png
0 -0.069024 -0.064754 1.136115 -0.646161 -0.690080 0.325984 0.554061 0.863675 1 1 1.000000
0 -0.056966 -0.051034 1.165662 -0.356918 -0.799246 0.483544 0.545834 0.929987 1 1 1.000000
0 -0.074881 -0.031996 1.175115 -0.751000 -0.556812 0.354908 0.611652 0.957291 1 1 1.000000
Silica_def_body.png
0 0.000000 0.165045 0.850292 0.000000 0.788234 0.615376 0.282560 0.216165 2 9 0.710000 16 0.290000
0 -0.085402 0.067684 0.936365 -0.598155 0.523773 0.606525 0.455334 0.450205 1 9 1.000000
0 0.000000 0.096382 0.941530 -0.000003 0.779739 0.626105 0.282560 0.461907 1 9 1.000000
Silica_def_body.png
0 0.000000 0.096382 0.941530 -0.000003 0.779739 0.626105 0.282560 0.461907 1 9 1.000000
0 0.085402 0.067684 0.936365 0.598142 0.523766 0.606543 0.455334 0.450205 1 9 1.000000
0 0.000000 0.165045 0.850292 0.000000 0.788234 0.615376 0.282560 0.216165 2 9 0.710000 16 0.290000
Silica_def_body.png
0 0.131657 0.110804 0.844421 0.634623 0.465697 0.616750 0.455334 0.223966 3 10 0.460000 16 0.290000 9 0.250000
0 0.000000 0.165045 0.850292 0.000000 0.788234 0.615376 0.282560 0.216165 2 9 0.710000 16 0.290000
0 0.085402 0.067684 0.936365 0.598142 0.523766 0.606543 0.455334 0.450205 1 9 1.000000
Silica_def_body.png
0 0.085402 0.067684 0.936365 0.598142 0.523766 0.606543 0.455334 0.450205 1 9 1.000000
0 0.107877 -0.001832 0.927917 0.840168 -0.171674 0.514438 0.578743 0.446304 1 9 1.000000
0 0.131657 0.110804 0.844421 0.634623 0.465697 0.616750 0.455334 0.223966 3 10 0.460000 16 0.290000 9 0.250000
Silica_def_body.png
0 0.131657 0.110804 0.844421 0.634623 0.465697 0.616750 0.455334 0.223966 3 10 0.460000 16 0.290000 9 0.250000
0 0.206062 0.003848 0.787755 0.791163 -0.054592 0.609164 0.512925 0.032834 2 9 0.800000 10 0.200000
0 0.159726 0.143240 0.793833 0.583785 0.496600 0.642326 0.463561 0.032834 3 10 0.510000 16 0.290000 9 0.200000
Silica_def_body.png
0 0.159726 0.143240 0.793833 0.583785 0.496600 0.642326 0.463561 0.032834 3 10 0.510000 16 0.290000 9 0.200000
0 0.026439 0.210549 0.787092 0.320679 0.703075 0.634705 0.282560 0.009430 2 9 0.610000 16 0.390000
0 0.131657 0.110804 0.844421 0.634623 0.465697 0.616750 0.455334 0.223966 3 10 0.460000 16 0.290000 9 0.250000
Silica_def_body.png
0 0.000000 0.165045 0.850292 0.000000 0.788234 0.615376 0.282560 0.216165 2 9 0.710000 16 0.290000
0 0.131657 0.110804 0.844421 0.634623 0.465697 0.616750 0.455334 0.223966 3 10 0.460000 16 0.290000 9 0.250000
0 0.026439 0.210549 0.787092 0.320679 0.703075 0.634705 0.282560 0.009430 2 9 0.610000 16 0.390000
Silica_def_body.png
0 0.103012 -0.090188 0.821679 0.511027 -0.772953 0.376024 0.702153 0.220066 3 9 0.700000 17 0.200000 10 0.100000
0 0.107877 -0.001832 0.927917 0.840168 -0.171674 0.514438 0.578743 0.446304 1 9 1.000000
0 0.065948 -0.069299 0.919897 0.578743 -0.731004 0.361511 0.792653 0.419000 1 9 1.000000
Silica_def_body.png
0 0.065948 -0.069299 0.919897 0.578743 -0.731004 0.361511 0.792653 0.419000 1 9 1.000000
0 0.000000 -0.096542 0.911167 -0.000002 -0.950053 0.312088 0.990108 0.391695 1 9 1.000000
0 0.103012 -0.090188 0.821679 0.511027 -0.772953 0.376024 0.702153 0.220066 3 9 0.700000 17 0.200000 10 0.100000
Silica_def_body.png
0 0.000000 -0.129669 0.812206 -0.000000 -0.940241 0.340509 0.990108 0.208364 2 9 0.610000 17 0.390000
0 0.103012 -0.090188 0.821679 0.511027 -0.772953 0.376024 0.702153 0.220066 3 9 0.700000 17 0.200000 10 0.100000
0 0.000000 -0.096542 0.911167 -0.000002 -0.950053 0.312088 0.990108 0.391695 1 9 1.000000
Silica_def_body.png
0 0.000000 -0.156154 0.744288 -0.000000 -0.931864 0.362808 0.948972 0.001629 2 9 0.500000 17 0.500000
0 0.123659 -0.106402 0.761465 0.572219 -0.702366 0.423377 0.595198 0.025033 3 17 0.460000 10 0.290000 9 0.250000
0 0.103012 -0.090188 0.821679 0.511027 -0.772953 0.376024 0.702153 0.220066 3 9 0.700000 17 0.200000 10 0.100000
Silica_def_body.png
0 0.103012 -0.090188 0.821679 0.511027 -0.772953 0.376024 0.702153 0.220066 3 9 0.700000 17 0.200000 10 0.100000
0 0.000000 -0.129669 0.812206 -0.000000 -0.940241 0.340509 0.990108 0.208364 2 9 0.610000 17 0.390000
0 0.000000 -0.156154 0.744288 -0.000000 -0.931864 0.362808 0.948972 0.001629 2 9 0.500000 17 0.500000
Silica_def_body.png
0 -0.131657 0.110804 0.844421 -0.634623 0.465697 0.616750 0.455334 0.223966 3 13 0.460000 16 0.290000 9 0.250000
0 -0.085402 0.067684 0.936365 -0.598155 0.523773 0.606525 0.455334 0.450205 1 9 1.000000
0 0.000000 0.165045 0.850292 0.000000 0.788234 0.615376 0.282560 0.216165 2 9 0.710000 16 0.290000
Silica_def_body.png
0 0.000000 0.165045 0.850292 0.000000 0.788234 0.615376 0.282560 0.216165 2 9 0.710000 16 0.290000
0 -0.026439 0.210549 0.787092 -0.320679 0.703075 0.634705 0.282560 0.009430 2 9 0.610000 16 0.390000
0 -0.131657 0.110804 0.844421 -0.634623 0.465697 0.616750 0.455334 0.223966 3 13 0.460000 16 0.290000 9 0.250000
Silica_def_body.png
0 -0.159726 0.143240 0.793833 -0.583785 0.496600 0.642326 0.463561 0.032834 3 13 0.510000 16 0.290000 9 0.200000
0 -0.131657 0.110804 0.844421 -0.634623 0.465697 0.616750 0.455334 0.223966 3 13 0.460000 16 0.290000 9 0.250000
0 -0.026439 0.210549 0.787092 -0.320679 0.703075 0.634705 0.282560 0.009430 2 9 0.610000 16 0.390000
Silica_def_body.png
0 -0.107877 -0.001832 0.927917 -0.840176 -0.171673 0.514425 0.578743 0.446304 1 9 1.000000
0 -0.085402 0.067684 0.936365 -0.598155 0.523773 0.606525 0.455334 0.450205 1 9 1.000000
0 -0.131657 0.110804 0.844421 -0.634623 0.465697 0.616750 0.455334 0.223966 3 13 0.460000 16 0.290000 9 0.250000
Silica_def_body.png
0 -0.206062 0.003848 0.787755 -0.791163 -0.054592 0.609164 0.512925 0.032834 2 9 0.800000 13 0.200000
0 -0.131657 0.110804 0.844421 -0.634623 0.465697 0.616750 0.455334 0.223966 3 13 0.460000 16 0.290000 9 0.250000
0 -0.159726 0.143240 0.793833 -0.583785 0.496600 0.642326 0.463561 0.032834 3 13 0.510000 16 0.290000 9 0.200000
Silica_def_body.png
0 -0.103012 -0.090188 0.821679 -0.511027 -0.772954 0.376024 0.702153 0.220066 3 9 0.710000 17 0.190000 13 0.100000
0 0.000000 -0.129669 0.812206 -0.000000 -0.940241 0.340509 0.990108 0.208364 2 9 0.610000 17 0.390000
0 0.000000 -0.096542 0.911167 -0.000002 -0.950053 0.312088 0.990108 0.391695 1 9 1.000000
Silica_def_body.png
0 0.000000 -0.096542 0.911167 -0.000002 -0.950053 0.312088 0.990108 0.391695 1 9 1.000000
0 -0.065948 -0.069299 0.919897 -0.578757 -0.731008 0.361481 0.792653 0.419000 1 9 1.000000
0 -0.103012 -0.090188 0.821679 -0.511027 -0.772954 0.376024 0.702153 0.220066 3 9 0.710000 17 0.190000 13 0.100000
Silica_def_body.png
0 -0.107877 -0.001832 0.927917 -0.840176 -0.171673 0.514425 0.578743 0.446304 1 9 1.000000
0 -0.103012 -0.090188 0.821679 -0.511027 -0.772954 0.376024 0.702153 0.220066 3 9 0.710000 17 0.190000 13 0.100000
0 -0.065948 -0.069299 0.919897 -0.578757 -0.731008 0.361481 0.792653 0.419000 1 9 1.000000
Silica_def_body.png
0 -0.103012 -0.090188 0.821679 -0.511027 -0.772954 0.376024 0.702153 0.220066 3 9 0.710000 17 0.190000 13 0.100000
0 -0.123659 -0.106402 0.761465 -0.572219 -0.702366 0.423377 0.595198 0.025033 3 17 0.460000 13 0.290000 9 0.250000
0 0.000000 -0.156154 0.744288 -0.000000 -0.931864 0.362808 0.948972 0.001629 2 9 0.500000 17 0.500000
Silica_def_body.png
0 0.000000 -0.156154 0.744288 -0.000000 -0.931864 0.362808 0.948972 0.001629 2 9 0.500000 17 0.500000
0 0.000000 -0.129669 0.812206 -0.000000 -0.940241 0.340509 0.990108 0.208364 2 9 0.610000 17 0.390000
0 -0.103012 -0.090188 0.821679 -0.511027 -0.772954 0.376024 0.702153 0.220066 3 9 0.710000 17 0.190000 13 0.100000
Silica_def_body.png
0 0.131657 0.110804 0.844421 0.634623 0.465697 0.616750 0.455334 0.223966 3 10 0.460000 16 0.290000 9 0.250000
0 0.107877 -0.001832 0.927917 0.840168 -0.171674 0.514438 0.578743 0.446304 1 9 1.000000
0 0.168458 0.002718 0.835407 0.793993 -0.279647 0.539789 0.529379 0.223966 3 9 0.610000 10 0.200000 0 0.190000
Silica_def_body.png
0 0.168458 0.002718 0.835407 0.793993 -0.279647 0.539789 0.529379 0.223966 3 9 0.610000 10 0.200000 0 0.190000
0 0.206062 0.003848 0.787755 0.791163 -0.054592 0.609164 0.512925 0.032834 2 9 0.800000 10 0.200000
0 0.131657 0.110804 0.844421 0.634623 0.465697 0.616750 0.455334 0.223966 3 10 0.460000 16 0.290000 9 0.250000
Silica_def_body.png
0 0.168458 0.002718 0.835407 0.793993 -0.279647 0.539789 0.529379 0.223966 3 9 0.610000 10 0.200000 0 0.190000
0 0.107877 -0.001832 0.927917 0.840168 -0.171674 0.514438 0.578743 0.446304 1 9 1.000000
0 0.103012 -0.090188 0.821679 0.511027 -0.772953 0.376024 0.702153 0.220066 3 9 0.700000 17 0.200000 10 0.100000
Silica_def_body.png
0 0.103012 -0.090188 0.821679 0.511027 -0.772953 0.376024 0.702153 0.220066 3 9 0.700000 17 0.200000 10 0.100000
0 0.123659 -0.106402 0.761465 0.572219 -0.702366 0.423377 0.595198 0.025033 3 17 0.460000 10 0.290000 9 0.250000
0 0.168458 0.002718 0.835407 0.793993 -0.279647 0.539789 0.529379 0.223966 3 9 0.610000 10 0.200000 0 0.190000
Silica_def_body.png
0 0.206062 0.003848 0.787755 0.791163 -0.054592 0.609164 0.512925 0.032834 2 9 0.800000 10 0.200000
0 0.168458 0.002718 0.835407 0.793993 -0.279647 0.539789 0.529379 0.223966 3 9 0.610000 10 0.200000 0 0.190000
0 0.123659 -0.106402 0.761465 0.572219 -0.702366 0.423377 0.595198 0.025033 3 17 0.460000 10 0.290000 9 0.250000
Silica_def_body.png
0 -0.168458 0.002718 0.835407 -0.793993 -0.279647 0.539789 0.529379 0.223966 3 9 0.610000 13 0.200000 0 0.190000
0 -0.107877 -0.001832 0.927917 -0.840176 -0.171673 0.514425 0.578743 0.446304 1 9 1.000000
0 -0.131657 0.110804 0.844421 -0.634623 0.465697 0.616750 0.455334 0.223966 3 13 0.460000 16 0.290000 9 0.250000
Silica_def_body.png
0 -0.131657 0.110804 0.844421 -0.634623 0.465697 0.616750 0.455334 0.223966 3 13 0.460000 16 0.290000 9 0.250000
0 -0.206062 0.003848 0.787755 -0.791163 -0.054592 0.609164 0.512925 0.032834 2 9 0.800000 13 0.200000
0 -0.168458 0.002718 0.835407 -0.793993 -0.279647 0.539789 0.529379 0.223966 3 9 0.610000 13 0.200000 0 0.190000
Silica_def_body.png
0 -0.168458 0.002718 0.835407 -0.793993 -0.279647 0.539789 0.529379 0.223966 3 9 0.610000 13 0.200000 0 0.190000
0 -0.206062 0.003848 0.787755 -0.791163 -0.054592 0.609164 0.512925 0.032834 2 9 0.800000 13 0.200000
0 -0.123659 -0.106402 0.761465 -0.572219 -0.702366 0.423377 0.595198 0.025033 3 17 0.460000 13 0.290000 9 0.250000
Silica_def_body.png
0 -0.123659 -0.106402 0.761465 -0.572219 -0.702366 0.423377 0.595198 0.025033 3 17 0.460000 13 0.290000 9 0.250000
0 -0.103012 -0.090188 0.821679 -0.511027 -0.772954 0.376024 0.702153 0.220066 3 9 0.710000 17 0.190000 13 0.100000
0 -0.168458 0.002718 0.835407 -0.793993 -0.279647 0.539789 0.529379 0.223966 3 9 0.610000 13 0.200000 0 0.190000
Silica_def_body.png
0 -0.107877 -0.001832 0.927917 -0.840176 -0.171673 0.514425 0.578743 0.446304 1 9 1.000000
0 -0.168458 0.002718 0.835407 -0.793993 -0.279647 0.539789 0.529379 0.223966 3 9 0.610000 13 0.200000 0 0.190000
0 -0.103012 -0.090188 0.821679 -0.511027 -0.772954 0.376024 0.702153 0.220066 3 9 0.710000 17 0.190000 13 0.100000
end
