version 1
nodes
0 "root" -1
1 "spine" 0
2 "neck" 1
3 "l_shoulder" 1
4 "l_elbow" 3
5 "l_wrist" 4
6 "r_shoulder" 1
7 "r_elbow" 6
8 "r_wrist" 7
9 "hip" 0
10 "l_thigh" 9
11 "l_knee" 10
12 "l_ankle" 11
13 "r_thigh" 9
14 "r_knee" 13
15 "r_ankle" 14
end
skeleton
time 0
0 0.000000 -0.000345 1.006427 1.570796 -0.000000 0.000000
1 0.000000 0.143846 0.000547 0.000000 -0.000000 0.000000
2 0.000000 0.271121 -0.025939 0.000000 -0.000000 0.000000
3 0.122221 0.209319 -0.048624 0.000000 -0.000000 0.000000
4 0.255526 0.000000 -0.002775 0.000000 -0.000000 0.000000
5 0.230008 0.000000 0.003485 0.000000 -0.000000 0.000000
6 -0.122221 0.209317 -0.048624 0.000000 -0.000000 0.000000
7 -0.255526 0.000000 -0.002775 0.000000 -0.000000 0.000000
8 -0.230008 0.000000 0.003485 1.570797 -0.000000 0.000000
9 0.000000 -0.000000 0.000000 0.000000 -0.000000 0.000000
10 0.081481 -0.122598 0.000152 0.000000 -0.000000 0.000000
11 0.000000 -0.394207 -0.017644 0.000000 -0.000000 0.000000
12 0.000000 -0.387901 -0.017902 0.000000 -0.000000 0.000000
13 -0.081481 -0.122598 0.000152 0.000000 -0.000000 0.000000
14 0.000000 -0.394207 -0.017644 0.000000 -0.000000 0.000000
15 0.000000 -0.387901 -0.017902 0.000000 -0.000000 0.000000
end
triangles
Kirito_def_arms.png
0 0.658671 0.000133 1.337145 0.155480 -0.820125 0.550654 0.121837 0.890388 1 5 1.000000
0 0.684508 0.015888 1.325537 0.296303 0.227766 0.927538 0.098505 0.804651 1 5 1.000000
0 0.659094 0.026640 1.320100 0.908370 0.215822 0.358169 0.137391 0.843622 1 5 1.000000
Kirito_def_arms.png
0 0.659094 0.026640 1.320100 0.908370 0.215822 0.358169 0.137391 0.843622 1 5 1.000000
0 0.676910 0.007204 1.360687 0.338210 -0.866148 0.367969 0.137391 0.820240 1 5 1.000000
0 0.658671 0.000133 1.337145 0.155480 -0.820125 0.550654 0.121837 0.890388 1 5 1.000000
Kirito_def_arms.png
0 0.599143 0.019712 1.361568 -0.301739 -0.888258 0.346338 0.145169 0.995610 1 5 1.000000
0 0.658671 0.000133 1.337145 0.155480 -0.820125 0.550654 0.121837 0.890388 1 5 1.000000
0 0.676910 0.007204 1.360687 0.338210 -0.866148 0.367969 0.137391 0.820240 1 5 1.000000
Kirito_def_arms.png
0 0.676910 0.007204 1.360687 0.338210 -0.866148 0.367969 0.137391 0.820240 1 5 1.000000
0 0.683741 0.031776 1.385912 0.266251 -0.474863 0.838818 0.238497 0.808548 1 5 1.000000
0 0.599143 0.019712 1.361568 -0.301739 -0.888258 0.346338 0.145169 0.995610 1 5 1.000000
Kirito_def_arms.png
0 0.599143 0.046966 1.386960 -0.084119 0.031996 0.995942 0.312381 0.995610 1 5 1.000000
0 0.599143 0.019712 1.361568 -0.301739 -0.888258 0.346338 0.145169 0.995610 1 5 1.000000
0 0.683741 0.031776 1.385912 0.266251 -0.474863 0.838818 0.238497 0.808548 1 5 1.000000
Kirito_def_arms.png
0 0.683741 0.031776 1.385912 0.266251 -0.474863 0.838818 0.238497 0.808548 1 5 1.000000
0 0.689220 0.080029 1.377861 0.285498 0.600561 0.746872 0.440707 0.808548 1 5 1.000000
0 0.599143 0.046966 1.386960 -0.084119 0.031996 0.995942 0.312381 0.995610 1 5 1.000000
Kirito_def_arms.png
0 0.599143 0.078077 1.363398 -0.159717 0.940092 0.301192 0.479594 0.995610 1 5 1.000000
0 0.599143 0.046966 1.386960 -0.084119 0.031996 0.995942 0.312381 0.995610 1 5 1.000000
0 0.689220 0.080029 1.377861 0.285498 0.600561 0.746872 0.440707 0.808548 1 5 1.000000
Kirito_def_arms.png
0 0.689220 0.080029 1.377861 0.285498 0.600561 0.746872 0.440707 0.808548 1 5 1.000000
0 0.685068 0.090557 1.358869 0.055144 0.788841 -0.612118 0.487371 0.824137 1 5 1.000000
0 0.599143 0.078077 1.363398 -0.159717 0.940092 0.301192 0.479594 0.995610 1 5 1.000000
Kirito_def_arms.png
0 0.599143 0.057930 1.334039 -0.055040 0.451196 -0.890726 0.569033 0.995610 1 5 1.000000
0 0.599143 0.078077 1.363398 -0.159717 0.940092 0.301192 0.479594 0.995610 1 5 1.000000
0 0.685068 0.090557 1.358869 0.055144 0.788841 -0.612118 0.487371 0.824137 1 5 1.000000
Kirito_def_arms.png
0 0.685068 0.090557 1.358869 0.055144 0.788841 -0.612118 0.487371 0.824137 1 5 1.000000
0 0.641624 0.054756 1.336505 0.287729 0.384873 -0.876975 0.569033 0.929359 1 5 1.000000
0 0.599143 0.057930 1.334039 -0.055040 0.451196 -0.890726 0.569033 0.995610 1 5 1.000000
Kirito_def_arms.png
0 0.635105 0.006101 1.319517 -0.072873 0.295811 -0.952463 0.817907 0.937153 1 5 1.000000
0 0.599143 0.057930 1.334039 -0.055040 0.451196 -0.890726 0.569033 0.995610 1 5 1.000000
0 0.641624 0.054756 1.336505 0.287729 0.384873 -0.876975 0.569033 0.929359 1 5 1.000000
Kirito_def_arms.png
0 0.641624 0.054756 1.336505 0.287729 0.384873 -0.876975 0.569033 0.929359 1 5 1.000000
0 0.659094 0.026640 1.320100 0.311652 0.346010 -0.884958 0.833462 0.863108 1 5 1.000000
0 0.635105 0.006101 1.319517 -0.072873 0.295811 -0.952463 0.817907 0.937153 1 5 1.000000
Kirito_def_arms.png
0 0.684508 0.015888 1.325537 -0.019387 0.515792 -0.856494 0.891792 0.843622 1 5 1.000000
0 0.635105 0.006101 1.319517 -0.072873 0.295811 -0.952463 0.817907 0.937153 1 5 1.000000
0 0.659094 0.026640 1.320100 0.311652 0.346010 -0.884958 0.833462 0.863108 1 5 1.000000
Kirito_def_arms.png
0 0.606369 0.059740 1.330630 0.006887 0.486335 -0.873745 0.149057 0.485088 1 5 1.000000
0 0.580534 0.035660 1.328614 0.012471 0.070126 -0.997460 0.005177 0.586413 1 5 1.000000
0 0.580535 0.059740 1.330630 0.000000 0.492110 -0.870533 0.005177 0.485088 1 5 1.000000
Kirito_def_arms.png
0 0.580535 0.059740 1.330630 0.000000 0.492110 -0.870533 0.005177 0.485088 1 5 1.000000
0 0.580535 0.083130 1.363029 0.000028 0.985814 -0.167839 0.005177 0.383763 1 5 1.000000
0 0.606369 0.059740 1.330630 0.006887 0.486335 -0.873745 0.149057 0.485088 1 5 1.000000
Kirito_def_arms.png
0 0.606369 0.083129 1.363028 0.000040 0.898448 0.439080 0.149057 0.383763 1 5 1.000000
0 0.606369 0.059740 1.330630 0.006887 0.486335 -0.873745 0.149057 0.485088 1 5 1.000000
0 0.580535 0.083130 1.363029 0.000028 0.985814 -0.167839 0.005177 0.383763 1 5 1.000000
Kirito_def_arms.png
0 0.580535 0.083130 1.363029 0.000028 0.985814 -0.167839 0.005177 0.383763 1 5 1.000000
0 0.580534 0.046375 1.391529 0.000046 0.231805 0.972762 0.005177 0.251261 1 5 1.000000
0 0.606369 0.083129 1.363028 0.000040 0.898448 0.439080 0.149057 0.383763 1 5 1.000000
Kirito_def_arms.png
0 0.606369 0.046375 1.391528 0.000035 -0.307011 0.951706 0.149057 0.251261 1 5 1.000000
0 0.606369 0.083129 1.363028 0.000040 0.898448 0.439080 0.149057 0.383763 1 5 1.000000
0 0.580534 0.046375 1.391529 0.000046 0.231805 0.972762 0.005177 0.251261 1 5 1.000000
Kirito_def_arms.png
0 0.580534 0.046375 1.391529 0.000046 0.231805 0.972762 0.005177 0.251261 1 5 1.000000
0 0.580534 0.013041 1.361233 -0.066018 -0.985585 0.155766 0.005177 0.110964 1 5 1.000000
0 0.606369 0.046375 1.391528 0.000035 -0.307011 0.951706 0.149057 0.251261 1 5 1.000000
Kirito_def_arms.png
0 0.606368 0.013041 1.361232 0.000007 -0.982302 0.187302 0.149057 0.110964 1 5 1.000000
0 0.606369 0.046375 1.391528 0.000035 -0.307011 0.951706 0.149057 0.251261 1 5 1.000000
0 0.580534 0.013041 1.361233 -0.066018 -0.985585 0.155766 0.005177 0.110964 1 5 1.000000
Kirito_def_arms.png
0 0.580534 0.013041 1.361233 -0.066018 -0.985585 0.155766 0.005177 0.110964 1 5 1.000000
0 0.606368 0.028922 1.328876 -0.102915 -0.857979 -0.503270 0.149057 0.017434 1 5 1.000000
0 0.606368 0.013041 1.361232 0.000007 -0.982302 0.187302 0.149057 0.110964 1 5 1.000000
Kirito_def_arms.png
0 0.683741 0.031776 1.385912 0.266251 -0.474863 0.838818 0.238497 0.808548 1 5 1.000000
0 0.676910 0.007204 1.360687 0.338210 -0.866148 0.367969 0.137391 0.820240 1 5 1.000000
0 0.706158 0.015247 1.344507 0.625496 -0.699665 0.345288 0.187944 0.707223 1 5 1.000000
Kirito_def_arms.png
0 0.706158 0.015247 1.344507 0.625496 -0.699665 0.345288 0.187944 0.707223 1 5 1.000000
0 0.734311 0.045995 1.352731 0.976891 -0.067867 0.202678 0.316270 0.613693 1 5 1.000000
0 0.683741 0.031776 1.385912 0.266251 -0.474863 0.838818 0.238497 0.808548 1 5 1.000000
Kirito_def_arms.png
0 0.689220 0.080029 1.377861 0.285498 0.600561 0.746872 0.440707 0.808548 1 5 1.000000
0 0.683741 0.031776 1.385912 0.266251 -0.474863 0.838818 0.238497 0.808548 1 5 1.000000
0 0.734311 0.045995 1.352731 0.976891 -0.067867 0.202678 0.316270 0.613693 1 5 1.000000
Kirito_def_arms.png
0 0.734311 0.045995 1.352731 0.976891 -0.067867 0.202678 0.316270 0.613693 1 5 1.000000
0 0.703926 0.085969 1.344485 0.190235 0.849316 -0.492415 0.479594 0.695532 1 5 1.000000
0 0.689220 0.080029 1.377861 0.285498 0.600561 0.746872 0.440707 0.808548 1 5 1.000000
Kirito_def_arms.png
0 0.685068 0.090557 1.358869 0.055144 0.788841 -0.612118 0.487371 0.824137 1 5 1.000000
0 0.689220 0.080029 1.377861 0.285498 0.600561 0.746872 0.440707 0.808548 1 5 1.000000
0 0.703926 0.085969 1.344485 0.190235 0.849316 -0.492415 0.479594 0.695532 1 5 1.000000
Kirito_def_arms.png
0 0.703926 0.085969 1.344485 0.190235 0.849316 -0.492415 0.479594 0.695532 1 5 1.000000
0 0.676910 0.007204 1.360687 0.089587 0.193645 -0.976973 0.798464 0.820240 1 5 1.000000
0 0.685068 0.090557 1.358869 0.055144 0.788841 -0.612118 0.487371 0.824137 1 5 1.000000
Kirito_def_arms.png
0 0.641624 0.054756 1.336505 0.287729 0.384873 -0.876975 0.569033 0.929359 1 5 1.000000
0 0.685068 0.090557 1.358869 0.055144 0.788841 -0.612118 0.487371 0.824137 1 5 1.000000
0 0.676910 0.007204 1.360687 0.089587 0.193645 -0.976973 0.798464 0.820240 1 5 1.000000
Kirito_def_arms.png
0 0.676910 0.007204 1.360687 0.089587 0.193645 -0.976973 0.798464 0.820240 1 5 1.000000
0 0.659094 0.026640 1.320100 0.311652 0.346010 -0.884958 0.833462 0.863108 1 5 1.000000
0 0.641624 0.054756 1.336505 0.287729 0.384873 -0.876975 0.569033 0.929359 1 5 1.000000
Kirito_def_arms.png
0 0.599143 0.036852 1.331513 -0.672250 -0.643097 -0.366751 0.059618 0.995610 1 5 1.000000
0 0.635105 0.006101 1.319517 -0.420881 -0.904175 -0.072979 0.024620 0.905976 1 5 1.000000
0 0.599143 0.019712 1.361568 -0.301739 -0.888258 0.346338 0.145169 0.995610 1 5 1.000000
Kirito_def_arms.png
0 0.658671 0.000133 1.337145 0.155480 -0.820125 0.550654 0.121837 0.890388 1 5 1.000000
0 0.599143 0.019712 1.361568 -0.301739 -0.888258 0.346338 0.145169 0.995610 1 5 1.000000
0 0.635105 0.006101 1.319517 -0.420881 -0.904175 -0.072979 0.024620 0.905976 1 5 1.000000
Kirito_def_arms.png
0 0.635105 0.006101 1.319517 -0.420881 -0.904175 -0.072979 0.024620 0.905976 1 5 1.000000
0 0.670137 -0.005978 1.329827 0.026812 -0.918933 0.393501 0.079062 0.839725 1 5 1.000000
0 0.658671 0.000133 1.337145 0.155480 -0.820125 0.550654 0.121837 0.890388 1 5 1.000000
Kirito_def_arms.png
0 0.684508 0.015888 1.325537 0.296303 0.227766 0.927538 0.098505 0.804651 1 5 1.000000
0 0.658671 0.000133 1.337145 0.155480 -0.820125 0.550654 0.121837 0.890388 1 5 1.000000
0 0.670137 -0.005978 1.329827 0.026812 -0.918933 0.393501 0.079062 0.839725 1 5 1.000000
Kirito_def_arms.png
0 0.670137 -0.005978 1.329827 0.026812 -0.918933 0.393501 0.079062 0.839725 1 5 1.000000
0 0.704023 -0.001691 1.323628 0.358950 -0.262609 0.895651 0.040175 0.789063 1 5 1.000000
0 0.684508 0.015888 1.325537 0.296303 0.227766 0.927538 0.098505 0.804651 1 5 1.000000
Kirito_def_arms.png
0 0.708644 0.011531 1.315027 0.426028 0.383986 0.819180 0.063507 0.777371 1 5 1.000000
0 0.684508 0.015888 1.325537 0.296303 0.227766 0.927538 0.098505 0.804651 1 5 1.000000
0 0.704023 -0.001691 1.323628 0.358950 -0.262609 0.895651 0.040175 0.789063 1 5 1.000000
Kirito_def_arms.png
0 0.697221 0.076742 1.323974 -0.977184 -0.045345 -0.207497 0.541812 0.629281 1 5 1.000000
0 0.712184 0.047694 1.309749 -0.603653 0.077613 -0.793460 0.658472 0.605898 1 5 1.000000
0 0.707311 0.022020 1.310945 -0.878091 -0.048570 -0.476022 0.779020 0.621487 1 5 1.000000
Kirito_def_arms.png
0 0.707311 0.022020 1.310945 -0.878091 -0.048570 -0.476022 0.779020 0.621487 1 5 1.000000
0 0.706158 0.015247 1.344507 -0.964914 -0.084305 -0.248662 0.786798 0.676046 1 5 1.000000
0 0.697221 0.076742 1.323974 -0.977184 -0.045345 -0.207497 0.541812 0.629281 1 5 1.000000
Kirito_def_arms.png
0 0.703926 0.085969 1.344485 0.190235 0.849316 -0.492415 0.479594 0.695532 1 5 1.000000
0 0.697221 0.076742 1.323974 -0.977184 -0.045345 -0.207497 0.541812 0.629281 1 5 1.000000
0 0.706158 0.015247 1.344507 -0.964914 -0.084305 -0.248662 0.786798 0.676046 1 5 1.000000
Kirito_def_arms.png
0 0.706158 0.015247 1.344507 -0.964914 -0.084305 -0.248662 0.786798 0.676046 1 5 1.000000
0 0.676910 0.007204 1.360687 0.089587 0.193645 -0.976973 0.798464 0.820240 1 5 1.000000
0 0.703926 0.085969 1.344485 0.190235 0.849316 -0.492415 0.479594 0.695532 1 5 1.000000
Kirito_def_arms.png
0 0.712184 0.047694 1.309749 0.823805 0.320791 -0.467375 0.331825 0.570824 1 5 1.000000
0 0.697221 0.076742 1.323974 0.664717 0.575625 -0.476243 0.444596 0.609795 1 5 1.000000
0 0.703926 0.085969 1.344485 0.190235 0.849316 -0.492415 0.479594 0.695532 1 5 1.000000
Kirito_def_arms.png
0 0.703926 0.085969 1.344485 0.190235 0.849316 -0.492415 0.479594 0.695532 1 5 1.000000
0 0.734311 0.045995 1.352731 0.976891 -0.067867 0.202678 0.316270 0.613693 1 5 1.000000
0 0.712184 0.047694 1.309749 0.823805 0.320791 -0.467375 0.331825 0.570824 1 5 1.000000
Kirito_def_arms.png
0 0.707311 0.022020 1.310945 0.847662 -0.441269 -0.294536 0.195721 0.609795 1 5 1.000000
0 0.712184 0.047694 1.309749 0.823805 0.320791 -0.467375 0.331825 0.570824 1 5 1.000000
0 0.734311 0.045995 1.352731 0.976891 -0.067867 0.202678 0.316270 0.613693 1 5 1.000000
Kirito_def_arms.png
0 0.734311 0.045995 1.352731 0.976891 -0.067867 0.202678 0.316270 0.613693 1 5 1.000000
0 0.706158 0.015247 1.344507 0.625496 -0.699665 0.345288 0.187944 0.707223 1 5 1.000000
0 0.707311 0.022020 1.310945 0.847662 -0.441269 -0.294536 0.195721 0.609795 1 5 1.000000
Kirito_def_arms.png
0 0.670137 -0.005978 1.329827 0.026812 -0.918933 0.393501 0.079062 0.839725 1 5 1.000000
0 0.635105 0.006101 1.319517 -0.420881 -0.904175 -0.072979 0.024620 0.905976 1 5 1.000000
0 0.667032 -0.001404 1.307990 -0.145996 -0.972233 -0.182886 0.012954 0.851417 1 5 1.000000
Kirito_def_arms.png
0 0.667032 -0.001404 1.307990 -0.145996 -0.972233 -0.182886 0.012954 0.851417 1 5 1.000000
0 0.702886 -0.001762 1.308060 0.058076 -0.992784 -0.104914 0.005177 0.800754 1 5 1.000000
0 0.670137 -0.005978 1.329827 0.026812 -0.918933 0.393501 0.079062 0.839725 1 5 1.000000
Kirito_def_arms.png
0 0.704023 -0.001691 1.323628 0.358950 -0.262609 0.895651 0.040175 0.789063 1 5 1.000000
0 0.670137 -0.005978 1.329827 0.026812 -0.918933 0.393501 0.079062 0.839725 1 5 1.000000
0 0.702886 -0.001762 1.308060 0.058076 -0.992784 -0.104914 0.005177 0.800754 1 5 1.000000
Kirito_def_arms.png
0 0.667032 -0.001404 1.307990 -0.065505 0.670059 -0.739412 0.837350 0.898182 1 5 1.000000
0 0.635105 0.006101 1.319517 -0.072873 0.295811 -0.952463 0.817907 0.937153 1 5 1.000000
0 0.684508 0.015888 1.325537 -0.019387 0.515792 -0.856494 0.891792 0.843622 1 5 1.000000
Kirito_def_arms.png
0 0.684508 0.015888 1.325537 -0.019387 0.515792 -0.856494 0.891792 0.843622 1 5 1.000000
0 0.708644 0.011531 1.315027 -0.065004 0.630089 -0.773798 0.950122 0.824137 1 5 1.000000
0 0.667032 -0.001404 1.307990 -0.065505 0.670059 -0.739412 0.837350 0.898182 1 5 1.000000
Kirito_def_arms.png
0 0.702886 -0.001762 1.308060 0.006347 0.462046 -0.886833 0.996785 0.851417 1 5 1.000000
0 0.667032 -0.001404 1.307990 -0.065505 0.670059 -0.739412 0.837350 0.898182 1 5 1.000000
0 0.708644 0.011531 1.315027 -0.065004 0.630089 -0.773798 0.950122 0.824137 1 5 1.000000
Kirito_def_arms.png
0 0.580534 0.013041 1.361233 -0.066018 -0.985585 0.155766 0.005177 0.110964 1 5 1.000000
0 0.580534 0.035660 1.328614 -0.204158 -0.804452 -0.557831 0.005177 0.017434 1 5 1.000000
0 0.606368 0.028922 1.328876 -0.102915 -0.857979 -0.503270 0.149057 0.017434 1 5 1.000000
Kirito_def_arms.png
0 0.606369 0.059740 1.330630 0.006887 0.486335 -0.873745 0.149057 0.485088 1 5 1.000000
0 0.606368 0.028922 1.328876 0.024938 0.056802 -0.998074 0.149057 0.586413 1 5 1.000000
0 0.580534 0.035660 1.328614 0.012471 0.070126 -0.997460 0.005177 0.586413 1 5 1.000000
Kirito_def_arms.png
0 0.704023 -0.001691 1.323628 0.927776 -0.367239 -0.066086 0.075173 0.777371 1 5 1.000000
0 0.702886 -0.001762 1.308060 0.927776 -0.367239 -0.066086 0.086839 0.812446 1 5 1.000000
0 0.708644 0.011531 1.315027 0.927776 -0.367239 -0.066086 0.040175 0.785166 1 5 1.000000
Kirito_def_arms.png
0 0.635105 0.006101 1.319517 -0.072873 0.295811 -0.952463 0.817907 0.937153 1 5 1.000000
0 0.599143 0.036852 1.331513 -0.223649 0.115972 -0.967746 0.705136 0.995610 1 5 1.000000
0 0.599143 0.057930 1.334039 -0.055040 0.451196 -0.890726 0.569033 0.995610 1 5 1.000000
Kirito_def_arms.png
0 -0.635105 0.006101 1.319517 0.072873 0.295812 -0.952463 0.817907 0.937153 1 8 1.000000
0 -0.684508 0.015888 1.325537 0.019387 0.515794 -0.856493 0.891792 0.843622 1 8 1.000000
0 -0.659094 0.026640 1.320100 -0.311652 0.346010 -0.884958 0.833462 0.863108 1 8 1.000000
Kirito_def_arms.png
0 -0.659094 0.026640 1.320100 -0.311652 0.346010 -0.884958 0.833462 0.863108 1 8 1.000000
0 -0.641624 0.054756 1.336505 -0.287730 0.384873 -0.876975 0.569033 0.929359 1 8 1.000000
0 -0.635105 0.006101 1.319517 0.072873 0.295812 -0.952463 0.817907 0.937153 1 8 1.000000
Kirito_def_arms.png
0 -0.599143 0.057930 1.334039 0.055040 0.451196 -0.890726 0.569033 0.995610 1 8 1.000000
0 -0.635105 0.006101 1.319517 0.072873 0.295812 -0.952463 0.817907 0.937153 1 8 1.000000
0 -0.641624 0.054756 1.336505 -0.287730 0.384873 -0.876975 0.569033 0.929359 1 8 1.000000
Kirito_def_arms.png
0 -0.641624 0.054756 1.336505 -0.287730 0.384873 -0.876975 0.569033 0.929359 1 8 1.000000
0 -0.685068 0.090557 1.358869 -0.055144 0.788841 -0.612118 0.487371 0.824137 1 8 1.000000
0 -0.599143 0.057930 1.334039 0.055040 0.451196 -0.890726 0.569033 0.995610 1 8 1.000000
Kirito_def_arms.png
0 -0.599143 0.078077 1.363398 0.159717 0.940092 0.301193 0.479594 0.995610 1 8 1.000000
0 -0.599143 0.057930 1.334039 0.055040 0.451196 -0.890726 0.569033 0.995610 1 8 1.000000
0 -0.685068 0.090557 1.358869 -0.055144 0.788841 -0.612118 0.487371 0.824137 1 8 1.000000
Kirito_def_arms.png
0 -0.685068 0.090557 1.358869 -0.055144 0.788841 -0.612118 0.487371 0.824137 1 8 1.000000
0 -0.689220 0.080029 1.377861 -0.285498 0.600561 0.746872 0.440707 0.808548 1 8 1.000000
0 -0.599143 0.078077 1.363398 0.159717 0.940092 0.301193 0.479594 0.995610 1 8 1.000000
Kirito_def_arms.png
0 -0.599143 0.046966 1.386960 0.084119 0.031996 0.995942 0.312381 0.995610 1 8 1.000000
0 -0.599143 0.078077 1.363398 0.159717 0.940092 0.301193 0.479594 0.995610 1 8 1.000000
0 -0.689220 0.080029 1.377861 -0.285498 0.600561 0.746872 0.440707 0.808548 1 8 1.000000
Kirito_def_arms.png
0 -0.689220 0.080029 1.377861 -0.285498 0.600561 0.746872 0.440707 0.808548 1 8 1.000000
0 -0.683741 0.031776 1.385912 -0.266251 -0.474863 0.838818 0.238497 0.808548 1 8 1.000000
0 -0.599143 0.046966 1.386960 0.084119 0.031996 0.995942 0.312381 0.995610 1 8 1.000000
Kirito_def_arms.png
0 -0.599143 0.019712 1.361568 0.301740 -0.888258 0.346338 0.145169 0.995610 1 8 1.000000
0 -0.599143 0.046966 1.386960 0.084119 0.031996 0.995942 0.312381 0.995610 1 8 1.000000
0 -0.683741 0.031776 1.385912 -0.266251 -0.474863 0.838818 0.238497 0.808548 1 8 1.000000
Kirito_def_arms.png
0 -0.683741 0.031776 1.385912 -0.266251 -0.474863 0.838818 0.238497 0.808548 1 8 1.000000
0 -0.676910 0.007204 1.360687 -0.338211 -0.866148 0.367968 0.137391 0.820240 1 8 1.000000
0 -0.599143 0.019712 1.361568 0.301740 -0.888258 0.346338 0.145169 0.995610 1 8 1.000000
Kirito_def_arms.png
0 -0.658671 0.000133 1.337145 -0.155480 -0.820125 0.550654 0.121837 0.890388 1 8 1.000000
0 -0.599143 0.019712 1.361568 0.301740 -0.888258 0.346338 0.145169 0.995610 1 8 1.000000
0 -0.676910 0.007204 1.360687 -0.338211 -0.866148 0.367968 0.137391 0.820240 1 8 1.000000
Kirito_def_arms.png
0 -0.676910 0.007204 1.360687 -0.338211 -0.866148 0.367968 0.137391 0.820240 1 8 1.000000
0 -0.659094 0.026640 1.320100 -0.908370 0.215822 0.358169 0.137391 0.843622 1 8 1.000000
0 -0.658671 0.000133 1.337145 -0.155480 -0.820125 0.550654 0.121837 0.890388 1 8 1.000000
Kirito_def_arms.png
0 -0.684508 0.015888 1.325537 -0.296303 0.227766 0.927538 0.098505 0.804651 1 8 1.000000
0 -0.658671 0.000133 1.337145 -0.155480 -0.820125 0.550654 0.121837 0.890388 1 8 1.000000
0 -0.659094 0.026640 1.320100 -0.908370 0.215822 0.358169 0.137391 0.843622 1 8 1.000000
Kirito_def_arms.png
0 -0.606368 0.028922 1.328876 0.102915 -0.857979 -0.503270 0.149057 0.017434 1 8 1.000000
0 -0.580534 0.013041 1.361233 0.066018 -0.985585 0.155766 0.005177 0.110964 1 8 1.000000
0 -0.606368 0.013041 1.361232 -0.000007 -0.982302 0.187302 0.149057 0.110964 1 8 1.000000
Kirito_def_arms.png
0 -0.606369 0.046375 1.391528 -0.000035 -0.307011 0.951706 0.149057 0.251261 1 8 1.000000
0 -0.606368 0.013041 1.361232 -0.000007 -0.982302 0.187302 0.149057 0.110964 1 8 1.000000
0 -0.580534 0.013041 1.361233 0.066018 -0.985585 0.155766 0.005177 0.110964 1 8 1.000000
Kirito_def_arms.png
0 -0.580534 0.013041 1.361233 0.066018 -0.985585 0.155766 0.005177 0.110964 1 8 1.000000
0 -0.580534 0.046375 1.391529 -0.000046 0.231804 0.972762 0.005177 0.251261 1 8 1.000000
0 -0.606369 0.046375 1.391528 -0.000035 -0.307011 0.951706 0.149057 0.251261 1 8 1.000000
Kirito_def_arms.png
0 -0.606369 0.083129 1.363028 -0.000040 0.898448 0.439080 0.149057 0.383763 1 8 1.000000
0 -0.606369 0.046375 1.391528 -0.000035 -0.307011 0.951706 0.149057 0.251261 1 8 1.000000
0 -0.580534 0.046375 1.391529 -0.000046 0.231804 0.972762 0.005177 0.251261 1 8 1.000000
Kirito_def_arms.png
0 -0.580534 0.046375 1.391529 -0.000046 0.231804 0.972762 0.005177 0.251261 1 8 1.000000
0 -0.580535 0.083130 1.363029 -0.000028 0.985814 -0.167839 0.005177 0.383763 1 8 1.000000
0 -0.606369 0.083129 1.363028 -0.000040 0.898448 0.439080 0.149057 0.383763 1 8 1.000000
Kirito_def_arms.png
0 -0.606369 0.059740 1.330630 -0.006887 0.486335 -0.873745 0.149057 0.485088 1 8 1.000000
0 -0.606369 0.083129 1.363028 -0.000040 0.898448 0.439080 0.149057 0.383763 1 8 1.000000
0 -0.580535 0.083130 1.363029 -0.000028 0.985814 -0.167839 0.005177 0.383763 1 8 1.000000
Kirito_def_arms.png
0 -0.580535 0.083130 1.363029 -0.000028 0.985814 -0.167839 0.005177 0.383763 1 8 1.000000
0 -0.580535 0.059740 1.330630 0.000000 0.492110 -0.870533 0.005177 0.485088 1 8 1.000000
0 -0.606369 0.059740 1.330630 -0.006887 0.486335 -0.873745 0.149057 0.485088 1 8 1.000000
Kirito_def_arms.png
0 -0.580534 0.035660 1.328614 -0.012471 0.070126 -0.997460 0.005177 0.586413 1 8 1.000000
0 -0.606369 0.059740 1.330630 -0.006887 0.486335 -0.873745 0.149057 0.485088 1 8 1.000000
0 -0.580535 0.059740 1.330630 0.000000 0.492110 -0.870533 0.005177 0.485088 1 8 1.000000
Kirito_def_arms.png
0 -0.659094 0.026640 1.320100 -0.311652 0.346010 -0.884958 0.833462 0.863108 1 8 1.000000
0 -0.676910 0.007204 1.360687 -0.089587 0.193645 -0.976973 0.798464 0.820240 1 8 1.000000
0 -0.641624 0.054756 1.336505 -0.287730 0.384873 -0.876975 0.569033 0.929359 1 8 1.000000
Kirito_def_arms.png
0 -0.685068 0.090557 1.358869 -0.055144 0.788841 -0.612118 0.487371 0.824137 1 8 1.000000
0 -0.641624 0.054756 1.336505 -0.287730 0.384873 -0.876975 0.569033 0.929359 1 8 1.000000
0 -0.676910 0.007204 1.360687 -0.089587 0.193645 -0.976973 0.798464 0.820240 1 8 1.000000
Kirito_def_arms.png
0 -0.676910 0.007204 1.360687 -0.089587 0.193645 -0.976973 0.798464 0.820240 1 8 1.000000
0 -0.703926 0.085969 1.344485 -0.190236 0.849316 -0.492415 0.479594 0.695532 1 8 1.000000
0 -0.685068 0.090557 1.358869 -0.055144 0.788841 -0.612118 0.487371 0.824137 1 8 1.000000
Kirito_def_arms.png
0 -0.689220 0.080029 1.377861 -0.285498 0.600561 0.746872 0.440707 0.808548 1 8 1.000000
0 -0.685068 0.090557 1.358869 -0.055144 0.788841 -0.612118 0.487371 0.824137 1 8 1.000000
0 -0.703926 0.085969 1.344485 -0.190236 0.849316 -0.492415 0.479594 0.695532 1 8 1.000000
Kirito_def_arms.png
0 -0.703926 0.085969 1.344485 -0.190236 0.849316 -0.492415 0.479594 0.695532 1 8 1.000000
0 -0.734311 0.045995 1.352731 -0.976891 -0.067867 0.202678 0.316270 0.613693 1 8 1.000000
0 -0.689220 0.080029 1.377861 -0.285498 0.600561 0.746872 0.440707 0.808548 1 8 1.000000
Kirito_def_arms.png
0 -0.683741 0.031776 1.385912 -0.266251 -0.474863 0.838818 0.238497 0.808548 1 8 1.000000
0 -0.689220 0.080029 1.377861 -0.285498 0.600561 0.746872 0.440707 0.808548 1 8 1.000000
0 -0.734311 0.045995 1.352731 -0.976891 -0.067867 0.202678 0.316270 0.613693 1 8 1.000000
Kirito_def_arms.png
0 -0.734311 0.045995 1.352731 -0.976891 -0.067867 0.202678 0.316270 0.613693 1 8 1.000000
0 -0.706158 0.015247 1.344507 -0.625497 -0.699665 0.345287 0.187944 0.707223 1 8 1.000000
0 -0.683741 0.031776 1.385912 -0.266251 -0.474863 0.838818 0.238497 0.808548 1 8 1.000000
Kirito_def_arms.png
0 -0.676910 0.007204 1.360687 -0.338211 -0.866148 0.367968 0.137391 0.820240 1 8 1.000000
0 -0.683741 0.031776 1.385912 -0.266251 -0.474863 0.838818 0.238497 0.808548 1 8 1.000000
0 -0.706158 0.015247 1.344507 -0.625497 -0.699665 0.345287 0.187944 0.707223 1 8 1.000000
Kirito_def_arms.png
0 -0.684508 0.015888 1.325537 -0.296303 0.227766 0.927538 0.098505 0.804651 1 8 1.000000
0 -0.708644 0.011531 1.315027 -0.426028 0.383986 0.819180 0.063507 0.777371 1 8 1.000000
0 -0.704023 -0.001691 1.323628 -0.358950 -0.262609 0.895651 0.040175 0.789063 1 8 1.000000
Kirito_def_arms.png
0 -0.704023 -0.001691 1.323628 -0.358950 -0.262609 0.895651 0.040175 0.789063 1 8 1.000000
0 -0.670137 -0.005978 1.329827 -0.026812 -0.918933 0.393501 0.079062 0.839725 1 8 1.000000
0 -0.684508 0.015888 1.325537 -0.296303 0.227766 0.927538 0.098505 0.804651 1 8 1.000000
Kirito_def_arms.png
0 -0.658671 0.000133 1.337145 -0.155480 -0.820125 0.550654 0.121837 0.890388 1 8 1.000000
0 -0.684508 0.015888 1.325537 -0.296303 0.227766 0.927538 0.098505 0.804651 1 8 1.000000
0 -0.670137 -0.005978 1.329827 -0.026812 -0.918933 0.393501 0.079062 0.839725 1 8 1.000000
Kirito_def_arms.png
0 -0.670137 -0.005978 1.329827 -0.026812 -0.918933 0.393501 0.079062 0.839725 1 8 1.000000
0 -0.635105 0.006101 1.319517 0.420882 -0.904175 -0.072980 0.024620 0.905976 1 8 1.000000
0 -0.658671 0.000133 1.337145 -0.155480 -0.820125 0.550654 0.121837 0.890388 1 8 1.000000
Kirito_def_arms.png
0 -0.599143 0.019712 1.361568 0.301740 -0.888258 0.346338 0.145169 0.995610 1 8 1.000000
0 -0.658671 0.000133 1.337145 -0.155480 -0.820125 0.550654 0.121837 0.890388 1 8 1.000000
0 -0.635105 0.006101 1.319517 0.420882 -0.904175 -0.072980 0.024620 0.905976 1 8 1.000000
Kirito_def_arms.png
0 -0.635105 0.006101 1.319517 0.420882 -0.904175 -0.072980 0.024620 0.905976 1 8 1.000000
0 -0.599143 0.036852 1.331513 0.672250 -0.643097 -0.366752 0.059618 0.995610 1 8 1.000000
0 -0.599143 0.019712 1.361568 0.301740 -0.888258 0.346338 0.145169 0.995610 1 8 1.000000
Kirito_def_arms.png
0 -0.706158 0.015247 1.344507 -0.625497 -0.699665 0.345287 0.187944 0.707223 1 8 1.000000
0 -0.734311 0.045995 1.352731 -0.976891 -0.067867 0.202678 0.316270 0.613693 1 8 1.000000
0 -0.707311 0.022020 1.310945 -0.847662 -0.441268 -0.294536 0.195721 0.609795 1 8 1.000000
Kirito_def_arms.png
0 -0.712184 0.047694 1.309749 -0.823805 0.320791 -0.467374 0.331825 0.570824 1 8 1.000000
0 -0.707311 0.022020 1.310945 -0.847662 -0.441268 -0.294536 0.195721 0.609795 1 8 1.000000
0 -0.734311 0.045995 1.352731 -0.976891 -0.067867 0.202678 0.316270 0.613693 1 8 1.000000
Kirito_def_arms.png
0 -0.734311 0.045995 1.352731 -0.976891 -0.067867 0.202678 0.316270 0.613693 1 8 1.000000
0 -0.703926 0.085969 1.344485 -0.190236 0.849316 -0.492415 0.479594 0.695532 1 8 1.000000
0 -0.712184 0.047694 1.309749 -0.823805 0.320791 -0.467374 0.331825 0.570824 1 8 1.000000
Kirito_def_arms.png
0 -0.697221 0.076742 1.323974 -0.664717 0.575625 -0.476243 0.444596 0.609795 1 8 1.000000
0 -0.712184 0.047694 1.309749 -0.823805 0.320791 -0.467374 0.331825 0.570824 1 8 1.000000
0 -0.703926 0.085969 1.344485 -0.190236 0.849316 -0.492415 0.479594 0.695532 1 8 1.000000
Kirito_def_arms.png
0 -0.676910 0.007204 1.360687 -0.089587 0.193645 -0.976973 0.798464 0.820240 1 8 1.000000
0 -0.706158 0.015247 1.344507 0.964914 -0.084305 -0.248662 0.786798 0.676046 1 8 1.000000
0 -0.703926 0.085969 1.344485 -0.190236 0.849316 -0.492415 0.479594 0.695532 1 8 1.000000
Kirito_def_arms.png
0 -0.697221 0.076742 1.323974 0.977184 -0.045345 -0.207497 0.541812 0.629281 1 8 1.000000
0 -0.703926 0.085969 1.344485 -0.190236 0.849316 -0.492415 0.479594 0.695532 1 8 1.000000
0 -0.706158 0.015247 1.344507 0.964914 -0.084305 -0.248662 0.786798 0.676046 1 8 1.000000
Kirito_def_arms.png
0 -0.706158 0.015247 1.344507 0.964914 -0.084305 -0.248662 0.786798 0.676046 1 8 1.000000
0 -0.707311 0.022020 1.310945 0.878091 -0.048570 -0.476022 0.779020 0.621487 1 8 1.000000
0 -0.697221 0.076742 1.323974 0.977184 -0.045345 -0.207497 0.541812 0.629281 1 8 1.000000
Kirito_def_arms.png
0 -0.712184 0.047694 1.309749 0.603653 0.077613 -0.793460 0.658472 0.605898 1 8 1.000000
0 -0.697221 0.076742 1.323974 0.977184 -0.045345 -0.207497 0.541812 0.629281 1 8 1.000000
0 -0.707311 0.022020 1.310945 0.878091 -0.048570 -0.476022 0.779020 0.621487 1 8 1.000000
Kirito_def_arms.png
0 -0.667032 -0.001404 1.307990 0.065505 0.670062 -0.739409 0.837350 0.898182 1 8 1.000000
0 -0.702886 -0.001762 1.308060 -0.006347 0.462052 -0.886830 0.996785 0.851417 1 8 1.000000
0 -0.708644 0.011531 1.315027 0.065004 0.630092 -0.773795 0.950122 0.824137 1 8 1.000000
Kirito_def_arms.png
0 -0.708644 0.011531 1.315027 0.065004 0.630092 -0.773795 0.950122 0.824137 1 8 1.000000
0 -0.684508 0.015888 1.325537 0.019387 0.515794 -0.856493 0.891792 0.843622 1 8 1.000000
0 -0.667032 -0.001404 1.307990 0.065505 0.670062 -0.739409 0.837350 0.898182 1 8 1.000000
Kirito_def_arms.png
0 -0.635105 0.006101 1.319517 0.072873 0.295812 -0.952463 0.817907 0.937153 1 8 1.000000
0 -0.667032 -0.001404 1.307990 0.065505 0.670062 -0.739409 0.837350 0.898182 1 8 1.000000
0 -0.684508 0.015888 1.325537 0.019387 0.515794 -0.856493 0.891792 0.843622 1 8 1.000000
Kirito_def_arms.png
0 -0.670137 -0.005978 1.329827 -0.026812 -0.918933 0.393501 0.079062 0.839725 1 8 1.000000
0 -0.704023 -0.001691 1.323628 -0.358950 -0.262609 0.895651 0.040175 0.789063 1 8 1.000000
0 -0.702886 -0.001762 1.308060 -0.058076 -0.992784 -0.104914 0.005177 0.800754 1 8 1.000000
Kirito_def_arms.png
0 -0.702886 -0.001762 1.308060 -0.058076 -0.992784 -0.104914 0.005177 0.800754 1 8 1.000000
0 -0.667032 -0.001404 1.307990 0.145996 -0.972233 -0.182886 0.012954 0.851417 1 8 1.000000
0 -0.670137 -0.005978 1.329827 -0.026812 -0.918933 0.393501 0.079062 0.839725 1 8 1.000000
Kirito_def_arms.png
0 -0.635105 0.006101 1.319517 0.420882 -0.904175 -0.072980 0.024620 0.905976 1 8 1.000000
0 -0.670137 -0.005978 1.329827 -0.026812 -0.918933 0.393501 0.079062 0.839725 1 8 1.000000
0 -0.667032 -0.001404 1.307990 0.145996 -0.972233 -0.182886 0.012954 0.851417 1 8 1.000000
Kirito_def_arms.png
0 -0.606368 0.028922 1.328876 -0.024938 0.056802 -0.998074 0.149057 0.586413 1 8 1.000000
0 -0.606369 0.059740 1.330630 -0.006887 0.486335 -0.873745 0.149057 0.485088 1 8 1.000000
0 -0.580534 0.035660 1.328614 -0.012471 0.070126 -0.997460 0.005177 0.586413 1 8 1.000000
Kirito_def_arms.png
0 -0.606368 0.028922 1.328876 0.102915 -0.857979 -0.503270 0.149057 0.017434 1 8 1.000000
0 -0.580534 0.035660 1.328614 0.204158 -0.804452 -0.557832 0.005177 0.017434 1 8 1.000000
0 -0.580534 0.013041 1.361233 0.066018 -0.985585 0.155766 0.005177 0.110964 1 8 1.000000
Kirito_def_arms.png
0 -0.708644 0.011531 1.315027 -0.927776 -0.367238 -0.066086 0.040175 0.785166 1 8 1.000000
0 -0.702886 -0.001762 1.308060 -0.927776 -0.367238 -0.066086 0.086839 0.812446 1 8 1.000000
0 -0.704023 -0.001691 1.323628 -0.927776 -0.367238 -0.066086 0.075173 0.777371 1 8 1.000000
Kirito_def_arms.png
0 -0.599143 0.057930 1.334039 0.055040 0.451196 -0.890726 0.569033 0.995610 1 8 1.000000
0 -0.599143 0.036852 1.331513 0.223649 0.115972 -0.967746 0.705136 0.995610 1 8 1.000000
0 -0.635105 0.006101 1.319517 0.072873 0.295812 -0.952463 0.817907 0.937153 1 8 1.000000
Kirito_def_arms.png
0 0.000000 -0.022266 1.445355 0.000000 -0.495059 -0.868859 0.207387 0.126553 2 2 0.710000 1 0.290000
0 -0.028277 0.000291 1.405306 -0.676836 -0.732966 -0.068215 0.339602 0.036919 1 1 1.000000
0 0.000000 -0.014175 1.402289 0.000000 -0.982805 -0.184644 0.207387 0.036919 1 1 1.000000
Kirito_def_arms.png
0 0.000000 -0.014175 1.402289 0.000000 -0.982805 -0.184644 0.207387 0.036919 1 1 1.000000
0 0.028277 0.000291 1.405306 0.676836 -0.732966 -0.068215 0.339602 0.036919 1 1 1.000000
0 0.000000 -0.022266 1.445355 0.000000 -0.495059 -0.868859 0.207387 0.126553 2 2 0.710000 1 0.290000
Kirito_def_arms.png
0 0.026872 -0.002793 1.457621 0.798327 -0.234158 -0.554836 0.347379 0.146038 2 2 0.710000 1 0.290000
0 0.000000 -0.022266 1.445355 0.000000 -0.495059 -0.868859 0.207387 0.126553 2 2 0.710000 1 0.290000
0 0.028277 0.000291 1.405306 0.676836 -0.732966 -0.068215 0.339602 0.036919 1 1 1.000000
Kirito_def_arms.png
0 0.028277 0.000291 1.405306 0.676836 -0.732966 -0.068215 0.339602 0.036919 1 1 1.000000
0 0.042389 0.028737 1.418012 0.999608 -0.025136 0.012346 0.541812 0.044713 1 1 1.000000
0 0.026872 -0.002793 1.457621 0.798327 -0.234158 -0.554836 0.347379 0.146038 2 2 0.710000 1 0.290000
Kirito_def_arms.png
0 0.039294 0.038021 1.466000 0.798253 0.527562 -0.290639 0.541812 0.142141 2 2 0.710000 1 0.290000
0 0.026872 -0.002793 1.457621 0.798327 -0.234158 -0.554836 0.347379 0.146038 2 2 0.710000 1 0.290000
0 0.042389 0.028737 1.418012 0.999608 -0.025136 0.012346 0.541812 0.044713 1 1 1.000000
Kirito_def_arms.png
0 0.042389 0.028737 1.418012 0.999608 -0.025136 0.012346 0.541812 0.044713 1 1 1.000000
0 0.000000 0.074232 1.429774 -0.000000 0.990683 0.136188 0.697359 0.044713 1 1 1.000000
0 0.039294 0.038021 1.466000 0.798253 0.527562 -0.290639 0.541812 0.142141 2 2 0.710000 1 0.290000
Kirito_def_arms.png
0 0.000000 0.063613 1.459335 -0.000004 0.997598 0.069271 0.681804 0.204495 2 2 0.710000 1 0.290000
0 0.039294 0.038021 1.466000 0.798253 0.527562 -0.290639 0.541812 0.142141 2 2 0.710000 1 0.290000
0 0.000000 0.074232 1.429774 -0.000000 0.990683 0.136188 0.697359 0.044713 1 1 1.000000
Kirito_def_arms.png
0 0.000000 0.074232 1.429774 -0.000000 0.990683 0.136188 0.697359 0.044713 1 1 1.000000
0 -0.039294 0.038021 1.466000 -0.800248 0.526095 -0.287797 0.541812 0.142141 2 2 0.710000 1 0.290000
0 0.000000 0.063613 1.459335 -0.000004 0.997598 0.069271 0.681804 0.204495 2 2 0.710000 1 0.290000
Kirito_def_arms.png
0 0.071080 -0.043414 1.426107 0.917978 -0.380018 -0.113591 0.456262 0.524059 1 1 1.000000
0 0.033279 -0.056779 1.377559 0.604965 -0.751120 -0.264265 0.191833 0.336997 1 1 1.000000
0 0.069888 -0.018327 1.388789 0.938569 -0.271768 -0.212675 0.475705 0.336997 1 1 1.000000
Kirito_def_arms.png
0 0.069888 -0.018327 1.388789 0.938569 -0.271768 -0.212675 0.475705 0.336997 1 1 1.000000
0 0.065313 0.040746 1.420261 0.966577 0.250926 0.052585 0.600142 0.336997 1 1 1.000000
0 0.071080 -0.043414 1.426107 0.917978 -0.380018 -0.113591 0.456262 0.524059 1 1 1.000000
Kirito_def_arms.png
0 0.061708 0.044019 1.451866 0.850371 0.494280 0.180433 0.592365 0.524059 1 1 1.000000
0 0.071080 -0.043414 1.426107 0.917978 -0.380018 -0.113591 0.456262 0.524059 1 1 1.000000
0 0.065313 0.040746 1.420261 0.966577 0.250926 0.052585 0.600142 0.336997 1 1 1.000000
Kirito_def_arms.png
0 0.065313 0.040746 1.420261 0.966577 0.250926 0.052585 0.600142 0.336997 1 1 1.000000
0 0.041935 0.073039 1.425638 0.594303 0.793528 0.130837 0.712913 0.336997 1 1 1.000000
0 0.061708 0.044019 1.451866 0.850371 0.494280 0.180433 0.592365 0.524059 1 1 1.000000
Kirito_def_arms.png
0 0.000000 0.087453 1.463161 0.000000 0.980044 0.198778 0.825684 0.524059 1 1 1.000000
0 0.061708 0.044019 1.451866 0.850371 0.494280 0.180433 0.592365 0.524059 1 1 1.000000
0 0.041935 0.073039 1.425638 0.594303 0.793528 0.130837 0.712913 0.336997 1 1 1.000000
Kirito_def_arms.png
0 0.041935 0.073039 1.425638 0.594303 0.793528 0.130837 0.712913 0.336997 1 1 1.000000
0 0.000000 0.086422 1.427168 0.000000 0.999590 -0.028633 0.825684 0.336997 1 1 1.000000
0 0.000000 0.087453 1.463161 0.000000 0.980044 0.198778 0.825684 0.524059 1 1 1.000000
Kirito_def_arms.png
0 -0.041935 0.073039 1.425638 -0.594303 0.793528 0.130837 0.712913 0.336997 1 1 1.000000
0 0.000000 0.087453 1.463161 0.000000 0.980044 0.198778 0.825684 0.524059 1 1 1.000000
0 0.000000 0.086422 1.427168 0.000000 0.999590 -0.028633 0.825684 0.336997 1 1 1.000000
Kirito_def_arms.png
0 -0.061708 0.044019 1.451866 -0.850371 0.494280 0.180433 0.592365 0.524059 1 1 1.000000
0 0.000000 0.087453 1.463161 0.000000 0.980044 0.198778 0.825684 0.524059 1 1 1.000000
0 -0.041935 0.073039 1.425638 -0.594303 0.793528 0.130837 0.712913 0.336997 1 1 1.000000
Kirito_def_arms.png
0 -0.041935 0.073039 1.425638 -0.594303 0.793528 0.130837 0.712913 0.336997 1 1 1.000000
0 -0.065313 0.040746 1.420261 -0.966577 0.250926 0.052585 0.600142 0.336997 1 1 1.000000
0 -0.061708 0.044019 1.451866 -0.850371 0.494280 0.180433 0.592365 0.524059 1 1 1.000000
Kirito_def_arms.png
0 -0.071080 -0.043414 1.426107 -0.917978 -0.380018 -0.113591 0.456262 0.524059 1 1 1.000000
0 -0.061708 0.044019 1.451866 -0.850371 0.494280 0.180433 0.592365 0.524059 1 1 1.000000
0 -0.065313 0.040746 1.420261 -0.966577 0.250926 0.052585 0.600142 0.336997 1 1 1.000000
Kirito_def_arms.png
0 -0.065313 0.040746 1.420261 -0.966577 0.250926 0.052585 0.600142 0.336997 1 1 1.000000
0 -0.069888 -0.018327 1.388789 -0.938569 -0.271768 -0.212675 0.475705 0.336997 1 1 1.000000
0 -0.071080 -0.043414 1.426107 -0.917978 -0.380018 -0.113591 0.456262 0.524059 1 1 1.000000
Kirito_def_arms.png
0 -0.033279 -0.056779 1.377559 -0.604965 -0.751120 -0.264265 0.191833 0.336997 1 1 1.000000
0 -0.071080 -0.043414 1.426107 -0.917978 -0.380018 -0.113591 0.456262 0.524059 1 1 1.000000
0 -0.069888 -0.018327 1.388789 -0.938569 -0.271768 -0.212675 0.475705 0.336997 1 1 1.000000
Kirito_def_arms.png
0 0.000000 0.074232 1.429774 -0.000000 0.990683 0.136188 0.697359 0.044713 1 1 1.000000
0 -0.042389 0.028737 1.418013 -0.999608 -0.025136 0.012347 0.541812 0.044713 1 1 1.000000
0 -0.039294 0.038021 1.466000 -0.800248 0.526095 -0.287797 0.541812 0.142141 2 2 0.710000 1 0.290000
Kirito_def_arms.png
0 -0.026872 -0.002793 1.457621 -0.798324 -0.234158 -0.554842 0.347379 0.146038 2 2 0.710000 1 0.290000
0 -0.039294 0.038021 1.466000 -0.800248 0.526095 -0.287797 0.541812 0.142141 2 2 0.710000 1 0.290000
0 -0.042389 0.028737 1.418013 -0.999608 -0.025136 0.012347 0.541812 0.044713 1 1 1.000000
Kirito_def_arms.png
0 -0.042389 0.028737 1.418013 -0.999608 -0.025136 0.012347 0.541812 0.044713 1 1 1.000000
0 -0.028277 0.000291 1.405306 -0.676836 -0.732966 -0.068215 0.339602 0.036919 1 1 1.000000
0 -0.026872 -0.002793 1.457621 -0.798324 -0.234158 -0.554842 0.347379 0.146038 2 2 0.710000 1 0.290000
Kirito_def_arms.png
0 0.000000 -0.022266 1.445355 0.000000 -0.495059 -0.868859 0.207387 0.126553 2 2 0.710000 1 0.290000
0 -0.026872 -0.002793 1.457621 -0.798324 -0.234158 -0.554842 0.347379 0.146038 2 2 0.710000 1 0.290000
0 -0.028277 0.000291 1.405306 -0.676836 -0.732966 -0.068215 0.339602 0.036919 1 1 1.000000
Kirito_def_arms.png
0 0.032180 -0.061769 1.414136 0.451088 -0.886004 -0.107319 0.191833 0.524059 1 1 1.000000
0 0.033279 -0.056779 1.377559 0.604965 -0.751120 -0.264265 0.191833 0.336997 1 1 1.000000
0 0.071080 -0.043414 1.426107 0.917978 -0.380018 -0.113591 0.456262 0.524059 1 1 1.000000
Kirito_def_arms.png
0 -0.033279 -0.056779 1.377559 -0.604965 -0.751120 -0.264265 0.191833 0.336997 1 1 1.000000
0 -0.032180 -0.061769 1.414136 -0.451088 -0.886004 -0.107319 0.191833 0.524059 1 1 1.000000
0 -0.071080 -0.043414 1.426107 -0.917978 -0.380018 -0.113591 0.456262 0.524059 1 1 1.000000
Kirito_def_body.png
0 0.157911 -0.027080 1.329814 0.407008 -0.862392 -0.301039 0.899569 0.991713 2 1 0.660000 3 0.340000
0 0.188274 0.033322 1.298041 0.257069 -0.544042 -0.798708 0.973453 0.968330 2 3 0.900000 1 0.100000
0 0.180830 -0.013645 1.330160 0.267816 -0.928757 -0.256290 0.891792 0.968330 2 3 0.610000 1 0.390000
Kirito_def_body.png
0 0.180830 -0.013645 1.330160 0.267816 -0.928757 -0.256290 0.891792 0.968330 2 3 0.610000 1 0.390000
0 0.190160 -0.004208 1.382671 0.245401 -0.755626 0.607296 0.817907 0.972227 2 3 0.780000 1 0.220000
0 0.157911 -0.027080 1.329814 0.407008 -0.862392 -0.301039 0.899569 0.991713 2 1 0.660000 3 0.340000
Kirito_def_body.png
0 0.168932 -0.002542 1.393614 0.307970 -0.600912 0.737603 0.798464 0.991713 2 1 0.760000 3 0.240000
0 0.157911 -0.027080 1.329814 0.407008 -0.862392 -0.301039 0.899569 0.991713 2 1 0.660000 3 0.340000
0 0.190160 -0.004208 1.382671 0.245401 -0.755626 0.607296 0.817907 0.972227 2 3 0.780000 1 0.220000
Kirito_def_body.png
0 0.190160 -0.004208 1.382671 0.245401 -0.755626 0.607296 0.817907 0.972227 2 3 0.780000 1 0.220000
0 0.185908 0.046162 1.407041 0.273393 -0.053090 0.960436 0.763466 0.968330 2 3 0.850000 1 0.150000
0 0.168932 -0.002542 1.393614 0.307970 -0.600912 0.737603 0.798464 0.991713 2 1 0.760000 3 0.240000
Kirito_def_body.png
0 0.168319 0.046162 1.414120 0.188918 0.265848 0.945323 0.771243 0.991713 2 1 0.680000 3 0.320000
0 0.168932 -0.002542 1.393614 0.307970 -0.600912 0.737603 0.798464 0.991713 2 1 0.760000 3 0.240000
0 0.185908 0.046162 1.407041 0.273393 -0.053090 0.960436 0.763466 0.968330 2 3 0.850000 1 0.150000
Kirito_def_body.png
0 0.185908 0.046162 1.407041 0.273393 -0.053090 0.960436 0.763466 0.968330 2 3 0.850000 1 0.150000
0 0.189797 0.096537 1.379006 0.114320 0.821012 0.559348 0.674027 0.964433 2 3 0.780000 1 0.220000
0 0.168319 0.046162 1.414120 0.188918 0.265848 0.945323 0.771243 0.991713 2 1 0.680000 3 0.320000
Kirito_def_body.png
0 0.165266 0.099718 1.370310 0.118361 0.979092 0.165435 0.654583 0.991713 2 1 0.780000 3 0.220000
0 0.168319 0.046162 1.414120 0.188918 0.265848 0.945323 0.771243 0.991713 2 1 0.680000 3 0.320000
0 0.189797 0.096537 1.379006 0.114320 0.821012 0.559348 0.674027 0.964433 2 3 0.780000 1 0.220000
Kirito_def_body.png
0 0.189797 0.096537 1.379006 0.114320 0.821012 0.559348 0.674027 0.964433 2 3 0.780000 1 0.220000
0 0.185503 0.087288 1.330169 0.204289 0.836644 -0.508225 0.623474 0.964433 2 3 0.610000 1 0.390000
0 0.165266 0.099718 1.370310 0.118361 0.979092 0.165435 0.654583 0.991713 2 1 0.780000 3 0.220000
Kirito_def_body.png
0 0.157049 0.094944 1.320641 0.390656 0.687959 -0.611637 0.619585 0.991713 2 1 0.650000 3 0.350000
0 0.165266 0.099718 1.370310 0.118361 0.979092 0.165435 0.654583 0.991713 2 1 0.780000 3 0.220000
0 0.185503 0.087288 1.330169 0.204289 0.836644 -0.508225 0.623474 0.964433 2 3 0.610000 1 0.390000
Kirito_def_body.png
0 0.185503 0.087288 1.330169 0.204289 0.836644 -0.508225 0.623474 0.964433 2 3 0.610000 1 0.390000
0 0.188274 0.033322 1.298041 0.283514 0.501534 -0.817364 0.565144 0.964433 2 3 0.900000 1 0.100000
0 0.157049 0.094944 1.320641 0.390656 0.687959 -0.611637 0.619585 0.991713 2 1 0.650000 3 0.350000
Kirito_def_body.png
0 0.142309 0.029086 1.272189 0.394037 0.485810 -0.780207 0.565144 0.991713 2 1 0.900000 3 0.100000
0 0.157049 0.094944 1.320641 0.390656 0.687959 -0.611637 0.619585 0.991713 2 1 0.650000 3 0.350000
0 0.188274 0.033322 1.298041 0.283514 0.501534 -0.817364 0.565144 0.964433 2 3 0.900000 1 0.100000
Kirito_def_body.png
0 0.110997 0.094867 1.379329 0.113855 0.837529 0.534399 0.370711 0.855314 2 1 0.720000 3 0.280000
0 0.168319 0.046162 1.414120 -0.053252 0.538176 0.841148 0.300715 0.995610 2 1 0.680000 3 0.320000
0 0.165266 0.099718 1.370310 -0.017198 0.920066 0.391386 0.300715 0.867005 2 1 0.780000 3 0.220000
Kirito_def_body.png
0 0.165266 0.099718 1.370310 -0.017198 0.920066 0.391386 0.300715 0.867005 2 1 0.780000 3 0.220000
0 0.157049 0.094944 1.320641 0.112407 0.949545 -0.292796 0.304604 0.792960 2 1 0.650000 3 0.350000
0 0.110997 0.094867 1.379329 0.113855 0.837529 0.534399 0.370711 0.855314 2 1 0.720000 3 0.280000
Kirito_def_body.png
0 0.110849 0.102503 1.310646 0.397209 0.879360 -0.262583 0.343490 0.777371 2 1 0.930000 3 0.070000
0 0.110997 0.094867 1.379329 0.113855 0.837529 0.534399 0.370711 0.855314 2 1 0.720000 3 0.280000
0 0.157049 0.094944 1.320641 0.112407 0.949545 -0.292796 0.304604 0.792960 2 1 0.650000 3 0.350000
Kirito_def_body.png
0 0.157049 0.094944 1.320641 0.112407 0.949545 -0.292796 0.304604 0.792960 2 1 0.650000 3 0.350000
0 0.142309 0.029086 1.272189 0.717820 0.005137 -0.696210 0.250163 0.718915 2 1 0.900000 3 0.100000
0 0.110849 0.102503 1.310646 0.397209 0.879360 -0.262583 0.343490 0.777371 2 1 0.930000 3 0.070000
Kirito_def_body.png
0 0.122916 0.018830 1.218403 0.973622 0.053662 -0.221769 0.250163 0.648767 3 1 0.720000 0 0.210000 3 0.070000
0 0.110849 0.102503 1.310646 0.397209 0.879360 -0.262583 0.343490 0.777371 2 1 0.930000 3 0.070000
0 0.142309 0.029086 1.272189 0.717820 0.005137 -0.696210 0.250163 0.718915 2 1 0.900000 3 0.100000
Kirito_def_body.png
0 0.142309 0.029086 1.272189 0.717820 0.005137 -0.696210 0.250163 0.718915 2 1 0.900000 3 0.100000
0 0.127012 -0.040514 1.329580 0.519459 -0.848776 0.098700 0.164612 0.839725 1 1 1.000000
0 0.122916 0.018830 1.218403 0.973622 0.053662 -0.221769 0.250163 0.648767 3 1 0.720000 0 0.210000 3 0.070000
Kirito_def_body.png
0 0.096808 -0.059256 1.186827 0.829418 -0.556484 0.048898 0.129614 0.590310 2 1 0.610000 0 0.390000
0 0.122916 0.018830 1.218403 0.973622 0.053662 -0.221769 0.250163 0.648767 3 1 0.720000 0 0.210000 3 0.070000
0 0.127012 -0.040514 1.329580 0.519459 -0.848776 0.098700 0.164612 0.839725 1 1 1.000000
Kirito_def_body.png
0 0.127012 -0.040514 1.329580 0.519459 -0.848776 0.098700 0.164612 0.839725 1 1 1.000000
0 0.029852 -0.091372 1.296775 0.498484 -0.832131 0.243047 0.012954 0.753989 1 1 0.980000
0 0.096808 -0.059256 1.186827 0.829418 -0.556484 0.048898 0.129614 0.590310 2 1 0.610000 0 0.390000
Kirito_def_body.png
0 0.000000 0.101627 1.381864 0.000000 0.942322 0.334708 0.510703 0.874799 1 1 1.000000
0 0.000000 0.086422 1.427168 0.000000 0.948031 0.318179 0.510703 0.937153 1 1 1.000000
0 0.041935 0.073039 1.425638 0.315875 0.730295 0.605716 0.456262 0.972227 1 1 1.000000
Kirito_def_body.png
0 0.041935 0.073039 1.425638 0.315875 0.730295 0.605716 0.456262 0.972227 1 1 1.000000
0 0.110997 0.094867 1.379329 0.113855 0.837529 0.534399 0.370711 0.855314 2 1 0.720000 3 0.280000
0 0.000000 0.101627 1.381864 0.000000 0.942322 0.334708 0.510703 0.874799 1 1 1.000000
Kirito_def_body.png
0 0.000000 0.112312 1.320535 -0.000000 0.999421 0.034030 0.510703 0.789063 1 1 1.000000
0 0.000000 0.101627 1.381864 0.000000 0.942322 0.334708 0.510703 0.874799 1 1 1.000000
0 0.110997 0.094867 1.379329 0.113855 0.837529 0.534399 0.370711 0.855314 2 1 0.720000 3 0.280000
Kirito_def_body.png
0 0.110997 0.094867 1.379329 0.113855 0.837529 0.534399 0.370711 0.855314 2 1 0.720000 3 0.280000
0 0.110849 0.102503 1.310646 0.397209 0.879360 -0.262583 0.343490 0.777371 2 1 0.930000 3 0.070000
0 0.000000 0.112312 1.320535 -0.000000 0.999421 0.034030 0.510703 0.789063 1 1 1.000000
Kirito_def_body.png
0 0.000000 0.087588 1.186155 0.000000 0.985802 -0.167911 0.510703 0.582516 2 1 0.720000 0 0.280000
0 0.000000 0.112312 1.320535 -0.000000 0.999421 0.034030 0.510703 0.789063 1 1 1.000000
0 0.110849 0.102503 1.310646 0.397209 0.879360 -0.262583 0.343490 0.777371 2 1 0.930000 3 0.070000
Kirito_def_body.png
0 0.110849 0.102503 1.310646 0.397209 0.879360 -0.262583 0.343490 0.777371 2 1 0.930000 3 0.070000
0 0.095459 0.071563 1.183220 0.627568 0.765300 -0.143086 0.359045 0.582516 2 1 0.610000 0 0.390000
0 0.000000 0.087588 1.186155 0.000000 0.985802 -0.167911 0.510703 0.582516 2 1 0.720000 0 0.280000
Kirito_def_body.png
0 0.000000 -0.061773 1.365334 0.000000 -0.729746 0.683719 0.876237 0.430528 1 1 1.000000
0 0.028277 0.000291 1.405306 0.147075 -0.543353 0.826521 0.957899 0.379865 1 1 1.000000
0 0.000000 -0.014175 1.402289 0.000000 -0.613261 0.789880 0.954010 0.430528 1 1 1.000000
Kirito_def_body.png
0 0.000000 -0.014175 1.402289 0.000000 -0.613261 0.789880 0.954010 0.430528 1 1 1.000000
0 -0.028277 0.000291 1.405306 -0.147071 -0.543359 0.826517 0.957899 0.379865 1 1 1.000000
0 0.000000 -0.061773 1.365334 0.000000 -0.729746 0.683719 0.876237 0.430528 1 1 1.000000
Kirito_def_body.png
0 -0.069888 -0.018327 1.388789 -0.218668 -0.676389 0.703337 0.899569 0.309717 1 1 1.000000
0 0.000000 -0.061773 1.365334 0.000000 -0.729746 0.683719 0.876237 0.430528 1 1 1.000000
0 -0.028277 0.000291 1.405306 -0.147071 -0.543359 0.826517 0.957899 0.379865 1 1 1.000000
Kirito_def_body.png
0 -0.028277 0.000291 1.405306 -0.147071 -0.543359 0.826517 0.957899 0.379865 1 1 1.000000
0 -0.042389 0.028737 1.418013 -0.107014 -0.385191 0.916611 0.992897 0.344791 1 1 1.000000
0 -0.069888 -0.018327 1.388789 -0.218668 -0.676389 0.703337 0.899569 0.309717 1 1 1.000000
Kirito_def_body.png
0 -0.065313 0.040746 1.420261 -0.089374 -0.345479 0.934161 0.989008 0.259055 1 1 1.000000
0 -0.069888 -0.018327 1.388789 -0.218668 -0.676389 0.703337 0.899569 0.309717 1 1 1.000000
0 -0.042389 0.028737 1.418013 -0.107014 -0.385191 0.916611 0.992897 0.344791 1 1 1.000000
Kirito_def_body.png
0 -0.042389 0.028737 1.418013 -0.107014 -0.385191 0.916611 0.992897 0.344791 1 1 1.000000
0 0.000000 0.074232 1.429774 -0.000010 -0.228899 0.973450 0.996785 0.395454 1 1 1.000000
0 -0.065313 0.040746 1.420261 -0.089374 -0.345479 0.934161 0.989008 0.259055 1 1 1.000000
Kirito_def_body.png
0 0.069888 -0.018327 1.388789 0.218664 -0.676386 0.703340 0.899569 0.309717 1 1 1.000000
0 0.042389 0.028737 1.418012 0.106999 -0.385198 0.916610 0.992897 0.344791 1 1 1.000000
0 0.028277 0.000291 1.405306 0.147075 -0.543353 0.826521 0.957899 0.379865 1 1 1.000000
Kirito_def_body.png
0 0.028277 0.000291 1.405306 0.147075 -0.543353 0.826521 0.957899 0.379865 1 1 1.000000
0 0.000000 -0.061773 1.365334 0.000000 -0.729746 0.683719 0.876237 0.430528 1 1 1.000000
0 0.069888 -0.018327 1.388789 0.218664 -0.676386 0.703340 0.899569 0.309717 1 1 1.000000
Kirito_def_body.png
0 0.000000 -0.085382 1.297000 0.000000 -0.971926 0.235286 0.782909 0.430528 1 1 0.980000
0 0.069888 -0.018327 1.388789 0.218664 -0.676386 0.703340 0.899569 0.309717 1 1 1.000000
0 0.000000 -0.061773 1.365334 0.000000 -0.729746 0.683719 0.876237 0.430528 1 1 1.000000
Kirito_def_body.png
0 0.000000 -0.061773 1.365334 0.000000 -0.729746 0.683719 0.876237 0.430528 1 1 1.000000
0 -0.069888 -0.018327 1.388789 -0.218668 -0.676389 0.703337 0.899569 0.309717 1 1 1.000000
0 0.000000 -0.085382 1.297000 0.000000 -0.971926 0.235286 0.782909 0.430528 1 1 0.980000
Kirito_def_body.png
0 -0.124949 -0.034451 1.329580 -0.303754 -0.915018 0.265470 0.817907 0.208392 1 1 1.000000
0 0.000000 -0.085382 1.297000 0.000000 -0.971926 0.235286 0.782909 0.430528 1 1 0.980000
0 -0.069888 -0.018327 1.388789 -0.218668 -0.676389 0.703337 0.899569 0.309717 1 1 1.000000
Kirito_def_body.png
0 0.069888 -0.018327 1.388789 0.309235 -0.756460 0.576318 0.079062 0.917668 1 1 1.000000
0 0.033279 -0.056779 1.377559 0.655437 -0.703938 0.273632 0.016843 0.886491 1 1 1.000000
0 0.029852 -0.091372 1.296775 0.498484 -0.832131 0.243047 0.012954 0.753989 1 1 0.980000
Kirito_def_body.png
0 0.029852 -0.091372 1.296775 0.498484 -0.832131 0.243047 0.012954 0.753989 1 1 0.980000
0 0.127012 -0.040514 1.329580 0.519459 -0.848776 0.098700 0.164612 0.839725 1 1 1.000000
0 0.069888 -0.018327 1.388789 0.309235 -0.756460 0.576318 0.079062 0.917668 1 1 1.000000
Kirito_def_body.png
0 0.120302 -0.010643 1.386508 0.074746 -0.599883 0.796589 0.137391 0.913771 2 1 0.710000 3 0.290000
0 0.069888 -0.018327 1.388789 0.309235 -0.756460 0.576318 0.079062 0.917668 1 1 1.000000
0 0.127012 -0.040514 1.329580 0.519459 -0.848776 0.098700 0.164612 0.839725 1 1 1.000000
Kirito_def_body.png
0 0.127012 -0.040514 1.329580 0.519459 -0.848776 0.098700 0.164612 0.839725 1 1 1.000000
0 0.168932 -0.002542 1.393614 0.141954 -0.782929 0.605699 0.187944 0.921565 2 1 0.760000 3 0.240000
0 0.120302 -0.010643 1.386508 0.074746 -0.599883 0.796589 0.137391 0.913771 2 1 0.710000 3 0.290000
Kirito_def_body.png
0 0.122916 0.018830 1.218403 0.973622 0.053662 -0.221769 0.250163 0.648767 3 1 0.720000 0 0.210000 3 0.070000
0 0.096808 -0.059256 1.186827 0.829418 -0.556484 0.048898 0.129614 0.590310 2 1 0.610000 0 0.390000
0 0.116788 0.010838 1.169201 0.994415 0.102827 -0.023788 0.246274 0.582516 2 1 0.620000 0 0.380000
Kirito_def_body.png
0 0.116788 0.010838 1.169201 0.994415 0.102827 -0.023788 0.246274 0.582516 2 1 0.620000 0 0.380000
0 0.095459 0.071563 1.183220 0.627568 0.765300 -0.143086 0.359045 0.582516 2 1 0.610000 0 0.390000
0 0.122916 0.018830 1.218403 0.973622 0.053662 -0.221769 0.250163 0.648767 3 1 0.720000 0 0.210000 3 0.070000
Kirito_def_body.png
0 0.110849 0.102503 1.310646 0.397209 0.879360 -0.262583 0.343490 0.777371 2 1 0.930000 3 0.070000
0 0.122916 0.018830 1.218403 0.973622 0.053662 -0.221769 0.250163 0.648767 3 1 0.720000 0 0.210000 3 0.070000
0 0.095459 0.071563 1.183220 0.627568 0.765300 -0.143086 0.359045 0.582516 2 1 0.610000 0 0.390000
Kirito_def_body.png
0 -0.029852 -0.091372 1.296775 -0.498484 -0.832131 0.243047 0.012954 0.753989 1 1 0.980000
0 -0.033279 -0.056779 1.377559 -0.655437 -0.703938 0.273632 0.016843 0.886491 1 1 1.000000
0 -0.069888 -0.018327 1.388789 -0.309235 -0.756459 0.576318 0.079062 0.917668 1 1 1.000000
Kirito_def_body.png
0 -0.069888 -0.018327 1.388789 -0.309235 -0.756459 0.576318 0.079062 0.917668 1 1 1.000000
0 -0.127012 -0.040514 1.329580 -0.519459 -0.848776 0.098700 0.164612 0.839725 1 1 1.000000
0 -0.029852 -0.091372 1.296775 -0.498484 -0.832131 0.243047 0.012954 0.753989 1 1 0.980000
Kirito_def_body.png
0 -0.096808 -0.059256 1.186827 -0.829418 -0.556484 0.048898 0.129614 0.590310 2 1 0.610000 0 0.390000
0 -0.029852 -0.091372 1.296775 -0.498484 -0.832131 0.243047 0.012954 0.753989 1 1 0.980000
0 -0.127012 -0.040514 1.329580 -0.519459 -0.848776 0.098700 0.164612 0.839725 1 1 1.000000
Kirito_def_body.png
0 0.120302 -0.010643 1.386508 0.074746 -0.599883 0.796589 0.137391 0.913771 2 1 0.710000 3 0.290000
0 0.168319 0.046162 1.414120 -0.044027 -0.406400 0.912634 0.187944 0.995610 2 1 0.680000 3 0.320000
0 0.116198 0.036370 1.408473 0.077829 -0.416422 0.905834 0.129614 0.995610 2 1 0.720000 3 0.280000
Kirito_def_body.png
0 0.116198 0.036370 1.408473 0.077829 -0.416422 0.905834 0.129614 0.995610 2 1 0.720000 3 0.280000
0 0.065313 0.040746 1.420261 0.141791 -0.432965 0.890189 0.079062 0.995610 1 1 1.000000
0 0.120302 -0.010643 1.386508 0.074746 -0.599883 0.796589 0.137391 0.913771 2 1 0.710000 3 0.290000
Kirito_def_body.png
0 0.069888 -0.018327 1.388789 0.309235 -0.756460 0.576318 0.079062 0.917668 1 1 1.000000
0 0.120302 -0.010643 1.386508 0.074746 -0.599883 0.796589 0.137391 0.913771 2 1 0.710000 3 0.290000
0 0.065313 0.040746 1.420261 0.141791 -0.432965 0.890189 0.079062 0.995610 1 1 1.000000
Kirito_def_body.png
0 0.110997 0.094867 1.379329 0.113855 0.837529 0.534399 0.370711 0.855314 2 1 0.720000 3 0.280000
0 0.041935 0.073039 1.425638 0.315875 0.730295 0.605716 0.456262 0.972227 1 1 1.000000
0 0.065313 0.040746 1.420261 0.372156 0.339266 0.863944 0.417375 0.995610 1 1 1.000000
Kirito_def_body.png
0 0.065313 0.040746 1.420261 0.372156 0.339266 0.863944 0.417375 0.995610 1 1 1.000000
0 0.116198 0.036370 1.408473 0.031624 0.447963 0.893493 0.370711 0.995610 2 1 0.720000 3 0.280000
0 0.110997 0.094867 1.379329 0.113855 0.837529 0.534399 0.370711 0.855314 2 1 0.720000 3 0.280000
Kirito_def_body.png
0 0.168319 0.046162 1.414120 -0.053252 0.538176 0.841148 0.300715 0.995610 2 1 0.680000 3 0.320000
0 0.110997 0.094867 1.379329 0.113855 0.837529 0.534399 0.370711 0.855314 2 1 0.720000 3 0.280000
0 0.116198 0.036370 1.408473 0.031624 0.447963 0.893493 0.370711 0.995610 2 1 0.720000 3 0.280000
Kirito_def_body.png
0 0.000000 -0.085382 1.297000 0.000000 -0.971926 0.235286 0.782909 0.430528 1 1 0.980000
0 0.094658 -0.056683 1.186827 0.318917 -0.942031 0.104262 0.631251 0.235672 2 1 0.610000 0 0.390000
0 0.124949 -0.034451 1.329580 0.303754 -0.915018 0.265470 0.817907 0.208392 1 1 1.000000
Kirito_def_body.png
0 0.124949 -0.034451 1.329580 0.303754 -0.915018 0.265470 0.817907 0.208392 1 1 1.000000
0 0.069888 -0.018327 1.388789 0.218664 -0.676386 0.703340 0.899569 0.309717 1 1 1.000000
0 0.000000 -0.085382 1.297000 0.000000 -0.971926 0.235286 0.782909 0.430528 1 1 0.980000
Kirito_def_body.png
0 0.042389 0.028737 1.418012 0.106999 -0.385198 0.916610 0.992897 0.344791 1 1 1.000000
0 0.069888 -0.018327 1.388789 0.218664 -0.676386 0.703340 0.899569 0.309717 1 1 1.000000
0 0.065313 0.040746 1.420261 0.089346 -0.345499 0.934156 0.989008 0.259055 1 1 1.000000
Kirito_def_body.png
0 0.065313 0.040746 1.420261 0.089346 -0.345499 0.934156 0.989008 0.259055 1 1 1.000000
0 0.000000 0.074232 1.429774 -0.000010 -0.228899 0.973450 0.996785 0.395454 1 1 1.000000
0 0.042389 0.028737 1.418012 0.106999 -0.385198 0.916610 0.992897 0.344791 1 1 1.000000
Kirito_def_body.png
0 0.157911 -0.027080 1.329814 0.387493 -0.886874 -0.251603 0.195721 0.843622 2 1 0.660000 3 0.340000
0 0.168932 -0.002542 1.393614 0.141954 -0.782929 0.605699 0.187944 0.921565 2 1 0.760000 3 0.240000
0 0.127012 -0.040514 1.329580 0.519459 -0.848776 0.098700 0.164612 0.839725 1 1 1.000000
Kirito_def_body.png
0 0.127012 -0.040514 1.329580 0.519459 -0.848776 0.098700 0.164612 0.839725 1 1 1.000000
0 0.142309 0.029086 1.272189 0.717820 0.005137 -0.696210 0.250163 0.718915 2 1 0.900000 3 0.100000
0 0.157911 -0.027080 1.329814 0.387493 -0.886874 -0.251603 0.195721 0.843622 2 1 0.660000 3 0.340000
Kirito_def_body.png
0 -0.124949 -0.034451 1.329580 -0.303754 -0.915018 0.265470 0.817907 0.208392 1 1 1.000000
0 -0.094658 -0.056683 1.186827 -0.318917 -0.942031 0.104262 0.631251 0.235672 2 1 0.610000 0 0.390000
0 0.000000 -0.085382 1.297000 0.000000 -0.971926 0.235286 0.782909 0.430528 1 1 0.980000
Kirito_def_body.png
0 -0.041935 0.073039 1.425638 -0.315875 0.730295 0.605716 0.456262 0.972227 1 1 1.000000
0 0.000000 0.086422 1.427168 0.000000 0.948031 0.318179 0.510703 0.937153 1 1 1.000000
0 0.000000 0.101627 1.381864 0.000000 0.942322 0.334708 0.510703 0.874799 1 1 1.000000
Kirito_def_body.png
0 0.142309 0.029086 1.272189 0.438968 -0.581131 -0.685269 0.969565 0.991713 2 1 0.900000 3 0.100000
0 0.188274 0.033322 1.298041 0.257069 -0.544042 -0.798708 0.973453 0.968330 2 3 0.900000 1 0.100000
0 0.157911 -0.027080 1.329814 0.407008 -0.862392 -0.301039 0.899569 0.991713 2 1 0.660000 3 0.340000
Kirito_def_body.png
0 0.120302 -0.010643 1.386508 0.074746 -0.599883 0.796589 0.137391 0.913771 2 1 0.710000 3 0.290000
0 0.168932 -0.002542 1.393614 0.141954 -0.782929 0.605699 0.187944 0.921565 2 1 0.760000 3 0.240000
0 0.168319 0.046162 1.414120 -0.044027 -0.406400 0.912634 0.187944 0.995610 2 1 0.680000 3 0.320000
Kirito_def_body.png
0 -0.157049 0.094944 1.320641 -0.390657 0.687959 -0.611636 0.619585 0.991713 2 1 0.650000 6 0.350000
0 -0.142309 0.029086 1.272189 -0.394037 0.485810 -0.780207 0.565144 0.991713 2 1 0.900000 6 0.100000
0 -0.188274 0.033322 1.298041 -0.283515 0.501534 -0.817363 0.565144 0.964433 2 6 0.900000 1 0.100000
Kirito_def_body.png
0 -0.188274 0.033322 1.298041 -0.283515 0.501534 -0.817363 0.565144 0.964433 2 6 0.900000 1 0.100000
0 -0.185503 0.087288 1.330169 -0.204289 0.836644 -0.508226 0.623474 0.964433 2 6 0.610000 1 0.390000
0 -0.157049 0.094944 1.320641 -0.390657 0.687959 -0.611636 0.619585 0.991713 2 1 0.650000 6 0.350000
Kirito_def_body.png
0 -0.165266 0.099718 1.370310 -0.118360 0.979093 0.165434 0.654583 0.991713 2 1 0.780000 6 0.220000
0 -0.157049 0.094944 1.320641 -0.390657 0.687959 -0.611636 0.619585 0.991713 2 1 0.650000 6 0.350000
0 -0.185503 0.087288 1.330169 -0.204289 0.836644 -0.508226 0.623474 0.964433 2 6 0.610000 1 0.390000
Kirito_def_body.png
0 -0.185503 0.087288 1.330169 -0.204289 0.836644 -0.508226 0.623474 0.964433 2 6 0.610000 1 0.390000
0 -0.189797 0.096537 1.379006 -0.114320 0.821014 0.559346 0.674027 0.964433 2 6 0.780000 1 0.220000
0 -0.165266 0.099718 1.370310 -0.118360 0.979093 0.165434 0.654583 0.991713 2 1 0.780000 6 0.220000
Kirito_def_body.png
0 -0.168319 0.046162 1.414120 -0.188917 0.265848 0.945323 0.771243 0.991713 2 1 0.680000 6 0.320000
0 -0.165266 0.099718 1.370310 -0.118360 0.979093 0.165434 0.654583 0.991713 2 1 0.780000 6 0.220000
0 -0.189797 0.096537 1.379006 -0.114320 0.821014 0.559346 0.674027 0.964433 2 6 0.780000 1 0.220000
Kirito_def_body.png
0 -0.189797 0.096537 1.379006 -0.114320 0.821014 0.559346 0.674027 0.964433 2 6 0.780000 1 0.220000
0 -0.185908 0.046162 1.407041 -0.273394 -0.053090 0.960436 0.763466 0.968330 2 6 0.850000 1 0.150000
0 -0.168319 0.046162 1.414120 -0.188917 0.265848 0.945323 0.771243 0.991713 2 1 0.680000 6 0.320000
Kirito_def_body.png
0 -0.168932 -0.002542 1.393614 -0.307972 -0.600913 0.737602 0.798464 0.991713 2 1 0.760000 6 0.240000
0 -0.168319 0.046162 1.414120 -0.188917 0.265848 0.945323 0.771243 0.991713 2 1 0.680000 6 0.320000
0 -0.185908 0.046162 1.407041 -0.273394 -0.053090 0.960436 0.763466 0.968330 2 6 0.850000 1 0.150000
Kirito_def_body.png
0 -0.185908 0.046162 1.407041 -0.273394 -0.053090 0.960436 0.763466 0.968330 2 6 0.850000 1 0.150000
0 -0.190160 -0.004208 1.382671 -0.245395 -0.755624 0.607300 0.817907 0.972227 2 6 0.780000 1 0.220000
0 -0.168932 -0.002542 1.393614 -0.307972 -0.600913 0.737602 0.798464 0.991713 2 1 0.760000 6 0.240000
Kirito_def_body.png
0 -0.157911 -0.027080 1.329814 -0.406994 -0.862399 -0.301037 0.899569 0.991713 2 1 0.660000 6 0.340000
0 -0.168932 -0.002542 1.393614 -0.307972 -0.600913 0.737602 0.798464 0.991713 2 1 0.760000 6 0.240000
0 -0.190160 -0.004208 1.382671 -0.245395 -0.755624 0.607300 0.817907 0.972227 2 6 0.780000 1 0.220000
Kirito_def_body.png
0 -0.190160 -0.004208 1.382671 -0.245395 -0.755624 0.607300 0.817907 0.972227 2 6 0.780000 1 0.220000
0 -0.180830 -0.013646 1.330160 -0.267806 -0.928761 -0.256285 0.891792 0.968330 2 6 0.610000 1 0.390000
0 -0.157911 -0.027080 1.329814 -0.406994 -0.862399 -0.301037 0.899569 0.991713 2 1 0.660000 6 0.340000
Kirito_def_body.png
0 -0.188274 0.033322 1.298041 -0.257063 -0.544039 -0.798712 0.973453 0.968330 2 6 0.900000 1 0.100000
0 -0.157911 -0.027080 1.329814 -0.406994 -0.862399 -0.301037 0.899569 0.991713 2 1 0.660000 6 0.340000
0 -0.180830 -0.013646 1.330160 -0.267806 -0.928761 -0.256285 0.891792 0.968330 2 6 0.610000 1 0.390000
Kirito_def_body.png
0 -0.122916 0.018830 1.218403 -0.973621 0.053662 -0.221769 0.250163 0.648767 3 1 0.720000 0 0.210000 6 0.070000
0 -0.096808 -0.059256 1.186827 -0.829418 -0.556484 0.048898 0.129614 0.590310 2 1 0.610000 0 0.390000
0 -0.127012 -0.040514 1.329580 -0.519459 -0.848776 0.098700 0.164612 0.839725 1 1 1.000000
Kirito_def_body.png
0 -0.127012 -0.040514 1.329580 -0.519459 -0.848776 0.098700 0.164612 0.839725 1 1 1.000000
0 -0.142309 0.029086 1.272189 -0.717820 0.005137 -0.696210 0.250163 0.718915 2 1 0.900000 6 0.100000
0 -0.122916 0.018830 1.218403 -0.973621 0.053662 -0.221769 0.250163 0.648767 3 1 0.720000 0 0.210000 6 0.070000
Kirito_def_body.png
0 -0.110849 0.102503 1.310646 -0.397209 0.879360 -0.262584 0.343490 0.777371 2 1 0.930000 6 0.070000
0 -0.122916 0.018830 1.218403 -0.973621 0.053662 -0.221769 0.250163 0.648767 3 1 0.720000 0 0.210000 6 0.070000
0 -0.142309 0.029086 1.272189 -0.717820 0.005137 -0.696210 0.250163 0.718915 2 1 0.900000 6 0.100000
Kirito_def_body.png
0 -0.142309 0.029086 1.272189 -0.717820 0.005137 -0.696210 0.250163 0.718915 2 1 0.900000 6 0.100000
0 -0.157049 0.094944 1.320641 -0.112407 0.949545 -0.292796 0.304604 0.792960 2 1 0.650000 6 0.350000
0 -0.110849 0.102503 1.310646 -0.397209 0.879360 -0.262584 0.343490 0.777371 2 1 0.930000 6 0.070000
Kirito_def_body.png
0 -0.110997 0.094867 1.379329 -0.113855 0.837529 0.534399 0.370711 0.855314 2 1 0.720000 6 0.280000
0 -0.110849 0.102503 1.310646 -0.397209 0.879360 -0.262584 0.343490 0.777371 2 1 0.930000 6 0.070000
0 -0.157049 0.094944 1.320641 -0.112407 0.949545 -0.292796 0.304604 0.792960 2 1 0.650000 6 0.350000
Kirito_def_body.png
0 -0.157049 0.094944 1.320641 -0.112407 0.949545 -0.292796 0.304604 0.792960 2 1 0.650000 6 0.350000
0 -0.165266 0.099718 1.370310 0.017197 0.920066 0.391386 0.300715 0.867005 2 1 0.780000 6 0.220000
0 -0.110997 0.094867 1.379329 -0.113855 0.837529 0.534399 0.370711 0.855314 2 1 0.720000 6 0.280000
Kirito_def_body.png
0 -0.168319 0.046162 1.414120 0.053251 0.538177 0.841148 0.300715 0.995610 2 1 0.680000 6 0.320000
0 -0.110997 0.094867 1.379329 -0.113855 0.837529 0.534399 0.370711 0.855314 2 1 0.720000 6 0.280000
0 -0.165266 0.099718 1.370310 0.017197 0.920066 0.391386 0.300715 0.867005 2 1 0.780000 6 0.220000
Kirito_def_body.png
0 -0.110849 0.102503 1.310646 -0.397209 0.879360 -0.262584 0.343490 0.777371 2 1 0.930000 6 0.070000
0 0.000000 0.112312 1.320535 -0.000000 0.999421 0.034030 0.510703 0.789063 1 1 1.000000
0 0.000000 0.087588 1.186155 0.000000 0.985802 -0.167911 0.510703 0.582516 2 1 0.720000 0 0.280000
Kirito_def_body.png
0 0.000000 0.087588 1.186155 0.000000 0.985802 -0.167911 0.510703 0.582516 2 1 0.720000 0 0.280000
0 -0.095459 0.071563 1.183220 -0.627568 0.765300 -0.143086 0.359045 0.582516 2 1 0.610000 0 0.390000
0 -0.110849 0.102503 1.310646 -0.397209 0.879360 -0.262584 0.343490 0.777371 2 1 0.930000 6 0.070000
Kirito_def_body.png
0 -0.122916 0.018830 1.218403 -0.973621 0.053662 -0.221769 0.250163 0.648767 3 1 0.720000 0 0.210000 6 0.070000
0 -0.110849 0.102503 1.310646 -0.397209 0.879360 -0.262584 0.343490 0.777371 2 1 0.930000 6 0.070000
0 -0.095459 0.071563 1.183220 -0.627568 0.765300 -0.143086 0.359045 0.582516 2 1 0.610000 0 0.390000
Kirito_def_body.png
0 -0.095459 0.071563 1.183220 -0.627568 0.765300 -0.143086 0.359045 0.582516 2 1 0.610000 0 0.390000
0 -0.116788 0.010838 1.169201 -0.994415 0.102827 -0.023788 0.246274 0.582516 2 1 0.620000 0 0.380000
0 -0.122916 0.018830 1.218403 -0.973621 0.053662 -0.221769 0.250163 0.648767 3 1 0.720000 0 0.210000 6 0.070000
Kirito_def_body.png
0 -0.096808 -0.059256 1.186827 -0.829418 -0.556484 0.048898 0.129614 0.590310 2 1 0.610000 0 0.390000
0 -0.122916 0.018830 1.218403 -0.973621 0.053662 -0.221769 0.250163 0.648767 3 1 0.720000 0 0.210000 6 0.070000
0 -0.116788 0.010838 1.169201 -0.994415 0.102827 -0.023788 0.246274 0.582516 2 1 0.620000 0 0.380000
Kirito_def_body.png
0 -0.110997 0.094867 1.379329 -0.113855 0.837529 0.534399 0.370711 0.855314 2 1 0.720000 6 0.280000
0 -0.065313 0.040746 1.420261 -0.372156 0.339266 0.863944 0.417375 0.995610 1 1 1.000000
0 -0.041935 0.073039 1.425638 -0.315875 0.730295 0.605716 0.456262 0.972227 1 1 1.000000
Kirito_def_body.png
0 -0.041935 0.073039 1.425638 -0.315875 0.730295 0.605716 0.456262 0.972227 1 1 1.000000
0 0.000000 0.101627 1.381864 0.000000 0.942322 0.334708 0.510703 0.874799 1 1 1.000000
0 -0.110997 0.094867 1.379329 -0.113855 0.837529 0.534399 0.370711 0.855314 2 1 0.720000 6 0.280000
Kirito_def_body.png
0 0.000000 0.112312 1.320535 -0.000000 0.999421 0.034030 0.510703 0.789063 1 1 1.000000
0 -0.110997 0.094867 1.379329 -0.113855 0.837529 0.534399 0.370711 0.855314 2 1 0.720000 6 0.280000
0 0.000000 0.101627 1.381864 0.000000 0.942322 0.334708 0.510703 0.874799 1 1 1.000000
Kirito_def_body.png
0 -0.120302 -0.010643 1.386508 -0.074746 -0.599883 0.796588 0.137391 0.913771 2 1 0.710000 6 0.290000
0 -0.069888 -0.018327 1.388789 -0.309235 -0.756459 0.576318 0.079062 0.917668 1 1 1.000000
0 -0.065313 0.040746 1.420261 -0.141792 -0.432966 0.890189 0.079062 0.995610 1 1 1.000000
Kirito_def_body.png
0 -0.065313 0.040746 1.420261 -0.141792 -0.432966 0.890189 0.079062 0.995610 1 1 1.000000
0 -0.116198 0.036370 1.408473 -0.077829 -0.416424 0.905833 0.129614 0.995610 2 1 0.720000 6 0.280000
0 -0.120302 -0.010643 1.386508 -0.074746 -0.599883 0.796588 0.137391 0.913771 2 1 0.710000 6 0.290000
Kirito_def_body.png
0 -0.168319 0.046162 1.414120 0.044028 -0.406401 0.912633 0.187944 0.995610 2 1 0.680000 6 0.320000
0 -0.120302 -0.010643 1.386508 -0.074746 -0.599883 0.796588 0.137391 0.913771 2 1 0.710000 6 0.290000
0 -0.116198 0.036370 1.408473 -0.077829 -0.416424 0.905833 0.129614 0.995610 2 1 0.720000 6 0.280000
Kirito_def_body.png
0 -0.127012 -0.040514 1.329580 -0.519459 -0.848776 0.098700 0.164612 0.839725 1 1 1.000000
0 -0.069888 -0.018327 1.388789 -0.309235 -0.756459 0.576318 0.079062 0.917668 1 1 1.000000
0 -0.120302 -0.010643 1.386508 -0.074746 -0.599883 0.796588 0.137391 0.913771 2 1 0.710000 6 0.290000
Kirito_def_body.png
0 -0.120302 -0.010643 1.386508 -0.074746 -0.599883 0.796588 0.137391 0.913771 2 1 0.710000 6 0.290000
0 -0.168932 -0.002542 1.393614 -0.141953 -0.782929 0.605699 0.187944 0.921565 2 1 0.760000 6 0.240000
0 -0.127012 -0.040514 1.329580 -0.519459 -0.848776 0.098700 0.164612 0.839725 1 1 1.000000
Kirito_def_body.png
0 -0.157911 -0.027080 1.329814 -0.387493 -0.886874 -0.251603 0.195721 0.843622 2 1 0.660000 6 0.340000
0 -0.127012 -0.040514 1.329580 -0.519459 -0.848776 0.098700 0.164612 0.839725 1 1 1.000000
0 -0.168932 -0.002542 1.393614 -0.141953 -0.782929 0.605699 0.187944 0.921565 2 1 0.760000 6 0.240000
Kirito_def_body.png
0 -0.110997 0.094867 1.379329 -0.113855 0.837529 0.534399 0.370711 0.855314 2 1 0.720000 6 0.280000
0 -0.168319 0.046162 1.414120 0.053251 0.538177 0.841148 0.300715 0.995610 2 1 0.680000 6 0.320000
0 -0.116198 0.036370 1.408473 -0.031624 0.447963 0.893493 0.370711 0.995610 2 1 0.720000 6 0.280000
Kirito_def_body.png
0 -0.116198 0.036370 1.408473 -0.031624 0.447963 0.893493 0.370711 0.995610 2 1 0.720000 6 0.280000
0 -0.065313 0.040746 1.420261 -0.372156 0.339266 0.863944 0.417375 0.995610 1 1 1.000000
0 -0.110997 0.094867 1.379329 -0.113855 0.837529 0.534399 0.370711 0.855314 2 1 0.720000 6 0.280000
Kirito_def_body.png
0 -0.127012 -0.040514 1.329580 -0.519459 -0.848776 0.098700 0.164612 0.839725 1 1 1.000000
0 -0.157911 -0.027080 1.329814 -0.387493 -0.886874 -0.251603 0.195721 0.843622 2 1 0.660000 6 0.340000
0 -0.142309 0.029086 1.272189 -0.717820 0.005137 -0.696210 0.250163 0.718915 2 1 0.900000 6 0.100000
Kirito_def_body.png
0 -0.188274 0.033322 1.298041 -0.257063 -0.544039 -0.798712 0.973453 0.968330 2 6 0.900000 1 0.100000
0 -0.142309 0.029086 1.272189 -0.438967 -0.581132 -0.685269 0.969565 0.991713 2 1 0.900000 6 0.100000
0 -0.157911 -0.027080 1.329814 -0.406994 -0.862399 -0.301037 0.899569 0.991713 2 1 0.660000 6 0.340000
Kirito_def_body.png
0 0.000000 0.112312 1.320535 -0.000000 0.999421 0.034030 0.510703 0.789063 1 1 1.000000
0 -0.110849 0.102503 1.310646 -0.397209 0.879360 -0.262584 0.343490 0.777371 2 1 0.930000 6 0.070000
0 -0.110997 0.094867 1.379329 -0.113855 0.837529 0.534399 0.370711 0.855314 2 1 0.720000 6 0.280000
Kirito_def_body.png
0 -0.168932 -0.002542 1.393614 -0.141953 -0.782929 0.605699 0.187944 0.921565 2 1 0.760000 6 0.240000
0 -0.120302 -0.010643 1.386508 -0.074746 -0.599883 0.796588 0.137391 0.913771 2 1 0.710000 6 0.290000
0 -0.168319 0.046162 1.414120 0.044028 -0.406401 0.912633 0.187944 0.995610 2 1 0.680000 6 0.320000
Kirito_def_body.png
0 0.000000 0.082820 1.115603 -0.000000 0.997776 0.066657 0.510703 0.469499 3 0 0.420000 9 0.350000 1 0.230000
0 -0.095459 0.071563 1.183220 -0.627568 0.765300 -0.143086 0.359045 0.582516 2 1 0.610000 0 0.390000
0 0.000000 0.087588 1.186155 0.000000 0.985802 -0.167911 0.510703 0.582516 2 1 0.720000 0 0.280000
Kirito_def_body.png
0 0.000000 0.087588 1.186155 0.000000 0.985802 -0.167911 0.510703 0.582516 2 1 0.720000 0 0.280000
0 0.095459 0.071563 1.183220 0.627568 0.765300 -0.143086 0.359045 0.582516 2 1 0.610000 0 0.390000
0 0.000000 0.082820 1.115603 -0.000000 0.997776 0.066657 0.510703 0.469499 3 0 0.420000 9 0.350000 1 0.230000
Kirito_def_body.png
0 0.097272 0.067150 1.115603 0.664846 0.739682 0.104166 0.355156 0.469499 3 0 0.450000 9 0.290000 1 0.260000
0 0.000000 0.082820 1.115603 -0.000000 0.997776 0.066657 0.510703 0.469499 3 0 0.420000 9 0.350000 1 0.230000
0 0.095459 0.071563 1.183220 0.627568 0.765300 -0.143086 0.359045 0.582516 2 1 0.610000 0 0.390000
Kirito_def_body.png
0 0.095459 0.071563 1.183220 0.627568 0.765300 -0.143086 0.359045 0.582516 2 1 0.610000 0 0.390000
0 0.116788 0.010838 1.169201 0.994415 0.102827 -0.023788 0.246274 0.582516 2 1 0.620000 0 0.380000
0 0.097272 0.067150 1.115603 0.664846 0.739682 0.104166 0.355156 0.469499 3 0 0.450000 9 0.290000 1 0.260000
Kirito_def_body.png
0 0.120915 -0.000927 1.115603 0.984907 0.055612 0.163907 0.242385 0.469499 3 0 0.540000 1 0.320000 9 0.140000
0 0.097272 0.067150 1.115603 0.664846 0.739682 0.104166 0.355156 0.469499 3 0 0.450000 9 0.290000 1 0.260000
0 0.116788 0.010838 1.169201 0.994415 0.102827 -0.023788 0.246274 0.582516 2 1 0.620000 0 0.380000
Kirito_def_body.png
0 0.116788 0.010838 1.169201 0.994415 0.102827 -0.023788 0.246274 0.582516 2 1 0.620000 0 0.380000
0 0.096808 -0.059256 1.186827 0.829418 -0.556484 0.048898 0.129614 0.590310 2 1 0.610000 0 0.390000
0 0.120915 -0.000927 1.115603 0.984907 0.055612 0.163907 0.242385 0.469499 3 0 0.540000 1 0.320000 9 0.140000
Kirito_def_body.png
0 0.101501 -0.072383 1.115603 0.754338 -0.630832 0.181725 0.125725 0.477293 3 0 0.540000 1 0.320000 9 0.140000
0 0.120915 -0.000927 1.115603 0.984907 0.055612 0.163907 0.242385 0.469499 3 0 0.540000 1 0.320000 9 0.140000
0 0.096808 -0.059256 1.186827 0.829418 -0.556484 0.048898 0.129614 0.590310 2 1 0.610000 0 0.390000
Kirito_def_body.png
0 0.096808 -0.059256 1.186827 0.829418 -0.556484 0.048898 0.129614 0.590310 2 1 0.610000 0 0.390000
0 0.040501 -0.108240 1.115603 0.524172 -0.839797 0.141369 0.012954 0.469499 3 0 0.570000 1 0.320000 9 0.110000
0 0.101501 -0.072383 1.115603 0.754338 -0.630832 0.181725 0.125725 0.477293 3 0 0.540000 1 0.320000 9 0.140000
Kirito_def_body.png
0 0.054698 -0.120480 0.975214 0.442826 -0.882299 0.159540 0.012954 0.282438 1 9 0.960000
0 0.101501 -0.072383 1.115603 0.754338 -0.630832 0.181725 0.125725 0.477293 3 0 0.540000 1 0.320000 9 0.140000
0 0.040501 -0.108240 1.115603 0.524172 -0.839797 0.141369 0.012954 0.469499 3 0 0.570000 1 0.320000 9 0.110000
Kirito_def_body.png
0 0.101501 -0.072383 1.115603 0.754338 -0.630832 0.181725 0.125725 0.477293 3 0 0.540000 1 0.320000 9 0.140000
0 0.054698 -0.120480 0.975214 0.442826 -0.882299 0.159540 0.012954 0.282438 1 9 0.960000
0 0.114257 -0.090619 0.981984 0.721431 -0.659699 0.210557 0.129614 0.208392 1 9 0.960000
Kirito_def_body.png
0 0.114257 -0.090619 0.981984 0.721431 -0.659699 0.210557 0.129614 0.208392 1 9 0.960000
0 0.147853 -0.003467 1.025549 0.961372 0.023991 0.274206 0.242385 0.309717 1 9 0.960000
0 0.101501 -0.072383 1.115603 0.754338 -0.630832 0.181725 0.125725 0.477293 3 0 0.540000 1 0.320000 9 0.140000
Kirito_def_body.png
0 0.120915 -0.000927 1.115603 0.984907 0.055612 0.163907 0.242385 0.469499 3 0 0.540000 1 0.320000 9 0.140000
0 0.101501 -0.072383 1.115603 0.754338 -0.630832 0.181725 0.125725 0.477293 3 0 0.540000 1 0.320000 9 0.140000
0 0.147853 -0.003467 1.025549 0.961372 0.023991 0.274206 0.242385 0.309717 1 9 0.960000
Kirito_def_body.png
0 0.147853 -0.003467 1.025549 0.961372 0.023991 0.274206 0.242385 0.309717 1 9 0.960000
0 0.109533 0.073528 1.030646 0.659966 0.713952 0.233916 0.343490 0.329203 1 9 0.960000
0 0.120915 -0.000927 1.115603 0.984907 0.055612 0.163907 0.242385 0.469499 3 0 0.540000 1 0.320000 9 0.140000
Kirito_def_body.png
0 0.097272 0.067150 1.115603 0.664846 0.739682 0.104166 0.355156 0.469499 3 0 0.450000 9 0.290000 1 0.260000
0 0.120915 -0.000927 1.115603 0.984907 0.055612 0.163907 0.242385 0.469499 3 0 0.540000 1 0.320000 9 0.140000
0 0.109533 0.073528 1.030646 0.659966 0.713952 0.233916 0.343490 0.329203 1 9 0.960000
Kirito_def_body.png
0 0.109533 0.073528 1.030646 0.659966 0.713952 0.233916 0.343490 0.329203 1 9 0.960000
0 0.000000 0.110795 1.034022 0.000000 0.971269 0.237985 0.510703 0.321409 1 9 0.960000
0 0.097272 0.067150 1.115603 0.664846 0.739682 0.104166 0.355156 0.469499 3 0 0.450000 9 0.290000 1 0.260000
Kirito_def_body.png
0 0.000000 0.082820 1.115603 -0.000000 0.997776 0.066657 0.510703 0.469499 3 0 0.420000 9 0.350000 1 0.230000
0 0.097272 0.067150 1.115603 0.664846 0.739682 0.104166 0.355156 0.469499 3 0 0.450000 9 0.290000 1 0.260000
0 0.000000 0.110795 1.034022 0.000000 0.971269 0.237985 0.510703 0.321409 1 9 0.960000
Kirito_def_body.png
0 -0.101501 -0.072383 1.115603 -0.754338 -0.630832 0.181725 0.125725 0.477293 3 0 0.540000 1 0.320000 9 0.140000
0 -0.054698 -0.120480 0.975214 -0.442826 -0.882299 0.159540 0.012954 0.282438 1 9 0.960000
0 -0.040501 -0.108240 1.115603 -0.524172 -0.839797 0.141369 0.012954 0.469499 3 0 0.570000 1 0.320000 9 0.110000
Kirito_def_body.png
0 -0.040501 -0.108240 1.115603 -0.524172 -0.839797 0.141369 0.012954 0.469499 3 0 0.570000 1 0.320000 9 0.110000
0 -0.096808 -0.059256 1.186827 -0.829418 -0.556484 0.048898 0.129614 0.590310 2 1 0.610000 0 0.390000
0 -0.101501 -0.072383 1.115603 -0.754338 -0.630832 0.181725 0.125725 0.477293 3 0 0.540000 1 0.320000 9 0.140000
Kirito_def_body.png
0 -0.120915 -0.000927 1.115603 -0.984907 0.055612 0.163907 0.242385 0.469499 3 0 0.540000 1 0.320000 9 0.140000
0 -0.101501 -0.072383 1.115603 -0.754338 -0.630832 0.181725 0.125725 0.477293 3 0 0.540000 1 0.320000 9 0.140000
0 -0.096808 -0.059256 1.186827 -0.829418 -0.556484 0.048898 0.129614 0.590310 2 1 0.610000 0 0.390000
Kirito_def_body.png
0 -0.096808 -0.059256 1.186827 -0.829418 -0.556484 0.048898 0.129614 0.590310 2 1 0.610000 0 0.390000
0 -0.116788 0.010838 1.169201 -0.994415 0.102827 -0.023788 0.246274 0.582516 2 1 0.620000 0 0.380000
0 -0.120915 -0.000927 1.115603 -0.984907 0.055612 0.163907 0.242385 0.469499 3 0 0.540000 1 0.320000 9 0.140000
Kirito_def_body.png
0 -0.097272 0.067150 1.115603 -0.664846 0.739682 0.104166 0.355156 0.469499 3 0 0.450000 9 0.290000 1 0.260000
0 -0.120915 -0.000927 1.115603 -0.984907 0.055612 0.163907 0.242385 0.469499 3 0 0.540000 1 0.320000 9 0.140000
0 -0.116788 0.010838 1.169201 -0.994415 0.102827 -0.023788 0.246274 0.582516 2 1 0.620000 0 0.380000
Kirito_def_body.png
0 -0.116788 0.010838 1.169201 -0.994415 0.102827 -0.023788 0.246274 0.582516 2 1 0.620000 0 0.380000
0 -0.095459 0.071563 1.183220 -0.627568 0.765300 -0.143086 0.359045 0.582516 2 1 0.610000 0 0.390000
0 -0.097272 0.067150 1.115603 -0.664846 0.739682 0.104166 0.355156 0.469499 3 0 0.450000 9 0.290000 1 0.260000
Kirito_def_body.png
0 0.000000 0.082820 1.115603 -0.000000 0.997776 0.066657 0.510703 0.469499 3 0 0.420000 9 0.350000 1 0.230000
0 -0.097272 0.067150 1.115603 -0.664846 0.739682 0.104166 0.355156 0.469499 3 0 0.450000 9 0.290000 1 0.260000
0 -0.095459 0.071563 1.183220 -0.627568 0.765300 -0.143086 0.359045 0.582516 2 1 0.610000 0 0.390000
Kirito_def_body.png
0 -0.097272 0.067150 1.115603 -0.664846 0.739682 0.104166 0.355156 0.469499 3 0 0.450000 9 0.290000 1 0.260000
0 0.000000 0.082820 1.115603 -0.000000 0.997776 0.066657 0.510703 0.469499 3 0 0.420000 9 0.350000 1 0.230000
0 0.000000 0.110795 1.034022 0.000000 0.971269 0.237985 0.510703 0.321409 1 9 0.960000
Kirito_def_body.png
0 0.000000 0.110795 1.034022 0.000000 0.971269 0.237985 0.510703 0.321409 1 9 0.960000
0 -0.109533 0.073528 1.030646 -0.659966 0.713952 0.233917 0.343490 0.329203 1 9 0.960000
0 -0.097272 0.067150 1.115603 -0.664846 0.739682 0.104166 0.355156 0.469499 3 0 0.450000 9 0.290000 1 0.260000
Kirito_def_body.png
0 -0.120915 -0.000927 1.115603 -0.984907 0.055612 0.163907 0.242385 0.469499 3 0 0.540000 1 0.320000 9 0.140000
0 -0.097272 0.067150 1.115603 -0.664846 0.739682 0.104166 0.355156 0.469499 3 0 0.450000 9 0.290000 1 0.260000
0 -0.109533 0.073528 1.030646 -0.659966 0.713952 0.233917 0.343490 0.329203 1 9 0.960000
Kirito_def_body.png
0 -0.109533 0.073528 1.030646 -0.659966 0.713952 0.233917 0.343490 0.329203 1 9 0.960000
0 -0.147853 -0.003467 1.025549 -0.961372 0.023991 0.274206 0.242385 0.309717 1 9 0.960000
0 -0.120915 -0.000927 1.115603 -0.984907 0.055612 0.163907 0.242385 0.469499 3 0 0.540000 1 0.320000 9 0.140000
Kirito_def_body.png
0 -0.101501 -0.072383 1.115603 -0.754338 -0.630832 0.181725 0.125725 0.477293 3 0 0.540000 1 0.320000 9 0.140000
0 -0.120915 -0.000927 1.115603 -0.984907 0.055612 0.163907 0.242385 0.469499 3 0 0.540000 1 0.320000 9 0.140000
0 -0.147853 -0.003467 1.025549 -0.961372 0.023991 0.274206 0.242385 0.309717 1 9 0.960000
Kirito_def_body.png
0 -0.147853 -0.003467 1.025549 -0.961372 0.023991 0.274206 0.242385 0.309717 1 9 0.960000
0 -0.114257 -0.090619 0.981984 -0.721431 -0.659699 0.210557 0.129614 0.208392 1 9 0.960000
0 -0.101501 -0.072383 1.115603 -0.754338 -0.630832 0.181725 0.125725 0.477293 3 0 0.540000 1 0.320000 9 0.140000
Kirito_def_body.png
0 -0.054698 -0.120480 0.975214 -0.442826 -0.882299 0.159540 0.012954 0.282438 1 9 0.960000
0 -0.101501 -0.072383 1.115603 -0.754338 -0.630832 0.181725 0.125725 0.477293 3 0 0.540000 1 0.320000 9 0.140000
0 -0.114257 -0.090619 0.981984 -0.721431 -0.659699 0.210557 0.129614 0.208392 1 9 0.960000
Kirito_def_body.png
0 0.000000 -0.103590 0.950784 0.000000 -0.996718 0.080953 0.654583 0.008515 1 9 0.960000
0 0.099247 -0.069810 1.115603 0.226068 -0.972066 0.063097 0.911235 0.188907 3 0 0.540000 1 0.320000 9 0.140000
0 0.000000 -0.095541 1.116000 0.000000 -0.998815 0.048659 0.911235 0.008515 3 0 0.580000 1 0.320000 9 0.100000
Kirito_def_body.png
0 0.000000 -0.095541 1.116000 0.000000 -0.998815 0.048659 0.911235 0.008515 3 0 0.580000 1 0.320000 9 0.100000
0 -0.099247 -0.069810 1.115603 -0.226068 -0.972066 0.063097 0.911235 0.188907 3 0 0.540000 1 0.320000 9 0.140000
0 0.000000 -0.103590 0.950784 0.000000 -0.996718 0.080953 0.654583 0.008515 1 9 0.960000
Kirito_def_body.png
0 -0.110616 -0.078828 0.975276 -0.202322 -0.976553 0.073549 0.670138 0.177215 1 9 0.960000
0 0.000000 -0.103590 0.950784 0.000000 -0.996718 0.080953 0.654583 0.008515 1 9 0.960000
0 -0.099247 -0.069810 1.115603 -0.226068 -0.972066 0.063097 0.911235 0.188907 3 0 0.540000 1 0.320000 9 0.140000
Kirito_def_body.png
0 0.000000 -0.095541 1.116000 0.000000 -0.991769 0.128036 0.522369 0.430528 3 0 0.580000 1 0.320000 9 0.100000
0 0.099247 -0.069810 1.115603 0.247060 -0.949986 0.191016 0.522369 0.235672 3 0 0.540000 1 0.320000 9 0.140000
0 0.094658 -0.056683 1.186827 0.318917 -0.942031 0.104262 0.631251 0.235672 2 1 0.610000 0 0.390000
Kirito_def_body.png
0 0.094658 -0.056683 1.186827 0.318917 -0.942031 0.104262 0.631251 0.235672 2 1 0.610000 0 0.390000
0 0.000000 -0.085382 1.297000 0.000000 -0.971926 0.235286 0.782909 0.430528 1 1 0.980000
0 0.000000 -0.095541 1.116000 0.000000 -0.991769 0.128036 0.522369 0.430528 3 0 0.580000 1 0.320000 9 0.100000
Kirito_def_body.png
0 -0.094658 -0.056683 1.186827 -0.318917 -0.942031 0.104262 0.631251 0.235672 2 1 0.610000 0 0.390000
0 0.000000 -0.095541 1.116000 0.000000 -0.991769 0.128036 0.522369 0.430528 3 0 0.580000 1 0.320000 9 0.100000
0 0.000000 -0.085382 1.297000 0.000000 -0.971926 0.235286 0.782909 0.430528 1 1 0.980000
Kirito_def_body.png
0 0.040501 -0.108240 1.115603 0.524172 -0.839797 0.141369 0.012954 0.469499 3 0 0.570000 1 0.320000 9 0.110000
0 0.096808 -0.059256 1.186827 0.829418 -0.556484 0.048898 0.129614 0.590310 2 1 0.610000 0 0.390000
0 0.029852 -0.091372 1.296775 0.498484 -0.832131 0.243047 0.012954 0.753989 1 1 0.980000
Kirito_def_body.png
0 0.110616 -0.078828 0.975276 0.202322 -0.976553 0.073549 0.670138 0.177215 1 9 0.960000
0 0.099247 -0.069810 1.115603 0.226068 -0.972066 0.063097 0.911235 0.188907 3 0 0.540000 1 0.320000 9 0.140000
0 0.000000 -0.103590 0.950784 0.000000 -0.996718 0.080953 0.654583 0.008515 1 9 0.960000
Kirito_def_body.png
0 -0.099247 -0.069810 1.115603 -0.247060 -0.949986 0.191016 0.522369 0.235672 3 0 0.540000 1 0.320000 9 0.140000
0 0.000000 -0.095541 1.116000 0.000000 -0.991769 0.128036 0.522369 0.430528 3 0 0.580000 1 0.320000 9 0.100000
0 -0.094658 -0.056683 1.186827 -0.318917 -0.942031 0.104262 0.631251 0.235672 2 1 0.610000 0 0.390000
Kirito_def_body.png
0 -0.040501 -0.108240 1.115603 -0.524172 -0.839797 0.141369 0.012954 0.469499 3 0 0.570000 1 0.320000 9 0.110000
0 -0.029852 -0.091372 1.296775 -0.498484 -0.832131 0.243047 0.012954 0.753989 1 1 0.980000
0 -0.096808 -0.059256 1.186827 -0.829418 -0.556484 0.048898 0.129614 0.590310 2 1 0.610000 0 0.390000
Kirito_def_body.png
0 0.336078 0.046778 1.315169 0.016671 0.709101 -0.704910 0.569033 0.812446 2 3 0.900000 4 0.100000
0 0.188274 0.033322 1.298041 0.283514 0.501534 -0.817364 0.565144 0.964433 2 3 0.900000 1 0.100000
0 0.185503 0.087288 1.330169 0.204289 0.836644 -0.508225 0.623474 0.964433 2 3 0.610000 1 0.390000
Kirito_def_body.png
0 0.185503 0.087288 1.330169 0.204289 0.836644 -0.508225 0.623474 0.964433 2 3 0.610000 1 0.390000
0 0.347722 0.084650 1.361645 0.048456 0.998825 -0.001161 0.654583 0.804651 2 3 0.900000 4 0.100000
0 0.336078 0.046778 1.315169 0.016671 0.709101 -0.704910 0.569033 0.812446 2 3 0.900000 4 0.100000
Kirito_def_body.png
0 0.366673 0.086445 1.359820 -0.070740 0.997389 0.014522 0.650695 0.765680 2 3 0.500000 4 0.500000
0 0.336078 0.046778 1.315169 0.016671 0.709101 -0.704910 0.569033 0.812446 2 3 0.900000 4 0.100000
0 0.347722 0.084650 1.361645 0.048456 0.998825 -0.001161 0.654583 0.804651 2 3 0.900000 4 0.100000
Kirito_def_body.png
0 0.347722 0.084650 1.361645 0.048456 0.998825 -0.001161 0.654583 0.804651 2 3 0.900000 4 0.100000
0 0.325920 0.051054 1.395790 0.058975 0.227775 0.971926 0.744023 0.824137 2 3 0.900000 4 0.100000
0 0.366673 0.086445 1.359820 -0.070740 0.997389 0.014522 0.650695 0.765680 2 3 0.500000 4 0.500000
Kirito_def_body.png
0 0.394236 0.055905 1.395089 -0.031605 0.268767 0.962687 0.740134 0.715018 2 4 0.860000 3 0.140000
0 0.366673 0.086445 1.359820 -0.070740 0.997389 0.014522 0.650695 0.765680 2 3 0.500000 4 0.500000
0 0.325920 0.051054 1.395790 0.058975 0.227775 0.971926 0.744023 0.824137 2 3 0.900000 4 0.100000
Kirito_def_body.png
0 0.325920 0.051054 1.395790 0.058975 0.227775 0.971926 0.744023 0.824137 2 3 0.900000 4 0.100000
0 0.331274 0.012023 1.377524 0.073007 -0.771832 0.631621 0.817907 0.820240 2 3 0.900000 4 0.100000
0 0.394236 0.055905 1.395089 -0.031605 0.268767 0.962687 0.740134 0.715018 2 4 0.860000 3 0.140000
Kirito_def_body.png
0 0.394905 0.014559 1.376661 -0.010229 -0.794090 0.607714 0.817907 0.715018 2 4 0.860000 3 0.140000
0 0.394236 0.055905 1.395089 -0.031605 0.268767 0.962687 0.740134 0.715018 2 4 0.860000 3 0.140000
0 0.331274 0.012023 1.377524 0.073007 -0.771832 0.631621 0.817907 0.820240 2 3 0.900000 4 0.100000
Kirito_def_body.png
0 0.331274 0.012023 1.377524 0.073007 -0.771832 0.631621 0.817907 0.820240 2 3 0.900000 4 0.100000
0 0.331626 0.001031 1.336068 0.099381 -0.858591 -0.502936 0.895680 0.816343 2 3 0.900000 4 0.100000
0 0.394905 0.014559 1.376661 -0.010229 -0.794090 0.607714 0.817907 0.715018 2 4 0.860000 3 0.140000
Kirito_def_body.png
0 0.395210 0.004943 1.338941 -0.025226 -0.907298 -0.419732 0.891792 0.711120 2 4 0.860000 3 0.140000
0 0.394905 0.014559 1.376661 -0.010229 -0.794090 0.607714 0.817907 0.715018 2 4 0.860000 3 0.140000
0 0.331626 0.001031 1.336068 0.099381 -0.858591 -0.502936 0.895680 0.816343 2 3 0.900000 4 0.100000
Kirito_def_body.png
0 0.331626 0.001031 1.336068 0.099381 -0.858591 -0.502936 0.895680 0.816343 2 3 0.900000 4 0.100000
0 0.395501 0.049494 1.318920 0.010010 -0.413737 -0.910341 0.973453 0.711120 2 4 0.860000 3 0.140000
0 0.395210 0.004943 1.338941 -0.025226 -0.907298 -0.419732 0.891792 0.711120 2 4 0.860000 3 0.140000
Kirito_def_body.png
0 0.613892 0.013216 1.308052 -0.070523 -0.718672 -0.691763 0.938456 0.438322 1 4 1.000000
0 0.395210 0.004943 1.338941 -0.025226 -0.907298 -0.419732 0.891792 0.711120 2 4 0.860000 3 0.140000
0 0.395501 0.049494 1.318920 0.010010 -0.413737 -0.910341 0.973453 0.711120 2 4 0.860000 3 0.140000
Kirito_def_body.png
0 0.613892 0.078641 1.312582 -0.075506 0.603335 -0.793906 0.611808 0.438322 1 4 1.000000
0 0.613892 0.013216 1.308052 -0.038143 0.069025 -0.996885 0.534035 0.438322 1 4 1.000000
0 0.395501 0.049494 1.318920 -0.066450 0.581869 -0.810563 0.572921 0.711120 2 4 0.860000 3 0.140000
Kirito_def_body.png
0 0.395501 0.049494 1.318920 -0.066450 0.581869 -0.810563 0.572921 0.711120 2 4 0.860000 3 0.140000
0 0.394875 0.089213 1.358221 -0.102512 0.984480 -0.142444 0.646806 0.718915 2 4 0.860000 3 0.140000
0 0.613892 0.078641 1.312582 -0.075506 0.603335 -0.793906 0.611808 0.438322 1 4 1.000000
Kirito_def_body.png
0 0.613892 0.106487 1.365251 -0.063216 0.904006 0.422821 0.662361 0.438322 1 4 1.000000
0 0.613892 0.078641 1.312582 -0.075506 0.603335 -0.793906 0.611808 0.438322 1 4 1.000000
0 0.394875 0.089213 1.358221 -0.102512 0.984480 -0.142444 0.646806 0.718915 2 4 0.860000 3 0.140000
Kirito_def_body.png
0 0.394875 0.089213 1.358221 -0.102512 0.984480 -0.142444 0.646806 0.718915 2 4 0.860000 3 0.140000
0 0.394236 0.055905 1.395089 -0.031605 0.268767 0.962687 0.740134 0.715018 2 4 0.860000 3 0.140000
0 0.613892 0.106487 1.365251 -0.063216 0.904006 0.422821 0.662361 0.438322 1 4 1.000000
Kirito_def_body.png
0 0.613892 0.045089 1.407519 -0.042291 -0.190964 0.980686 0.744023 0.438322 1 4 1.000000
0 0.613892 0.106487 1.365251 -0.063216 0.904006 0.422821 0.662361 0.438322 1 4 1.000000
0 0.394236 0.055905 1.395089 -0.031605 0.268767 0.962687 0.740134 0.715018 2 4 0.860000 3 0.140000
Kirito_def_body.png
0 0.394236 0.055905 1.395089 -0.031605 0.268767 0.962687 0.740134 0.715018 2 4 0.860000 3 0.140000
0 0.394905 0.014559 1.376661 -0.010229 -0.794090 0.607714 0.817907 0.715018 2 4 0.860000 3 0.140000
0 0.613892 0.045089 1.407519 -0.042291 -0.190964 0.980686 0.744023 0.438322 1 4 1.000000
Kirito_def_body.png
0 0.613892 -0.008696 1.361968 -0.046451 -0.969320 0.241375 0.841239 0.438322 1 4 1.000000
0 0.613892 0.045089 1.407519 -0.042291 -0.190964 0.980686 0.744023 0.438322 1 4 1.000000
0 0.394905 0.014559 1.376661 -0.010229 -0.794090 0.607714 0.817907 0.715018 2 4 0.860000 3 0.140000
Kirito_def_body.png
0 0.394905 0.014559 1.376661 -0.010229 -0.794090 0.607714 0.817907 0.715018 2 4 0.860000 3 0.140000
0 0.395210 0.004943 1.338941 -0.025226 -0.907298 -0.419732 0.891792 0.711120 2 4 0.860000 3 0.140000
0 0.613892 -0.008696 1.361968 -0.046451 -0.969320 0.241375 0.841239 0.438322 1 4 1.000000
Kirito_def_body.png
0 0.613892 0.013216 1.308052 -0.070523 -0.718672 -0.691763 0.938456 0.438322 1 4 1.000000
0 0.613892 -0.008696 1.361968 -0.046451 -0.969320 0.241375 0.841239 0.438322 1 4 1.000000
0 0.395210 0.004943 1.338941 -0.025226 -0.907298 -0.419732 0.891792 0.711120 2 4 0.860000 3 0.140000
Kirito_def_body.png
0 0.325920 0.051054 1.395790 0.058975 0.227775 0.971926 0.744023 0.824137 2 3 0.900000 4 0.100000
0 0.189797 0.096537 1.379006 0.114320 0.821012 0.559348 0.674027 0.964433 2 3 0.780000 1 0.220000
0 0.185908 0.046162 1.407041 0.273393 -0.053090 0.960436 0.763466 0.968330 2 3 0.850000 1 0.150000
Kirito_def_body.png
0 0.185908 0.046162 1.407041 0.273393 -0.053090 0.960436 0.763466 0.968330 2 3 0.850000 1 0.150000
0 0.190160 -0.004208 1.382671 0.245401 -0.755626 0.607296 0.817907 0.972227 2 3 0.780000 1 0.220000
0 0.325920 0.051054 1.395790 0.058975 0.227775 0.971926 0.744023 0.824137 2 3 0.900000 4 0.100000
Kirito_def_body.png
0 0.331274 0.012023 1.377524 0.073007 -0.771832 0.631621 0.817907 0.820240 2 3 0.900000 4 0.100000
0 0.325920 0.051054 1.395790 0.058975 0.227775 0.971926 0.744023 0.824137 2 3 0.900000 4 0.100000
0 0.190160 -0.004208 1.382671 0.245401 -0.755626 0.607296 0.817907 0.972227 2 3 0.780000 1 0.220000
Kirito_def_body.png
0 0.190160 -0.004208 1.382671 0.245401 -0.755626 0.607296 0.817907 0.972227 2 3 0.780000 1 0.220000
0 0.180830 -0.013645 1.330160 0.267816 -0.928757 -0.256290 0.891792 0.968330 2 3 0.610000 1 0.390000
0 0.331274 0.012023 1.377524 0.073007 -0.771832 0.631621 0.817907 0.820240 2 3 0.900000 4 0.100000
Kirito_def_body.png
0 0.331626 0.001031 1.336068 0.099381 -0.858591 -0.502936 0.895680 0.816343 2 3 0.900000 4 0.100000
0 0.331274 0.012023 1.377524 0.073007 -0.771832 0.631621 0.817907 0.820240 2 3 0.900000 4 0.100000
0 0.180830 -0.013645 1.330160 0.267816 -0.928757 -0.256290 0.891792 0.968330 2 3 0.610000 1 0.390000
Kirito_def_body.png
0 0.180830 -0.013645 1.330160 0.267816 -0.928757 -0.256290 0.891792 0.968330 2 3 0.610000 1 0.390000
0 0.188274 0.033322 1.298041 0.257069 -0.544042 -0.798708 0.973453 0.968330 2 3 0.900000 1 0.100000
0 0.331626 0.001031 1.336068 0.099381 -0.858591 -0.502936 0.895680 0.816343 2 3 0.900000 4 0.100000
Kirito_def_body.png
0 0.336078 0.046778 1.315169 0.109306 -0.421823 -0.900065 0.973453 0.812446 2 3 0.900000 4 0.100000
0 0.331626 0.001031 1.336068 0.099381 -0.858591 -0.502936 0.895680 0.816343 2 3 0.900000 4 0.100000
0 0.188274 0.033322 1.298041 0.257069 -0.544042 -0.798708 0.973453 0.968330 2 3 0.900000 1 0.100000
Kirito_def_body.png
0 0.366673 0.086445 1.359820 -0.070740 0.997389 0.014522 0.650695 0.765680 2 3 0.500000 4 0.500000
0 0.394236 0.055905 1.395089 -0.031605 0.268767 0.962687 0.740134 0.715018 2 4 0.860000 3 0.140000
0 0.394875 0.089213 1.358221 -0.102512 0.984480 -0.142444 0.646806 0.718915 2 4 0.860000 3 0.140000
Kirito_def_body.png
0 0.394875 0.089213 1.358221 -0.102512 0.984480 -0.142444 0.646806 0.718915 2 4 0.860000 3 0.140000
0 0.395501 0.049494 1.318920 -0.066450 0.581869 -0.810563 0.572921 0.711120 2 4 0.860000 3 0.140000
0 0.366673 0.086445 1.359820 -0.070740 0.997389 0.014522 0.650695 0.765680 2 3 0.500000 4 0.500000
Kirito_def_body.png
0 0.336078 0.046778 1.315169 0.016671 0.709101 -0.704910 0.569033 0.812446 2 3 0.900000 4 0.100000
0 0.366673 0.086445 1.359820 -0.070740 0.997389 0.014522 0.650695 0.765680 2 3 0.500000 4 0.500000
0 0.395501 0.049494 1.318920 -0.066450 0.581869 -0.810563 0.572921 0.711120 2 4 0.860000 3 0.140000
Kirito_def_body.png
0 0.548604 0.050271 1.355925 0.998506 -0.001536 0.054620 0.954010 0.477293 1 4 1.000000
0 0.613892 0.106487 1.365251 0.655907 -0.729714 -0.193141 0.954010 0.512367 1 4 1.000000
0 0.613892 0.045089 1.407519 0.621281 0.032542 -0.782912 0.938456 0.512367 1 4 1.000000
Kirito_def_body.png
0 0.613892 0.045089 1.407519 0.621281 0.032542 -0.782912 0.938456 0.512367 1 4 1.000000
0 0.613892 -0.008696 1.361968 0.667189 0.718611 -0.196108 0.950122 0.512367 1 4 1.000000
0 0.548604 0.050271 1.355925 0.998506 -0.001536 0.054620 0.954010 0.477293 1 4 1.000000
Kirito_def_body.png
0 0.613892 0.013216 1.308052 0.677294 0.377511 0.631473 0.961788 0.512367 1 4 1.000000
0 0.548604 0.050271 1.355925 0.998506 -0.001536 0.054620 0.954010 0.477293 1 4 1.000000
0 0.613892 -0.008696 1.361968 0.667189 0.718611 -0.196108 0.950122 0.512367 1 4 1.000000
Kirito_def_body.png
0 0.347722 0.084650 1.361645 0.048456 0.998825 -0.001161 0.654583 0.804651 2 3 0.900000 4 0.100000
0 0.185503 0.087288 1.330169 0.204289 0.836644 -0.508225 0.623474 0.964433 2 3 0.610000 1 0.390000
0 0.189797 0.096537 1.379006 0.114320 0.821012 0.559348 0.674027 0.964433 2 3 0.780000 1 0.220000
Kirito_def_body.png
0 0.189797 0.096537 1.379006 0.114320 0.821012 0.559348 0.674027 0.964433 2 3 0.780000 1 0.220000
0 0.325920 0.051054 1.395790 0.058975 0.227775 0.971926 0.744023 0.824137 2 3 0.900000 4 0.100000
0 0.347722 0.084650 1.361645 0.048456 0.998825 -0.001161 0.654583 0.804651 2 3 0.900000 4 0.100000
Kirito_def_body.png
0 0.548604 0.050271 1.355925 0.998506 -0.001536 0.054620 0.954010 0.477293 1 4 1.000000
0 0.613892 0.013216 1.308052 0.677294 0.377511 0.631473 0.961788 0.512367 1 4 1.000000
0 0.613892 0.078641 1.312582 0.621555 -0.427019 0.656753 0.961788 0.512367 1 4 1.000000
Kirito_def_body.png
0 0.613892 0.078641 1.312582 0.621555 -0.427019 0.656753 0.961788 0.512367 1 4 1.000000
0 0.613892 0.106487 1.365251 0.655907 -0.729714 -0.193141 0.954010 0.512367 1 4 1.000000
0 0.548604 0.050271 1.355925 0.998506 -0.001536 0.054620 0.954010 0.477293 1 4 1.000000
Kirito_def_body.png
0 0.395501 0.049494 1.318920 0.010010 -0.413737 -0.910341 0.973453 0.711120 2 4 0.860000 3 0.140000
0 0.331626 0.001031 1.336068 0.099381 -0.858591 -0.502936 0.895680 0.816343 2 3 0.900000 4 0.100000
0 0.336078 0.046778 1.315169 0.109306 -0.421823 -0.900065 0.973453 0.812446 2 3 0.900000 4 0.100000
Kirito_def_body.png
0 -0.395210 0.004943 1.338941 0.025226 -0.907298 -0.419732 0.891792 0.711120 2 7 0.860000 6 0.140000
0 -0.613892 0.013216 1.308052 0.070523 -0.718672 -0.691763 0.938456 0.438322 1 7 1.000000
0 -0.395501 0.049494 1.318920 -0.010010 -0.413737 -0.910341 0.973453 0.711120 2 7 0.860000 6 0.140000
Kirito_def_body.png
0 -0.395501 0.049494 1.318920 -0.010010 -0.413737 -0.910341 0.973453 0.711120 2 7 0.860000 6 0.140000
0 -0.331626 0.001031 1.336068 -0.099383 -0.858591 -0.502936 0.895680 0.816343 2 6 0.900000 7 0.100000
0 -0.395210 0.004943 1.338941 0.025226 -0.907298 -0.419732 0.891792 0.711120 2 7 0.860000 6 0.140000
Kirito_def_body.png
0 -0.394904 0.014559 1.376661 0.010229 -0.794090 0.607714 0.817907 0.715018 2 7 0.860000 6 0.140000
0 -0.395210 0.004943 1.338941 0.025226 -0.907298 -0.419732 0.891792 0.711120 2 7 0.860000 6 0.140000
0 -0.331626 0.001031 1.336068 -0.099383 -0.858591 -0.502936 0.895680 0.816343 2 6 0.900000 7 0.100000
Kirito_def_body.png
0 -0.331626 0.001031 1.336068 -0.099383 -0.858591 -0.502936 0.895680 0.816343 2 6 0.900000 7 0.100000
0 -0.331274 0.012023 1.377524 -0.073009 -0.771830 0.631623 0.817907 0.820240 2 6 0.900000 7 0.100000
0 -0.394904 0.014559 1.376661 0.010229 -0.794090 0.607714 0.817907 0.715018 2 7 0.860000 6 0.140000
Kirito_def_body.png
0 -0.394236 0.055905 1.395089 0.031605 0.268767 0.962687 0.740134 0.715018 2 7 0.860000 6 0.140000
0 -0.394904 0.014559 1.376661 0.010229 -0.794090 0.607714 0.817907 0.715018 2 7 0.860000 6 0.140000
0 -0.331274 0.012023 1.377524 -0.073009 -0.771830 0.631623 0.817907 0.820240 2 6 0.900000 7 0.100000
Kirito_def_body.png
0 -0.331274 0.012023 1.377524 -0.073009 -0.771830 0.631623 0.817907 0.820240 2 6 0.900000 7 0.100000
0 -0.325920 0.051054 1.395790 -0.058970 0.227781 0.971925 0.744023 0.824137 2 6 0.900000 7 0.100000
0 -0.394236 0.055905 1.395089 0.031605 0.268767 0.962687 0.740134 0.715018 2 7 0.860000 6 0.140000
Kirito_def_body.png
0 -0.366673 0.086445 1.359820 0.070741 0.997389 0.014514 0.650695 0.765680 2 6 0.500000 7 0.500000
0 -0.394236 0.055905 1.395089 0.031605 0.268767 0.962687 0.740134 0.715018 2 7 0.860000 6 0.140000
0 -0.325920 0.051054 1.395790 -0.058970 0.227781 0.971925 0.744023 0.824137 2 6 0.900000 7 0.100000
Kirito_def_body.png
0 -0.325920 0.051054 1.395790 -0.058970 0.227781 0.971925 0.744023 0.824137 2 6 0.900000 7 0.100000
0 -0.347722 0.084650 1.361644 -0.048453 0.998825 -0.001174 0.654583 0.804651 2 6 0.900000 7 0.100000
0 -0.366673 0.086445 1.359820 0.070741 0.997389 0.014514 0.650695 0.765680 2 6 0.500000 7 0.500000
Kirito_def_body.png
0 -0.336078 0.046778 1.315169 -0.016678 0.709097 -0.704914 0.569033 0.812446 2 6 0.900000 7 0.100000
0 -0.366673 0.086445 1.359820 0.070741 0.997389 0.014514 0.650695 0.765680 2 6 0.500000 7 0.500000
0 -0.347722 0.084650 1.361644 -0.048453 0.998825 -0.001174 0.654583 0.804651 2 6 0.900000 7 0.100000
Kirito_def_body.png
0 -0.347722 0.084650 1.361644 -0.048453 0.998825 -0.001174 0.654583 0.804651 2 6 0.900000 7 0.100000
0 -0.185503 0.087288 1.330169 -0.204289 0.836644 -0.508226 0.623474 0.964433 2 6 0.610000 1 0.390000
0 -0.336078 0.046778 1.315169 -0.016678 0.709097 -0.704914 0.569033 0.812446 2 6 0.900000 7 0.100000
Kirito_def_body.png
0 -0.188274 0.033322 1.298041 -0.283515 0.501534 -0.817363 0.565144 0.964433 2 6 0.900000 1 0.100000
0 -0.336078 0.046778 1.315169 -0.016678 0.709097 -0.704914 0.569033 0.812446 2 6 0.900000 7 0.100000
0 -0.185503 0.087288 1.330169 -0.204289 0.836644 -0.508226 0.623474 0.964433 2 6 0.610000 1 0.390000
Kirito_def_body.png
0 -0.613892 -0.008696 1.361968 0.046451 -0.969320 0.241374 0.841239 0.438322 1 7 1.000000
0 -0.613892 0.013216 1.308052 0.070523 -0.718672 -0.691763 0.938456 0.438322 1 7 1.000000
0 -0.395210 0.004943 1.338941 0.025226 -0.907298 -0.419732 0.891792 0.711120 2 7 0.860000 6 0.140000
Kirito_def_body.png
0 -0.395210 0.004943 1.338941 0.025226 -0.907298 -0.419732 0.891792 0.711120 2 7 0.860000 6 0.140000
0 -0.394904 0.014559 1.376661 0.010229 -0.794090 0.607714 0.817907 0.715018 2 7 0.860000 6 0.140000
0 -0.613892 -0.008696 1.361968 0.046451 -0.969320 0.241374 0.841239 0.438322 1 7 1.000000
Kirito_def_body.png
0 -0.613892 0.045089 1.407519 0.042291 -0.190962 0.980686 0.744023 0.438322 1 7 1.000000
0 -0.613892 -0.008696 1.361968 0.046451 -0.969320 0.241374 0.841239 0.438322 1 7 1.000000
0 -0.394904 0.014559 1.376661 0.010229 -0.794090 0.607714 0.817907 0.715018 2 7 0.860000 6 0.140000
Kirito_def_body.png
0 -0.394904 0.014559 1.376661 0.010229 -0.794090 0.607714 0.817907 0.715018 2 7 0.860000 6 0.140000
0 -0.394236 0.055905 1.395089 0.031605 0.268767 0.962687 0.740134 0.715018 2 7 0.860000 6 0.140000
0 -0.613892 0.045089 1.407519 0.042291 -0.190962 0.980686 0.744023 0.438322 1 7 1.000000
Kirito_def_body.png
0 -0.613892 0.106487 1.365251 0.063216 0.904005 0.422822 0.662361 0.438322 1 7 1.000000
0 -0.613892 0.045089 1.407519 0.042291 -0.190962 0.980686 0.744023 0.438322 1 7 1.000000
0 -0.394236 0.055905 1.395089 0.031605 0.268767 0.962687 0.740134 0.715018 2 7 0.860000 6 0.140000
Kirito_def_body.png
0 -0.394236 0.055905 1.395089 0.031605 0.268767 0.962687 0.740134 0.715018 2 7 0.860000 6 0.140000
0 -0.394875 0.089213 1.358221 0.102512 0.984480 -0.142443 0.646806 0.718915 2 7 0.860000 6 0.140000
0 -0.613892 0.106487 1.365251 0.063216 0.904005 0.422822 0.662361 0.438322 1 7 1.000000
Kirito_def_body.png
0 -0.613892 0.078641 1.312582 0.075506 0.603335 -0.793906 0.611808 0.438322 1 7 1.000000
0 -0.613892 0.106487 1.365251 0.063216 0.904005 0.422822 0.662361 0.438322 1 7 1.000000
0 -0.394875 0.089213 1.358221 0.102512 0.984480 -0.142443 0.646806 0.718915 2 7 0.860000 6 0.140000
Kirito_def_body.png
0 -0.394875 0.089213 1.358221 0.102512 0.984480 -0.142443 0.646806 0.718915 2 7 0.860000 6 0.140000
0 -0.395501 0.049494 1.318920 0.066450 0.581869 -0.810563 0.572921 0.711120 2 7 0.860000 6 0.140000
0 -0.613892 0.078641 1.312582 0.075506 0.603335 -0.793906 0.611808 0.438322 1 7 1.000000
Kirito_def_body.png
0 -0.613892 0.013216 1.308052 0.038143 0.069025 -0.996885 0.534035 0.438322 1 7 1.000000
0 -0.613892 0.078641 1.312582 0.075506 0.603335 -0.793906 0.611808 0.438322 1 7 1.000000
0 -0.395501 0.049494 1.318920 0.066450 0.581869 -0.810563 0.572921 0.711120 2 7 0.860000 6 0.140000
Kirito_def_body.png
0 -0.331626 0.001031 1.336068 -0.099383 -0.858591 -0.502936 0.895680 0.816343 2 6 0.900000 7 0.100000
0 -0.336078 0.046778 1.315169 -0.109306 -0.421823 -0.900065 0.973453 0.812446 2 6 0.900000 7 0.100000
0 -0.188274 0.033322 1.298041 -0.257063 -0.544039 -0.798712 0.973453 0.968330 2 6 0.900000 1 0.100000
Kirito_def_body.png
0 -0.188274 0.033322 1.298041 -0.257063 -0.544039 -0.798712 0.973453 0.968330 2 6 0.900000 1 0.100000
0 -0.180830 -0.013646 1.330160 -0.267806 -0.928761 -0.256285 0.891792 0.968330 2 6 0.610000 1 0.390000
0 -0.331626 0.001031 1.336068 -0.099383 -0.858591 -0.502936 0.895680 0.816343 2 6 0.900000 7 0.100000
Kirito_def_body.png
0 -0.331274 0.012023 1.377524 -0.073009 -0.771830 0.631623 0.817907 0.820240 2 6 0.900000 7 0.100000
0 -0.331626 0.001031 1.336068 -0.099383 -0.858591 -0.502936 0.895680 0.816343 2 6 0.900000 7 0.100000
0 -0.180830 -0.013646 1.330160 -0.267806 -0.928761 -0.256285 0.891792 0.968330 2 6 0.610000 1 0.390000
Kirito_def_body.png
0 -0.180830 -0.013646 1.330160 -0.267806 -0.928761 -0.256285 0.891792 0.968330 2 6 0.610000 1 0.390000
0 -0.190160 -0.004208 1.382671 -0.245395 -0.755624 0.607300 0.817907 0.972227 2 6 0.780000 1 0.220000
0 -0.331274 0.012023 1.377524 -0.073009 -0.771830 0.631623 0.817907 0.820240 2 6 0.900000 7 0.100000
Kirito_def_body.png
0 -0.325920 0.051054 1.395790 -0.058970 0.227781 0.971925 0.744023 0.824137 2 6 0.900000 7 0.100000
0 -0.331274 0.012023 1.377524 -0.073009 -0.771830 0.631623 0.817907 0.820240 2 6 0.900000 7 0.100000
0 -0.190160 -0.004208 1.382671 -0.245395 -0.755624 0.607300 0.817907 0.972227 2 6 0.780000 1 0.220000
Kirito_def_body.png
0 -0.190160 -0.004208 1.382671 -0.245395 -0.755624 0.607300 0.817907 0.972227 2 6 0.780000 1 0.220000
0 -0.185908 0.046162 1.407041 -0.273394 -0.053090 0.960436 0.763466 0.968330 2 6 0.850000 1 0.150000
0 -0.325920 0.051054 1.395790 -0.058970 0.227781 0.971925 0.744023 0.824137 2 6 0.900000 7 0.100000
Kirito_def_body.png
0 -0.189797 0.096537 1.379006 -0.114320 0.821014 0.559346 0.674027 0.964433 2 6 0.780000 1 0.220000
0 -0.325920 0.051054 1.395790 -0.058970 0.227781 0.971925 0.744023 0.824137 2 6 0.900000 7 0.100000
0 -0.185908 0.046162 1.407041 -0.273394 -0.053090 0.960436 0.763466 0.968330 2 6 0.850000 1 0.150000
Kirito_def_body.png
0 -0.548604 0.050271 1.355925 -0.998506 -0.001536 0.054620 0.954010 0.477293 1 7 1.000000
0 -0.613892 -0.008696 1.361968 -0.667189 0.718611 -0.196108 0.950122 0.512367 1 7 1.000000
0 -0.613892 0.045089 1.407519 -0.621281 0.032542 -0.782912 0.938456 0.512367 1 7 1.000000
Kirito_def_body.png
0 -0.613892 0.045089 1.407519 -0.621281 0.032542 -0.782912 0.938456 0.512367 1 7 1.000000
0 -0.613892 0.106487 1.365251 -0.655907 -0.729714 -0.193141 0.954010 0.512367 1 7 1.000000
0 -0.548604 0.050271 1.355925 -0.998506 -0.001536 0.054620 0.954010 0.477293 1 7 1.000000
Kirito_def_body.png
0 -0.613892 0.078641 1.312582 -0.621555 -0.427019 0.656753 0.961788 0.512367 1 7 1.000000
0 -0.548604 0.050271 1.355925 -0.998506 -0.001536 0.054620 0.954010 0.477293 1 7 1.000000
0 -0.613892 0.106487 1.365251 -0.655907 -0.729714 -0.193141 0.954010 0.512367 1 7 1.000000
Kirito_def_body.png
0 -0.366673 0.086445 1.359820 0.070741 0.997389 0.014514 0.650695 0.765680 2 6 0.500000 7 0.500000
0 -0.336078 0.046778 1.315169 -0.016678 0.709097 -0.704914 0.569033 0.812446 2 6 0.900000 7 0.100000
0 -0.395501 0.049494 1.318920 0.066450 0.581869 -0.810563 0.572921 0.711120 2 7 0.860000 6 0.140000
Kirito_def_body.png
0 -0.395501 0.049494 1.318920 0.066450 0.581869 -0.810563 0.572921 0.711120 2 7 0.860000 6 0.140000
0 -0.394875 0.089213 1.358221 0.102512 0.984480 -0.142443 0.646806 0.718915 2 7 0.860000 6 0.140000
0 -0.366673 0.086445 1.359820 0.070741 0.997389 0.014514 0.650695 0.765680 2 6 0.500000 7 0.500000
Kirito_def_body.png
0 -0.394236 0.055905 1.395089 0.031605 0.268767 0.962687 0.740134 0.715018 2 7 0.860000 6 0.140000
0 -0.366673 0.086445 1.359820 0.070741 0.997389 0.014514 0.650695 0.765680 2 6 0.500000 7 0.500000
0 -0.394875 0.089213 1.358221 0.102512 0.984480 -0.142443 0.646806 0.718915 2 7 0.860000 6 0.140000
Kirito_def_body.png
0 -0.548604 0.050271 1.355925 -0.998506 -0.001536 0.054620 0.954010 0.477293 1 7 1.000000
0 -0.613892 0.078641 1.312582 -0.621555 -0.427019 0.656753 0.961788 0.512367 1 7 1.000000
0 -0.613892 0.013216 1.308052 -0.677294 0.377511 0.631473 0.961788 0.512367 1 7 1.000000
Kirito_def_body.png
0 -0.613892 0.013216 1.308052 -0.677294 0.377511 0.631473 0.961788 0.512367 1 7 1.000000
0 -0.613892 -0.008696 1.361968 -0.667189 0.718611 -0.196108 0.950122 0.512367 1 7 1.000000
0 -0.548604 0.050271 1.355925 -0.998506 -0.001536 0.054620 0.954010 0.477293 1 7 1.000000
Kirito_def_body.png
0 -0.189797 0.096537 1.379006 -0.114320 0.821014 0.559346 0.674027 0.964433 2 6 0.780000 1 0.220000
0 -0.185503 0.087288 1.330169 -0.204289 0.836644 -0.508226 0.623474 0.964433 2 6 0.610000 1 0.390000
0 -0.347722 0.084650 1.361644 -0.048453 0.998825 -0.001174 0.654583 0.804651 2 6 0.900000 7 0.100000
Kirito_def_body.png
0 -0.347722 0.084650 1.361644 -0.048453 0.998825 -0.001174 0.654583 0.804651 2 6 0.900000 7 0.100000
0 -0.325920 0.051054 1.395790 -0.058970 0.227781 0.971925 0.744023 0.824137 2 6 0.900000 7 0.100000
0 -0.189797 0.096537 1.379006 -0.114320 0.821014 0.559346 0.674027 0.964433 2 6 0.780000 1 0.220000
Kirito_def_body.png
0 -0.331626 0.001031 1.336068 -0.099383 -0.858591 -0.502936 0.895680 0.816343 2 6 0.900000 7 0.100000
0 -0.395501 0.049494 1.318920 -0.010010 -0.413737 -0.910341 0.973453 0.711120 2 7 0.860000 6 0.140000
0 -0.336078 0.046778 1.315169 -0.109306 -0.421823 -0.900065 0.973453 0.812446 2 6 0.900000 7 0.100000
Kirito_def_body.png
0 0.090930 -0.136272 0.805351 0.414697 -0.893645 0.171537 0.012954 0.005742 2 9 0.710000 10 0.290000
0 0.149953 -0.105412 0.823430 0.635677 -0.735916 0.233114 0.114059 0.005742 2 9 0.710000 10 0.290000
0 0.054698 -0.120480 0.975214 0.442826 -0.882299 0.159540 0.012954 0.282438 1 9 0.960000
Kirito_def_body.png
0 0.114257 -0.090619 0.981984 0.721431 -0.659699 0.210557 0.129614 0.208392 1 9 0.960000
0 0.054698 -0.120480 0.975214 0.442826 -0.882299 0.159540 0.012954 0.282438 1 9 0.960000
0 0.149953 -0.105412 0.823430 0.635677 -0.735916 0.233114 0.114059 0.005742 2 9 0.710000 10 0.290000
Kirito_def_body.png
0 0.149953 -0.105412 0.823430 0.635677 -0.735916 0.233114 0.114059 0.005742 2 9 0.710000 10 0.290000
0 0.168963 -0.003962 0.962351 0.942885 -0.032024 0.331576 0.238497 0.196701 1 9 0.960000
0 0.114257 -0.090619 0.981984 0.721431 -0.659699 0.210557 0.129614 0.208392 1 9 0.960000
Kirito_def_body.png
0 0.147853 -0.003467 1.025549 0.961372 0.023991 0.274206 0.242385 0.309717 1 9 0.960000
0 0.114257 -0.090619 0.981984 0.721431 -0.659699 0.210557 0.129614 0.208392 1 9 0.960000
0 0.168963 -0.003962 0.962351 0.942885 -0.032024 0.331576 0.238497 0.196701 1 9 0.960000
Kirito_def_body.png
0 0.168963 -0.003962 0.962351 0.942885 -0.032024 0.331576 0.238497 0.196701 1 9 0.960000
0 0.123357 0.088863 0.959349 0.635646 0.715134 0.290753 0.331825 0.208392 2 9 0.900000 10 0.100000
0 0.147853 -0.003467 1.025549 0.961372 0.023991 0.274206 0.242385 0.309717 1 9 0.960000
Kirito_def_body.png
0 0.109533 0.073528 1.030646 0.659966 0.713952 0.233916 0.343490 0.329203 1 9 0.960000
0 0.147853 -0.003467 1.025549 0.961372 0.023991 0.274206 0.242385 0.309717 1 9 0.960000
0 0.123357 0.088863 0.959349 0.635646 0.715134 0.290753 0.331825 0.208392 2 9 0.900000 10 0.100000
Kirito_def_body.png
0 0.168963 -0.003962 0.962351 0.942885 -0.032024 0.331576 0.238497 0.196701 1 9 0.960000
0 0.149953 -0.105412 0.823430 0.635677 -0.735916 0.233114 0.114059 0.005742 2 9 0.710000 10 0.290000
0 0.216142 -0.002201 0.850415 0.920655 -0.049197 0.387265 0.246274 0.005742 1 9 0.980000
Kirito_def_body.png
0 0.216142 -0.002201 0.850415 0.920655 -0.049197 0.387265 0.246274 0.005742 1 9 0.980000
0 0.151564 0.110303 0.842269 0.705248 0.638045 0.309071 0.304604 0.005742 2 9 0.900000 10 0.100000
0 0.168963 -0.003962 0.962351 0.942885 -0.032024 0.331576 0.238497 0.196701 1 9 0.960000
Kirito_def_body.png
0 0.123357 0.088863 0.959349 0.635646 0.715134 0.290753 0.331825 0.208392 2 9 0.900000 10 0.100000
0 0.168963 -0.003962 0.962351 0.942885 -0.032024 0.331576 0.238497 0.196701 1 9 0.960000
0 0.151564 0.110303 0.842269 0.705248 0.638045 0.309071 0.304604 0.005742 2 9 0.900000 10 0.100000
Kirito_def_body.png
0 0.151564 0.110303 0.842269 0.705248 0.638045 0.309071 0.304604 0.005742 2 9 0.900000 10 0.100000
0 0.000000 0.172373 0.830778 0.000000 0.957824 0.287354 0.510703 0.005742 1 9 1.000000
0 0.123357 0.088863 0.959349 0.635646 0.715134 0.290753 0.331825 0.208392 2 9 0.900000 10 0.100000
Kirito_def_body.png
0 0.000000 -0.103590 0.950784 0.000000 -0.996718 0.080953 0.654583 0.008515 1 9 0.960000
0 0.023379 -0.109465 0.858795 0.234881 -0.964427 0.121289 0.522369 0.008515 2 9 0.710000 10 0.290000
0 0.117437 -0.084238 0.877240 0.219333 -0.971041 0.094722 0.522369 0.169421 2 9 0.710000 10 0.290000
Kirito_def_body.png
0 0.117437 -0.084238 0.877240 0.219333 -0.971041 0.094722 0.522369 0.169421 2 9 0.710000 10 0.290000
0 0.110616 -0.078828 0.975276 0.202322 -0.976553 0.073549 0.670138 0.177215 1 9 0.960000
0 0.000000 -0.103590 0.950784 0.000000 -0.996718 0.080953 0.654583 0.008515 1 9 0.960000
Kirito_def_body.png
0 -0.109533 0.073528 1.030646 -0.659966 0.713952 0.233917 0.343490 0.329203 1 9 0.960000
0 0.000000 0.110795 1.034022 0.000000 0.971269 0.237985 0.510703 0.321409 1 9 0.960000
0 0.000000 0.130948 0.958945 -0.000000 0.960228 0.279218 0.510703 0.208392 1 9 0.970000
Kirito_def_body.png
0 0.000000 0.130948 0.958945 -0.000000 0.960228 0.279218 0.510703 0.208392 1 9 0.970000
0 -0.123357 0.088863 0.959349 -0.635646 0.715134 0.290753 0.331825 0.208392 2 9 0.900000 13 0.100000
0 -0.109533 0.073528 1.030646 -0.659966 0.713952 0.233917 0.343490 0.329203 1 9 0.960000
Kirito_def_body.png
0 -0.147853 -0.003467 1.025549 -0.961372 0.023991 0.274206 0.242385 0.309717 1 9 0.960000
0 -0.109533 0.073528 1.030646 -0.659966 0.713952 0.233917 0.343490 0.329203 1 9 0.960000
0 -0.123357 0.088863 0.959349 -0.635646 0.715134 0.290753 0.331825 0.208392 2 9 0.900000 13 0.100000
Kirito_def_body.png
0 -0.123357 0.088863 0.959349 -0.635646 0.715134 0.290753 0.331825 0.208392 2 9 0.900000 13 0.100000
0 -0.168963 -0.003962 0.962351 -0.942885 -0.032024 0.331576 0.238497 0.196701 1 9 0.960000
0 -0.147853 -0.003467 1.025549 -0.961372 0.023991 0.274206 0.242385 0.309717 1 9 0.960000
Kirito_def_body.png
0 -0.114257 -0.090619 0.981984 -0.721431 -0.659699 0.210557 0.129614 0.208392 1 9 0.960000
0 -0.147853 -0.003467 1.025549 -0.961372 0.023991 0.274206 0.242385 0.309717 1 9 0.960000
0 -0.168963 -0.003962 0.962351 -0.942885 -0.032024 0.331576 0.238497 0.196701 1 9 0.960000
Kirito_def_body.png
0 -0.168963 -0.003962 0.962351 -0.942885 -0.032024 0.331576 0.238497 0.196701 1 9 0.960000
0 -0.149953 -0.105412 0.823430 -0.635677 -0.735916 0.233114 0.114059 0.005742 2 9 0.710000 13 0.290000
0 -0.114257 -0.090619 0.981984 -0.721431 -0.659699 0.210557 0.129614 0.208392 1 9 0.960000
Kirito_def_body.png
0 -0.054698 -0.120480 0.975214 -0.442826 -0.882299 0.159540 0.012954 0.282438 1 9 0.960000
0 -0.114257 -0.090619 0.981984 -0.721431 -0.659699 0.210557 0.129614 0.208392 1 9 0.960000
0 -0.149953 -0.105412 0.823430 -0.635677 -0.735916 0.233114 0.114059 0.005742 2 9 0.710000 13 0.290000
Kirito_def_body.png
0 -0.149953 -0.105412 0.823430 -0.635677 -0.735916 0.233114 0.114059 0.005742 2 9 0.710000 13 0.290000
0 -0.090930 -0.136272 0.805351 -0.414697 -0.893645 0.171537 0.012954 0.005742 2 9 0.710000 13 0.290000
0 -0.054698 -0.120480 0.975214 -0.442826 -0.882299 0.159540 0.012954 0.282438 1 9 0.960000
Kirito_def_body.png
0 -0.123357 0.088863 0.959349 -0.635646 0.715134 0.290753 0.331825 0.208392 2 9 0.900000 13 0.100000
0 0.000000 0.130948 0.958945 -0.000000 0.960228 0.279218 0.510703 0.208392 1 9 0.970000
0 0.000000 0.172373 0.830778 0.000000 0.957824 0.287354 0.510703 0.005742 1 9 1.000000
Kirito_def_body.png
0 0.000000 0.172373 0.830778 0.000000 0.957824 0.287354 0.510703 0.005742 1 9 1.000000
0 -0.151564 0.110303 0.842269 -0.705248 0.638045 0.309071 0.304604 0.005742 2 9 0.900000 13 0.100000
0 -0.123357 0.088863 0.959349 -0.635646 0.715134 0.290753 0.331825 0.208392 2 9 0.900000 13 0.100000
Kirito_def_body.png
0 -0.168963 -0.003962 0.962351 -0.942885 -0.032024 0.331576 0.238497 0.196701 1 9 0.960000
0 -0.123357 0.088863 0.959349 -0.635646 0.715134 0.290753 0.331825 0.208392 2 9 0.900000 13 0.100000
0 -0.151564 0.110303 0.842269 -0.705248 0.638045 0.309071 0.304604 0.005742 2 9 0.900000 13 0.100000
Kirito_def_body.png
0 -0.151564 0.110303 0.842269 -0.705248 0.638045 0.309071 0.304604 0.005742 2 9 0.900000 13 0.100000
0 -0.216142 -0.002201 0.850415 -0.920655 -0.049197 0.387265 0.246274 0.005742 1 9 0.980000
0 -0.168963 -0.003962 0.962351 -0.942885 -0.032024 0.331576 0.238497 0.196701 1 9 0.960000
Kirito_def_body.png
0 -0.149953 -0.105412 0.823430 -0.635677 -0.735916 0.233114 0.114059 0.005742 2 9 0.710000 13 0.290000
0 -0.168963 -0.003962 0.962351 -0.942885 -0.032024 0.331576 0.238497 0.196701 1 9 0.960000
0 -0.216142 -0.002201 0.850415 -0.920655 -0.049197 0.387265 0.246274 0.005742 1 9 0.980000
Kirito_def_body.png
0 -0.117437 -0.084238 0.877240 -0.219333 -0.971041 0.094722 0.522369 0.169421 2 9 0.710000 13 0.290000
0 -0.023379 -0.109465 0.858795 -0.234881 -0.964427 0.121289 0.522369 0.008515 2 9 0.710000 13 0.290000
0 0.000000 -0.103590 0.950784 0.000000 -0.996718 0.080953 0.654583 0.008515 1 9 0.960000
Kirito_def_body.png
0 0.000000 -0.103590 0.950784 0.000000 -0.996718 0.080953 0.654583 0.008515 1 9 0.960000
0 -0.110616 -0.078828 0.975276 -0.202322 -0.976553 0.073549 0.670138 0.177215 1 9 0.960000
0 -0.117437 -0.084238 0.877240 -0.219333 -0.971041 0.094722 0.522369 0.169421 2 9 0.710000 13 0.290000
Kirito_def_body.png
0 0.000000 0.110795 1.034022 0.000000 0.971269 0.237985 0.510703 0.321409 1 9 0.960000
0 0.109533 0.073528 1.030646 0.659966 0.713952 0.233916 0.343490 0.329203 1 9 0.960000
0 0.000000 0.130948 0.958945 -0.000000 0.960228 0.279218 0.510703 0.208392 1 9 0.970000
Kirito_def_body.png
0 0.000000 0.130948 0.958945 -0.000000 0.960228 0.279218 0.510703 0.208392 1 9 0.970000
0 0.109533 0.073528 1.030646 0.659966 0.713952 0.233916 0.343490 0.329203 1 9 0.960000
0 0.123357 0.088863 0.959349 0.635646 0.715134 0.290753 0.331825 0.208392 2 9 0.900000 10 0.100000
Kirito_def_body.png
0 0.123357 0.088863 0.959349 0.635646 0.715134 0.290753 0.331825 0.208392 2 9 0.900000 10 0.100000
0 0.000000 0.172373 0.830778 0.000000 0.957824 0.287354 0.510703 0.005742 1 9 1.000000
0 0.000000 0.130948 0.958945 -0.000000 0.960228 0.279218 0.510703 0.208392 1 9 0.970000
Kirito_def_legs.png
0 0.054494 0.103807 0.930021 0.189210 0.976084 0.107046 0.520708 0.861782 2 9 0.900000 10 0.100000
0 0.000000 0.101076 0.923272 -0.000000 0.996116 -0.088054 0.578627 0.857929 1 9 1.000000
0 0.000000 0.087286 1.029572 0.000000 0.797212 0.603699 0.578627 0.977370 1 9 1.000000
Kirito_def_legs.png
0 0.000000 0.087286 1.029572 0.000000 0.797212 0.603699 0.578627 0.977370 1 9 1.000000
0 0.108307 0.065856 1.026871 0.404573 0.565299 0.718858 0.455066 0.977370 1 9 1.000000
0 0.054494 0.103807 0.930021 0.189210 0.976084 0.107046 0.520708 0.861782 2 9 0.900000 10 0.100000
Kirito_def_legs.png
0 0.116069 0.077740 0.950372 0.793364 0.589822 0.150609 0.451205 0.884900 2 9 0.900000 10 0.100000
0 0.054494 0.103807 0.930021 0.189210 0.976084 0.107046 0.520708 0.861782 2 9 0.900000 10 0.100000
0 0.108307 0.065856 1.026871 0.404573 0.565299 0.718858 0.455066 0.977370 1 9 1.000000
Kirito_def_legs.png
0 0.108307 0.065856 1.026871 0.404573 0.565299 0.718858 0.455066 0.977370 1 9 1.000000
0 0.135925 -0.001504 1.020088 0.742074 -0.015638 0.670136 0.335366 0.977370 1 9 1.000000
0 0.116069 0.077740 0.950372 0.793364 0.589822 0.150609 0.451205 0.884900 2 9 0.900000 10 0.100000
Kirito_def_legs.png
0 0.148838 -0.002113 0.935232 0.951643 -0.275490 0.135942 0.331505 0.869488 2 9 0.900000 10 0.100000
0 0.116069 0.077740 0.950372 0.793364 0.589822 0.150609 0.451205 0.884900 2 9 0.900000 10 0.100000
0 0.135925 -0.001504 1.020088 0.742074 -0.015638 0.670136 0.335366 0.977370 1 9 1.000000
Kirito_def_legs.png
0 0.135925 -0.001504 1.020088 0.742074 -0.015638 0.670136 0.335366 0.977370 1 9 1.000000
0 0.087549 -0.073462 1.012239 0.445277 -0.743250 0.499308 0.184776 0.977370 1 9 1.000000
0 0.148838 -0.002113 0.935232 0.951643 -0.275490 0.135942 0.331505 0.869488 2 9 0.900000 10 0.100000
Kirito_def_legs.png
0 0.104314 -0.069162 0.929120 0.538731 -0.838468 0.082099 0.207944 0.865635 2 9 0.900000 10 0.100000
0 0.148838 -0.002113 0.935232 0.951643 -0.275490 0.135942 0.331505 0.869488 2 9 0.900000 10 0.100000
0 0.087549 -0.073462 1.012239 0.445277 -0.743250 0.499308 0.184776 0.977370 1 9 1.000000
Kirito_def_legs.png
0 0.087549 -0.073462 1.012239 0.445277 -0.743250 0.499308 0.184776 0.977370 1 9 1.000000
0 0.000000 -0.087106 0.934384 -0.000000 -0.998835 -0.048252 0.038047 0.865635 1 9 1.000000
0 0.104314 -0.069162 0.929120 0.538731 -0.838468 0.082099 0.207944 0.865635 2 9 0.900000 10 0.100000
Kirito_def_legs.png
0 0.113786 -0.071198 0.860351 0.443036 -0.895465 0.043141 0.215666 0.769312 2 10 0.800000 9 0.200000
0 0.104314 -0.069162 0.929120 0.538731 -0.838468 0.082099 0.207944 0.865635 2 9 0.900000 10 0.100000
0 0.000000 -0.087106 0.934384 -0.000000 -0.998835 -0.048252 0.038047 0.865635 1 9 1.000000
Kirito_def_legs.png
0 0.000000 -0.087106 0.934384 -0.000000 -0.998835 -0.048252 0.038047 0.865635 1 9 1.000000
0 0.045659 -0.073944 0.868500 0.007988 -0.955376 -0.295284 0.111411 0.788576 2 9 0.650000 10 0.350000
0 0.113786 -0.071198 0.860351 0.443036 -0.895465 0.043141 0.215666 0.769312 2 10 0.800000 9 0.200000
Kirito_def_legs.png
0 0.042524 -0.075836 0.809335 -0.554510 -0.825562 -0.104721 0.111411 0.711518 2 10 0.800000 9 0.200000
0 0.113786 -0.071198 0.860351 0.443036 -0.895465 0.043141 0.215666 0.769312 2 10 0.800000 9 0.200000
0 0.045659 -0.073944 0.868500 0.007988 -0.955376 -0.295284 0.111411 0.788576 2 9 0.650000 10 0.350000
Kirito_def_legs.png
0 0.045659 -0.073944 0.868500 0.007988 -0.955376 -0.295284 0.111411 0.788576 2 9 0.650000 10 0.350000
0 0.009406 -0.048509 0.836686 -0.435372 -0.492333 -0.753697 0.065076 0.753900 2 9 0.900000 10 0.100000
0 0.042524 -0.075836 0.809335 -0.554510 -0.825562 -0.104721 0.111411 0.711518 2 10 0.800000 9 0.200000
Kirito_def_legs.png
0 0.010510 0.002400 0.830342 -0.740593 0.024643 -0.671502 0.014879 0.738488 1 9 1.000000
0 0.042524 -0.075836 0.809335 -0.554510 -0.825562 -0.104721 0.111411 0.711518 2 10 0.800000 9 0.200000
0 0.009406 -0.048509 0.836686 -0.435372 -0.492333 -0.753697 0.065076 0.753900 2 9 0.900000 10 0.100000
Kirito_def_legs.png
0 0.072881 0.099821 0.889513 0.032430 0.994984 -0.094636 0.505263 0.823253 2 9 0.500000 10 0.500000
0 0.000000 0.083744 0.862883 0.000000 0.771251 -0.636531 0.578627 0.819400 1 9 1.000000
0 0.000000 0.101076 0.923272 -0.000000 0.996116 -0.088054 0.578627 0.857929 1 9 1.000000
Kirito_def_legs.png
0 0.000000 0.101076 0.923272 -0.000000 0.996116 -0.088054 0.578627 0.857929 1 9 1.000000
0 0.054494 0.103807 0.930021 0.189210 0.976084 0.107046 0.520708 0.861782 2 9 0.900000 10 0.100000
0 0.072881 0.099821 0.889513 0.032430 0.994984 -0.094636 0.505263 0.823253 2 9 0.500000 10 0.500000
Kirito_def_legs.png
0 0.122764 0.082013 0.895725 0.631245 0.769299 0.098531 0.443482 0.815547 2 9 0.500000 10 0.500000
0 0.072881 0.099821 0.889513 0.032430 0.994984 -0.094636 0.505263 0.823253 2 9 0.500000 10 0.500000
0 0.054494 0.103807 0.930021 0.189210 0.976084 0.107046 0.520708 0.861782 2 9 0.900000 10 0.100000
Kirito_def_legs.png
0 0.054494 0.103807 0.930021 0.189210 0.976084 0.107046 0.520708 0.861782 2 9 0.900000 10 0.100000
0 0.116069 0.077740 0.950372 0.793364 0.589822 0.150609 0.451205 0.884900 2 9 0.900000 10 0.100000
0 0.122764 0.082013 0.895725 0.631245 0.769299 0.098531 0.443482 0.815547 2 9 0.500000 10 0.500000
Kirito_def_legs.png
0 0.155248 -0.001472 0.879986 0.996438 -0.024730 0.080621 0.319921 0.792429 2 9 0.500000 10 0.500000
0 0.122764 0.082013 0.895725 0.631245 0.769299 0.098531 0.443482 0.815547 2 9 0.500000 10 0.500000
0 0.116069 0.077740 0.950372 0.793364 0.589822 0.150609 0.451205 0.884900 2 9 0.900000 10 0.100000
Kirito_def_legs.png
0 0.116069 0.077740 0.950372 0.793364 0.589822 0.150609 0.451205 0.884900 2 9 0.900000 10 0.100000
0 0.148838 -0.002113 0.935232 0.951643 -0.275490 0.135942 0.331505 0.869488 2 9 0.900000 10 0.100000
0 0.155248 -0.001472 0.879986 0.996438 -0.024730 0.080621 0.319921 0.792429 2 9 0.500000 10 0.500000
Kirito_def_legs.png
0 0.113786 -0.071198 0.860351 0.443036 -0.895465 0.043141 0.215666 0.769312 2 10 0.800000 9 0.200000
0 0.155248 -0.001472 0.879986 0.996438 -0.024730 0.080621 0.319921 0.792429 2 9 0.500000 10 0.500000
0 0.148838 -0.002113 0.935232 0.951643 -0.275490 0.135942 0.331505 0.869488 2 9 0.900000 10 0.100000
Kirito_def_legs.png
0 0.148838 -0.002113 0.935232 0.951643 -0.275490 0.135942 0.331505 0.869488 2 9 0.900000 10 0.100000
0 0.104314 -0.069162 0.929120 0.538731 -0.838468 0.082099 0.207944 0.865635 2 9 0.900000 10 0.100000
0 0.113786 -0.071198 0.860351 0.443036 -0.895465 0.043141 0.215666 0.769312 2 10 0.800000 9 0.200000
Kirito_def_legs.png
0 0.124355 0.092052 0.784884 0.411226 0.911135 -0.026964 0.443482 0.588224 1 10 1.000000
0 0.072881 0.099821 0.889513 0.032430 0.994984 -0.094636 0.505263 0.823253 2 9 0.500000 10 0.500000
0 0.122764 0.082013 0.895725 0.631245 0.769299 0.098531 0.443482 0.815547 2 9 0.500000 10 0.500000
Kirito_def_legs.png
0 0.122764 0.082013 0.895725 0.631245 0.769299 0.098531 0.443482 0.815547 2 9 0.500000 10 0.500000
0 0.155248 -0.001472 0.879986 0.996438 -0.024730 0.080621 0.319921 0.792429 2 9 0.500000 10 0.500000
0 0.124355 0.092052 0.784884 0.411226 0.911135 -0.026964 0.443482 0.588224 1 10 1.000000
Kirito_def_legs.png
0 0.158789 -0.003521 0.739506 0.992136 -0.119238 -0.038059 0.319921 0.634459 1 10 1.000000
0 0.124355 0.092052 0.784884 0.411226 0.911135 -0.026964 0.443482 0.588224 1 10 1.000000
0 0.155248 -0.001472 0.879986 0.996438 -0.024730 0.080621 0.319921 0.792429 2 9 0.500000 10 0.500000
Kirito_def_legs.png
0 0.155248 -0.001472 0.879986 0.996438 -0.024730 0.080621 0.319921 0.792429 2 9 0.500000 10 0.500000
0 0.116609 -0.076829 0.786482 0.498727 -0.866634 0.014708 0.215666 0.676841 1 10 0.960000
0 0.158789 -0.003521 0.739506 0.992136 -0.119238 -0.038059 0.319921 0.634459 1 10 1.000000
Kirito_def_legs.png
0 0.108572 -0.072587 0.659119 0.505116 -0.857006 -0.101973 0.204082 0.557400 1 10 1.000000
0 0.158789 -0.003521 0.739506 0.992136 -0.119238 -0.038059 0.319921 0.634459 1 10 1.000000
0 0.116609 -0.076829 0.786482 0.498727 -0.866634 0.014708 0.215666 0.676841 1 10 0.960000
Kirito_def_legs.png
0 0.116609 -0.076829 0.786482 0.498727 -0.866634 0.014708 0.215666 0.676841 1 10 0.960000
0 0.042859 -0.076580 0.688111 -0.559967 -0.826253 -0.061176 0.103689 0.576665 1 10 1.000000
0 0.108572 -0.072587 0.659119 0.505116 -0.857006 -0.101973 0.204082 0.557400 1 10 1.000000
Kirito_def_legs.png
0 0.018214 0.083537 0.843237 -0.514486 0.801468 -0.304883 0.570905 0.753900 2 9 0.800000 10 0.200000
0 0.124355 0.092052 0.784884 0.411226 0.911135 -0.026964 0.443482 0.588224 1 10 1.000000
0 0.031022 0.084074 0.793616 -0.765497 0.635154 -0.102929 0.559321 0.642165 1 10 1.000000
Kirito_def_legs.png
0 0.031022 0.084074 0.793616 -0.765497 0.635154 -0.102929 0.559321 0.642165 1 10 1.000000
0 0.010510 0.002400 0.830342 -0.740593 0.024643 -0.671502 0.636547 0.746194 1 9 1.000000
0 0.018214 0.083537 0.843237 -0.514486 0.801468 -0.304883 0.570905 0.753900 2 9 0.800000 10 0.200000
Kirito_def_legs.png
0 0.000000 0.083744 0.862883 0.000000 0.771251 -0.636531 0.578627 0.819400 1 9 1.000000
0 0.018214 0.083537 0.843237 -0.514486 0.801468 -0.304883 0.570905 0.753900 2 9 0.800000 10 0.200000
0 0.010510 0.002400 0.830342 -0.740593 0.024643 -0.671502 0.636547 0.746194 1 9 1.000000
Kirito_def_legs.png
0 0.010510 0.002400 0.830342 -0.740593 0.024643 -0.671502 0.636547 0.746194 1 9 1.000000
0 0.000000 0.002099 0.832410 0.000000 0.103557 -0.994624 0.636547 0.761606 1 9 1.000000
0 0.000000 0.083744 0.862883 0.000000 0.771251 -0.636531 0.578627 0.819400 1 9 1.000000
Kirito_def_legs.png
0 -0.010510 0.002400 0.830342 0.740593 0.024643 -0.671502 0.636547 0.746194 1 9 1.000000
0 0.000000 0.083744 0.862883 0.000000 0.771251 -0.636531 0.578627 0.819400 1 9 1.000000
0 0.000000 0.002099 0.832410 0.000000 0.103557 -0.994624 0.636547 0.761606 1 9 1.000000
Kirito_def_legs.png
0 0.042524 -0.075836 0.809335 -0.554510 -0.825562 -0.104721 0.111411 0.711518 2 10 0.800000 9 0.200000
0 0.013052 -0.000824 0.762965 -0.995109 -0.089531 -0.041747 0.014879 0.626753 2 10 0.710000 9 0.290000
0 0.042859 -0.076580 0.688111 -0.559967 -0.826253 -0.061176 0.103689 0.576665 1 10 1.000000
Kirito_def_legs.png
0 0.042859 -0.076580 0.688111 -0.559967 -0.826253 -0.061176 0.103689 0.576665 1 10 1.000000
0 0.116609 -0.076829 0.786482 0.498727 -0.866634 0.014708 0.215666 0.676841 1 10 0.960000
0 0.042524 -0.075836 0.809335 -0.554510 -0.825562 -0.104721 0.111411 0.711518 2 10 0.800000 9 0.200000
Kirito_def_legs.png
0 0.113786 -0.071198 0.860351 0.443036 -0.895465 0.043141 0.215666 0.769312 2 10 0.800000 9 0.200000
0 0.042524 -0.075836 0.809335 -0.554510 -0.825562 -0.104721 0.111411 0.711518 2 10 0.800000 9 0.200000
0 0.116609 -0.076829 0.786482 0.498727 -0.866634 0.014708 0.215666 0.676841 1 10 0.960000
Kirito_def_legs.png
0 0.116609 -0.076829 0.786482 0.498727 -0.866634 0.014708 0.215666 0.676841 1 10 0.960000
0 0.155248 -0.001472 0.879986 0.996438 -0.024730 0.080621 0.319921 0.792429 2 9 0.500000 10 0.500000
0 0.113786 -0.071198 0.860351 0.443036 -0.895465 0.043141 0.215666 0.769312 2 10 0.800000 9 0.200000
Kirito_def_legs.png
0 0.072881 0.099821 0.889513 0.032430 0.994984 -0.094636 0.505263 0.823253 2 9 0.500000 10 0.500000
0 0.124355 0.092052 0.784884 0.411226 0.911135 -0.026964 0.443482 0.588224 1 10 1.000000
0 0.018214 0.083537 0.843237 -0.514486 0.801468 -0.304883 0.570905 0.753900 2 9 0.800000 10 0.200000
Kirito_def_legs.png
0 0.018214 0.083537 0.843237 -0.514486 0.801468 -0.304883 0.570905 0.753900 2 9 0.800000 10 0.200000
0 0.000000 0.083744 0.862883 0.000000 0.771251 -0.636531 0.578627 0.819400 1 9 1.000000
0 0.072881 0.099821 0.889513 0.032430 0.994984 -0.094636 0.505263 0.823253 2 9 0.500000 10 0.500000
Kirito_def_legs.png
0 0.000000 -0.087106 0.934384 -0.000000 -0.998835 -0.048252 0.038047 0.865635 1 9 1.000000
0 0.087549 -0.073462 1.012239 0.445277 -0.743250 0.499308 0.184776 0.977370 1 9 1.000000
0 0.000000 -0.088436 1.011106 0.000000 -0.744363 0.667775 0.038047 0.977370 1 9 1.000000
Kirito_def_legs.png
0 0.000000 -0.088436 1.011106 0.000000 -0.744363 0.667775 0.038047 0.977370 1 9 1.000000
0 -0.087549 -0.073462 1.012239 -0.445277 -0.743250 0.499308 0.184776 0.977370 1 9 1.000000
0 0.000000 -0.087106 0.934384 -0.000000 -0.998835 -0.048252 0.038047 0.865635 1 9 1.000000
Kirito_def_legs.png
0 0.042524 -0.075836 0.809335 -0.554510 -0.825562 -0.104721 0.111411 0.711518 2 10 0.800000 9 0.200000
0 0.010510 0.002400 0.830342 -0.740593 0.024643 -0.671502 0.014879 0.738488 1 9 1.000000
0 0.013052 -0.000824 0.762965 -0.995109 -0.089531 -0.041747 0.014879 0.626753 2 10 0.710000 9 0.290000
Kirito_def_legs.png
0 0.045659 -0.073944 0.868500 0.007988 -0.955376 -0.295284 0.111411 0.788576 2 9 0.650000 10 0.350000
0 0.000000 -0.087106 0.934384 -0.000000 -0.998835 -0.048252 0.038047 0.865635 1 9 1.000000
0 0.000000 -0.082280 0.868819 0.000000 -0.927068 -0.374894 0.038047 0.800135 1 9 1.000000
Kirito_def_legs.png
0 0.031022 0.084074 0.793616 -0.765497 0.635154 -0.102929 0.559321 0.642165 1 10 1.000000
0 0.013052 -0.000824 0.762965 -0.995109 -0.089531 -0.041747 0.636547 0.626753 2 10 0.710000 9 0.290000
0 0.010510 0.002400 0.830342 -0.740593 0.024643 -0.671502 0.636547 0.746194 1 9 1.000000
Kirito_def_legs.png
0 0.000000 -0.000845 1.020272 -0.000000 -0.104460 0.994529 0.331505 0.214489 1 9 1.000000
0 0.108307 0.065856 1.026871 0.404573 0.565299 0.718858 0.308337 0.172106 1 9 1.000000
0 0.000000 0.087286 1.029572 0.000000 0.797212 0.603699 0.350811 0.172106 1 9 1.000000
Kirito_def_legs.png
0 0.000000 -0.000845 1.020272 -0.000000 -0.104460 0.994529 0.331505 0.214489 1 9 1.000000
0 0.087549 -0.073462 1.012239 0.445277 -0.743250 0.499308 0.308337 0.172106 1 9 1.000000
0 0.135925 -0.001504 1.020088 0.742074 -0.015638 0.670136 0.350811 0.172106 1 9 1.000000
Kirito_def_legs.png
0 0.000000 -0.000845 1.020272 -0.000000 -0.104460 0.994529 0.331505 0.214489 1 9 1.000000
0 0.000000 -0.088436 1.011106 0.000000 -0.744363 0.667775 0.308337 0.172106 1 9 1.000000
0 0.087549 -0.073462 1.012239 0.445277 -0.743250 0.499308 0.350811 0.172106 1 9 1.000000
Kirito_def_legs.png
0 0.000000 -0.000845 1.020272 -0.000000 -0.104460 0.994529 0.331505 0.214489 1 9 1.000000
0 0.135925 -0.001504 1.020088 0.742074 -0.015638 0.670136 0.308337 0.172106 1 9 1.000000
0 0.108307 0.065856 1.026871 0.404573 0.565299 0.718858 0.350811 0.172106 1 9 1.000000
Kirito_def_legs.png
0 0.000000 -0.000845 1.020272 -0.000000 -0.104460 0.994529 0.331505 0.214489 1 9 1.000000
0 0.000000 0.087286 1.029572 0.000000 0.797212 0.603699 0.308337 0.172106 1 9 1.000000
0 -0.108307 0.065856 1.026871 -0.404573 0.565299 0.718858 0.350811 0.172106 1 9 1.000000
Kirito_def_legs.png
0 0.000000 -0.000845 1.020272 -0.000000 -0.104460 0.994529 0.331505 0.214489 1 9 1.000000
0 -0.135925 -0.001504 1.020088 -0.742073 -0.015638 0.670136 0.308337 0.172106 1 9 1.000000
0 -0.087549 -0.073462 1.012239 -0.445277 -0.743250 0.499308 0.350811 0.172106 1 9 1.000000
Kirito_def_legs.png
0 0.000000 -0.000845 1.020272 -0.000000 -0.104460 0.994529 0.331505 0.214489 1 9 1.000000
0 -0.108307 0.065856 1.026871 -0.404573 0.565299 0.718858 0.308337 0.172106 1 9 1.000000
0 -0.135925 -0.001504 1.020088 -0.742073 -0.015638 0.670136 0.350811 0.172106 1 9 1.000000
Kirito_def_legs.png
0 0.000000 -0.000845 1.020272 -0.000000 -0.104460 0.994529 0.331505 0.214489 1 9 1.000000
0 -0.087549 -0.073462 1.012239 -0.445277 -0.743250 0.499308 0.308337 0.172106 1 9 1.000000
0 0.000000 -0.088436 1.011106 0.000000 -0.744363 0.667775 0.350811 0.172106 1 9 1.000000
Kirito_def_legs.png
0 -0.042524 -0.075836 0.809335 0.554510 -0.825562 -0.104721 0.111411 0.711518 2 13 0.800000 9 0.200000
0 -0.010510 0.002400 0.830342 0.740593 0.024643 -0.671502 0.014879 0.738488 1 9 1.000000
0 -0.009406 -0.048509 0.836686 0.435372 -0.492333 -0.753697 0.065076 0.753900 2 9 0.900000 13 0.100000
Kirito_def_legs.png
0 -0.009406 -0.048509 0.836686 0.435372 -0.492333 -0.753697 0.065076 0.753900 2 9 0.900000 13 0.100000
0 -0.045659 -0.073944 0.868500 -0.007988 -0.955376 -0.295284 0.111411 0.788576 2 9 0.650000 13 0.350000
0 -0.042524 -0.075836 0.809335 0.554510 -0.825562 -0.104721 0.111411 0.711518 2 13 0.800000 9 0.200000
Kirito_def_legs.png
0 -0.113786 -0.071198 0.860351 -0.443036 -0.895465 0.043141 0.215666 0.769312 2 13 0.800000 9 0.200000
0 -0.042524 -0.075836 0.809335 0.554510 -0.825562 -0.104721 0.111411 0.711518 2 13 0.800000 9 0.200000
0 -0.045659 -0.073944 0.868500 -0.007988 -0.955376 -0.295284 0.111411 0.788576 2 9 0.650000 13 0.350000
Kirito_def_legs.png
0 -0.045659 -0.073944 0.868500 -0.007988 -0.955376 -0.295284 0.111411 0.788576 2 9 0.650000 13 0.350000
0 0.000000 -0.087106 0.934384 -0.000000 -0.998835 -0.048252 0.038047 0.865635 1 9 1.000000
0 -0.113786 -0.071198 0.860351 -0.443036 -0.895465 0.043141 0.215666 0.769312 2 13 0.800000 9 0.200000
Kirito_def_legs.png
0 -0.104314 -0.069162 0.929120 -0.538731 -0.838468 0.082099 0.207944 0.865635 2 9 0.900000 13 0.100000
0 -0.113786 -0.071198 0.860351 -0.443036 -0.895465 0.043141 0.215666 0.769312 2 13 0.800000 9 0.200000
0 0.000000 -0.087106 0.934384 -0.000000 -0.998835 -0.048252 0.038047 0.865635 1 9 1.000000
Kirito_def_legs.png
0 0.000000 -0.087106 0.934384 -0.000000 -0.998835 -0.048252 0.038047 0.865635 1 9 1.000000
0 -0.087549 -0.073462 1.012239 -0.445277 -0.743250 0.499308 0.184776 0.977370 1 9 1.000000
0 -0.104314 -0.069162 0.929120 -0.538731 -0.838468 0.082099 0.207944 0.865635 2 9 0.900000 13 0.100000
Kirito_def_legs.png
0 -0.148838 -0.002113 0.935232 -0.951643 -0.275490 0.135942 0.331505 0.869488 2 9 0.900000 13 0.100000
0 -0.104314 -0.069162 0.929120 -0.538731 -0.838468 0.082099 0.207944 0.865635 2 9 0.900000 13 0.100000
0 -0.087549 -0.073462 1.012239 -0.445277 -0.743250 0.499308 0.184776 0.977370 1 9 1.000000
Kirito_def_legs.png
0 -0.087549 -0.073462 1.012239 -0.445277 -0.743250 0.499308 0.184776 0.977370 1 9 1.000000
0 -0.135925 -0.001504 1.020088 -0.742073 -0.015638 0.670136 0.335366 0.977370 1 9 1.000000
0 -0.148838 -0.002113 0.935232 -0.951643 -0.275490 0.135942 0.331505 0.869488 2 9 0.900000 13 0.100000
Kirito_def_legs.png
0 -0.116069 0.077740 0.950372 -0.793364 0.589822 0.150609 0.451205 0.884900 2 9 0.900000 13 0.100000
0 -0.148838 -0.002113 0.935232 -0.951643 -0.275490 0.135942 0.331505 0.869488 2 9 0.900000 13 0.100000
0 -0.135925 -0.001504 1.020088 -0.742073 -0.015638 0.670136 0.335366 0.977370 1 9 1.000000
Kirito_def_legs.png
0 -0.135925 -0.001504 1.020088 -0.742073 -0.015638 0.670136 0.335366 0.977370 1 9 1.000000
0 -0.108307 0.065856 1.026871 -0.404573 0.565299 0.718858 0.455066 0.977370 1 9 1.000000
0 -0.116069 0.077740 0.950372 -0.793364 0.589822 0.150609 0.451205 0.884900 2 9 0.900000 13 0.100000
Kirito_def_legs.png
0 -0.054494 0.103807 0.930021 -0.189210 0.976084 0.107046 0.520708 0.861782 2 9 0.900000 13 0.100000
0 -0.116069 0.077740 0.950372 -0.793364 0.589822 0.150609 0.451205 0.884900 2 9 0.900000 13 0.100000
0 -0.108307 0.065856 1.026871 -0.404573 0.565299 0.718858 0.455066 0.977370 1 9 1.000000
Kirito_def_legs.png
0 -0.108307 0.065856 1.026871 -0.404573 0.565299 0.718858 0.455066 0.977370 1 9 1.000000
0 0.000000 0.087286 1.029572 0.000000 0.797212 0.603699 0.578627 0.977370 1 9 1.000000
0 -0.054494 0.103807 0.930021 -0.189210 0.976084 0.107046 0.520708 0.861782 2 9 0.900000 13 0.100000
Kirito_def_legs.png
0 0.000000 0.101076 0.923272 -0.000000 0.996116 -0.088054 0.578627 0.857929 1 9 1.000000
0 -0.054494 0.103807 0.930021 -0.189210 0.976084 0.107046 0.520708 0.861782 2 9 0.900000 13 0.100000
0 0.000000 0.087286 1.029572 0.000000 0.797212 0.603699 0.578627 0.977370 1 9 1.000000
Kirito_def_legs.png
0 -0.104314 -0.069162 0.929120 -0.538731 -0.838468 0.082099 0.207944 0.865635 2 9 0.900000 13 0.100000
0 -0.148838 -0.002113 0.935232 -0.951643 -0.275490 0.135942 0.331505 0.869488 2 9 0.900000 13 0.100000
0 -0.113786 -0.071198 0.860351 -0.443036 -0.895465 0.043141 0.215666 0.769312 2 13 0.800000 9 0.200000
Kirito_def_legs.png
0 -0.155248 -0.001472 0.879986 -0.996438 -0.024730 0.080621 0.319921 0.792429 2 9 0.500000 13 0.500000
0 -0.113786 -0.071198 0.860351 -0.443036 -0.895465 0.043141 0.215666 0.769312 2 13 0.800000 9 0.200000
0 -0.148838 -0.002113 0.935232 -0.951643 -0.275490 0.135942 0.331505 0.869488 2 9 0.900000 13 0.100000
Kirito_def_legs.png
0 -0.148838 -0.002113 0.935232 -0.951643 -0.275490 0.135942 0.331505 0.869488 2 9 0.900000 13 0.100000
0 -0.116069 0.077740 0.950372 -0.793364 0.589822 0.150609 0.451205 0.884900 2 9 0.900000 13 0.100000
0 -0.155248 -0.001472 0.879986 -0.996438 -0.024730 0.080621 0.319921 0.792429 2 9 0.500000 13 0.500000
Kirito_def_legs.png
0 -0.122764 0.082013 0.895725 -0.631245 0.769299 0.098531 0.443482 0.815547 2 9 0.500000 13 0.500000
0 -0.155248 -0.001472 0.879986 -0.996438 -0.024730 0.080621 0.319921 0.792429 2 9 0.500000 13 0.500000
0 -0.116069 0.077740 0.950372 -0.793364 0.589822 0.150609 0.451205 0.884900 2 9 0.900000 13 0.100000
Kirito_def_legs.png
0 -0.116069 0.077740 0.950372 -0.793364 0.589822 0.150609 0.451205 0.884900 2 9 0.900000 13 0.100000
0 -0.054494 0.103807 0.930021 -0.189210 0.976084 0.107046 0.520708 0.861782 2 9 0.900000 13 0.100000
0 -0.122764 0.082013 0.895725 -0.631245 0.769299 0.098531 0.443482 0.815547 2 9 0.500000 13 0.500000
Kirito_def_legs.png
0 -0.072881 0.099821 0.889513 -0.032430 0.994984 -0.094636 0.505263 0.823253 2 9 0.500000 13 0.500000
0 -0.122764 0.082013 0.895725 -0.631245 0.769299 0.098531 0.443482 0.815547 2 9 0.500000 13 0.500000
0 -0.054494 0.103807 0.930021 -0.189210 0.976084 0.107046 0.520708 0.861782 2 9 0.900000 13 0.100000
Kirito_def_legs.png
0 -0.054494 0.103807 0.930021 -0.189210 0.976084 0.107046 0.520708 0.861782 2 9 0.900000 13 0.100000
0 0.000000 0.101076 0.923272 -0.000000 0.996116 -0.088054 0.578627 0.857929 1 9 1.000000
0 -0.072881 0.099821 0.889513 -0.032430 0.994984 -0.094636 0.505263 0.823253 2 9 0.500000 13 0.500000
Kirito_def_legs.png
0 0.000000 0.083744 0.862883 0.000000 0.771251 -0.636531 0.578627 0.819400 1 9 1.000000
0 -0.072881 0.099821 0.889513 -0.032430 0.994984 -0.094636 0.505263 0.823253 2 9 0.500000 13 0.500000
0 0.000000 0.101076 0.923272 -0.000000 0.996116 -0.088054 0.578627 0.857929 1 9 1.000000
Kirito_def_legs.png
0 -0.042859 -0.076580 0.688111 0.559967 -0.826253 -0.061176 0.103689 0.576665 1 13 1.000000
0 -0.116609 -0.076829 0.786482 -0.498727 -0.866634 0.014708 0.215666 0.676841 1 13 0.960000
0 -0.108572 -0.072587 0.659119 -0.505117 -0.857005 -0.101974 0.204082 0.557400 1 13 1.000000
Kirito_def_legs.png
0 -0.158789 -0.003521 0.739506 -0.992136 -0.119237 -0.038059 0.319921 0.634459 1 13 1.000000
0 -0.108572 -0.072587 0.659119 -0.505117 -0.857005 -0.101974 0.204082 0.557400 1 13 1.000000
0 -0.116609 -0.076829 0.786482 -0.498727 -0.866634 0.014708 0.215666 0.676841 1 13 0.960000
Kirito_def_legs.png
0 -0.116609 -0.076829 0.786482 -0.498727 -0.866634 0.014708 0.215666 0.676841 1 13 0.960000
0 -0.155248 -0.001472 0.879986 -0.996438 -0.024730 0.080621 0.319921 0.792429 2 9 0.500000 13 0.500000
0 -0.158789 -0.003521 0.739506 -0.992136 -0.119237 -0.038059 0.319921 0.634459 1 13 1.000000
Kirito_def_legs.png
0 -0.124355 0.092052 0.784884 -0.411226 0.911135 -0.026964 0.443482 0.588224 1 13 1.000000
0 -0.158789 -0.003521 0.739506 -0.992136 -0.119237 -0.038059 0.319921 0.634459 1 13 1.000000
0 -0.155248 -0.001472 0.879986 -0.996438 -0.024730 0.080621 0.319921 0.792429 2 9 0.500000 13 0.500000
Kirito_def_legs.png
0 -0.155248 -0.001472 0.879986 -0.996438 -0.024730 0.080621 0.319921 0.792429 2 9 0.500000 13 0.500000
0 -0.122764 0.082013 0.895725 -0.631245 0.769299 0.098531 0.443482 0.815547 2 9 0.500000 13 0.500000
0 -0.124355 0.092052 0.784884 -0.411226 0.911135 -0.026964 0.443482 0.588224 1 13 1.000000
Kirito_def_legs.png
0 -0.072881 0.099821 0.889513 -0.032430 0.994984 -0.094636 0.505263 0.823253 2 9 0.500000 13 0.500000
0 -0.124355 0.092052 0.784884 -0.411226 0.911135 -0.026964 0.443482 0.588224 1 13 1.000000
0 -0.122764 0.082013 0.895725 -0.631245 0.769299 0.098531 0.443482 0.815547 2 9 0.500000 13 0.500000
Kirito_def_legs.png
0 -0.155248 -0.001472 0.879986 -0.996438 -0.024730 0.080621 0.319921 0.792429 2 9 0.500000 13 0.500000
0 -0.116609 -0.076829 0.786482 -0.498727 -0.866634 0.014708 0.215666 0.676841 1 13 0.960000
0 -0.113786 -0.071198 0.860351 -0.443036 -0.895465 0.043141 0.215666 0.769312 2 13 0.800000 9 0.200000
Kirito_def_legs.png
0 -0.042524 -0.075836 0.809335 0.554510 -0.825562 -0.104721 0.111411 0.711518 2 13 0.800000 9 0.200000
0 -0.113786 -0.071198 0.860351 -0.443036 -0.895465 0.043141 0.215666 0.769312 2 13 0.800000 9 0.200000
0 -0.116609 -0.076829 0.786482 -0.498727 -0.866634 0.014708 0.215666 0.676841 1 13 0.960000
Kirito_def_legs.png
0 -0.116609 -0.076829 0.786482 -0.498727 -0.866634 0.014708 0.215666 0.676841 1 13 0.960000
0 -0.042859 -0.076580 0.688111 0.559967 -0.826253 -0.061176 0.103689 0.576665 1 13 1.000000
0 -0.042524 -0.075836 0.809335 0.554510 -0.825562 -0.104721 0.111411 0.711518 2 13 0.800000 9 0.200000
Kirito_def_legs.png
0 -0.013052 -0.000824 0.762965 0.995109 -0.089530 -0.041747 0.014879 0.626753 2 13 0.710000 9 0.290000
0 -0.042524 -0.075836 0.809335 0.554510 -0.825562 -0.104721 0.111411 0.711518 2 13 0.800000 9 0.200000
0 -0.042859 -0.076580 0.688111 0.559967 -0.826253 -0.061176 0.103689 0.576665 1 13 1.000000
Kirito_def_legs.png
0 -0.010510 0.002400 0.830342 0.740593 0.024643 -0.671502 0.636547 0.746194 1 9 1.000000
0 -0.013052 -0.000824 0.762965 0.995109 -0.089530 -0.041747 0.636547 0.626753 2 13 0.710000 9 0.290000
0 -0.031022 0.084074 0.793616 0.765497 0.635154 -0.102929 0.559321 0.642165 1 13 1.000000
Kirito_def_legs.png
0 -0.031022 0.084074 0.793616 0.765497 0.635154 -0.102929 0.559321 0.642165 1 13 1.000000
0 -0.018214 0.083537 0.843237 0.514486 0.801468 -0.304883 0.570905 0.753900 2 9 0.800000 13 0.200000
0 -0.010510 0.002400 0.830342 0.740593 0.024643 -0.671502 0.636547 0.746194 1 9 1.000000
Kirito_def_legs.png
0 0.000000 0.083744 0.862883 0.000000 0.771251 -0.636531 0.578627 0.819400 1 9 1.000000
0 -0.010510 0.002400 0.830342 0.740593 0.024643 -0.671502 0.636547 0.746194 1 9 1.000000
0 -0.018214 0.083537 0.843237 0.514486 0.801468 -0.304883 0.570905 0.753900 2 9 0.800000 13 0.200000
Kirito_def_legs.png
0 -0.018214 0.083537 0.843237 0.514486 0.801468 -0.304883 0.570905 0.753900 2 9 0.800000 13 0.200000
0 -0.072881 0.099821 0.889513 -0.032430 0.994984 -0.094636 0.505263 0.823253 2 9 0.500000 13 0.500000
0 0.000000 0.083744 0.862883 0.000000 0.771251 -0.636531 0.578627 0.819400 1 9 1.000000
Kirito_def_legs.png
0 -0.124355 0.092052 0.784884 -0.411226 0.911135 -0.026964 0.443482 0.588224 1 13 1.000000
0 -0.072881 0.099821 0.889513 -0.032430 0.994984 -0.094636 0.505263 0.823253 2 9 0.500000 13 0.500000
0 -0.018214 0.083537 0.843237 0.514486 0.801468 -0.304883 0.570905 0.753900 2 9 0.800000 13 0.200000
Kirito_def_legs.png
0 -0.018214 0.083537 0.843237 0.514486 0.801468 -0.304883 0.570905 0.753900 2 9 0.800000 13 0.200000
0 -0.031022 0.084074 0.793616 0.765497 0.635154 -0.102929 0.559321 0.642165 1 13 1.000000
0 -0.124355 0.092052 0.784884 -0.411226 0.911135 -0.026964 0.443482 0.588224 1 13 1.000000
Kirito_def_legs.png
0 0.000000 -0.082280 0.868819 0.000000 -0.927068 -0.374894 0.038047 0.800135 1 9 1.000000
0 0.000000 -0.087106 0.934384 -0.000000 -0.998835 -0.048252 0.038047 0.865635 1 9 1.000000
0 -0.045659 -0.073944 0.868500 -0.007988 -0.955376 -0.295284 0.111411 0.788576 2 9 0.650000 13 0.350000
Kirito_def_legs.png
0 -0.013052 -0.000824 0.762965 0.995109 -0.089530 -0.041747 0.014879 0.626753 2 13 0.710000 9 0.290000
0 -0.010510 0.002400 0.830342 0.740593 0.024643 -0.671502 0.014879 0.738488 1 9 1.000000
0 -0.042524 -0.075836 0.809335 0.554510 -0.825562 -0.104721 0.111411 0.711518 2 13 0.800000 9 0.200000
Kirito_def_legs.png
0 0.031978 0.029705 0.236489 -0.738088 -0.385217 -0.553926 0.636547 0.010283 1 11 1.000000
0 0.002504 0.028537 0.285707 -0.954270 -0.298278 -0.019997 0.636547 0.044959 1 11 1.000000
0 0.034537 0.076882 0.236489 -0.572920 0.381323 -0.725504 0.540015 0.010283 1 11 1.000000
Kirito_def_legs.png
0 0.005031 0.109476 0.279819 -0.783750 0.609091 -0.121426 0.578627 0.064224 1 11 1.000000
0 0.034537 0.076882 0.236489 -0.572920 0.381323 -0.725504 0.540015 0.010283 1 11 1.000000
0 0.002504 0.028537 0.285707 -0.954270 -0.298278 -0.019997 0.636547 0.044959 1 11 1.000000
Kirito_def_legs.png
0 0.002504 0.028537 0.285707 -0.954270 -0.298278 -0.019997 0.636547 0.044959 1 11 1.000000
0 0.026370 0.089592 0.324981 -0.707120 0.653703 0.269544 0.559321 0.148989 1 11 1.000000
0 0.005031 0.109476 0.279819 -0.783750 0.609091 -0.121426 0.578627 0.064224 1 11 1.000000
Kirito_def_legs.png
0 0.130354 0.137323 0.269401 0.298058 0.931206 -0.209803 0.428037 0.041107 1 11 1.000000
0 0.005031 0.109476 0.279819 -0.783750 0.609091 -0.121426 0.578627 0.064224 1 11 1.000000
0 0.026370 0.089592 0.324981 -0.707120 0.653703 0.269544 0.559321 0.148989 1 11 1.000000
Kirito_def_legs.png
0 0.026370 0.089592 0.324981 -0.707120 0.653703 0.269544 0.559321 0.148989 1 11 1.000000
0 0.131045 0.099703 0.323801 0.674195 0.688801 0.266487 0.428037 0.141283 1 11 1.000000
0 0.130354 0.137323 0.269401 0.298058 0.931206 -0.209803 0.428037 0.041107 1 11 1.000000
Kirito_def_legs.png
0 0.173717 0.016687 0.282997 0.965234 -0.225735 -0.131786 0.331505 0.075783 1 11 1.000000
0 0.130354 0.137323 0.269401 0.298058 0.931206 -0.209803 0.428037 0.041107 1 11 1.000000
0 0.131045 0.099703 0.323801 0.674195 0.688801 0.266487 0.428037 0.141283 1 11 1.000000
Kirito_def_legs.png
0 0.131045 0.099703 0.323801 0.674195 0.688801 0.266487 0.428037 0.141283 1 11 1.000000
0 0.146669 0.027312 0.341823 0.966423 -0.174996 0.188155 0.281308 0.156695 1 11 1.000000
0 0.173717 0.016687 0.282997 0.965234 -0.225735 -0.131786 0.331505 0.075783 1 11 1.000000
Kirito_def_legs.png
0 0.081384 -0.029077 0.329157 -0.042945 -0.990327 0.131940 0.157747 0.141283 1 11 1.000000
0 0.173717 0.016687 0.282997 0.965234 -0.225735 -0.131786 0.331505 0.075783 1 11 1.000000
0 0.146669 0.027312 0.341823 0.966423 -0.174996 0.188155 0.281308 0.156695 1 11 1.000000
Kirito_def_legs.png
0 0.146669 0.027312 0.341823 0.966423 -0.174996 0.188155 0.281308 0.156695 1 11 1.000000
0 0.144615 0.016211 0.418608 0.938120 -0.345248 -0.027087 0.273585 0.268430 1 11 1.000000
0 0.081384 -0.029077 0.329157 -0.042945 -0.990327 0.131940 0.157747 0.141283 1 11 1.000000
Kirito_def_legs.png
0 0.111810 -0.018170 0.478527 0.490452 -0.832342 -0.258193 0.211805 0.380165 2 10 0.610000 11 0.390000
0 0.081384 -0.029077 0.329157 -0.042945 -0.990327 0.131940 0.157747 0.141283 1 11 1.000000
0 0.144615 0.016211 0.418608 0.938120 -0.345248 -0.027087 0.273585 0.268430 1 11 1.000000
Kirito_def_legs.png
0 0.144615 0.016211 0.418608 0.938120 -0.345248 -0.027087 0.273585 0.268430 1 11 1.000000
0 0.137628 -0.007510 0.503420 0.895918 -0.421355 -0.140681 0.304476 0.414841 2 11 0.610000 10 0.390000
0 0.111810 -0.018170 0.478527 0.490452 -0.832342 -0.258193 0.211805 0.380165 2 10 0.610000 11 0.390000
Kirito_def_legs.png
0 0.110000 -0.047702 0.519395 0.435699 -0.820908 -0.369155 0.207944 0.430253 2 10 0.800000 11 0.200000
0 0.111810 -0.018170 0.478527 0.490452 -0.832342 -0.258193 0.211805 0.380165 2 10 0.610000 11 0.390000
0 0.137628 -0.007510 0.503420 0.895918 -0.421355 -0.140681 0.304476 0.414841 2 11 0.610000 10 0.390000
Kirito_def_legs.png
0 0.137628 -0.007510 0.503420 0.895918 -0.421355 -0.140681 0.304476 0.414841 2 11 0.610000 10 0.390000
0 0.108572 -0.072587 0.659119 0.505116 -0.857006 -0.101973 0.204082 0.557400 1 10 1.000000
0 0.110000 -0.047702 0.519395 0.435699 -0.820908 -0.369155 0.207944 0.430253 2 10 0.800000 11 0.200000
Kirito_def_legs.png
0 0.052869 -0.058075 0.519395 -0.356346 -0.894796 -0.268992 0.115273 0.430253 2 10 0.800000 11 0.200000
0 0.110000 -0.047702 0.519395 0.435699 -0.820908 -0.369155 0.207944 0.430253 2 10 0.800000 11 0.200000
0 0.108572 -0.072587 0.659119 0.505116 -0.857006 -0.101973 0.204082 0.557400 1 10 1.000000
Kirito_def_legs.png
0 0.108572 -0.072587 0.659119 0.505116 -0.857006 -0.101973 0.204082 0.557400 1 10 1.000000
0 0.042859 -0.076580 0.688111 -0.559967 -0.826253 -0.061176 0.103689 0.576665 1 10 1.000000
0 0.052869 -0.058075 0.519395 -0.356346 -0.894796 -0.268992 0.115273 0.430253 2 10 0.800000 11 0.200000
Kirito_def_legs.png
0 0.032604 -0.006635 0.504214 -0.961824 -0.250982 -0.109101 0.014879 0.403283 2 11 0.610000 10 0.390000
0 0.052869 -0.058075 0.519395 -0.356346 -0.894796 -0.268992 0.115273 0.430253 2 10 0.800000 11 0.200000
0 0.042859 -0.076580 0.688111 -0.559967 -0.826253 -0.061176 0.103689 0.576665 1 10 1.000000
Kirito_def_legs.png
0 0.123195 0.076945 0.552697 0.784927 0.616787 0.058848 0.431898 0.422547 2 10 0.900000 11 0.100000
0 0.137628 -0.007510 0.503420 0.895918 -0.421355 -0.140681 0.304476 0.414841 2 11 0.610000 10 0.390000
0 0.144615 0.016211 0.418608 0.938120 -0.345248 -0.027087 0.273585 0.268430 1 11 1.000000
Kirito_def_legs.png
0 0.144615 0.016211 0.418608 0.938120 -0.345248 -0.027087 0.273585 0.268430 1 11 1.000000
0 0.119760 0.118262 0.418672 0.458390 0.884918 0.082454 0.443482 0.253018 1 11 1.000000
0 0.123195 0.076945 0.552697 0.784927 0.616787 0.058848 0.431898 0.422547 2 10 0.900000 11 0.100000
Kirito_def_legs.png
0 0.035581 0.066162 0.551525 -0.724476 0.686109 0.066246 0.559321 0.418694 2 10 0.900000 11 0.100000
0 0.123195 0.076945 0.552697 0.784927 0.616787 0.058848 0.431898 0.422547 2 10 0.900000 11 0.100000
0 0.119760 0.118262 0.418672 0.458390 0.884918 0.082454 0.443482 0.253018 1 11 1.000000
Kirito_def_legs.png
0 0.119760 0.118262 0.418672 0.458390 0.884918 0.082454 0.443482 0.253018 1 11 1.000000
0 0.030676 0.102315 0.422174 -0.762223 0.642682 0.077309 0.559321 0.253018 1 11 1.000000
0 0.035581 0.066162 0.551525 -0.724476 0.686109 0.066246 0.559321 0.418694 2 10 0.900000 11 0.100000
Kirito_def_legs.png
0 0.029526 0.032595 0.431478 -0.976981 -0.212751 -0.015637 0.636547 0.283842 1 11 1.000000
0 0.035581 0.066162 0.551525 -0.724476 0.686109 0.066246 0.559321 0.418694 2 10 0.900000 11 0.100000
0 0.030676 0.102315 0.422174 -0.762223 0.642682 0.077309 0.559321 0.253018 1 11 1.000000
Kirito_def_legs.png
0 0.030676 0.102315 0.422174 -0.762223 0.642682 0.077309 0.559321 0.253018 1 11 1.000000
0 0.026370 0.089592 0.324981 -0.707120 0.653703 0.269544 0.559321 0.148989 1 11 1.000000
0 0.029526 0.032595 0.431478 -0.976981 -0.212751 -0.015637 0.636547 0.283842 1 11 1.000000
Kirito_def_legs.png
0 0.019932 0.034112 0.329165 -0.921672 -0.305138 0.239606 0.636547 0.152842 1 11 1.000000
0 0.029526 0.032595 0.431478 -0.976981 -0.212751 -0.015637 0.636547 0.283842 1 11 1.000000
0 0.026370 0.089592 0.324981 -0.707120 0.653703 0.269544 0.559321 0.148989 1 11 1.000000
Kirito_def_legs.png
0 0.026370 0.089592 0.324981 -0.707120 0.653703 0.269544 0.559321 0.148989 1 11 1.000000
0 0.002504 0.028537 0.285707 -0.954270 -0.298278 -0.019997 0.636547 0.044959 1 11 1.000000
0 0.019932 0.034112 0.329165 -0.921672 -0.305138 0.239606 0.636547 0.152842 1 11 1.000000
Kirito_def_legs.png
0 0.077125 -0.045438 0.264679 -0.073642 -0.903873 -0.421415 0.150024 0.048812 1 11 1.000000
0 0.031978 0.029705 0.236489 -0.738088 -0.385217 -0.553926 0.014879 0.010283 1 11 1.000000
0 0.080384 -0.016909 0.236431 0.009090 -0.704094 -0.710049 0.157747 0.006430 1 11 1.000000
Kirito_def_legs.png
0 0.080384 -0.016909 0.236431 0.009090 -0.704094 -0.710049 0.157747 0.006430 1 11 1.000000
0 0.132667 0.030152 0.236489 0.659933 -0.374906 -0.651103 0.250418 0.010283 1 11 1.000000
0 0.077125 -0.045438 0.264679 -0.073642 -0.903873 -0.421415 0.150024 0.048812 1 11 1.000000
Kirito_def_legs.png
0 0.173717 0.016687 0.282997 0.965234 -0.225735 -0.131786 0.331505 0.075783 1 11 1.000000
0 0.077125 -0.045438 0.264679 -0.073642 -0.903873 -0.421415 0.150024 0.048812 1 11 1.000000
0 0.132667 0.030152 0.236489 0.659933 -0.374906 -0.651103 0.250418 0.010283 1 11 1.000000
Kirito_def_legs.png
0 0.132667 0.030152 0.236489 0.659933 -0.374906 -0.651103 0.250418 0.010283 1 11 1.000000
0 0.118028 0.091321 0.236489 0.540590 0.373187 -0.753985 0.447344 0.010283 1 11 1.000000
0 0.173717 0.016687 0.282997 0.965234 -0.225735 -0.131786 0.331505 0.075783 1 11 1.000000
Kirito_def_legs.png
0 0.130354 0.137323 0.269401 0.298058 0.931206 -0.209803 0.428037 0.041107 1 11 1.000000
0 0.173717 0.016687 0.282997 0.965234 -0.225735 -0.131786 0.331505 0.075783 1 11 1.000000
0 0.118028 0.091321 0.236489 0.540590 0.373187 -0.753985 0.447344 0.010283 1 11 1.000000
Kirito_def_legs.png
0 0.118028 0.091321 0.236489 0.540590 0.373187 -0.753985 0.447344 0.010283 1 11 1.000000
0 0.034537 0.076882 0.236489 -0.572920 0.381323 -0.725504 0.540015 0.010283 1 11 1.000000
0 0.130354 0.137323 0.269401 0.298058 0.931206 -0.209803 0.428037 0.041107 1 11 1.000000
Kirito_def_legs.png
0 0.005031 0.109476 0.279819 -0.783750 0.609091 -0.121426 0.578627 0.064224 1 11 1.000000
0 0.130354 0.137323 0.269401 0.298058 0.931206 -0.209803 0.428037 0.041107 1 11 1.000000
0 0.034537 0.076882 0.236489 -0.572920 0.381323 -0.725504 0.540015 0.010283 1 11 1.000000
Kirito_def_legs.png
0 0.053343 -0.033897 0.475672 -0.420407 -0.836567 -0.351304 0.119134 0.372459 2 10 0.610000 11 0.390000
0 0.052869 -0.058075 0.519395 -0.356346 -0.894796 -0.268992 0.115273 0.430253 2 10 0.800000 11 0.200000
0 0.032604 -0.006635 0.504214 -0.961824 -0.250982 -0.109101 0.014879 0.403283 2 11 0.610000 10 0.390000
Kirito_def_legs.png
0 0.032604 -0.006635 0.504214 -0.961824 -0.250982 -0.109101 0.014879 0.403283 2 11 0.610000 10 0.390000
0 0.029526 0.032595 0.431478 -0.976981 -0.212751 -0.015637 0.014879 0.283842 1 11 1.000000
0 0.053343 -0.033897 0.475672 -0.420407 -0.836567 -0.351304 0.119134 0.372459 2 10 0.610000 11 0.390000
Kirito_def_legs.png
0 0.081384 -0.029077 0.329157 -0.042945 -0.990327 0.131940 0.157747 0.141283 1 11 1.000000
0 0.053343 -0.033897 0.475672 -0.420407 -0.836567 -0.351304 0.119134 0.372459 2 10 0.610000 11 0.390000
0 0.029526 0.032595 0.431478 -0.976981 -0.212751 -0.015637 0.014879 0.283842 1 11 1.000000
Kirito_def_legs.png
0 0.029526 0.032595 0.431478 -0.976981 -0.212751 -0.015637 0.014879 0.283842 1 11 1.000000
0 0.019932 0.034112 0.329165 -0.921672 -0.305138 0.239606 0.014879 0.141283 1 11 1.000000
0 0.081384 -0.029077 0.329157 -0.042945 -0.990327 0.131940 0.157747 0.141283 1 11 1.000000
Kirito_def_legs.png
0 0.002504 0.028537 0.285707 -0.954270 -0.298278 -0.019997 0.014879 0.079636 1 11 1.000000
0 0.081384 -0.029077 0.329157 -0.042945 -0.990327 0.131940 0.157747 0.141283 1 11 1.000000
0 0.019932 0.034112 0.329165 -0.921672 -0.305138 0.239606 0.014879 0.141283 1 11 1.000000
Kirito_def_legs.png
0 0.158789 -0.003521 0.739506 0.992136 -0.119238 -0.038059 0.319921 0.634459 1 10 1.000000
0 0.108572 -0.072587 0.659119 0.505116 -0.857006 -0.101973 0.204082 0.557400 1 10 1.000000
0 0.137628 -0.007510 0.503420 0.895918 -0.421355 -0.140681 0.304476 0.414841 2 11 0.610000 10 0.390000
Kirito_def_legs.png
0 0.137628 -0.007510 0.503420 0.895918 -0.421355 -0.140681 0.304476 0.414841 2 11 0.610000 10 0.390000
0 0.123195 0.076945 0.552697 0.784927 0.616787 0.058848 0.431898 0.422547 2 10 0.900000 11 0.100000
0 0.158789 -0.003521 0.739506 0.992136 -0.119238 -0.038059 0.319921 0.634459 1 10 1.000000
Kirito_def_legs.png
0 0.124355 0.092052 0.784884 0.411226 0.911135 -0.026964 0.443482 0.588224 1 10 1.000000
0 0.158789 -0.003521 0.739506 0.992136 -0.119238 -0.038059 0.319921 0.634459 1 10 1.000000
0 0.123195 0.076945 0.552697 0.784927 0.616787 0.058848 0.431898 0.422547 2 10 0.900000 11 0.100000
Kirito_def_legs.png
0 0.123195 0.076945 0.552697 0.784927 0.616787 0.058848 0.431898 0.422547 2 10 0.900000 11 0.100000
0 0.035581 0.066162 0.551525 -0.724476 0.686109 0.066246 0.559321 0.418694 2 10 0.900000 11 0.100000
0 0.124355 0.092052 0.784884 0.411226 0.911135 -0.026964 0.443482 0.588224 1 10 1.000000
Kirito_def_legs.png
0 0.031022 0.084074 0.793616 -0.765497 0.635154 -0.102929 0.559321 0.642165 1 10 1.000000
0 0.124355 0.092052 0.784884 0.411226 0.911135 -0.026964 0.443482 0.588224 1 10 1.000000
0 0.035581 0.066162 0.551525 -0.724476 0.686109 0.066246 0.559321 0.418694 2 10 0.900000 11 0.100000
Kirito_def_legs.png
0 0.077125 -0.045438 0.264679 -0.073642 -0.903873 -0.421415 0.150024 0.048812 1 11 1.000000
0 0.173717 0.016687 0.282997 0.965234 -0.225735 -0.131786 0.331505 0.075783 1 11 1.000000
0 0.081384 -0.029077 0.329157 -0.042945 -0.990327 0.131940 0.157747 0.141283 1 11 1.000000
Kirito_def_legs.png
0 0.081384 -0.029077 0.329157 -0.042945 -0.990327 0.131940 0.157747 0.141283 1 11 1.000000
0 0.002504 0.028537 0.285707 -0.954270 -0.298278 -0.019997 0.014879 0.079636 1 11 1.000000
0 0.077125 -0.045438 0.264679 -0.073642 -0.903873 -0.421415 0.150024 0.048812 1 11 1.000000
Kirito_def_legs.png
0 0.031978 0.029705 0.236489 -0.738088 -0.385217 -0.553926 0.014879 0.010283 1 11 1.000000
0 0.077125 -0.045438 0.264679 -0.073642 -0.903873 -0.421415 0.150024 0.048812 1 11 1.000000
0 0.002504 0.028537 0.285707 -0.954270 -0.298278 -0.019997 0.014879 0.079636 1 11 1.000000
Kirito_def_legs.png
0 0.119760 0.118262 0.418672 0.458390 0.884918 0.082454 0.443482 0.253018 1 11 1.000000
0 0.144615 0.016211 0.418608 0.938120 -0.345248 -0.027087 0.273585 0.268430 1 11 1.000000
0 0.146669 0.027312 0.341823 0.966423 -0.174996 0.188155 0.281308 0.156695 1 11 1.000000
Kirito_def_legs.png
0 0.146669 0.027312 0.341823 0.966423 -0.174996 0.188155 0.281308 0.156695 1 11 1.000000
0 0.131045 0.099703 0.323801 0.674195 0.688801 0.266487 0.428037 0.141283 1 11 1.000000
0 0.119760 0.118262 0.418672 0.458390 0.884918 0.082454 0.443482 0.253018 1 11 1.000000
Kirito_def_legs.png
0 0.026370 0.089592 0.324981 -0.707120 0.653703 0.269544 0.559321 0.148989 1 11 1.000000
0 0.119760 0.118262 0.418672 0.458390 0.884918 0.082454 0.443482 0.253018 1 11 1.000000
0 0.131045 0.099703 0.323801 0.674195 0.688801 0.266487 0.428037 0.141283 1 11 1.000000
Kirito_def_legs.png
0 0.053343 -0.033897 0.475672 -0.420407 -0.836567 -0.351304 0.119134 0.372459 2 10 0.610000 11 0.390000
0 0.081384 -0.029077 0.329157 -0.042945 -0.990327 0.131940 0.157747 0.141283 1 11 1.000000
0 0.111810 -0.018170 0.478527 0.490452 -0.832342 -0.258193 0.211805 0.380165 2 10 0.610000 11 0.390000
Kirito_def_legs.png
0 0.111810 -0.018170 0.478527 0.490452 -0.832342 -0.258193 0.211805 0.380165 2 10 0.610000 11 0.390000
0 0.110000 -0.047702 0.519395 0.435699 -0.820908 -0.369155 0.207944 0.430253 2 10 0.800000 11 0.200000
0 0.053343 -0.033897 0.475672 -0.420407 -0.836567 -0.351304 0.119134 0.372459 2 10 0.610000 11 0.390000
Kirito_def_legs.png
0 0.052869 -0.058075 0.519395 -0.356346 -0.894796 -0.268992 0.115273 0.430253 2 10 0.800000 11 0.200000
0 0.053343 -0.033897 0.475672 -0.420407 -0.836567 -0.351304 0.119134 0.372459 2 10 0.610000 11 0.390000
0 0.110000 -0.047702 0.519395 0.435699 -0.820908 -0.369155 0.207944 0.430253 2 10 0.800000 11 0.200000
Kirito_def_legs.png
0 0.035581 0.066162 0.551525 -0.724476 0.686109 0.066246 0.559321 0.418694 2 10 0.900000 11 0.100000
0 0.029526 0.032595 0.431478 -0.976981 -0.212751 -0.015637 0.636547 0.283842 1 11 1.000000
0 0.032604 -0.006635 0.504214 -0.961824 -0.250982 -0.109101 0.636547 0.372459 2 11 0.610000 10 0.390000
Kirito_def_legs.png
0 0.026370 0.089592 0.324981 -0.707120 0.653703 0.269544 0.559321 0.148989 1 11 1.000000
0 0.030676 0.102315 0.422174 -0.762223 0.642682 0.077309 0.559321 0.253018 1 11 1.000000
0 0.119760 0.118262 0.418672 0.458390 0.884918 0.082454 0.443482 0.253018 1 11 1.000000
Kirito_def_legs.png
0 0.079282 0.107876 0.070312 -0.107860 0.986340 0.124494 0.914560 0.410988 2 12 0.900000 11 0.100000
0 0.134826 0.099402 0.069560 0.894469 0.431383 0.117616 0.914560 0.499606 2 12 0.900000 11 0.100000
0 0.126543 0.100610 0.000573 0.327823 0.640414 -0.694551 0.999508 0.499606 1 12 1.000000
Kirito_def_legs.png
0 0.126543 0.100610 0.000573 0.327823 0.640414 -0.694551 0.999508 0.499606 1 12 1.000000
0 0.031637 0.094082 0.000573 -0.511295 0.741868 -0.433830 0.999508 0.318518 1 12 1.000000
0 0.079282 0.107876 0.070312 -0.107860 0.986340 0.124494 0.914560 0.410988 2 12 0.900000 11 0.100000
Kirito_def_legs.png
0 0.023737 0.087005 0.068458 -0.911893 0.385841 0.139922 0.914560 0.291547 2 12 0.900000 11 0.100000
0 0.079282 0.107876 0.070312 -0.107860 0.986340 0.124494 0.914560 0.410988 2 12 0.900000 11 0.100000
0 0.031637 0.094082 0.000573 -0.511295 0.741868 -0.433830 0.999508 0.318518 1 12 1.000000
Kirito_def_legs.png
0 0.031637 0.094082 0.000573 -0.511295 0.741868 -0.433830 0.999508 0.318518 1 12 1.000000
0 0.014699 -0.042660 0.000573 -0.830249 -0.077976 -0.551911 0.999508 0.210636 1 12 1.000000
0 0.023737 0.087005 0.068458 -0.911893 0.385841 0.139922 0.914560 0.291547 2 12 0.900000 11 0.100000
Kirito_def_legs.png
0 0.026947 -0.055055 0.054893 -0.814434 -0.321193 0.483252 0.914560 0.199077 1 12 1.000000
0 0.023737 0.087005 0.068458 -0.911893 0.385841 0.139922 0.914560 0.291547 2 12 0.900000 11 0.100000
0 0.014699 -0.042660 0.000573 -0.830249 -0.077976 -0.551911 0.999508 0.210636 1 12 1.000000
Kirito_def_legs.png
0 0.014699 -0.042660 0.000573 -0.830249 -0.077976 -0.551911 0.999508 0.210636 1 12 1.000000
0 0.051040 -0.168299 0.046341 -0.599420 -0.509100 0.617667 0.922282 0.098901 1 12 1.000000
0 0.026947 -0.055055 0.054893 -0.814434 -0.321193 0.483252 0.914560 0.199077 1 12 1.000000
Kirito_def_legs.png
0 0.082686 -0.069053 0.079420 0.045686 -0.447302 0.893215 0.779415 0.584371 1 12 1.000000
0 0.051040 -0.168299 0.046341 -0.599420 -0.509100 0.617667 0.717634 0.499606 1 12 1.000000
0 0.116106 -0.162889 0.046341 0.548755 -0.597919 0.584262 0.837334 0.503459 1 12 1.000000
Kirito_def_legs.png
0 0.116106 -0.162889 0.046341 0.548755 -0.597919 0.584262 0.837334 0.503459 1 12 1.000000
0 0.134566 -0.044430 0.054893 0.830528 -0.304858 0.466137 0.872086 0.603635 1 12 1.000000
0 0.082686 -0.069053 0.079420 0.045686 -0.447302 0.893215 0.779415 0.584371 1 12 1.000000
Kirito_def_legs.png
0 0.082023 -0.019773 0.135891 -0.002552 -0.924707 0.380670 0.779415 0.777017 2 12 0.710000 11 0.290000
0 0.082686 -0.069053 0.079420 0.045686 -0.447302 0.893215 0.779415 0.584371 1 12 1.000000
0 0.134566 -0.044430 0.054893 0.830528 -0.304858 0.466137 0.872086 0.603635 1 12 1.000000
Kirito_def_legs.png
0 0.134566 -0.044430 0.054893 0.830528 -0.304858 0.466137 0.872086 0.603635 1 12 1.000000
0 0.124518 0.009393 0.132643 0.921167 -0.345130 0.179826 0.895253 0.777017 2 12 0.710000 11 0.290000
0 0.082023 -0.019773 0.135891 -0.002552 -0.924707 0.380670 0.779415 0.777017 2 12 0.710000 11 0.290000
Kirito_def_legs.png
0 0.139084 0.029227 0.243101 0.922445 -0.385561 -0.020906 0.895253 0.988929 1 11 1.000000
0 0.082023 -0.019773 0.135891 -0.002552 -0.924707 0.380670 0.779415 0.777017 2 12 0.710000 11 0.290000
0 0.124518 0.009393 0.132643 0.921167 -0.345130 0.179826 0.895253 0.777017 2 12 0.710000 11 0.290000
Kirito_def_legs.png
0 0.134826 0.099402 0.069560 0.894469 0.431383 0.117616 0.922282 0.368606 2 12 0.900000 11 0.100000
0 0.124651 0.090640 0.128098 0.535236 0.839209 0.096178 0.848918 0.376312 2 11 0.620000 12 0.380000
0 0.124518 0.009393 0.132643 0.921167 -0.345130 0.179826 0.848918 0.287695 2 12 0.710000 11 0.290000
Kirito_def_legs.png
0 0.124518 0.009393 0.132643 0.921167 -0.345130 0.179826 0.848918 0.287695 2 12 0.710000 11 0.290000
0 0.134566 -0.044430 0.054893 0.830528 -0.304858 0.466137 0.914560 0.202930 1 12 1.000000
0 0.134826 0.099402 0.069560 0.894469 0.431383 0.117616 0.922282 0.368606 2 12 0.900000 11 0.100000
Kirito_def_legs.png
0 0.144904 -0.057881 0.000573 0.839783 -0.054256 -0.540205 0.999508 0.183665 1 12 1.000000
0 0.134826 0.099402 0.069560 0.894469 0.431383 0.117616 0.922282 0.368606 2 12 0.900000 11 0.100000
0 0.134566 -0.044430 0.054893 0.830528 -0.304858 0.466137 0.914560 0.202930 1 12 1.000000
Kirito_def_legs.png
0 0.134566 -0.044430 0.054893 0.830528 -0.304858 0.466137 0.914560 0.202930 1 12 1.000000
0 0.116106 -0.162889 0.046341 0.548755 -0.597919 0.584262 0.922282 0.048812 1 12 1.000000
0 0.144904 -0.057881 0.000573 0.839783 -0.054256 -0.540205 0.999508 0.183665 1 12 1.000000
Kirito_def_legs.png
0 0.123055 -0.175830 0.000573 0.613737 -0.716135 -0.332382 0.999508 0.056518 1 12 1.000000
0 0.144904 -0.057881 0.000573 0.839783 -0.054256 -0.540205 0.999508 0.183665 1 12 1.000000
0 0.116106 -0.162889 0.046341 0.548755 -0.597919 0.584262 0.922282 0.048812 1 12 1.000000
Kirito_def_legs.png
0 0.023737 0.087005 0.068458 -0.911893 0.385841 0.139922 0.914560 0.291547 2 12 0.900000 11 0.100000
0 0.026947 -0.055055 0.054893 -0.814434 -0.321193 0.483252 0.914560 0.199077 1 12 1.000000
0 0.032075 0.023282 0.132617 -0.964190 -0.220364 0.147569 0.848918 0.287695 2 12 0.710000 11 0.290000
Kirito_def_legs.png
0 0.032075 0.023282 0.132617 -0.964190 -0.220364 0.147569 0.848918 0.287695 2 12 0.710000 11 0.290000
0 0.035326 0.074856 0.129157 -0.660909 0.729607 0.175707 0.848918 0.333930 2 11 0.610000 12 0.390000
0 0.023737 0.087005 0.068458 -0.911893 0.385841 0.139922 0.914560 0.291547 2 12 0.900000 11 0.100000
Kirito_def_legs.png
0 0.079282 0.107876 0.070312 -0.107860 0.986340 0.124494 0.914560 0.410988 2 12 0.900000 11 0.100000
0 0.023737 0.087005 0.068458 -0.911893 0.385841 0.139922 0.914560 0.291547 2 12 0.900000 11 0.100000
0 0.035326 0.074856 0.129157 -0.660909 0.729607 0.175707 0.848918 0.333930 2 11 0.610000 12 0.390000
Kirito_def_legs.png
0 0.035326 0.074856 0.129157 -0.660909 0.729607 0.175707 0.848918 0.333930 2 11 0.610000 12 0.390000
0 0.124651 0.090640 0.128098 0.535236 0.839209 0.096178 0.848918 0.499606 2 11 0.620000 12 0.380000
0 0.079282 0.107876 0.070312 -0.107860 0.986340 0.124494 0.914560 0.410988 2 12 0.900000 11 0.100000
Kirito_def_legs.png
0 0.134826 0.099402 0.069560 0.894469 0.431383 0.117616 0.914560 0.499606 2 12 0.900000 11 0.100000
0 0.079282 0.107876 0.070312 -0.107860 0.986340 0.124494 0.914560 0.410988 2 12 0.900000 11 0.100000
0 0.124651 0.090640 0.128098 0.535236 0.839209 0.096178 0.848918 0.499606 2 11 0.620000 12 0.380000
Kirito_def_legs.png
0 0.032075 0.023282 0.132617 -0.964190 -0.220364 0.147569 0.996840 0.988929 2 12 0.710000 11 0.290000
0 0.028446 0.082084 0.243101 -0.744812 0.661803 -0.085268 0.902976 0.892606 1 11 1.000000
0 0.035326 0.074856 0.129157 -0.660909 0.729607 0.175707 0.996840 0.888753 2 11 0.610000 12 0.390000
Kirito_def_legs.png
0 0.124651 0.090640 0.128098 0.535236 0.839209 0.096178 0.996840 0.734635 2 11 0.620000 12 0.380000
0 0.035326 0.074856 0.129157 -0.660909 0.729607 0.175707 0.996840 0.888753 2 11 0.610000 12 0.390000
0 0.028446 0.082084 0.243101 -0.744812 0.661803 -0.085268 0.902976 0.892606 1 11 1.000000
Kirito_def_legs.png
0 0.028446 0.082084 0.243101 -0.744812 0.661803 -0.085268 0.902976 0.892606 1 11 1.000000
0 0.122579 0.098417 0.243101 0.550396 0.833610 -0.046456 0.902976 0.734635 1 11 1.000000
0 0.124651 0.090640 0.128098 0.535236 0.839209 0.096178 0.996840 0.734635 2 11 0.620000 12 0.380000
Kirito_def_legs.png
0 0.139084 0.029227 0.243101 0.922445 -0.385561 -0.020906 0.902976 0.603635 1 11 1.000000
0 0.124651 0.090640 0.128098 0.535236 0.839209 0.096178 0.996840 0.734635 2 11 0.620000 12 0.380000
0 0.122579 0.098417 0.243101 0.550396 0.833610 -0.046456 0.902976 0.734635 1 11 1.000000
Kirito_def_legs.png
0 0.082023 -0.019773 0.135891 -0.002552 -0.924707 0.380670 0.779415 0.777017 2 12 0.710000 11 0.290000
0 0.025561 0.028722 0.243101 -0.854323 -0.518379 -0.037624 0.655853 0.988929 1 11 1.000000
0 0.032075 0.023282 0.132617 -0.964190 -0.220364 0.147569 0.655853 0.777017 2 12 0.710000 11 0.290000
Kirito_def_legs.png
0 0.032075 0.023282 0.132617 -0.964190 -0.220364 0.147569 0.655853 0.777017 2 12 0.710000 11 0.290000
0 0.026947 -0.055055 0.054893 -0.814434 -0.321193 0.483252 0.675160 0.595929 1 12 1.000000
0 0.082023 -0.019773 0.135891 -0.002552 -0.924707 0.380670 0.779415 0.777017 2 12 0.710000 11 0.290000
Kirito_def_legs.png
0 0.082686 -0.069053 0.079420 0.045686 -0.447302 0.893215 0.779415 0.584371 1 12 1.000000
0 0.082023 -0.019773 0.135891 -0.002552 -0.924707 0.380670 0.779415 0.777017 2 12 0.710000 11 0.290000
0 0.026947 -0.055055 0.054893 -0.814434 -0.321193 0.483252 0.675160 0.595929 1 12 1.000000
Kirito_def_legs.png
0 0.026947 -0.055055 0.054893 -0.814434 -0.321193 0.483252 0.675160 0.595929 1 12 1.000000
0 0.051040 -0.168299 0.046341 -0.599420 -0.509100 0.617667 0.717634 0.499606 1 12 1.000000
0 0.082686 -0.069053 0.079420 0.045686 -0.447302 0.893215 0.779415 0.584371 1 12 1.000000
Kirito_def_legs.png
0 0.014699 -0.042660 0.000573 -0.830249 -0.077976 -0.551911 0.798721 0.437959 1 12 1.000000
0 0.031637 0.094082 0.000573 -0.511295 0.741868 -0.433830 0.802582 0.495753 1 12 1.000000
0 0.126543 0.100610 0.000573 0.327823 0.640414 -0.694551 0.841195 0.499606 1 12 1.000000
Kirito_def_legs.png
0 0.126543 0.100610 0.000573 0.327823 0.640414 -0.694551 0.841195 0.499606 1 12 1.000000
0 0.144904 -0.057881 0.000573 0.839783 -0.054256 -0.540205 0.848918 0.434106 1 12 1.000000
0 0.014699 -0.042660 0.000573 -0.830249 -0.077976 -0.551911 0.798721 0.437959 1 12 1.000000
Kirito_def_legs.png
0 0.046475 -0.176879 0.000573 -0.318142 -0.794820 -0.516766 0.810305 0.380165 1 12 1.000000
0 0.014699 -0.042660 0.000573 -0.830249 -0.077976 -0.551911 0.798721 0.437959 1 12 1.000000
0 0.144904 -0.057881 0.000573 0.839783 -0.054256 -0.540205 0.848918 0.434106 1 12 1.000000
Kirito_def_legs.png
0 0.144904 -0.057881 0.000573 0.839783 -0.054256 -0.540205 0.848918 0.434106 1 12 1.000000
0 0.123055 -0.175830 0.000573 0.613737 -0.716135 -0.332382 0.841195 0.380165 1 12 1.000000
0 0.046475 -0.176879 0.000573 -0.318142 -0.794820 -0.516766 0.810305 0.380165 1 12 1.000000
Kirito_def_legs.png
0 0.082609 -0.080752 0.083316 0.009637 -0.700267 0.713816 0.802582 0.495753 1 12 1.000000
0 0.137877 -0.062720 0.054628 0.511952 -0.615025 0.599708 0.798721 0.399430 1 12 1.000000
0 0.137877 -0.003720 0.115135 0.490078 -0.609158 0.623498 0.640408 0.399430 2 12 0.800000 11 0.200000
Kirito_def_legs.png
0 0.137877 -0.003720 0.115135 0.490078 -0.609158 0.623498 0.640408 0.399430 2 12 0.800000 11 0.200000
0 0.081977 -0.021752 0.138760 0.007072 -0.684748 0.728746 0.640408 0.495753 2 12 0.720000 11 0.280000
0 0.082609 -0.080752 0.083316 0.009637 -0.700267 0.713816 0.802582 0.495753 1 12 1.000000
Kirito_def_legs.png
0 0.024123 -0.003720 0.115109 -0.473098 -0.618245 0.627655 0.640408 0.399430 2 12 0.800000 11 0.200000
0 0.082609 -0.080752 0.083316 0.009637 -0.700267 0.713816 0.802582 0.495753 1 12 1.000000
0 0.081977 -0.021752 0.138760 0.007072 -0.684748 0.728746 0.640408 0.495753 2 12 0.720000 11 0.280000
Kirito_def_legs.png
0 0.082023 -0.019773 0.135891 -0.002552 -0.924707 0.380670 0.779415 0.777017 2 12 0.710000 11 0.290000
0 0.139084 0.029227 0.243101 0.922445 -0.385561 -0.020906 0.895253 0.988929 1 11 1.000000
0 0.080137 -0.024006 0.243035 -0.016519 -0.999073 -0.039762 0.775553 0.988929 1 11 1.000000
Kirito_def_legs.png
0 0.080137 -0.024006 0.243035 -0.016519 -0.999073 -0.039762 0.775553 0.988929 1 11 1.000000
0 0.025561 0.028722 0.243101 -0.854323 -0.518379 -0.037624 0.655853 0.988929 1 11 1.000000
0 0.082023 -0.019773 0.135891 -0.002552 -0.924707 0.380670 0.779415 0.777017 2 12 0.710000 11 0.290000
Kirito_def_legs.png
0 0.046475 -0.176879 0.000573 -0.318142 -0.794820 -0.516766 0.999508 0.102754 1 12 1.000000
0 0.123055 -0.175830 0.000573 0.613737 -0.716135 -0.332382 0.999508 0.006430 1 12 1.000000
0 0.116106 -0.162889 0.046341 0.548755 -0.597919 0.584262 0.922282 0.010283 1 12 1.000000
Kirito_def_legs.png
0 0.116106 -0.162889 0.046341 0.548755 -0.597919 0.584262 0.922282 0.010283 1 12 1.000000
0 0.051040 -0.168299 0.046341 -0.599420 -0.509100 0.617667 0.922282 0.098901 1 12 1.000000
0 0.046475 -0.176879 0.000573 -0.318142 -0.794820 -0.516766 0.999508 0.102754 1 12 1.000000
Kirito_def_legs.png
0 0.024123 -0.062720 0.054628 -0.490733 -0.623698 0.608426 0.798721 0.399430 1 12 1.000000
0 0.082609 -0.080752 0.083316 0.009637 -0.700267 0.713816 0.802582 0.495753 1 12 1.000000
0 0.024123 -0.003720 0.115109 -0.473098 -0.618245 0.627655 0.640408 0.399430 2 12 0.800000 11 0.200000
Kirito_def_legs.png
0 0.124518 0.009393 0.132643 0.921167 -0.345130 0.179826 0.996840 0.599782 2 12 0.710000 11 0.290000
0 0.124651 0.090640 0.128098 0.535236 0.839209 0.096178 0.996840 0.734635 2 11 0.620000 12 0.380000
0 0.139084 0.029227 0.243101 0.922445 -0.385561 -0.020906 0.902976 0.603635 1 11 1.000000
Kirito_def_legs.png
0 0.032075 0.023282 0.132617 -0.964190 -0.220364 0.147569 0.996840 0.988929 2 12 0.710000 11 0.290000
0 0.025561 0.028722 0.243101 -0.854323 -0.518379 -0.037624 0.906837 0.988929 1 11 1.000000
0 0.028446 0.082084 0.243101 -0.744812 0.661803 -0.085268 0.902976 0.892606 1 11 1.000000
Kirito_def_legs.png
0 0.144904 -0.057881 0.000573 0.839783 -0.054256 -0.540205 0.999508 0.183665 1 12 1.000000
0 0.126543 0.100610 0.000573 0.327823 0.640414 -0.694551 0.999508 0.380165 1 12 1.000000
0 0.134826 0.099402 0.069560 0.894469 0.431383 0.117616 0.922282 0.368606 2 12 0.900000 11 0.100000
Kirito_def_legs.png
0 0.014699 -0.042660 0.000573 -0.830249 -0.077976 -0.551911 0.999508 0.210636 1 12 1.000000
0 0.046475 -0.176879 0.000573 -0.318142 -0.794820 -0.516766 0.999508 0.102754 1 12 1.000000
0 0.051040 -0.168299 0.046341 -0.599420 -0.509100 0.617667 0.922282 0.098901 1 12 1.000000
Kirito_def_legs.png
0 -0.052869 -0.058075 0.519395 0.356347 -0.894795 -0.268994 0.115273 0.430253 2 13 0.800000 14 0.200000
0 -0.032604 -0.006634 0.504214 0.961824 -0.250981 -0.109101 0.014879 0.403283 2 14 0.610000 13 0.390000
0 -0.042859 -0.076580 0.688111 0.559967 -0.826253 -0.061176 0.103689 0.576665 1 13 1.000000
Kirito_def_legs.png
0 -0.042859 -0.076580 0.688111 0.559967 -0.826253 -0.061176 0.103689 0.576665 1 13 1.000000
0 -0.108572 -0.072587 0.659119 -0.505117 -0.857005 -0.101974 0.204082 0.557400 1 13 1.000000
0 -0.052869 -0.058075 0.519395 0.356347 -0.894795 -0.268994 0.115273 0.430253 2 13 0.800000 14 0.200000
Kirito_def_legs.png
0 -0.110000 -0.047702 0.519395 -0.435701 -0.820907 -0.369157 0.207944 0.430253 2 13 0.800000 14 0.200000
0 -0.052869 -0.058075 0.519395 0.356347 -0.894795 -0.268994 0.115273 0.430253 2 13 0.800000 14 0.200000
0 -0.108572 -0.072587 0.659119 -0.505117 -0.857005 -0.101974 0.204082 0.557400 1 13 1.000000
Kirito_def_legs.png
0 -0.108572 -0.072587 0.659119 -0.505117 -0.857005 -0.101974 0.204082 0.557400 1 13 1.000000
0 -0.137628 -0.007509 0.503420 -0.895919 -0.421352 -0.140681 0.304476 0.414841 2 14 0.610000 13 0.390000
0 -0.110000 -0.047702 0.519395 -0.435701 -0.820907 -0.369157 0.207944 0.430253 2 13 0.800000 14 0.200000
Kirito_def_legs.png
0 -0.111810 -0.018170 0.478527 -0.490455 -0.832339 -0.258196 0.211805 0.380165 2 13 0.610000 14 0.390000
0 -0.110000 -0.047702 0.519395 -0.435701 -0.820907 -0.369157 0.207944 0.430253 2 13 0.800000 14 0.200000
0 -0.137628 -0.007509 0.503420 -0.895919 -0.421352 -0.140681 0.304476 0.414841 2 14 0.610000 13 0.390000
Kirito_def_legs.png
0 -0.137628 -0.007509 0.503420 -0.895919 -0.421352 -0.140681 0.304476 0.414841 2 14 0.610000 13 0.390000
0 -0.144615 0.016212 0.418608 -0.938121 -0.345246 -0.027088 0.273585 0.268430 1 14 1.000000
0 -0.111810 -0.018170 0.478527 -0.490455 -0.832339 -0.258196 0.211805 0.380165 2 13 0.610000 14 0.390000
Kirito_def_legs.png
0 -0.081384 -0.029076 0.329157 0.042945 -0.990327 0.131939 0.157747 0.141283 1 14 1.000000
0 -0.111810 -0.018170 0.478527 -0.490455 -0.832339 -0.258196 0.211805 0.380165 2 13 0.610000 14 0.390000
0 -0.144615 0.016212 0.418608 -0.938121 -0.345246 -0.027088 0.273585 0.268430 1 14 1.000000
Kirito_def_legs.png
0 -0.144615 0.016212 0.418608 -0.938121 -0.345246 -0.027088 0.273585 0.268430 1 14 1.000000
0 -0.146669 0.027313 0.341823 -0.966423 -0.174996 0.188155 0.281308 0.156695 1 14 1.000000
0 -0.081384 -0.029076 0.329157 0.042945 -0.990327 0.131939 0.157747 0.141283 1 14 1.000000
Kirito_def_legs.png
0 -0.173717 0.016688 0.282997 -0.965234 -0.225735 -0.131786 0.331505 0.075783 1 14 1.000000
0 -0.081384 -0.029076 0.329157 0.042945 -0.990327 0.131939 0.157747 0.141283 1 14 1.000000
0 -0.146669 0.027313 0.341823 -0.966423 -0.174996 0.188155 0.281308 0.156695 1 14 1.000000
Kirito_def_legs.png
0 -0.146669 0.027313 0.341823 -0.966423 -0.174996 0.188155 0.281308 0.156695 1 14 1.000000
0 -0.131045 0.099704 0.323801 -0.674195 0.688801 0.266487 0.428037 0.141283 1 14 1.000000
0 -0.173717 0.016688 0.282997 -0.965234 -0.225735 -0.131786 0.331505 0.075783 1 14 1.000000
Kirito_def_legs.png
0 -0.130354 0.137324 0.269401 -0.298058 0.931206 -0.209803 0.428037 0.041107 1 14 1.000000
0 -0.173717 0.016688 0.282997 -0.965234 -0.225735 -0.131786 0.331505 0.075783 1 14 1.000000
0 -0.131045 0.099704 0.323801 -0.674195 0.688801 0.266487 0.428037 0.141283 1 14 1.000000
Kirito_def_legs.png
0 -0.131045 0.099704 0.323801 -0.674195 0.688801 0.266487 0.428037 0.141283 1 14 1.000000
0 -0.026370 0.089593 0.324981 0.707120 0.653703 0.269544 0.559321 0.148989 1 14 1.000000
0 -0.130354 0.137324 0.269401 -0.298058 0.931206 -0.209803 0.428037 0.041107 1 14 1.000000
Kirito_def_legs.png
0 -0.005031 0.109477 0.279819 0.783750 0.609091 -0.121426 0.578627 0.064224 1 14 1.000000
0 -0.130354 0.137324 0.269401 -0.298058 0.931206 -0.209803 0.428037 0.041107 1 14 1.000000
0 -0.026370 0.089593 0.324981 0.707120 0.653703 0.269544 0.559321 0.148989 1 14 1.000000
Kirito_def_legs.png
0 -0.026370 0.089593 0.324981 0.707120 0.653703 0.269544 0.559321 0.148989 1 14 1.000000
0 -0.002504 0.028538 0.285707 0.954270 -0.298278 -0.019997 0.636547 0.044959 1 14 1.000000
0 -0.005031 0.109477 0.279819 0.783750 0.609091 -0.121426 0.578627 0.064224 1 14 1.000000
Kirito_def_legs.png
0 -0.034537 0.076883 0.236489 0.572920 0.381323 -0.725504 0.540015 0.010283 1 14 1.000000
0 -0.005031 0.109477 0.279819 0.783750 0.609091 -0.121426 0.578627 0.064224 1 14 1.000000
0 -0.002504 0.028538 0.285707 0.954270 -0.298278 -0.019997 0.636547 0.044959 1 14 1.000000
Kirito_def_legs.png
0 -0.002504 0.028538 0.285707 0.954270 -0.298278 -0.019997 0.636547 0.044959 1 14 1.000000
0 -0.031978 0.029706 0.236489 0.738088 -0.385217 -0.553926 0.636547 0.010283 1 14 1.000000
0 -0.034537 0.076883 0.236489 0.572920 0.381323 -0.725504 0.540015 0.010283 1 14 1.000000
Kirito_def_legs.png
0 -0.002504 0.028538 0.285707 0.954270 -0.298278 -0.019997 0.636547 0.044959 1 14 1.000000
0 -0.026370 0.089593 0.324981 0.707120 0.653703 0.269544 0.559321 0.148989 1 14 1.000000
0 -0.019932 0.034113 0.329165 0.921672 -0.305138 0.239606 0.636547 0.152842 1 14 1.000000
Kirito_def_legs.png
0 -0.029526 0.032596 0.431478 0.976982 -0.212750 -0.015638 0.636547 0.283842 1 14 1.000000
0 -0.019932 0.034113 0.329165 0.921672 -0.305138 0.239606 0.636547 0.152842 1 14 1.000000
0 -0.026370 0.089593 0.324981 0.707120 0.653703 0.269544 0.559321 0.148989 1 14 1.000000
Kirito_def_legs.png
0 -0.026370 0.089593 0.324981 0.707120 0.653703 0.269544 0.559321 0.148989 1 14 1.000000
0 -0.030676 0.102316 0.422174 0.762223 0.642681 0.077311 0.559321 0.253018 1 14 1.000000
0 -0.029526 0.032596 0.431478 0.976982 -0.212750 -0.015638 0.636547 0.283842 1 14 1.000000
Kirito_def_legs.png
0 -0.035581 0.066162 0.551525 0.724476 0.686109 0.066248 0.559321 0.418694 2 13 0.900000 14 0.100000
0 -0.029526 0.032596 0.431478 0.976982 -0.212750 -0.015638 0.636547 0.283842 1 14 1.000000
0 -0.030676 0.102316 0.422174 0.762223 0.642681 0.077311 0.559321 0.253018 1 14 1.000000
Kirito_def_legs.png
0 -0.030676 0.102316 0.422174 0.762223 0.642681 0.077311 0.559321 0.253018 1 14 1.000000
0 -0.119760 0.118263 0.418672 -0.458390 0.884918 0.082456 0.443482 0.253018 1 14 1.000000
0 -0.035581 0.066162 0.551525 0.724476 0.686109 0.066248 0.559321 0.418694 2 13 0.900000 14 0.100000
Kirito_def_legs.png
0 -0.123195 0.076945 0.552697 -0.784927 0.616787 0.058850 0.431898 0.422547 2 13 0.900000 14 0.100000
0 -0.035581 0.066162 0.551525 0.724476 0.686109 0.066248 0.559321 0.418694 2 13 0.900000 14 0.100000
0 -0.119760 0.118263 0.418672 -0.458390 0.884918 0.082456 0.443482 0.253018 1 14 1.000000
Kirito_def_legs.png
0 -0.119760 0.118263 0.418672 -0.458390 0.884918 0.082456 0.443482 0.253018 1 14 1.000000
0 -0.144615 0.016212 0.418608 -0.938121 -0.345246 -0.027088 0.273585 0.268430 1 14 1.000000
0 -0.123195 0.076945 0.552697 -0.784927 0.616787 0.058850 0.431898 0.422547 2 13 0.900000 14 0.100000
Kirito_def_legs.png
0 -0.137628 -0.007509 0.503420 -0.895919 -0.421352 -0.140681 0.304476 0.414841 2 14 0.610000 13 0.390000
0 -0.123195 0.076945 0.552697 -0.784927 0.616787 0.058850 0.431898 0.422547 2 13 0.900000 14 0.100000
0 -0.144615 0.016212 0.418608 -0.938121 -0.345246 -0.027088 0.273585 0.268430 1 14 1.000000
Kirito_def_legs.png
0 -0.130354 0.137324 0.269401 -0.298058 0.931206 -0.209803 0.428037 0.041107 1 14 1.000000
0 -0.005031 0.109477 0.279819 0.783750 0.609091 -0.121426 0.578627 0.064224 1 14 1.000000
0 -0.034537 0.076883 0.236489 0.572920 0.381323 -0.725504 0.540015 0.010283 1 14 1.000000
Kirito_def_legs.png
0 -0.034537 0.076883 0.236489 0.572920 0.381323 -0.725504 0.540015 0.010283 1 14 1.000000
0 -0.118028 0.091322 0.236489 -0.540590 0.373187 -0.753985 0.447344 0.010283 1 14 1.000000
0 -0.130354 0.137324 0.269401 -0.298058 0.931206 -0.209803 0.428037 0.041107 1 14 1.000000
Kirito_def_legs.png
0 -0.173717 0.016688 0.282997 -0.965234 -0.225735 -0.131786 0.331505 0.075783 1 14 1.000000
0 -0.130354 0.137324 0.269401 -0.298058 0.931206 -0.209803 0.428037 0.041107 1 14 1.000000
0 -0.118028 0.091322 0.236489 -0.540590 0.373187 -0.753985 0.447344 0.010283 1 14 1.000000
Kirito_def_legs.png
0 -0.118028 0.091322 0.236489 -0.540590 0.373187 -0.753985 0.447344 0.010283 1 14 1.000000
0 -0.132667 0.030153 0.236489 -0.659933 -0.374906 -0.651103 0.250418 0.010283 1 14 1.000000
0 -0.173717 0.016688 0.282997 -0.965234 -0.225735 -0.131786 0.331505 0.075783 1 14 1.000000
Kirito_def_legs.png
0 -0.077125 -0.045437 0.264679 0.073642 -0.903873 -0.421415 0.150024 0.048812 1 14 1.000000
0 -0.173717 0.016688 0.282997 -0.965234 -0.225735 -0.131786 0.331505 0.075783 1 14 1.000000
0 -0.132667 0.030153 0.236489 -0.659933 -0.374906 -0.651103 0.250418 0.010283 1 14 1.000000
Kirito_def_legs.png
0 -0.132667 0.030153 0.236489 -0.659933 -0.374906 -0.651103 0.250418 0.010283 1 14 1.000000
0 -0.080384 -0.016908 0.236431 -0.009090 -0.704094 -0.710049 0.157747 0.006430 1 14 1.000000
0 -0.077125 -0.045437 0.264679 0.073642 -0.903873 -0.421415 0.150024 0.048812 1 14 1.000000
Kirito_def_legs.png
0 -0.031978 0.029706 0.236489 0.738088 -0.385217 -0.553926 0.014879 0.010283 1 14 1.000000
0 -0.077125 -0.045437 0.264679 0.073642 -0.903873 -0.421415 0.150024 0.048812 1 14 1.000000
0 -0.080384 -0.016908 0.236431 -0.009090 -0.704094 -0.710049 0.157747 0.006430 1 14 1.000000
Kirito_def_legs.png
0 -0.124355 0.092052 0.784884 -0.411226 0.911135 -0.026964 0.443482 0.588224 1 13 1.000000
0 -0.031022 0.084074 0.793616 0.765497 0.635154 -0.102929 0.559321 0.642165 1 13 1.000000
0 -0.035581 0.066162 0.551525 0.724476 0.686109 0.066248 0.559321 0.418694 2 13 0.900000 14 0.100000
Kirito_def_legs.png
0 -0.035581 0.066162 0.551525 0.724476 0.686109 0.066248 0.559321 0.418694 2 13 0.900000 14 0.100000
0 -0.123195 0.076945 0.552697 -0.784927 0.616787 0.058850 0.431898 0.422547 2 13 0.900000 14 0.100000
0 -0.124355 0.092052 0.784884 -0.411226 0.911135 -0.026964 0.443482 0.588224 1 13 1.000000
Kirito_def_legs.png
0 -0.158789 -0.003521 0.739506 -0.992136 -0.119237 -0.038059 0.319921 0.634459 1 13 1.000000
0 -0.124355 0.092052 0.784884 -0.411226 0.911135 -0.026964 0.443482 0.588224 1 13 1.000000
0 -0.123195 0.076945 0.552697 -0.784927 0.616787 0.058850 0.431898 0.422547 2 13 0.900000 14 0.100000
Kirito_def_legs.png
0 -0.123195 0.076945 0.552697 -0.784927 0.616787 0.058850 0.431898 0.422547 2 13 0.900000 14 0.100000
0 -0.137628 -0.007509 0.503420 -0.895919 -0.421352 -0.140681 0.304476 0.414841 2 14 0.610000 13 0.390000
0 -0.158789 -0.003521 0.739506 -0.992136 -0.119237 -0.038059 0.319921 0.634459 1 13 1.000000
Kirito_def_legs.png
0 -0.108572 -0.072587 0.659119 -0.505117 -0.857005 -0.101974 0.204082 0.557400 1 13 1.000000
0 -0.158789 -0.003521 0.739506 -0.992136 -0.119237 -0.038059 0.319921 0.634459 1 13 1.000000
0 -0.137628 -0.007509 0.503420 -0.895919 -0.421352 -0.140681 0.304476 0.414841 2 14 0.610000 13 0.390000
Kirito_def_legs.png
0 -0.081384 -0.029076 0.329157 0.042945 -0.990327 0.131939 0.157747 0.141283 1 14 1.000000
0 -0.002504 0.028538 0.285707 0.954270 -0.298278 -0.019997 0.014879 0.079636 1 14 1.000000
0 -0.019932 0.034113 0.329165 0.921672 -0.305138 0.239606 0.014879 0.141283 1 14 1.000000
Kirito_def_legs.png
0 -0.019932 0.034113 0.329165 0.921672 -0.305138 0.239606 0.014879 0.141283 1 14 1.000000
0 -0.029526 0.032596 0.431478 0.976982 -0.212750 -0.015638 0.014879 0.283842 1 14 1.000000
0 -0.081384 -0.029076 0.329157 0.042945 -0.990327 0.131939 0.157747 0.141283 1 14 1.000000
Kirito_def_legs.png
0 -0.053343 -0.033897 0.475672 0.420408 -0.836565 -0.351306 0.119134 0.372459 2 13 0.610000 14 0.390000
0 -0.081384 -0.029076 0.329157 0.042945 -0.990327 0.131939 0.157747 0.141283 1 14 1.000000
0 -0.029526 0.032596 0.431478 0.976982 -0.212750 -0.015638 0.014879 0.283842 1 14 1.000000
Kirito_def_legs.png
0 -0.029526 0.032596 0.431478 0.976982 -0.212750 -0.015638 0.014879 0.283842 1 14 1.000000
0 -0.032604 -0.006634 0.504214 0.961824 -0.250981 -0.109101 0.014879 0.403283 2 14 0.610000 13 0.390000
0 -0.053343 -0.033897 0.475672 0.420408 -0.836565 -0.351306 0.119134 0.372459 2 13 0.610000 14 0.390000
Kirito_def_legs.png
0 -0.052869 -0.058075 0.519395 0.356347 -0.894795 -0.268994 0.115273 0.430253 2 13 0.800000 14 0.200000
0 -0.053343 -0.033897 0.475672 0.420408 -0.836565 -0.351306 0.119134 0.372459 2 13 0.610000 14 0.390000
0 -0.032604 -0.006634 0.504214 0.961824 -0.250981 -0.109101 0.014879 0.403283 2 14 0.610000 13 0.390000
Kirito_def_legs.png
0 -0.053343 -0.033897 0.475672 0.420408 -0.836565 -0.351306 0.119134 0.372459 2 13 0.610000 14 0.390000
0 -0.052869 -0.058075 0.519395 0.356347 -0.894795 -0.268994 0.115273 0.430253 2 13 0.800000 14 0.200000
0 -0.110000 -0.047702 0.519395 -0.435701 -0.820907 -0.369157 0.207944 0.430253 2 13 0.800000 14 0.200000
Kirito_def_legs.png
0 -0.110000 -0.047702 0.519395 -0.435701 -0.820907 -0.369157 0.207944 0.430253 2 13 0.800000 14 0.200000
0 -0.111810 -0.018170 0.478527 -0.490455 -0.832339 -0.258196 0.211805 0.380165 2 13 0.610000 14 0.390000
0 -0.053343 -0.033897 0.475672 0.420408 -0.836565 -0.351306 0.119134 0.372459 2 13 0.610000 14 0.390000
Kirito_def_legs.png
0 -0.081384 -0.029076 0.329157 0.042945 -0.990327 0.131939 0.157747 0.141283 1 14 1.000000
0 -0.053343 -0.033897 0.475672 0.420408 -0.836565 -0.351306 0.119134 0.372459 2 13 0.610000 14 0.390000
0 -0.111810 -0.018170 0.478527 -0.490455 -0.832339 -0.258196 0.211805 0.380165 2 13 0.610000 14 0.390000
Kirito_def_legs.png
0 -0.077125 -0.045437 0.264679 0.073642 -0.903873 -0.421415 0.150024 0.048812 1 14 1.000000
0 -0.031978 0.029706 0.236489 0.738088 -0.385217 -0.553926 0.014879 0.010283 1 14 1.000000
0 -0.002504 0.028538 0.285707 0.954270 -0.298278 -0.019997 0.014879 0.079636 1 14 1.000000
Kirito_def_legs.png
0 -0.002504 0.028538 0.285707 0.954270 -0.298278 -0.019997 0.014879 0.079636 1 14 1.000000
0 -0.081384 -0.029076 0.329157 0.042945 -0.990327 0.131939 0.157747 0.141283 1 14 1.000000
0 -0.077125 -0.045437 0.264679 0.073642 -0.903873 -0.421415 0.150024 0.048812 1 14 1.000000
Kirito_def_legs.png
0 -0.173717 0.016688 0.282997 -0.965234 -0.225735 -0.131786 0.331505 0.075783 1 14 1.000000
0 -0.077125 -0.045437 0.264679 0.073642 -0.903873 -0.421415 0.150024 0.048812 1 14 1.000000
0 -0.081384 -0.029076 0.329157 0.042945 -0.990327 0.131939 0.157747 0.141283 1 14 1.000000
Kirito_def_legs.png
0 -0.119760 0.118263 0.418672 -0.458390 0.884918 0.082456 0.443482 0.253018 1 14 1.000000
0 -0.026370 0.089593 0.324981 0.707120 0.653703 0.269544 0.559321 0.148989 1 14 1.000000
0 -0.131045 0.099704 0.323801 -0.674195 0.688801 0.266487 0.428037 0.141283 1 14 1.000000
Kirito_def_legs.png
0 -0.131045 0.099704 0.323801 -0.674195 0.688801 0.266487 0.428037 0.141283 1 14 1.000000
0 -0.146669 0.027313 0.341823 -0.966423 -0.174996 0.188155 0.281308 0.156695 1 14 1.000000
0 -0.119760 0.118263 0.418672 -0.458390 0.884918 0.082456 0.443482 0.253018 1 14 1.000000
Kirito_def_legs.png
0 -0.144615 0.016212 0.418608 -0.938121 -0.345246 -0.027088 0.273585 0.268430 1 14 1.000000
0 -0.119760 0.118263 0.418672 -0.458390 0.884918 0.082456 0.443482 0.253018 1 14 1.000000
0 -0.146669 0.027313 0.341823 -0.966423 -0.174996 0.188155 0.281308 0.156695 1 14 1.000000
Kirito_def_legs.png
0 -0.029526 0.032596 0.431478 0.976982 -0.212750 -0.015638 0.636547 0.283842 1 14 1.000000
0 -0.035581 0.066162 0.551525 0.724476 0.686109 0.066248 0.559321 0.418694 2 13 0.900000 14 0.100000
0 -0.032604 -0.006634 0.504214 0.961824 -0.250981 -0.109101 0.636547 0.372459 2 14 0.610000 13 0.390000
Kirito_def_legs.png
0 -0.026370 0.089593 0.324981 0.707120 0.653703 0.269544 0.559321 0.148989 1 14 1.000000
0 -0.119760 0.118263 0.418672 -0.458390 0.884918 0.082456 0.443482 0.253018 1 14 1.000000
0 -0.030676 0.102316 0.422174 0.762223 0.642681 0.077311 0.559321 0.253018 1 14 1.000000
Kirito_def_legs.png
0 -0.051040 -0.168299 0.046341 0.599420 -0.509100 0.617667 0.922282 0.098901 1 15 1.000000
0 -0.014699 -0.042660 0.000573 0.830249 -0.077976 -0.551911 0.999508 0.210636 1 15 1.000000
0 -0.026947 -0.055055 0.054893 0.814433 -0.321193 0.483253 0.914560 0.199077 1 15 1.000000
Kirito_def_legs.png
0 -0.023737 0.087005 0.068458 0.911893 0.385842 0.139921 0.914560 0.291547 2 15 0.900000 14 0.100000
0 -0.026947 -0.055055 0.054893 0.814433 -0.321193 0.483253 0.914560 0.199077 1 15 1.000000
0 -0.014699 -0.042660 0.000573 0.830249 -0.077976 -0.551911 0.999508 0.210636 1 15 1.000000
Kirito_def_legs.png
0 -0.014699 -0.042660 0.000573 0.830249 -0.077976 -0.551911 0.999508 0.210636 1 15 1.000000
0 -0.031637 0.094082 0.000573 0.511295 0.741868 -0.433831 0.999508 0.318518 1 15 1.000000
0 -0.023737 0.087005 0.068458 0.911893 0.385842 0.139921 0.914560 0.291547 2 15 0.900000 14 0.100000
Kirito_def_legs.png
0 -0.079282 0.107876 0.070312 0.107860 0.986341 0.124489 0.914560 0.410988 2 15 0.900000 14 0.100000
0 -0.023737 0.087005 0.068458 0.911893 0.385842 0.139921 0.914560 0.291547 2 15 0.900000 14 0.100000
0 -0.031637 0.094082 0.000573 0.511295 0.741868 -0.433831 0.999508 0.318518 1 15 1.000000
Kirito_def_legs.png
0 -0.031637 0.094082 0.000573 0.511295 0.741868 -0.433831 0.999508 0.318518 1 15 1.000000
0 -0.126543 0.100610 0.000573 -0.327823 0.640414 -0.694552 0.999508 0.499606 1 15 1.000000
0 -0.079282 0.107876 0.070312 0.107860 0.986341 0.124489 0.914560 0.410988 2 15 0.900000 14 0.100000
Kirito_def_legs.png
0 -0.134826 0.099402 0.069560 -0.894469 0.431384 0.117614 0.914560 0.499606 2 15 0.900000 14 0.100000
0 -0.079282 0.107876 0.070312 0.107860 0.986341 0.124489 0.914560 0.410988 2 15 0.900000 14 0.100000
0 -0.126543 0.100610 0.000573 -0.327823 0.640414 -0.694552 0.999508 0.499606 1 15 1.000000
Kirito_def_legs.png
0 -0.082023 -0.019773 0.135891 0.002553 -0.924706 0.380674 0.779415 0.777017 2 15 0.710000 14 0.290000
0 -0.139084 0.029228 0.243101 -0.922446 -0.385561 -0.020904 0.895253 0.988929 1 14 1.000000
0 -0.124518 0.009393 0.132643 -0.921166 -0.345129 0.179828 0.895253 0.777017 2 15 0.710000 14 0.290000
Kirito_def_legs.png
0 -0.124518 0.009393 0.132643 -0.921166 -0.345129 0.179828 0.895253 0.777017 2 15 0.710000 14 0.290000
0 -0.134566 -0.044430 0.054893 -0.830528 -0.304858 0.466138 0.872086 0.603635 1 15 1.000000
0 -0.082023 -0.019773 0.135891 0.002553 -0.924706 0.380674 0.779415 0.777017 2 15 0.710000 14 0.290000
Kirito_def_legs.png
0 -0.082686 -0.069053 0.079420 -0.045686 -0.447301 0.893216 0.779415 0.584371 1 15 1.000000
0 -0.082023 -0.019773 0.135891 0.002553 -0.924706 0.380674 0.779415 0.777017 2 15 0.710000 14 0.290000
0 -0.134566 -0.044430 0.054893 -0.830528 -0.304858 0.466138 0.872086 0.603635 1 15 1.000000
Kirito_def_legs.png
0 -0.134566 -0.044430 0.054893 -0.830528 -0.304858 0.466138 0.872086 0.603635 1 15 1.000000
0 -0.116106 -0.162889 0.046341 -0.548755 -0.597919 0.584262 0.837334 0.503459 1 15 1.000000
0 -0.082686 -0.069053 0.079420 -0.045686 -0.447301 0.893216 0.779415 0.584371 1 15 1.000000
Kirito_def_legs.png
0 -0.051040 -0.168299 0.046341 0.599420 -0.509100 0.617667 0.717634 0.499606 1 15 1.000000
0 -0.082686 -0.069053 0.079420 -0.045686 -0.447301 0.893216 0.779415 0.584371 1 15 1.000000
0 -0.116106 -0.162889 0.046341 -0.548755 -0.597919 0.584262 0.837334 0.503459 1 15 1.000000
Kirito_def_legs.png
0 -0.144904 -0.057881 0.000573 -0.839783 -0.054256 -0.540205 0.999508 0.183665 1 15 1.000000
0 -0.123055 -0.175830 0.000573 -0.613737 -0.716135 -0.332382 0.999508 0.056518 1 15 1.000000
0 -0.116106 -0.162889 0.046341 -0.548755 -0.597919 0.584262 0.922282 0.048812 1 15 1.000000
Kirito_def_legs.png
0 -0.116106 -0.162889 0.046341 -0.548755 -0.597919 0.584262 0.922282 0.048812 1 15 1.000000
0 -0.134566 -0.044430 0.054893 -0.830528 -0.304858 0.466138 0.914560 0.202930 1 15 1.000000
0 -0.144904 -0.057881 0.000573 -0.839783 -0.054256 -0.540205 0.999508 0.183665 1 15 1.000000
Kirito_def_legs.png
0 -0.134826 0.099402 0.069560 -0.894469 0.431384 0.117614 0.922282 0.368606 2 15 0.900000 14 0.100000
0 -0.144904 -0.057881 0.000573 -0.839783 -0.054256 -0.540205 0.999508 0.183665 1 15 1.000000
0 -0.134566 -0.044430 0.054893 -0.830528 -0.304858 0.466138 0.914560 0.202930 1 15 1.000000
Kirito_def_legs.png
0 -0.134566 -0.044430 0.054893 -0.830528 -0.304858 0.466138 0.914560 0.202930 1 15 1.000000
0 -0.124518 0.009393 0.132643 -0.921166 -0.345129 0.179828 0.848918 0.287695 2 15 0.710000 14 0.290000
0 -0.134826 0.099402 0.069560 -0.894469 0.431384 0.117614 0.922282 0.368606 2 15 0.900000 14 0.100000
Kirito_def_legs.png
0 -0.124651 0.090641 0.128098 -0.535236 0.839210 0.096174 0.848918 0.376312 2 14 0.620000 15 0.380000
0 -0.134826 0.099402 0.069560 -0.894469 0.431384 0.117614 0.922282 0.368606 2 15 0.900000 14 0.100000
0 -0.124518 0.009393 0.132643 -0.921166 -0.345129 0.179828 0.848918 0.287695 2 15 0.710000 14 0.290000
Kirito_def_legs.png
0 -0.079282 0.107876 0.070312 0.107860 0.986341 0.124489 0.914560 0.410988 2 15 0.900000 14 0.100000
0 -0.134826 0.099402 0.069560 -0.894469 0.431384 0.117614 0.914560 0.499606 2 15 0.900000 14 0.100000
0 -0.124651 0.090641 0.128098 -0.535236 0.839210 0.096174 0.848918 0.499606 2 14 0.620000 15 0.380000
Kirito_def_legs.png
0 -0.124651 0.090641 0.128098 -0.535236 0.839210 0.096174 0.848918 0.499606 2 14 0.620000 15 0.380000
0 -0.035326 0.074857 0.129157 0.660909 0.729608 0.175702 0.848918 0.333930 2 14 0.610000 15 0.390000
0 -0.079282 0.107876 0.070312 0.107860 0.986341 0.124489 0.914560 0.410988 2 15 0.900000 14 0.100000
Kirito_def_legs.png
0 -0.023737 0.087005 0.068458 0.911893 0.385842 0.139921 0.914560 0.291547 2 15 0.900000 14 0.100000
0 -0.079282 0.107876 0.070312 0.107860 0.986341 0.124489 0.914560 0.410988 2 15 0.900000 14 0.100000
0 -0.035326 0.074857 0.129157 0.660909 0.729608 0.175702 0.848918 0.333930 2 14 0.610000 15 0.390000
Kirito_def_legs.png
0 -0.035326 0.074857 0.129157 0.660909 0.729608 0.175702 0.848918 0.333930 2 14 0.610000 15 0.390000
0 -0.032075 0.023282 0.132617 0.964190 -0.220364 0.147569 0.848918 0.287695 2 15 0.710000 14 0.290000
0 -0.023737 0.087005 0.068458 0.911893 0.385842 0.139921 0.914560 0.291547 2 15 0.900000 14 0.100000
Kirito_def_legs.png
0 -0.026947 -0.055055 0.054893 0.814433 -0.321193 0.483253 0.914560 0.199077 1 15 1.000000
0 -0.023737 0.087005 0.068458 0.911893 0.385842 0.139921 0.914560 0.291547 2 15 0.900000 14 0.100000
0 -0.032075 0.023282 0.132617 0.964190 -0.220364 0.147569 0.848918 0.287695 2 15 0.710000 14 0.290000
Kirito_def_legs.png
0 -0.051040 -0.168299 0.046341 0.599420 -0.509100 0.617667 0.717634 0.499606 1 15 1.000000
0 -0.026947 -0.055055 0.054893 0.814433 -0.321193 0.483253 0.675160 0.595929 1 15 1.000000
0 -0.082686 -0.069053 0.079420 -0.045686 -0.447301 0.893216 0.779415 0.584371 1 15 1.000000
Kirito_def_legs.png
0 -0.082023 -0.019773 0.135891 0.002553 -0.924706 0.380674 0.779415 0.777017 2 15 0.710000 14 0.290000
0 -0.082686 -0.069053 0.079420 -0.045686 -0.447301 0.893216 0.779415 0.584371 1 15 1.000000
0 -0.026947 -0.055055 0.054893 0.814433 -0.321193 0.483253 0.675160 0.595929 1 15 1.000000
Kirito_def_legs.png
0 -0.026947 -0.055055 0.054893 0.814433 -0.321193 0.483253 0.675160 0.595929 1 15 1.000000
0 -0.032075 0.023282 0.132617 0.964190 -0.220364 0.147569 0.655853 0.777017 2 15 0.710000 14 0.290000
0 -0.082023 -0.019773 0.135891 0.002553 -0.924706 0.380674 0.779415 0.777017 2 15 0.710000 14 0.290000
Kirito_def_legs.png
0 -0.025561 0.028723 0.243101 0.854323 -0.518379 -0.037621 0.655853 0.988929 1 14 1.000000
0 -0.082023 -0.019773 0.135891 0.002553 -0.924706 0.380674 0.779415 0.777017 2 15 0.710000 14 0.290000
0 -0.032075 0.023282 0.132617 0.964190 -0.220364 0.147569 0.655853 0.777017 2 15 0.710000 14 0.290000
Kirito_def_legs.png
0 -0.123055 -0.175830 0.000573 -0.613737 -0.716135 -0.332382 0.841195 0.380165 1 15 1.000000
0 -0.144904 -0.057881 0.000573 -0.839783 -0.054256 -0.540205 0.848918 0.434106 1 15 1.000000
0 -0.046475 -0.176879 0.000573 0.318142 -0.794820 -0.516766 0.810305 0.380165 1 15 1.000000
Kirito_def_legs.png
0 -0.014699 -0.042660 0.000573 0.830249 -0.077976 -0.551911 0.798721 0.437959 1 15 1.000000
0 -0.046475 -0.176879 0.000573 0.318142 -0.794820 -0.516766 0.810305 0.380165 1 15 1.000000
0 -0.144904 -0.057881 0.000573 -0.839783 -0.054256 -0.540205 0.848918 0.434106 1 15 1.000000
Kirito_def_legs.png
0 -0.144904 -0.057881 0.000573 -0.839783 -0.054256 -0.540205 0.848918 0.434106 1 15 1.000000
0 -0.126543 0.100610 0.000573 -0.327823 0.640414 -0.694552 0.841195 0.499606 1 15 1.000000
0 -0.014699 -0.042660 0.000573 0.830249 -0.077976 -0.551911 0.798721 0.437959 1 15 1.000000
Kirito_def_legs.png
0 -0.031637 0.094082 0.000573 0.511295 0.741868 -0.433831 0.802582 0.495753 1 15 1.000000
0 -0.014699 -0.042660 0.000573 0.830249 -0.077976 -0.551911 0.798721 0.437959 1 15 1.000000
0 -0.126543 0.100610 0.000573 -0.327823 0.640414 -0.694552 0.841195 0.499606 1 15 1.000000
Kirito_def_legs.png
0 -0.124651 0.090641 0.128098 -0.535236 0.839210 0.096174 0.996840 0.734635 2 14 0.620000 15 0.380000
0 -0.139084 0.029228 0.243101 -0.922446 -0.385561 -0.020904 0.902976 0.603635 1 14 1.000000
0 -0.122579 0.098418 0.243101 -0.550396 0.833610 -0.046459 0.902976 0.734635 1 14 1.000000
Kirito_def_legs.png
0 -0.122579 0.098418 0.243101 -0.550396 0.833610 -0.046459 0.902976 0.734635 1 14 1.000000
0 -0.028446 0.082085 0.243101 0.744812 0.661803 -0.085271 0.902976 0.892606 1 14 1.000000
0 -0.124651 0.090641 0.128098 -0.535236 0.839210 0.096174 0.996840 0.734635 2 14 0.620000 15 0.380000
Kirito_def_legs.png
0 -0.035326 0.074857 0.129157 0.660909 0.729608 0.175702 0.996840 0.888753 2 14 0.610000 15 0.390000
0 -0.124651 0.090641 0.128098 -0.535236 0.839210 0.096174 0.996840 0.734635 2 14 0.620000 15 0.380000
0 -0.028446 0.082085 0.243101 0.744812 0.661803 -0.085271 0.902976 0.892606 1 14 1.000000
Kirito_def_legs.png
0 -0.028446 0.082085 0.243101 0.744812 0.661803 -0.085271 0.902976 0.892606 1 14 1.000000
0 -0.032075 0.023282 0.132617 0.964190 -0.220364 0.147569 0.996840 0.988929 2 15 0.710000 14 0.290000
0 -0.035326 0.074857 0.129157 0.660909 0.729608 0.175702 0.996840 0.888753 2 14 0.610000 15 0.390000
Kirito_def_legs.png
0 -0.082609 -0.080752 0.083316 -0.009637 -0.700265 0.713818 0.802582 0.495753 1 15 1.000000
0 -0.024123 -0.003720 0.115109 0.473098 -0.618244 0.627657 0.640408 0.399430 2 15 0.800000 14 0.200000
0 -0.081977 -0.021752 0.138760 -0.007072 -0.684746 0.728747 0.640408 0.495753 2 15 0.720000 14 0.280000
Kirito_def_legs.png
0 -0.081977 -0.021752 0.138760 -0.007072 -0.684746 0.728747 0.640408 0.495753 2 15 0.720000 14 0.280000
0 -0.137877 -0.003720 0.115135 -0.490077 -0.609157 0.623500 0.640408 0.399430 2 15 0.800000 14 0.200000
0 -0.082609 -0.080752 0.083316 -0.009637 -0.700265 0.713818 0.802582 0.495753 1 15 1.000000
Kirito_def_legs.png
0 -0.137877 -0.062720 0.054628 -0.511952 -0.615024 0.599709 0.798721 0.399430 1 15 1.000000
0 -0.082609 -0.080752 0.083316 -0.009637 -0.700265 0.713818 0.802582 0.495753 1 15 1.000000
0 -0.137877 -0.003720 0.115135 -0.490077 -0.609157 0.623500 0.640408 0.399430 2 15 0.800000 14 0.200000
Kirito_def_legs.png
0 -0.080137 -0.024005 0.243035 0.016519 -0.999073 -0.039755 0.775553 0.988929 1 14 1.000000
0 -0.139084 0.029228 0.243101 -0.922446 -0.385561 -0.020904 0.895253 0.988929 1 14 1.000000
0 -0.082023 -0.019773 0.135891 0.002553 -0.924706 0.380674 0.779415 0.777017 2 15 0.710000 14 0.290000
Kirito_def_legs.png
0 -0.082023 -0.019773 0.135891 0.002553 -0.924706 0.380674 0.779415 0.777017 2 15 0.710000 14 0.290000
0 -0.025561 0.028723 0.243101 0.854323 -0.518379 -0.037621 0.655853 0.988929 1 14 1.000000
0 -0.080137 -0.024005 0.243035 0.016519 -0.999073 -0.039755 0.775553 0.988929 1 14 1.000000
Kirito_def_legs.png
0 -0.046475 -0.176879 0.000573 0.318142 -0.794820 -0.516766 0.999508 0.102754 1 15 1.000000
0 -0.051040 -0.168299 0.046341 0.599420 -0.509100 0.617667 0.922282 0.098901 1 15 1.000000
0 -0.116106 -0.162889 0.046341 -0.548755 -0.597919 0.584262 0.922282 0.010283 1 15 1.000000
Kirito_def_legs.png
0 -0.116106 -0.162889 0.046341 -0.548755 -0.597919 0.584262 0.922282 0.010283 1 15 1.000000
0 -0.123055 -0.175830 0.000573 -0.613737 -0.716135 -0.332382 0.999508 0.006430 1 15 1.000000
0 -0.046475 -0.176879 0.000573 0.318142 -0.794820 -0.516766 0.999508 0.102754 1 15 1.000000
Kirito_def_legs.png
0 -0.082609 -0.080752 0.083316 -0.009637 -0.700265 0.713818 0.802582 0.495753 1 15 1.000000
0 -0.024123 -0.062720 0.054628 0.490734 -0.623697 0.608427 0.798721 0.399430 1 15 1.000000
0 -0.024123 -0.003720 0.115109 0.473098 -0.618244 0.627657 0.640408 0.399430 2 15 0.800000 14 0.200000
Kirito_def_legs.png
0 -0.124518 0.009393 0.132643 -0.921166 -0.345129 0.179828 0.996840 0.599782 2 15 0.710000 14 0.290000
0 -0.139084 0.029228 0.243101 -0.922446 -0.385561 -0.020904 0.902976 0.603635 1 14 1.000000
0 -0.124651 0.090641 0.128098 -0.535236 0.839210 0.096174 0.996840 0.734635 2 14 0.620000 15 0.380000
Kirito_def_legs.png
0 -0.028446 0.082085 0.243101 0.744812 0.661803 -0.085271 0.902976 0.892606 1 14 1.000000
0 -0.025561 0.028723 0.243101 0.854323 -0.518379 -0.037621 0.906837 0.988929 1 14 1.000000
0 -0.032075 0.023282 0.132617 0.964190 -0.220364 0.147569 0.996840 0.988929 2 15 0.710000 14 0.290000
Kirito_def_legs.png
0 -0.134826 0.099402 0.069560 -0.894469 0.431384 0.117614 0.922282 0.368606 2 15 0.900000 14 0.100000
0 -0.126543 0.100610 0.000573 -0.327823 0.640414 -0.694552 0.999508 0.380165 1 15 1.000000
0 -0.144904 -0.057881 0.000573 -0.839783 -0.054256 -0.540205 0.999508 0.183665 1 15 1.000000
Kirito_def_legs.png
0 -0.051040 -0.168299 0.046341 0.599420 -0.509100 0.617667 0.922282 0.098901 1 15 1.000000
0 -0.046475 -0.176879 0.000573 0.318142 -0.794820 -0.516766 0.999508 0.102754 1 15 1.000000
0 -0.014699 -0.042660 0.000573 0.830249 -0.077976 -0.551911 0.999508 0.210636 1 15 1.000000
Kirito_def_legs.png
0 0.035581 0.066162 0.551525 -0.724476 0.686109 0.066246 0.559321 0.418694 2 10 0.900000 11 0.100000
0 0.032604 -0.006635 0.504214 -0.961824 -0.250982 -0.109101 0.636547 0.372459 2 11 0.610000 10 0.390000
0 0.013052 -0.000824 0.762965 -0.995109 -0.089531 -0.041747 0.636547 0.626753 2 10 0.710000 9 0.290000
Kirito_def_legs.png
0 0.013052 -0.000824 0.762965 -0.995109 -0.089531 -0.041747 0.636547 0.626753 2 10 0.710000 9 0.290000
0 0.031022 0.084074 0.793616 -0.765497 0.635154 -0.102929 0.559321 0.642165 1 10 1.000000
0 0.035581 0.066162 0.551525 -0.724476 0.686109 0.066246 0.559321 0.418694 2 10 0.900000 11 0.100000
Kirito_def_legs.png
0 0.042859 -0.076580 0.688111 -0.559967 -0.826253 -0.061176 0.103689 0.576665 1 10 1.000000
0 0.013052 -0.000824 0.762965 -0.995109 -0.089531 -0.041747 0.014879 0.626753 2 10 0.710000 9 0.290000
0 0.032604 -0.006635 0.504214 -0.961824 -0.250982 -0.109101 0.014879 0.403283 2 11 0.610000 10 0.390000
Kirito_def_legs.png
0 0.000000 -0.059798 0.841736 0.000000 -0.434044 -0.900892 0.045769 0.773165 2 9 0.910000 10 0.050000
0 0.009406 -0.048509 0.836686 -0.435372 -0.492333 -0.753697 0.065076 0.753900 2 9 0.900000 10 0.100000
0 0.045659 -0.073944 0.868500 0.007988 -0.955376 -0.295284 0.111411 0.788576 2 9 0.650000 10 0.350000
Kirito_def_legs.png
0 0.045659 -0.073944 0.868500 0.007988 -0.955376 -0.295284 0.111411 0.788576 2 9 0.650000 10 0.350000
0 0.000000 -0.082280 0.868819 0.000000 -0.927068 -0.374894 0.038047 0.800135 1 9 1.000000
0 0.000000 -0.059798 0.841736 0.000000 -0.434044 -0.900892 0.045769 0.773165 2 9 0.910000 10 0.050000
Kirito_def_legs.png
0 -0.045659 -0.073944 0.868500 -0.007988 -0.955376 -0.295284 0.111411 0.788576 2 9 0.650000 13 0.350000
0 0.000000 -0.059798 0.841736 0.000000 -0.434044 -0.900892 0.045769 0.773165 2 9 0.910000 10 0.050000
0 0.000000 -0.082280 0.868819 0.000000 -0.927068 -0.374894 0.038047 0.800135 1 9 1.000000
Kirito_def_legs.png
0 0.000000 -0.059798 0.841736 0.000000 -0.434044 -0.900892 0.045769 0.773165 2 9 0.910000 10 0.050000
0 -0.010510 0.002400 0.830342 0.740593 0.024643 -0.671502 0.014879 0.738488 1 9 1.000000
0 0.000000 0.002099 0.832410 0.000000 0.103557 -0.994624 0.014879 0.773165 1 9 1.000000
Kirito_def_legs.png
0 0.000000 0.002099 0.832410 0.000000 0.103557 -0.994624 0.014879 0.773165 1 9 1.000000
0 0.010510 0.002400 0.830342 -0.740593 0.024643 -0.671502 0.014879 0.738488 1 9 1.000000
0 0.000000 -0.059798 0.841736 0.000000 -0.434044 -0.900892 0.045769 0.773165 2 9 0.910000 10 0.050000
Kirito_def_legs.png
0 0.009406 -0.048509 0.836686 -0.435372 -0.492333 -0.753697 0.065076 0.753900 2 9 0.900000 10 0.100000
0 0.000000 -0.059798 0.841736 0.000000 -0.434044 -0.900892 0.045769 0.773165 2 9 0.910000 10 0.050000
0 0.010510 0.002400 0.830342 -0.740593 0.024643 -0.671502 0.014879 0.738488 1 9 1.000000
Kirito_def_legs.png
0 0.000000 -0.059798 0.841736 0.000000 -0.434044 -0.900892 0.045769 0.773165 2 9 0.910000 10 0.050000
0 -0.045659 -0.073944 0.868500 -0.007988 -0.955376 -0.295284 0.111411 0.788576 2 9 0.650000 13 0.350000
0 -0.009406 -0.048509 0.836686 0.435372 -0.492333 -0.753697 0.065076 0.753900 2 9 0.900000 13 0.100000
Kirito_def_legs.png
0 -0.009406 -0.048509 0.836686 0.435372 -0.492333 -0.753697 0.065076 0.753900 2 9 0.900000 13 0.100000
0 -0.010510 0.002400 0.830342 0.740593 0.024643 -0.671502 0.014879 0.738488 1 9 1.000000
0 0.000000 -0.059798 0.841736 0.000000 -0.434044 -0.900892 0.045769 0.773165 2 9 0.910000 10 0.050000
Kirito_def_legs.png
0 -0.013052 -0.000824 0.762965 0.995109 -0.089530 -0.041747 0.636547 0.626753 2 13 0.710000 9 0.290000
0 -0.032604 -0.006634 0.504214 0.961824 -0.250981 -0.109101 0.636547 0.372459 2 14 0.610000 13 0.390000
0 -0.035581 0.066162 0.551525 0.724476 0.686109 0.066248 0.559321 0.418694 2 13 0.900000 14 0.100000
Kirito_def_legs.png
0 -0.035581 0.066162 0.551525 0.724476 0.686109 0.066248 0.559321 0.418694 2 13 0.900000 14 0.100000
0 -0.031022 0.084074 0.793616 0.765497 0.635154 -0.102929 0.559321 0.642165 1 13 1.000000
0 -0.013052 -0.000824 0.762965 0.995109 -0.089530 -0.041747 0.636547 0.626753 2 13 0.710000 9 0.290000
Kirito_def_legs.png
0 -0.032604 -0.006634 0.504214 0.961824 -0.250981 -0.109101 0.014879 0.403283 2 14 0.610000 13 0.390000
0 -0.013052 -0.000824 0.762965 0.995109 -0.089530 -0.041747 0.014879 0.626753 2 13 0.710000 9 0.290000
0 -0.042859 -0.076580 0.688111 0.559967 -0.826253 -0.061176 0.103689 0.576665 1 13 1.000000
Kirito_hair.png
0 0.087054 -0.046359 1.537891 0.826022 -0.507533 -0.245151 0.239687 0.165005 1 2 1.000000
0 0.097958 -0.007619 1.506876 0.885885 -0.415127 -0.207071 0.393333 0.040927 1 2 1.000000
0 0.102139 -0.019188 1.547956 0.886776 -0.425242 -0.181102 0.481679 0.192147 1 2 1.000000
Kirito_hair.png
0 0.102139 -0.019188 1.547956 0.886776 -0.425242 -0.181102 0.481679 0.192147 1 2 1.000000
0 0.098371 -0.044964 1.598740 0.876547 -0.481164 -0.012141 0.477838 0.378264 1 2 1.000000
0 0.087054 -0.046359 1.537891 0.826022 -0.507533 -0.245151 0.239687 0.165005 1 2 1.000000
Kirito_hair.png
0 0.082272 -0.074715 1.582572 0.691983 -0.719265 -0.061783 0.239687 0.300715 1 2 1.000000
0 0.087054 -0.046359 1.537891 0.826022 -0.507533 -0.245151 0.239687 0.165005 1 2 1.000000
0 0.098371 -0.044964 1.598740 0.876547 -0.481164 -0.012141 0.477838 0.378264 1 2 1.000000
Kirito_hair.png
0 0.098371 -0.044964 1.598740 0.876547 -0.481164 -0.012141 0.477838 0.378264 1 2 1.000000
0 0.078919 -0.046219 1.650284 0.764461 -0.531150 0.365348 0.470156 0.576013 1 2 1.000000
0 0.082272 -0.074715 1.582572 0.691983 -0.719265 -0.061783 0.239687 0.300715 1 2 1.000000
Kirito_hair.png
0 0.062110 -0.084261 1.633977 0.531228 -0.800091 0.278660 0.243528 0.568258 1 2 1.000000
0 0.082272 -0.074715 1.582572 0.691983 -0.719265 -0.061783 0.239687 0.300715 1 2 1.000000
0 0.078919 -0.046219 1.650284 0.764461 -0.531150 0.365348 0.470156 0.576013 1 2 1.000000
Kirito_hair.png
0 0.078919 -0.046219 1.650284 0.764461 -0.531150 0.365348 0.470156 0.576013 1 2 1.000000
0 0.045729 -0.049333 1.685466 0.448227 -0.563894 0.693626 0.462473 0.746620 1 2 1.000000
0 0.062110 -0.084261 1.633977 0.531228 -0.800091 0.278660 0.243528 0.568258 1 2 1.000000
Kirito_hair.png
0 0.032058 -0.078080 1.669633 0.268579 -0.703354 0.658148 0.251211 0.711723 1 2 1.000000
0 0.062110 -0.084261 1.633977 0.531228 -0.800091 0.278660 0.243528 0.568258 1 2 1.000000
0 0.045729 -0.049333 1.685466 0.448227 -0.563894 0.693626 0.462473 0.746620 1 2 1.000000
Kirito_hair.png
0 0.045729 -0.049333 1.685466 0.448227 -0.563894 0.693626 0.462473 0.746620 1 2 1.000000
0 -0.002790 -0.044193 1.693113 0.014514 -0.390802 0.920360 0.443268 0.921105 1 2 1.000000
0 0.032058 -0.078080 1.669633 0.268579 -0.703354 0.658148 0.251211 0.711723 1 2 1.000000
Kirito_hair.png
0 -0.007338 -0.076019 1.682076 -0.280008 -0.556935 0.781933 0.243528 0.874575 1 2 1.000000
0 0.032058 -0.078080 1.669633 0.268579 -0.703354 0.658148 0.251211 0.711723 1 2 1.000000
0 -0.002790 -0.044193 1.693113 0.014514 -0.390802 0.920360 0.443268 0.921105 1 2 1.000000
Kirito_hair.png
0 -0.002790 -0.044193 1.693113 0.014514 -0.390802 0.920360 0.443268 0.921105 1 2 1.000000
0 -0.029532 -0.046140 1.683612 -0.508310 -0.416325 0.753853 0.454791 0.979266 1 2 1.000000
0 -0.007338 -0.076019 1.682076 -0.280008 -0.556935 0.781933 0.243528 0.874575 1 2 1.000000
Kirito_hair.png
0 -0.030660 -0.064105 1.664426 -0.686998 -0.520008 0.507569 0.205117 0.971511 1 2 1.000000
0 -0.007338 -0.076019 1.682076 -0.280008 -0.556935 0.781933 0.243528 0.874575 1 2 1.000000
0 -0.029532 -0.046140 1.683612 -0.508310 -0.416325 0.753853 0.454791 0.979266 1 2 1.000000
Kirito_hair.png
0 0.001309 -0.017988 1.702064 -0.017439 -0.349478 0.936782 0.719830 0.862943 1 2 1.000000
0 -0.029532 -0.046140 1.683612 -0.180532 -0.393155 0.901575 0.623801 0.967634 1 2 1.000000
0 -0.002790 -0.044193 1.693113 -0.099266 -0.307705 0.946290 0.570025 0.870698 1 2 1.000000
Kirito_hair.png
0 -0.002790 -0.044193 1.693113 -0.099266 -0.307705 0.946290 0.570025 0.870698 1 2 1.000000
0 0.045729 -0.049333 1.685466 0.350476 -0.297632 0.888021 0.531614 0.762130 1 2 1.000000
0 0.001309 -0.017988 1.702064 -0.017439 -0.349478 0.936782 0.719830 0.862943 1 2 1.000000
Kirito_hair.png
0 0.051495 -0.008539 1.695339 0.542106 -0.287515 0.789592 0.704465 0.762130 1 2 1.000000
0 0.001309 -0.017988 1.702064 -0.017439 -0.349478 0.936782 0.719830 0.862943 1 2 1.000000
0 0.045729 -0.049333 1.685466 0.350476 -0.297632 0.888021 0.531614 0.762130 1 2 1.000000
Kirito_hair.png
0 0.045729 -0.049333 1.685466 0.350476 -0.297632 0.888021 0.531614 0.762130 1 2 1.000000
0 0.078919 -0.046219 1.650284 0.777954 -0.279479 0.562742 0.539296 0.572135 1 2 1.000000
0 0.051495 -0.008539 1.695339 0.542106 -0.287515 0.789592 0.704465 0.762130 1 2 1.000000
Kirito_hair.png
0 0.086026 -0.002761 1.663526 0.827310 -0.305416 0.471465 0.727512 0.607032 1 2 1.000000
0 0.051495 -0.008539 1.695339 0.542106 -0.287515 0.789592 0.704465 0.762130 1 2 1.000000
0 0.078919 -0.046219 1.650284 0.777954 -0.279479 0.562742 0.539296 0.572135 1 2 1.000000
Kirito_hair.png
0 0.078919 -0.046219 1.650284 0.777954 -0.279479 0.562742 0.539296 0.572135 1 2 1.000000
0 0.098371 -0.044964 1.598740 0.923781 -0.266586 0.274883 0.523932 0.339489 1 2 1.000000
0 0.086026 -0.002761 1.663526 0.827310 -0.305416 0.471465 0.727512 0.607032 1 2 1.000000
Kirito_hair.png
0 0.105764 0.001588 1.622916 0.916473 -0.334715 0.219185 0.719830 0.347244 1 2 1.000000
0 0.086026 -0.002761 1.663526 0.827310 -0.305416 0.471465 0.727512 0.607032 1 2 1.000000
0 0.098371 -0.044964 1.598740 0.923781 -0.266586 0.274883 0.523932 0.339489 1 2 1.000000
Kirito_hair.png
0 0.098371 -0.044964 1.598740 0.923781 -0.266586 0.274883 0.523932 0.339489 1 2 1.000000
0 0.107622 -0.014707 1.569868 0.928843 -0.352892 0.112770 0.573867 0.199902 1 2 1.000000
0 0.105764 0.001588 1.622916 0.916473 -0.334715 0.219185 0.719830 0.347244 1 2 1.000000
Kirito_hair.png
0 0.115440 0.005880 1.584114 0.897862 -0.423724 0.119592 0.712148 0.196024 1 2 1.000000
0 0.105764 0.001588 1.622916 0.916473 -0.334715 0.219185 0.719830 0.347244 1 2 1.000000
0 0.107622 -0.014707 1.569868 0.928843 -0.352892 0.112770 0.573867 0.199902 1 2 1.000000
Kirito_hair.png
0 0.107622 -0.014707 1.569868 0.928843 -0.352892 0.112770 0.573867 0.199902 1 2 1.000000
0 0.120082 0.008501 1.538122 0.915580 -0.396025 0.069841 0.708306 0.009907 1 2 1.000000
0 0.115440 0.005880 1.584114 0.897862 -0.423724 0.119592 0.712148 0.196024 1 2 1.000000
Kirito_hair.png
0 0.011621 0.072059 1.695648 0.056343 0.207064 0.976704 0.531614 0.886208 1 2 1.000000
0 -0.021992 0.021538 1.699977 -0.141223 0.177416 0.973950 0.343398 0.959879 1 2 1.000000
0 0.004311 0.020523 1.705489 -0.013711 0.189425 0.981799 0.312669 0.886208 1 2 1.000000
Kirito_hair.png
0 0.004311 0.020523 1.705489 -0.013711 0.189425 0.981799 0.312669 0.886208 1 2 1.000000
0 0.043448 0.031086 1.697058 0.330146 0.249793 0.910278 0.289622 0.692336 1 2 1.000000
0 0.011621 0.072059 1.695648 0.056343 0.207064 0.976704 0.531614 0.886208 1 2 1.000000
Kirito_hair.png
0 0.038170 0.086294 1.681046 0.503460 0.360048 0.785426 0.523932 0.700091 1 2 1.000000
0 0.011621 0.072059 1.695648 0.056343 0.207064 0.976704 0.531614 0.886208 1 2 1.000000
0 0.043448 0.031086 1.697058 0.330146 0.249793 0.910278 0.289622 0.692336 1 2 1.000000
Kirito_hair.png
0 0.043448 0.031086 1.697058 0.330146 0.249793 0.910278 0.289622 0.692336 1 2 1.000000
0 0.079152 0.037431 1.674366 0.572117 0.416813 0.706364 0.285781 0.510096 1 2 1.000000
0 0.038170 0.086294 1.681046 0.503460 0.360048 0.785426 0.523932 0.700091 1 2 1.000000
Kirito_hair.png
0 0.054604 0.096933 1.653344 0.660741 0.568123 0.490568 0.523932 0.537238 1 2 1.000000
0 0.038170 0.086294 1.681046 0.503460 0.360048 0.785426 0.523932 0.700091 1 2 1.000000
0 0.079152 0.037431 1.674366 0.572117 0.416813 0.706364 0.285781 0.510096 1 2 1.000000
Kirito_hair.png
0 0.079152 0.037431 1.674366 0.572117 0.416813 0.706364 0.285781 0.510096 1 2 1.000000
0 0.099649 0.053473 1.646744 0.660219 0.647303 0.380932 0.297304 0.339489 1 2 1.000000
0 0.054604 0.096933 1.653344 0.660741 0.568123 0.490568 0.523932 0.537238 1 2 1.000000
Kirito_hair.png
0 0.050320 0.107898 1.624147 0.691706 0.681215 0.239771 0.539296 0.393773 1 2 1.000000
0 0.054604 0.096933 1.653344 0.660741 0.568123 0.490568 0.523932 0.537238 1 2 1.000000
0 0.099649 0.053473 1.646744 0.660219 0.647303 0.380932 0.297304 0.339489 1 2 1.000000
Kirito_hair.png
0 0.099649 0.053473 1.646744 0.660219 0.647303 0.380932 0.297304 0.339489 1 2 1.000000
0 0.083149 0.098296 1.566404 0.696908 0.634781 0.333725 0.354921 0.180514 1 2 1.000000
0 0.050320 0.107898 1.624147 0.691706 0.681215 0.239771 0.539296 0.393773 1 2 1.000000
Kirito_hair.png
0 0.055859 0.122749 1.579507 0.712186 0.596448 0.370191 0.562343 0.230921 1 2 1.000000
0 0.050320 0.107898 1.624147 0.691706 0.681215 0.239771 0.539296 0.393773 1 2 1.000000
0 0.083149 0.098296 1.566404 0.696908 0.634781 0.333725 0.354921 0.180514 1 2 1.000000
Kirito_hair.png
0 0.083149 0.098296 1.566404 0.696908 0.634781 0.333725 0.354921 0.180514 1 2 1.000000
0 0.062705 0.143003 1.542852 0.707338 0.554449 0.438474 0.458632 0.025417 1 2 1.000000
0 0.055859 0.122749 1.579507 0.712186 0.596448 0.370191 0.562343 0.230921 1 2 1.000000
Kirito_hair.png
0 -0.120010 0.004558 1.578478 -0.920154 -0.391554 0.000991 0.304987 0.273573 1 2 1.000000
0 -0.131707 0.018521 1.540731 -0.834027 -0.548936 0.055390 0.124453 0.021539 1 2 1.000000
0 -0.111304 -0.010721 1.558147 -0.900832 -0.429586 -0.062909 0.047630 0.258063 1 2 1.000000
Kirito_hair.png
0 -0.111304 -0.010721 1.558147 -0.900832 -0.429586 -0.062909 0.047630 0.258063 1 2 1.000000
0 -0.105351 -0.040758 1.576632 -0.945222 -0.324241 0.037728 0.047630 0.564381 1 2 1.000000
0 -0.120010 0.004558 1.578478 -0.920154 -0.391554 0.000991 0.304987 0.273573 1 2 1.000000
Kirito_hair.png
0 -0.109500 -0.014314 1.610475 -0.921030 -0.323620 0.216735 0.251211 0.572135 1 2 1.000000
0 -0.120010 0.004558 1.578478 -0.920154 -0.391554 0.000991 0.304987 0.273573 1 2 1.000000
0 -0.105351 -0.040758 1.576632 -0.945222 -0.324241 0.037728 0.047630 0.564381 1 2 1.000000
Kirito_hair.png
0 -0.105351 -0.040758 1.576632 -0.945222 -0.324241 0.037728 0.047630 0.564381 1 2 1.000000
0 -0.090262 -0.059955 1.619738 -0.845936 -0.404912 0.347043 0.024583 0.781517 1 2 1.000000
0 -0.109500 -0.014314 1.610475 -0.921030 -0.323620 0.216735 0.251211 0.572135 1 2 1.000000
Kirito_hair.png
0 -0.084151 -0.029097 1.661047 -0.733798 -0.441709 0.516172 0.251211 0.781517 1 2 1.000000
0 -0.109500 -0.014314 1.610475 -0.921030 -0.323620 0.216735 0.251211 0.572135 1 2 1.000000
0 -0.090262 -0.059955 1.619738 -0.845936 -0.404912 0.347043 0.024583 0.781517 1 2 1.000000
Kirito_hair.png
0 -0.090262 -0.059955 1.619738 -0.845936 -0.404912 0.347043 0.024583 0.781517 1 2 1.000000
0 -0.047976 -0.074989 1.661248 -0.378928 -0.596556 0.707484 0.078359 0.870698 1 2 1.000000
0 -0.084151 -0.029097 1.661047 -0.733798 -0.441709 0.516172 0.251211 0.781517 1 2 1.000000
Kirito_hair.png
0 -0.044948 -0.043938 1.685679 -0.127254 -0.647727 0.751170 0.208958 0.886208 1 2 1.000000
0 -0.084151 -0.029097 1.661047 -0.733798 -0.441709 0.516172 0.251211 0.781517 1 2 1.000000
0 -0.047976 -0.074989 1.661248 -0.378928 -0.596556 0.707484 0.078359 0.870698 1 2 1.000000
Kirito_hair.png
0 -0.047976 -0.074989 1.661248 -0.378928 -0.596556 0.707484 0.078359 0.870698 1 2 1.000000
0 -0.030660 -0.064105 1.664426 0.119169 -0.678990 0.724410 0.078359 0.959879 1 2 1.000000
0 -0.044948 -0.043938 1.685679 -0.127254 -0.647727 0.751170 0.208958 0.886208 1 2 1.000000
Kirito_hair.png
0 -0.029532 -0.046140 1.683612 -0.012516 -0.729528 0.683836 0.185911 0.963757 1 2 1.000000
0 -0.044948 -0.043938 1.685679 -0.127254 -0.647727 0.751170 0.208958 0.886208 1 2 1.000000
0 -0.030660 -0.064105 1.664426 0.119169 -0.678990 0.724410 0.078359 0.959879 1 2 1.000000
Kirito_hair.png
0 -0.033211 -0.091721 1.670007 -0.259870 -0.550710 0.793212 0.301145 0.909472 1 2 1.000000
0 -0.025111 -0.084087 1.669858 0.496281 -0.496664 0.712061 0.447109 0.901718 1 2 1.000000
0 -0.030776 -0.046197 1.683612 -0.369785 -0.247830 0.895455 0.401015 0.987021 1 2 1.000000
Kirito_hair.png
0 -0.030776 -0.046197 1.683612 -0.369785 -0.247830 0.895455 0.401015 0.987021 1 2 1.000000
0 -0.039305 -0.089486 1.659636 -0.883865 -0.396195 0.248619 0.132135 0.893963 1 2 1.000000
0 -0.033211 -0.091721 1.670007 -0.259870 -0.550710 0.793212 0.301145 0.909472 1 2 1.000000
Kirito_hair.png
0 -0.025895 -0.115213 1.639542 -0.216255 -0.869657 0.443769 0.289622 0.831924 1 2 1.000000
0 -0.033211 -0.091721 1.670007 -0.259870 -0.550710 0.793212 0.301145 0.909472 1 2 1.000000
0 -0.039305 -0.089486 1.659636 -0.883865 -0.396195 0.248619 0.132135 0.893963 1 2 1.000000
Kirito_hair.png
0 -0.039305 -0.089486 1.659636 -0.883865 -0.396195 0.248619 0.132135 0.893963 1 2 1.000000
0 -0.022498 -0.114753 1.598861 -0.825546 -0.534537 -0.180952 0.082200 0.591523 1 2 1.000000
0 -0.025895 -0.115213 1.639542 -0.216255 -0.869657 0.443769 0.289622 0.831924 1 2 1.000000
Kirito_hair.png
0 -0.014256 -0.128665 1.606898 0.016564 -0.999775 0.013241 0.270416 0.645807 1 2 1.000000
0 -0.025895 -0.115213 1.639542 -0.216255 -0.869657 0.443769 0.289622 0.831924 1 2 1.000000
0 -0.022498 -0.114753 1.598861 -0.825546 -0.534537 -0.180952 0.082200 0.591523 1 2 1.000000
Kirito_hair.png
0 -0.022498 -0.114753 1.598861 -0.825546 -0.534537 -0.180952 0.082200 0.591523 1 2 1.000000
0 -0.008394 -0.113785 1.571579 -0.560503 -0.699490 -0.443339 0.097565 0.455812 1 2 1.000000
0 -0.014256 -0.128665 1.606898 0.016564 -0.999775 0.013241 0.270416 0.645807 1 2 1.000000
Kirito_hair.png
0 0.007571 -0.117760 1.561093 0.408324 -0.883074 -0.231194 0.297304 0.227044 1 2 1.000000
0 -0.014256 -0.128665 1.606898 0.016564 -0.999775 0.013241 0.270416 0.645807 1 2 1.000000
0 -0.008394 -0.113785 1.571579 -0.560503 -0.699490 -0.443339 0.097565 0.455812 1 2 1.000000
Kirito_hair.png
0 -0.008394 -0.113785 1.571579 -0.560503 -0.699490 -0.443339 0.097565 0.455812 1 2 1.000000
0 0.008582 -0.107565 1.547310 -0.200355 -0.780580 -0.592075 0.162864 0.203779 1 2 1.000000
0 0.007571 -0.117760 1.561093 0.408324 -0.883074 -0.231194 0.297304 0.227044 1 2 1.000000
Kirito_hair.png
0 0.027631 -0.084637 1.520332 0.600424 -0.739165 -0.305166 0.304987 0.029294 1 2 1.000000
0 0.007571 -0.117760 1.561093 0.408324 -0.883074 -0.231194 0.297304 0.227044 1 2 1.000000
0 0.008582 -0.107565 1.547310 -0.200355 -0.780580 -0.592075 0.162864 0.203779 1 2 1.000000
Kirito_hair.png
0 -0.109821 0.106778 1.556512 -0.898450 0.312974 0.307952 0.193594 0.013785 1 2 1.000000
0 -0.115106 0.054592 1.594130 -0.904960 0.270799 0.328199 0.032266 0.219289 1 2 1.000000
0 -0.100989 0.093989 1.595277 -0.901941 0.314576 0.295881 0.251211 0.292960 1 2 1.000000
Kirito_hair.png
0 -0.091018 0.086988 1.634887 -0.889892 0.228233 0.394972 0.266575 0.564381 1 2 1.000000
0 -0.100989 0.093989 1.595277 -0.901941 0.314576 0.295881 0.251211 0.292960 1 2 1.000000
0 -0.115106 0.054592 1.594130 -0.904960 0.270799 0.328199 0.032266 0.219289 1 2 1.000000
Kirito_hair.png
0 -0.115106 0.054592 1.594130 -0.904960 0.270799 0.328199 0.032266 0.219289 1 2 1.000000
0 -0.102908 0.010810 1.642684 -0.857455 0.161156 0.488671 0.016901 0.560503 1 2 1.000000
0 -0.091018 0.086988 1.634887 -0.889892 0.228233 0.394972 0.266575 0.564381 1 2 1.000000
Kirito_hair.png
0 -0.072372 0.057181 1.676995 -0.751996 0.121342 0.647903 0.262734 0.754375 1 2 1.000000
0 -0.091018 0.086988 1.634887 -0.889892 0.228233 0.394972 0.266575 0.564381 1 2 1.000000
0 -0.102908 0.010810 1.642684 -0.857455 0.161156 0.488671 0.016901 0.560503 1 2 1.000000
Kirito_hair.png
0 -0.102908 0.010810 1.642684 -0.857455 0.161156 0.488671 0.016901 0.560503 1 2 1.000000
0 -0.083419 -0.004099 1.673804 -0.632595 0.033419 0.773761 0.024583 0.754375 1 2 1.000000
0 -0.072372 0.057181 1.676995 -0.751996 0.121342 0.647903 0.262734 0.754375 1 2 1.000000
Kirito_hair.png
0 -0.036945 0.025128 1.702525 -0.268873 -0.070223 0.960612 0.243528 0.851311 1 2 1.000000
0 -0.072372 0.057181 1.676995 -0.751996 0.121342 0.647903 0.262734 0.754375 1 2 1.000000
0 -0.083419 -0.004099 1.673804 -0.632595 0.033419 0.773761 0.024583 0.754375 1 2 1.000000
Kirito_hair.png
0 -0.083419 -0.004099 1.673804 -0.632595 0.033419 0.773761 0.024583 0.754375 1 2 1.000000
0 -0.042240 -0.009155 1.696572 -0.316026 -0.114727 0.941788 0.039948 0.855188 1 2 1.000000
0 -0.036945 0.025128 1.702525 -0.268873 -0.070223 0.960612 0.243528 0.851311 1 2 1.000000
Kirito_hair.png
0 -0.027414 -0.025294 1.696081 0.006720 -0.125517 0.992069 0.097565 0.944369 1 2 1.000000
0 -0.036945 0.025128 1.702525 -0.268873 -0.070223 0.960612 0.243528 0.851311 1 2 1.000000
0 -0.042240 -0.009155 1.696572 -0.316026 -0.114727 0.941788 0.039948 0.855188 1 2 1.000000
Kirito_hair.png
0 -0.067229 0.152632 1.543772 -0.724368 0.579328 0.373726 0.408697 0.040927 1 2 1.000000
0 -0.085945 0.103630 1.583456 -0.692972 0.647752 0.316556 0.320351 0.285205 1 2 1.000000
0 -0.058757 0.132235 1.591811 -0.723970 0.578231 0.376187 0.493203 0.273573 1 2 1.000000
Kirito_hair.png
0 -0.046335 0.124321 1.627611 -0.625792 0.695266 0.353539 0.546979 0.448057 1 2 1.000000
0 -0.058757 0.132235 1.591811 -0.723970 0.578231 0.376187 0.493203 0.273573 1 2 1.000000
0 -0.085945 0.103630 1.583456 -0.692972 0.647752 0.316556 0.320351 0.285205 1 2 1.000000
Kirito_hair.png
0 -0.085945 0.103630 1.583456 -0.692972 0.647752 0.316556 0.320351 0.285205 1 2 1.000000
0 -0.091018 0.086988 1.634887 -0.569228 0.692781 0.442758 0.301145 0.451935 1 2 1.000000
0 -0.046335 0.124321 1.627611 -0.625792 0.695266 0.353539 0.546979 0.448057 1 2 1.000000
Kirito_hair.png
0 -0.031650 0.108321 1.667194 -0.503277 0.591676 0.629787 0.554661 0.607032 1 2 1.000000
0 -0.046335 0.124321 1.627611 -0.625792 0.695266 0.353539 0.546979 0.448057 1 2 1.000000
0 -0.091018 0.086988 1.634887 -0.569228 0.692781 0.442758 0.301145 0.451935 1 2 1.000000
Kirito_hair.png
0 -0.091018 0.086988 1.634887 -0.569228 0.692781 0.442758 0.301145 0.451935 1 2 1.000000
0 -0.072372 0.057181 1.676995 -0.455994 0.450818 0.767354 0.289622 0.618665 1 2 1.000000
0 -0.031650 0.108321 1.667194 -0.503277 0.591676 0.629787 0.554661 0.607032 1 2 1.000000
Kirito_hair.png
0 -0.025135 0.079438 1.689641 -0.200490 0.294972 0.934235 0.531614 0.870698 1 2 1.000000
0 -0.031650 0.108321 1.667194 -0.503277 0.591676 0.629787 0.554661 0.607032 1 2 1.000000
0 -0.072372 0.057181 1.676995 -0.455994 0.450818 0.767354 0.289622 0.618665 1 2 1.000000
Kirito_hair.png
0 -0.072372 0.057181 1.676995 -0.455994 0.450818 0.767354 0.289622 0.618665 1 2 1.000000
0 -0.036945 0.025128 1.702525 -0.086441 0.247717 0.964968 0.312669 0.870698 1 2 1.000000
0 -0.025135 0.079438 1.689641 -0.200490 0.294972 0.934235 0.531614 0.870698 1 2 1.000000
Kirito_hair.png
0 -0.021992 0.021538 1.699977 0.020244 0.176766 0.984045 0.328033 0.940492 1 2 1.000000
0 -0.025135 0.079438 1.689641 -0.200490 0.294972 0.934235 0.531614 0.870698 1 2 1.000000
0 -0.036945 0.025128 1.702525 -0.086441 0.247717 0.964968 0.312669 0.870698 1 2 1.000000
Kirito_hair.png
0 0.018530 0.089416 1.645088 0.243277 0.559394 0.792398 0.523932 0.560503 1 2 1.000000
0 -0.008787 0.082312 1.657108 0.229247 0.515495 0.825658 0.531614 0.696213 1 2 1.000000
0 0.053661 0.042190 1.664819 0.237806 0.519734 0.820564 0.289622 0.552748 1 2 1.000000
Kirito_hair.png
0 0.053661 0.042190 1.664819 0.237806 0.519734 0.820564 0.289622 0.552748 1 2 1.000000
0 0.070847 0.079353 1.635748 0.343511 0.685131 0.642337 0.285781 0.424793 1 2 1.000000
0 0.018530 0.089416 1.645088 0.243277 0.559394 0.792398 0.523932 0.560503 1 2 1.000000
Kirito_hair.png
0 0.027650 0.109610 1.624387 0.373873 0.843218 0.386267 0.523932 0.444180 1 2 1.000000
0 0.018530 0.089416 1.645088 0.243277 0.559394 0.792398 0.523932 0.560503 1 2 1.000000
0 0.070847 0.079353 1.635748 0.343511 0.685131 0.642337 0.285781 0.424793 1 2 1.000000
Kirito_hair.png
0 0.070847 0.079353 1.635748 0.343511 0.685131 0.642337 0.285781 0.424793 1 2 1.000000
0 0.075875 0.096061 1.583021 0.381192 0.912274 0.149830 0.297304 0.246431 1 2 1.000000
0 0.027650 0.109610 1.624387 0.373873 0.843218 0.386267 0.523932 0.444180 1 2 1.000000
Kirito_hair.png
0 0.025511 0.112556 1.590440 0.417433 0.899315 0.130315 0.539296 0.285205 1 2 1.000000
0 0.027650 0.109610 1.624387 0.373873 0.843218 0.386267 0.523932 0.444180 1 2 1.000000
0 0.075875 0.096061 1.583021 0.381192 0.912274 0.149830 0.297304 0.246431 1 2 1.000000
Kirito_hair.png
0 0.075875 0.096061 1.583021 0.381192 0.912274 0.149830 0.297304 0.246431 1 2 1.000000
0 0.058275 0.106292 1.530878 0.470855 0.880774 0.050335 0.354921 0.130108 1 2 1.000000
0 0.025511 0.112556 1.590440 0.417433 0.899315 0.130315 0.539296 0.285205 1 2 1.000000
Kirito_hair.png
0 0.026218 0.126410 1.545552 0.543018 0.838945 0.036093 0.562343 0.168882 1 2 1.000000
0 0.025511 0.112556 1.590440 0.417433 0.899315 0.130315 0.539296 0.285205 1 2 1.000000
0 0.058275 0.106292 1.530878 0.470855 0.880774 0.050335 0.354921 0.130108 1 2 1.000000
Kirito_hair.png
0 0.058275 0.106292 1.530878 0.470855 0.880774 0.050335 0.354921 0.130108 1 2 1.000000
0 0.027884 0.114752 1.492316 0.464400 0.868050 -0.175559 0.458632 0.021539 1 2 1.000000
0 0.026218 0.126410 1.545552 0.543018 0.838945 0.036093 0.562343 0.168882 1 2 1.000000
Kirito_hair.png
0 0.007571 -0.117760 1.561093 0.408324 -0.883074 -0.231194 0.297304 0.227044 1 2 1.000000
0 0.027631 -0.084637 1.520332 0.600424 -0.739165 -0.305166 0.304987 0.029294 1 2 1.000000
0 0.014562 -0.104398 1.560551 0.878373 -0.453433 0.151192 0.485520 0.254186 1 2 1.000000
Kirito_hair.png
0 0.014562 -0.104398 1.560551 0.878373 -0.453433 0.151192 0.485520 0.254186 1 2 1.000000
0 0.003109 -0.110744 1.590113 0.820068 -0.525525 0.226521 0.489361 0.459690 1 2 1.000000
0 0.007571 -0.117760 1.561093 0.408324 -0.883074 -0.231194 0.297304 0.227044 1 2 1.000000
Kirito_hair.png
0 -0.014256 -0.128665 1.606898 0.016564 -0.999775 0.013241 0.270416 0.645807 1 2 1.000000
0 0.007571 -0.117760 1.561093 0.408324 -0.883074 -0.231194 0.297304 0.227044 1 2 1.000000
0 0.003109 -0.110744 1.590113 0.820068 -0.525525 0.226521 0.489361 0.459690 1 2 1.000000
Kirito_hair.png
0 0.003109 -0.110744 1.590113 0.820068 -0.525525 0.226521 0.489361 0.459690 1 2 1.000000
0 -0.008563 -0.117091 1.619675 0.629566 -0.653583 0.420090 0.493203 0.595400 1 2 1.000000
0 -0.014256 -0.128665 1.606898 0.016564 -0.999775 0.013241 0.270416 0.645807 1 2 1.000000
Kirito_hair.png
0 -0.025895 -0.115213 1.639542 -0.216255 -0.869657 0.443769 0.289622 0.831924 1 2 1.000000
0 -0.014256 -0.128665 1.606898 0.016564 -0.999775 0.013241 0.270416 0.645807 1 2 1.000000
0 -0.008563 -0.117091 1.619675 0.629566 -0.653583 0.420090 0.493203 0.595400 1 2 1.000000
Kirito_hair.png
0 -0.008563 -0.117091 1.619675 0.629566 -0.653583 0.420090 0.493203 0.595400 1 2 1.000000
0 -0.025111 -0.084087 1.669858 0.496281 -0.496664 0.712061 0.447109 0.901718 1 2 1.000000
0 -0.025895 -0.115213 1.639542 -0.216255 -0.869657 0.443769 0.289622 0.831924 1 2 1.000000
Kirito_hair.png
0 -0.033211 -0.091721 1.670007 -0.259870 -0.550710 0.793212 0.301145 0.909472 1 2 1.000000
0 -0.025895 -0.115213 1.639542 -0.216255 -0.869657 0.443769 0.289622 0.831924 1 2 1.000000
0 -0.025111 -0.084087 1.669858 0.496281 -0.496664 0.712061 0.447109 0.901718 1 2 1.000000
Kirito_hair.png
0 -0.030660 -0.064105 1.664426 -0.686998 -0.520008 0.507569 0.205117 0.971511 1 2 1.000000
0 -0.012588 -0.092504 1.660133 -0.300080 -0.767141 0.566962 0.062995 0.874575 1 2 1.000000
0 -0.007338 -0.076019 1.682076 -0.280008 -0.556935 0.781933 0.243528 0.874575 1 2 1.000000
Kirito_hair.png
0 0.032058 -0.078080 1.669633 0.268579 -0.703354 0.658148 0.251211 0.711723 1 2 1.000000
0 -0.007338 -0.076019 1.682076 -0.280008 -0.556935 0.781933 0.243528 0.874575 1 2 1.000000
0 -0.012588 -0.092504 1.660133 -0.300080 -0.767141 0.566962 0.062995 0.874575 1 2 1.000000
Kirito_hair.png
0 -0.012588 -0.092504 1.660133 -0.300080 -0.767141 0.566962 0.062995 0.874575 1 2 1.000000
0 0.012997 -0.102940 1.628676 0.281361 -0.911383 0.300363 0.055312 0.622542 1 2 1.000000
0 0.032058 -0.078080 1.669633 0.268579 -0.703354 0.658148 0.251211 0.711723 1 2 1.000000
Kirito_hair.png
0 0.062110 -0.084261 1.633977 0.531228 -0.800091 0.278660 0.243528 0.568258 1 2 1.000000
0 0.032058 -0.078080 1.669633 0.268579 -0.703354 0.658148 0.251211 0.711723 1 2 1.000000
0 0.012997 -0.102940 1.628676 0.281361 -0.911383 0.300363 0.055312 0.622542 1 2 1.000000
Kirito_hair.png
0 0.012997 -0.102940 1.628676 0.281361 -0.911383 0.300363 0.055312 0.622542 1 2 1.000000
0 0.020438 -0.101342 1.604206 0.361937 -0.931782 0.027985 0.051471 0.510096 1 2 1.000000
0 0.062110 -0.084261 1.633977 0.531228 -0.800091 0.278660 0.243528 0.568258 1 2 1.000000
Kirito_hair.png
0 0.042382 -0.092723 1.586245 0.394930 -0.917812 -0.040642 0.047630 0.397651 1 2 1.000000
0 0.062110 -0.084261 1.633977 0.531228 -0.800091 0.278660 0.243528 0.568258 1 2 1.000000
0 0.020438 -0.101342 1.604206 0.361937 -0.931782 0.027985 0.051471 0.510096 1 2 1.000000
Kirito_hair.png
0 -0.002436 -0.086956 1.515259 -0.639040 -0.701293 -0.315938 0.416380 0.071946 1 2 1.000000
0 -0.009826 -0.099720 1.558539 -0.674960 -0.681409 -0.283039 0.500885 0.393773 1 2 1.000000
0 -0.018297 -0.086448 1.546213 -0.664795 -0.690054 -0.286137 0.289622 0.397651 1 2 1.000000
Kirito_hair.png
0 -0.030814 -0.084324 1.574316 -0.698110 -0.667340 -0.259423 0.297304 0.622542 1 2 1.000000
0 -0.018297 -0.086448 1.546213 -0.664795 -0.690054 -0.286137 0.289622 0.397651 1 2 1.000000
0 -0.009826 -0.099720 1.558539 -0.674960 -0.681409 -0.283039 0.500885 0.393773 1 2 1.000000
Kirito_hair.png
0 -0.009826 -0.099720 1.558539 -0.674960 -0.681409 -0.283039 0.500885 0.393773 1 2 1.000000
0 -0.011922 -0.108988 1.586036 -0.680345 -0.711768 -0.174691 0.500885 0.564381 1 2 1.000000
0 -0.030814 -0.084324 1.574316 -0.698110 -0.667340 -0.259423 0.297304 0.622542 1 2 1.000000
Kirito_hair.png
0 -0.039370 -0.087486 1.607540 -0.714742 -0.699373 0.004609 0.301145 0.847433 1 2 1.000000
0 -0.030814 -0.084324 1.574316 -0.698110 -0.667340 -0.259423 0.297304 0.622542 1 2 1.000000
0 -0.011922 -0.108988 1.586036 -0.680345 -0.711768 -0.174691 0.500885 0.564381 1 2 1.000000
Kirito_hair.png
0 -0.011922 -0.108988 1.586036 -0.680345 -0.711768 -0.174691 0.500885 0.564381 1 2 1.000000
0 -0.019574 -0.102807 1.631076 -0.699819 -0.702097 0.131577 0.500885 0.862943 1 2 1.000000
0 -0.039370 -0.087486 1.607540 -0.714742 -0.699373 0.004609 0.301145 0.847433 1 2 1.000000
Kirito_hair.png
0 -0.033032 -0.081637 1.640087 -0.763068 -0.593759 0.255299 0.301145 0.917227 1 2 1.000000
0 -0.039370 -0.087486 1.607540 -0.714742 -0.699373 0.004609 0.301145 0.847433 1 2 1.000000
0 -0.019574 -0.102807 1.631076 -0.699819 -0.702097 0.131577 0.500885 0.862943 1 2 1.000000
Kirito_hair.png
0 -0.103290 -0.037751 1.533745 -0.831300 -0.534499 -0.152480 0.324192 0.199902 1 2 1.000000
0 -0.090579 -0.069784 1.574630 -0.821901 -0.569631 -0.000082 0.520091 0.366631 1 2 1.000000
0 -0.105351 -0.040758 1.576632 -0.890671 -0.454374 0.015818 0.262734 0.366631 1 2 1.000000
Kirito_hair.png
0 -0.090262 -0.059955 1.619738 -0.727619 -0.650142 0.218827 0.285781 0.696213 1 2 1.000000
0 -0.105351 -0.040758 1.576632 -0.890671 -0.454374 0.015818 0.262734 0.366631 1 2 1.000000
0 -0.090579 -0.069784 1.574630 -0.821901 -0.569631 -0.000082 0.520091 0.366631 1 2 1.000000
Kirito_hair.png
0 -0.090579 -0.069784 1.574630 -0.821901 -0.569631 -0.000082 0.520091 0.366631 1 2 1.000000
0 -0.054757 -0.089844 1.621740 -0.432966 -0.824455 0.364436 0.520091 0.703968 1 2 1.000000
0 -0.090262 -0.059955 1.619738 -0.727619 -0.650142 0.218827 0.285781 0.696213 1 2 1.000000
Kirito_hair.png
0 -0.047976 -0.074989 1.661248 -0.176737 -0.879625 0.441614 0.328033 0.905595 1 2 1.000000
0 -0.090262 -0.059955 1.619738 -0.727619 -0.650142 0.218827 0.285781 0.696213 1 2 1.000000
0 -0.054757 -0.089844 1.621740 -0.432966 -0.824455 0.364436 0.520091 0.703968 1 2 1.000000
Kirito_hair.png
0 -0.054757 -0.089844 1.621740 -0.432966 -0.824455 0.364436 0.520091 0.703968 1 2 1.000000
0 -0.033032 -0.081637 1.640087 0.231248 -0.869493 0.436471 0.508567 0.897840 1 2 1.000000
0 -0.047976 -0.074989 1.661248 -0.176737 -0.879625 0.441614 0.328033 0.905595 1 2 1.000000
Kirito_hair.png
0 -0.030660 -0.064105 1.664426 0.386962 -0.765669 0.513820 0.374127 0.959879 1 2 1.000000
0 -0.047976 -0.074989 1.661248 -0.176737 -0.879625 0.441614 0.328033 0.905595 1 2 1.000000
0 -0.033032 -0.081637 1.640087 0.231248 -0.869493 0.436471 0.508567 0.897840 1 2 1.000000
Kirito_hair.png
0 -0.029110 0.151416 1.543977 -0.236165 0.862096 0.448348 0.462473 0.033172 1 2 1.000000
0 -0.048167 0.124322 1.586036 -0.176497 0.953417 0.244632 0.531614 0.285205 1 2 1.000000
0 -0.007925 0.135346 1.586036 -0.246572 0.900089 0.359223 0.354921 0.250308 1 2 1.000000
Kirito_hair.png
0 0.003724 0.125615 1.631076 -0.111887 0.970402 0.214012 0.308828 0.444180 1 2 1.000000
0 -0.007925 0.135346 1.586036 -0.246572 0.900089 0.359223 0.354921 0.250308 1 2 1.000000
0 -0.048167 0.124322 1.586036 -0.176497 0.953417 0.244632 0.531614 0.285205 1 2 1.000000
Kirito_hair.png
0 -0.048167 0.124322 1.586036 -0.176497 0.953417 0.244632 0.531614 0.285205 1 2 1.000000
0 -0.046335 0.124321 1.627611 -0.049129 0.964974 0.257703 0.543137 0.471322 1 2 1.000000
0 0.003724 0.125615 1.631076 -0.111887 0.970402 0.214012 0.308828 0.444180 1 2 1.000000
Kirito_hair.png
0 0.008592 0.115458 1.657785 -0.019228 0.810169 0.585881 0.308828 0.618665 1 2 1.000000
0 0.003724 0.125615 1.631076 -0.111887 0.970402 0.214012 0.308828 0.444180 1 2 1.000000
0 -0.046335 0.124321 1.627611 -0.049129 0.964974 0.257703 0.543137 0.471322 1 2 1.000000
Kirito_hair.png
0 -0.046335 0.124321 1.627611 -0.049129 0.964974 0.257703 0.543137 0.471322 1 2 1.000000
0 -0.031650 0.108321 1.667194 0.001111 0.794432 0.607352 0.543137 0.645807 1 2 1.000000
0 0.008592 0.115458 1.657785 -0.019228 0.810169 0.585881 0.308828 0.618665 1 2 1.000000
Kirito_hair.png
0 -0.025135 0.079438 1.689641 0.022204 0.650572 0.759120 0.477838 0.878453 1 2 1.000000
0 0.008592 0.115458 1.657785 -0.019228 0.810169 0.585881 0.308828 0.618665 1 2 1.000000
0 -0.031650 0.108321 1.667194 0.001111 0.794432 0.607352 0.543137 0.645807 1 2 1.000000
Kirito_hair.png
0 -0.069978 0.105400 1.484381 -0.904631 0.387122 -0.178267 0.216640 0.025417 1 2 1.000000
0 -0.093089 0.071599 1.528258 -0.908182 0.409080 -0.088651 0.055312 0.130108 1 2 1.000000
0 -0.077037 0.111510 1.533471 -0.919524 0.381939 -0.092723 0.289622 0.153372 1 2 1.000000
Kirito_hair.png
0 -0.078041 0.109878 1.583021 -0.901186 0.431241 0.043530 0.304987 0.250308 1 2 1.000000
0 -0.077037 0.111510 1.533471 -0.919524 0.381939 -0.092723 0.289622 0.153372 1 2 1.000000
0 -0.093089 0.071599 1.528258 -0.908182 0.409080 -0.088651 0.055312 0.130108 1 2 1.000000
Kirito_hair.png
0 -0.093089 0.071599 1.528258 -0.908182 0.409080 -0.088651 0.055312 0.130108 1 2 1.000000
0 -0.115403 0.038116 1.581004 -0.895479 0.417542 0.154195 0.016901 0.261940 1 2 1.000000
0 -0.078041 0.109878 1.583021 -0.901186 0.431241 0.043530 0.304987 0.250308 1 2 1.000000
Kirito_hair.png
0 -0.084909 0.073777 1.629921 -0.790622 0.380780 0.479504 0.301145 0.440303 1 2 1.000000
0 -0.078041 0.109878 1.583021 -0.901186 0.431241 0.043530 0.304987 0.250308 1 2 1.000000
0 -0.115403 0.038116 1.581004 -0.895479 0.417542 0.154195 0.016901 0.261940 1 2 1.000000
Kirito_hair.png
0 -0.115403 0.038116 1.581004 -0.895479 0.417542 0.154195 0.016901 0.261940 1 2 1.000000
0 -0.102908 0.011708 1.642684 -0.724129 0.334053 0.603362 0.024583 0.444180 1 2 1.000000
0 -0.084909 0.073777 1.629921 -0.790622 0.380780 0.479504 0.301145 0.440303 1 2 1.000000
Kirito_hair.png
0 -0.044326 0.040494 1.666031 -0.478933 0.307923 0.822074 0.251211 0.591523 1 2 1.000000
0 -0.084909 0.073777 1.629921 -0.790622 0.380780 0.479504 0.301145 0.440303 1 2 1.000000
0 -0.102908 0.011708 1.642684 -0.724129 0.334053 0.603362 0.024583 0.444180 1 2 1.000000
Kirito_hair.png
0 0.079152 0.037431 1.674366 0.755377 -0.031074 0.654553 0.301145 0.533361 1 2 1.000000
0 0.051495 -0.008539 1.695339 0.405664 -0.027906 0.913596 0.016901 0.750498 1 2 1.000000
0 0.086026 -0.002761 1.663526 0.804310 -0.022585 0.593781 0.024583 0.537238 1 2 1.000000
Kirito_hair.png
0 0.086026 -0.002761 1.663526 0.804310 -0.022585 0.593781 0.024583 0.537238 1 2 1.000000
0 0.105764 0.001588 1.622916 0.834365 -0.105939 0.540936 0.016901 0.362754 1 2 1.000000
0 0.079152 0.037431 1.674366 0.755377 -0.031074 0.654553 0.301145 0.533361 1 2 1.000000
Kirito_hair.png
0 0.099649 0.053473 1.646744 0.773658 -0.189793 0.604510 0.304987 0.343367 1 2 1.000000
0 0.079152 0.037431 1.674366 0.755377 -0.031074 0.654553 0.301145 0.533361 1 2 1.000000
0 0.105764 0.001588 1.622916 0.834365 -0.105939 0.540936 0.016901 0.362754 1 2 1.000000
Kirito_hair.png
0 0.105764 0.001588 1.622916 0.834365 -0.105939 0.540936 0.016901 0.362754 1 2 1.000000
0 0.118363 0.019603 1.613823 0.741295 -0.212189 0.636755 0.055312 0.176637 1 2 1.000000
0 0.099649 0.053473 1.646744 0.773658 -0.189793 0.604510 0.304987 0.343367 1 2 1.000000
Kirito_hair.png
0 0.117387 0.051418 1.625759 0.738435 -0.216888 0.638493 0.289622 0.211534 1 2 1.000000
0 0.099649 0.053473 1.646744 0.773658 -0.189793 0.604510 0.304987 0.343367 1 2 1.000000
0 0.118363 0.019603 1.613823 0.741295 -0.212189 0.636755 0.055312 0.176637 1 2 1.000000
Kirito_hair.png
0 0.118363 0.019603 1.613823 0.741295 -0.212189 0.636755 0.055312 0.176637 1 2 1.000000
0 0.140834 0.062331 1.602039 0.742224 -0.215319 0.634619 0.216640 0.033172 1 2 1.000000
0 0.117387 0.051418 1.625759 0.738435 -0.216888 0.638493 0.289622 0.211534 1 2 1.000000
Kirito_hair.png
0 0.008592 0.115458 1.657785 0.257491 0.805672 0.533471 0.335716 0.638052 1 2 1.000000
0 0.038170 0.086294 1.681046 0.215448 0.733062 0.645137 0.516249 0.696213 1 2 1.000000
0 0.054604 0.096933 1.653344 0.375426 0.837077 0.397941 0.531614 0.529484 1 2 1.000000
Kirito_hair.png
0 0.054604 0.096933 1.653344 0.375426 0.837077 0.397941 0.531614 0.529484 1 2 1.000000
0 0.050320 0.107898 1.624147 0.378471 0.886351 0.266724 0.516249 0.424793 1 2 1.000000
0 0.008592 0.115458 1.657785 0.257491 0.805672 0.533471 0.335716 0.638052 1 2 1.000000
Kirito_hair.png
0 0.003724 0.125615 1.631076 0.378253 0.887876 0.261918 0.320351 0.463567 1 2 1.000000
0 0.008592 0.115458 1.657785 0.257491 0.805672 0.533471 0.335716 0.638052 1 2 1.000000
0 0.050320 0.107898 1.624147 0.378471 0.886351 0.266724 0.516249 0.424793 1 2 1.000000
Kirito_hair.png
0 0.050320 0.107898 1.624147 0.378471 0.886351 0.266724 0.516249 0.424793 1 2 1.000000
0 0.043966 0.121231 1.587191 0.379714 0.871906 0.309188 0.500885 0.277450 1 2 1.000000
0 0.003724 0.125615 1.631076 0.378253 0.887876 0.261918 0.320351 0.463567 1 2 1.000000
Kirito_hair.png
0 0.007960 0.135346 1.591811 0.380828 0.861712 0.335294 0.328033 0.277450 1 2 1.000000
0 0.003724 0.125615 1.631076 0.378253 0.887876 0.261918 0.320351 0.463567 1 2 1.000000
0 0.043966 0.121231 1.587191 0.379714 0.871906 0.309188 0.500885 0.277450 1 2 1.000000
Kirito_hair.png
0 0.043966 0.121231 1.587191 0.379714 0.871906 0.309188 0.500885 0.277450 1 2 1.000000
0 0.020668 0.151989 1.546082 0.378140 0.831190 0.407595 0.397174 0.040927 1 2 1.000000
0 0.007960 0.135346 1.591811 0.380828 0.861712 0.335294 0.328033 0.277450 1 2 1.000000
Kirito_hair.png
0 -0.118913 0.025607 1.624949 -0.817581 -0.392570 0.421248 0.523932 0.250308 1 2 1.000000
0 -0.142616 0.042461 1.605365 -0.735591 -0.485212 0.472732 0.443268 0.006030 1 2 1.000000
0 -0.119656 0.010004 1.607778 -0.814795 -0.411084 0.408801 0.347239 0.238676 1 2 1.000000
Kirito_hair.png
0 -0.119656 0.010004 1.607778 -0.814795 -0.411084 0.408801 0.347239 0.238676 1 2 1.000000
0 -0.109500 -0.014314 1.610475 -0.867619 -0.311707 0.387396 0.281940 0.544993 1 2 1.000000
0 -0.118913 0.025607 1.624949 -0.817581 -0.392570 0.421248 0.523932 0.250308 1 2 1.000000
Kirito_hair.png
0 -0.102908 0.010810 1.642684 -0.864586 -0.269294 0.424230 0.535455 0.537238 1 2 1.000000
0 -0.118913 0.025607 1.624949 -0.817581 -0.392570 0.421248 0.523932 0.250308 1 2 1.000000
0 -0.109500 -0.014314 1.610475 -0.867619 -0.311707 0.387396 0.281940 0.544993 1 2 1.000000
Kirito_hair.png
0 -0.109500 -0.014314 1.610475 -0.867619 -0.311707 0.387396 0.281940 0.544993 1 2 1.000000
0 -0.084151 -0.029097 1.661047 -0.733026 -0.270393 0.624148 0.285781 0.750498 1 2 1.000000
0 -0.102908 0.010810 1.642684 -0.864586 -0.269294 0.424230 0.535455 0.537238 1 2 1.000000
Kirito_hair.png
0 -0.083419 -0.004099 1.673804 -0.703189 -0.306745 0.641430 0.531614 0.731110 1 2 1.000000
0 -0.102908 0.010810 1.642684 -0.864586 -0.269294 0.424230 0.535455 0.537238 1 2 1.000000
0 -0.084151 -0.029097 1.661047 -0.733026 -0.270393 0.624148 0.285781 0.750498 1 2 1.000000
Kirito_hair.png
0 -0.084151 -0.029097 1.661047 -0.733026 -0.270393 0.624148 0.285781 0.750498 1 2 1.000000
0 -0.042240 -0.009155 1.696572 -0.367857 -0.344226 0.863823 0.489361 0.897840 1 2 1.000000
0 -0.083419 -0.004099 1.673804 -0.703189 -0.306745 0.641430 0.531614 0.731110 1 2 1.000000
Kirito_hair.png
0 -0.023766 0.116182 1.625109 0.165328 0.866164 0.471621 0.516249 0.354999 1 2 1.000000
0 0.018530 0.089416 1.645088 0.109673 0.700024 0.705647 0.335716 0.451935 1 2 1.000000
0 0.027650 0.109610 1.624387 0.120656 0.897310 0.424589 0.320351 0.339489 1 2 1.000000
Kirito_hair.png
0 0.027650 0.109610 1.624387 0.120656 0.897310 0.424589 0.320351 0.339489 1 2 1.000000
0 0.025511 0.112556 1.590440 0.233147 0.943191 0.236713 0.335716 0.316225 1 2 1.000000
0 -0.023766 0.116182 1.625109 0.165328 0.866164 0.471621 0.516249 0.354999 1 2 1.000000
Kirito_hair.png
0 -0.024626 0.126520 1.595259 0.152973 0.968681 0.195591 0.531614 0.296837 1 2 1.000000
0 -0.023766 0.116182 1.625109 0.165328 0.866164 0.471621 0.516249 0.354999 1 2 1.000000
0 0.025511 0.112556 1.590440 0.233147 0.943191 0.236713 0.335716 0.316225 1 2 1.000000
Kirito_hair.png
0 0.025511 0.112556 1.590440 0.233147 0.943191 0.236713 0.335716 0.316225 1 2 1.000000
0 0.014480 0.128876 1.553918 0.017871 0.995080 0.097451 0.351080 0.250308 1 2 1.000000
0 -0.024626 0.126520 1.595259 0.152973 0.968681 0.195591 0.531614 0.296837 1 2 1.000000
Kirito_hair.png
0 -0.024093 0.124513 1.560633 -0.115467 0.993148 -0.017988 0.523932 0.250308 1 2 1.000000
0 -0.024626 0.126520 1.595259 0.152973 0.968681 0.195591 0.531614 0.296837 1 2 1.000000
0 0.014480 0.128876 1.553918 0.017871 0.995080 0.097451 0.351080 0.250308 1 2 1.000000
Kirito_hair.png
0 0.014480 0.128876 1.553918 0.017871 0.995080 0.097451 0.351080 0.250308 1 2 1.000000
0 -0.018869 0.126555 1.497996 -0.108346 0.993839 0.023363 0.450950 0.029294 1 2 1.000000
0 -0.024093 0.124513 1.560633 -0.115467 0.993148 -0.017988 0.523932 0.250308 1 2 1.000000
Kirito_hair.png
0 0.070373 0.087136 1.530885 -0.741050 -0.630892 0.229828 0.608437 0.261940 1 2 1.000000
0 0.097805 0.025857 1.590240 -0.940052 -0.326981 0.096882 0.988710 0.386018 1 2 1.000000
0 0.058116 0.087798 1.627215 -0.662694 -0.744690 -0.079203 0.608437 0.386018 1 2 1.000000
Kirito_hair.png
0 0.058116 0.087798 1.627215 -0.662694 -0.744690 -0.079203 0.608437 0.386018 1 2 1.000000
0 0.000215 0.113864 1.595175 0.001448 -0.999797 -0.020117 0.988710 0.386018 1 2 1.000000
0 0.070373 0.087136 1.530885 -0.741050 -0.630892 0.229828 0.608437 0.261940 1 2 1.000000
Kirito_hair.png
0 0.000215 0.113209 1.530328 0.000118 -0.954488 0.298250 0.988710 0.261940 1 2 1.000000
0 0.070373 0.087136 1.530885 -0.741050 -0.630892 0.229828 0.608437 0.261940 1 2 1.000000
0 0.000215 0.113864 1.595175 0.001448 -0.999797 -0.020117 0.988710 0.386018 1 2 1.000000
Kirito_hair.png
0 0.000215 0.113864 1.595175 0.001448 -0.999797 -0.020117 0.988710 0.386018 1 2 1.000000
0 -0.069944 0.087136 1.530885 0.712142 -0.675621 0.190762 0.608437 0.261940 1 2 1.000000
0 0.000215 0.113209 1.530328 0.000118 -0.954488 0.298250 0.988710 0.261940 1 2 1.000000
Kirito_hair.png
0 -0.024470 0.075985 1.469895 0.351961 -0.827873 0.436748 0.800494 0.141740 1 2 1.000000
0 0.000215 0.113209 1.530328 0.000118 -0.954488 0.298250 0.988710 0.261940 1 2 1.000000
0 -0.069944 0.087136 1.530885 0.712142 -0.675621 0.190762 0.608437 0.261940 1 2 1.000000
Kirito_hair.png
0 -0.069944 0.087136 1.530885 0.712142 -0.675621 0.190762 0.608437 0.261940 1 2 1.000000
0 -0.049155 0.044634 1.445031 0.746696 -0.506269 0.431436 0.608437 0.021539 1 2 1.000000
0 -0.024470 0.075985 1.469895 0.351961 -0.827873 0.436748 0.800494 0.141740 1 2 1.000000
Kirito_hair.png
0 -0.011922 -0.108988 1.586036 0.212757 -0.972576 -0.093966 0.274258 0.649684 1 2 1.000000
0 0.016445 -0.090544 1.552888 0.223750 -0.918395 -0.326323 0.497044 0.308470 1 2 1.000000
0 0.020438 -0.101342 1.604206 0.285447 -0.952333 -0.107624 0.520091 0.541116 1 2 1.000000
Kirito_hair.png
0 0.020438 -0.101342 1.604206 0.285447 -0.952333 -0.107624 0.520091 0.541116 1 2 1.000000
0 0.012997 -0.102940 1.628676 0.085735 -0.983442 0.159663 0.520091 0.684581 1 2 1.000000
0 -0.011922 -0.108988 1.586036 0.212757 -0.972576 -0.093966 0.274258 0.649684 1 2 1.000000
Kirito_hair.png
0 -0.019574 -0.102807 1.631076 -0.242924 -0.920000 0.307552 0.320351 0.824169 1 2 1.000000
0 -0.011922 -0.108988 1.586036 0.212757 -0.972576 -0.093966 0.274258 0.649684 1 2 1.000000
0 0.012997 -0.102940 1.628676 0.085735 -0.983442 0.159663 0.520091 0.684581 1 2 1.000000
Kirito_hair.png
0 0.012997 -0.102940 1.628676 0.085735 -0.983442 0.159663 0.520091 0.684581 1 2 1.000000
0 -0.012588 -0.092504 1.660133 -0.368824 -0.844579 0.388144 0.508567 0.862943 1 2 1.000000
0 -0.019574 -0.102807 1.631076 -0.242924 -0.920000 0.307552 0.320351 0.824169 1 2 1.000000
Kirito_hair.png
0 -0.033032 -0.081637 1.640087 -0.697312 -0.606131 0.382572 0.351080 0.959879 1 2 1.000000
0 -0.019574 -0.102807 1.631076 -0.242924 -0.920000 0.307552 0.320351 0.824169 1 2 1.000000
0 -0.012588 -0.092504 1.660133 -0.368824 -0.844579 0.388144 0.508567 0.862943 1 2 1.000000
Kirito_hair.png
0 -0.090579 -0.069784 1.574630 -0.601899 -0.797994 -0.030395 0.523932 0.250308 1 2 1.000000
0 -0.070605 -0.079687 1.527553 -0.632458 -0.767174 -0.106961 0.704465 0.227044 1 2 1.000000
0 -0.066487 -0.087762 1.561121 -0.571672 -0.817612 0.068570 0.719830 0.300715 1 2 1.000000
Kirito_hair.png
0 -0.066487 -0.087762 1.561121 -0.571672 -0.817612 0.068570 0.719830 0.300715 1 2 1.000000
0 -0.055174 -0.087624 1.584534 -0.291257 -0.955518 0.046423 0.719830 0.548871 1 2 1.000000
0 -0.090579 -0.069784 1.574630 -0.601899 -0.797994 -0.030395 0.523932 0.250308 1 2 1.000000
Kirito_hair.png
0 -0.054757 -0.089844 1.621740 -0.029074 -0.999567 0.004465 0.554661 0.769885 1 2 1.000000
0 -0.090579 -0.069784 1.574630 -0.601899 -0.797994 -0.030395 0.523932 0.250308 1 2 1.000000
0 -0.055174 -0.087624 1.584534 -0.291257 -0.955518 0.046423 0.719830 0.548871 1 2 1.000000
Kirito_hair.png
0 -0.055174 -0.087624 1.584534 -0.291257 -0.955518 0.046423 0.719830 0.548871 1 2 1.000000
0 -0.039370 -0.087486 1.607540 0.179220 -0.983323 0.030914 0.719830 0.797027 1 2 1.000000
0 -0.054757 -0.089844 1.621740 -0.029074 -0.999567 0.004465 0.554661 0.769885 1 2 1.000000
Kirito_hair.png
0 -0.033032 -0.081637 1.640087 0.259159 -0.958134 0.121719 0.600755 0.940492 1 2 1.000000
0 -0.054757 -0.089844 1.621740 -0.029074 -0.999567 0.004465 0.554661 0.769885 1 2 1.000000
0 -0.039370 -0.087486 1.607540 0.179220 -0.983323 0.030914 0.719830 0.797027 1 2 1.000000
Kirito_hair.png
0 0.101421 0.033185 1.532481 0.997438 -0.071326 -0.005434 0.573867 0.145617 1 2 1.000000
0 0.100483 0.052944 1.511197 0.989625 -0.080910 -0.118727 0.708306 0.009907 1 2 1.000000
0 0.104676 0.053798 1.545565 0.987106 -0.159939 0.006405 0.712148 0.141740 1 2 1.000000
Kirito_hair.png
0 0.104676 0.053798 1.545565 0.987106 -0.159939 0.006405 0.712148 0.141740 1 2 1.000000
0 0.100392 0.056054 1.581004 0.998462 -0.014304 0.053565 0.719830 0.203779 1 2 1.000000
0 0.101421 0.033185 1.532481 0.997438 -0.071326 -0.005434 0.573867 0.145617 1 2 1.000000
Kirito_hair.png
0 0.105334 0.006668 1.570344 0.992792 0.119288 0.011598 0.523932 0.196024 1 2 1.000000
0 0.101421 0.033185 1.532481 0.997438 -0.071326 -0.005434 0.573867 0.145617 1 2 1.000000
0 0.100392 0.056054 1.581004 0.998462 -0.014304 0.053565 0.719830 0.203779 1 2 1.000000
Kirito_hair.png
0 0.100392 0.056054 1.581004 0.998462 -0.014304 0.053565 0.719830 0.203779 1 2 1.000000
0 0.097059 0.052774 1.645708 0.991518 0.126024 0.031771 0.727512 0.366631 1 2 1.000000
0 0.105334 0.006668 1.570344 0.992792 0.119288 0.011598 0.523932 0.196024 1 2 1.000000
Kirito_hair.png
0 0.105764 0.001588 1.622916 0.986384 0.164275 0.007806 0.539296 0.339489 1 2 1.000000
0 0.105334 0.006668 1.570344 0.992792 0.119288 0.011598 0.523932 0.196024 1 2 1.000000
0 0.097059 0.052774 1.645708 0.991518 0.126024 0.031771 0.727512 0.366631 1 2 1.000000
Kirito_hair.png
0 0.090086 0.069254 1.528258 0.834932 0.547638 -0.054594 0.055312 0.130108 1 2 1.000000
0 0.066272 0.098938 1.484382 0.825667 0.559878 -0.069355 0.216640 0.025417 1 2 1.000000
0 0.069598 0.100114 1.533471 0.826362 0.559468 -0.064199 0.289622 0.153372 1 2 1.000000
Kirito_hair.png
0 0.069598 0.100114 1.533471 0.826362 0.559468 -0.064199 0.289622 0.153372 1 2 1.000000
0 0.075875 0.096061 1.583021 0.845281 0.532146 0.048180 0.304987 0.250308 1 2 1.000000
0 0.090086 0.069254 1.528258 0.834932 0.547638 -0.054594 0.055312 0.130108 1 2 1.000000
Kirito_hair.png
0 0.100392 0.056054 1.581004 0.804562 0.586594 0.092669 0.016901 0.261940 1 2 1.000000
0 0.090086 0.069254 1.528258 0.834932 0.547638 -0.054594 0.055312 0.130108 1 2 1.000000
0 0.075875 0.096061 1.583021 0.845281 0.532146 0.048180 0.304987 0.250308 1 2 1.000000
Kirito_hair.png
0 0.075875 0.096061 1.583021 0.845281 0.532146 0.048180 0.304987 0.250308 1 2 1.000000
0 0.070847 0.079353 1.635748 0.774013 0.613492 0.156628 0.301145 0.370509 1 2 1.000000
0 0.100392 0.056054 1.581004 0.804562 0.586594 0.092669 0.016901 0.261940 1 2 1.000000
Kirito_hair.png
0 0.097059 0.052774 1.645708 0.696520 0.713909 0.072069 0.024583 0.374386 1 2 1.000000
0 0.100392 0.056054 1.581004 0.804562 0.586594 0.092669 0.016901 0.261940 1 2 1.000000
0 0.070847 0.079353 1.635748 0.774013 0.613492 0.156628 0.301145 0.370509 1 2 1.000000
Kirito_hair.png
0 -0.024626 0.126520 1.595259 -0.384200 0.921903 0.049861 0.539296 0.409283 1 2 1.000000
0 -0.031225 0.122311 1.545552 -0.515731 0.856741 -0.004078 0.562343 0.207656 1 2 1.000000
0 -0.057720 0.106292 1.530878 -0.392083 0.915881 -0.086219 0.354921 0.161127 1 2 1.000000
Kirito_hair.png
0 -0.057720 0.106292 1.530878 -0.392083 0.915881 -0.086219 0.354921 0.161127 1 2 1.000000
0 -0.078041 0.109878 1.583021 -0.376236 0.898633 0.225622 0.297304 0.304592 1 2 1.000000
0 -0.024626 0.126520 1.595259 -0.384200 0.921903 0.049861 0.539296 0.409283 1 2 1.000000
Kirito_hair.png
0 -0.023766 0.116182 1.625109 -0.393547 0.746836 0.536056 0.523932 0.339489 1 2 1.000000
0 -0.024626 0.126520 1.595259 -0.384200 0.921903 0.049861 0.539296 0.409283 1 2 1.000000
0 -0.078041 0.109878 1.583021 -0.376236 0.898633 0.225622 0.297304 0.304592 1 2 1.000000
Kirito_hair.png
0 -0.078041 0.109878 1.583021 -0.376236 0.898633 0.225622 0.297304 0.304592 1 2 1.000000
0 -0.084909 0.073777 1.629921 -0.406577 0.658144 0.633673 0.285781 0.316225 1 2 1.000000
0 -0.023766 0.116182 1.625109 -0.393547 0.746836 0.536056 0.523932 0.339489 1 2 1.000000
Kirito_hair.png
0 -0.008787 0.082312 1.657108 -0.332888 0.565605 0.754504 0.523932 0.486832 1 2 1.000000
0 -0.023766 0.116182 1.625109 -0.393547 0.746836 0.536056 0.523932 0.339489 1 2 1.000000
0 -0.084909 0.073777 1.629921 -0.406577 0.658144 0.633673 0.285781 0.316225 1 2 1.000000
Kirito_hair.png
0 0.000215 0.113209 1.530328 0.000118 -0.954488 0.298250 0.988710 0.261940 1 2 1.000000
0 -0.024470 0.075985 1.469895 0.351961 -0.827873 0.436748 0.800494 0.141740 1 2 1.000000
0 0.000161 0.063644 1.429347 0.000346 -0.897694 0.440619 0.988710 0.021539 1 2 1.000000
Kirito_hair.png
0 0.000161 0.063644 1.429347 0.000346 -0.897694 0.440619 0.988710 0.021539 1 2 1.000000
0 0.024899 0.075985 1.469895 -0.351745 -0.827906 0.436861 0.800494 0.141740 1 2 1.000000
0 0.000215 0.113209 1.530328 0.000118 -0.954488 0.298250 0.988710 0.261940 1 2 1.000000
Kirito_hair.png
0 0.070373 0.087136 1.530885 -0.741050 -0.630892 0.229828 0.608437 0.261940 1 2 1.000000
0 0.000215 0.113209 1.530328 0.000118 -0.954488 0.298250 0.988710 0.261940 1 2 1.000000
0 0.024899 0.075985 1.469895 -0.351745 -0.827906 0.436861 0.800494 0.141740 1 2 1.000000
Kirito_hair.png
0 0.024899 0.075985 1.469895 -0.351745 -0.827906 0.436861 0.800494 0.141740 1 2 1.000000
0 0.049584 0.044634 1.445031 -0.746696 -0.506269 0.431436 0.608437 0.021539 1 2 1.000000
0 0.070373 0.087136 1.530885 -0.741050 -0.630892 0.229828 0.608437 0.261940 1 2 1.000000
Kirito_hair.png
0 0.067844 0.042238 1.496189 -0.943014 -0.182091 0.278511 0.800494 0.141740 1 2 1.000000
0 0.070373 0.087136 1.530885 -0.741050 -0.630892 0.229828 0.608437 0.261940 1 2 1.000000
0 0.049584 0.044634 1.445031 -0.746696 -0.506269 0.431436 0.608437 0.021539 1 2 1.000000
Kirito_hair.png
0 -0.093207 -0.071263 1.613716 -0.478526 -0.758940 0.441615 0.293463 0.254186 1 2 1.000000
0 -0.116886 -0.068557 1.598926 -0.379577 -0.802155 0.460943 0.416380 0.029294 1 2 1.000000
0 -0.091464 -0.078869 1.601915 -0.462522 -0.774774 0.431044 0.516249 0.203779 1 2 1.000000
Kirito_hair.png
0 -0.091464 -0.078869 1.601915 -0.462522 -0.774774 0.431044 0.516249 0.203779 1 2 1.000000
0 -0.073621 -0.088662 1.607973 -0.486662 -0.748444 0.450546 0.566184 0.521729 1 2 1.000000
0 -0.093207 -0.071263 1.613716 -0.478526 -0.758940 0.441615 0.293463 0.254186 1 2 1.000000
Kirito_hair.png
0 -0.073127 -0.073372 1.632553 -0.467254 -0.764279 0.444467 0.289622 0.525606 1 2 1.000000
0 -0.093207 -0.071263 1.613716 -0.478526 -0.758940 0.441615 0.293463 0.254186 1 2 1.000000
0 -0.073621 -0.088662 1.607973 -0.486662 -0.748444 0.450546 0.566184 0.521729 1 2 1.000000
Kirito_hair.png
0 -0.073621 -0.088662 1.607973 -0.486662 -0.748444 0.450546 0.566184 0.521729 1 2 1.000000
0 -0.054757 -0.089844 1.621740 -0.432966 -0.824455 0.364436 0.520091 0.703968 1 2 1.000000
0 -0.073127 -0.073372 1.632553 -0.467254 -0.764279 0.444467 0.289622 0.525606 1 2 1.000000
Kirito_hair.png
0 -0.047976 -0.074989 1.661248 -0.176737 -0.879625 0.441614 0.328033 0.905595 1 2 1.000000
0 -0.073127 -0.073372 1.632553 -0.467254 -0.764279 0.444467 0.289622 0.525606 1 2 1.000000
0 -0.054757 -0.089844 1.621740 -0.432966 -0.824455 0.364436 0.520091 0.703968 1 2 1.000000
Kirito_hair.png
0 -0.099624 0.052944 1.503066 -0.920642 -0.269518 -0.282451 0.708306 0.009907 1 2 1.000000
0 -0.099363 0.021226 1.532481 -0.929382 -0.287897 -0.231007 0.573867 0.145617 1 2 1.000000
0 -0.111128 0.048512 1.544792 -0.926019 -0.290547 -0.240981 0.712148 0.141740 1 2 1.000000
Kirito_hair.png
0 -0.115403 0.038116 1.581004 -0.968382 -0.217233 -0.122666 0.719830 0.250308 1 2 1.000000
0 -0.111128 0.048512 1.544792 -0.926019 -0.290547 -0.240981 0.712148 0.141740 1 2 1.000000
0 -0.099363 0.021226 1.532481 -0.929382 -0.287897 -0.231007 0.573867 0.145617 1 2 1.000000
Kirito_hair.png
0 -0.099363 0.021226 1.532481 -0.929382 -0.287897 -0.231007 0.573867 0.145617 1 2 1.000000
0 -0.098077 -0.004995 1.561884 -0.932989 -0.268834 -0.239291 0.523932 0.246431 1 2 1.000000
0 -0.115403 0.038116 1.581004 -0.968382 -0.217233 -0.122666 0.719830 0.250308 1 2 1.000000
Kirito_hair.png
0 -0.109500 -0.014314 1.610475 -0.990698 -0.131410 -0.035348 0.539296 0.467445 1 2 1.000000
0 -0.115403 0.038116 1.581004 -0.968382 -0.217233 -0.122666 0.719830 0.250308 1 2 1.000000
0 -0.098077 -0.004995 1.561884 -0.932989 -0.268834 -0.239291 0.523932 0.246431 1 2 1.000000
Kirito_hair.png
0 0.082272 -0.074715 1.582572 0.691983 -0.719265 -0.061783 0.239687 0.300715 1 2 1.000000
0 0.042382 -0.092723 1.586245 0.394930 -0.917812 -0.040642 0.047630 0.397651 1 2 1.000000
0 0.056782 -0.083391 1.564153 0.451914 -0.865029 -0.217943 0.147500 0.347244 1 2 1.000000
Kirito_hair.png
0 0.056782 -0.083391 1.564153 0.451914 -0.865029 -0.217943 0.147500 0.347244 1 2 1.000000
0 0.069555 -0.064515 1.535319 0.638253 -0.692916 -0.335410 0.055312 0.168882 1 2 1.000000
0 0.082272 -0.074715 1.582572 0.691983 -0.719265 -0.061783 0.239687 0.300715 1 2 1.000000
Kirito_hair.png
0 0.087054 -0.046359 1.537891 0.826022 -0.507533 -0.245151 0.239687 0.165005 1 2 1.000000
0 0.082272 -0.074715 1.582572 0.691983 -0.719265 -0.061783 0.239687 0.300715 1 2 1.000000
0 0.069555 -0.064515 1.535319 0.638253 -0.692916 -0.335410 0.055312 0.168882 1 2 1.000000
Kirito_hair.png
0 0.069555 -0.064515 1.535319 0.638253 -0.692916 -0.335410 0.055312 0.168882 1 2 1.000000
0 0.073210 -0.038352 1.497668 0.696088 -0.619489 -0.362899 0.124453 0.017662 1 2 1.000000
0 0.087054 -0.046359 1.537891 0.826022 -0.507533 -0.245151 0.239687 0.165005 1 2 1.000000
Kirito_hair.png
0 0.004311 0.020523 1.705489 -0.008032 -0.058311 0.998266 0.274258 0.870698 1 2 1.000000
0 -0.027414 -0.025294 1.696081 -0.196275 -0.064995 0.978392 0.047630 0.967634 1 2 1.000000
0 0.001309 -0.017988 1.702064 -0.017827 -0.087193 0.996032 0.032266 0.870698 1 2 1.000000
Kirito_hair.png
0 0.001309 -0.017988 1.702064 -0.017827 -0.087193 0.996032 0.032266 0.870698 1 2 1.000000
0 0.051495 -0.008539 1.695339 0.405664 -0.027906 0.913596 0.016901 0.750498 1 2 1.000000
0 0.004311 0.020523 1.705489 -0.008032 -0.058311 0.998266 0.274258 0.870698 1 2 1.000000
Kirito_hair.png
0 0.043448 0.031086 1.697058 0.374060 0.035761 0.926715 0.251211 0.742743 1 2 1.000000
0 0.004311 0.020523 1.705489 -0.008032 -0.058311 0.998266 0.274258 0.870698 1 2 1.000000
0 0.051495 -0.008539 1.695339 0.405664 -0.027906 0.913596 0.016901 0.750498 1 2 1.000000
Kirito_hair.png
0 0.051495 -0.008539 1.695339 0.405664 -0.027906 0.913596 0.016901 0.750498 1 2 1.000000
0 0.079152 0.037431 1.674366 0.755377 -0.031074 0.654553 0.301145 0.533361 1 2 1.000000
0 0.043448 0.031086 1.697058 0.374060 0.035761 0.926715 0.251211 0.742743 1 2 1.000000
Kirito_hair.png
0 -0.094149 0.035503 1.553526 0.909108 -0.340823 0.239507 0.988710 0.261940 1 2 1.000000
0 -0.068659 0.010843 1.473438 0.876387 -0.304891 0.372811 0.988710 0.021539 1 2 1.000000
0 -0.067415 0.042238 1.496189 0.898648 -0.250016 0.360451 0.800494 0.141740 1 2 1.000000
Kirito_hair.png
0 -0.067415 0.042238 1.496189 0.898648 -0.250016 0.360451 0.800494 0.141740 1 2 1.000000
0 -0.069944 0.087136 1.530885 0.712142 -0.675621 0.190762 0.608437 0.261940 1 2 1.000000
0 -0.094149 0.035503 1.553526 0.909108 -0.340823 0.239507 0.988710 0.261940 1 2 1.000000
Kirito_hair.png
0 -0.096579 0.025857 1.590240 0.879016 -0.468389 -0.089122 0.988710 0.386018 1 2 1.000000
0 -0.094149 0.035503 1.553526 0.909108 -0.340823 0.239507 0.988710 0.261940 1 2 1.000000
0 -0.069944 0.087136 1.530885 0.712142 -0.675621 0.190762 0.608437 0.261940 1 2 1.000000
Kirito_hair.png
0 -0.069944 0.087136 1.530885 0.712142 -0.675621 0.190762 0.608437 0.261940 1 2 1.000000
0 -0.056673 0.087798 1.623159 0.663355 -0.742864 -0.090075 0.608437 0.386018 1 2 1.000000
0 -0.096579 0.025857 1.590240 0.879016 -0.468389 -0.089122 0.988710 0.386018 1 2 1.000000
Kirito_hair.png
0 -0.042240 -0.009155 1.696572 -0.367857 -0.344226 0.863823 0.489361 0.897840 1 2 1.000000
0 -0.084151 -0.029097 1.661047 -0.733026 -0.270393 0.624148 0.285781 0.750498 1 2 1.000000
0 -0.044948 -0.043938 1.685679 -0.261328 -0.269885 0.926752 0.308828 0.890085 1 2 1.000000
Kirito_hair.png
0 -0.044948 -0.043938 1.685679 -0.261328 -0.269885 0.926752 0.308828 0.890085 1 2 1.000000
0 -0.029532 -0.046140 1.683612 -0.185262 -0.381058 0.905800 0.308828 0.963757 1 2 1.000000
0 -0.042240 -0.009155 1.696572 -0.367857 -0.344226 0.863823 0.489361 0.897840 1 2 1.000000
Kirito_hair.png
0 -0.027414 -0.025294 1.696081 -0.439514 -0.427781 0.789829 0.462473 0.952124 1 2 1.000000
0 -0.042240 -0.009155 1.696572 -0.367857 -0.344226 0.863823 0.489361 0.897840 1 2 1.000000
0 -0.029532 -0.046140 1.683612 -0.185262 -0.381058 0.905800 0.308828 0.963757 1 2 1.000000
Kirito_hair.png
0 0.016445 -0.090544 1.552888 0.223750 -0.918395 -0.326323 0.497044 0.308470 1 2 1.000000
0 -0.011922 -0.108988 1.586036 0.212757 -0.972576 -0.093966 0.274258 0.649684 1 2 1.000000
0 -0.009826 -0.099720 1.558539 0.233810 -0.898381 -0.371813 0.320351 0.339489 1 2 1.000000
Kirito_hair.png
0 -0.009826 -0.099720 1.558539 0.233810 -0.898381 -0.371813 0.320351 0.339489 1 2 1.000000
0 -0.003099 -0.085792 1.534742 0.145293 -0.907494 -0.394137 0.374127 0.184392 1 2 1.000000
0 0.016445 -0.090544 1.552888 0.223750 -0.918395 -0.326323 0.497044 0.308470 1 2 1.000000
Kirito_hair.png
0 0.007702 -0.074359 1.505368 0.082733 -0.938612 -0.334907 0.427903 0.033172 1 2 1.000000
0 0.016445 -0.090544 1.552888 0.223750 -0.918395 -0.326323 0.497044 0.308470 1 2 1.000000
0 -0.003099 -0.085792 1.534742 0.145293 -0.907494 -0.394137 0.374127 0.184392 1 2 1.000000
Kirito_hair.png
0 0.085229 0.027301 1.550370 -0.949227 -0.163057 0.269034 0.988710 0.261940 1 2 1.000000
0 0.097805 0.025857 1.590240 -0.940052 -0.326981 0.096882 0.988710 0.386018 1 2 1.000000
0 0.070373 0.087136 1.530885 -0.741050 -0.630892 0.229828 0.608437 0.261940 1 2 1.000000
Kirito_hair.png
0 0.070373 0.087136 1.530885 -0.741050 -0.630892 0.229828 0.608437 0.261940 1 2 1.000000
0 0.067844 0.042238 1.496189 -0.943014 -0.182091 0.278511 0.800494 0.141740 1 2 1.000000
0 0.085229 0.027301 1.550370 -0.949227 -0.163057 0.269034 0.988710 0.261940 1 2 1.000000
Kirito_hair.png
0 0.065316 0.010843 1.461493 -0.947760 -0.199104 0.249216 0.988710 0.021539 1 2 1.000000
0 0.085229 0.027301 1.550370 -0.949227 -0.163057 0.269034 0.988710 0.261940 1 2 1.000000
0 0.067844 0.042238 1.496189 -0.943014 -0.182091 0.278511 0.800494 0.141740 1 2 1.000000
Kirito_hair.png
0 0.088558 -0.035198 1.548139 0.974106 -0.018598 -0.225325 0.055312 0.168882 1 2 1.000000
0 0.072877 -0.021580 1.491587 0.960078 -0.042587 -0.276471 0.124453 0.017662 1 2 1.000000
0 0.085608 -0.017678 1.535196 0.968642 -0.019866 -0.247666 0.178229 0.165005 1 2 1.000000
Kirito_hair.png
0 0.085608 -0.017678 1.535196 0.968642 -0.019866 -0.247666 0.178229 0.165005 1 2 1.000000
0 0.097805 0.025857 1.590240 0.969683 0.035758 -0.241736 0.527773 0.378264 1 2 1.000000
0 0.088558 -0.035198 1.548139 0.974106 -0.018598 -0.225325 0.055312 0.168882 1 2 1.000000
Kirito_hair.png
0 0.104728 0.002941 1.622916 0.979051 -0.017322 -0.202878 0.523932 0.529484 1 2 1.000000
0 0.088558 -0.035198 1.548139 0.974106 -0.018598 -0.225325 0.055312 0.168882 1 2 1.000000
0 0.097805 0.025857 1.590240 0.969683 0.035758 -0.241736 0.527773 0.378264 1 2 1.000000
Kirito_hair.png
0 -0.046878 -0.054882 1.699797 0.038555 -0.997819 0.053576 0.631484 0.529484 1 2 1.000000
0 -0.028185 -0.047363 1.678446 0.049432 -0.954840 -0.292980 0.600755 0.983144 1 2 1.000000
0 -0.037258 -0.044073 1.700806 0.621064 -0.599836 0.504456 0.554661 0.769885 1 2 1.000000
Kirito_hair.png
0 -0.037258 -0.044073 1.700806 0.621064 -0.599836 0.504456 0.554661 0.769885 1 2 1.000000
0 -0.048719 -0.044043 1.710870 0.223550 -0.677694 0.700540 0.523932 0.250308 1 2 1.000000
0 -0.046878 -0.054882 1.699797 0.038555 -0.997819 0.053576 0.631484 0.529484 1 2 1.000000
Kirito_hair.png
0 -0.083256 -0.039506 1.708948 -0.415810 -0.897949 -0.144190 0.650689 0.009907 1 2 1.000000
0 -0.046878 -0.054882 1.699797 0.038555 -0.997819 0.053576 0.631484 0.529484 1 2 1.000000
0 -0.048719 -0.044043 1.710870 0.223550 -0.677694 0.700540 0.523932 0.250308 1 2 1.000000
Kirito_hair.png
0 -0.092797 -0.012872 1.531113 -0.958577 0.029494 -0.283304 0.124453 0.165005 1 2 1.000000
0 -0.064211 -0.022705 1.487505 -0.841702 -0.160195 -0.515631 0.082200 0.017662 1 2 1.000000
0 -0.095239 -0.041705 1.544057 -0.906291 -0.106824 -0.408933 0.032266 0.168882 1 2 1.000000
Kirito_hair.png
0 -0.095239 -0.041705 1.544057 -0.906291 -0.106824 -0.408933 0.032266 0.168882 1 2 1.000000
0 -0.105351 -0.040758 1.576632 -0.971980 0.072673 -0.223548 0.024583 0.347244 1 2 1.000000
0 -0.092797 -0.012872 1.531113 -0.958577 0.029494 -0.283304 0.124453 0.165005 1 2 1.000000
Kirito_hair.png
0 -0.104781 -0.012331 1.610474 -0.975311 0.163549 -0.148393 0.385651 0.529484 1 2 1.000000
0 -0.092797 -0.012872 1.531113 -0.958577 0.029494 -0.283304 0.124453 0.165005 1 2 1.000000
0 -0.105351 -0.040758 1.576632 -0.971980 0.072673 -0.223548 0.024583 0.347244 1 2 1.000000
Kirito_hair.png
0 0.008592 0.115458 1.657785 0.257491 0.805672 0.533471 0.335716 0.638052 1 2 1.000000
0 -0.006560 0.076092 1.693415 0.053910 0.658588 0.750570 0.328033 0.940492 1 2 1.000000
0 0.011621 0.072059 1.695648 0.056680 0.658597 0.750359 0.427903 0.913350 1 2 1.000000
Kirito_hair.png
0 0.011621 0.072059 1.695648 0.056680 0.658597 0.750359 0.427903 0.913350 1 2 1.000000
0 0.038170 0.086294 1.681046 0.215448 0.733062 0.645137 0.516249 0.696213 1 2 1.000000
0 0.008592 0.115458 1.657785 0.257491 0.805672 0.533471 0.335716 0.638052 1 2 1.000000
Kirito_hair.png
0 -0.103290 -0.037751 1.533745 -0.831300 -0.534499 -0.152480 0.324192 0.199902 1 2 1.000000
0 -0.095303 -0.035936 1.492966 -0.795923 -0.577521 -0.181594 0.466315 0.013785 1 2 1.000000
0 -0.086570 -0.058259 1.525683 -0.796210 -0.574205 -0.190626 0.493203 0.192147 1 2 1.000000
Kirito_hair.png
0 -0.086570 -0.058259 1.525683 -0.796210 -0.574205 -0.190626 0.493203 0.192147 1 2 1.000000
0 -0.090579 -0.069784 1.574630 -0.821901 -0.569631 -0.000082 0.520091 0.366631 1 2 1.000000
0 -0.103290 -0.037751 1.533745 -0.831300 -0.534499 -0.152480 0.324192 0.199902 1 2 1.000000
Kirito_hair.png
0 -0.070605 -0.079687 1.527553 -0.757264 -0.588854 -0.282495 0.685260 0.157250 1 2 1.000000
0 -0.090579 -0.069784 1.574630 -0.601899 -0.797994 -0.030395 0.523932 0.250308 1 2 1.000000
0 -0.086570 -0.058259 1.525683 -0.757264 -0.588854 -0.282495 0.589231 0.130108 1 2 1.000000
Kirito_hair.png
0 -0.086570 -0.058259 1.525683 -0.757264 -0.588854 -0.282495 0.589231 0.130108 1 2 1.000000
0 -0.060398 -0.066746 1.485906 -0.733115 -0.577550 -0.359137 0.650689 0.009907 1 2 1.000000
0 -0.070605 -0.079687 1.527553 -0.757264 -0.588854 -0.282495 0.685260 0.157250 1 2 1.000000
Kirito_hair.png
0 0.085608 -0.017678 1.535196 0.956366 0.100598 -0.274306 0.347239 0.199902 1 2 1.000000
0 0.071026 -0.013053 1.481391 0.962957 0.093447 -0.252944 0.447109 0.040927 1 2 1.000000
0 0.085229 0.027301 1.550370 0.956366 0.100598 -0.274306 0.535455 0.192147 1 2 1.000000
Kirito_hair.png
0 0.085229 0.027301 1.550370 0.956366 0.100598 -0.274306 0.535455 0.192147 1 2 1.000000
0 0.097805 0.025857 1.590240 0.969683 0.035758 -0.241736 0.527773 0.378264 1 2 1.000000
0 0.085608 -0.017678 1.535196 0.956366 0.100598 -0.274306 0.347239 0.199902 1 2 1.000000
Kirito_hair.png
0 -0.046878 -0.054882 1.699797 0.038555 -0.997819 0.053576 0.631484 0.529484 1 2 1.000000
0 -0.083256 -0.039506 1.708948 -0.415810 -0.897949 -0.144190 0.650689 0.009907 1 2 1.000000
0 -0.052745 -0.034101 1.693512 -0.502576 -0.377167 -0.777922 0.719830 0.657439 1 2 1.000000
Kirito_hair.png
0 -0.052745 -0.034101 1.693512 -0.502576 -0.377167 -0.777922 0.719830 0.657439 1 2 1.000000
0 -0.028185 -0.047363 1.678446 0.049432 -0.954840 -0.292980 0.600755 0.983144 1 2 1.000000
0 -0.046878 -0.054882 1.699797 0.038555 -0.997819 0.053576 0.631484 0.529484 1 2 1.000000
Kirito_hair.png
0 -0.094149 0.035503 1.553526 -0.953555 0.104279 -0.282591 0.397174 0.192147 1 2 1.000000
0 -0.062359 -0.013053 1.477309 -0.852513 0.199936 -0.482956 0.328033 0.040927 1 2 1.000000
0 -0.092797 -0.012872 1.531113 -0.953555 0.104279 -0.282591 0.251211 0.199902 1 2 1.000000
Kirito_hair.png
0 -0.092797 -0.012872 1.531113 -0.953555 0.104279 -0.282591 0.251211 0.199902 1 2 1.000000
0 -0.096579 0.025857 1.590240 -0.991933 0.067213 -0.107474 0.393333 0.378264 1 2 1.000000
0 -0.094149 0.035503 1.553526 -0.953555 0.104279 -0.282591 0.397174 0.192147 1 2 1.000000
Kirito_hair.png
0 0.062110 -0.084261 1.633977 0.531228 -0.800091 0.278660 0.243528 0.568258 1 2 1.000000
0 0.042382 -0.092723 1.586245 0.394930 -0.917812 -0.040642 0.047630 0.397651 1 2 1.000000
0 0.082272 -0.074715 1.582572 0.691983 -0.719265 -0.061783 0.239687 0.300715 1 2 1.000000
Kirito_hair.png
0 -0.012588 -0.092504 1.660133 -0.300080 -0.767141 0.566962 0.062995 0.874575 1 2 1.000000
0 -0.030660 -0.064105 1.664426 -0.686998 -0.520008 0.507569 0.205117 0.971511 1 2 1.000000
0 -0.033032 -0.081637 1.640087 -0.721137 -0.526900 0.449820 0.062995 0.987021 1 2 1.000000
Kirito_hair.png
0 -0.029532 -0.046140 1.683612 -0.180532 -0.393155 0.901575 0.623801 0.967634 1 2 1.000000
0 0.001309 -0.017988 1.702064 -0.017439 -0.349478 0.936782 0.719830 0.862943 1 2 1.000000
0 -0.027414 -0.025294 1.696081 -0.049536 -0.508987 0.859348 0.712148 0.967634 1 2 1.000000
Kirito_hair.png
0 -0.027414 -0.025294 1.696081 -0.196275 -0.064995 0.978392 0.047630 0.967634 1 2 1.000000
0 0.004311 0.020523 1.705489 -0.008032 -0.058311 0.998266 0.274258 0.870698 1 2 1.000000
0 -0.021992 0.021538 1.699977 -0.206883 -0.057299 0.976686 0.208958 0.940492 1 2 1.000000
Kirito_hair.png
0 -0.021992 0.021538 1.699977 -0.141223 0.177416 0.973950 0.343398 0.959879 1 2 1.000000
0 0.011621 0.072059 1.695648 0.056343 0.207064 0.976704 0.531614 0.886208 1 2 1.000000
0 -0.006560 0.076092 1.693415 -0.089154 0.143770 0.985587 0.493203 0.952124 1 2 1.000000
Kirito_hair.png
0 -0.027414 -0.025294 1.696081 0.006720 -0.125517 0.992069 0.097565 0.944369 1 2 1.000000
0 -0.021992 0.021538 1.699977 0.144110 -0.098597 0.984637 0.239687 0.944369 1 2 1.000000
0 -0.036945 0.025128 1.702525 -0.268873 -0.070223 0.960612 0.243528 0.851311 1 2 1.000000
Kirito_hair.png
0 0.008592 0.115458 1.657785 -0.019228 0.810169 0.585881 0.308828 0.618665 1 2 1.000000
0 -0.025135 0.079438 1.689641 0.022204 0.650572 0.759120 0.477838 0.878453 1 2 1.000000
0 -0.006560 0.076092 1.693415 -0.027621 0.676616 0.735818 0.308828 0.952124 1 2 1.000000
Kirito_hair.png
0 -0.021992 0.021538 1.699977 0.020244 0.176766 0.984045 0.328033 0.940492 1 2 1.000000
0 -0.006560 0.076092 1.693415 -0.167875 0.164405 0.972003 0.516249 0.959879 1 2 1.000000
0 -0.025135 0.079438 1.689641 -0.200490 0.294972 0.934235 0.531614 0.870698 1 2 1.000000
Kirito_hair.png
0 -0.008787 0.082312 1.657108 0.121002 0.709450 0.694290 0.420221 0.513974 1 2 1.000000
0 0.018530 0.089416 1.645088 0.109673 0.700024 0.705647 0.335716 0.451935 1 2 1.000000
0 -0.023766 0.116182 1.625109 0.165328 0.866164 0.471621 0.516249 0.354999 1 2 1.000000
Kirito_hair.png
0 0.053661 0.042190 1.664819 0.229354 0.531699 0.815287 0.251211 0.591523 1 2 1.000000
0 0.097059 0.052774 1.645708 0.229354 0.531699 0.815287 0.024583 0.444180 1 2 1.000000
0 0.070847 0.079353 1.635748 0.229354 0.531699 0.815287 0.301145 0.440303 1 2 1.000000
Kirito_hair.png
0 -0.057720 0.106292 1.530878 -0.496216 0.866745 -0.050235 0.354921 0.130108 1 2 1.000000
0 -0.031225 0.122311 1.545552 -0.496216 0.866745 -0.050235 0.562343 0.168882 1 2 1.000000
0 -0.039039 0.114752 1.492316 -0.496216 0.866745 -0.050235 0.458632 0.021539 1 2 1.000000
Kirito_hair.png
0 -0.044326 0.040494 1.666031 -0.343476 0.465903 0.815450 0.289622 0.680704 1 2 1.000000
0 -0.008787 0.082312 1.657108 -0.343476 0.465903 0.815450 0.523932 0.688459 1 2 1.000000
0 -0.084909 0.073777 1.629921 -0.343476 0.465903 0.815450 0.285781 0.517851 1 2 1.000000
Kirito_hair.png
0 -0.109500 -0.014314 1.610475 -0.990698 -0.131410 -0.035348 0.539296 0.467445 1 2 1.000000
0 -0.102908 0.011708 1.642684 -0.979953 0.001653 0.199224 0.727512 0.494587 1 2 1.000000
0 -0.115403 0.038116 1.581004 -0.968382 -0.217233 -0.122666 0.719830 0.250308 1 2 1.000000
Kirito_hair.png
0 0.000215 0.113864 1.595175 0.001448 -0.999797 -0.020117 0.988710 0.386018 1 2 1.000000
0 -0.056673 0.087798 1.623159 0.663355 -0.742864 -0.090075 0.608437 0.386018 1 2 1.000000
0 -0.069944 0.087136 1.530885 0.712142 -0.675621 0.190762 0.608437 0.261940 1 2 1.000000
Kirito_hair.png
0 -0.067415 0.042238 1.496189 0.898648 -0.250016 0.360451 0.800494 0.141740 1 2 1.000000
0 -0.049155 0.044634 1.445031 0.746696 -0.506269 0.431436 0.608437 0.021539 1 2 1.000000
0 -0.069944 0.087136 1.530885 0.712142 -0.675621 0.190762 0.608437 0.261940 1 2 1.000000
Kirito_hair.png
0 0.104728 0.002941 1.622916 0.979051 -0.017322 -0.202878 0.523932 0.529484 1 2 1.000000
0 0.098371 -0.044964 1.598740 0.980096 -0.031108 -0.196073 0.047630 0.347244 1 2 1.000000
0 0.088558 -0.035198 1.548139 0.974106 -0.018598 -0.225325 0.055312 0.168882 1 2 1.000000
Kirito_hair.png
0 -0.096579 0.025857 1.590240 -0.991933 0.067213 -0.107474 0.393333 0.378264 1 2 1.000000
0 -0.092797 -0.012872 1.531113 -0.958577 0.029494 -0.283304 0.124453 0.165005 1 2 1.000000
0 -0.104781 -0.012331 1.610474 -0.975311 0.163549 -0.148393 0.385651 0.529484 1 2 1.000000
Kirito_face.png
0 -0.000085 -0.082863 1.482980 0.000107 -0.863621 -0.504141 0.404856 0.343367 1 2 1.000000
0 -0.006703 -0.054410 1.439382 -0.497670 -0.405103 -0.766953 0.366445 0.064191 1 2 1.000000
0 0.000000 -0.057442 1.437154 -0.000027 -0.514742 -0.857345 0.404856 0.056436 1 2 1.000000
Kirito_face.png
0 0.000000 -0.057442 1.437154 -0.000027 -0.514742 -0.857345 0.404856 0.056436 1 2 1.000000
0 0.006703 -0.054410 1.439382 0.497845 -0.406203 -0.766257 0.447109 0.064191 1 2 1.000000
0 -0.000085 -0.082863 1.482980 0.000107 -0.863621 -0.504141 0.404856 0.343367 1 2 1.000000
Kirito_face.png
0 0.033193 -0.060301 1.469813 0.510041 -0.722283 -0.467082 0.585390 0.265818 1 2 1.000000
0 -0.000085 -0.082863 1.482980 0.000107 -0.863621 -0.504141 0.404856 0.343367 1 2 1.000000
0 0.006703 -0.054410 1.439382 0.497845 -0.406203 -0.766257 0.447109 0.064191 1 2 1.000000
Kirito_face.png
0 0.006703 -0.054410 1.439382 0.497845 -0.406203 -0.766257 0.447109 0.064191 1 2 1.000000
0 0.030975 -0.048177 1.454716 0.612103 -0.273417 -0.742007 0.585390 0.137863 1 2 1.000000
0 0.033193 -0.060301 1.469813 0.510041 -0.722283 -0.467082 0.585390 0.265818 1 2 1.000000
Kirito_face.png
0 0.050117 -0.044177 1.470286 0.685574 -0.345775 -0.640646 0.654531 0.207656 1 2 1.000000
0 0.033193 -0.060301 1.469813 0.510041 -0.722283 -0.467082 0.585390 0.265818 1 2 1.000000
0 0.030975 -0.048177 1.454716 0.612103 -0.273417 -0.742007 0.585390 0.137863 1 2 1.000000
Kirito_face.png
0 0.030975 -0.048177 1.454716 0.612103 -0.273417 -0.742007 0.585390 0.137863 1 2 1.000000
0 0.051503 -0.011779 1.470150 0.676827 0.053933 -0.734163 0.873476 0.242553 1 2 1.000000
0 0.050117 -0.044177 1.470286 0.685574 -0.345775 -0.640646 0.654531 0.207656 1 2 1.000000
Kirito_face.png
0 0.059417 -0.041866 1.480597 0.796226 -0.420459 -0.435015 0.708306 0.273573 1 2 1.000000
0 0.050117 -0.044177 1.470286 0.685574 -0.345775 -0.640646 0.654531 0.207656 1 2 1.000000
0 0.051503 -0.011779 1.470150 0.676827 0.053933 -0.734163 0.873476 0.242553 1 2 1.000000
Kirito_face.png
0 0.051503 -0.011779 1.470150 0.676827 0.053933 -0.734163 0.873476 0.242553 1 2 1.000000
0 0.067828 0.002429 1.496997 0.920122 -0.051049 -0.388291 0.954140 0.343367 1 2 1.000000
0 0.059417 -0.041866 1.480597 0.796226 -0.420459 -0.435015 0.708306 0.273573 1 2 1.000000
Kirito_face.png
0 0.063794 -0.043050 1.494626 0.876198 -0.418370 -0.239255 0.731353 0.335612 1 2 1.000000
0 0.059417 -0.041866 1.480597 0.796226 -0.420459 -0.435015 0.708306 0.273573 1 2 1.000000
0 0.067828 0.002429 1.496997 0.920122 -0.051049 -0.388291 0.954140 0.343367 1 2 1.000000
Kirito_face.png
0 0.067828 0.002429 1.496997 0.920122 -0.051049 -0.388291 0.954140 0.343367 1 2 1.000000
0 0.066119 -0.042755 1.505760 0.805414 -0.589715 -0.059545 0.754400 0.440303 1 2 1.000000
0 0.063794 -0.043050 1.494626 0.876198 -0.418370 -0.239255 0.731353 0.335612 1 2 1.000000
Kirito_face.png
0 0.043812 -0.062992 1.498154 0.572480 -0.797276 0.191356 0.639166 0.382141 1 2 1.000000
0 0.063794 -0.043050 1.494626 0.876198 -0.418370 -0.239255 0.731353 0.335612 1 2 1.000000
0 0.066119 -0.042755 1.505760 0.805414 -0.589715 -0.059545 0.754400 0.440303 1 2 1.000000
Kirito_face.png
0 0.066119 -0.042755 1.505760 0.805414 -0.589715 -0.059545 0.754400 0.440303 1 2 1.000000
0 0.009752 -0.064811 1.504905 0.619999 -0.708425 0.337247 0.462473 0.440303 1 2 1.000000
0 0.043812 -0.062992 1.498154 0.572480 -0.797276 0.191356 0.639166 0.382141 1 2 1.000000
Kirito_face.png
0 0.009177 -0.081698 1.492801 0.674059 -0.725675 0.137989 0.450950 0.374386 1 2 1.000000
0 0.043812 -0.062992 1.498154 0.572480 -0.797276 0.191356 0.639166 0.382141 1 2 1.000000
0 0.009752 -0.064811 1.504905 0.619999 -0.708425 0.337247 0.462473 0.440303 1 2 1.000000
Kirito_face.png
0 0.009752 -0.064811 1.504905 0.619999 -0.708425 0.337247 0.462473 0.440303 1 2 1.000000
0 -0.000085 -0.082015 1.508657 0.000015 -0.809977 0.586462 0.404856 0.459690 1 2 1.000000
0 0.009177 -0.081698 1.492801 0.674059 -0.725675 0.137989 0.450950 0.374386 1 2 1.000000
Kirito_face.png
0 -0.000085 -0.086290 1.503933 0.000027 -0.597557 0.801827 0.404856 0.428670 1 2 1.000000
0 0.009177 -0.081698 1.492801 0.674059 -0.725675 0.137989 0.450950 0.374386 1 2 1.000000
0 -0.000085 -0.082015 1.508657 0.000015 -0.809977 0.586462 0.404856 0.459690 1 2 1.000000
Kirito_face.png
0 -0.000085 -0.082015 1.508657 0.000015 -0.809977 0.586462 0.404856 0.459690 1 2 1.000000
0 -0.009348 -0.081698 1.492801 -0.674045 -0.725687 0.137993 0.358763 0.374386 1 2 1.000000
0 -0.000085 -0.086290 1.503933 0.000027 -0.597557 0.801827 0.404856 0.428670 1 2 1.000000
Kirito_face.png
0 -0.000085 -0.097440 1.498776 0.000044 -0.999464 0.032727 0.404856 0.389896 1 2 1.000000
0 -0.000085 -0.086290 1.503933 0.000027 -0.597557 0.801827 0.404856 0.428670 1 2 1.000000
0 -0.009348 -0.081698 1.492801 -0.674045 -0.725687 0.137993 0.358763 0.374386 1 2 1.000000
Kirito_face.png
0 -0.009348 -0.081698 1.492801 -0.674045 -0.725687 0.137993 0.358763 0.374386 1 2 1.000000
0 -0.000085 -0.082863 1.482980 0.000107 -0.863621 -0.504141 0.404856 0.343367 1 2 1.000000
0 -0.000085 -0.097440 1.498776 0.000044 -0.999464 0.032727 0.404856 0.389896 1 2 1.000000
Kirito_face.png
0 0.009177 -0.081698 1.492801 0.674059 -0.725675 0.137989 0.450950 0.374386 1 2 1.000000
0 -0.000085 -0.097440 1.498776 0.000044 -0.999464 0.032727 0.404856 0.389896 1 2 1.000000
0 -0.000085 -0.082863 1.482980 0.000107 -0.863621 -0.504141 0.404856 0.343367 1 2 1.000000
Kirito_face.png
0 -0.000085 -0.082863 1.482980 0.000107 -0.863621 -0.504141 0.404856 0.343367 1 2 1.000000
0 0.033193 -0.060301 1.469813 0.510041 -0.722283 -0.467082 0.585390 0.265818 1 2 1.000000
0 0.009177 -0.081698 1.492801 0.674059 -0.725675 0.137989 0.450950 0.374386 1 2 1.000000
Kirito_face.png
0 0.038169 -0.064819 1.483030 0.558601 -0.776955 -0.290355 0.616119 0.316225 1 2 1.000000
0 0.009177 -0.081698 1.492801 0.674059 -0.725675 0.137989 0.450950 0.374386 1 2 1.000000
0 0.033193 -0.060301 1.469813 0.510041 -0.722283 -0.467082 0.585390 0.265818 1 2 1.000000
Kirito_face.png
0 0.033193 -0.060301 1.469813 0.510041 -0.722283 -0.467082 0.585390 0.265818 1 2 1.000000
0 0.059417 -0.041866 1.480597 0.796226 -0.420459 -0.435015 0.708306 0.273573 1 2 1.000000
0 0.038169 -0.064819 1.483030 0.558601 -0.776955 -0.290355 0.616119 0.316225 1 2 1.000000
Kirito_face.png
0 0.043812 -0.062992 1.498154 0.572480 -0.797276 0.191356 0.639166 0.382141 1 2 1.000000
0 0.038169 -0.064819 1.483030 0.558601 -0.776955 -0.290355 0.616119 0.316225 1 2 1.000000
0 0.059417 -0.041866 1.480597 0.796226 -0.420459 -0.435015 0.708306 0.273573 1 2 1.000000
Kirito_face.png
0 0.059417 -0.041866 1.480597 0.796226 -0.420459 -0.435015 0.708306 0.273573 1 2 1.000000
0 0.063794 -0.043050 1.494626 0.876198 -0.418370 -0.239255 0.731353 0.335612 1 2 1.000000
0 0.043812 -0.062992 1.498154 0.572480 -0.797276 0.191356 0.639166 0.382141 1 2 1.000000
Kirito_face.png
0 -0.030975 -0.048177 1.454716 -0.612135 -0.271456 -0.742700 0.228164 0.137863 1 2 1.000000
0 -0.033363 -0.060301 1.469813 -0.511200 -0.720337 -0.468818 0.224323 0.265818 1 2 1.000000
0 -0.050117 -0.044177 1.470286 -0.685956 -0.343112 -0.641668 0.155182 0.207656 1 2 1.000000
Kirito_face.png
0 -0.059417 -0.041866 1.480597 -0.795352 -0.418531 -0.438459 0.105247 0.273573 1 2 1.000000
0 -0.050117 -0.044177 1.470286 -0.685956 -0.343112 -0.641668 0.155182 0.207656 1 2 1.000000
0 -0.033363 -0.060301 1.469813 -0.511200 -0.720337 -0.468818 0.224323 0.265818 1 2 1.000000
Kirito_face.png
0 -0.033363 -0.060301 1.469813 -0.511200 -0.720337 -0.468818 0.224323 0.265818 1 2 1.000000
0 -0.038339 -0.064819 1.483030 -0.559997 -0.775785 -0.290795 0.197435 0.316225 1 2 1.000000
0 -0.059417 -0.041866 1.480597 -0.795352 -0.418531 -0.438459 0.105247 0.273573 1 2 1.000000
Kirito_face.png
0 -0.043983 -0.062992 1.498154 -0.573042 -0.797233 0.189850 0.170547 0.382141 1 2 1.000000
0 -0.059417 -0.041866 1.480597 -0.795352 -0.418531 -0.438459 0.105247 0.273573 1 2 1.000000
0 -0.038339 -0.064819 1.483030 -0.559997 -0.775785 -0.290795 0.197435 0.316225 1 2 1.000000
Kirito_face.png
0 -0.038339 -0.064819 1.483030 -0.559997 -0.775785 -0.290795 0.197435 0.316225 1 2 1.000000
0 -0.009348 -0.081698 1.492801 -0.674045 -0.725687 0.137993 0.358763 0.374386 1 2 1.000000
0 -0.043983 -0.062992 1.498154 -0.573042 -0.797233 0.189850 0.170547 0.382141 1 2 1.000000
Kirito_face.png
0 -0.009922 -0.064811 1.504905 -0.619995 -0.708424 0.337256 0.351080 0.440303 1 2 1.000000
0 -0.043983 -0.062992 1.498154 -0.573042 -0.797233 0.189850 0.170547 0.382141 1 2 1.000000
0 -0.009348 -0.081698 1.492801 -0.674045 -0.725687 0.137993 0.358763 0.374386 1 2 1.000000
Kirito_face.png
0 -0.009348 -0.081698 1.492801 -0.674045 -0.725687 0.137993 0.358763 0.374386 1 2 1.000000
0 -0.000085 -0.082015 1.508657 0.000015 -0.809977 0.586462 0.404856 0.459690 1 2 1.000000
0 -0.009922 -0.064811 1.504905 -0.619995 -0.708424 0.337256 0.351080 0.440303 1 2 1.000000
Kirito_face.png
0 -0.000085 -0.080211 1.523078 0.000011 -0.984707 -0.174218 0.404856 0.529484 1 2 1.000000
0 -0.009922 -0.064811 1.504905 -0.619995 -0.708424 0.337256 0.351080 0.440303 1 2 1.000000
0 -0.000085 -0.082015 1.508657 0.000015 -0.809977 0.586462 0.404856 0.459690 1 2 1.000000
Kirito_face.png
0 -0.000085 -0.082015 1.508657 0.000015 -0.809977 0.586462 0.404856 0.459690 1 2 1.000000
0 0.009752 -0.064811 1.504905 0.619999 -0.708425 0.337247 0.462473 0.440303 1 2 1.000000
0 -0.000085 -0.080211 1.523078 0.000011 -0.984707 -0.174218 0.404856 0.529484 1 2 1.000000
Kirito_face.png
0 0.013501 -0.076581 1.553905 0.501927 -0.819302 -0.277153 0.477838 0.688459 1 2 1.000000
0 -0.000085 -0.080211 1.523078 0.000011 -0.984707 -0.174218 0.404856 0.529484 1 2 1.000000
0 0.009752 -0.064811 1.504905 0.619999 -0.708425 0.337247 0.462473 0.440303 1 2 1.000000
Kirito_face.png
0 0.009752 -0.064811 1.504905 0.619999 -0.708425 0.337247 0.462473 0.440303 1 2 1.000000
0 0.066119 -0.042755 1.505760 0.805414 -0.589715 -0.059545 0.754400 0.440303 1 2 1.000000
0 0.013501 -0.076581 1.553905 0.501927 -0.819302 -0.277153 0.477838 0.688459 1 2 1.000000
Kirito_face.png
0 0.072974 -0.051647 1.556205 0.743567 -0.650504 -0.154767 0.788970 0.700091 1 2 1.000000
0 0.013501 -0.076581 1.553905 0.501927 -0.819302 -0.277153 0.477838 0.688459 1 2 1.000000
0 0.066119 -0.042755 1.505760 0.805414 -0.589715 -0.059545 0.754400 0.440303 1 2 1.000000
Kirito_face.png
0 0.066119 -0.042755 1.505760 0.805414 -0.589715 -0.059545 0.754400 0.440303 1 2 1.000000
0 0.078625 0.005408 1.541997 0.980815 -0.090735 0.172536 0.992551 0.610910 1 2 1.000000
0 0.072974 -0.051647 1.556205 0.743567 -0.650504 -0.154767 0.788970 0.700091 1 2 1.000000
Kirito_face.png
0 0.070921 -0.053963 1.573648 0.866222 -0.491155 0.091793 0.777447 0.797027 1 2 1.000000
0 0.072974 -0.051647 1.556205 0.743567 -0.650504 -0.154767 0.788970 0.700091 1 2 1.000000
0 0.078625 0.005408 1.541997 0.980815 -0.090735 0.172536 0.992551 0.610910 1 2 1.000000
Kirito_face.png
0 0.078625 0.005408 1.541997 0.980815 -0.090735 0.172536 0.992551 0.610910 1 2 1.000000
0 0.075523 -0.008834 1.616429 0.991824 -0.042827 0.120210 0.954140 0.882330 1 2 1.000000
0 0.070921 -0.053963 1.573648 0.866222 -0.491155 0.091793 0.777447 0.797027 1 2 1.000000
Kirito_face.png
0 0.055912 -0.054973 1.632461 0.641090 -0.740899 0.200181 0.719830 0.967634 1 2 1.000000
0 0.070921 -0.053963 1.573648 0.866222 -0.491155 0.091793 0.777447 0.797027 1 2 1.000000
0 0.075523 -0.008834 1.616429 0.991824 -0.042827 0.120210 0.954140 0.882330 1 2 1.000000
Kirito_face.png
0 0.070921 -0.053963 1.573648 0.866222 -0.491155 0.091793 0.777447 0.797027 1 2 1.000000
0 0.025178 -0.080745 1.576130 0.422982 -0.904935 -0.046681 0.535455 0.808659 1 2 1.000000
0 0.072974 -0.051647 1.556205 0.743567 -0.650504 -0.154767 0.788970 0.700091 1 2 1.000000
Kirito_face.png
0 0.013501 -0.076581 1.553905 0.501927 -0.819302 -0.277153 0.477838 0.688459 1 2 1.000000
0 0.072974 -0.051647 1.556205 0.743567 -0.650504 -0.154767 0.788970 0.700091 1 2 1.000000
0 0.025178 -0.080745 1.576130 0.422982 -0.904935 -0.046681 0.535455 0.808659 1 2 1.000000
Kirito_face.png
0 0.025178 -0.080745 1.576130 0.422982 -0.904935 -0.046681 0.535455 0.808659 1 2 1.000000
0 -0.000085 -0.088378 1.556687 0.000008 -0.971241 -0.238098 0.404856 0.700091 1 2 1.000000
0 0.013501 -0.076581 1.553905 0.501927 -0.819302 -0.277153 0.477838 0.688459 1 2 1.000000
Kirito_face.png
0 -0.000085 -0.080211 1.523078 0.000011 -0.984707 -0.174218 0.404856 0.529484 1 2 1.000000
0 0.013501 -0.076581 1.553905 0.501927 -0.819302 -0.277153 0.477838 0.688459 1 2 1.000000
0 -0.000085 -0.088378 1.556687 0.000008 -0.971241 -0.238098 0.404856 0.700091 1 2 1.000000
Kirito_face.png
0 -0.000085 -0.088378 1.556687 0.000008 -0.971241 -0.238098 0.404856 0.700091 1 2 1.000000
0 -0.013672 -0.076581 1.553905 -0.501918 -0.819308 -0.277150 0.331875 0.688459 1 2 1.000000
0 -0.000085 -0.080211 1.523078 0.000011 -0.984707 -0.174218 0.404856 0.529484 1 2 1.000000
Kirito_face.png
0 -0.009922 -0.064811 1.504905 -0.619995 -0.708424 0.337256 0.351080 0.440303 1 2 1.000000
0 -0.000085 -0.080211 1.523078 0.000011 -0.984707 -0.174218 0.404856 0.529484 1 2 1.000000
0 -0.013672 -0.076581 1.553905 -0.501918 -0.819308 -0.277150 0.331875 0.688459 1 2 1.000000
Kirito_face.png
0 -0.013672 -0.076581 1.553905 -0.501918 -0.819308 -0.277150 0.331875 0.688459 1 2 1.000000
0 -0.066289 -0.042755 1.505760 -0.803243 -0.592427 -0.061899 0.055312 0.440303 1 2 1.000000
0 -0.009922 -0.064811 1.504905 -0.619995 -0.708424 0.337256 0.351080 0.440303 1 2 1.000000
Kirito_face.png
0 -0.043983 -0.062992 1.498154 -0.573042 -0.797233 0.189850 0.170547 0.382141 1 2 1.000000
0 -0.009922 -0.064811 1.504905 -0.619995 -0.708424 0.337256 0.351080 0.440303 1 2 1.000000
0 -0.066289 -0.042755 1.505760 -0.803243 -0.592427 -0.061899 0.055312 0.440303 1 2 1.000000
Kirito_face.png
0 -0.066289 -0.042755 1.505760 -0.803243 -0.592427 -0.061899 0.055312 0.440303 1 2 1.000000
0 -0.063965 -0.043050 1.494626 -0.875033 -0.418050 -0.244032 0.078359 0.335612 1 2 1.000000
0 -0.043983 -0.062992 1.498154 -0.573042 -0.797233 0.189850 0.170547 0.382141 1 2 1.000000
Kirito_face.png
0 -0.059417 -0.041866 1.480597 -0.795352 -0.418531 -0.438459 0.105247 0.273573 1 2 1.000000
0 -0.043983 -0.062992 1.498154 -0.573042 -0.797233 0.189850 0.170547 0.382141 1 2 1.000000
0 -0.063965 -0.043050 1.494626 -0.875033 -0.418050 -0.244032 0.078359 0.335612 1 2 1.000000
Kirito_face.png
0 0.025178 -0.080745 1.576130 0.422982 -0.904935 -0.046681 0.535455 0.808659 1 2 1.000000
0 0.055912 -0.054973 1.632461 0.641090 -0.740899 0.200181 0.719830 0.967634 1 2 1.000000
0 -0.000085 -0.076933 1.634935 0.000001 -0.977722 0.209903 0.404856 0.994776 1 2 1.000000
Kirito_face.png
0 -0.000085 -0.076933 1.634935 0.000001 -0.977722 0.209903 0.404856 0.994776 1 2 1.000000
0 -0.000085 -0.088234 1.576217 0.000000 -0.995122 0.098653 0.404856 0.816414 1 2 1.000000
0 0.025178 -0.080745 1.576130 0.422982 -0.904935 -0.046681 0.535455 0.808659 1 2 1.000000
Kirito_face.png
0 -0.000085 -0.088378 1.556687 0.000008 -0.971241 -0.238098 0.404856 0.700091 1 2 1.000000
0 0.025178 -0.080745 1.576130 0.422982 -0.904935 -0.046681 0.535455 0.808659 1 2 1.000000
0 -0.000085 -0.088234 1.576217 0.000000 -0.995122 0.098653 0.404856 0.816414 1 2 1.000000
Kirito_face.png
0 -0.000085 -0.088234 1.576217 0.000000 -0.995122 0.098653 0.404856 0.816414 1 2 1.000000
0 -0.025348 -0.080745 1.576130 -0.422976 -0.904938 -0.046680 0.274258 0.808659 1 2 1.000000
0 -0.000085 -0.088378 1.556687 0.000008 -0.971241 -0.238098 0.404856 0.700091 1 2 1.000000
Kirito_face.png
0 -0.013672 -0.076581 1.553905 -0.501918 -0.819308 -0.277150 0.331875 0.688459 1 2 1.000000
0 -0.000085 -0.088378 1.556687 0.000008 -0.971241 -0.238098 0.404856 0.700091 1 2 1.000000
0 -0.025348 -0.080745 1.576130 -0.422976 -0.904938 -0.046680 0.274258 0.808659 1 2 1.000000
Kirito_face.png
0 -0.025348 -0.080745 1.576130 -0.422976 -0.904938 -0.046680 0.274258 0.808659 1 2 1.000000
0 -0.073144 -0.051647 1.556205 -0.740016 -0.654448 -0.155157 0.020742 0.700091 1 2 1.000000
0 -0.013672 -0.076581 1.553905 -0.501918 -0.819308 -0.277150 0.331875 0.688459 1 2 1.000000
Kirito_face.png
0 -0.066289 -0.042755 1.505760 -0.803243 -0.592427 -0.061899 0.055312 0.440303 1 2 1.000000
0 -0.013672 -0.076581 1.553905 -0.501918 -0.819308 -0.277150 0.331875 0.688459 1 2 1.000000
0 -0.073144 -0.051647 1.556205 -0.740016 -0.654448 -0.155157 0.020742 0.700091 1 2 1.000000
Kirito_face.png
0 0.000000 -0.047926 1.436600 -0.000000 0.120427 -0.992722 0.404856 0.013785 1 2 1.000000
0 0.006703 -0.054410 1.439382 0.497845 -0.406203 -0.766257 0.447109 0.064191 1 2 1.000000
0 0.000000 -0.057442 1.437154 -0.000027 -0.514742 -0.857345 0.404856 0.056436 1 2 1.000000
Kirito_face.png
0 0.000000 -0.057442 1.437154 -0.000027 -0.514742 -0.857345 0.404856 0.056436 1 2 1.000000
0 -0.006703 -0.054410 1.439382 -0.497670 -0.405103 -0.766953 0.447109 0.064191 1 2 1.000000
0 0.000000 -0.047926 1.436600 -0.000000 0.120427 -0.992722 0.404856 0.013785 1 2 1.000000
Kirito_face.png
0 -0.031692 -0.024419 1.454445 -0.456251 0.130565 -0.880221 0.781288 0.137863 1 2 1.000000
0 0.000000 -0.047926 1.436600 -0.000000 0.120427 -0.992722 0.404856 0.013785 1 2 1.000000
0 -0.006703 -0.054410 1.439382 -0.497670 -0.405103 -0.766953 0.447109 0.064191 1 2 1.000000
Kirito_face.png
0 -0.006703 -0.054410 1.439382 -0.497670 -0.405103 -0.766953 0.447109 0.064191 1 2 1.000000
0 -0.030975 -0.048177 1.454716 -0.612135 -0.271456 -0.742700 0.585390 0.137863 1 2 1.000000
0 -0.031692 -0.024419 1.454445 -0.456251 0.130565 -0.880221 0.781288 0.137863 1 2 1.000000
Kirito_face.png
0 -0.051504 -0.011779 1.470150 -0.676031 0.053553 -0.734925 0.873476 0.242553 1 2 1.000000
0 -0.031692 -0.024419 1.454445 -0.456251 0.130565 -0.880221 0.781288 0.137863 1 2 1.000000
0 -0.030975 -0.048177 1.454716 -0.612135 -0.271456 -0.742700 0.585390 0.137863 1 2 1.000000
Kirito_face.png
0 -0.030975 -0.048177 1.454716 -0.612135 -0.271456 -0.742700 0.585390 0.137863 1 2 1.000000
0 -0.050117 -0.044177 1.470286 -0.685956 -0.343112 -0.641668 0.654531 0.207656 1 2 1.000000
0 -0.051504 -0.011779 1.470150 -0.676031 0.053553 -0.734925 0.873476 0.242553 1 2 1.000000
Kirito_face.png
0 -0.059417 -0.041866 1.480597 -0.795352 -0.418531 -0.438459 0.708306 0.273573 1 2 1.000000
0 -0.051504 -0.011779 1.470150 -0.676031 0.053553 -0.734925 0.873476 0.242553 1 2 1.000000
0 -0.050117 -0.044177 1.470286 -0.685956 -0.343112 -0.641668 0.654531 0.207656 1 2 1.000000
Kirito_face.png
0 -0.067998 0.002429 1.496997 -0.921783 -0.026674 -0.386787 0.954140 0.343367 1 2 1.000000
0 -0.059417 -0.041866 1.480597 -0.795352 -0.418531 -0.438459 0.708306 0.273573 1 2 1.000000
0 -0.063965 -0.043050 1.494626 -0.875033 -0.418050 -0.244032 0.731353 0.335612 1 2 1.000000
Kirito_face.png
0 -0.063965 -0.043050 1.494626 -0.875033 -0.418050 -0.244032 0.731353 0.335612 1 2 1.000000
0 -0.066289 -0.042755 1.505760 -0.803243 -0.592427 -0.061899 0.754400 0.440303 1 2 1.000000
0 -0.067998 0.002429 1.496997 -0.921783 -0.026674 -0.386787 0.954140 0.343367 1 2 1.000000
Kirito_face.png
0 -0.078796 -0.001101 1.541997 -0.986618 -0.081885 0.140996 0.992551 0.610910 1 2 1.000000
0 -0.067998 0.002429 1.496997 -0.921783 -0.026674 -0.386787 0.954140 0.343367 1 2 1.000000
0 -0.066289 -0.042755 1.505760 -0.803243 -0.592427 -0.061899 0.754400 0.440303 1 2 1.000000
Kirito_face.png
0 -0.066289 -0.042755 1.505760 -0.803243 -0.592427 -0.061899 0.754400 0.440303 1 2 1.000000
0 -0.073144 -0.051647 1.556205 -0.740016 -0.654448 -0.155157 0.788970 0.700091 1 2 1.000000
0 -0.078796 -0.001101 1.541997 -0.986618 -0.081885 0.140996 0.992551 0.610910 1 2 1.000000
Kirito_face.png
0 -0.071092 -0.053963 1.573648 -0.864243 -0.494329 0.093395 0.777447 0.797027 1 2 1.000000
0 -0.078796 -0.001101 1.541997 -0.986618 -0.081885 0.140996 0.992551 0.610910 1 2 1.000000
0 -0.073144 -0.051647 1.556205 -0.740016 -0.654448 -0.155157 0.788970 0.700091 1 2 1.000000
Kirito_face.png
0 0.098741 0.019231 1.547545 0.594678 -0.347954 0.724766 0.016901 0.106843 1 2 1.000000
0 0.078625 0.005408 1.541997 0.980815 -0.090735 0.172536 0.055312 0.021539 1 2 1.000000
0 0.067828 0.002429 1.496997 0.920122 -0.051049 -0.388291 0.335716 0.029294 1 2 1.000000
Kirito_face.png
0 0.067828 0.002429 1.496997 0.920122 -0.051049 -0.388291 0.335716 0.029294 1 2 1.000000
0 0.098257 0.023642 1.521026 0.047258 0.984983 -0.166056 0.151341 0.184392 1 2 1.000000
0 0.098741 0.019231 1.547545 0.594678 -0.347954 0.724766 0.016901 0.106843 1 2 1.000000
Kirito_face.png
0 0.077582 0.017546 1.539093 0.449865 0.874934 0.179201 0.097565 0.087456 1 2 1.000000
0 0.098741 0.019231 1.547545 0.594678 -0.347954 0.724766 0.016901 0.106843 1 2 1.000000
0 0.098257 0.023642 1.521026 0.047258 0.984983 -0.166056 0.151341 0.184392 1 2 1.000000
Kirito_face.png
0 -0.025348 -0.080745 1.576130 -0.422976 -0.904938 -0.046680 0.274258 0.808659 1 2 1.000000
0 -0.000085 -0.088234 1.576217 0.000000 -0.995122 0.098653 0.404856 0.816414 1 2 1.000000
0 -0.000085 -0.076933 1.634935 0.000001 -0.977722 0.209903 0.404856 0.994776 1 2 1.000000
Kirito_face.png
0 -0.000085 -0.076933 1.634935 0.000001 -0.977722 0.209903 0.404856 0.994776 1 2 1.000000
0 -0.056083 -0.054973 1.632461 -0.641086 -0.740903 0.200180 0.093724 0.967634 1 2 1.000000
0 -0.025348 -0.080745 1.576130 -0.422976 -0.904938 -0.046680 0.274258 0.808659 1 2 1.000000
Kirito_face.png
0 -0.071092 -0.053963 1.573648 -0.864243 -0.494329 0.093395 0.032266 0.797027 1 2 1.000000
0 -0.025348 -0.080745 1.576130 -0.422976 -0.904938 -0.046680 0.274258 0.808659 1 2 1.000000
0 -0.056083 -0.054973 1.632461 -0.641086 -0.740903 0.200180 0.093724 0.967634 1 2 1.000000
Kirito_face.png
0 -0.098912 0.019231 1.547545 -0.616683 -0.336942 0.711457 0.016901 0.106843 1 2 1.000000
0 -0.067998 0.002429 1.496997 -0.921783 -0.026674 -0.386787 0.335716 0.029294 1 2 1.000000
0 -0.078796 -0.001101 1.541997 -0.986618 -0.081885 0.140996 0.055312 0.021539 1 2 1.000000
Kirito_face.png
0 -0.078796 -0.001101 1.541997 -0.986618 -0.081885 0.140996 0.055312 0.021539 1 2 1.000000
0 -0.077753 0.012720 1.539093 -0.393275 0.888870 0.235041 0.097565 0.087456 1 2 1.000000
0 -0.098912 0.019231 1.547545 -0.616683 -0.336942 0.711457 0.016901 0.106843 1 2 1.000000
Kirito_face.png
0 -0.098427 0.023642 1.521026 0.224519 0.972544 -0.061238 0.151341 0.184392 1 2 1.000000
0 -0.098912 0.019231 1.547545 -0.616683 -0.336942 0.711457 0.016901 0.106843 1 2 1.000000
0 -0.077753 0.012720 1.539093 -0.393275 0.888870 0.235041 0.097565 0.087456 1 2 1.000000
Kirito_face.png
0 0.031692 -0.024419 1.454445 0.456257 0.130566 -0.880217 0.781288 0.137863 1 2 1.000000
0 0.051503 -0.011779 1.470150 0.676827 0.053933 -0.734163 0.873476 0.242553 1 2 1.000000
0 0.030975 -0.048177 1.454716 0.612103 -0.273417 -0.742007 0.585390 0.137863 1 2 1.000000
Kirito_face.png
0 0.030975 -0.048177 1.454716 0.612103 -0.273417 -0.742007 0.585390 0.137863 1 2 1.000000
0 0.006703 -0.054410 1.439382 0.497845 -0.406203 -0.766257 0.447109 0.064191 1 2 1.000000
0 0.031692 -0.024419 1.454445 0.456257 0.130566 -0.880217 0.781288 0.137863 1 2 1.000000
Kirito_face.png
0 0.000000 -0.047926 1.436600 -0.000000 0.120427 -0.992722 0.404856 0.013785 1 2 1.000000
0 0.031692 -0.024419 1.454445 0.456257 0.130566 -0.880217 0.781288 0.137863 1 2 1.000000
0 0.006703 -0.054410 1.439382 0.497845 -0.406203 -0.766257 0.447109 0.064191 1 2 1.000000
Kirito_face.png
0 -0.033363 -0.060301 1.469813 -0.511200 -0.720337 -0.468818 0.224323 0.265818 1 2 1.000000
0 -0.006703 -0.054410 1.439382 -0.497670 -0.405103 -0.766953 0.366445 0.064191 1 2 1.000000
0 -0.000085 -0.082863 1.482980 0.000107 -0.863621 -0.504141 0.404856 0.343367 1 2 1.000000
Kirito_face.png
0 -0.000085 -0.082863 1.482980 0.000107 -0.863621 -0.504141 0.404856 0.343367 1 2 1.000000
0 -0.009348 -0.081698 1.492801 -0.674045 -0.725687 0.137993 0.358763 0.374386 1 2 1.000000
0 -0.033363 -0.060301 1.469813 -0.511200 -0.720337 -0.468818 0.224323 0.265818 1 2 1.000000
Kirito_face.png
0 -0.038339 -0.064819 1.483030 -0.559997 -0.775785 -0.290795 0.197435 0.316225 1 2 1.000000
0 -0.033363 -0.060301 1.469813 -0.511200 -0.720337 -0.468818 0.224323 0.265818 1 2 1.000000
0 -0.009348 -0.081698 1.492801 -0.674045 -0.725687 0.137993 0.358763 0.374386 1 2 1.000000
Kirito_face.png
0 -0.075694 -0.008834 1.616429 -0.992112 -0.053975 0.113142 0.954140 0.882330 1 2 1.000000
0 -0.078796 -0.001101 1.541997 -0.986618 -0.081885 0.140996 0.992551 0.610910 1 2 1.000000
0 -0.071092 -0.053963 1.573648 -0.864243 -0.494329 0.093395 0.777447 0.797027 1 2 1.000000
Kirito_face.png
0 -0.071092 -0.053963 1.573648 -0.864243 -0.494329 0.093395 0.777447 0.797027 1 2 1.000000
0 -0.056083 -0.054973 1.632461 -0.641086 -0.740903 0.200180 0.719830 0.967634 1 2 1.000000
0 -0.075694 -0.008834 1.616429 -0.992112 -0.053975 0.113142 0.954140 0.882330 1 2 1.000000
Kirito_face.png
0 0.055912 -0.054973 1.632461 0.641090 -0.740899 0.200181 0.719830 0.967634 1 2 1.000000
0 0.025178 -0.080745 1.576130 0.422982 -0.904935 -0.046681 0.535455 0.808659 1 2 1.000000
0 0.070921 -0.053963 1.573648 0.866222 -0.491155 0.091793 0.777447 0.797027 1 2 1.000000
Kirito_face.png
0 0.067828 0.002429 1.496997 0.920122 -0.051049 -0.388291 0.954140 0.343367 1 2 1.000000
0 0.077582 0.017546 1.539093 0.449865 0.874934 0.179201 0.992551 0.316225 1 2 1.000000
0 0.098257 0.023642 1.521026 0.047258 0.984983 -0.166056 0.996392 0.490709 1 2 1.000000
Kirito_face.png
0 0.077582 0.017546 1.539093 0.449865 0.874934 0.179201 0.097565 0.087456 1 2 1.000000
0 0.078625 0.005408 1.541997 0.980815 -0.090735 0.172536 0.055312 0.021539 1 2 1.000000
0 0.098741 0.019231 1.547545 0.594678 -0.347954 0.724766 0.016901 0.106843 1 2 1.000000
Kirito_face.png
0 0.066119 -0.042755 1.505760 0.805414 -0.589715 -0.059545 0.754400 0.440303 1 2 1.000000
0 0.067828 0.002429 1.496997 0.920122 -0.051049 -0.388291 0.954140 0.343367 1 2 1.000000
0 0.078625 0.005408 1.541997 0.980815 -0.090735 0.172536 0.992551 0.610910 1 2 1.000000
Kirito_face.png
0 0.075523 -0.008834 1.616429 0.991824 -0.042827 0.120210 0.815858 0.944369 1 2 1.000000
0 0.078625 0.005408 1.541997 0.980815 -0.090735 0.172536 0.838905 0.855188 1 2 1.000000
0 0.058402 0.060473 1.564600 0.852215 0.522903 -0.017371 0.911887 0.890085 1 2 1.000000
Kirito_face.png
0 0.078625 0.005408 1.541997 0.980815 -0.090735 0.172536 0.854270 0.851311 1 2 1.000000
0 0.077582 0.017546 1.539093 0.449865 0.874934 0.179201 0.877317 0.831924 1 2 1.000000
0 0.058402 0.060473 1.564600 0.852215 0.522903 -0.017371 0.938775 0.893963 1 2 1.000000
Kirito_face.png
0 -0.098427 0.023642 1.521026 0.224519 0.972544 -0.061238 0.996392 0.490709 1 2 1.000000
0 -0.077753 0.012720 1.539093 -0.393275 0.888870 0.235041 0.992551 0.316225 1 2 1.000000
0 -0.067998 0.002429 1.496997 -0.921783 -0.026674 -0.386787 0.954140 0.343367 1 2 1.000000
Kirito_face.png
0 -0.098427 0.023642 1.521026 0.224519 0.972544 -0.061238 0.151341 0.184392 1 2 1.000000
0 -0.067998 0.002429 1.496997 -0.921783 -0.026674 -0.386787 0.335716 0.029294 1 2 1.000000
0 -0.098912 0.019231 1.547545 -0.616683 -0.336942 0.711457 0.016901 0.106843 1 2 1.000000
Kirito_face.png
0 -0.059417 -0.041866 1.480597 -0.795352 -0.418531 -0.438459 0.708306 0.273573 1 2 1.000000
0 -0.067998 0.002429 1.496997 -0.921783 -0.026674 -0.386787 0.954140 0.343367 1 2 1.000000
0 -0.051504 -0.011779 1.470150 -0.676031 0.053553 -0.734925 0.873476 0.242553 1 2 1.000000
Kirito_face.png
0 -0.030975 -0.048177 1.454716 -0.612135 -0.271456 -0.742700 0.228164 0.137863 1 2 1.000000
0 -0.006703 -0.054410 1.439382 -0.497670 -0.405103 -0.766953 0.366445 0.056436 1 2 1.000000
0 -0.033363 -0.060301 1.469813 -0.511200 -0.720337 -0.468818 0.224323 0.265818 1 2 1.000000
Kirito_face.png
0 -0.058572 0.061601 1.564600 -0.865324 0.500431 -0.027969 0.911887 0.890085 1 2 1.000000
0 -0.078796 -0.001101 1.541997 -0.986618 -0.081885 0.140996 0.838905 0.855188 1 2 1.000000
0 -0.075694 -0.008834 1.616429 -0.992112 -0.053975 0.113142 0.815858 0.944369 1 2 1.000000
Kirito_face.png
0 -0.058572 0.061601 1.564600 -0.865324 0.500431 -0.027969 0.938775 0.893963 1 2 1.000000
0 -0.077753 0.012720 1.539093 -0.393275 0.888870 0.235041 0.877317 0.831924 1 2 1.000000
0 -0.078796 -0.001101 1.541997 -0.986618 -0.081885 0.140996 0.854270 0.851311 1 2 1.000000
Kirito_face.png
0 0.059417 -0.041866 1.480597 0.796226 -0.420459 -0.435015 0.708306 0.273573 1 2 1.000000
0 0.033193 -0.060301 1.469813 0.510041 -0.722283 -0.467082 0.585390 0.265818 1 2 1.000000
0 0.050117 -0.044177 1.470286 0.685574 -0.345775 -0.640646 0.654531 0.207656 1 2 1.000000
Kirito_face.png
0 0.038169 -0.064819 1.483030 0.558601 -0.776955 -0.290355 0.616119 0.316225 1 2 1.000000
0 0.043812 -0.062992 1.498154 0.572480 -0.797276 0.191356 0.639166 0.382141 1 2 1.000000
0 0.009177 -0.081698 1.492801 0.674059 -0.725675 0.137989 0.450950 0.374386 1 2 1.000000
Kirito_face.png
0 -0.000085 -0.097440 1.498776 0.000044 -0.999464 0.032727 0.404856 0.389896 1 2 1.000000
0 0.009177 -0.081698 1.492801 0.674059 -0.725675 0.137989 0.450950 0.374386 1 2 1.000000
0 -0.000085 -0.086290 1.503933 0.000027 -0.597557 0.801827 0.404856 0.428670 1 2 1.000000
Kirito_face.png
0 -0.025348 -0.080745 1.576130 -0.422976 -0.904938 -0.046680 0.274258 0.808659 1 2 1.000000
0 -0.071092 -0.053963 1.573648 -0.864243 -0.494329 0.093395 0.032266 0.797027 1 2 1.000000
0 -0.073144 -0.051647 1.556205 -0.740016 -0.654448 -0.155157 0.020742 0.700091 1 2 1.000000
Kirito_face.png
0 0.039294 0.038021 1.466000 0.798253 0.527562 -0.290639 0.988710 0.025417 2 2 0.710000 1 0.290000
0 0.077582 0.017546 1.539093 0.449865 0.874934 0.179201 0.992551 0.316225 1 2 1.000000
0 0.067828 0.002429 1.496997 0.920122 -0.051049 -0.388291 0.954140 0.343367 1 2 1.000000
Kirito_face.png
0 0.067828 0.002429 1.496997 0.920122 -0.051049 -0.388291 0.954140 0.343367 1 2 1.000000
0 0.051503 -0.011779 1.470150 0.676827 0.053933 -0.734163 0.873476 0.242553 1 2 1.000000
0 0.039294 0.038021 1.466000 0.798253 0.527562 -0.290639 0.988710 0.025417 2 2 0.710000 1 0.290000
Kirito_face.png
0 0.026872 -0.002793 1.457621 0.798327 -0.234158 -0.554836 0.884999 0.118475 2 2 0.710000 1 0.290000
0 0.039294 0.038021 1.466000 0.798253 0.527562 -0.290639 0.988710 0.025417 2 2 0.710000 1 0.290000
0 0.051503 -0.011779 1.470150 0.676827 0.053933 -0.734163 0.873476 0.242553 1 2 1.000000
Kirito_face.png
0 0.051503 -0.011779 1.470150 0.676827 0.053933 -0.734163 0.873476 0.242553 1 2 1.000000
0 0.031692 -0.024419 1.454445 0.456257 0.130566 -0.880217 0.781288 0.137863 1 2 1.000000
0 0.026872 -0.002793 1.457621 0.798327 -0.234158 -0.554836 0.884999 0.118475 2 2 0.710000 1 0.290000
Kirito_face.png
0 0.000000 -0.022266 1.445355 0.000000 -0.495059 -0.868859 0.700624 0.009907 2 2 0.710000 1 0.290000
0 0.026872 -0.002793 1.457621 0.798327 -0.234158 -0.554836 0.884999 0.118475 2 2 0.710000 1 0.290000
0 0.031692 -0.024419 1.454445 0.456257 0.130566 -0.880217 0.781288 0.137863 1 2 1.000000
Kirito_face.png
0 0.031692 -0.024419 1.454445 0.456257 0.130566 -0.880217 0.781288 0.137863 1 2 1.000000
0 0.000000 -0.047926 1.436600 -0.000000 0.120427 -0.992722 0.404856 0.013785 1 2 1.000000
0 0.000000 -0.022266 1.445355 0.000000 -0.495059 -0.868859 0.700624 0.009907 2 2 0.710000 1 0.290000
Kirito_face.png
0 -0.031692 -0.024419 1.454445 -0.456251 0.130565 -0.880221 0.781288 0.137863 1 2 1.000000
0 0.000000 -0.022266 1.445355 0.000000 -0.495059 -0.868859 0.700624 0.009907 2 2 0.710000 1 0.290000
0 0.000000 -0.047926 1.436600 -0.000000 0.120427 -0.992722 0.404856 0.013785 1 2 1.000000
Kirito_face.png
0 -0.026872 -0.002793 1.457621 -0.798324 -0.234158 -0.554842 0.884999 0.118475 2 2 0.710000 1 0.290000
0 0.000000 -0.022266 1.445355 0.000000 -0.495059 -0.868859 0.700624 0.009907 2 2 0.710000 1 0.290000
0 -0.031692 -0.024419 1.454445 -0.456251 0.130565 -0.880221 0.781288 0.137863 1 2 1.000000
Kirito_face.png
0 -0.031692 -0.024419 1.454445 -0.456251 0.130565 -0.880221 0.781288 0.137863 1 2 1.000000
0 -0.051504 -0.011779 1.470150 -0.676031 0.053553 -0.734925 0.873476 0.242553 1 2 1.000000
0 -0.026872 -0.002793 1.457621 -0.798324 -0.234158 -0.554842 0.884999 0.118475 2 2 0.710000 1 0.290000
Kirito_face.png
0 -0.039294 0.038021 1.466000 -0.800248 0.526095 -0.287797 0.988710 0.025417 2 2 0.710000 1 0.290000
0 -0.026872 -0.002793 1.457621 -0.798324 -0.234158 -0.554842 0.884999 0.118475 2 2 0.710000 1 0.290000
0 -0.051504 -0.011779 1.470150 -0.676031 0.053553 -0.734925 0.873476 0.242553 1 2 1.000000
Kirito_face.png
0 -0.051504 -0.011779 1.470150 -0.676031 0.053553 -0.734925 0.873476 0.242553 1 2 1.000000
0 -0.067998 0.002429 1.496997 -0.921783 -0.026674 -0.386787 0.954140 0.343367 1 2 1.000000
0 -0.039294 0.038021 1.466000 -0.800248 0.526095 -0.287797 0.988710 0.025417 2 2 0.710000 1 0.290000
Kirito_face.png
0 -0.077753 0.012720 1.539093 -0.393275 0.888870 0.235041 0.992551 0.316225 1 2 1.000000
0 -0.039294 0.038021 1.466000 -0.800248 0.526095 -0.287797 0.988710 0.025417 2 2 0.710000 1 0.290000
0 -0.067998 0.002429 1.496997 -0.921783 -0.026674 -0.386787 0.954140 0.343367 1 2 1.000000
Kirito_face.png
0 -0.000085 0.087304 1.564600 0.004314 0.964238 -0.265002 0.915728 0.909472 1 2 1.000000
0 0.058402 0.060473 1.564600 0.852215 0.522903 -0.017371 0.915728 0.952124 1 2 1.000000
0 0.039294 0.038021 1.466000 0.798253 0.527562 -0.290639 0.877317 0.952124 2 2 0.710000 1 0.290000
Kirito_face.png
0 0.039294 0.038021 1.466000 0.798253 0.527562 -0.290639 0.877317 0.952124 2 2 0.710000 1 0.290000
0 0.000000 0.063613 1.459335 -0.000004 0.997598 0.069271 0.877317 0.909472 2 2 0.710000 1 0.290000
0 -0.000085 0.087304 1.564600 0.004314 0.964238 -0.265002 0.915728 0.909472 1 2 1.000000
Kirito_face.png
0 -0.039294 0.038021 1.466000 -0.800248 0.526095 -0.287797 0.915728 0.952124 2 2 0.710000 1 0.290000
0 -0.058572 0.061601 1.564600 -0.865324 0.500431 -0.027969 0.877317 0.952124 1 2 1.000000
0 -0.000085 0.087304 1.564600 0.004314 0.964238 -0.265002 0.877317 0.909472 1 2 1.000000
Kirito_face.png
0 -0.000085 0.087304 1.564600 0.004314 0.964238 -0.265002 0.877317 0.909472 1 2 1.000000
0 0.000000 0.063613 1.459335 -0.000004 0.997598 0.069271 0.915728 0.909472 2 2 0.710000 1 0.290000
0 -0.039294 0.038021 1.466000 -0.800248 0.526095 -0.287797 0.915728 0.952124 2 2 0.710000 1 0.290000
Kirito_face.png
0 0.077582 0.017546 1.539093 0.449865 0.874934 0.179201 0.877317 0.831924 1 2 1.000000
0 0.039294 0.038021 1.466000 0.798253 0.527562 -0.290639 0.911887 0.719478 2 2 0.710000 1 0.290000
0 0.058402 0.060473 1.564600 0.852215 0.522903 -0.017371 0.938775 0.893963 1 2 1.000000
Kirito_face.png
0 -0.058572 0.061601 1.564600 -0.865324 0.500431 -0.027969 0.938775 0.893963 1 2 1.000000
0 -0.039294 0.038021 1.466000 -0.800248 0.526095 -0.287797 0.911887 0.719478 2 2 0.710000 1 0.290000
0 -0.077753 0.012720 1.539093 -0.393275 0.888870 0.235041 0.877317 0.831924 1 2 1.000000
end
