<?xml version="1.0" encoding="utf-8"?>
<COLLADA xmlns="http://www.collada.org/2005/11/COLLADASchema" version="1.4.1">
  <asset>
    <contributor>
      <author>Blender User</author>
      <authoring_tool>Blender 2.77.0 commit date:2016-03-18, commit time:12:34, hash:22a2853</authoring_tool>
    </contributor>
    <created>2021-06-27T01:02:02</created>
    <modified>2021-06-27T01:02:02</modified>
    <unit name="meter" meter="1"/>
    <up_axis>Z_UP</up_axis>
  </asset>
  <library_images>
    <image id="chr514a01_png" name="chr514a01_png">
      <init_from>chr514a01.png</init_from>
    </image>
    <image id="chr514a01s_png" name="chr514a01s_png">
      <init_from>chr514a01s.png</init_from>
    </image>
  </library_images>
  <library_effects>
    <effect id="chr514_mat_000-effect">
      <profile_COMMON>
        <newparam sid="chr514a01_png-surface">
          <surface type="2D">
            <init_from>chr514a01_png</init_from>
          </surface>
        </newparam>
        <newparam sid="chr514a01_png-sampler">
          <sampler2D>
            <source>chr514a01_png-surface</source>
          </sampler2D>
        </newparam>
        <technique sid="common">
          <phong>
            <emission>
              <color sid="emission">0 0 0 1</color>
            </emission>
            <ambient>
              <color sid="ambient">0 0 0 1</color>
            </ambient>
            <diffuse>
              <texture texture="chr514a01_png-sampler" texcoord="chr514_0-mesh-map-0"/>
            </diffuse>
            <specular>
              <color sid="specular">0.5 0.5 0.5 1</color>
            </specular>
            <shininess>
              <float sid="shininess">50</float>
            </shininess>
            <index_of_refraction>
              <float sid="index_of_refraction">1</float>
            </index_of_refraction>
          </phong>
        </technique>
      </profile_COMMON>
    </effect>
    <effect id="chr514_mat_001-effect">
      <profile_COMMON>
        <newparam sid="chr514a01s_png-surface">
          <surface type="2D">
            <init_from>chr514a01s_png</init_from>
          </surface>
        </newparam>
        <newparam sid="chr514a01s_png-sampler">
          <sampler2D>
            <source>chr514a01s_png-surface</source>
          </sampler2D>
        </newparam>
        <technique sid="common">
          <phong>
            <emission>
              <color sid="emission">0 0 0 1</color>
            </emission>
            <ambient>
              <color sid="ambient">0 0 0 1</color>
            </ambient>
            <diffuse>
              <texture texture="chr514a01s_png-sampler"/>
            </diffuse>
            <specular>
              <color sid="specular">0.5 0.5 0.5 1</color>
            </specular>
            <shininess>
              <float sid="shininess">50</float>
            </shininess>
            <index_of_refraction>
              <float sid="index_of_refraction">1</float>
            </index_of_refraction>
          </phong>
        </technique>
      </profile_COMMON>
    </effect>
  </library_effects>
  <library_materials>
    <material id="chr514_mat_000-material" name="chr514_mat_000">
      <instance_effect url="#chr514_mat_000-effect"/>
    </material>
    <material id="chr514_mat_001-material" name="chr514_mat_001">
      <instance_effect url="#chr514_mat_001-effect"/>
    </material>
  </library_materials>
  <library_geometries>
    <geometry id="chr514_0-mesh" name="chr514_0">
      <mesh>
        <source id="chr514_0-mesh-positions">
          <float_array id="chr514_0-mesh-positions-array" count="3309">0.002560198 0.02409845 0.004328787 0.001984298 0.02532136 0.004204273 0 0.0253843 0.004772782 0.003791153 0.02485877 -5.707e-4 0.003535389 0.0256356 -6.23e-4 0.002928853 0.02542996 0.002655684 0.003816843 0.02391242 0.003145456 0.007326841 0.00453943 0.004925549 0.007890343 0.008738875 0.006073117 0.005177736 0.00867176 0.00854665 0.007598817 0.01288235 0.005452871 0.009460449 0.008619785 0.001199543 0.00903958 0.01288235 2.941e-4 0.006332397 0.002259254 0.002826631 0.003765881 0.001318991 0.003786981 0.004916787 0.01287317 0.008300185 0 0.00870037 0.009394466 0.001398563 0.009041666 -0.03001528 9.645e-4 0.009942352 -0.03001528 0.002091765 0.01006191 -0.0240454 0.002729475 0.008205473 -0.0240454 0.008063375 0.01583236 -2.047e-4 0.007159411 0.01564407 -0.004929423 0.006389141 0.01797169 -0.005018532 0.00903958 0.01288235 2.941e-4 0.008285582 0.01287317 -0.004175603 0.006529033 0.01627439 0.004611611 0.004526257 0.01622319 -0.007529497 0.00714308 0.01309382 -0.006731331 0.003922522 0.01404625 -0.009130656 0.007244825 0.005711615 -0.007574081 0.008231461 0.008627891 -0.0074175 0.008319497 0.005333364 -0.003944218 0 0.02388 0.005058646 0 0.02041876 0.006407797 0.00358659 0.02018666 0.005766332 0.002560198 0.02409845 0.004328787 0 0.01668351 -0.008021771 0.005824387 0.001849114 -0.004158318 0.006359696 0.001513183 -0.001078367 0.003309071 2.79e-4 -8.18e-4 0.003083944 7.495e-4 -0.004422426 0.004704356 0.004321873 0.00753659 0 8.515e-4 0.004571497 0.006205499 0.01804006 0.004161775 0.004605889 0.01636779 0.006980299 0 4.428e-4 -0.004727423 0 1.054e-4 -6.958e-4 0.0087592 0.005072832 -0.001417577 0.008063375 0.01583236 -2.047e-4 0.005439341 0.002708256 -0.007843971 0 0.001453757 -0.008032262 0.008487761 0.005055189 0.00167793 0.005616903 0.02118325 -0.005099654 0.003707408 0.01958197 -0.006707847 0 0.009757757 -0.03401041 0.005473256 0.02021205 0.004079461 0.003816843 0.02391242 0.003145456 0.003166615 0.0244866 -0.003577888 9.431e-4 0.008320868 -0.03001528 0 0.01047438 -0.03001528 0 0.0198552 -0.007381439 0 0.01657009 0.007854878 0 0.02435547 -0.005083501 0 0.004100799 0.008492767 0.009473264 0.008620858 -0.003191888 0 1.054e-4 -6.958e-4 0 0.01411569 -0.009524285 0 0.007828772 -0.03001528 0 0.009757757 -0.03401041 0 0.01139146 -0.01899427 0.002854168 0.0101034 -0.01899427 0 0.01097613 -0.0240454 0.003309071 2.79e-4 -8.18e-4 0.00359416 0.007197082 -0.01899427 0.001884996 0.005236268 -0.01899427 0.002072811 0.00645405 -0.0240454 0.0087592 0.005072832 -0.001417577 0.008057951 0.03784942 0.01013368 0.007104754 0.04168069 0.01077127 0.005182266 0.03821998 0.01137036 0 0.05356478 -0.003094792 0 0.05417513 0.001286745 0.003446519 0.05359888 0.0013116 0.003634095 0.0530039 -0.002875447 0.006273925 0.02993077 0.01294893 0.003969848 0.02813369 0.01192319 0.00490123 0.02772319 0.008249998 0.007900178 0.02994257 0.009417057 0.00248903 0.02993309 0.01674455 0.002861917 0.0286135 0.01460772 0.004475593 0.02981519 0.01541292 0.01011407 0.04566836 -0.006747186 0.00992006 0.04830569 -0.003735601 0.01147818 0.04502594 -0.003201603 0 0.02897363 0.01620537 0 0.02835541 0.01470488 0.001896739 0.02896416 0.01578199 0.007702112 0.0509265 -0.00261867 0.003677845 0.05103886 -0.006613492 0 0.02756989 0.01208955 0.01186448 0.03919619 -0.008293271 0.0112015 0.04279077 -0.00728625 0.01348292 0.03919929 -0.003424882 0.008086979 0.04576069 -0.009979963 0 0.02680128 0.008656978 0.006058037 0.05238872 0.001225948 0 0.04224812 -0.01413708 0 0.04595392 -0.01290291 0.004597187 0.04209506 -0.01342839 0 0.05342561 0.005112767 0.003440082 0.05275803 0.004889786 0.004429638 0.04594641 -0.0121358 0.008695483 0.04218745 -0.01149719 0 0.02625507 0.005289912 0.001838386 0.02627176 0.004775464 0.02540439 0.02127903 -0.005911171 0.02993744 0.02109932 -0.004341781 0.02992445 0.01940053 -0.005491197 0.02540558 0.0198155 -0.006928265 0.02058839 0.02108412 0.00241667 0.02072215 0.01971018 0.003418803 0.02533936 0.01978659 0.004176557 0.02543717 0.02119946 0.002829611 0.02055776 0.01968169 -0.005518019 0.02056092 0.0213055 -0.004527986 0.03927445 0.01726412 -0.002120435 0.03927445 0.01728695 -0.001280069 0.03457975 0.01683527 -0.001135945 0.03440958 0.01706278 -0.002963662 0.02991986 0.0209102 0.002669692 0.02985656 0.01947665 0.003968179 0.03467869 0.01897609 0.003170192 0.03461658 0.02047079 0.001825988 0.02069896 0.0220744 -9.178e-4 0.02540522 0.02220118 -8.37e-4 0.02540379 0.01694273 -7.749e-4 0.02542763 0.01782566 0.00334084 0.02055776 0.01792591 0.002434611 0.02062469 0.01716047 -8.524e-4 0.02985376 0.01729756 -0.004527211 0.02535134 0.01774919 -0.005339682 0.02989351 0.01684159 -9.773e-4 0.03927445 0.02007263 -8.432e-4 0.04340517 0.017829 -0.001111388 0.03927445 0.01928722 -0.001786053 0.0346623 0.0190187 -0.003649175 0.02540522 0.02220118 -8.37e-4 0.02069896 0.0220744 -9.178e-4 0.02054321 0.01845973 -0.004478335 0.03921139 0.01937955 8.02e-4 0.03927445 0.02007263 -8.432e-4 0.03470999 0.01731258 0.002610087 0.03903543 0.01735419 0.001316606 0.03910791 0.01841777 0.00173372 0.02977174 0.01760178 0.003263354 0.03480982 0.02137798 -8.221e-4 0.029935 0.02193957 -8.192e-4 0.029935 0.02193957 -8.192e-4 0.007292985 0.02004128 -0.003614783 0.007582545 0.01924258 -0.002959907 0.007161796 0.0183537 -0.003848493 0.0065099 0.0197848 -0.00426197 0.007334828 0.01815849 -4.801e-4 0.01457804 0.01833009 -8.357e-4 0.01448893 0.01891189 0.001248121 0.007334828 0.01902353 0.001542389 0.006945252 0.0221765 -0.002803683 0.006447792 0.02306991 -6.957e-4 0.01469349 0.0218721 -9.336e-4 0.01467305 0.02155578 -0.002910912 0.006597638 0.02211177 0.00103873 0.01449579 0.02003788 0.002194643 0.01456755 0.02115523 0.001119494 0.01462066 0.01889908 -0.002951741 0.0146014 0.01995939 -0.003722012 0.01469349 0.0218721 -9.336e-4 0.006553292 0.01787292 -3.596e-4 0.01649177 0.02120429 -0.003129184 0.01660627 0.0218839 -9.162e-4 0.005704939 0.02240073 0.001975238 0.006187379 0.01991486 0.003399491 0.006974101 0.02017438 0.00190109 0.01544451 0.01883924 -0.003039479 0.01640266 0.01831799 -7.871e-4 0.01637291 0.01877188 -0.003138422 0.01642167 0.01991611 -0.003942728 0.01643145 0.01998519 0.002314507 0.01650571 0.02119785 0.001268804 0.01553547 0.0214805 -0.003014445 0.01547509 0.01993858 -0.003827989 0.006205499 0.01804006 0.004161775 0.006765604 0.01867026 0.00264889 0.01637059 0.01877939 0.001326382 0.003791153 0.02485877 -5.707e-4 0.003816843 0.02391242 0.003145456 0.004457056 0.02414095 -6.208e-4 0.005616903 0.02118325 -0.005099654 0.005207896 0.02310001 -0.003639817 0.008063375 0.01583236 -2.047e-4 0.006389141 0.01797169 -0.005018532 0.004457056 0.02414095 -6.208e-4 0.003166615 0.0244866 -0.003577888 0.003791153 0.02485877 -5.707e-4 0.005473256 0.02021205 0.004079461 0.004547894 0.02333682 0.002367854 0.006447792 0.02306991 -6.957e-4 0.01660627 0.0218839 -9.162e-4 0.004191935 0.03971785 0.01611489 0.005302429 0.03869372 0.01617515 0.00517261 0.03850549 0.0146138 0.002410829 0.0404402 0.01445102 0 0.004573345 -0.01899427 0 0.005888283 -0.0240454 0.03478711 0.0204972 -0.002569973 0.03480982 0.02137798 -8.221e-4 0.03927445 0.01791381 -0.00257498 0 0.02989524 0.01764935 0 0.01287317 0.009094357 0.009460449 0.008619785 0.001199543 0 0.02388 0.005058646 0.003904104 0.01067608 -0.01409739 0 0.01197469 -0.01409739 0 0.01292663 -0.01113629 0.005655527 0.01169943 -0.00988835 0.002727389 0.004311442 -0.01409739 0.00483942 0.006574392 -0.01409739 0.006635308 0.006285727 -0.009231686 0.004734516 0.003160834 -0.009324848 0 0.003329992 -0.01409739 0 0.002174377 -0.009590983 0.007857859 0.04844844 -0.007166564 0.003990769 0.0485686 -0.01019358 0 0.04858577 -0.01093256 0.008880853 0.03840047 -0.01203668 0.004865467 0.03916287 0.01826792 0 0.05120277 -0.007589161 0.004447758 0.03852975 -0.01410627 0.002842903 0.02606284 -0.00383383 0.003408432 0.02646005 -0.005744159 0.005514085 0.02685767 -0.00413239 0.003424525 0.02631199 -7.002e-4 0.006199598 0.05164766 0.004830121 0.003166615 0.0244866 -0.003577888 0.002592742 0.0253719 -0.003607571 0 0.02435547 -0.005083501 0 0.02553397 -0.004325449 0.01008003 0.04701542 0.009221196 0.01012325 0.04457688 0.009109675 0.0119124 0.04598838 0.008295953 0.004699707 0.03816002 0.01302582 0.003136456 0.04042327 0.01214563 0.008298456 0.05098128 0.002149701 0.006614387 0.03696852 0.01619428 0.006213486 0.0365253 0.01834493 0 0.0260362 -0.004291415 0.007541358 0.02795279 -0.00115931 0 0.0389437 -0.01444518 0.01212978 0.04191488 -0.002653062 0.006359696 0.001513183 -0.001078367 0 0.04104709 0.01418411 0.002688169 0.04058122 0.01622092 0 0.04080998 0.0187301 0.00301522 0.0404725 0.0183435 0 0.04133266 0.01633101 0.005496621 0.04953783 0.01079547 0.007999598 0.04976969 0.008346676 0.00566858 0.04995435 0.008220076 0.003131926 0.0490601 0.01052397 0.008130669 0.04853749 0.01077413 0.003417432 0.05097019 0.008954882 0 0.0517764 0.009533941 0 0.05051386 0.01154863 0.003136456 0.04042327 0.01214563 0.002016603 0.04179728 0.01274836 0 0.04250097 0.01344907 0.002338767 0.04468214 0.01363307 0 0.04476189 0.01419848 0.004699707 0.03816002 0.01302582 0 0.04722249 0.0142616 0.003062248 0.04803198 0.01338338 0 0.04881393 0.0134027 0.002699673 0.04659461 0.01373535 0.006523132 0.04603016 0.01089709 0.006828248 0.04746192 0.01164007 0.003368616 0.04395473 0.01204752 0.003731966 0.04606842 0.01298147 0.003368616 0.04395473 0.01204752 0.003731966 0.04606842 0.01298147 0.006828248 0.04746192 0.01164007 0.008130669 0.04853749 0.01077413 0.004699647 0.03263753 0.01913857 0.006090939 0.03295326 0.01723831 0.006573677 0.03419727 0.0179494 0.008500695 0.03743779 0.01052558 0.01206678 0.03344285 0.007165074 0.0108264 0.03680199 0.00822246 0.009488999 0.0363897 0.009699881 0.007108092 0.03714859 0.01434785 0.007739484 0.03717178 0.01213091 0.007739484 0.03717178 0.01213091 0.00882107 0.03609579 0.01148653 0.008500695 0.03743779 0.01052558 0.00241971 0.03319108 0.02089226 0 0.03229165 0.02152389 0.002405405 0.03172671 0.01973158 0 0.03027755 0.01987785 0.01042807 0.04158288 0.008240282 0.01001316 0.03902417 0.008908689 0.009905099 0.03822809 0.009318888 0.01026368 0.03364378 0.009304761 0.009905099 0.03822809 0.009318888 0.0113824 0.04023337 0.007674098 0.01089227 0.0386132 0.008383274 0.007484138 0.03533059 0.01622468 0.008326351 0.0354098 0.0138216 0.007886469 0.03206771 0.01535081 0.008601665 0.03278023 0.01334542 0.008957564 0.03337359 0.01130139 0.01008003 0.04701542 0.009221196 0.0119124 0.04598838 0.008295953 0.01144975 0.04823648 0.006908833 0.01013922 0.04928421 0.008096873 0.009501457 0.04904878 0.005281031 0.004569292 0.03175652 0.01640594 0.002749562 0.03132945 0.0176351 0 0.03105288 0.01823031 0.008037745 0.03503185 0.009953498 0.006770372 0.03365182 0.0131585 0.003590345 0.03194069 0.0167672 0 0.03301614 0.01633715 0 0.03403306 0.01438355 0.001669824 0.03104972 0.0177986 0.004455924 0.03198498 0.01691836 0 0.03039842 0.01797795 0.002679944 0.0310235 0.01826405 0.009421885 0.03303879 0.009146273 0.01192075 0.03248971 0.006819546 0.006492078 0.03195554 0.01448965 0 0.03448927 0.0114504 0.007465898 0.03163379 0.01478368 0.007177591 0.033131 0.01064741 0 0.03447258 0.006261587 0.009084999 0.03332066 0.006933689 0 0.03009361 0.01863878 0.008321642 0.032835 0.01108598 0.007848262 0.03222399 0.01298648 0.01192075 0.03248971 0.006819546 0.009421885 0.03303879 0.009146273 0.008321642 0.032835 0.01108598 0.007848262 0.03222399 0.01298648 0.007465898 0.03163379 0.01478368 0.004455924 0.03198498 0.01691836 0.002679944 0.0310235 0.01826405 0 0.03009361 0.01863878 0.0112133 0.03351885 0.002685785 0 0.03479039 5.47e-5 0.002890944 0.03141504 0.01648348 0 0.0311349 0.01733052 0.002749562 0.03132945 0.0176351 0 0.03105288 0.01823031 0.004569292 0.03175652 0.01640594 0.005468606 0.03343749 0.01304066 0.006770372 0.03365182 0.0131585 0.006666839 0.03480708 0.009922146 0.008037745 0.03503185 0.009953498 0.006677985 0.02796798 0.004924476 0.002973139 0.0263285 0.003175616 0.007109165 0.02784687 0.002604961 0.006977379 0.02786046 -0.005526781 0.009637594 0.03000479 0.005590379 0.01155889 0.03253602 0.006054699 0.009623885 0.03563529 0.007582604 0.0117976 0.03465908 -0.008400499 0.008806586 0.03456974 -0.01176291 0.00361061 0.03199887 -0.01251232 0.004184067 0.03495097 -0.01404112 0.007647216 0.03190302 -0.01063895 0 0.0323385 -0.01328408 0 0.03511846 -0.01447778 0.01067852 0.03203862 -0.007956743 0.01261538 0.03212612 -0.00341171 0.01398766 0.03514581 -0.003624737 0.008949398 0.02974349 -0.006923913 0.01034718 0.02986705 -0.003003299 0.01325017 0.03242218 0.003533959 0.01406568 0.03507339 0.003765285 0.01454168 0.03515875 8.715e-4 0.01319468 0.03207689 6.572e-4 0.0106616 0.02988404 9.394e-4 0.01029348 0.02994048 0.003247559 0.006246984 0.0294736 -0.009327352 0.01089227 0.0386132 0.008383274 0.0118063 0.04036736 0.006167829 0.0113824 0.04023337 0.007674098 0.0115922 0.03500217 0.005150735 0.0115922 0.03500217 0.005150735 0.0138657 0.03897476 0.001426339 0 0.02645045 -0.006682515 0.002114236 0.02759188 -0.00895667 0 0.02790385 -0.009844362 0.004610598 0.02749359 -0.00771749 0.003133893 0.02973455 -0.01100021 0 0.0299313 -0.01167058 0.003932595 0.03492891 0.009634375 0.004827499 0.03498178 0.008016645 0 0.03543698 0.009636282 0 0.035429 0.00810635 0.007043421 0.03504639 0.007644951 0.009623885 0.03563529 0.007582604 0 0.03529435 0.004131138 0.006793439 0.03490918 0.005318284 0.0112133 0.03351885 0.002685785 0.01020509 0.03370302 0.005116701 0.005895495 0.03118664 0.009743869 0.006226599 0.03267598 0.008295357 0.009131193 0.03439819 0.005488753 0.006226599 0.03267598 0.008295357 0.007043421 0.03504639 0.007644951 0.009131193 0.03439819 0.005488753 0.006226897 0.03361439 0.007964253 0.005624473 0.0330522 0.009597241 0.00335288 0.03461605 0.01213449 0 0.03526866 0.01229566 0 0.03341889 0.01586586 0.00152868 0.03351461 0.01538878 0 0.03474062 0.01416045 0.00273329 0.03398358 0.0139597 0 0.03223609 0.01622647 0 0.03057736 0.01565736 0.001974046 0.03212565 0.01554358 0.002429187 0.0302577 0.01491808 0.005102396 0.03055429 0.01173573 0.004095673 0.03005248 0.0139234 0.004744291 0.0325852 0.01197201 0.003594458 0.03228497 0.01421225 0.0115922 0.03500217 0.005150735 0.01020509 0.03370302 0.005116701 0.009623885 0.03563529 0.007582604 0.0115922 0.03500217 0.005150735 0 0.03526866 0.01229566 0.003932595 0.03492891 0.009634375 0.004790902 0.03714305 0.0204339 0.002036035 0.03890395 0.0210126 0 0.03916412 0.02122569 0.00229007 0.03519862 0.02179008 0.004787743 0.03405141 0.01981633 0.002258956 0.0371052 0.02164083 0 0.03727096 0.02208411 0 0.03476846 0.02245515 0.00747478 0.03246617 0.01347178 0.007626712 0.03231537 0.01498919 0.006808996 0.029899 0.01433545 0.006127059 0.03194755 0.01548105 0.006808996 0.029899 0.01433545 0.006127059 0.03194755 0.01548105 0.00747478 0.03246617 0.01347178 0.003438234 0.03121376 0.01655673 0.003936171 0.03098428 0.01630878 0.00382328 0.03300803 0.01705753 0.004365861 0.03138369 0.01551508 0.00382328 0.03300803 0.01705753 0.004365861 0.03138369 0.01551508 0.003438234 0.03121376 0.01655673 0.005042672 0.03270447 0.01666736 0.004762053 0.03306937 0.01812511 0.004853308 0.03004449 0.01694965 0.0034253 0.03195738 0.01804465 0.004853308 0.03004449 0.01694965 0.0034253 0.03195738 0.01804465 0.005042672 0.03270447 0.01666736 -0.002560198 0.02409845 0.004328787 0 0.0253843 0.004772782 -0.001984298 0.02532136 0.004204273 -0.003791153 0.02485877 -5.707e-4 -0.002928853 0.02542996 0.002655684 -0.003535389 0.0256356 -6.23e-4 -0.003816843 0.02391242 0.003145456 -0.007326841 0.00453943 0.005359113 -0.005177736 0.00867176 0.00854665 -0.007890343 0.008738875 0.006073117 -0.007598817 0.01288235 0.005452871 -0.00903958 0.01288235 2.941e-4 -0.009460449 0.008619785 0.001199543 -0.006332397 0.002259254 0.002826631 -0.003765881 0.001318991 0.003786981 0 0.00870037 0.009394466 -0.004916787 0.01287317 0.008300185 -0.001398563 0.009041666 -0.03001528 -0.002091765 0.01006191 -0.0240454 -9.645e-4 0.009942352 -0.03001528 -0.002729475 0.008205473 -0.0240454 -0.008063375 0.01583236 -2.047e-4 -0.006389141 0.01797169 -0.005018532 -0.007159411 0.01564407 -0.004385054 -0.00903958 0.01288235 2.941e-4 -0.008285582 0.01287317 -0.004175603 -0.006529033 0.01627439 0.004611611 -0.004526257 0.01622319 -0.007529497 -0.003922522 0.01404625 -0.009130656 -0.00714308 0.01309382 -0.007724583 -0.007244825 0.005711615 -0.007574081 -0.008299946 0.005333364 -0.003944218 -0.008231461 0.008627891 -0.0074175 0 0.02388 0.005058646 -0.00358659 0.02018666 0.005766332 0 0.02041876 0.006407797 -0.002560198 0.02409845 0.004328787 0 0.01668351 -0.008021771 -0.005824387 0.001849114 -0.004158318 -0.003309071 2.79e-4 -8.18e-4 -0.006359696 0.001513183 -0.001078367 -0.003083944 7.495e-4 -0.004422426 -0.004704356 0.004321873 0.00753659 0 8.515e-4 0.004571497 -0.006205499 0.01804006 0.004161775 -0.004605889 0.01636779 0.006980299 0 4.428e-4 -0.004727423 0 1.054e-4 -6.958e-4 -0.0087592 0.005072832 -0.001417577 -0.008063375 0.01583236 -2.047e-4 -0.005439341 0.002708256 -0.007843971 0 0.001453757 -0.008032262 -0.008487761 0.005055189 0.00167793 -0.005616903 0.02118325 -0.005099654 -0.003707408 0.01958197 -0.006707847 0 0.009757757 -0.03401041 -0.003816843 0.02391242 0.003145456 -0.005473256 0.02021205 0.004079461 -0.003166615 0.0244866 -0.003577888 -9.431e-4 0.008320868 -0.03001528 0 0.01047438 -0.03001528 0 0.0198552 -0.007381439 0 0.01657009 0.007854878 0 0.02435547 -0.005083501 0 0.004100799 0.008492767 -0.009499967 0.008620858 -0.003191888 0 1.054e-4 -6.958e-4 0 0.01411569 -0.009524285 0 0.007828772 -0.03001528 0 0.009757757 -0.03401041 0 0.01139146 -0.01899427 -0.002854168 0.0101034 -0.01899427 0 0.01097613 -0.0240454 -0.003309071 2.79e-4 -8.18e-4 -0.00359416 0.007197082 -0.01899427 -0.002072811 0.00645405 -0.0240454 -0.001884996 0.005236268 -0.01899427 -0.0087592 0.005072832 -0.001417577 -0.008057951 0.03784942 0.01013368 -0.005182266 0.03821998 0.01137036 -0.007104754 0.04168069 0.01077127 0 0.05356478 -0.003094792 -0.003446519 0.05359888 0.0013116 0 0.05417513 0.001286745 -0.003634095 0.0530039 -0.002875447 -0.006273925 0.02993077 0.01294893 -0.00490123 0.02772319 0.008249998 -0.003969848 0.02813369 0.01192319 -0.007900178 0.02994257 0.009417057 -0.00248903 0.02993309 0.01674455 -0.004475593 0.02981519 0.01541292 -0.002861917 0.0286135 0.01460772 -0.01011407 0.04566836 -0.006747186 -0.01147818 0.04502594 -0.003201603 -0.00992006 0.04830569 -0.003735601 0 0.02897363 0.01620537 -0.001896739 0.02896416 0.01578199 0 0.02835541 0.01470488 -0.003677845 0.05103886 -0.006613492 -0.007702112 0.0509265 -0.00261867 0 0.02756989 0.01208955 -0.01186448 0.03919619 -0.008293271 -0.01348292 0.03919929 -0.003424882 -0.0112015 0.04279077 -0.00728625 -0.008086979 0.04576069 -0.009979963 0 0.02680128 0.008656978 -0.006058037 0.05238872 0.001225948 0 0.04224812 -0.01413708 -0.004597187 0.04209506 -0.01342839 0 0.04595392 -0.01290291 -0.003440082 0.05275803 0.004889786 0 0.05342561 0.005112767 -0.008695483 0.04218745 -0.01149719 -0.004429638 0.04594641 -0.0121358 0 0.02625507 0.005289912 -0.001838386 0.02627176 0.004775464 -0.02540439 0.02127903 -0.005911171 -0.02992445 0.01940053 -0.005491197 -0.02993744 0.02109932 -0.004341781 -0.02540558 0.0198155 -0.006928265 -0.02058839 0.02108412 0.00241667 -0.02533936 0.01978659 0.004176557 -0.02072215 0.01971018 0.003418803 -0.02543717 0.02119946 0.002829611 -0.02055776 0.01968169 -0.005518019 -0.02056092 0.0213055 -0.004527986 -0.03927445 0.01726412 -0.002120435 -0.03457975 0.01683527 -0.001135945 -0.03927445 0.01728695 -0.001280069 -0.03440958 0.01706278 -0.002963662 -0.02991986 0.0209102 0.002669692 -0.03467869 0.01897609 0.003170192 -0.02985656 0.01947665 0.003968179 -0.03461658 0.02047079 0.001825988 -0.02540522 0.02220118 -8.37e-4 -0.02069896 0.0220744 -9.178e-4 -0.02540379 0.01694273 -7.749e-4 -0.02055776 0.01792591 0.002434611 -0.02542763 0.01782566 0.00334084 -0.02062469 0.01716047 -8.524e-4 -0.02985376 0.01729756 -0.004527211 -0.02535134 0.01774919 -0.005339682 -0.02989351 0.01684159 -9.773e-4 -0.03927445 0.02007263 -8.432e-4 -0.03927445 0.01928722 -0.001786053 -0.04340517 0.017829 -0.001111388 -0.0346623 0.0190187 -0.003649175 -0.02540522 0.02220118 -8.37e-4 -0.02069896 0.0220744 -9.178e-4 -0.02054321 0.01845973 -0.004478335 -0.03921139 0.01937955 8.02e-4 -0.03927445 0.02007263 -8.432e-4 -0.03470999 0.01731258 0.002610087 -0.03910791 0.01841777 0.00173372 -0.03903543 0.01735419 0.001316606 -0.02977174 0.01760178 0.003263354 -0.03480982 0.02137798 -8.221e-4 -0.029935 0.02193957 -8.192e-4 -0.029935 0.02193957 -8.192e-4 -0.007292985 0.02004128 -0.003614783 -0.007161796 0.0183537 -0.003848493 -0.007582545 0.01924258 -0.002959907 -0.0065099 0.0197848 -0.00426197 -0.007334828 0.01815849 -4.801e-4 -0.01448893 0.01891189 0.001248121 -0.01457804 0.01833009 -8.357e-4 -0.007334828 0.01902353 0.001542389 -0.006945252 0.0221765 -0.002803683 -0.01469349 0.0218721 -9.336e-4 -0.006447792 0.02306991 -6.957e-4 -0.01467305 0.02155578 -0.002910912 -0.006597638 0.02211177 0.00103873 -0.01456755 0.02115523 0.001119494 -0.01449579 0.02003788 0.002194643 -0.01462066 0.01889908 -0.002951741 -0.0146014 0.01995939 -0.003722012 -0.01469349 0.0218721 -9.336e-4 -0.006553292 0.01787292 -3.596e-4 -0.01660627 0.0218839 -9.162e-4 -0.01649177 0.02120429 -0.003129184 -0.006187379 0.01991486 0.003399491 -0.005704939 0.02240073 0.001975238 -0.006974101 0.02017438 0.00190109 -0.01640266 0.01831799 -7.871e-4 -0.01544451 0.01883924 -0.003039479 -0.01642167 0.01991611 -0.003942728 -0.01637291 0.01877188 -0.003138422 -0.01643145 0.01998519 0.002314507 -0.01650571 0.02119785 0.001268804 -0.01553547 0.0214805 -0.003014445 -0.01547509 0.01993858 -0.003827989 -0.006765604 0.01867026 0.00264889 -0.006205499 0.01804006 0.004161775 -0.01637059 0.01877939 0.001326382 -0.003791153 0.02485877 -5.707e-4 -0.004457056 0.02414095 -6.208e-4 -0.003816843 0.02391242 0.003145456 -0.005207896 0.02310001 -0.003639817 -0.005616903 0.02118325 -0.005099654 -0.006389141 0.01797169 -0.005018532 -0.008063375 0.01583236 -2.047e-4 -0.004457056 0.02414095 -6.208e-4 -0.003791153 0.02485877 -5.707e-4 -0.003166615 0.0244866 -0.003577888 -0.004547894 0.02333682 0.002367854 -0.005473256 0.02021205 0.004079461 -0.006447792 0.02306991 -6.957e-4 -0.01660627 0.0218839 -9.162e-4 -0.004191935 0.03971785 0.01611489 -0.00517261 0.03850549 0.0146138 -0.005302429 0.03869372 0.01617515 -0.002410829 0.0404402 0.01445102 0 0.004573345 -0.01899427 0 0.005888283 -0.0240454 -0.03478711 0.0204972 -0.002569973 -0.03480982 0.02137798 -8.221e-4 -0.03927445 0.01791381 -0.00257498 0 0.02989524 0.01764935 0 0.01287317 0.009094357 -0.009460449 0.008619785 0.001199543 0 0.02388 0.005058646 -0.003904104 0.01067608 -0.01409739 0 0.01292663 -0.01113629 0 0.01197469 -0.01409739 -0.005655527 0.01169943 -0.00988835 -0.002727389 0.004311442 -0.01409739 -0.006635308 0.006285727 -0.009231686 -0.00483942 0.006574392 -0.01409739 -0.004734516 0.003160834 -0.009324848 0 0.003329992 -0.01409739 0 0.002174377 -0.009590983 -0.007857859 0.04844844 -0.007166564 -0.003990769 0.0485686 -0.01019358 0 0.04858577 -0.01093256 -0.008880853 0.03840047 -0.01203668 -0.004865467 0.03916287 0.01826792 0 0.05120277 -0.007589161 -0.004447758 0.03852975 -0.01410627 -0.002842903 0.02606284 -0.00383383 -0.005514085 0.02685767 -0.00413239 -0.003408432 0.02646005 -0.005744159 -0.003424525 0.02631199 -7.002e-4 -0.006199598 0.05164766 0.004830121 -0.002592742 0.0253719 -0.003607571 -0.003166615 0.0244866 -0.003577888 0 0.02435547 -0.005083501 0 0.02553397 -0.004325449 -0.01008003 0.04701542 0.009221196 -0.0119124 0.04598838 0.008295953 -0.01012325 0.04457688 0.009109675 -0.004699707 0.03816002 0.01302582 -0.003136456 0.04042327 0.01214563 -0.008298456 0.05098128 0.002149701 -0.006614387 0.03696852 0.01619428 -0.006213486 0.0365253 0.01834493 0 0.0260362 -0.004291415 -0.007541358 0.02795279 -0.00115931 0 0.0389437 -0.01444518 -0.01212978 0.04191488 -0.002653062 -0.006359696 0.001513183 -0.001078367 0 0.04104709 0.01418411 -0.002688169 0.04058122 0.01622092 0 0.04080998 0.0187301 0 0.04133266 0.01633101 -0.00301522 0.0404725 0.0183435 -0.005496621 0.04953783 0.01079547 -0.00566858 0.04995435 0.008220076 -0.007999598 0.04976969 0.008346676 -0.003131926 0.0490601 0.01052397 -0.008130669 0.04853749 0.01077413 -0.003417432 0.05097019 0.008954882 0 0.0517764 0.009533941 0 0.05051386 0.01154863 -0.003136456 0.04042327 0.01214563 -0.002016603 0.04179728 0.01274836 0 0.04250097 0.01344907 0 0.04476189 0.01419848 -0.002338767 0.04468214 0.01363307 -0.004699707 0.03816002 0.01302582 0 0.04722249 0.0142616 0 0.04881393 0.0134027 -0.003062248 0.04803198 0.01338338 -0.002699673 0.04659461 0.01373535 -0.006523132 0.04603016 0.01089709 -0.008130669 0.04853749 0.01077413 -0.006828248 0.04746192 0.01164007 -0.003368616 0.04395473 0.01204752 -0.003731966 0.04606842 0.01298147 -0.003368616 0.04395473 0.01204752 -0.006828248 0.04746192 0.01164007 -0.003731966 0.04606842 0.01298147 -0.004699647 0.03263753 0.01913857 -0.006573677 0.03419727 0.0179494 -0.006090939 0.03295326 0.01723831 -0.008500695 0.03743779 0.01052558 -0.009488999 0.0363897 0.009699881 -0.01206678 0.03344285 0.007165074 -0.01026368 0.03364378 0.009304761 -0.007108092 0.03714859 0.01434785 -0.007739484 0.03717178 0.01213091 -0.007739484 0.03717178 0.01213091 -0.008500695 0.03743779 0.01052558 -0.00882107 0.03609579 0.01148653 -0.00241971 0.03319108 0.02089226 -0.002405405 0.03172671 0.01973158 0 0.03229165 0.02152389 0 0.03027755 0.01987785 -0.01042807 0.04158288 0.008240282 -0.01001316 0.03902417 0.008908689 -0.009905099 0.03822809 0.009318888 -0.0108264 0.03680199 0.00822246 -0.009905099 0.03822809 0.009318888 -0.0113824 0.04023337 0.007674098 -0.01089227 0.0386132 0.008383274 -0.01204323 0.04235655 0.007459998 -0.007484138 0.03533059 0.01622468 -0.008326351 0.0354098 0.0138216 -0.007886469 0.03206771 0.01535081 -0.008601665 0.03278023 0.01334542 -0.008957564 0.03337359 0.01130139 -0.01096379 0.04812973 0.001115798 -0.01008003 0.04701542 0.009221196 -0.01144975 0.04823648 0.006908833 -0.0119124 0.04598838 0.008295953 -0.01013922 0.04928421 0.008096873 -0.009501457 0.04904878 0.005281031 -0.004569292 0.03175652 0.01640594 -0.002749562 0.03132945 0.0176351 0 0.03105288 0.01823031 -0.008037745 0.03503185 0.009953498 -0.006770372 0.03365182 0.0131585 -0.003590345 0.03194069 0.0167672 0 0.03403306 0.01438355 0 0.03301614 0.01633715 -0.001669824 0.03104972 0.0177986 -0.004455924 0.03198498 0.01691836 0 0.03039842 0.01797795 -0.002679944 0.0310235 0.01826405 -0.009421885 0.03303879 0.009146273 -0.01192075 0.03248971 0.006819546 -0.006492078 0.03195554 0.01448965 0 0.03448927 0.0114504 -0.007465898 0.03163379 0.01478368 -0.007177591 0.033131 0.01064741 0 0.03447258 0.006261587 -0.009084999 0.03332066 0.006933689 0 0.03009361 0.01863878 -0.008321642 0.032835 0.01108598 -0.007848262 0.03222399 0.01298648 -0.009421885 0.03303879 0.009146273 -0.01192075 0.03248971 0.006819546 -0.008321642 0.032835 0.01108598 -0.007848262 0.03222399 0.01298648 -0.007465898 0.03163379 0.01478368 -0.004455924 0.03198498 0.01691836 -0.002679944 0.0310235 0.01826405 0 0.03009361 0.01863878 0 0.03479039 5.47e-5 -0.0112133 0.03351885 0.002685785 0 0.03105288 0.01823031 0 0.0311349 0.01733052 -0.002749562 0.03132945 0.0176351 -0.002890944 0.03141504 0.01648348 -0.004569292 0.03175652 0.01640594 -0.006770372 0.03365182 0.0131585 -0.005468606 0.03343749 0.01304066 -0.008037745 0.03503185 0.009953498 -0.006666839 0.03480708 0.009922146 -0.006677985 0.02796798 0.004924476 -0.002973139 0.0263285 0.003175616 -0.007109165 0.02784687 0.002604961 -0.006977379 0.02786046 -0.005526781 -0.009637594 0.03000479 0.005590379 -0.009623885 0.03563529 0.007582604 -0.01155889 0.03253602 0.006054699 -0.0117976 0.03465908 -0.008400499 -0.008806586 0.03456974 -0.01176291 -0.004184067 0.03495097 -0.01404112 -0.007647216 0.03190302 -0.01063895 -0.00361061 0.03199887 -0.01251232 0 0.0323385 -0.01328408 0 0.03511846 -0.01447778 -0.01067852 0.03203862 -0.007956743 -0.01398766 0.03514581 -0.003624737 -0.01261538 0.03212612 -0.00341171 -0.008949398 0.02974349 -0.006923913 -0.01034718 0.02986705 -0.003003299 -0.01325017 0.03242218 0.003533959 -0.01406568 0.03507339 0.003765285 -0.01454168 0.03515875 8.715e-4 -0.01319468 0.03207689 6.572e-4 -0.0106616 0.02988404 9.394e-4 -0.01029348 0.02994048 0.003247559 -0.006246984 0.0294736 -0.009327352 -0.01130419 0.03687137 0.006947517 -0.01089227 0.0386132 0.008383274 -0.0113824 0.04023337 0.007674098 -0.0118063 0.04036736 0.006167829 -0.01204323 0.04235655 0.007459998 -0.0115922 0.03500217 0.005150735 -0.0130701 0.03820115 0.004451215 -0.0115922 0.03500217 0.005150735 -0.0138657 0.03897476 0.001426339 0 0.02645045 -0.006682515 -0.002114236 0.02759188 -0.00895667 0 0.02790385 -0.009844362 -0.004610598 0.02749359 -0.00771749 -0.003133893 0.02973455 -0.01100021 0 0.0299313 -0.01167058 -0.003932595 0.03492891 0.009634375 0 0.03543698 0.009636282 -0.004827499 0.03498178 0.008016645 0 0.035429 0.00810635 -0.009623885 0.03563529 0.007582604 -0.007043421 0.03504639 0.007644951 -0.0112133 0.03351885 0.002685785 -0.006793439 0.03490918 0.005318284 0 0.03529435 0.004131138 -0.01020509 0.03370302 0.005116701 -0.006226599 0.03267598 0.008295357 -0.005895495 0.03118664 0.009743869 -0.009131193 0.03439819 0.005488753 -0.009131193 0.03439819 0.005488753 -0.007043421 0.03504639 0.007644951 -0.006226599 0.03267598 0.008295357 -0.006226897 0.03361439 0.007964253 -0.005624473 0.0330522 0.009597241 -0.00335288 0.03461605 0.01213449 0 0.03526866 0.01229566 0 0.03341889 0.01586586 0 0.03474062 0.01416045 -0.00152868 0.03351461 0.01538878 -0.00273329 0.03398358 0.0139597 -0.002429187 0.0302577 0.01491808 0 0.03057736 0.01565736 -0.001974046 0.03212565 0.01554358 0 0.03223609 0.01622647 -0.005102396 0.03055429 0.01173573 -0.004095673 0.03005248 0.0139234 -0.004744291 0.0325852 0.01197201 -0.003594458 0.03228497 0.01421225 -0.0115922 0.03500217 0.005150735 -0.009623885 0.03563529 0.007582604 -0.01020509 0.03370302 0.005116701 -0.0115922 0.03500217 0.005150735 0 0.03526866 0.01229566 -0.003932595 0.03492891 0.009634375 -0.004790902 0.03714305 0.0204339 -0.002036035 0.03890395 0.0210126 0 0.03916412 0.02122569 -0.00229007 0.03519862 0.02179008 -0.004787743 0.03405141 0.01981633 -0.002258956 0.0371052 0.02164083 0 0.03727096 0.02208411 0 0.03476846 0.02245515 -0.005042672 0.03270447 0.01666736 -0.004853308 0.03004449 0.01694965 -0.004762053 0.03306937 0.01812511 -0.0034253 0.03195738 0.01804465 -0.004853308 0.03004449 0.01694965 -0.005042672 0.03270447 0.01666736 -0.0034253 0.03195738 0.01804465 -0.00747478 0.03246617 0.01347178 -0.006808996 0.029899 0.01433545 -0.007626712 0.03231537 0.01498919 -0.006127059 0.03194755 0.01548105 -0.006808996 0.029899 0.01433545 -0.00747478 0.03246617 0.01347178 -0.006127059 0.03194755 0.01548105 -0.003438234 0.03121376 0.01655673 -0.00382328 0.03300803 0.01705753 -0.003936171 0.03098428 0.01630878 -0.004365861 0.03138369 0.01551508 -0.00382328 0.03300803 0.01705753 -0.003438234 0.03121376 0.01655673 -0.004365861 0.03138369 0.01551508 0.004988074 0.06681758 -0.01086241 0.003781557 0.06583178 -0.009849667 0.004256844 0.06570529 -0.00935477 0.002377629 0.06519395 -0.007251322 0.003205299 0.06412476 -0.007050514 -0.001080513 0.06150233 -0.003135204 -0.001354694 0.06277018 -0.003172874 -0.003101289 0.0637812 -0.006105542 -0.003854095 0.06592309 -0.01068228 -0.003012061 0.06317257 -0.006590425 -0.002453505 0.06894379 -0.01068717 -0.002107799 0.06928235 -0.01019603 -0.001449227 0.07111448 -0.0119031 -0.002061486 0.07078105 -0.01212 -9.93e-5 0.04915642 0.01384139 -0.001130342 0.04745966 0.01356816 -7.72e-5 0.04714709 0.01398772 4.426e-4 0.06288117 -0.001937985 0.002318978 0.06264185 -0.003944993 0.001747906 0.06440645 -0.004192531 5.414e-4 0.06556558 -0.003824651 0.001208484 0.04900991 0.01347279 0.001381099 0.04749351 0.01344728 0.001511693 0.04908823 0.01290571 9.846e-4 0.06926769 -0.01275491 8.242e-4 0.07039749 -0.01419138 0.00118345 0.06999868 -0.01179498 -1.4e-5 0.05531567 0.006954312 -0.001694083 0.0540924 0.006771028 -1.836e-4 0.0529325 0.009976089 0.001644194 0.05029809 0.01238358 0.001230299 0.05040752 0.01298809 -0.002821028 0.05486637 0.005253434 0.002334713 0.05437618 0.006870806 0.001493394 0.05245167 0.01014018 -7e-6 0.0507422 0.01330864 0.002972841 0.06235355 -0.007102191 0.00417757 0.06443959 -0.009648799 0.004082918 0.07384115 -0.01843285 0.002233803 0.07224076 -0.01694291 -1.674e-4 0.07161968 -0.01516938 0.001228392 0.07198905 -0.01498442 1.777e-4 0.071096 -0.01118177 0.001639664 0.06810069 -0.009398043 -3.504e-4 0.06930649 -0.009066283 -2.796e-4 0.07192045 -0.01301157 -8.611e-4 0.07182258 -0.01348525 -0.001392304 0.04893493 0.01360756 -0.001526117 0.05043601 0.01259648 -0.001457512 0.04916721 0.01268458 0.002526462 0.0522508 0.009661257 -0.001359522 0.052432 0.009833395 -0.002391934 0.06421935 -0.006667912 -0.001457393 0.05026346 0.01180082 -6.657e-4 0.06688499 -0.006968975 4.915e-4 0.06715816 -0.006309509 0.001347005 0.06815499 -0.0119282 -0.003854095 0.06592309 -0.01068228 -0.002391934 0.06421935 -0.006667912 -0.003012061 0.06317257 -0.006590425 0.003781557 0.06583178 -0.009849667 0.004988074 0.06681758 -0.01086241 0.00417757 0.06443959 -0.009648799 0.002233803 0.07224076 -0.01694291 8.242e-4 0.07039749 -0.01419138 -1.674e-4 0.07161968 -0.01516938 9.846e-4 0.06926769 -0.01275491 -0.002061486 0.07078105 -0.01212 -0.002453505 0.06894379 -0.01068717 -8.611e-4 0.07182258 -0.01348525 0.001511693 0.04908823 0.01290571 -0.001457512 0.04916721 0.01268458 0.001644194 0.05029809 0.01238358 -0.001457393 0.05026346 0.01180082 0.001381099 0.04749351 0.01344728 -0.001130342 0.04745966 0.01356816 0.003379583 0.0528993 0.00712496 0.004348874 0.0553689 0.00283277 0.003664433 0.05588579 0.002458572 0.004093468 0.05297917 0.004925966 0.004868865 0.05463457 0.00222218 0.004571378 0.05720281 -5.958e-4 -0.001643598 0.05177968 0.00971359 0.004571378 0.05720281 -5.958e-4 0.003810226 0.05482929 0.001860499 0.003664433 0.05588579 0.002458572 0.002526462 0.0522508 0.009661257 -0.001643598 0.05177968 0.00971359 0.004868865 0.05463457 0.00222218 -0.003620684 0.0562011 0.004175484 -0.003259599 0.05392575 0.004101634 -0.004444599 0.05586457 0.001435399 -0.004564285 0.05729228 0.002294898 -0.00441128 0.05958068 -0.001886308 -0.002030611 0.05298519 0.006305575 0.003379583 0.0528993 0.00712496 -0.002030611 0.05298519 0.006305575 0.002963781 0.05346626 0.003785312 0.004093468 0.05297917 0.004925966 -9.354e-4 0.06610047 -0.007559835 -0.001328229 0.06400668 -0.005281329 0.002624154 0.06731265 -0.009933054 0.001747906 0.06440645 -0.004192531 0.002318978 0.06264185 -0.003944993 0.003205299 0.06412476 -0.007050514 0.003089964 0.06094861 -0.004453599 -0.001328229 0.06400668 -0.005281329 -0.001080513 0.06150233 -0.003135204 0.002377629 0.06519395 -0.007251322 0.002972841 0.06235355 -0.007102191 0.001347005 0.06815499 -0.0119282 -9.354e-4 0.06610047 -0.007559835 0.002624154 0.06731265 -0.009933054 -0.002087593 0.06059908 4.956e-4 0.002052724 0.05822527 3.618e-4 1.166e-4 0.06095147 0.001944065 4.14e-5 0.05796736 0.004709005 0.001796782 0.06073254 -3.37e-4 0.002791643 0.05939733 -0.002427816 -0.002263665 0.0588926 -2.64e-5 0.003089964 0.06094861 -0.004453599 -0.002263665 0.0588926 -2.64e-5 0.002791643 0.05939733 -0.002427816 0.002052724 0.05822527 3.618e-4 0.001592755 0.05715453 0.001904129 -0.003564298 0.05754375 0.001177847 -0.003742754 0.05672067 0.0011186 -0.00441128 0.05958068 -0.001886308 -0.003564298 0.05754375 0.001177847 0.002618074 0.0554021 0.003875315 0.002618074 0.0554021 0.003875315 -3.208e-4 0.05466389 0.003988564 -0.003259599 0.05392575 0.004101634 -0.004444599 0.05586457 0.001435399 -0.002427518 0.05705511 0.002649188 -0.002427518 0.05705511 0.002649188 0.001592755 0.05715453 0.001904129 0.01204323 0.04235655 0.007459998 0.01238983 0.04668146 0.005452692 0.01204323 0.04235655 0.007459998 0.01252138 0.04321181 0.005479753 0.01096379 0.04812973 0.001115798 0.01130419 0.03687137 0.006947517 0.0130701 0.03820115 0.004451215 0.01179099 0.04751974 0.003701746 0.01227819 0.04447448 1.926e-4 0.01270169 0.0441401 0.003150463 0.01208692 0.04151475 6.976e-4 0.01199012 0.04112005 0.003585398 -0.01238983 0.04668146 0.005452692 -0.01227819 0.04447448 1.926e-4 -0.01208692 0.04151475 6.976e-4 -0.01199012 0.04112005 0.003585398 -0.01179099 0.04751974 0.003701746 -0.01252138 0.04321181 0.005479753 -0.01270169 0.0441401 0.003150463</float_array>
          <technique_common>
            <accessor source="#chr514_0-mesh-positions-array" count="1103" stride="3">
              <param name="X" type="float"/>
              <param name="Y" type="float"/>
              <param name="Z" type="float"/>
            </accessor>
          </technique_common>
        </source>
        <source id="chr514_0-mesh-normals">
          <float_array id="chr514_0-mesh-normals-array" count="3237">-0.7096307 0.05172991 -0.7026723 -0.5172458 0.8548535 0.0410183 -0.813813 0.5726844 -0.0986976 -0.802442 0.587373 -0.1052608 -0.7501555 0.6364724 0.1793597 -0.9577036 0.2841065 0.04568773 -0.6855804 -0.2667366 0.6773708 -0.454335 -0.2528492 0.8541939 -0.547848 -0.1314762 0.826182 -0.3965054 0.01181089 0.9179564 -0.3328412 0.4832699 0.8097327 -0.4334332 0.1415479 0.89 -0.426415 0.6774969 0.5993066 -0.06186306 0.9103974 0.4090837 -0.1949911 0.8586446 0.4740338 -0.2879812 0.8970571 0.3351947 -0.1856191 0.976133 0.1127387 -0.5713838 0.7682337 0.2886828 -0.6956837 0.3611329 0.6209729 -0.8941146 0.2657593 0.3604597 -0.9730333 -0.1303766 0.1902852 -0.444847 -0.8915556 0.08508735 -0.473927 -0.88056 0.002716124 -0.83308 -0.5527925 0.01995944 -0.3924448 -0.9160606 -0.08258461 -0.3890926 -0.8612592 -0.3268634 -0.1986512 -0.9456152 -0.2575843 -0.49746 -0.8357937 -0.2323412 -0.6221677 -0.7738488 -0.1185982 -0.5939893 -0.8037762 0.03347921 -0.806719 -0.5903975 -0.025209 -0.8075097 -0.519957 0.278519 -0.9941 -0.1080988 0.008942067 -0.8688839 -0.04065167 0.4933441 -0.9248738 0.3615874 0.1177417 -0.7999098 0.2408885 0.5496518 -0.9887184 0.08279752 0.124822 -0.9406515 0.03436416 0.3376299 -0.9741355 -0.1836022 0.1317199 -0.8808149 -0.08591157 0.465601 -0.945509 -0.2118323 0.2472649 -0.9887916 -0.09503674 0.1151489 -0.9968276 -0.006225764 -0.0793482 -0.979791 0.1075499 -0.1686495 -0.940871 0.2832471 -0.1858303 -0.7850849 0.5586299 -0.2675344 -0.8117825 0.4385622 -0.3855807 -0.8703454 0.3292711 -0.3661689 -0.934915 0.3522793 -0.04281795 -0.9448047 0.2825441 -0.1658703 -0.957252 -0.1498472 -0.2474157 -0.7993841 -0.5613359 -0.2142128 -0.5838692 -0.7211461 -0.3728877 -0.9529014 0.3016214 0.03167891 -0.5855094 -0.27043 0.7642294 -0.8657421 0.140572 -0.4803439 -0.8286796 -0.2177828 -0.5156168 -0.6970649 -0.5441929 -0.4668564 -0.6506753 0.02969545 -0.7587753 -0.9728503 0.2309363 -0.01519834 -0.8952535 0.2925276 0.3360787 -0.6987123 0.6801564 0.2217848 -0.7844364 0.331378 0.5242597 -0.7966133 0.161813 0.5824292 -0.8306046 0.03161764 0.5559644 -0.9477342 -0.09997993 0.3029917 -0.8173375 0.1214973 0.5632033 -0.7757703 -0.07303267 0.626775 -0.6480567 -0.6674673 0.366756 -0.5778796 -0.8025308 0.1483229 -0.6904428 -0.1042546 0.715835 -0.8950095 -0.2667388 0.3575032 -0.5363172 -0.763473 0.3598235 -0.7429336 -0.3537198 0.5682711 -0.8840017 -0.4039276 0.235337 -0.911943 -0.3946127 0.1124325 -0.6278664 -0.7763411 0.05548346 -0.62323 -0.7745741 -0.1077933 -0.5196188 -0.8178822 0.2471134 -0.9329692 0.2011514 0.2985074 -0.6626976 -0.6988021 0.2692724 -0.447263 -0.8804566 0.1573279 -0.7802252 -0.5161725 0.3532911 -0.8855352 -0.07229918 0.4589121 -0.9009497 -0.1126149 0.4190556 -0.7524791 -0.5201677 0.4039814 -0.7116763 -0.312913 0.6289694 -0.5738441 -0.6094595 0.5470486 -0.4008429 -0.498902 0.7683891 -0.3253945 -0.6644922 0.6727323 -0.2384468 -0.6438034 0.7270904 -0.1403567 -0.8601158 0.4904091 -0.199136 -0.8351812 0.5126571 -0.09085446 -0.9398877 0.3291758 -0.2715934 -0.8876609 0.3718806 -0.1331537 -0.9619848 0.2384437 -0.3484044 -0.9056193 0.2418016 -0.1632474 -0.9666666 0.1972458 -0.3763048 -0.9067633 0.1901972 -0.3657706 -0.7976148 0.4796065 -0.5862634 0.007354974 0.8100872 -0.7732578 0.520317 0.3624121 -0.9386098 0.3448944 -0.007721245 -0.7123813 0.4110033 -0.5688491 -0.2950032 0.4619763 -0.8363916 -0.2717396 0.30647 -0.9122685 -0.1832983 -0.6697134 -0.7196428 -0.07269674 -0.9502155 -0.3029947 -0.3216445 -0.8405363 -0.4359399 -0.4196395 -0.6859503 -0.5944536 -0.4583733 -0.5613158 -0.6890708 -0.5669253 -0.2813263 -0.7742424 -0.6047394 0.03927826 -0.7954543 -0.6218906 0.2670739 -0.7361547 -0.6167033 0.4927949 -0.613865 -0.5784026 0.6699301 -0.4654505 -0.5745217 0.7821735 -0.2411007 -0.6265035 0.7762015 0.07074409 -0.4656854 0.8288279 0.3101314 -0.3615633 0.7271857 0.5835005 -0.3505479 0.8074871 0.4744269 -0.4194269 0.7678048 0.4843109 -0.1635519 0.6216132 0.7660601 -0.1731976 0.2117741 0.9618494 -0.210246 -0.1756068 0.9617479 -0.535549 0.2123823 0.8173623 -0.7630757 0.4785131 0.4344431 -0.4976421 0.8641748 0.07452726 -0.4737125 0.8580966 -0.1981585 -0.5297842 0.8250886 -0.196361 -0.7326428 0.6470976 0.2109484 -0.9207223 0.2494303 0.3000916 -0.7073231 -0.5542977 0.4386892 -0.4900478 -0.6897658 0.5329884 -0.4736057 -0.8242778 0.3102639 -0.5784034 -0.6235416 0.5259711 -0.4772957 -0.806602 0.3486862 -0.4330368 -0.6715137 0.6012891 -0.4098773 -0.7861221 0.4626151 -0.3804506 -0.4732591 0.7945333 -0.4178681 -0.4410626 0.7942607 -0.3089494 -0.1303185 0.942108 -0.3863115 -0.1297674 0.9131944 -0.2030764 0.2505647 0.9465608 -0.3130642 0.2096047 0.9263136 -0.3003093 0.5981464 0.7429907 -0.6567751 0.2401562 0.7148228 -0.6844304 0.6676447 0.2929262 -0.8654573 0.2593808 0.4286086 -0.8248506 0.5103777 0.2431794 -0.903033 0.2068592 0.376485 -0.7917409 -0.2111044 0.5732201 -0.6176776 -0.2719259 0.7379233 -0.3418161 -0.9295873 0.1379472 -0.4700252 0.8825524 0.01333683 -0.5239512 0.3205417 0.7891313 -0.2320657 -0.4362982 0.8693615 -0.7140331 0.6997194 -0.02343893 -0.5778765 0.8111634 -0.0898478 -0.3905228 0.9184731 -0.06244212 -0.4002584 0.8699477 0.28807 -0.1449348 -0.8491919 0.5078061 -0.2580062 -0.1788709 0.9494409 -0.2553547 0.1804909 0.9498511 -0.3260089 -0.007049977 0.9453405 -0.3170951 0.8602463 0.3992834 -0.2269399 0.9738945 0.005279779 -0.1518048 0.9075936 0.3914451 -0.1605908 0.6445913 0.7474709 -0.2155283 0.9350855 0.2813588 -0.2765381 0.913574 0.2981765 -0.2836143 0.9579041 0.04452741 -0.3030537 0.9090085 -0.2861157 -0.2975283 0.8268473 -0.4772844 -0.2911228 0.7029491 -0.6489301 -0.3006165 0.4699689 -0.8299152 -0.2892029 0.237747 -0.9272745 -0.2674388 0.05191296 -0.9621754 -0.2587088 -0.2467454 -0.9339092 -0.2443338 -0.5282505 -0.8131744 -0.2335638 -0.6417895 -0.730448 -0.1640088 -0.8388134 -0.5191274 -0.1082827 -0.7868196 -0.6076099 -0.1739305 0.9841312 0.03512787 -0.1643462 0.939078 -0.3018661 -0.1559534 0.8351598 -0.527434 -0.1314164 0.6883341 -0.7133905 -0.150612 0.4533925 -0.8784939 -0.1358116 0.2221207 -0.9655142 -0.08725267 0.04608303 -0.9951199 -0.09442454 -0.1888797 -0.9774501 -0.1142941 -0.4851014 -0.8669566 -0.1239082 -0.6075474 -0.7845592 -0.5630205 0.6745991 0.4774138 0.1108466 0.8031804 0.5853326 -0.005798697 0.7224587 0.6913898 -0.7543733 0.4450918 0.4825083 0.1922428 0.7936617 0.5771863 -0.01425242 0.7537939 0.6569564 -0.7002409 0.4929215 0.5164216 -0.9563511 0.1499105 0.2508377 -0.8402251 0.3599439 0.4055396 -0.9518576 -0.2242231 -0.2090247 -0.8359614 0.3489607 0.4235505 -0.9414592 -0.2834937 0.1824443 -0.7654272 0.5253004 0.3717266 -0.2280369 0.8863901 0.4028796 -0.7587158 0.4997575 0.4178431 -0.8113905 0.5133985 0.2794057 0.1834205 0.7367949 0.6507612 0.1697511 0.6249845 0.7619574 -0.3984304 0.7549881 0.5208131 -0.03872847 0.7807652 0.6236233 -0.993506 0.09225803 -0.06659179 -0.07580929 -0.6310732 -0.7720102 0.6274813 0.4705804 -0.6203398 0.9627087 -0.2621546 -0.0668357 0.3983038 0.7904428 0.4653541 -0.2699754 0.9591057 -0.08502727 -0.02938997 0.9747225 0.2214779 -0.2242849 0.9716674 0.07455813 -0.5295713 0.7087808 0.4660301 -0.4246768 0.8074201 0.4095392 0.2804139 0.7994604 0.5312543 0.6499372 0.6173121 0.4432916 0.6746373 0.5962017 0.4352105 0.6985816 0.5111029 0.5007569 0.8496149 0.3594818 0.3859111 0.7999003 0.4217101 0.4269899 0.8655453 0.2576707 0.4294614 0.8254452 0.3746502 0.4222292 0.4905594 0.7269276 0.4805492 -0.1124935 0.8203852 0.5606367 0.2838628 0.7781888 0.5602179 0.5642067 0.4576339 0.6871986 0.4711241 0.7069151 0.527554 0.8180695 0.2596886 0.5131514 0.8608326 0.1302266 0.4919435 0.5947302 0.1444175 0.7908474 0.4349929 0.06094717 0.8983689 0.02658188 0.1797863 0.9833465 -0.001312255 0.07263499 0.9973577 -0.483461 -0.02078384 0.8751192 -0.7405151 0.04629743 0.6704432 -0.9961749 -0.08350032 0.02575814 -0.8418675 0.3834412 0.3797789 -0.9985741 -0.01388603 -0.05154615 -0.6822907 0.5978131 0.4208314 -0.9003507 0.3213685 0.2934128 -0.7281156 0.4283302 0.5351457 -0.9196936 0.07583999 0.3852428 -0.7619757 0.1080689 0.6385251 -0.9035568 -0.1463404 0.4027032 -0.6757293 0.4492756 0.5844154 -0.9776397 -0.1471922 0.1501831 -0.7318779 0.5434226 0.411153 -0.7369825 0.6039179 0.303546 0.217415 0.8923661 0.3954916 -0.01327574 0.6300958 0.776404 0.9369441 0.3440752 0.06122177 0.9767942 0.01486277 -0.2136642 0.8897895 0.1109375 -0.4426821 0.785111 0.5381787 0.3065366 0.8923776 0.2024329 0.40334 0.6506299 0.5456758 0.5281275 -0.157539 0.9098629 0.3838374 0.6176797 0.4592541 0.6384024 0.931751 -0.1358714 0.3367183 0.9695761 -0.02938938 0.2430197 0.9155379 0.322921 0.2398179 0.9281401 0.2066738 0.3095835 0.7472577 0.5200437 0.4137156 0.7008483 0.5834705 0.4103338 0.9280662 0.1842765 0.3236283 0.8773931 0.339006 0.3394943 0.6905797 0.6181585 0.3754729 0.3448376 0.8348251 0.4291319 0.3317382 0.8824177 0.3335999 0.0553618 -0.9042532 -0.4233928 0.2719252 -0.9221042 -0.2752823 0.1248538 -0.7790926 -0.6143503 -0.1183542 -0.7562398 -0.6435012 -0.2334117 -0.7640816 -0.6014137 -0.2758297 -0.859656 -0.4300111 -0.1800937 -0.8704375 -0.4581539 -0.04162794 -0.9926621 -0.1135308 0.224009 -0.9363517 -0.2703063 0.2209578 -0.931807 -0.2879471 0.1628181 -0.9324427 -0.3225538 0.1568052 -0.9663147 -0.2040787 0.144293 -0.95295 -0.2665818 0.1712129 -0.978752 -0.1128296 0.09070408 -0.9814778 -0.1687425 0.2483364 -0.7660983 -0.5928091 -0.4891934 -0.863024 -0.1260141 -0.2215722 -0.9729338 0.06561708 0.02154642 0.02566653 -0.9994384 0.1421591 -0.9889488 -0.04208612 0.2324371 -0.9665855 -0.1081003 0.08023506 0.9926685 0.09039795 0.1247303 0.9888088 -0.08185136 0.1149364 0.9913949 0.06265646 0.2753452 0.9459155 -0.171549 0.1746302 0.9244234 0.3390366 0.6616835 0.7484492 0.04471039 0.1802445 0.915902 0.3586578 0.6389828 0.7667368 0.06177109 0.1801847 0.9675468 0.1771633 0.4703605 0.8711374 -0.1409983 0.2135122 0.8940597 -0.3937891 -0.1443235 0.9853311 -0.0910682 -0.4354194 0.8742571 0.2146731 0.03393667 0.9763517 -0.2135082 -0.1999617 0.9770414 0.07352072 -0.0778855 0.9941083 -0.07538288 -0.3889716 0.8902551 0.2369537 -0.09183138 0.9955878 -0.01928794 -0.1137131 0.9927163 0.03979653 -0.4707283 0.8443139 0.2560256 -0.8267933 0.3931167 0.4023334 -0.849744 0.3329637 0.4087426 0.1343455 0.8955252 0.4242476 0.04251259 0.9660102 0.2549842 0.2131131 0.9550567 0.2060327 -0.3562495 0.8738533 0.3308575 -0.1475289 0.8058242 0.5734829 -0.479666 0.03021371 0.8769309 -0.308886 -0.02133297 0.9508599 -0.4010197 0.5339604 0.7443584 -0.224376 0.5207771 0.8236787 -0.2441527 0.8800793 0.4072468 -0.5283771 0.6727935 0.517848 -0.2327406 0.9339532 0.2712255 -0.527555 0.7843131 0.3264029 -0.7259265 0.2355461 0.6461802 0.6434984 0.6955338 -0.3195976 -0.2104625 0.6047745 0.7680843 -0.6479923 0.5046111 0.5705029 -0.1279067 0.9898051 0.06265628 0.8117825 0.4385622 -0.3855807 0.7850849 0.5586299 -0.2675344 0.940871 0.2832471 -0.1858303 0.5784026 0.6699301 -0.4654505 0.6167033 0.4927949 -0.613865 0.8703454 0.3292711 -0.3661689 0.934915 0.3522793 -0.04281795 0.9529014 0.3016214 0.03167891 0.9248738 0.3615874 0.1177417 0.9448047 0.2825441 -0.1658703 0.9941 -0.1080988 0.008942067 0.8688839 -0.04065167 0.4933441 0.8075097 -0.519957 0.278519 0.5855094 -0.27043 0.7642294 0.6480567 -0.6674673 0.366756 0.5778796 -0.8025308 0.1483229 0.2384468 -0.6438034 0.7270904 0.1403567 -0.8601158 0.4904091 0.3253945 -0.6644922 0.6727323 0.4008429 -0.498902 0.7683891 0.5738441 -0.6094595 0.5470486 0.7116763 -0.312913 0.6289694 0.7524791 -0.5201677 0.4039814 0.9009497 -0.1126149 0.4190556 0.7802252 -0.5161725 0.3532911 0.8855352 -0.07229918 0.4589121 0.7757703 -0.07303267 0.626775 0.8173375 0.1214973 0.5632033 0.7999098 0.2408885 0.5496518 0.9887184 0.08279752 0.124822 0.979791 0.1075499 -0.1686495 0.813813 0.5726844 -0.0986976 0.5745217 0.7821735 -0.2411007 0.2975283 0.8268473 -0.4772844 0.2911228 0.7029491 -0.6489301 0.3006165 0.4699689 -0.8299152 0.6218906 0.2670739 -0.7361547 0.2892029 0.237747 -0.9272745 0.6047394 0.03927826 -0.7954543 0.2674388 0.05191296 -0.9621754 0.5669253 -0.2813263 -0.7742424 0.2587088 -0.2467454 -0.9339092 0.4583733 -0.5613158 -0.6890708 0.2443338 -0.5282505 -0.8131744 0.4196395 -0.6859503 -0.5944536 0.2335638 -0.6417895 -0.730448 0.1640088 -0.8388134 -0.5191274 0.3216445 -0.8405363 -0.4359399 0.49746 -0.8357937 -0.2323412 0.5838692 -0.7211461 -0.3728877 0.6221677 -0.7738488 -0.1185982 0.7993841 -0.5613359 -0.2142128 0.806719 -0.5903975 -0.025209 0.957252 -0.1498472 -0.2474157 0.8286796 -0.2177828 -0.5156168 0.8657421 0.140572 -0.4803439 0.6970649 -0.5441929 -0.4668564 0.9406515 0.03436416 0.3376299 0.473927 -0.88056 0.002716124 0.2320657 -0.4362982 0.8693615 0.5939893 -0.8037762 0.03347921 0.444847 -0.8915556 0.08508735 0.6265035 0.7762015 0.07074409 0.5172458 0.8548535 0.0410183 0.802442 0.587373 -0.1052608 0.9968274 -0.006225943 -0.07935065 0.5363172 -0.763473 0.3598235 0.8950095 -0.2667388 0.3575032 0.9477342 -0.09997993 0.3029917 0.8306046 0.03161764 0.5559644 0.447263 -0.8804566 0.1573279 0.3763048 -0.9067633 0.1901972 0.3484044 -0.9056193 0.2418016 0.2715934 -0.8876609 0.3718806 0.199136 -0.8351812 0.5126571 0.09085446 -0.9398877 0.3291758 0.1331537 -0.9619848 0.2384437 0.1632474 -0.9666666 0.1972458 0.3657706 -0.7976148 0.4796065 0.6626976 -0.6988021 0.2692724 0.83308 -0.5527925 0.01995944 0.3924448 -0.9160606 -0.08258461 0.1986512 -0.9456152 -0.2575843 0.07269674 -0.9502155 -0.3029947 0.1082827 -0.7868196 -0.6076099 0.1239082 -0.6075474 -0.7845592 0.1142941 -0.4851014 -0.8669566 0.09442454 -0.1888797 -0.9774501 0.08725267 0.04608303 -0.9951199 0.1358116 0.2221207 -0.9655142 0.150612 0.4533925 -0.8784939 0.1314164 0.6883341 -0.7133905 0.1559534 0.8351598 -0.527434 0.3030537 0.9090085 -0.2861157 0.4700252 0.8825524 0.01333683 0.4656854 0.8288279 0.3101314 0.2879812 0.8970571 0.3351947 0.1856191 0.976133 0.1127387 0.06186306 0.9103974 0.4090837 0.426415 0.6774969 0.5993066 0.3328412 0.4832699 0.8097327 0.4334332 0.1415479 0.89 0.547848 -0.1314762 0.826182 0.3965054 0.01181089 0.9179564 0.454335 -0.2528492 0.8541939 0.210246 -0.1756068 0.9617479 0.535549 0.2123823 0.8173623 0.3260089 -0.007049977 0.9453405 0.3170951 0.8602463 0.3992834 0.4976421 0.8641748 0.07452726 0.3905228 0.9184731 -0.06244212 0.5778765 0.8111634 -0.0898478 0.6844304 0.6676447 0.2929262 0.7140331 0.6997194 -0.02343893 0.8248506 0.5103777 0.2431794 0.7326428 0.6470976 0.2109484 0.9207223 0.2494303 0.3000916 0.8952535 0.2925276 0.3360787 0.911943 -0.3946127 0.1124325 0.8840017 -0.4039276 0.235337 0.6278664 -0.7763411 0.05548346 0.7429336 -0.3537198 0.5682711 0.7966133 0.161813 0.5824292 0.7844364 0.331378 0.5242597 0.6904428 -0.1042546 0.715835 0.8808149 -0.08591157 0.465601 0.9741355 -0.1836022 0.1317199 0.9887916 -0.09503674 0.1151489 0.9577036 0.2841065 0.04568773 0.7501555 0.6364724 0.1793597 0.5713838 0.7682337 0.2886828 0.6956837 0.3611329 0.6209729 0.8941146 0.2657593 0.3604597 0.9730333 -0.1303766 0.1902852 0.945509 -0.2118323 0.2472649 0.2269399 0.9738945 0.005279779 0.6987123 0.6801564 0.2217848 0.5297842 0.8250886 -0.196361 0.4737125 0.8580966 -0.1981585 0.7630757 0.4785131 0.4344431 0.6855804 -0.2667366 0.6773708 0.3615633 0.7271857 0.5835005 0.1949911 0.8586446 0.4740338 0.1643462 0.939078 -0.3018661 0.2836143 0.9579041 0.04452741 0.2765381 0.913574 0.2981765 0.2155283 0.9350855 0.2813588 0.3505479 0.8074871 0.4744269 0.4194269 0.7678048 0.4843109 0.1635519 0.6216132 0.7660601 0.1731976 0.2117741 0.9618494 0.1739305 0.9841312 0.03512787 0.5196188 -0.8178822 0.2471134 0.62323 -0.7745741 -0.1077933 0.1518048 0.9075936 0.3914451 0.4002584 0.8699477 0.28807 0.3003093 0.5981464 0.7429907 0.1605908 0.6445913 0.7474709 0.2030764 0.2505647 0.9465608 0.7917409 -0.2111044 0.5732201 0.6176776 -0.2719259 0.7379233 0.5784034 -0.6235416 0.5259711 0.4900478 -0.6897658 0.5329884 0.4736057 -0.8242778 0.3102639 0.7073231 -0.5542977 0.4386892 0.903033 0.2068592 0.376485 0.8654573 0.2593808 0.4286086 0.6567751 0.2401562 0.7148228 0.3130642 0.2096047 0.9263136 0.3863115 -0.1297674 0.9131944 0.3089494 -0.1303185 0.942108 0.4178681 -0.4410626 0.7942607 0.3804506 -0.4732591 0.7945333 0.4330368 -0.6715137 0.6012891 0.4098773 -0.7861221 0.4626151 0.4772957 -0.806602 0.3486862 0.3418161 -0.9295873 0.1379472 0.1449348 -0.8491919 0.5078061 0.2580062 -0.1788709 0.9494409 0.5862634 0.007354974 0.8100872 0.5239512 0.3205417 0.7891313 0.7732578 0.520317 0.3624121 0.9329692 0.2011514 0.2985074 0.9386098 0.3448944 -0.007721245 0.9728503 0.2309363 -0.01519834 0.7123813 0.4110033 -0.5688491 0.6506753 0.02969545 -0.7587753 0.2950032 0.4619763 -0.8363916 0.2717396 0.30647 -0.9122685 0.1832983 -0.6697134 -0.7196428 0.3890926 -0.8612592 -0.3268634 0.2553547 0.1804909 0.9498511 0.2220865 -0.9662915 -0.1302244 0.04913544 -0.9953136 -0.0832861 0.1039474 -0.9730343 -0.205911 0.6861053 0.4590414 -0.5643941 0.2264248 0.834894 -0.5016811 0.3539614 0.5339024 -0.767893 0.08575862 0.6713286 -0.7361816 0.1223211 0.3607375 -0.9246112 0.4699035 0.3790479 -0.797191 0.173716 0.3411449 -0.9238197 0.3618064 0.3536577 -0.8625673 0.2920069 0.5035045 -0.8131514 0.3141679 0.5350987 -0.7841989 0.3820731 0.3871393 -0.8391326 0.7495195 0.2515998 -0.6123055 0.8590748 0.3164193 -0.4023299 0.7901892 0.3513003 -0.5021845 0.9292764 0.2637156 -0.2586495 0.8911561 7.93495e-4 -0.4536961 0.9859966 -0.03244131 -0.16358 0.8737766 -0.4200109 -0.245164 0.9107869 -0.3875644 -0.1423419 0.6095675 -0.7620738 -0.218337 0.6037972 -0.7743095 -0.1894038 0.2437564 -0.9435606 -0.2242242 0.1981308 -0.9074283 -0.3705645 0.5906423 -0.7183052 -0.3676674 0.2147308 -0.9209072 -0.3253008 0.5294199 -0.7306343 -0.4311475 0.2960025 -0.9174278 -0.2659109 0.5291681 -0.7911427 -0.3067154 0.5333276 -0.8174332 -0.2176343 0.9073706 -0.2708896 -0.3213992 0.951213 -0.2209873 -0.2153108 0.6855553 0.6482301 -0.3313786 0.7477151 0.6448966 -0.1582104 0.3241744 0.9187788 -0.2252923 0.408228 0.9084416 -0.08991026 0.7278585 0.6734423 -0.1292194 0.4039183 0.9110211 -0.0830115 0.7117128 0.6823531 -0.1669107 0.4799162 0.8700446 -0.1127078 0.8615512 0.4127084 -0.2956375 0.9562067 -0.05633896 -0.2872191 0.6382458 -0.6926003 -0.3360762 0.9775562 -0.01522898 -0.2101237 0.643435 -0.711218 -0.2831261 0.3151746 -0.9216575 -0.2263019 0.8498413 -0.2437579 -0.4672815 0.851423 -0.3895769 -0.3511533 0.93757 0.3004582 -0.1751782 0.968989 0.2184574 -0.1154851 0.9997517 -0.02209597 0.002899289 0.2627077 -0.9223456 -0.283308 0.4367993 -0.8371275 -0.3292781 0.4252557 -0.8150479 -0.3935156 0.8530438 0.3324768 0.4022133 -0.5849923 0.7872736 -0.1948956 -0.7055176 0.6705118 -0.2294756 -0.5584843 0.7743517 -0.2974473 -0.5418718 0.6934006 -0.4749428 -0.8190215 0.4049938 -0.4064282 -0.3532571 0.8964948 -0.2674072 -0.04953283 0.981013 -0.1875107 -0.3607683 0.6994713 -0.6169167 -0.729271 0.2297837 -0.644487 -0.8354555 0.01651072 -0.5493101 -0.9096292 -0.1053223 -0.4018483 -0.884895 0.4652909 0.02157682 -0.9933715 -0.1049557 0.04687756 -0.9339753 0.06521922 0.3513356 -0.4778664 -0.6312854 0.6108376 -0.5337766 0.2218118 0.816016 0.008087456 0.03271621 0.999432 -0.432029 0.6986138 0.5703418 -0.02411025 0.836687 0.5471503 -0.0425136 0.9417095 0.3337306 0.08105993 0.8389217 0.538182 0.03064084 0.9550547 0.2948419 0.1170694 0.8039516 0.5830579 0.03741604 0.9582905 0.2833366 -0.006836175 0.9635426 0.2674676 -0.003357052 0.8551148 0.518428 -0.08673477 0.956738 0.2777222 -0.1204599 0.8339418 0.5385448 -0.2070708 0.9220986 0.3268882 -0.2356718 0.8113313 0.534977 -0.3939979 0.7468565 0.5356968 -0.2440291 0.192147 0.9505416 -0.4333337 0.1455432 0.8894038 -0.1282094 -0.7636719 0.6327462 -0.2664369 -0.7974186 0.5414194 -0.1037649 -0.9937931 0.04010206 -0.9839674 -0.1319952 -0.1199402 -0.1831424 -0.874817 -0.448502 -0.2916149 -0.06686842 -0.9541957 -0.1364204 -0.8073223 -0.5741257 -0.3117239 0.1272653 -0.9416112 -0.328907 0.06998085 -0.9417659 -0.2423557 0.8095614 -0.534672 -0.02914559 0.8065251 -0.5904812 -0.02319443 0.9803005 -0.1961455 0.1709394 0.8068428 -0.565495 0.0337845 0.9777683 -0.2069494 0.01507622 0.971747 -0.2355436 0.05468994 0.7847951 -0.6173375 -0.04992991 0.7980857 -0.6004717 0.1098375 -0.04944062 -0.9927192 0.06808793 -0.07290995 -0.9950117 0.1048939 -0.8287445 -0.549709 0.06647044 -0.8226404 -0.5646631 -0.002349913 -0.999982 0.00552386 -0.1784131 -0.9838968 -0.01077312 0.01916575 -0.8434173 0.5369171 0.1757291 -0.8389403 0.5150713 0.1688014 0.03479182 0.985036 0.220106 0.04846483 0.9742713 0.05520975 0.1742358 0.983155 -0.1163989 0.1821365 0.9763594 -0.0202341 -0.7583079 0.6515827 0.0237739 -0.9996345 0.01287877 -0.04162776 -0.9991278 0.003326535 -0.3585984 0.8552648 0.3740715 -0.3421517 0.848833 0.4030072 -0.5231931 -0.6939183 -0.4947186 -0.4203443 0.1004394 -0.9017886 -0.02276742 0.8125171 -0.5824927 -0.2600865 0.752609 -0.6049255 -0.3200218 0.6153843 -0.7203391 -0.3170337 0.7476294 -0.5835581 -0.1727711 0.8786883 -0.445036 -0.1172536 0.9592394 -0.2571217 0.005005061 0.01123094 -0.9999244 0.3140105 -0.07870858 -0.9461514 0.2447955 -0.01754862 -0.9694159 0.1685904 -0.8394427 -0.5166364 0.1336447 -0.9910282 -0.001464903 0.2075307 -0.7801628 0.5901501 0.07996177 -0.7544181 0.6515055 0.05890077 -0.9982613 0.00225836 0.09067243 -0.838392 -0.5374731 -0.1128616 -0.8088622 -0.5770654 0.2246218 -0.8117822 -0.5390314 0.1511902 -0.9867647 -0.05862659 -0.8815221 0.1507963 0.4474142 -0.7843781 0.3088864 0.5379037 -0.6421895 0.6019954 0.4745463 -0.6398705 0.7358846 0.221449 -0.7256358 0.6148188 0.3089506 -0.7641674 0.5774822 0.2873372 -0.7215361 0.4122846 0.5562439 -0.7288625 0.6646804 0.1641939 -0.04126131 -0.318219 -0.9471189 0.02328616 -0.4088355 -0.912311 0.02859646 -0.3882039 -0.9211298 0.09573793 -0.5179371 -0.8500444 0.09412288 -0.6662461 -0.7397683 0.1351696 -0.7238851 -0.6765498 0.1026064 -0.8814022 -0.4610881 0.06470078 -0.9169206 -0.39379 0.03625673 -0.9108446 -0.4111542 -0.02740657 -0.9802276 -0.1959661 -0.2124734 -0.758306 -0.6163011 -0.154732 -0.9546386 -0.2544075 0.07968574 -0.7973461 -0.5982385 -0.007965326 -0.6286532 -0.7776451 0.1989228 -0.7715201 -0.6043066 0.6141417 -0.4157351 -0.6708162 0.4487864 -0.6096842 -0.6533573 0.7199462 -0.4156705 -0.5557838 0.860752 -0.1516173 -0.4859202 0.4157261 -0.309704 -0.8551347 -0.6340404 -0.284105 -0.7192199 -0.4880006 -0.2590767 -0.8335075 -0.7487569 -0.2646316 -0.6077279 -0.5067809 -0.5098024 -0.6951795 -0.6557937 -0.3818545 -0.6512463 -0.2079594 -0.667338 -0.7151315 -0.2561193 -0.8064461 -0.5329613 -0.1431051 -0.8096168 -0.5692465 -0.1835733 -0.8101335 -0.5567626 -0.09415018 -0.8662732 -0.4906185 -0.04333788 -0.7352798 -0.6763768 -0.359089 -0.2634723 -0.8953421 -0.5195033 -0.5138572 -0.6826912 -0.6480731 -0.4373998 -0.6234442 -0.8957489 0.1188737 -0.4283725 0.7427202 -0.4748819 -0.4720742 0.7118847 -0.460897 -0.5299003 0.704256 -0.455801 -0.544306 0.2246844 -0.6351715 -0.7389683 -0.1636145 -0.7783667 -0.6061152 -0.02752804 -0.8728713 -0.4871733 -0.2409476 -0.7778382 -0.5804412 -0.3715137 -0.6619982 -0.6509501 -0.413228 -0.6489572 -0.6388249 -0.4705158 -0.5085428 -0.7211096 -0.5038693 -0.6829245 -0.5288949 -0.6469839 -0.4660946 -0.6034631 -0.4837279 -0.7514721 -0.4486614 -0.2761981 -0.7270571 -0.6285719 0.7321216 0.3242747 -0.5990358 -0.9096247 0.3239918 0.2600235 -0.9305837 0.2564812 0.2612116 -0.8411843 0.3193582 0.4363708 -0.7890436 0.2990272 0.5366498 -0.1784164 -0.8970876 0.4042296 -0.195656 -0.4904066 0.8492468 -0.3862468 -0.5096651 0.7688009 -0.2971076 -0.8828386 0.3637623 -0.751506 -0.4552556 0.4774736 -0.606812 -0.7500687 0.2630138 -0.9066607 -0.3871345 0.1676107 -0.6210051 -0.770824 0.142067 -0.8959666 -0.4375608 0.07605504 -0.9643613 -0.06759893 0.2558079 -0.840987 -0.04272687 0.5393658 -0.8474571 0.2443062 0.4713079 -0.4391704 0.2221793 0.8704974 -0.4806739 0.3606733 0.799292 -0.1671839 0.2012434 0.9651687 -0.1900765 0.3286054 0.925143 -0.1876011 0.3504818 0.9175884 -0.431824 0.378445 0.818723 -0.2064002 0.3737361 0.9042789 -0.4472352 0.4095739 0.7951289 -0.6383446 0.416102 0.647592 -0.6262226 0.332201 0.7053282 -0.217141 -0.9560614 0.1969681 -0.09857529 -0.9783369 0.1820438 -0.4337737 -0.08041888 0.897426 -0.1722475 -0.07104748 0.9824882 0.8349893 -0.06592261 0.5463032 0.4391704 0.2221793 0.8704974 0.4415527 -0.0902149 0.8926885 0.7610678 -0.4575806 0.4597781 0.9046676 -0.3883207 0.1754523 0.6059508 -0.740966 0.2894708 0.431824 0.378445 0.818723 0.4806739 0.3606733 0.799292 0.7890436 0.2990272 0.5366498 0.6262226 0.332201 0.7053282 0.6383446 0.416102 0.647592 0.4472352 0.4095739 0.7951289 0.2064002 0.3737361 0.9042789 0.1876011 0.3504818 0.9175884 0.1900765 0.3286054 0.925143 0.1671839 0.2012434 0.9651687 0.1722475 -0.07104748 0.9824882 0.4191496 -0.5035655 0.7554703 0.3053722 -0.8784562 0.3675087 0.217141 -0.9560614 0.1969681 0.6210051 -0.770824 0.142067 0.8959666 -0.4375608 0.07605504 0.9643613 -0.06759893 0.2558079 0.8474571 0.2443062 0.4713079 0.8411843 0.3193582 0.4363708 0.9096247 0.3239918 0.2600235 0.9305837 0.2564812 0.2612116 0.195656 -0.4904066 0.8492468 0.1784164 -0.8970876 0.4042296 0.09857529 -0.9783369 0.1820438 -0.05520975 0.1742358 0.983155 -0.220106 0.04846483 0.9742713 -0.2075307 -0.7801628 0.5901501 -0.07996177 -0.7544181 0.6515055 -0.1336447 -0.9910282 -0.001464903 -0.1757291 -0.8389403 0.5150713 -0.1688014 0.03479182 0.985036 0.1204599 0.8339418 0.5385448 0.003357052 0.8551148 0.518428 -0.1170694 0.8039516 0.5830579 -0.08105993 0.8389217 0.538182 0.02411025 0.836687 0.5471503 -0.008087456 0.03271621 0.999432 -0.01916575 -0.8434173 0.5369171 0.002349913 -0.999982 0.00552386 -0.1048939 -0.8287445 -0.549709 -0.06647044 -0.8226404 -0.5646631 -0.06808793 -0.07290995 -0.9950117 0.4203443 0.1004394 -0.9017886 0.02276742 0.8125171 -0.5824927 0.04992991 0.7980857 -0.6004717 -0.1098375 -0.04944062 -0.9927192 -0.1685904 -0.8394427 -0.5166364 0.5231931 -0.6939183 -0.4947186 0.9933715 -0.1049557 0.04687756 0.9096292 -0.1053223 -0.4018483 0.1784131 -0.9838968 -0.01077312 0.4778664 -0.6312854 0.6108376 -0.3140105 -0.07870858 -0.9461514 -0.1709394 0.8068428 -0.565495 0.02914559 0.8065251 -0.5904812 0.02319443 0.9803005 -0.1961455 0.2423557 0.8095614 -0.534672 0.1172536 0.9592394 -0.2571217 0.2600865 0.752609 -0.6049255 0.1727711 0.8786883 -0.445036 0.3170337 0.7476294 -0.5835581 0.3200218 0.6153843 -0.7203391 0.3117239 0.1272653 -0.9416112 0.2916149 -0.06686842 -0.9541957 0.1364204 -0.8073223 -0.5741257 0.1831424 -0.874817 -0.448502 0.04162776 -0.9991278 0.003326535 0.1037649 -0.9937931 0.04010206 0.1282094 -0.7636719 0.6327462 0.2664369 -0.7974186 0.5414194 0.4333337 0.1455432 0.8894038 0.9839674 -0.1319952 -0.1199402 0.3939979 0.7468565 0.5356968 0.3585984 0.8552648 0.3740715 0.2070708 0.9220986 0.3268882 0.2356718 0.8113313 0.534977 0.2440291 0.192147 0.9505416 0.1163989 0.1821365 0.9763594 0.0202341 -0.7583079 0.6515827 -0.05890077 -0.9982613 0.00225836 -0.1511902 -0.9867647 -0.05862659 -0.2246218 -0.8117822 -0.5390314 -0.2447955 -0.01754862 -0.9694159 -0.05468994 0.7847951 -0.6173375 -0.01507622 0.971747 -0.2355436 0.04953283 0.981013 -0.1875107 0.3607683 0.6994713 -0.6169167 0.729271 0.2297837 -0.644487 0.8354555 0.01651072 -0.5493101 0.884895 0.4652909 0.02157682 0.9339753 0.06521922 0.3513356 0.5337766 0.2218118 0.816016 0.432029 0.6986138 0.5703418 0.0425136 0.9417095 0.3337306 -0.03064084 0.9550547 0.2948419 -0.03741604 0.9582905 0.2833366 0.006836175 0.9635426 0.2674676 0.08673477 0.956738 0.2777222 -0.0337845 0.9777683 -0.2069494 -0.09067243 -0.838392 -0.5374731 -0.0237739 -0.9996345 0.01287877 0.328907 0.06998085 -0.9417659 -0.005005061 0.01123094 -0.9999244 0.1128616 -0.8088622 -0.5770654 0.8190215 0.4049938 -0.4064282 0.5418718 0.6934006 -0.4749428 0.3532571 0.8964948 -0.2674072 0.5584843 0.7743517 -0.2974473 0.5849923 0.7872736 -0.1948956 0.7055176 0.6705118 -0.2294756 0.6421895 0.6019954 0.4745463 0.7256358 0.6148188 0.3089506 0.7843781 0.3088864 0.5379037 0.8815221 0.1507963 0.4474142 0.7215361 0.4122846 0.5562439 0.7641674 0.5774822 0.2873372 0.6398705 0.7358846 0.221449 0.3421517 0.848833 0.4030072 0.7288625 0.6646804 0.1641939 -0.3023806 -0.3158699 0.8993288 -0.7258989 -0.2026779 0.6572613 -0.7132419 -0.2078686 0.6693853 -0.8961083 -0.1091676 0.4302003 0.8337404 0.03073489 -0.5513005 -0.6389828 0.7667368 0.06177109 -0.1802445 0.915902 0.3586578 -0.1801847 0.9675468 0.1771633 -0.4703605 0.8711374 -0.1409983 -0.2135122 0.8940597 -0.3937891 0.1443235 0.9853311 -0.0910682 0.4354194 0.8742571 0.2146731 -0.03393691 0.9763581 -0.2134791 0.1999617 0.9770414 0.07352072 -0.02154642 0.02566653 -0.9994384 0.0778855 0.9941083 -0.07538288 0.3889716 0.8902551 0.2369537 0.09183138 0.9955878 -0.01928794 0.1137131 0.9927163 0.03979653 0.4707283 0.8443139 0.2560256 0.8267933 0.3931167 0.4023334 0.849744 0.3329637 0.4087426 -0.1343455 0.8955252 0.4242476 -0.04251259 0.9660102 0.2549842 -0.6616835 0.7484492 0.04471039 -0.2131131 0.9550567 0.2060327 -0.2753452 0.9459155 -0.171549 0.3562495 0.8738533 0.3308575 0.1475289 0.8058242 0.5734829 0.479666 0.03021371 0.8769309 0.308886 -0.02133297 0.9508599 0.4010197 0.5339604 0.7443584 0.224376 0.5207771 0.8236787 0.2441527 0.8800793 0.4072468 0.5283771 0.6727935 0.517848 0.2327406 0.9339532 0.2712255 0.527555 0.7843131 0.3264029 0.7259265 0.2355461 0.6461802 0.2104625 0.6047745 0.7680843 -0.6434984 0.6955338 -0.3195976 0.6479923 0.5046111 0.5705029 -0.1746302 0.9244234 0.3390366 -0.1149364 0.9913949 0.06265646 -0.1247303 0.9888088 -0.08185136 -0.08023506 0.9926685 0.09039795 0.1279067 0.9898051 0.06265628 -0.09070408 -0.9814778 -0.1687425 0.4891934 -0.863024 -0.1260141 -0.2483364 -0.7660983 -0.5928091 -0.1712129 -0.978752 -0.1128296 -0.1568052 -0.9663147 -0.2040787 -0.144293 -0.95295 -0.2665818 -0.1628181 -0.9324427 -0.3225538 -0.224009 -0.9363517 -0.2703063 -0.2209578 -0.931807 -0.2879471 0.04162794 -0.9926621 -0.1135308 -0.0553618 -0.9042532 -0.4233928 0.1800937 -0.8704375 -0.4581539 0.1183542 -0.7562398 -0.6435012 0.2758297 -0.859656 -0.4300111 0.2334117 -0.7640816 -0.6014137 -0.1248538 -0.7790926 -0.6143503 -0.2719252 -0.9221042 -0.2752823 -0.2324371 -0.9665855 -0.1081003 -0.1421591 -0.9889488 -0.04208612 0.2215722 -0.9729338 0.06561708 -0.9496381 -0.2878884 -0.1237252 -0.7807418 -0.3951624 0.4840342 -0.8360165 -0.3879009 0.3880841 -0.3689722 -0.3570393 0.8581273 0.6381689 -0.03619742 -0.7690451 0.4978506 -0.09457725 0.8620905 0.4772878 -0.2605108 0.839244 0.4412452 -0.0107122 0.8973227 0.5569221 -0.04727488 0.8292183 0.5533494 0.1862911 0.8118498 0.3786266 0.4835225 0.7892072 0.5245944 0.5657953 0.636142 0.4673367 -0.09485286 0.8789764 0.4767012 -0.108982 0.8722838 0.4837024 -0.1382225 0.8642492 0.5560943 0.06656283 0.8284496 0.573845 0.2183925 0.7893077 0.3675754 0.4248907 0.8272582 0.2319144 0.8288065 0.5092108 0.3025086 0.9196726 0.2503814 0.5979332 0.7755858 0.2023426 0.4555571 0.1292175 0.8807784 0.4107586 -0.1327587 0.9020269 0.5360385 -0.4311747 0.7257762 0.5273672 -0.397326 0.75101 0.5896823 -0.06604242 0.8049307 -0.9785103 -0.04834258 0.2004508 -0.6836028 -0.2463521 0.687021 -0.7222028 -0.2314869 0.6517953 -0.2331634 -0.3461134 0.9087576 0.5422331 0.5945733 -0.5936883 -0.3786266 0.4835225 0.7892072 -0.5245944 0.5657953 0.636142 -0.4412452 -0.0107122 0.8973227 -0.5533494 0.1862911 0.8118498 -0.5569221 -0.04727488 0.8292183 -0.5560943 0.06656283 0.8284496 -0.4837024 -0.1382225 0.8642492 -0.4767012 -0.108982 0.8722838 -0.4978506 -0.09457725 0.8620905 -0.4673367 -0.09485286 0.8789764 -0.4772878 -0.2605108 0.839244 -0.5273672 -0.397326 0.75101 -0.5360385 -0.4311747 0.7257762 -0.4107586 -0.1327587 0.9020269 -0.4555571 0.1292175 0.8807784 -0.5979332 0.7755858 0.2023426 -0.3025086 0.9196726 0.2503814 -0.2319144 0.8288065 0.5092108 -0.3675754 0.4248907 0.8272582 -0.573845 0.2183925 0.7893077 -0.5896823 -0.06604242 0.8049307 -0.8521962 -0.3893374 -0.3495399 -0.5906423 -0.7183052 -0.3676674 -0.6101505 -0.7615894 -0.2183992 -0.8719747 -0.4222993 -0.2476358 -0.9093838 -0.3901283 -0.1442953 -0.6037972 -0.7743095 -0.1894038 -0.2220865 -0.9662915 -0.1302244 -0.2437564 -0.9435606 -0.2242242 -0.1039474 -0.9730343 -0.205911 -0.1981308 -0.9074283 -0.3705645 -0.2147308 -0.9209072 -0.3253008 -0.04913544 -0.9953136 -0.0832861 -0.3618064 0.3536577 -0.8625673 -0.3820731 0.3871393 -0.8391326 -0.3141679 0.5350987 -0.7841989 -0.2920069 0.5035045 -0.8131514 -0.173716 0.3411449 -0.9238197 -0.4569036 0.4203721 -0.7839174 -0.7581098 0.1912365 -0.6234568 -0.8825772 0.3268578 -0.3379667 -0.9356405 0.2992963 -0.1870793 -0.933043 0.2756524 -0.2311854 -0.9687225 0.2205276 -0.1137734 -0.9857335 -0.03463906 -0.1647111 -0.9996922 -0.02313363 0.008972644 -0.8921868 -0.02203452 -0.451129 -0.8498413 -0.2437579 -0.4672815 -0.5294199 -0.7306343 -0.4311475 -0.2960025 -0.9174278 -0.2659109 -0.5291681 -0.7911427 -0.3067154 -0.5333276 -0.8174332 -0.2176343 -0.9073706 -0.2708896 -0.3213992 -0.951213 -0.2209873 -0.2153108 -0.6855553 0.6482301 -0.3313786 -0.7477151 0.6448966 -0.1582104 -0.3241744 0.9187788 -0.2252923 -0.408228 0.9084416 -0.08991026 -0.7278585 0.6734423 -0.1292194 -0.4039183 0.9110211 -0.0830115 -0.7117128 0.6823531 -0.1669107 -0.4799162 0.8700446 -0.1127078 -0.8615512 0.4127084 -0.2956375 -0.9562067 -0.05633896 -0.2872191 -0.6382458 -0.6926003 -0.3360762 -0.9775562 -0.01522898 -0.2101237 -0.643435 -0.711218 -0.2831261 -0.3151746 -0.9216575 -0.2263019 -0.6575115 0.4248616 -0.622231 -0.1223211 0.3607375 -0.9246112 -0.7619512 0.376886 -0.5266759 -0.294508 0.5328001 -0.7933405 -0.2264248 0.834894 -0.5016811 -0.08575862 0.6713286 -0.7361816 -0.2627077 -0.9223456 -0.283308 -0.4367993 -0.8371275 -0.3292781 -0.4252557 -0.8150479 -0.3935156 0.7096307 0.05172991 -0.7026723 -0.5422331 0.5945733 -0.5936883 -0.6381689 -0.03619742 -0.7690451 0.9496381 -0.2878884 -0.1237252 0.8360165 -0.3879009 0.3880841 0.7807418 -0.3951624 0.4840342 0.3689722 -0.3570393 0.8581273 -0.8337404 0.03073489 -0.5513005 0.9785103 -0.04834258 0.2004508 0.7222028 -0.2314869 0.6517953 0.6836028 -0.2463521 0.687021 0.2331634 -0.3461134 0.9087576 -0.7321216 0.3242747 -0.5990358 0.3023806 -0.3158699 0.8993288 0.7132419 -0.2078686 0.6693853 0.7258989 -0.2026779 0.6572613 0.8961083 -0.1091676 0.4302003</float_array>
          <technique_common>
            <accessor source="#chr514_0-mesh-normals-array" count="1079" stride="3">
              <param name="X" type="float"/>
              <param name="Y" type="float"/>
              <param name="Z" type="float"/>
            </accessor>
          </technique_common>
        </source>
        <source id="chr514_0-mesh-map-0">
          <float_array id="chr514_0-mesh-map-0-array" count="9594">0.9272461 0.692627 0.9174805 0.6882324 0.9111328 0.6582031 0.7602539 0.0961914 0.7900391 0.118164 0.7700195 0.1206054 0.7602539 0.0961914 0.7700195 0.1206054 0.7470703 0.1254882 0.7470703 0.1254882 0.7700195 0.1206054 0.7587891 0.1284179 0.6821289 0.125 0.659668 0.1176757 0.6879883 0.1137695 0.6879883 0.1137695 0.659668 0.1176757 0.6704102 0.09912109 0.6879883 0.1137695 0.6704102 0.09912109 0.675293 0.09179687 0.6879883 0.1137695 0.675293 0.09179687 0.6967774 0.1098632 0.6967774 0.1098632 0.675293 0.09179687 0.7138672 0.114746 0.7138672 0.114746 0.675293 0.09179687 0.7089844 0.09472656 0.7089844 0.09472656 0.675293 0.09179687 0.7075195 0.05615234 0.7089844 0.09472656 0.7075195 0.05615234 0.7314453 0.06933593 0.7089844 0.09472656 0.7314453 0.06933593 0.7333984 0.09375 0.7333984 0.09375 0.7314453 0.06933593 0.7602539 0.0961914 0.7333984 0.09375 0.7602539 0.0961914 0.7382813 0.1127929 0.7382813 0.1127929 0.7602539 0.0961914 0.7470703 0.1254882 0.7382813 0.1127929 0.7470703 0.1254882 0.7294922 0.121582 0.7294922 0.121582 0.7470703 0.1254882 0.7397461 0.1347656 0.7397461 0.1347656 0.7470703 0.1254882 0.7587891 0.1284179 0.7397461 0.1347656 0.7587891 0.1284179 0.7490234 0.1513671 0.7089844 0.09472656 0.7333984 0.09375 0.7138672 0.114746 0.7138672 0.114746 0.7333984 0.09375 0.7382813 0.1127929 0.7138672 0.114746 0.7382813 0.1127929 0.7294922 0.121582 0.765625 0.2905274 0.800293 0.2866211 0.8149414 0.3310547 0.8149414 0.3310547 0.800293 0.2866211 0.8398438 0.3085938 0.8149414 0.3310547 0.8398438 0.3085938 0.8642578 0.3339844 0.8642578 0.3339844 0.8398438 0.3085938 0.8706055 0.3129883 0.8706055 0.3129883 0.8398438 0.3085938 0.8320313 0.2768555 0.8320313 0.2768555 0.8398438 0.3085938 0.800293 0.2866211 0.8320313 0.2768555 0.800293 0.2866211 0.8081055 0.2587891 0.8081055 0.2587891 0.800293 0.2866211 0.777832 0.2607422 0.8081055 0.2587891 0.777832 0.2607422 0.7817383 0.2524414 0.7817383 0.2524414 0.777832 0.2607422 0.7597656 0.2543945 0.7817383 0.2524414 0.7597656 0.2543945 0.7856445 0.2441406 0.7856445 0.2441406 0.7597656 0.2543945 0.7636719 0.2402343 0.7856445 0.2441406 0.7636719 0.2402343 0.7885742 0.2104492 0.7885742 0.2104492 0.7636719 0.2402343 0.7626953 0.2197265 0.7885742 0.2104492 0.7626953 0.2197265 0.7685547 0.1821289 0.7685547 0.1821289 0.7626953 0.2197265 0.7363281 0.2109375 0.7685547 0.1821289 0.7363281 0.2109375 0.7529297 0.192871 0.7529297 0.192871 0.7363281 0.2109375 0.734375 0.199707 0.7529297 0.192871 0.734375 0.199707 0.7495117 0.1879882 0.7529297 0.192871 0.7495117 0.1879882 0.7490234 0.1513671 0.7529297 0.192871 0.7490234 0.1513671 0.7709961 0.1469725 0.7709961 0.1469725 0.7490234 0.1513671 0.7587891 0.1284179 0.7709961 0.1469725 0.7587891 0.1284179 0.7807617 0.145996 0.7807617 0.145996 0.7587891 0.1284179 0.7700195 0.1206054 0.7807617 0.145996 0.7700195 0.1206054 0.7905274 0.1445312 0.7905274 0.1445312 0.7700195 0.1206054 0.7900391 0.118164 0.7905274 0.1445312 0.7900391 0.118164 0.8349609 0.1552734 0.8349609 0.1552734 0.7900391 0.118164 0.8408203 0.1293945 0.8349609 0.1552734 0.8408203 0.1293945 0.8740234 0.1640625 0.8349609 0.1552734 0.8740234 0.1640625 0.8701172 0.1884765 0.8349609 0.1552734 0.8701172 0.1884765 0.8286133 0.184082 0.8286133 0.184082 0.8701172 0.1884765 0.8183594 0.2158203 0.8286133 0.184082 0.8183594 0.2158203 0.7885742 0.2104492 0.7885742 0.2104492 0.8183594 0.2158203 0.7856445 0.2441406 0.7856445 0.2441406 0.8183594 0.2158203 0.8183594 0.243164 0.7856445 0.2441406 0.8183594 0.243164 0.7817383 0.2524414 0.7817383 0.2524414 0.8183594 0.243164 0.8134766 0.2509766 0.7817383 0.2524414 0.8134766 0.2509766 0.8081055 0.2587891 0.8081055 0.2587891 0.8134766 0.2509766 0.8520508 0.2631836 0.8081055 0.2587891 0.8520508 0.2631836 0.8320313 0.2768555 0.7915039 0.1796875 0.8349609 0.1552734 0.8286133 0.184082 0.7915039 0.1796875 0.8286133 0.184082 0.7885742 0.2104492 0.7915039 0.1796875 0.7885742 0.2104492 0.7685547 0.1821289 0.7915039 0.1796875 0.7685547 0.1821289 0.7905274 0.1445312 0.7905274 0.1445312 0.7685547 0.1821289 0.7807617 0.145996 0.7807617 0.145996 0.7685547 0.1821289 0.7709961 0.1469725 0.7709961 0.1469725 0.7685547 0.1821289 0.7529297 0.192871 0.7915039 0.1796875 0.7905274 0.1445312 0.8349609 0.1552734 0.7636719 0.2402343 0.7597656 0.2543945 0.7421875 0.2426757 0.8183594 0.2158203 0.8701172 0.1884765 0.8652344 0.2167968 0.8183594 0.2158203 0.8652344 0.2167968 0.8183594 0.243164 0.8183594 0.243164 0.8652344 0.2167968 0.8540039 0.2460937 0.8183594 0.243164 0.8540039 0.2460937 0.8134766 0.2509766 0.8134766 0.2509766 0.8540039 0.2460937 0.8530274 0.2548828 0.8134766 0.2509766 0.8530274 0.2548828 0.8520508 0.2631836 0.8642578 0.3339844 0.8647461 0.3525391 0.8149414 0.3549805 0.8642578 0.3339844 0.8149414 0.3549805 0.8149414 0.3310547 0.6899414 0.2060546 0.6757813 0.1943359 0.7016602 0.1875 0.6899414 0.2060546 0.7016602 0.1875 0.7050781 0.2075195 0.7050781 0.2075195 0.7016602 0.1875 0.7197266 0.2006835 0.7050781 0.2075195 0.7197266 0.2006835 0.7216797 0.2324218 0.7216797 0.2324218 0.7197266 0.2006835 0.7363281 0.2109375 0.7216797 0.2324218 0.7363281 0.2109375 0.7407227 0.2280273 0.7407227 0.2280273 0.7363281 0.2109375 0.7626953 0.2197265 0.7407227 0.2280273 0.7626953 0.2197265 0.7636719 0.2402343 0.7407227 0.2280273 0.7636719 0.2402343 0.7421875 0.2426757 0.7407227 0.2280273 0.7421875 0.2426757 0.7236328 0.2480468 0.7236328 0.2480468 0.7421875 0.2426757 0.7304688 0.2783203 0.7304688 0.2783203 0.7421875 0.2426757 0.7597656 0.2543945 0.7304688 0.2783203 0.7597656 0.2543945 0.7553711 0.2680664 0.7553711 0.2680664 0.7597656 0.2543945 0.777832 0.2607422 0.7553711 0.2680664 0.777832 0.2607422 0.765625 0.2905274 0.765625 0.2905274 0.777832 0.2607422 0.800293 0.2866211 0.765625 0.2905274 0.7304688 0.2783203 0.7553711 0.2680664 0.7197266 0.2006835 0.7016602 0.1875 0.71875 0.1909179 0.7197266 0.2006835 0.71875 0.1909179 0.734375 0.199707 0.7197266 0.2006835 0.734375 0.199707 0.7363281 0.2109375 0.7407227 0.2280273 0.7211914 0.2407225 0.7216797 0.2324218 0.7216797 0.2324218 0.7211914 0.2407225 0.7026367 0.243164 0.7216797 0.2324218 0.7026367 0.243164 0.706543 0.2392578 0.7216797 0.2324218 0.706543 0.2392578 0.7050781 0.2075195 0.7050781 0.2075195 0.706543 0.2392578 0.6928711 0.2402343 0.7050781 0.2075195 0.6928711 0.2402343 0.6899414 0.2060546 0.6899414 0.2060546 0.6928711 0.2402343 0.6669922 0.246582 0.6669922 0.246582 0.6928711 0.2402343 0.6845703 0.2456054 0.6669922 0.246582 0.6845703 0.2456054 0.6650391 0.2504883 0.6669922 0.246582 0.6650391 0.2504883 0.6464844 0.2519531 0.6845703 0.2456054 0.6928711 0.2402343 0.7026367 0.243164 0.7026367 0.243164 0.6928711 0.2402343 0.706543 0.2392578 0.8149414 0.3549805 0.7504883 0.3540039 0.8149414 0.3310547 0.8149414 0.3310547 0.7504883 0.3540039 0.75 0.3310547 0.8149414 0.3310547 0.75 0.3310547 0.765625 0.2905274 0.765625 0.2905274 0.75 0.3310547 0.730957 0.2885742 0.765625 0.2905274 0.730957 0.2885742 0.7304688 0.2783203 0.7304688 0.2783203 0.730957 0.2885742 0.6967774 0.2749024 0.7304688 0.2783203 0.6967774 0.2749024 0.7236328 0.2480468 0.7236328 0.2480468 0.6967774 0.2749024 0.7011719 0.2607422 0.7011719 0.2607422 0.6967774 0.2749024 0.668457 0.2636719 0.668457 0.2636719 0.6967774 0.2749024 0.6655274 0.2783203 0.668457 0.2636719 0.6655274 0.2783203 0.6264649 0.2631836 0.6264649 0.2631836 0.6655274 0.2783203 0.6245117 0.2739258 0.6264649 0.2631836 0.6245117 0.2739258 0.5922852 0.262207 0.5922852 0.262207 0.6245117 0.2739258 0.5976563 0.2739258 0.5922852 0.262207 0.5976563 0.2739258 0.5756836 0.28125 0.5756836 0.28125 0.5976563 0.2739258 0.5844727 0.293457 0.5844727 0.293457 0.5976563 0.2739258 0.6015625 0.2895508 0.5844727 0.293457 0.6015625 0.2895508 0.6069336 0.3134766 0.6069336 0.3134766 0.6015625 0.2895508 0.6225586 0.2900391 0.6069336 0.3134766 0.6225586 0.2900391 0.6347656 0.3325195 0.6347656 0.3325195 0.6225586 0.2900391 0.6557617 0.3022461 0.6347656 0.3325195 0.6557617 0.3022461 0.6630859 0.3476563 0.6630859 0.3476563 0.6557617 0.3022461 0.6821289 0.3125 0.6630859 0.3476563 0.6821289 0.3125 0.7236328 0.3349609 0.7236328 0.3349609 0.6821289 0.3125 0.730957 0.2885742 0.7236328 0.3349609 0.730957 0.2885742 0.75 0.3310547 0.7236328 0.3349609 0.75 0.3310547 0.7314453 0.3618164 0.7314453 0.3618164 0.75 0.3310547 0.7504883 0.3540039 0.7314453 0.3618164 0.7504883 0.3540039 0.7480469 0.3813477 0.7480469 0.3813477 0.7504883 0.3540039 0.8120117 0.3730469 0.8120117 0.3730469 0.7504883 0.3540039 0.8149414 0.3549805 0.8120117 0.3730469 0.8149414 0.3549805 0.859375 0.3920899 0.859375 0.3920899 0.8149414 0.3549805 0.8647461 0.3525391 0.859375 0.3920899 0.8647461 0.3525391 0.887207 0.3847656 0.887207 0.3847656 0.8647461 0.3525391 0.9067383 0.3540039 0.9067383 0.3540039 0.8647461 0.3525391 0.9003906 0.340332 0.9003906 0.340332 0.8647461 0.3525391 0.8642578 0.3339844 0.9003906 0.340332 0.8642578 0.3339844 0.8989258 0.3208008 0.8989258 0.3208008 0.8642578 0.3339844 0.8706055 0.3129883 0.8989258 0.3208008 0.8706055 0.3129883 0.8881836 0.2905274 0.8881836 0.2905274 0.8706055 0.3129883 0.8320313 0.2768555 0.8881836 0.2905274 0.8320313 0.2768555 0.8916016 0.2705078 0.8916016 0.2705078 0.8320313 0.2768555 0.8520508 0.2631836 0.8916016 0.2705078 0.8520508 0.2631836 0.8842774 0.2592774 0.8842774 0.2592774 0.8520508 0.2631836 0.8530274 0.2548828 0.8842774 0.2592774 0.8530274 0.2548828 0.8950195 0.2519531 0.8950195 0.2519531 0.8530274 0.2548828 0.8540039 0.2460937 0.8950195 0.2519531 0.8540039 0.2460937 0.9111328 0.2216796 0.9111328 0.2216796 0.8540039 0.2460937 0.8652344 0.2167968 0.9111328 0.2216796 0.8652344 0.2167968 0.9179688 0.1933593 0.9179688 0.1933593 0.8652344 0.2167968 0.8701172 0.1884765 0.9179688 0.1933593 0.8701172 0.1884765 0.9082031 0.1669921 0.9082031 0.1669921 0.8701172 0.1884765 0.8740234 0.1640625 0.9082031 0.1669921 0.8740234 0.1640625 0.8857422 0.1376953 0.8857422 0.1376953 0.8740234 0.1640625 0.8408203 0.1293945 0.8857422 0.1376953 0.8408203 0.1293945 0.8510742 0.1044921 0.8510742 0.1044921 0.8408203 0.1293945 0.7900391 0.118164 0.8510742 0.1044921 0.7900391 0.118164 0.7915039 0.09423828 0.7915039 0.09423828 0.7900391 0.118164 0.7602539 0.0961914 0.7915039 0.09423828 0.7602539 0.0961914 0.7924805 0.06103509 0.7924805 0.06103509 0.7602539 0.0961914 0.7314453 0.06933593 0.7924805 0.06103509 0.7314453 0.06933593 0.7294922 0.04638665 0.7294922 0.04638665 0.7314453 0.06933593 0.7075195 0.05615234 0.7294922 0.04638665 0.7075195 0.05615234 0.7226563 0.02441406 0.7226563 0.02441406 0.7075195 0.05615234 0.6933594 0.03320312 0.6933594 0.03320312 0.7075195 0.05615234 0.675293 0.09179687 0.6933594 0.03320312 0.675293 0.09179687 0.6630859 0.05126953 0.6630859 0.05126953 0.675293 0.09179687 0.644043 0.06201165 0.644043 0.06201165 0.675293 0.09179687 0.6704102 0.09912109 0.644043 0.06201165 0.6704102 0.09912109 0.6342774 0.08398437 0.6342774 0.08398437 0.6704102 0.09912109 0.659668 0.1176757 0.6342774 0.08398437 0.659668 0.1176757 0.6552734 0.1308593 0.6552734 0.1308593 0.659668 0.1176757 0.6821289 0.125 0.6552734 0.1308593 0.6821289 0.125 0.6743164 0.1435546 0.6552734 0.1308593 0.6743164 0.1435546 0.6401367 0.1430664 0.6401367 0.1430664 0.6743164 0.1435546 0.6748047 0.1591796 0.6401367 0.1430664 0.6748047 0.1591796 0.6591797 0.1630859 0.6591797 0.1630859 0.6748047 0.1591796 0.6757813 0.1943359 0.6591797 0.1630859 0.6757813 0.1943359 0.6621094 0.199707 0.6621094 0.199707 0.6757813 0.1943359 0.6899414 0.2060546 0.6621094 0.199707 0.6899414 0.2060546 0.6694336 0.2270507 0.6694336 0.2270507 0.6899414 0.2060546 0.6669922 0.246582 0.6694336 0.2270507 0.6669922 0.246582 0.6469727 0.2426757 0.6469727 0.2426757 0.6669922 0.246582 0.6464844 0.2519531 0.6469727 0.2426757 0.6464844 0.2519531 0.6142578 0.2392578 0.6142578 0.2392578 0.6464844 0.2519531 0.6113281 0.2539063 0.6142578 0.2392578 0.6113281 0.2539063 0.5805664 0.2319335 0.5805664 0.2319335 0.6113281 0.2539063 0.5722656 0.2480468 0.5805664 0.2319335 0.5722656 0.2480468 0.5576172 0.23291 0.5576172 0.23291 0.5722656 0.2480468 0.5375977 0.2333984 0.5576172 0.23291 0.5375977 0.2333984 0.5366211 0.2163085 0.5576172 0.23291 0.5366211 0.2163085 0.5546875 0.2236328 0.5546875 0.2236328 0.5366211 0.2163085 0.5371094 0.203125 0.5546875 0.2236328 0.5371094 0.203125 0.5556641 0.2133789 0.5556641 0.2133789 0.5371094 0.203125 0.5463867 0.1879882 0.5556641 0.2133789 0.5463867 0.1879882 0.5576172 0.2021484 0.5576172 0.2021484 0.5463867 0.1879882 0.5639649 0.1679687 0.5576172 0.2021484 0.5639649 0.1679687 0.5952149 0.2099609 0.5952149 0.2099609 0.5639649 0.1679687 0.6113281 0.171875 0.5952149 0.2099609 0.6113281 0.171875 0.6108399 0.2026367 0.6108399 0.2026367 0.6113281 0.171875 0.640625 0.2001953 0.6108399 0.2026367 0.640625 0.2001953 0.6469727 0.2236328 0.6469727 0.2236328 0.640625 0.2001953 0.6694336 0.2270507 0.6469727 0.2236328 0.6694336 0.2270507 0.6469727 0.2426757 0.6469727 0.2236328 0.6469727 0.2426757 0.612793 0.2236328 0.612793 0.2236328 0.6469727 0.2426757 0.6142578 0.2392578 0.612793 0.2236328 0.6142578 0.2392578 0.5805664 0.2319335 0.612793 0.2236328 0.5805664 0.2319335 0.5786133 0.2246093 0.5786133 0.2246093 0.5805664 0.2319335 0.5546875 0.2236328 0.5786133 0.2246093 0.5546875 0.2236328 0.5556641 0.2133789 0.5786133 0.2246093 0.5556641 0.2133789 0.5952149 0.2099609 0.5952149 0.2099609 0.5556641 0.2133789 0.5576172 0.2021484 0.6108399 0.2026367 0.6469727 0.2236328 0.612793 0.2236328 0.6108399 0.2026367 0.612793 0.2236328 0.5952149 0.2099609 0.5952149 0.2099609 0.612793 0.2236328 0.5786133 0.2246093 0.5576172 0.23291 0.5546875 0.2236328 0.5805664 0.2319335 0.6967774 0.2749024 0.730957 0.2885742 0.6821289 0.3125 0.6967774 0.2749024 0.6821289 0.3125 0.6655274 0.2783203 0.6655274 0.2783203 0.6821289 0.3125 0.6557617 0.3022461 0.6655274 0.2783203 0.6557617 0.3022461 0.6245117 0.2739258 0.6245117 0.2739258 0.6557617 0.3022461 0.6225586 0.2900391 0.6245117 0.2739258 0.6225586 0.2900391 0.5976563 0.2739258 0.5976563 0.2739258 0.6225586 0.2900391 0.6015625 0.2895508 0.5473633 0.2402343 0.5375977 0.2333984 0.5722656 0.2480468 0.7915039 0.09423828 0.7924805 0.06103509 0.8310547 0.0727539 0.7915039 0.09423828 0.8310547 0.0727539 0.8510742 0.1044921 0.7480469 0.3813477 0.7211914 0.3833008 0.7314453 0.3618164 0.5922852 0.262207 0.5756836 0.28125 0.5688477 0.2617188 0.6694336 0.2270507 0.640625 0.2001953 0.6621094 0.199707 0.6621094 0.199707 0.640625 0.2001953 0.6337891 0.1870117 0.6621094 0.199707 0.6337891 0.1870117 0.6591797 0.1630859 0.6591797 0.1630859 0.6337891 0.1870117 0.625 0.1694335 0.6591797 0.1630859 0.625 0.1694335 0.6401367 0.1430664 0.6401367 0.1430664 0.625 0.1694335 0.6137695 0.1645507 0.6137695 0.1645507 0.625 0.1694335 0.6113281 0.171875 0.6137695 0.1645507 0.6113281 0.171875 0.5952149 0.1621093 0.5952149 0.1621093 0.6113281 0.171875 0.5639649 0.1679687 0.640625 0.2001953 0.6113281 0.171875 0.6337891 0.1870117 0.6337891 0.1870117 0.6113281 0.171875 0.625 0.1694335 0.6630859 0.3476563 0.7236328 0.3349609 0.7060547 0.3554688 0.7060547 0.3554688 0.7236328 0.3349609 0.7314453 0.3618164 0.7060547 0.3554688 0.7314453 0.3618164 0.7128906 0.3657227 0.7128906 0.3657227 0.7314453 0.3618164 0.7211914 0.3833008 0.7128906 0.3657227 0.7211914 0.3833008 0.7128906 0.3833008 0.6411133 0.114746 0.6342774 0.08398437 0.6552734 0.1308593 0.6411133 0.114746 0.6552734 0.1308593 0.6328125 0.1347656 0.6328125 0.1347656 0.6552734 0.1308593 0.6401367 0.1430664 0.6328125 0.1347656 0.6401367 0.1430664 0.6137695 0.1645507 0.6328125 0.1347656 0.6137695 0.1645507 0.5986328 0.1479492 0.5986328 0.1479492 0.6137695 0.1645507 0.5952149 0.1621093 0.5986328 0.1479492 0.5952149 0.1621093 0.5673828 0.1577148 0.5673828 0.1577148 0.5952149 0.1621093 0.5639649 0.1679687 0.5673828 0.1577148 0.5639649 0.1679687 0.5512695 0.1689453 0.5512695 0.1689453 0.5639649 0.1679687 0.5463867 0.1879882 0.7226563 0.02441406 0.7944336 0.01367187 0.7294922 0.04638665 0.7294922 0.04638665 0.7944336 0.01367187 0.7929688 0.03369134 0.7294922 0.04638665 0.7929688 0.03369134 0.7924805 0.06103509 0.7924805 0.06103509 0.7929688 0.03369134 0.8408203 0.04785156 0.7924805 0.06103509 0.8408203 0.04785156 0.8310547 0.0727539 0.8310547 0.0727539 0.8408203 0.04785156 0.8920899 0.06884765 0.8310547 0.0727539 0.8920899 0.06884765 0.8510742 0.1044921 0.8510742 0.1044921 0.8920899 0.06884765 0.9155274 0.1030273 0.8510742 0.1044921 0.9155274 0.1030273 0.8857422 0.1376953 0.8857422 0.1376953 0.9155274 0.1030273 0.9335938 0.130371 0.8857422 0.1376953 0.9335938 0.130371 0.9082031 0.1669921 0.9082031 0.1669921 0.9335938 0.130371 0.9428711 0.1699218 0.9082031 0.1669921 0.9428711 0.1699218 0.9179688 0.1933593 0.9179688 0.1933593 0.9428711 0.1699218 0.949707 0.1948242 0.9179688 0.1933593 0.949707 0.1948242 0.9111328 0.2216796 0.9111328 0.2216796 0.949707 0.1948242 0.9467774 0.2270507 0.9111328 0.2216796 0.9467774 0.2270507 0.8950195 0.2519531 0.8950195 0.2519531 0.9467774 0.2270507 0.9384766 0.2568359 0.8950195 0.2519531 0.9384766 0.2568359 0.8842774 0.2592774 0.8842774 0.2592774 0.9384766 0.2568359 0.9316406 0.2680664 0.8842774 0.2592774 0.9316406 0.2680664 0.8916016 0.2705078 0.8916016 0.2705078 0.9316406 0.2680664 0.9248047 0.2792969 0.8916016 0.2705078 0.9248047 0.2792969 0.9179688 0.3046875 0.9179688 0.3046875 0.9248047 0.2792969 0.9345703 0.3125 0.9179688 0.3046875 0.9345703 0.3125 0.8989258 0.3208008 0.9179688 0.3046875 0.8989258 0.3208008 0.8881836 0.2905274 0.9179688 0.3046875 0.8881836 0.2905274 0.8916016 0.2705078 0.7929688 0.03369134 0.7944336 0.01367187 0.8579102 0.0258789 0.7929688 0.03369134 0.8579102 0.0258789 0.8408203 0.04785156 0.8408203 0.04785156 0.8579102 0.0258789 0.9111328 0.05224609 0.8408203 0.04785156 0.9111328 0.05224609 0.8920899 0.06884765 0.8920899 0.06884765 0.9111328 0.05224609 0.9418945 0.08886718 0.8920899 0.06884765 0.9418945 0.08886718 0.9155274 0.1030273 0.9155274 0.1030273 0.9418945 0.08886718 0.9335938 0.130371 0.9335938 0.130371 0.9418945 0.08886718 0.9589844 0.1113281 0.9335938 0.130371 0.9589844 0.1113281 0.9428711 0.1699218 0.9428711 0.1699218 0.9589844 0.1113281 0.9790039 0.154785 0.9428711 0.1699218 0.9790039 0.154785 0.949707 0.1948242 0.949707 0.1948242 0.9790039 0.154785 0.980957 0.1909179 0.949707 0.1948242 0.980957 0.1909179 0.9467774 0.2270507 0.9467774 0.2270507 0.980957 0.1909179 0.9785156 0.2265625 0.9467774 0.2270507 0.9785156 0.2265625 0.9384766 0.2568359 0.9384766 0.2568359 0.9785156 0.2265625 0.9716797 0.2641602 0.9384766 0.2568359 0.9716797 0.2641602 0.9624024 0.2763672 0.9384766 0.2568359 0.9624024 0.2763672 0.9316406 0.2680664 0.9316406 0.2680664 0.9624024 0.2763672 0.953125 0.2885742 0.9316406 0.2680664 0.953125 0.2885742 0.9248047 0.2792969 0.9248047 0.2792969 0.953125 0.2885742 0.9345703 0.3125 0.3803711 0.243164 0.3991699 0.28125 0.3991699 0.2470703 0.3803711 0.243164 0.3991699 0.2470703 0.3879395 0.2094725 0.3879395 0.2094725 0.3991699 0.2470703 0.3969727 0.2080078 0.3879395 0.2094725 0.3969727 0.2080078 0.395752 0.1850585 0.3879395 0.2094725 0.395752 0.1850585 0.3852539 0.1787109 0.3879395 0.2094725 0.3852539 0.1787109 0.3823242 0.2124023 0.3823242 0.2124023 0.3852539 0.1787109 0.3791504 0.1757812 0.3823242 0.2124023 0.3803711 0.243164 0.3879395 0.2094725 0.3640137 0.2744141 0.3581543 0.2299804 0.3491211 0.2348632 0.3491211 0.2348632 0.3581543 0.2299804 0.328125 0.1845703 0.328125 0.1845703 0.3581543 0.2299804 0.3681641 0.2216796 0.3681641 0.2216796 0.3581543 0.2299804 0.3803711 0.243164 0.3803711 0.243164 0.3581543 0.2299804 0.3747559 0.2670899 0.3803711 0.243164 0.3747559 0.2670899 0.3991699 0.28125 0.3991699 0.28125 0.3747559 0.2670899 0.3876953 0.3100586 0.3991699 0.28125 0.3876953 0.3100586 0.4008789 0.3271484 0.4008789 0.3271484 0.3876953 0.3100586 0.4018555 0.3652344 0.4018555 0.3652344 0.3876953 0.3100586 0.3789063 0.340332 0.4018555 0.3652344 0.3789063 0.340332 0.4082031 0.4160156 0.3701172 0.3022461 0.3789063 0.340332 0.3876953 0.3100586 0.3701172 0.3022461 0.3876953 0.3100586 0.3747559 0.2670899 0.3701172 0.3022461 0.3747559 0.2670899 0.3640137 0.2744141 0.3640137 0.2744141 0.3747559 0.2670899 0.3581543 0.2299804 0.4018555 0.09570312 0.4040527 0.121582 0.4211426 0.1362304 0.4211426 0.1362304 0.4040527 0.121582 0.3959961 0.1259765 0.3959961 0.1259765 0.4040527 0.121582 0.3920899 0.1137695 0.3959961 0.1259765 0.3920899 0.1137695 0.3867188 0.133789 0.3867188 0.133789 0.3920899 0.1137695 0.3823242 0.130371 0.3867188 0.133789 0.3823242 0.130371 0.3720703 0.1513671 0.3867188 0.133789 0.3720703 0.1513671 0.3833008 0.154785 0.3833008 0.154785 0.3720703 0.1513671 0.3791504 0.1757812 0.3833008 0.154785 0.3791504 0.1757812 0.3852539 0.1787109 0.3833008 0.154785 0.3852539 0.1787109 0.3994141 0.1523437 0.3994141 0.1523437 0.3852539 0.1787109 0.395752 0.1850585 0.3994141 0.1523437 0.395752 0.1850585 0.4074707 0.1875 0.4074707 0.1875 0.395752 0.1850585 0.3969727 0.2080078 0.4074707 0.1875 0.3969727 0.2080078 0.4116211 0.2055664 0.4116211 0.2055664 0.3969727 0.2080078 0.3991699 0.2470703 0.4116211 0.2055664 0.3991699 0.2470703 0.4211426 0.2441406 0.4211426 0.2441406 0.3991699 0.2470703 0.3991699 0.28125 0.4211426 0.2441406 0.3991699 0.28125 0.4213867 0.2758789 0.4213867 0.2758789 0.3991699 0.28125 0.4191895 0.3144531 0.4191895 0.3144531 0.3991699 0.28125 0.4008789 0.3271484 0.4191895 0.3144531 0.4008789 0.3271484 0.4335938 0.3344727 0.4335938 0.3344727 0.4008789 0.3271484 0.4018555 0.3652344 0.4335938 0.3344727 0.4018555 0.3652344 0.4353027 0.3540039 0.4353027 0.3540039 0.4018555 0.3652344 0.4082031 0.4160156 0.4353027 0.3540039 0.4082031 0.4160156 0.4431152 0.3881836 0.4431152 0.3881836 0.4082031 0.4160156 0.4101563 0.4594727 0.4431152 0.3881836 0.4101563 0.4594727 0.4294434 0.4614258 0.4294434 0.4614258 0.4101563 0.4594727 0.4296875 0.4848633 0.4294434 0.4614258 0.4296875 0.4848633 0.4523926 0.4658203 0.4523926 0.4658203 0.4296875 0.4848633 0.4494629 0.487793 0.4494629 0.487793 0.4296875 0.4848633 0.4445801 0.5097656 0.4445801 0.5097656 0.4296875 0.4848633 0.4287109 0.5041504 0.4445801 0.5097656 0.4287109 0.5041504 0.4306641 0.5285645 0.4306641 0.5285645 0.4287109 0.5041504 0.4094238 0.5039063 0.4306641 0.5285645 0.4094238 0.5039063 0.4033203 0.5261231 0.4033203 0.5261231 0.4094238 0.5039063 0.3862305 0.5249024 0.3862305 0.5249024 0.4094238 0.5039063 0.3862305 0.5 0.3862305 0.5249024 0.3862305 0.5 0.3703613 0.5004883 0.3703613 0.5004883 0.3862305 0.5 0.3894043 0.4868164 0.3703613 0.5004883 0.3894043 0.4868164 0.3696289 0.4780274 0.3696289 0.4780274 0.3894043 0.4868164 0.3913574 0.4580078 0.3696289 0.4780274 0.3913574 0.4580078 0.3691406 0.4521484 0.3691406 0.4521484 0.3913574 0.4580078 0.3847656 0.4179688 0.3691406 0.4521484 0.3847656 0.4179688 0.364502 0.4208984 0.364502 0.4208984 0.3847656 0.4179688 0.3813477 0.3876953 0.364502 0.4208984 0.3813477 0.3876953 0.3571777 0.3759766 0.3571777 0.3759766 0.3813477 0.3876953 0.3642578 0.3662109 0.3571777 0.3759766 0.3642578 0.3662109 0.3381348 0.3325195 0.3381348 0.3325195 0.3642578 0.3662109 0.3474121 0.3300781 0.3381348 0.3325195 0.3474121 0.3300781 0.3181152 0.2797852 0.3181152 0.2797852 0.3474121 0.3300781 0.3564453 0.3217774 0.3564453 0.3217774 0.3474121 0.3300781 0.3789063 0.340332 0.3789063 0.340332 0.3474121 0.3300781 0.3642578 0.3662109 0.3789063 0.340332 0.3642578 0.3662109 0.4082031 0.4160156 0.4082031 0.4160156 0.3642578 0.3662109 0.3813477 0.3876953 0.4082031 0.4160156 0.3813477 0.3876953 0.3847656 0.4179688 0.4082031 0.4160156 0.3847656 0.4179688 0.4101563 0.4594727 0.4101563 0.4594727 0.3847656 0.4179688 0.3913574 0.4580078 0.4101563 0.4594727 0.3913574 0.4580078 0.3894043 0.4868164 0.4101563 0.4594727 0.3894043 0.4868164 0.4077149 0.4853516 0.4077149 0.4853516 0.3894043 0.4868164 0.3862305 0.5 0.4077149 0.4853516 0.3862305 0.5 0.4094238 0.5039063 0.4077149 0.4853516 0.4094238 0.5039063 0.4287109 0.5041504 0.4077149 0.4853516 0.4287109 0.5041504 0.4296875 0.4848633 0.4077149 0.4853516 0.4296875 0.4848633 0.4101563 0.4594727 0.4040527 0.121582 0.4018555 0.09570312 0.3920899 0.1137695 0.4074707 0.1875 0.4125977 0.1630859 0.3994141 0.1523437 0.3867188 0.133789 0.3833008 0.154785 0.3994141 0.1523437 0.3867188 0.133789 0.3994141 0.1523437 0.3959961 0.1259765 0.3959961 0.1259765 0.3994141 0.1523437 0.4125977 0.1630859 0.3959961 0.1259765 0.4125977 0.1630859 0.4211426 0.1362304 0.4211426 0.1362304 0.4125977 0.1630859 0.421875 0.1489257 0.421875 0.1489257 0.4125977 0.1630859 0.4226074 0.1586914 0.4226074 0.1586914 0.4125977 0.1630859 0.4194336 0.1801757 0.4194336 0.1801757 0.4125977 0.1630859 0.4074707 0.1875 0.4194336 0.1801757 0.4074707 0.1875 0.4116211 0.2055664 0.4211426 0.2441406 0.420166 0.217285 0.4116211 0.2055664 0.4116211 0.2055664 0.420166 0.217285 0.435791 0.20166 0.4116211 0.2055664 0.435791 0.20166 0.4255371 0.1904296 0.4255371 0.1904296 0.435791 0.20166 0.4609375 0.1635742 0.4609375 0.1635742 0.435791 0.20166 0.4489746 0.211914 0.4489746 0.211914 0.435791 0.20166 0.420166 0.217285 0.4489746 0.211914 0.420166 0.217285 0.4431152 0.239746 0.4431152 0.239746 0.420166 0.217285 0.4213867 0.2758789 0.4431152 0.239746 0.4213867 0.2758789 0.4396973 0.2709961 0.4396973 0.2709961 0.4213867 0.2758789 0.4191895 0.3144531 0.4396973 0.2709961 0.4191895 0.3144531 0.4370117 0.3051758 0.4370117 0.3051758 0.4191895 0.3144531 0.4335938 0.3344727 0.4294434 0.4614258 0.4523926 0.4658203 0.4431152 0.3881836 0.4431152 0.3881836 0.4523926 0.4658203 0.4541016 0.4267578 0.4431152 0.3881836 0.4541016 0.4267578 0.4665527 0.3295899 0.4665527 0.3295899 0.4541016 0.4267578 0.4667969 0.3632813 0.4665527 0.3295899 0.4667969 0.3632813 0.4794922 0.3344727 0.4665527 0.3295899 0.4794922 0.3344727 0.4946289 0.2680664 0.4665527 0.3295899 0.4946289 0.2680664 0.4538574 0.3149414 0.4665527 0.3295899 0.4538574 0.3149414 0.4431152 0.3881836 0.4431152 0.3881836 0.4538574 0.3149414 0.4436035 0.324707 0.4431152 0.3881836 0.4436035 0.324707 0.4353027 0.3540039 0.9414063 0.4814453 0.9926759 0.5307617 0.9804688 0.4926758 0.9414063 0.4814453 0.9804688 0.4926758 0.9487305 0.4584961 0.9487305 0.4584961 0.9804688 0.4926758 0.9628906 0.4423828 0.9487305 0.4584961 0.9628906 0.4423828 0.9614259 0.4311524 0.9487305 0.4584961 0.9614259 0.4311524 0.9414063 0.4482422 0.9487305 0.4584961 0.9414063 0.4482422 0.9414063 0.4814453 0.9414063 0.4814453 0.9414063 0.4482422 0.9316406 0.4765625 0.9414063 0.4814453 0.9316406 0.4765625 0.9316406 0.5375977 0.9316406 0.5375977 0.9316406 0.4765625 0.921875 0.527832 0.9316406 0.5375977 0.921875 0.527832 0.9174805 0.5422363 0.9316406 0.5375977 0.9174805 0.5422363 0.9282227 0.5639649 0.9282227 0.5639649 0.9174805 0.5422363 0.9135742 0.5563965 0.9282227 0.5639649 0.9135742 0.5563965 0.9101563 0.5756836 0.9282227 0.5639649 0.9101563 0.5756836 0.9248047 0.5932617 0.9248047 0.5932617 0.9101563 0.5756836 0.90625 0.5947266 0.9248047 0.5932617 0.90625 0.5947266 0.8881836 0.6186524 0.9248047 0.5932617 0.8881836 0.6186524 0.9106445 0.6247559 0.9248047 0.5932617 0.9106445 0.6247559 0.9926759 0.6437988 0.9248047 0.5932617 0.9926759 0.6437988 0.9926759 0.5939942 0.9248047 0.5932617 0.9926759 0.5939942 0.9282227 0.5639649 0.9282227 0.5639649 0.9926759 0.5939942 0.9926759 0.5568848 0.9282227 0.5639649 0.9926759 0.5568848 0.9316406 0.5375977 0.9316406 0.5375977 0.9926759 0.5568848 0.9926759 0.5307617 0.9316406 0.5375977 0.9926759 0.5307617 0.9414063 0.4814453 0.9926759 0.8800659 0.9926759 0.8596192 0.9536134 0.8692627 0.9536134 0.8692627 0.9926759 0.8596192 0.9545899 0.8481445 0.9536134 0.8692627 0.9545899 0.8481445 0.9306641 0.8398438 0.9306641 0.8398438 0.9545899 0.8481445 0.9355469 0.7961426 0.9306641 0.8398438 0.9355469 0.7961426 0.9199219 0.7900391 0.9199219 0.7900391 0.9355469 0.7961426 0.9243164 0.7365723 0.9199219 0.7900391 0.9243164 0.7365723 0.9106445 0.7275391 0.9106445 0.7275391 0.9243164 0.7365723 0.9174805 0.6882324 0.9106445 0.7275391 0.9174805 0.6882324 0.902832 0.6904297 0.902832 0.6904297 0.9174805 0.6882324 0.9018555 0.6723633 0.9018555 0.6723633 0.9174805 0.6882324 0.9111328 0.6582031 0.9018555 0.6723633 0.9111328 0.6582031 0.8974609 0.6435547 0.8974609 0.6435547 0.9111328 0.6582031 0.9301758 0.6640625 0.8974609 0.6435547 0.9301758 0.6640625 0.9926759 0.6437988 0.9926759 0.6437988 0.9301758 0.6640625 0.9926759 0.6630859 0.9926759 0.6630859 0.9301758 0.6640625 0.9458009 0.6911621 0.9926759 0.6630859 0.9458009 0.6911621 0.9926759 0.6901856 0.9926759 0.6901856 0.9458009 0.6911621 0.9926759 0.7292481 0.9926759 0.7292481 0.9458009 0.6911621 0.965332 0.7416992 0.965332 0.7416992 0.9458009 0.6911621 0.9555664 0.7387695 0.965332 0.7416992 0.9555664 0.7387695 0.9594727 0.7912598 0.9594727 0.7912598 0.9555664 0.7387695 0.9418945 0.7385254 0.9594727 0.7912598 0.9418945 0.7385254 0.949707 0.7926025 0.949707 0.7926025 0.9418945 0.7385254 0.9355469 0.7961426 0.949707 0.7926025 0.9355469 0.7961426 0.9609375 0.8275147 0.9609375 0.8275147 0.9355469 0.7961426 0.9545899 0.8481445 0.9609375 0.8275147 0.9545899 0.8481445 0.9731445 0.8408203 0.9731445 0.8408203 0.9545899 0.8481445 0.9916992 0.8465576 0.9731445 0.8408203 0.9916992 0.8465576 0.9750977 0.8325195 0.9750977 0.8325195 0.9916992 0.8465576 0.9921875 0.8382568 0.9750977 0.8325195 0.9921875 0.8382568 0.9790039 0.8203125 0.9790039 0.8203125 0.9921875 0.8382568 0.9926759 0.828125 0.9790039 0.8203125 0.9926759 0.828125 0.9926759 0.8126221 0.9790039 0.8203125 0.9926759 0.8126221 0.9736328 0.8057861 0.9736328 0.8057861 0.9926759 0.8126221 0.9926759 0.7874756 0.9736328 0.8057861 0.9926759 0.7874756 0.9692384 0.789917 0.9692384 0.789917 0.9926759 0.7874756 0.965332 0.7416992 0.9692384 0.789917 0.965332 0.7416992 0.9594727 0.7912598 0.9692384 0.789917 0.9594727 0.7912598 0.965332 0.8168945 0.965332 0.8168945 0.9594727 0.7912598 0.9609375 0.8275147 0.965332 0.8168945 0.9609375 0.8275147 0.9731445 0.8408203 0.965332 0.8168945 0.9731445 0.8408203 0.9750977 0.8325195 0.965332 0.8168945 0.9750977 0.8325195 0.9736328 0.8057861 0.9736328 0.8057861 0.9750977 0.8325195 0.9790039 0.8203125 0.9243164 0.7365723 0.9355469 0.7961426 0.9418945 0.7385254 0.9736328 0.8057861 0.9692384 0.789917 0.965332 0.8168945 0.9926759 0.8596192 0.9916992 0.8465576 0.9545899 0.8481445 0.949707 0.7926025 0.9609375 0.8275147 0.9594727 0.7912598 0.8974609 0.6435547 0.887207 0.6652832 0.9018555 0.6723633 0.9174805 0.6882324 0.9243164 0.7365723 0.9272461 0.692627 0.9272461 0.692627 0.9243164 0.7365723 0.9418945 0.7385254 0.9272461 0.692627 0.9418945 0.7385254 0.9555664 0.7387695 0.9272461 0.692627 0.9555664 0.7387695 0.9365234 0.6918945 0.9365234 0.6918945 0.9555664 0.7387695 0.9458009 0.6911621 0.9365234 0.6918945 0.9458009 0.6911621 0.9301758 0.6640625 0.9365234 0.6918945 0.9301758 0.6640625 0.9111328 0.6582031 0.9365234 0.6918945 0.9111328 0.6582031 0.9272461 0.692627 0.9926759 0.7874756 0.9926759 0.7292481 0.965332 0.7416992 0.8740234 0.1640625 0.8408203 0.1293945 0.8349609 0.1552734 0.8408203 0.1293945 0.8740234 0.1640625 0.8857422 0.1376953 0.8857422 0.1376953 0.8740234 0.1640625 0.9082031 0.1669921 0.9082031 0.1669921 0.8740234 0.1640625 0.8701172 0.1884765 0.8701172 0.1884765 0.8740234 0.1640625 0.8349609 0.1552734 0.8701172 0.1884765 0.8349609 0.1552734 0.8286133 0.184082 0.8286133 0.184082 0.8349609 0.1552734 0.7915039 0.1796875 0.8286133 0.184082 0.7915039 0.1796875 0.7885742 0.2104492 0.8286133 0.184082 0.7885742 0.2104492 0.8183594 0.2158203 0.8183594 0.2158203 0.7885742 0.2104492 0.7856445 0.2441406 0.7856445 0.2441406 0.7885742 0.2104492 0.7636719 0.2402343 0.7856445 0.2441406 0.7636719 0.2402343 0.7597656 0.2543945 0.7597656 0.2543945 0.7636719 0.2402343 0.7421875 0.2426757 0.7597656 0.2543945 0.7421875 0.2426757 0.7304688 0.2783203 0.7597656 0.2543945 0.7304688 0.2783203 0.7553711 0.2680664 0.8701172 0.1884765 0.8286133 0.184082 0.8183594 0.2158203 0.5756836 0.28125 0.5844727 0.293457 0.5976563 0.2739258 0.5756836 0.28125 0.5976563 0.2739258 0.5922852 0.262207 0.5922852 0.262207 0.5976563 0.2739258 0.6245117 0.2739258 0.5922852 0.262207 0.6245117 0.2739258 0.6264649 0.2631836 0.6264649 0.2631836 0.6245117 0.2739258 0.6655274 0.2783203 0.6264649 0.2631836 0.6655274 0.2783203 0.668457 0.2636719 0.668457 0.2636719 0.6655274 0.2783203 0.6967774 0.2749024 0.668457 0.2636719 0.6967774 0.2749024 0.7011719 0.2607422 0.7011719 0.2607422 0.6967774 0.2749024 0.7236328 0.2480468 0.7236328 0.2480468 0.6967774 0.2749024 0.7304688 0.2783203 0.7236328 0.2480468 0.7304688 0.2783203 0.7421875 0.2426757 0.7236328 0.2480468 0.7421875 0.2426757 0.7407227 0.2280273 0.7407227 0.2280273 0.7421875 0.2426757 0.7636719 0.2402343 0.7407227 0.2280273 0.7636719 0.2402343 0.7626953 0.2197265 0.7626953 0.2197265 0.7636719 0.2402343 0.7885742 0.2104492 0.7626953 0.2197265 0.7885742 0.2104492 0.7685547 0.1821289 0.7685547 0.1821289 0.7885742 0.2104492 0.7915039 0.1796875 0.7685547 0.1821289 0.7915039 0.1796875 0.7905274 0.1445312 0.7905274 0.1445312 0.7915039 0.1796875 0.8349609 0.1552734 0.7905274 0.1445312 0.8349609 0.1552734 0.7900391 0.118164 0.7900391 0.118164 0.8349609 0.1552734 0.8408203 0.1293945 0.7900391 0.118164 0.8408203 0.1293945 0.8510742 0.1044921 0.8510742 0.1044921 0.8408203 0.1293945 0.8857422 0.1376953 0.8510742 0.1044921 0.8857422 0.1376953 0.9155274 0.1030273 0.9155274 0.1030273 0.8857422 0.1376953 0.9335938 0.130371 0.9335938 0.130371 0.8857422 0.1376953 0.9082031 0.1669921 0.9335938 0.130371 0.9082031 0.1669921 0.9428711 0.1699218 0.9428711 0.1699218 0.9082031 0.1669921 0.9179688 0.1933593 0.9428711 0.1699218 0.9179688 0.1933593 0.949707 0.1948242 0.949707 0.1948242 0.9179688 0.1933593 0.9111328 0.2216796 0.949707 0.1948242 0.9111328 0.2216796 0.9467774 0.2270507 0.9467774 0.2270507 0.9111328 0.2216796 0.8950195 0.2519531 0.9467774 0.2270507 0.8950195 0.2519531 0.9384766 0.2568359 0.9384766 0.2568359 0.8950195 0.2519531 0.8842774 0.2592774 0.9384766 0.2568359 0.8842774 0.2592774 0.9316406 0.2680664 0.9316406 0.2680664 0.8842774 0.2592774 0.8916016 0.2705078 0.9316406 0.2680664 0.8916016 0.2705078 0.9248047 0.2792969 0.9248047 0.2792969 0.8916016 0.2705078 0.9179688 0.3046875 0.9179688 0.3046875 0.8916016 0.2705078 0.8881836 0.2905274 0.8881836 0.2905274 0.8916016 0.2705078 0.8320313 0.2768555 0.8320313 0.2768555 0.8916016 0.2705078 0.8520508 0.2631836 0.8320313 0.2768555 0.8520508 0.2631836 0.8081055 0.2587891 0.8081055 0.2587891 0.8520508 0.2631836 0.8134766 0.2509766 0.8081055 0.2587891 0.8134766 0.2509766 0.7817383 0.2524414 0.7817383 0.2524414 0.8134766 0.2509766 0.8183594 0.243164 0.8183594 0.243164 0.8134766 0.2509766 0.8540039 0.2460937 0.8183594 0.243164 0.8540039 0.2460937 0.8652344 0.2167968 0.8652344 0.2167968 0.8540039 0.2460937 0.9111328 0.2216796 0.8652344 0.2167968 0.9111328 0.2216796 0.9179688 0.1933593 0.8950195 0.2519531 0.9111328 0.2216796 0.8540039 0.2460937 0.8950195 0.2519531 0.8540039 0.2460937 0.8530274 0.2548828 0.8530274 0.2548828 0.8540039 0.2460937 0.8134766 0.2509766 0.8530274 0.2548828 0.8134766 0.2509766 0.8520508 0.2631836 0.8530274 0.2548828 0.8520508 0.2631836 0.8842774 0.2592774 0.8842774 0.2592774 0.8520508 0.2631836 0.8916016 0.2705078 0.8842774 0.2592774 0.8950195 0.2519531 0.8530274 0.2548828 0.7685547 0.1821289 0.7363281 0.2109375 0.7626953 0.2197265 0.7626953 0.2197265 0.7363281 0.2109375 0.7407227 0.2280273 0.8081055 0.2587891 0.800293 0.2866211 0.8320313 0.2768555 0.5922852 0.262207 0.5688477 0.2617188 0.5756836 0.28125 0.8081055 0.2587891 0.7817383 0.2524414 0.777832 0.2607422 0.8081055 0.2587891 0.777832 0.2607422 0.800293 0.2866211 0.800293 0.2866211 0.777832 0.2607422 0.765625 0.2905274 0.8510742 0.1044921 0.7915039 0.09423828 0.7900391 0.118164 0.7900391 0.118164 0.7915039 0.09423828 0.7602539 0.0961914 0.7900391 0.118164 0.7602539 0.0961914 0.7700195 0.1206054 0.7900391 0.118164 0.7700195 0.1206054 0.7905274 0.1445312 0.7905274 0.1445312 0.7700195 0.1206054 0.7807617 0.145996 0.7905274 0.1445312 0.7807617 0.145996 0.7685547 0.1821289 0.7026367 0.243164 0.7211914 0.2407225 0.7216797 0.2324218 0.7216797 0.2324218 0.7211914 0.2407225 0.7407227 0.2280273 0.7216797 0.2324218 0.7407227 0.2280273 0.7363281 0.2109375 0.7216797 0.2324218 0.7363281 0.2109375 0.7197266 0.2006835 0.9179688 0.1933593 0.9082031 0.1669921 0.8701172 0.1884765 0.9179688 0.1933593 0.8701172 0.1884765 0.8652344 0.2167968 0.8652344 0.2167968 0.8701172 0.1884765 0.8183594 0.2158203 0.8652344 0.2167968 0.8183594 0.2158203 0.8183594 0.243164 0.8183594 0.243164 0.8183594 0.2158203 0.7856445 0.2441406 0.8183594 0.243164 0.7856445 0.2441406 0.7817383 0.2524414 0.7817383 0.2524414 0.7856445 0.2441406 0.7597656 0.2543945 0.7817383 0.2524414 0.7597656 0.2543945 0.777832 0.2607422 0.777832 0.2607422 0.7597656 0.2543945 0.7553711 0.2680664 0.777832 0.2607422 0.7553711 0.2680664 0.765625 0.2905274 0.765625 0.2905274 0.7553711 0.2680664 0.7304688 0.2783203 0.765625 0.2905274 0.7304688 0.2783203 0.730957 0.2885742 0.730957 0.2885742 0.7304688 0.2783203 0.6967774 0.2749024 0.730957 0.2885742 0.6967774 0.2749024 0.6821289 0.3125 0.6821289 0.3125 0.6967774 0.2749024 0.6655274 0.2783203 0.6821289 0.3125 0.6655274 0.2783203 0.6557617 0.3022461 0.6557617 0.3022461 0.6655274 0.2783203 0.6245117 0.2739258 0.6557617 0.3022461 0.6245117 0.2739258 0.6225586 0.2900391 0.6225586 0.2900391 0.6245117 0.2739258 0.5976563 0.2739258 0.6225586 0.2900391 0.5976563 0.2739258 0.6015625 0.2895508 0.6015625 0.2895508 0.5976563 0.2739258 0.5844727 0.293457 0.6015625 0.2895508 0.5844727 0.293457 0.6069336 0.3134766 0.6015625 0.2895508 0.6069336 0.3134766 0.6225586 0.2900391 0.6225586 0.2900391 0.6069336 0.3134766 0.6347656 0.3325195 0.6225586 0.2900391 0.6347656 0.3325195 0.6557617 0.3022461 0.6557617 0.3022461 0.6347656 0.3325195 0.6630859 0.3476563 0.6557617 0.3022461 0.6630859 0.3476563 0.6821289 0.3125 0.6821289 0.3125 0.6630859 0.3476563 0.7236328 0.3349609 0.6821289 0.3125 0.7236328 0.3349609 0.730957 0.2885742 0.730957 0.2885742 0.7236328 0.3349609 0.75 0.3310547 0.730957 0.2885742 0.75 0.3310547 0.765625 0.2905274 0.765625 0.2905274 0.75 0.3310547 0.8149414 0.3310547 0.765625 0.2905274 0.8149414 0.3310547 0.800293 0.2866211 0.800293 0.2866211 0.8149414 0.3310547 0.8398438 0.3085938 0.800293 0.2866211 0.8398438 0.3085938 0.8320313 0.2768555 0.8320313 0.2768555 0.8398438 0.3085938 0.8706055 0.3129883 0.8320313 0.2768555 0.8706055 0.3129883 0.8881836 0.2905274 0.8881836 0.2905274 0.8706055 0.3129883 0.8989258 0.3208008 0.8881836 0.2905274 0.8989258 0.3208008 0.9179688 0.3046875 0.9179688 0.3046875 0.8989258 0.3208008 0.9345703 0.3125 0.9179688 0.3046875 0.9345703 0.3125 0.9248047 0.2792969 0.9248047 0.2792969 0.9345703 0.3125 0.953125 0.2885742 0.9248047 0.2792969 0.953125 0.2885742 0.9316406 0.2680664 0.9316406 0.2680664 0.953125 0.2885742 0.9624024 0.2763672 0.9316406 0.2680664 0.9624024 0.2763672 0.9384766 0.2568359 0.9384766 0.2568359 0.9624024 0.2763672 0.9716797 0.2641602 0.9384766 0.2568359 0.9716797 0.2641602 0.9785156 0.2265625 0.9384766 0.2568359 0.9785156 0.2265625 0.9467774 0.2270507 0.9467774 0.2270507 0.9785156 0.2265625 0.980957 0.1909179 0.9467774 0.2270507 0.980957 0.1909179 0.949707 0.1948242 0.949707 0.1948242 0.980957 0.1909179 0.9790039 0.154785 0.949707 0.1948242 0.9790039 0.154785 0.9428711 0.1699218 0.9428711 0.1699218 0.9790039 0.154785 0.9589844 0.1113281 0.9428711 0.1699218 0.9589844 0.1113281 0.9335938 0.130371 0.9335938 0.130371 0.9589844 0.1113281 0.9418945 0.08886718 0.9335938 0.130371 0.9418945 0.08886718 0.9155274 0.1030273 0.9155274 0.1030273 0.9418945 0.08886718 0.8920899 0.06884765 0.9155274 0.1030273 0.8920899 0.06884765 0.8510742 0.1044921 0.8510742 0.1044921 0.8920899 0.06884765 0.8310547 0.0727539 0.8510742 0.1044921 0.8310547 0.0727539 0.7915039 0.09423828 0.7915039 0.09423828 0.8310547 0.0727539 0.7924805 0.06103509 0.7915039 0.09423828 0.7924805 0.06103509 0.7602539 0.0961914 0.7602539 0.0961914 0.7924805 0.06103509 0.7314453 0.06933593 0.7602539 0.0961914 0.7314453 0.06933593 0.7333984 0.09375 0.7333984 0.09375 0.7314453 0.06933593 0.7089844 0.09472656 0.7333984 0.09375 0.7089844 0.09472656 0.7138672 0.114746 0.7138672 0.114746 0.7089844 0.09472656 0.675293 0.09179687 0.7138672 0.114746 0.675293 0.09179687 0.6967774 0.1098632 0.6967774 0.1098632 0.675293 0.09179687 0.6879883 0.1137695 0.6879883 0.1137695 0.675293 0.09179687 0.6704102 0.09912109 0.6879883 0.1137695 0.6704102 0.09912109 0.659668 0.1176757 0.659668 0.1176757 0.6704102 0.09912109 0.6342774 0.08398437 0.659668 0.1176757 0.6342774 0.08398437 0.6552734 0.1308593 0.6552734 0.1308593 0.6342774 0.08398437 0.6411133 0.114746 0.6552734 0.1308593 0.6411133 0.114746 0.6328125 0.1347656 0.6552734 0.1308593 0.6328125 0.1347656 0.6401367 0.1430664 0.6401367 0.1430664 0.6328125 0.1347656 0.6137695 0.1645507 0.6401367 0.1430664 0.6137695 0.1645507 0.625 0.1694335 0.625 0.1694335 0.6137695 0.1645507 0.6113281 0.171875 0.625 0.1694335 0.6113281 0.171875 0.6337891 0.1870117 0.6337891 0.1870117 0.6113281 0.171875 0.640625 0.2001953 0.6337891 0.1870117 0.640625 0.2001953 0.6621094 0.199707 0.6621094 0.199707 0.640625 0.2001953 0.6694336 0.2270507 0.6621094 0.199707 0.6694336 0.2270507 0.6899414 0.2060546 0.6899414 0.2060546 0.6694336 0.2270507 0.6669922 0.246582 0.6899414 0.2060546 0.6669922 0.246582 0.6928711 0.2402343 0.6928711 0.2402343 0.6669922 0.246582 0.6845703 0.2456054 0.6928711 0.2402343 0.6845703 0.2456054 0.7026367 0.243164 0.6928711 0.2402343 0.7026367 0.243164 0.706543 0.2392578 0.706543 0.2392578 0.7026367 0.243164 0.7216797 0.2324218 0.706543 0.2392578 0.7216797 0.2324218 0.7050781 0.2075195 0.7050781 0.2075195 0.7216797 0.2324218 0.7197266 0.2006835 0.7050781 0.2075195 0.7197266 0.2006835 0.7016602 0.1875 0.7016602 0.1875 0.7197266 0.2006835 0.71875 0.1909179 0.71875 0.1909179 0.7197266 0.2006835 0.734375 0.199707 0.734375 0.199707 0.7197266 0.2006835 0.7363281 0.2109375 0.734375 0.199707 0.7363281 0.2109375 0.7529297 0.192871 0.7529297 0.192871 0.7363281 0.2109375 0.7685547 0.1821289 0.7529297 0.192871 0.7685547 0.1821289 0.7709961 0.1469725 0.7709961 0.1469725 0.7685547 0.1821289 0.7807617 0.145996 0.7709961 0.1469725 0.7807617 0.145996 0.7587891 0.1284179 0.7587891 0.1284179 0.7807617 0.145996 0.7700195 0.1206054 0.7587891 0.1284179 0.7700195 0.1206054 0.7470703 0.1254882 0.7470703 0.1254882 0.7700195 0.1206054 0.7602539 0.0961914 0.7470703 0.1254882 0.7602539 0.0961914 0.7382813 0.1127929 0.7382813 0.1127929 0.7602539 0.0961914 0.7333984 0.09375 0.7382813 0.1127929 0.7333984 0.09375 0.7138672 0.114746 0.7382813 0.1127929 0.7138672 0.114746 0.7294922 0.121582 0.7382813 0.1127929 0.7294922 0.121582 0.7470703 0.1254882 0.7470703 0.1254882 0.7294922 0.121582 0.7397461 0.1347656 0.7470703 0.1254882 0.7397461 0.1347656 0.7587891 0.1284179 0.7587891 0.1284179 0.7397461 0.1347656 0.7490234 0.1513671 0.7587891 0.1284179 0.7490234 0.1513671 0.7709961 0.1469725 0.7709961 0.1469725 0.7490234 0.1513671 0.7529297 0.192871 0.7529297 0.192871 0.7490234 0.1513671 0.7495117 0.1879882 0.7529297 0.192871 0.7495117 0.1879882 0.734375 0.199707 0.6328125 0.1347656 0.5986328 0.1479492 0.6137695 0.1645507 0.6928711 0.2402343 0.706543 0.2392578 0.7050781 0.2075195 0.6928711 0.2402343 0.7050781 0.2075195 0.6899414 0.2060546 0.6899414 0.2060546 0.7050781 0.2075195 0.7016602 0.1875 0.6899414 0.2060546 0.7016602 0.1875 0.6757813 0.1943359 0.6899414 0.2060546 0.6757813 0.1943359 0.6621094 0.199707 0.6621094 0.199707 0.6757813 0.1943359 0.6591797 0.1630859 0.6591797 0.1630859 0.6757813 0.1943359 0.6748047 0.1591796 0.6591797 0.1630859 0.6748047 0.1591796 0.6401367 0.1430664 0.6401367 0.1430664 0.6748047 0.1591796 0.6743164 0.1435546 0.6401367 0.1430664 0.6743164 0.1435546 0.6552734 0.1308593 0.6552734 0.1308593 0.6743164 0.1435546 0.6821289 0.125 0.6552734 0.1308593 0.6821289 0.125 0.659668 0.1176757 0.659668 0.1176757 0.6821289 0.125 0.6879883 0.1137695 0.6621094 0.199707 0.6591797 0.1630859 0.6337891 0.1870117 0.6337891 0.1870117 0.6591797 0.1630859 0.625 0.1694335 0.625 0.1694335 0.6591797 0.1630859 0.6401367 0.1430664 0.7924805 0.06103509 0.7294922 0.04638665 0.7314453 0.06933593 0.7314453 0.06933593 0.7294922 0.04638665 0.7075195 0.05615234 0.7314453 0.06933593 0.7075195 0.05615234 0.7089844 0.09472656 0.7089844 0.09472656 0.7075195 0.05615234 0.675293 0.09179687 0.9418945 0.08886718 0.9111328 0.05224609 0.8920899 0.06884765 0.8920899 0.06884765 0.9111328 0.05224609 0.8408203 0.04785156 0.8920899 0.06884765 0.8408203 0.04785156 0.8310547 0.0727539 0.8310547 0.0727539 0.8408203 0.04785156 0.7924805 0.06103509 0.7924805 0.06103509 0.8408203 0.04785156 0.7929688 0.03369134 0.7924805 0.06103509 0.7929688 0.03369134 0.7294922 0.04638665 0.7294922 0.04638665 0.7929688 0.03369134 0.7944336 0.01367187 0.7294922 0.04638665 0.7944336 0.01367187 0.7226563 0.02441406 0.7294922 0.04638665 0.7226563 0.02441406 0.7075195 0.05615234 0.7075195 0.05615234 0.7226563 0.02441406 0.6933594 0.03320312 0.7075195 0.05615234 0.6933594 0.03320312 0.675293 0.09179687 0.675293 0.09179687 0.6933594 0.03320312 0.6630859 0.05126953 0.675293 0.09179687 0.6630859 0.05126953 0.644043 0.06201165 0.675293 0.09179687 0.644043 0.06201165 0.6704102 0.09912109 0.6704102 0.09912109 0.644043 0.06201165 0.6342774 0.08398437 0.9111328 0.05224609 0.8579102 0.0258789 0.8408203 0.04785156 0.8408203 0.04785156 0.8579102 0.0258789 0.7929688 0.03369134 0.7929688 0.03369134 0.8579102 0.0258789 0.7944336 0.01367187 0.6669922 0.246582 0.6464844 0.2519531 0.6650391 0.2504883 0.6669922 0.246582 0.6650391 0.2504883 0.6845703 0.2456054 0.5986328 0.1479492 0.5673828 0.1577148 0.5952149 0.1621093 0.5986328 0.1479492 0.5952149 0.1621093 0.6137695 0.1645507 0.6137695 0.1645507 0.5952149 0.1621093 0.6113281 0.171875 0.6113281 0.171875 0.5952149 0.1621093 0.5639649 0.1679687 0.5639649 0.1679687 0.5952149 0.1621093 0.5673828 0.1577148 0.5639649 0.1679687 0.5673828 0.1577148 0.5512695 0.1689453 0.5639649 0.1679687 0.5512695 0.1689453 0.5463867 0.1879882 0.612793 0.2236328 0.5786133 0.2246093 0.5805664 0.2319335 0.612793 0.2236328 0.5805664 0.2319335 0.6142578 0.2392578 0.6142578 0.2392578 0.5805664 0.2319335 0.6113281 0.2539063 0.6142578 0.2392578 0.6113281 0.2539063 0.6464844 0.2519531 0.6142578 0.2392578 0.6464844 0.2519531 0.6469727 0.2426757 0.6469727 0.2426757 0.6464844 0.2519531 0.6669922 0.246582 0.6469727 0.2426757 0.6669922 0.246582 0.6694336 0.2270507 0.6469727 0.2426757 0.6694336 0.2270507 0.6469727 0.2236328 0.6469727 0.2236328 0.6694336 0.2270507 0.640625 0.2001953 0.6469727 0.2236328 0.640625 0.2001953 0.6108399 0.2026367 0.6108399 0.2026367 0.640625 0.2001953 0.6113281 0.171875 0.6108399 0.2026367 0.6113281 0.171875 0.5952149 0.2099609 0.5952149 0.2099609 0.6113281 0.171875 0.5639649 0.1679687 0.5952149 0.2099609 0.5639649 0.1679687 0.5576172 0.2021484 0.5576172 0.2021484 0.5639649 0.1679687 0.5463867 0.1879882 0.5576172 0.2021484 0.5463867 0.1879882 0.5556641 0.2133789 0.5556641 0.2133789 0.5463867 0.1879882 0.5371094 0.203125 0.5556641 0.2133789 0.5371094 0.203125 0.5546875 0.2236328 0.5546875 0.2236328 0.5371094 0.203125 0.5366211 0.2163085 0.5546875 0.2236328 0.5366211 0.2163085 0.5576172 0.23291 0.5576172 0.23291 0.5366211 0.2163085 0.5375977 0.2333984 0.5576172 0.23291 0.5375977 0.2333984 0.5722656 0.2480468 0.5722656 0.2480468 0.5375977 0.2333984 0.5473633 0.2402343 0.5805664 0.2319335 0.5576172 0.23291 0.5722656 0.2480468 0.5805664 0.2319335 0.5722656 0.2480468 0.6113281 0.2539063 0.5952149 0.2099609 0.5786133 0.2246093 0.612793 0.2236328 0.5952149 0.2099609 0.612793 0.2236328 0.6108399 0.2026367 0.6108399 0.2026367 0.612793 0.2236328 0.6469727 0.2236328 0.6469727 0.2236328 0.612793 0.2236328 0.6469727 0.2426757 0.6469727 0.2426757 0.612793 0.2236328 0.6142578 0.2392578 0.5952149 0.2099609 0.5576172 0.2021484 0.5556641 0.2133789 0.5952149 0.2099609 0.5556641 0.2133789 0.5786133 0.2246093 0.5786133 0.2246093 0.5556641 0.2133789 0.5546875 0.2236328 0.5786133 0.2246093 0.5546875 0.2236328 0.5805664 0.2319335 0.5805664 0.2319335 0.5546875 0.2236328 0.5576172 0.23291 0.7060547 0.3554688 0.7128906 0.3657227 0.7314453 0.3618164 0.7314453 0.3618164 0.7128906 0.3657227 0.7211914 0.3833008 0.7314453 0.3618164 0.7211914 0.3833008 0.7480469 0.3813477 0.7314453 0.3618164 0.7480469 0.3813477 0.7504883 0.3540039 0.7504883 0.3540039 0.7480469 0.3813477 0.8120117 0.3730469 0.7504883 0.3540039 0.8120117 0.3730469 0.8149414 0.3549805 0.8149414 0.3549805 0.8120117 0.3730469 0.859375 0.3920899 0.8149414 0.3549805 0.859375 0.3920899 0.8647461 0.3525391 0.8647461 0.3525391 0.859375 0.3920899 0.887207 0.3847656 0.8647461 0.3525391 0.887207 0.3847656 0.9067383 0.3540039 0.8647461 0.3525391 0.9067383 0.3540039 0.9003906 0.340332 0.8647461 0.3525391 0.9003906 0.340332 0.8642578 0.3339844 0.8642578 0.3339844 0.9003906 0.340332 0.8989258 0.3208008 0.8642578 0.3339844 0.8989258 0.3208008 0.8706055 0.3129883 0.8642578 0.3339844 0.8706055 0.3129883 0.8398438 0.3085938 0.8642578 0.3339844 0.8398438 0.3085938 0.8149414 0.3310547 0.8642578 0.3339844 0.8149414 0.3310547 0.8149414 0.3549805 0.8149414 0.3549805 0.8149414 0.3310547 0.7504883 0.3540039 0.7504883 0.3540039 0.8149414 0.3310547 0.75 0.3310547 0.7504883 0.3540039 0.75 0.3310547 0.7314453 0.3618164 0.7314453 0.3618164 0.75 0.3310547 0.7236328 0.3349609 0.7314453 0.3618164 0.7236328 0.3349609 0.7060547 0.3554688 0.7060547 0.3554688 0.7236328 0.3349609 0.6630859 0.3476563 0.8149414 0.3549805 0.8647461 0.3525391 0.8642578 0.3339844 0.7211914 0.3833008 0.7128906 0.3657227 0.7128906 0.3833008 0.009262084 0.9264526 0.009262084 0.9747162 0.1322021 0.9446411 0.2092285 0.7121582 0.2271728 0.673584 0.168457 0.6826172 0.168457 0.6826172 0.2271728 0.673584 0.1953125 0.6518555 0.168457 0.6826172 0.1953125 0.6518555 0.1762695 0.6206055 0.168457 0.6826172 0.1762695 0.6206055 0.1193237 0.6477051 0.1193237 0.6477051 0.1762695 0.6206055 0.1599121 0.5839844 0.1193237 0.6477051 0.1599121 0.5839844 0.0848999 0.5905762 0.0848999 0.5905762 0.1599121 0.5839844 0.1038818 0.5498047 0.0848999 0.5905762 0.1038818 0.5498047 0.009803771 0.5385742 0.0848999 0.5905762 0.009803771 0.5385742 0.009803771 0.5776367 0.0848999 0.5905762 0.009803771 0.5776367 0.009803771 0.6103516 0.0848999 0.5905762 0.009803771 0.6103516 0.1193237 0.6477051 0.1193237 0.6477051 0.009803771 0.6103516 0.07775878 0.6682129 0.1193237 0.6477051 0.07775878 0.6682129 0.1346434 0.7023926 0.1346434 0.7023926 0.07775878 0.6682129 0.06793212 0.7089844 0.1346434 0.7023926 0.06793212 0.7089844 0.137207 0.7556152 0.137207 0.7556152 0.06793212 0.7089844 0.06060791 0.7583008 0.137207 0.7556152 0.06060791 0.7583008 0.1150512 0.7943115 0.1150512 0.7943115 0.06060791 0.7583008 0.007537782 0.8326416 0.1150512 0.7943115 0.007537782 0.8326416 0.09472656 0.8665772 0.09472656 0.8665772 0.007537782 0.8326416 0.00504297 0.8913574 0.09472656 0.8665772 0.00504297 0.8913574 0.009262084 0.9264526 0.09472656 0.8665772 0.009262084 0.9264526 0.1036987 0.8931885 0.1036987 0.8931885 0.009262084 0.9264526 0.1322021 0.9446411 0.1036987 0.8931885 0.1322021 0.9446411 0.2324218 0.8964844 0.1036987 0.8931885 0.2324218 0.8964844 0.1955566 0.8255615 0.1955566 0.8255615 0.2324218 0.8964844 0.2644043 0.8751831 0.1955566 0.8255615 0.2644043 0.8751831 0.232788 0.8068848 0.232788 0.8068848 0.2644043 0.8751831 0.298584 0.8448486 0.232788 0.8068848 0.298584 0.8448486 0.2844238 0.8071289 0.2844238 0.8071289 0.298584 0.8448486 0.3237305 0.786499 0.2844238 0.8071289 0.3237305 0.786499 0.2636719 0.7518311 0.2636719 0.7518311 0.3237305 0.786499 0.3034668 0.7297363 0.2636719 0.7518311 0.3034668 0.7297363 0.2597656 0.7175293 0.2597656 0.7175293 0.3034668 0.7297363 0.2949219 0.6977539 0.2597656 0.7175293 0.2949219 0.6977539 0.2493896 0.6916504 0.2493896 0.6916504 0.2949219 0.6977539 0.2885742 0.677002 0.2885742 0.677002 0.2949219 0.6977539 0.3344727 0.6816406 0.2885742 0.677002 0.3344727 0.6816406 0.3286133 0.659668 0.3286133 0.659668 0.3344727 0.6816406 0.3776856 0.668457 0.3286133 0.659668 0.3776856 0.668457 0.3708496 0.6491699 0.3708496 0.6491699 0.3776856 0.668457 0.4199219 0.6679688 0.4199219 0.6679688 0.3776856 0.668457 0.3859863 0.6870117 0.4199219 0.6679688 0.3859863 0.6870117 0.3930664 0.734375 0.3930664 0.734375 0.3859863 0.6870117 0.3449707 0.7077637 0.3930664 0.734375 0.3449707 0.7077637 0.3615723 0.7576904 0.3615723 0.7576904 0.3449707 0.7077637 0.3034668 0.7297363 0.3615723 0.7576904 0.3034668 0.7297363 0.3237305 0.786499 0.3615723 0.7576904 0.3237305 0.786499 0.3366699 0.8084717 0.3366699 0.8084717 0.3237305 0.786499 0.298584 0.8448486 0.3859863 0.6870117 0.3776856 0.668457 0.3344727 0.6816406 0.3859863 0.6870117 0.3344727 0.6816406 0.3449707 0.7077637 0.3449707 0.7077637 0.3344727 0.6816406 0.2949219 0.6977539 0.3449707 0.7077637 0.2949219 0.6977539 0.3034668 0.7297363 0.1955566 0.8255615 0.09472656 0.8665772 0.1036987 0.8931885 0.2493896 0.6916504 0.2271728 0.673584 0.2597656 0.7175293 0.2597656 0.7175293 0.2271728 0.673584 0.2092285 0.7121582 0.2597656 0.7175293 0.2092285 0.7121582 0.2636719 0.7518311 0.2636719 0.7518311 0.2092285 0.7121582 0.2126464 0.7684326 0.2636719 0.7518311 0.2126464 0.7684326 0.2844238 0.8071289 0.2844238 0.8071289 0.2126464 0.7684326 0.232788 0.8068848 0.232788 0.8068848 0.2126464 0.7684326 0.1955566 0.8255615 0.1955566 0.8255615 0.2126464 0.7684326 0.1622314 0.7918701 0.1955566 0.8255615 0.1622314 0.7918701 0.09472656 0.8665772 0.09472656 0.8665772 0.1622314 0.7918701 0.1150512 0.7943115 0.1150512 0.7943115 0.1622314 0.7918701 0.137207 0.7556152 0.137207 0.7556152 0.1622314 0.7918701 0.2126464 0.7684326 0.137207 0.7556152 0.2126464 0.7684326 0.2092285 0.7121582 0.137207 0.7556152 0.2092285 0.7121582 0.1346434 0.7023926 0.1346434 0.7023926 0.2092285 0.7121582 0.168457 0.6826172 0.1346434 0.7023926 0.168457 0.6826172 0.1193237 0.6477051 0.07775878 0.6682129 0.009803771 0.6103516 0.009803771 0.6489258 0.07775878 0.6682129 0.009803771 0.6489258 0.06793212 0.7089844 0.06793212 0.7089844 0.009803771 0.6489258 0.009803771 0.7055664 0.06793212 0.7089844 0.009803771 0.7055664 0.06060791 0.7583008 0.06060791 0.7583008 0.009803771 0.7055664 0.009803771 0.7711182 0.06060791 0.7583008 0.009803771 0.7711182 0.007537782 0.8326416 0.3366699 0.8084717 0.3718262 0.7800293 0.3615723 0.7576904 0.3615723 0.7576904 0.3718262 0.7800293 0.3930664 0.734375 0.3930664 0.734375 0.3718262 0.7800293 0.4047852 0.7453613 0.3930664 0.734375 0.4047852 0.7453613 0.4199219 0.6679688 0.4211426 0.2441406 0.4213867 0.2758789 0.420166 0.217285 0.5688477 0.6467285 0.559082 0.6281738 0.5839844 0.6164551 0.5688477 0.6467285 0.5839844 0.6164551 0.5966797 0.6445313 0.5966797 0.6445313 0.5839844 0.6164551 0.6293945 0.6242676 0.5966797 0.6445313 0.5664063 0.6730957 0.5688477 0.6467285 0.5600586 0.7155762 0.5664063 0.6730957 0.5913086 0.6743164 0.5913086 0.6743164 0.5664063 0.6730957 0.5966797 0.6445313 0.5913086 0.6743164 0.5966797 0.6445313 0.6206055 0.6481934 0.6206055 0.6481934 0.5966797 0.6445313 0.6293945 0.6242676 0.6206055 0.6481934 0.6293945 0.6242676 0.6694336 0.6376953 0.6206055 0.6481934 0.6694336 0.6376953 0.6577149 0.6606445 0.6577149 0.6606445 0.6694336 0.6376953 0.6914063 0.6418457 0.6577149 0.6606445 0.6914063 0.6418457 0.6962891 0.6765137 0.6962891 0.6765137 0.6914063 0.6418457 0.71875 0.6682129 0.6962891 0.6765137 0.71875 0.6682129 0.7246094 0.6923828 0.7246094 0.6923828 0.71875 0.6682129 0.7524414 0.6882324 0.7246094 0.6923828 0.7524414 0.6882324 0.7626953 0.7194824 0.7626953 0.7194824 0.7524414 0.6882324 0.7773438 0.6862793 0.7626953 0.7194824 0.7773438 0.6862793 0.7875977 0.7167969 0.7875977 0.7167969 0.7773438 0.6862793 0.8164063 0.7158203 0.7875977 0.7167969 0.8164063 0.7158203 0.7915039 0.7448731 0.7915039 0.7448731 0.8164063 0.7158203 0.8261719 0.7407227 0.7915039 0.7448731 0.8261719 0.7407227 0.7983399 0.7800293 0.7983399 0.7800293 0.8261719 0.7407227 0.8320313 0.7764893 0.7983399 0.7800293 0.8320313 0.7764893 0.8349609 0.8242188 0.7983399 0.7800293 0.8349609 0.8242188 0.7993164 0.826416 0.7993164 0.826416 0.8349609 0.8242188 0.8310547 0.8707275 0.7993164 0.826416 0.8310547 0.8707275 0.7944336 0.8706055 0.7944336 0.8706055 0.8310547 0.8707275 0.8183594 0.9085693 0.7944336 0.8706055 0.8183594 0.9085693 0.7875977 0.9072266 0.7875977 0.9072266 0.8183594 0.9085693 0.7802734 0.9355469 0.7875977 0.9072266 0.7802734 0.9355469 0.7607422 0.9060669 0.7607422 0.9060669 0.7802734 0.9355469 0.7543945 0.9381409 0.7607422 0.9060669 0.7543945 0.9381409 0.7319336 0.9032593 0.7319336 0.9032593 0.7543945 0.9381409 0.7226563 0.938385 0.7319336 0.9032593 0.7226563 0.938385 0.7036133 0.9387512 0.7036133 0.9387512 0.7226563 0.938385 0.7006836 0.9800873 0.7036133 0.9387512 0.7006836 0.9800873 0.6787109 0.9385681 0.6787109 0.9385681 0.7006836 0.9800873 0.6513672 0.9391174 0.6787109 0.9385681 0.6513672 0.9391174 0.6655274 0.9036255 0.6655274 0.9036255 0.6513672 0.9391174 0.625 0.9057007 0.6655274 0.9036255 0.625 0.9057007 0.6142578 0.8671875 0.6142578 0.8671875 0.625 0.9057007 0.59375 0.8675537 0.6142578 0.8671875 0.59375 0.8675537 0.5908203 0.821167 0.5908203 0.821167 0.59375 0.8675537 0.5737305 0.8234863 0.5908203 0.821167 0.5737305 0.8234863 0.5888672 0.7768555 0.5888672 0.7768555 0.5737305 0.8234863 0.5576172 0.7758789 0.5888672 0.7768555 0.5576172 0.7758789 0.5585938 0.7429199 0.5888672 0.7768555 0.5585938 0.7429199 0.590332 0.7412109 0.590332 0.7412109 0.5585938 0.7429199 0.5908203 0.7307129 0.590332 0.7412109 0.5908203 0.7307129 0.6147461 0.7316895 0.6147461 0.7316895 0.5908203 0.7307129 0.6142578 0.7233887 0.6147461 0.7316895 0.6142578 0.7233887 0.6572266 0.7321777 0.6572266 0.7321777 0.6142578 0.7233887 0.6567383 0.7236328 0.6572266 0.7321777 0.6567383 0.7236328 0.6923828 0.7260742 0.6923828 0.7260742 0.6567383 0.7236328 0.6943359 0.6999512 0.6923828 0.7260742 0.6943359 0.6999512 0.7314453 0.7224121 0.7314453 0.7224121 0.6943359 0.6999512 0.7246094 0.6923828 0.7314453 0.7224121 0.7246094 0.6923828 0.7626953 0.7194824 0.7314453 0.7224121 0.7626953 0.7194824 0.7314453 0.7497559 0.7314453 0.7497559 0.7626953 0.7194824 0.7675781 0.7475586 0.7314453 0.7497559 0.7675781 0.7475586 0.7641602 0.78125 0.7641602 0.78125 0.7675781 0.7475586 0.7915039 0.7448731 0.7641602 0.78125 0.7915039 0.7448731 0.7983399 0.7800293 0.7641602 0.78125 0.7983399 0.7800293 0.765625 0.824585 0.765625 0.824585 0.7983399 0.7800293 0.7993164 0.826416 0.765625 0.824585 0.7993164 0.826416 0.7944336 0.8706055 0.765625 0.824585 0.7944336 0.8706055 0.7641602 0.8686524 0.7641602 0.8686524 0.7944336 0.8706055 0.7607422 0.9060669 0.7641602 0.8686524 0.7607422 0.9060669 0.7329102 0.8652344 0.7329102 0.8652344 0.7607422 0.9060669 0.7319336 0.9032593 0.7329102 0.8652344 0.7319336 0.9032593 0.6982422 0.8664551 0.6982422 0.8664551 0.7319336 0.9032593 0.6977539 0.9011841 0.6982422 0.8664551 0.6977539 0.9011841 0.6655274 0.9036255 0.6655274 0.9036255 0.6977539 0.9011841 0.6787109 0.9385681 0.6787109 0.9385681 0.6977539 0.9011841 0.7036133 0.9387512 0.7036133 0.9387512 0.6977539 0.9011841 0.7319336 0.9032593 0.7875977 0.7167969 0.7915039 0.7448731 0.7675781 0.7475586 0.7875977 0.7167969 0.7675781 0.7475586 0.7626953 0.7194824 0.7607422 0.9060669 0.7944336 0.8706055 0.7875977 0.9072266 0.7329102 0.8652344 0.765625 0.824585 0.7641602 0.8686524 0.8183594 0.9085693 0.8046875 0.9375916 0.7802734 0.9355469 0.7802734 0.9355469 0.8046875 0.9375916 0.7006836 0.9800873 0.7802734 0.9355469 0.7006836 0.9800873 0.7543945 0.9381409 0.7543945 0.9381409 0.7006836 0.9800873 0.7226563 0.938385 0.8115234 0.6843262 0.8164063 0.7158203 0.7773438 0.6862793 0.7246094 0.6923828 0.6943359 0.6999512 0.6962891 0.6765137 0.6962891 0.6765137 0.6943359 0.6999512 0.6557617 0.6813965 0.6962891 0.6765137 0.6557617 0.6813965 0.6577149 0.6606445 0.6577149 0.6606445 0.6557617 0.6813965 0.6166992 0.6740723 0.6577149 0.6606445 0.6166992 0.6740723 0.6206055 0.6481934 0.6206055 0.6481934 0.6166992 0.6740723 0.5913086 0.6743164 0.5913086 0.6743164 0.6166992 0.6740723 0.5917969 0.7211914 0.5913086 0.6743164 0.5917969 0.7211914 0.5600586 0.7155762 0.5600586 0.7155762 0.5917969 0.7211914 0.5908203 0.7307129 0.5600586 0.7155762 0.5908203 0.7307129 0.5585938 0.7429199 0.6557617 0.6813965 0.6943359 0.6999512 0.6567383 0.7236328 0.6557617 0.6813965 0.6567383 0.7236328 0.6166992 0.6740723 0.6166992 0.6740723 0.6567383 0.7236328 0.6142578 0.7233887 0.6166992 0.6740723 0.6142578 0.7233887 0.5917969 0.7211914 0.5917969 0.7211914 0.6142578 0.7233887 0.5908203 0.7307129 0.59375 0.8675537 0.625 0.9057007 0.6000977 0.9053345 0.6000977 0.9053345 0.625 0.9057007 0.6191406 0.9380188 0.6191406 0.9380188 0.625 0.9057007 0.6513672 0.9391174 0.6191406 0.9380188 0.6513672 0.9391174 0.7006836 0.9800873 0.6191406 0.9380188 0.7006836 0.9800873 0.5834961 0.9377442 0.6191406 0.9380188 0.5834961 0.9377442 0.6000977 0.9053345 0.6000977 0.9053345 0.5834961 0.9377442 0.5683594 0.9064331 0.6000977 0.9053345 0.5683594 0.9064331 0.5634766 0.8692627 0.6000977 0.9053345 0.5634766 0.8692627 0.59375 0.8675537 0.59375 0.8675537 0.5634766 0.8692627 0.5737305 0.8234863 0.6162109 0.8240967 0.6142578 0.8671875 0.5908203 0.821167 0.6162109 0.8240967 0.5908203 0.821167 0.6196289 0.7784424 0.6196289 0.7784424 0.5908203 0.821167 0.5888672 0.7768555 0.6196289 0.7784424 0.5888672 0.7768555 0.6152344 0.7404785 0.6152344 0.7404785 0.5888672 0.7768555 0.590332 0.7412109 0.6152344 0.7404785 0.590332 0.7412109 0.6147461 0.7316895 0.6152344 0.7404785 0.6147461 0.7316895 0.6577149 0.7419434 0.6577149 0.7419434 0.6147461 0.7316895 0.6572266 0.7321777 0.6577149 0.7419434 0.6572266 0.7321777 0.6982422 0.7507324 0.6982422 0.7507324 0.6572266 0.7321777 0.6923828 0.7260742 0.6982422 0.7507324 0.6923828 0.7260742 0.7314453 0.7224121 0.6982422 0.7507324 0.7314453 0.7224121 0.7314453 0.7497559 0.6982422 0.7507324 0.7314453 0.7497559 0.730957 0.7802734 0.730957 0.7802734 0.7314453 0.7497559 0.7641602 0.78125 0.730957 0.7802734 0.7641602 0.78125 0.765625 0.824585 0.730957 0.7802734 0.765625 0.824585 0.7329102 0.8256836 0.7329102 0.8256836 0.765625 0.824585 0.7329102 0.8652344 0.7329102 0.8256836 0.7329102 0.8652344 0.6987305 0.8234863 0.6987305 0.8234863 0.7329102 0.8652344 0.6982422 0.8664551 0.6987305 0.8234863 0.6982422 0.8664551 0.6601563 0.8259277 0.6601563 0.8259277 0.6982422 0.8664551 0.6601563 0.8659668 0.6601563 0.8259277 0.6601563 0.8659668 0.6162109 0.8240967 0.6162109 0.8240967 0.6601563 0.8659668 0.6142578 0.8671875 0.6142578 0.8671875 0.6601563 0.8659668 0.6655274 0.9036255 0.6655274 0.9036255 0.6601563 0.8659668 0.6982422 0.8664551 0.6601563 0.8259277 0.6162109 0.8240967 0.6196289 0.7784424 0.6601563 0.8259277 0.6196289 0.7784424 0.659668 0.7783203 0.659668 0.7783203 0.6196289 0.7784424 0.6152344 0.7404785 0.659668 0.7783203 0.6152344 0.7404785 0.6577149 0.7419434 0.659668 0.7783203 0.6577149 0.7419434 0.6982422 0.7507324 0.659668 0.7783203 0.6982422 0.7507324 0.699707 0.7816162 0.699707 0.7816162 0.6982422 0.7507324 0.730957 0.7802734 0.699707 0.7816162 0.730957 0.7802734 0.6987305 0.8234863 0.6987305 0.8234863 0.730957 0.7802734 0.7329102 0.8256836 0.659668 0.7783203 0.699707 0.7816162 0.6987305 0.8234863 0.659668 0.7783203 0.6987305 0.8234863 0.6601563 0.8259277 0.6914063 0.6418457 0.7172852 0.6384277 0.71875 0.6682129 0.71875 0.6682129 0.7172852 0.6384277 0.7451172 0.6601563 0.71875 0.6682129 0.7451172 0.6601563 0.7524414 0.6882324 0.7524414 0.6882324 0.7451172 0.6601563 0.7773438 0.6862793 0.7773438 0.6862793 0.7451172 0.6601563 0.7685547 0.6572266 0.7773438 0.6862793 0.7685547 0.6572266 0.8115234 0.6843262 0.8115234 0.6843262 0.7685547 0.6572266 0.8144531 0.6608887 0.8144531 0.6608887 0.7685547 0.6572266 0.7758789 0.6420899 0.8144531 0.6608887 0.7758789 0.6420899 0.7910156 0.6264649 0.7910156 0.6264649 0.7758789 0.6420899 0.7451172 0.6298828 0.7451172 0.6298828 0.7758789 0.6420899 0.7451172 0.6601563 0.7451172 0.6298828 0.7451172 0.6601563 0.7172852 0.6384277 0.7685547 0.6572266 0.7451172 0.6601563 0.7758789 0.6420899 0.8242188 0.6374512 0.8144531 0.6608887 0.7910156 0.6264649 0.4841309 0.5908203 0.4824219 0.5737305 0.4724121 0.5932617 0.4724121 0.5932617 0.4824219 0.5737305 0.4685059 0.5732422 0.4724121 0.5932617 0.4685059 0.5732422 0.4633789 0.595459 0.4633789 0.595459 0.4685059 0.5732422 0.4584961 0.5744629 0.4633789 0.595459 0.4584961 0.5744629 0.4416504 0.5749512 0.4633789 0.595459 0.4416504 0.5749512 0.4423828 0.6037598 0.4423828 0.6037598 0.4416504 0.5749512 0.4179688 0.5742188 0.4423828 0.6037598 0.4179688 0.5742188 0.4260254 0.6108399 0.4260254 0.6108399 0.4179688 0.5742188 0.4033203 0.6103516 0.4260254 0.6108399 0.4033203 0.6103516 0.4128418 0.6166992 0.4128418 0.6166992 0.4033203 0.6103516 0.3945313 0.6262207 0.3972168 0.5856934 0.4033203 0.6103516 0.4179688 0.5742188 0.3972168 0.5856934 0.4179688 0.5742188 0.4035645 0.5649414 0.3972168 0.5856934 0.4035645 0.5649414 0.3762207 0.5563965 0.3762207 0.5563965 0.4035645 0.5649414 0.3830567 0.5522461 0.3762207 0.5563965 0.3830567 0.5522461 0.3496094 0.5449219 0.3762207 0.5563965 0.3496094 0.5449219 0.3710938 0.559082 0.3762207 0.5563965 0.3710938 0.559082 0.376709 0.5708008 0.3762207 0.5563965 0.376709 0.5708008 0.3972168 0.5856934 0.2607422 0.6196289 0.2486572 0.6276856 0.2702637 0.6259766 0.2607422 0.6196289 0.2702637 0.6259766 0.2770996 0.6027832 0.2770996 0.6027832 0.2702637 0.6259766 0.2956543 0.6159668 0.2770996 0.6027832 0.2956543 0.6159668 0.3229981 0.5810547 0.3229981 0.5810547 0.2956543 0.6159668 0.3188477 0.6142578 0.3229981 0.5810547 0.3188477 0.6142578 0.3532715 0.5722656 0.3532715 0.5722656 0.3188477 0.6142578 0.3381348 0.6113281 0.3532715 0.5722656 0.3381348 0.6113281 0.3601074 0.6037598 0.3532715 0.5722656 0.3601074 0.6037598 0.376709 0.5708008 0.376709 0.5708008 0.3601074 0.6037598 0.3735352 0.5993652 0.376709 0.5708008 0.3735352 0.5993652 0.3972168 0.5856934 0.3972168 0.5856934 0.3735352 0.5993652 0.3911133 0.6062012 0.3972168 0.5856934 0.3911133 0.6062012 0.4033203 0.6103516 0.4033203 0.6103516 0.3911133 0.6062012 0.3903809 0.6208496 0.4033203 0.6103516 0.3903809 0.6208496 0.3945313 0.6262207 0.3945313 0.6262207 0.3903809 0.6208496 0.3720703 0.6318359 0.3720703 0.6318359 0.3903809 0.6208496 0.3852539 0.6154785 0.3852539 0.6154785 0.3903809 0.6208496 0.3911133 0.6062012 0.2489013 0.5300293 0.2883301 0.5634766 0.2983399 0.5559082 0.2983399 0.5559082 0.2883301 0.5634766 0.2973633 0.5756836 0.2983399 0.5559082 0.2973633 0.5756836 0.3229981 0.5810547 0.3229981 0.5810547 0.2973633 0.5756836 0.2770996 0.6027832 0.2770996 0.6027832 0.2973633 0.5756836 0.2731934 0.576416 0.2770996 0.6027832 0.2731934 0.576416 0.2507324 0.6022949 0.2507324 0.6022949 0.2731934 0.576416 0.2357177 0.5910645 0.2357177 0.5910645 0.2731934 0.576416 0.2427978 0.5605469 0.2357177 0.5910645 0.2427978 0.5605469 0.2247314 0.5861817 0.2247314 0.5861817 0.2427978 0.5605469 0.224121 0.5595703 0.2247314 0.5861817 0.224121 0.5595703 0.2108154 0.5837402 0.2108154 0.5837402 0.224121 0.5595703 0.2092285 0.565918 0.2108154 0.5837402 0.2092285 0.565918 0.1989746 0.5756836 0.2108154 0.5837402 0.1989746 0.5756836 0.1853027 0.5949707 0.06463623 0.3417969 0.02874749 0.4228516 0.0994873 0.4233399 0.2336425 0.1738281 0.267334 0.2324218 0.1844482 0.1811523 0.2336425 0.1738281 0.1844482 0.1811523 0.1800537 0.137207 0.02386474 0.4179688 0.0243988 0.3579102 0.1039428 0.3618164 0.02386474 0.4179688 0.1039428 0.3618164 0.112976 0.4145508 0.112976 0.4145508 0.1039428 0.3618164 0.1842041 0.3642578 0.112976 0.4145508 0.1842041 0.3642578 0.1909179 0.4086914 0.1909179 0.4086914 0.1842041 0.3642578 0.2415771 0.3798828 0.1909179 0.4086914 0.2415771 0.3798828 0.2092285 0.4746094 0.2092285 0.4746094 0.2415771 0.3798828 0.2873535 0.4350586 0.2873535 0.4350586 0.2415771 0.3798828 0.2761231 0.3022461 0.2761231 0.3022461 0.2415771 0.3798828 0.1621093 0.2929688 0.2761231 0.3022461 0.1621093 0.2929688 0.1932373 0.23291 0.1932373 0.23291 0.1621093 0.2929688 0.09448242 0.2368164 0.1932373 0.23291 0.09448242 0.2368164 0.1033325 0.1787109 0.1033325 0.1787109 0.09448242 0.2368164 0.02261352 0.2324218 0.1033325 0.1787109 0.02261352 0.2324218 0.03784173 0.1630859 0.1033325 0.1787109 0.03784173 0.1630859 0.065979 0.0961914 0.1033325 0.1787109 0.065979 0.0961914 0.1199951 0.1049804 0.1199951 0.1049804 0.065979 0.0961914 0.08374023 0.04394531 0.1199951 0.1049804 0.08374023 0.04394531 0.125 0.04003906 0.1199951 0.1049804 0.125 0.04003906 0.1661376 0.04345703 0.1199951 0.1049804 0.1661376 0.04345703 0.1732177 0.1040039 0.1199951 0.1049804 0.1732177 0.1040039 0.1800537 0.137207 0.1199951 0.1049804 0.1800537 0.137207 0.1033325 0.1787109 0.1033325 0.1787109 0.1800537 0.137207 0.1844482 0.1811523 0.1033325 0.1787109 0.1844482 0.1811523 0.1932373 0.23291 0.1932373 0.23291 0.1844482 0.1811523 0.267334 0.2324218 0.1932373 0.23291 0.267334 0.2324218 0.2761231 0.3022461 0.1621093 0.2929688 0.2415771 0.3798828 0.1842041 0.3642578 0.1909179 0.4086914 0.2092285 0.4746094 0.123291 0.4863281 0.1909179 0.4086914 0.123291 0.4863281 0.112976 0.4145508 0.112976 0.4145508 0.123291 0.4863281 0.02333062 0.487793 0.112976 0.4145508 0.02333062 0.487793 0.02386474 0.4179688 0.1039428 0.3618164 0.1026611 0.2963867 0.1842041 0.3642578 0.1842041 0.3642578 0.1026611 0.2963867 0.1621093 0.2929688 0.1621093 0.2929688 0.1026611 0.2963867 0.09448242 0.2368164 0.09448242 0.2368164 0.1026611 0.2963867 0.025177 0.300293 0.09448242 0.2368164 0.025177 0.300293 0.02261352 0.2324218 0.0243988 0.3579102 0.025177 0.300293 0.1039428 0.3618164 0.1039428 0.3618164 0.025177 0.300293 0.1026611 0.2963867 0.1621093 0.2929688 0.09448242 0.2368164 0.1026611 0.2963867 0.1621093 0.2929688 0.1026611 0.2963867 0.1842041 0.3642578 0.1621093 0.2929688 0.1842041 0.3642578 0.2415771 0.3798828 0.2415771 0.3798828 0.1842041 0.3642578 0.1909179 0.4086914 0.1199951 0.1049804 0.1033325 0.1787109 0.1800537 0.137207 0.1199951 0.1049804 0.1800537 0.137207 0.1732177 0.1040039 0.1199951 0.1049804 0.1732177 0.1040039 0.1661376 0.04345703 0.1199951 0.1049804 0.1661376 0.04345703 0.125 0.04003906 0.1199951 0.1049804 0.125 0.04003906 0.08374023 0.04394531 0.1199951 0.1049804 0.08374023 0.04394531 0.065979 0.0961914 0.1199951 0.1049804 0.065979 0.0961914 0.1033325 0.1787109 0.1033325 0.1787109 0.065979 0.0961914 0.03784173 0.1630859 0.1033325 0.1787109 0.03784173 0.1630859 0.02261352 0.2324218 0.1033325 0.1787109 0.02261352 0.2324218 0.09448242 0.2368164 0.09448242 0.2368164 0.02261352 0.2324218 0.025177 0.300293 0.09448242 0.2368164 0.025177 0.300293 0.1026611 0.2963867 0.1026611 0.2963867 0.025177 0.300293 0.1039428 0.3618164 0.1026611 0.2963867 0.1039428 0.3618164 0.1842041 0.3642578 0.1842041 0.3642578 0.1039428 0.3618164 0.112976 0.4145508 0.1842041 0.3642578 0.112976 0.4145508 0.1909179 0.4086914 0.1909179 0.4086914 0.112976 0.4145508 0.123291 0.4863281 0.1909179 0.4086914 0.123291 0.4863281 0.2092285 0.4746094 0.1909179 0.4086914 0.2092285 0.4746094 0.2415771 0.3798828 0.2415771 0.3798828 0.2092285 0.4746094 0.2873535 0.4350586 0.2415771 0.3798828 0.2873535 0.4350586 0.2761231 0.3022461 0.2415771 0.3798828 0.2761231 0.3022461 0.1621093 0.2929688 0.1621093 0.2929688 0.2761231 0.3022461 0.1932373 0.23291 0.1621093 0.2929688 0.1932373 0.23291 0.09448242 0.2368164 0.09448242 0.2368164 0.1932373 0.23291 0.1033325 0.1787109 0.1033325 0.1787109 0.1932373 0.23291 0.1844482 0.1811523 0.1033325 0.1787109 0.1844482 0.1811523 0.1800537 0.137207 0.1800537 0.137207 0.1844482 0.1811523 0.2336425 0.1738281 0.2336425 0.1738281 0.1844482 0.1811523 0.267334 0.2324218 0.267334 0.2324218 0.1844482 0.1811523 0.1932373 0.23291 0.267334 0.2324218 0.1932373 0.23291 0.2761231 0.3022461 0.025177 0.300293 0.0243988 0.3579102 0.1039428 0.3618164 0.1039428 0.3618164 0.0243988 0.3579102 0.02386474 0.4179688 0.1039428 0.3618164 0.02386474 0.4179688 0.112976 0.4145508 0.112976 0.4145508 0.02386474 0.4179688 0.02333062 0.487793 0.112976 0.4145508 0.02333062 0.487793 0.123291 0.4863281 0.765625 0.824585 0.7641602 0.78125 0.730957 0.7802734 0.765625 0.824585 0.730957 0.7802734 0.7329102 0.8256836 0.6982422 0.7507324 0.730957 0.7802734 0.7314453 0.7497559 0.7314453 0.7497559 0.730957 0.7802734 0.7641602 0.78125 0.7314453 0.7497559 0.7641602 0.78125 0.7675781 0.7475586 0.7944336 0.8706055 0.7993164 0.826416 0.765625 0.824585 0.765625 0.824585 0.7993164 0.826416 0.7983399 0.7800293 0.765625 0.824585 0.7983399 0.7800293 0.7641602 0.78125 0.7641602 0.78125 0.7983399 0.7800293 0.7915039 0.7448731 0.7641602 0.78125 0.7915039 0.7448731 0.7675781 0.7475586 0.7675781 0.7475586 0.7915039 0.7448731 0.7875977 0.7167969 0.7675781 0.7475586 0.7875977 0.7167969 0.7626953 0.7194824 0.7675781 0.7475586 0.7626953 0.7194824 0.7314453 0.7497559 0.7314453 0.7497559 0.7626953 0.7194824 0.7314453 0.7224121 0.7314453 0.7497559 0.7314453 0.7224121 0.6982422 0.7507324 0.6982422 0.7507324 0.7314453 0.7224121 0.6923828 0.7260742 0.6982422 0.7507324 0.6923828 0.7260742 0.6572266 0.7321777 0.6572266 0.7321777 0.6923828 0.7260742 0.6567383 0.7236328 0.6572266 0.7321777 0.6567383 0.7236328 0.6142578 0.7233887 0.6142578 0.7233887 0.6567383 0.7236328 0.6166992 0.6740723 0.6142578 0.7233887 0.6166992 0.6740723 0.5917969 0.7211914 0.6142578 0.7233887 0.5917969 0.7211914 0.5908203 0.7307129 0.6142578 0.7233887 0.5908203 0.7307129 0.6147461 0.7316895 0.6142578 0.7233887 0.6147461 0.7316895 0.6572266 0.7321777 0.6572266 0.7321777 0.6147461 0.7316895 0.6577149 0.7419434 0.6572266 0.7321777 0.6577149 0.7419434 0.6982422 0.7507324 0.6557617 0.6813965 0.6962891 0.6765137 0.6577149 0.6606445 0.6557617 0.6813965 0.6577149 0.6606445 0.6166992 0.6740723 0.6557617 0.6813965 0.6166992 0.6740723 0.6567383 0.7236328 0.6557617 0.6813965 0.6567383 0.7236328 0.6943359 0.6999512 0.6943359 0.6999512 0.6567383 0.7236328 0.6923828 0.7260742 0.6943359 0.6999512 0.6923828 0.7260742 0.7314453 0.7224121 0.6943359 0.6999512 0.7314453 0.7224121 0.7246094 0.6923828 0.7246094 0.6923828 0.7314453 0.7224121 0.7626953 0.7194824 0.6557617 0.6813965 0.6943359 0.6999512 0.6962891 0.6765137 0.6962891 0.6765137 0.6943359 0.6999512 0.7246094 0.6923828 0.6196289 0.7784424 0.5888672 0.7768555 0.5908203 0.821167 0.5908203 0.821167 0.5888672 0.7768555 0.5737305 0.8234863 0.5908203 0.821167 0.5737305 0.8234863 0.59375 0.8675537 0.59375 0.8675537 0.5737305 0.8234863 0.5634766 0.8692627 0.59375 0.8675537 0.5634766 0.8692627 0.6000977 0.9053345 0.6000977 0.9053345 0.5634766 0.8692627 0.5683594 0.9064331 0.6000977 0.9053345 0.5683594 0.9064331 0.5834961 0.9377442 0.6000977 0.9053345 0.5834961 0.9377442 0.6191406 0.9380188 0.6000977 0.9053345 0.6191406 0.9380188 0.625 0.9057007 0.625 0.9057007 0.6191406 0.9380188 0.6513672 0.9391174 0.625 0.9057007 0.6513672 0.9391174 0.6655274 0.9036255 0.6655274 0.9036255 0.6513672 0.9391174 0.6787109 0.9385681 0.6655274 0.9036255 0.6787109 0.9385681 0.6977539 0.9011841 0.6977539 0.9011841 0.6787109 0.9385681 0.7036133 0.9387512 0.6977539 0.9011841 0.7036133 0.9387512 0.7319336 0.9032593 0.7319336 0.9032593 0.7036133 0.9387512 0.7226563 0.938385 0.7319336 0.9032593 0.7226563 0.938385 0.7543945 0.9381409 0.7543945 0.9381409 0.7226563 0.938385 0.7006836 0.9800873 0.7543945 0.9381409 0.7006836 0.9800873 0.7802734 0.9355469 0.7802734 0.9355469 0.7006836 0.9800873 0.8046875 0.9375916 0.7802734 0.9355469 0.8046875 0.9375916 0.8183594 0.9085693 0.7802734 0.9355469 0.8183594 0.9085693 0.7875977 0.9072266 0.7802734 0.9355469 0.7875977 0.9072266 0.7607422 0.9060669 0.7607422 0.9060669 0.7875977 0.9072266 0.7944336 0.8706055 0.7607422 0.9060669 0.7944336 0.8706055 0.7641602 0.8686524 0.7641602 0.8686524 0.7944336 0.8706055 0.765625 0.824585 0.7641602 0.8686524 0.765625 0.824585 0.7329102 0.8652344 0.7329102 0.8652344 0.765625 0.824585 0.7329102 0.8256836 0.7329102 0.8652344 0.7329102 0.8256836 0.6987305 0.8234863 0.6987305 0.8234863 0.7329102 0.8256836 0.730957 0.7802734 0.6987305 0.8234863 0.730957 0.7802734 0.699707 0.7816162 0.699707 0.7816162 0.730957 0.7802734 0.6982422 0.7507324 0.699707 0.7816162 0.6982422 0.7507324 0.659668 0.7783203 0.659668 0.7783203 0.6982422 0.7507324 0.6577149 0.7419434 0.659668 0.7783203 0.6577149 0.7419434 0.6152344 0.7404785 0.6152344 0.7404785 0.6577149 0.7419434 0.6147461 0.7316895 0.6152344 0.7404785 0.6147461 0.7316895 0.590332 0.7412109 0.590332 0.7412109 0.6147461 0.7316895 0.5908203 0.7307129 0.590332 0.7412109 0.5908203 0.7307129 0.5585938 0.7429199 0.5585938 0.7429199 0.5908203 0.7307129 0.5600586 0.7155762 0.5600586 0.7155762 0.5908203 0.7307129 0.5917969 0.7211914 0.5600586 0.7155762 0.5917969 0.7211914 0.5913086 0.6743164 0.5913086 0.6743164 0.5917969 0.7211914 0.6166992 0.6740723 0.5913086 0.6743164 0.6166992 0.6740723 0.6206055 0.6481934 0.6206055 0.6481934 0.6166992 0.6740723 0.6577149 0.6606445 0.6206055 0.6481934 0.6577149 0.6606445 0.6694336 0.6376953 0.6694336 0.6376953 0.6577149 0.6606445 0.6914063 0.6418457 0.6914063 0.6418457 0.6577149 0.6606445 0.6962891 0.6765137 0.6914063 0.6418457 0.6962891 0.6765137 0.71875 0.6682129 0.71875 0.6682129 0.6962891 0.6765137 0.7246094 0.6923828 0.71875 0.6682129 0.7246094 0.6923828 0.7524414 0.6882324 0.7524414 0.6882324 0.7246094 0.6923828 0.7626953 0.7194824 0.7524414 0.6882324 0.7626953 0.7194824 0.7773438 0.6862793 0.7773438 0.6862793 0.7626953 0.7194824 0.7875977 0.7167969 0.7773438 0.6862793 0.7875977 0.7167969 0.8164063 0.7158203 0.8164063 0.7158203 0.7875977 0.7167969 0.7915039 0.7448731 0.8164063 0.7158203 0.7915039 0.7448731 0.8261719 0.7407227 0.8261719 0.7407227 0.7915039 0.7448731 0.7983399 0.7800293 0.8261719 0.7407227 0.7983399 0.7800293 0.8320313 0.7764893 0.8320313 0.7764893 0.7983399 0.7800293 0.8349609 0.8242188 0.8349609 0.8242188 0.7983399 0.7800293 0.7993164 0.826416 0.8349609 0.8242188 0.7993164 0.826416 0.8310547 0.8707275 0.8310547 0.8707275 0.7993164 0.826416 0.7944336 0.8706055 0.8310547 0.8707275 0.7944336 0.8706055 0.8183594 0.9085693 0.8183594 0.9085693 0.7944336 0.8706055 0.7875977 0.9072266 0.6987305 0.8234863 0.699707 0.7816162 0.659668 0.7783203 0.5834961 0.9377442 0.7006836 0.9800873 0.6191406 0.9380188 0.6191406 0.9380188 0.7006836 0.9800873 0.6513672 0.9391174 0.6513672 0.9391174 0.7006836 0.9800873 0.6787109 0.9385681 0.6787109 0.9385681 0.7006836 0.9800873 0.7036133 0.9387512 0.7036133 0.9387512 0.7006836 0.9800873 0.7226563 0.938385 0.7607422 0.9060669 0.7641602 0.8686524 0.7329102 0.8652344 0.5576172 0.7758789 0.5737305 0.8234863 0.5888672 0.7768555 0.5576172 0.7758789 0.5888672 0.7768555 0.5585938 0.7429199 0.5585938 0.7429199 0.5888672 0.7768555 0.590332 0.7412109 0.590332 0.7412109 0.5888672 0.7768555 0.6152344 0.7404785 0.6152344 0.7404785 0.5888672 0.7768555 0.6196289 0.7784424 0.6152344 0.7404785 0.6196289 0.7784424 0.659668 0.7783203 0.659668 0.7783203 0.6196289 0.7784424 0.6601563 0.8259277 0.659668 0.7783203 0.6601563 0.8259277 0.6987305 0.8234863 0.6987305 0.8234863 0.6601563 0.8259277 0.6982422 0.8664551 0.6987305 0.8234863 0.6982422 0.8664551 0.7329102 0.8652344 0.7329102 0.8652344 0.6982422 0.8664551 0.7319336 0.9032593 0.7329102 0.8652344 0.7319336 0.9032593 0.7607422 0.9060669 0.7607422 0.9060669 0.7319336 0.9032593 0.7543945 0.9381409 0.7607422 0.9060669 0.7543945 0.9381409 0.7802734 0.9355469 0.6000977 0.9053345 0.625 0.9057007 0.59375 0.8675537 0.59375 0.8675537 0.625 0.9057007 0.6142578 0.8671875 0.59375 0.8675537 0.6142578 0.8671875 0.5908203 0.821167 0.5908203 0.821167 0.6142578 0.8671875 0.6162109 0.8240967 0.5908203 0.821167 0.6162109 0.8240967 0.6196289 0.7784424 0.6196289 0.7784424 0.6162109 0.8240967 0.6601563 0.8259277 0.6601563 0.8259277 0.6162109 0.8240967 0.6601563 0.8659668 0.6601563 0.8259277 0.6601563 0.8659668 0.6982422 0.8664551 0.6982422 0.8664551 0.6601563 0.8659668 0.6655274 0.9036255 0.6982422 0.8664551 0.6655274 0.9036255 0.6977539 0.9011841 0.6982422 0.8664551 0.6977539 0.9011841 0.7319336 0.9032593 0.625 0.9057007 0.6655274 0.9036255 0.6142578 0.8671875 0.6142578 0.8671875 0.6655274 0.9036255 0.6601563 0.8659668 0.6142578 0.8671875 0.6601563 0.8659668 0.6162109 0.8240967 0.6694336 0.6376953 0.6293945 0.6242676 0.6206055 0.6481934 0.6206055 0.6481934 0.6293945 0.6242676 0.5966797 0.6445313 0.6206055 0.6481934 0.5966797 0.6445313 0.5913086 0.6743164 0.5913086 0.6743164 0.5966797 0.6445313 0.5664063 0.6730957 0.5913086 0.6743164 0.5664063 0.6730957 0.5600586 0.7155762 0.5966797 0.6445313 0.6293945 0.6242676 0.5839844 0.6164551 0.5664063 0.6730957 0.5966797 0.6445313 0.5688477 0.6467285 0.5688477 0.6467285 0.5966797 0.6445313 0.5839844 0.6164551 0.5688477 0.6467285 0.5839844 0.6164551 0.559082 0.6281738 0.7685547 0.6572266 0.7758789 0.6420899 0.7451172 0.6601563 0.7685547 0.6572266 0.7451172 0.6601563 0.7773438 0.6862793 0.7773438 0.6862793 0.7451172 0.6601563 0.7524414 0.6882324 0.7524414 0.6882324 0.7451172 0.6601563 0.71875 0.6682129 0.6914063 0.6418457 0.71875 0.6682129 0.7172852 0.6384277 0.7172852 0.6384277 0.71875 0.6682129 0.7451172 0.6601563 0.7172852 0.6384277 0.7451172 0.6601563 0.7451172 0.6298828 0.7451172 0.6298828 0.7451172 0.6601563 0.7758789 0.6420899 0.7451172 0.6298828 0.7758789 0.6420899 0.7910156 0.6264649 0.7910156 0.6264649 0.7758789 0.6420899 0.8144531 0.6608887 0.8144531 0.6608887 0.7758789 0.6420899 0.7685547 0.6572266 0.8144531 0.6608887 0.7685547 0.6572266 0.8115234 0.6843262 0.8115234 0.6843262 0.7685547 0.6572266 0.7773438 0.6862793 0.8115234 0.6843262 0.7773438 0.6862793 0.8164063 0.7158203 0.8242188 0.6374512 0.7910156 0.6264649 0.8144531 0.6608887 0.02874749 0.4228516 0.06463623 0.3417969 0.06408691 0.4228516 0.06408691 0.4228516 0.06463623 0.3417969 0.0994873 0.4233399 0.06463623 0.3417969 0.02874749 0.4228516 0.0994873 0.4233399 0.9243164 0.7365723 0.9199219 0.7900391 0.9106445 0.7275391 0.9243164 0.7365723 0.9106445 0.7275391 0.9174805 0.6882324 0.9174805 0.6882324 0.9106445 0.7275391 0.902832 0.6904297 0.9174805 0.6882324 0.902832 0.6904297 0.9018555 0.6723633 0.9174805 0.6882324 0.9018555 0.6723633 0.9111328 0.6582031 0.9111328 0.6582031 0.9018555 0.6723633 0.8974609 0.6435547 0.9111328 0.6582031 0.8974609 0.6435547 0.9301758 0.6640625 0.9301758 0.6640625 0.8974609 0.6435547 0.9926759 0.6437988 0.9301758 0.6640625 0.9926759 0.6437988 0.9926759 0.6630859 0.9301758 0.6640625 0.9926759 0.6630859 0.9458009 0.6911621 0.9458009 0.6911621 0.9926759 0.6630859 0.9926759 0.6901856 0.9458009 0.6911621 0.9926759 0.6901856 0.9926759 0.7292481 0.9458009 0.6911621 0.9926759 0.7292481 0.965332 0.7416992 0.9458009 0.6911621 0.965332 0.7416992 0.9555664 0.7387695 0.9555664 0.7387695 0.965332 0.7416992 0.9594727 0.7912598 0.9555664 0.7387695 0.9594727 0.7912598 0.9418945 0.7385254 0.9418945 0.7385254 0.9594727 0.7912598 0.949707 0.7926025 0.9418945 0.7385254 0.949707 0.7926025 0.9355469 0.7961426 0.9355469 0.7961426 0.949707 0.7926025 0.9609375 0.8275147 0.9355469 0.7961426 0.9609375 0.8275147 0.9545899 0.8481445 0.9545899 0.8481445 0.9609375 0.8275147 0.9731445 0.8408203 0.9545899 0.8481445 0.9731445 0.8408203 0.9916992 0.8465576 0.9916992 0.8465576 0.9731445 0.8408203 0.9750977 0.8325195 0.9916992 0.8465576 0.9750977 0.8325195 0.9921875 0.8382568 0.9921875 0.8382568 0.9750977 0.8325195 0.9790039 0.8203125 0.9921875 0.8382568 0.9790039 0.8203125 0.9926759 0.828125 0.9926759 0.828125 0.9790039 0.8203125 0.9926759 0.8126221 0.9926759 0.8126221 0.9790039 0.8203125 0.9736328 0.8057861 0.9926759 0.8126221 0.9736328 0.8057861 0.9926759 0.7874756 0.9926759 0.7874756 0.9736328 0.8057861 0.9692384 0.789917 0.9926759 0.7874756 0.9692384 0.789917 0.965332 0.7416992 0.965332 0.7416992 0.9692384 0.789917 0.9594727 0.7912598 0.9594727 0.7912598 0.9692384 0.789917 0.965332 0.8168945 0.9594727 0.7912598 0.965332 0.8168945 0.9609375 0.8275147 0.9609375 0.8275147 0.965332 0.8168945 0.9731445 0.8408203 0.9731445 0.8408203 0.965332 0.8168945 0.9750977 0.8325195 0.9750977 0.8325195 0.965332 0.8168945 0.9736328 0.8057861 0.9750977 0.8325195 0.9736328 0.8057861 0.9790039 0.8203125 0.9594727 0.7912598 0.9609375 0.8275147 0.949707 0.7926025 0.965332 0.8168945 0.9692384 0.789917 0.9736328 0.8057861 0.9272461 0.692627 0.9243164 0.7365723 0.9174805 0.6882324 0.8974609 0.6435547 0.9018555 0.6723633 0.887207 0.6652832 0.9111328 0.6582031 0.9365234 0.6918945 0.9272461 0.692627 0.9365234 0.6918945 0.9111328 0.6582031 0.9301758 0.6640625 0.9365234 0.6918945 0.9301758 0.6640625 0.9458009 0.6911621 0.9365234 0.6918945 0.9458009 0.6911621 0.9555664 0.7387695 0.9365234 0.6918945 0.9555664 0.7387695 0.9272461 0.692627 0.9272461 0.692627 0.9555664 0.7387695 0.9418945 0.7385254 0.9272461 0.692627 0.9418945 0.7385254 0.9243164 0.7365723 0.9243164 0.7365723 0.9418945 0.7385254 0.9355469 0.7961426 0.9243164 0.7365723 0.9355469 0.7961426 0.9199219 0.7900391 0.9199219 0.7900391 0.9355469 0.7961426 0.9306641 0.8398438 0.9306641 0.8398438 0.9355469 0.7961426 0.9545899 0.8481445 0.9306641 0.8398438 0.9545899 0.8481445 0.9536134 0.8692627 0.9536134 0.8692627 0.9545899 0.8481445 0.9926759 0.8596192 0.9536134 0.8692627 0.9926759 0.8596192 0.9926759 0.8800659 0.9545899 0.8481445 0.9916992 0.8465576 0.9926759 0.8596192 0.9926759 0.7874756 0.965332 0.7416992 0.9926759 0.7292481 0.9248047 0.5932617 0.8881836 0.6186524 0.90625 0.5947266 0.9248047 0.5932617 0.90625 0.5947266 0.9101563 0.5756836 0.9248047 0.5932617 0.9101563 0.5756836 0.9282227 0.5639649 0.9282227 0.5639649 0.9101563 0.5756836 0.9135742 0.5563965 0.9282227 0.5639649 0.9135742 0.5563965 0.9174805 0.5422363 0.9282227 0.5639649 0.9174805 0.5422363 0.9316406 0.5375977 0.9316406 0.5375977 0.9174805 0.5422363 0.921875 0.527832 0.9316406 0.5375977 0.921875 0.527832 0.9316406 0.4765625 0.9316406 0.5375977 0.9316406 0.4765625 0.9414063 0.4814453 0.9414063 0.4814453 0.9316406 0.4765625 0.9414063 0.4482422 0.9414063 0.4814453 0.9414063 0.4482422 0.9487305 0.4584961 0.9487305 0.4584961 0.9414063 0.4482422 0.9614259 0.4311524 0.9487305 0.4584961 0.9614259 0.4311524 0.9628906 0.4423828 0.9487305 0.4584961 0.9628906 0.4423828 0.9804688 0.4926758 0.9487305 0.4584961 0.9804688 0.4926758 0.9414063 0.4814453 0.9414063 0.4814453 0.9804688 0.4926758 0.9926759 0.5307617 0.9414063 0.4814453 0.9926759 0.5307617 0.9316406 0.5375977 0.9316406 0.5375977 0.9926759 0.5307617 0.9926759 0.5568848 0.9316406 0.5375977 0.9926759 0.5568848 0.9282227 0.5639649 0.9282227 0.5639649 0.9926759 0.5568848 0.9926759 0.5939942 0.9282227 0.5639649 0.9926759 0.5939942 0.9248047 0.5932617 0.9248047 0.5932617 0.9926759 0.5939942 0.9926759 0.6437988 0.9248047 0.5932617 0.9926759 0.6437988 0.9106445 0.6247559 0.9248047 0.5932617 0.9106445 0.6247559 0.8881836 0.6186524 0.02874749 0.4228516 0.06463623 0.3417969 0.06408691 0.4228516 0.06408691 0.4228516 0.06463623 0.3417969 0.0994873 0.4233399 0.06463623 0.3417969 0.02874749 0.4228516 0.0994873 0.4233399 0.637207 0.4335938 0.5576172 0.4248047 0.5825195 0.5036621 0.637207 0.4335938 0.5825195 0.5036621 0.6674805 0.4902344 0.6674805 0.4902344 0.5825195 0.5036621 0.6616211 0.5512695 0.6616211 0.5512695 0.5825195 0.5036621 0.6171875 0.5773926 0.6171875 0.5773926 0.5825195 0.5036621 0.5498047 0.5705567 0.6420899 0.3828125 0.5576172 0.4248047 0.637207 0.4335938 0.6420899 0.3828125 0.637207 0.4335938 0.6767578 0.4091797 0.6767578 0.4091797 0.637207 0.4335938 0.6674805 0.4902344 0.6767578 0.4091797 0.6674805 0.4902344 0.7021484 0.465332 0.7021484 0.465332 0.6674805 0.4902344 0.6928711 0.5192871 0.6928711 0.5192871 0.6674805 0.4902344 0.6616211 0.5512695 0.6928711 0.5192871 0.6616211 0.5512695 0.6826172 0.5583496 0.6826172 0.5583496 0.6616211 0.5512695 0.6577149 0.5693359 0.6577149 0.5693359 0.6616211 0.5512695 0.6171875 0.5773926 0.6577149 0.5693359 0.6171875 0.5773926 0.6225586 0.5898438 0.6225586 0.5898438 0.6171875 0.5773926 0.5498047 0.5705567 0.6225586 0.5898438 0.5498047 0.5705567 0.59375 0.6108399 0.59375 0.6108399 0.5498047 0.5705567 0.5288086 0.5957031 0.5288086 0.5957031 0.5498047 0.5705567 0.5043945 0.5417481 0.5043945 0.5417481 0.5498047 0.5705567 0.5825195 0.5036621 0.5043945 0.5417481 0.5825195 0.5036621 0.4990234 0.4736328 0.4990234 0.4736328 0.5825195 0.5036621 0.5576172 0.4248047 0.4990234 0.4736328 0.5576172 0.4248047 0.489502 0.4311524 0.489502 0.4311524 0.5576172 0.4248047 0.5175781 0.3964844 0.5175781 0.3964844 0.5576172 0.4248047 0.6420899 0.3828125 0.5175781 0.3964844 0.6420899 0.3828125 0.578125 0.3662109 0.02874749 0.4228516 0.06463623 0.3417969 0.06408691 0.4228516 0.06408691 0.4228516 0.06463623 0.3417969 0.0994873 0.4233399 0.887207 0.6652832 0.902832 0.6904297 0.9018555 0.6723633 0.4250488 0.9657288 0.4926758 0.9590454 0.4597168 0.8921509 0.4250488 0.9657288 0.4597168 0.8921509 0.3808594 0.9395752 0.3808594 0.9395752 0.4597168 0.8921509 0.3747559 0.8787232 0.3808594 0.9395752 0.3747559 0.8787232 0.3496094 0.9076538 0.3496094 0.9076538 0.3747559 0.8787232 0.340332 0.8536377 0.340332 0.8536377 0.3747559 0.8787232 0.3657227 0.7977295 0.3657227 0.7977295 0.3747559 0.8787232 0.4050293 0.8220215 0.3657227 0.7977295 0.4050293 0.8220215 0.4001465 0.770874 0.4001465 0.770874 0.4050293 0.8220215 0.4846192 0.8131104 0.4001465 0.770874 0.4846192 0.8131104 0.5249024 0.784668 0.5249024 0.784668 0.4846192 0.8131104 0.5527344 0.8193359 0.5527344 0.8193359 0.4846192 0.8131104 0.543457 0.8618164 0.543457 0.8618164 0.4846192 0.8131104 0.4597168 0.8921509 0.543457 0.8618164 0.4597168 0.8921509 0.5375977 0.9301148 0.5375977 0.9301148 0.4597168 0.8921509 0.4926758 0.9590454 0.5375977 0.9301148 0.4926758 0.9590454 0.5131836 0.9840851 0.5131836 0.9840851 0.4926758 0.9590454 0.4487305 0.999186 0.4487305 0.999186 0.4926758 0.9590454 0.4196777 0.9782562 0.4196777 0.9782562 0.4926758 0.9590454 0.4250488 0.9657288 0.4196777 0.9782562 0.4250488 0.9657288 0.3847656 0.9577026 0.3847656 0.9577026 0.4250488 0.9657288 0.3808594 0.9395752 0.3847656 0.9577026 0.3808594 0.9395752 0.3596192 0.9466553 0.3596192 0.9466553 0.3808594 0.9395752 0.3496094 0.9076538 0.4846192 0.8131104 0.4050293 0.8220215 0.4597168 0.8921509 0.4597168 0.8921509 0.4050293 0.8220215 0.3747559 0.8787232 0.4641113 0.7542725 0.4001465 0.770874 0.5249024 0.784668 0.1622314 0.7918701 0.1955566 0.8255615 0.09472656 0.8665772 0.1622314 0.7918701 0.09472656 0.8665772 0.1150512 0.7943115 0.1150512 0.7943115 0.09472656 0.8665772 0.007537782 0.8326416 0.007537782 0.8326416 0.09472656 0.8665772 0.00504297 0.8913574 0.00504297 0.8913574 0.09472656 0.8665772 0.009262084 0.9264526 0.009262084 0.9264526 0.09472656 0.8665772 0.1036987 0.8931885 0.009262084 0.9264526 0.1036987 0.8931885 0.1322021 0.9446411 0.1322021 0.9446411 0.1036987 0.8931885 0.2324218 0.8964844 0.2324218 0.8964844 0.1036987 0.8931885 0.1955566 0.8255615 0.2324218 0.8964844 0.1955566 0.8255615 0.2644043 0.8751831 0.1955566 0.8255615 0.1036987 0.8931885 0.09472656 0.8665772 0.009262084 0.9264526 0.1322021 0.9446411 0.009262084 0.9747162 0.0848999 0.5905762 0.009803771 0.5776367 0.009803771 0.5385742 0.0848999 0.5905762 0.009803771 0.5385742 0.1038818 0.5498047 0.0848999 0.5905762 0.1038818 0.5498047 0.1599121 0.5839844 0.0848999 0.5905762 0.1599121 0.5839844 0.1193237 0.6477051 0.0848999 0.5905762 0.1193237 0.6477051 0.009803771 0.6103516 0.009803771 0.6103516 0.1193237 0.6477051 0.07775878 0.6682129 0.009803771 0.6103516 0.07775878 0.6682129 0.009803771 0.6489258 0.009803771 0.6489258 0.07775878 0.6682129 0.06793212 0.7089844 0.009803771 0.6489258 0.06793212 0.7089844 0.009803771 0.7055664 0.009803771 0.7055664 0.06793212 0.7089844 0.06060791 0.7583008 0.009803771 0.7055664 0.06060791 0.7583008 0.009803771 0.7711182 0.009803771 0.7711182 0.06060791 0.7583008 0.007537782 0.8326416 0.007537782 0.8326416 0.06060791 0.7583008 0.1150512 0.7943115 0.1150512 0.7943115 0.06060791 0.7583008 0.137207 0.7556152 0.1150512 0.7943115 0.137207 0.7556152 0.1622314 0.7918701 0.1622314 0.7918701 0.137207 0.7556152 0.2126464 0.7684326 0.1622314 0.7918701 0.2126464 0.7684326 0.1955566 0.8255615 0.1955566 0.8255615 0.2126464 0.7684326 0.232788 0.8068848 0.1955566 0.8255615 0.232788 0.8068848 0.2644043 0.8751831 0.2644043 0.8751831 0.232788 0.8068848 0.298584 0.8448486 0.298584 0.8448486 0.232788 0.8068848 0.2844238 0.8071289 0.298584 0.8448486 0.2844238 0.8071289 0.3237305 0.786499 0.3237305 0.786499 0.2844238 0.8071289 0.2636719 0.7518311 0.3237305 0.786499 0.2636719 0.7518311 0.3034668 0.7297363 0.3034668 0.7297363 0.2636719 0.7518311 0.2597656 0.7175293 0.3034668 0.7297363 0.2597656 0.7175293 0.2949219 0.6977539 0.2949219 0.6977539 0.2597656 0.7175293 0.2493896 0.6916504 0.2949219 0.6977539 0.2493896 0.6916504 0.2885742 0.677002 0.2949219 0.6977539 0.2885742 0.677002 0.3344727 0.6816406 0.3344727 0.6816406 0.2885742 0.677002 0.3286133 0.659668 0.3344727 0.6816406 0.3286133 0.659668 0.3776856 0.668457 0.3776856 0.668457 0.3286133 0.659668 0.3708496 0.6491699 0.3776856 0.668457 0.3708496 0.6491699 0.4199219 0.6679688 0.3776856 0.668457 0.4199219 0.6679688 0.3859863 0.6870117 0.3859863 0.6870117 0.4199219 0.6679688 0.3930664 0.734375 0.3859863 0.6870117 0.3930664 0.734375 0.3449707 0.7077637 0.3449707 0.7077637 0.3930664 0.734375 0.3615723 0.7576904 0.3449707 0.7077637 0.3615723 0.7576904 0.3034668 0.7297363 0.3034668 0.7297363 0.3615723 0.7576904 0.3237305 0.786499 0.3237305 0.786499 0.3615723 0.7576904 0.3366699 0.8084717 0.3237305 0.786499 0.3366699 0.8084717 0.298584 0.8448486 0.3034668 0.7297363 0.2949219 0.6977539 0.3449707 0.7077637 0.3449707 0.7077637 0.2949219 0.6977539 0.3344727 0.6816406 0.3449707 0.7077637 0.3344727 0.6816406 0.3859863 0.6870117 0.3859863 0.6870117 0.3344727 0.6816406 0.3776856 0.668457 0.009803771 0.5776367 0.0848999 0.5905762 0.009803771 0.6103516 0.2092285 0.7121582 0.2126464 0.7684326 0.137207 0.7556152 0.1193237 0.6477051 0.1599121 0.5839844 0.1762695 0.6206055 0.06060791 0.7583008 0.06793212 0.7089844 0.137207 0.7556152 0.137207 0.7556152 0.06793212 0.7089844 0.1346434 0.7023926 0.137207 0.7556152 0.1346434 0.7023926 0.2092285 0.7121582 0.2092285 0.7121582 0.1346434 0.7023926 0.168457 0.6826172 0.2844238 0.8071289 0.232788 0.8068848 0.2126464 0.7684326 0.2844238 0.8071289 0.2126464 0.7684326 0.2636719 0.7518311 0.2636719 0.7518311 0.2126464 0.7684326 0.2092285 0.7121582 0.2636719 0.7518311 0.2092285 0.7121582 0.2597656 0.7175293 0.2597656 0.7175293 0.2092285 0.7121582 0.2271728 0.673584 0.2271728 0.673584 0.2092285 0.7121582 0.168457 0.6826172 0.2271728 0.673584 0.168457 0.6826172 0.1953125 0.6518555 0.1953125 0.6518555 0.168457 0.6826172 0.1762695 0.6206055 0.1762695 0.6206055 0.168457 0.6826172 0.1193237 0.6477051 0.1193237 0.6477051 0.168457 0.6826172 0.1346434 0.7023926 0.1193237 0.6477051 0.1346434 0.7023926 0.07775878 0.6682129 0.07775878 0.6682129 0.1346434 0.7023926 0.06793212 0.7089844 0.2597656 0.7175293 0.2271728 0.673584 0.2493896 0.6916504 0.3366699 0.8084717 0.3615723 0.7576904 0.3718262 0.7800293 0.3718262 0.7800293 0.3615723 0.7576904 0.3930664 0.734375 0.3718262 0.7800293 0.3930664 0.734375 0.4047852 0.7453613 0.4047852 0.7453613 0.3930664 0.734375 0.4199219 0.6679688 0.9111328 0.6582031 0.9174805 0.6882324 0.9272461 0.692627 0.887207 0.6652832 0.9018555 0.6723633 0.902832 0.6904297 0.06463623 0.3417969 0.0994873 0.4233399 0.02874749 0.4228516 0.02874749 0.4228516 0.06408691 0.4228516 0.06463623 0.3417969 0.06463623 0.3417969 0.06408691 0.4228516 0.0994873 0.4233399 0.06463623 0.3417969 0.0994873 0.4233399 0.02874749 0.4228516 0.02874749 0.4228516 0.06408691 0.4228516 0.06463623 0.3417969 0.06463623 0.3417969 0.06408691 0.4228516 0.0994873 0.4233399 0.06463623 0.3417969 0.0994873 0.4233399 0.02874749 0.4228516 0.02874749 0.4228516 0.06408691 0.4228516 0.06463623 0.3417969 0.06463623 0.3417969 0.06408691 0.4228516 0.0994873 0.4233399</float_array>
          <technique_common>
            <accessor source="#chr514_0-mesh-map-0-array" count="4797" stride="2">
              <param name="S" type="float"/>
              <param name="T" type="float"/>
            </accessor>
          </technique_common>
        </source>
        <vertices id="chr514_0-mesh-vertices">
          <input semantic="POSITION" source="#chr514_0-mesh-positions"/>
        </vertices>
        <polylist material="chr514_mat_000-material" count="1599">
          <input semantic="VERTEX" source="#chr514_0-mesh-vertices" offset="0"/>
          <input semantic="NORMAL" source="#chr514_0-mesh-normals" offset="1"/>
          <input semantic="TEXCOORD" source="#chr514_0-mesh-map-0" offset="2" set="0"/>
          <vcount>3 3 3 3 3 3 3 3 3 3 3 3 3 3 3 3 3 3 3 3 3 3 3 3 3 3 3 3 3 3 3 3 3 3 3 3 3 3 3 3 3 3 3 3 3 3 3 3 3 3 3 3 3 3 3 3 3 3 3 3 3 3 3 3 3 3 3 3 3 3 3 3 3 3 3 3 3 3 3 3 3 3 3 3 3 3 3 3 3 3 3 3 3 3 3 3 3 3 3 3 3 3 3 3 3 3 3 3 3 3 3 3 3 3 3 3 3 3 3 3 3 3 3 3 3 3 3 3 3 3 3 3 3 3 3 3 3 3 3 3 3 3 3 3 3 3 3 3 3 3 3 3 3 3 3 3 3 3 3 3 3 3 3 3 3 3 3 3 3 3 3 3 3 3 3 3 3 3 3 3 3 3 3 3 3 3 3 3 3 3 3 3 3 3 3 3 3 3 3 3 3 3 3 3 3 3 3 3 3 3 3 3 3 3 3 3 3 3 3 3 3 3 3 3 3 3 3 3 3 3 3 3 3 3 3 3 3 3 3 3 3 3 3 3 3 3 3 3 3 3 3 3 3 3 3 3 3 3 3 3 3 3 3 3 3 3 3 3 3 3 3 3 3 3 3 3 3 3 3 3 3 3 3 3 3 3 3 3 3 3 3 3 3 3 3 3 3 3 3 3 3 3 3 3 3 3 3 3 3 3 3 3 3 3 3 3 3 3 3 3 3 3 3 3 3 3 3 3 3 3 3 3 3 3 3 3 3 3 3 3 3 3 3 3 3 3 3 3 3 3 3 3 3 3 3 3 3 3 3 3 3 3 3 3 3 3 3 3 3 3 3 3 3 3 3 3 3 3 3 3 3 3 3 3 3 3 3 3 3 3 3 3 3 3 3 3 3 3 3 3 3 3 3 3 3 3 3 3 3 3 3 3 3 3 3 3 3 3 3 3 3 3 3 3 3 3 3 3 3 3 3 3 3 3 3 3 3 3 3 3 3 3 3 3 3 3 3 3 3 3 3 3 3 3 3 3 3 3 3 3 3 3 3 3 3 3 3 3 3 3 3 3 3 3 3 3 3 3 3 3 3 3 3 3 3 3 3 3 3 3 3 3 3 3 3 3 3 3 3 3 3 3 3 3 3 3 3 3 3 3 3 3 3 3 3 3 3 3 3 3 3 3 3 3 3 3 3 3 3 3 3 3 3 3 3 3 3 3 3 3 3 3 3 3 3 3 3 3 3 3 3 3 3 3 3 3 3 3 3 3 3 3 3 3 3 3 3 3 3 3 3 3 3 3 3 3 3 3 3 3 3 3 3 3 3 3 3 3 3 3 3 3 3 3 3 3 3 3 3 3 3 3 3 3 3 3 3 3 3 3 3 3 3 3 3 3 3 3 3 3 3 3 3 3 3 3 3 3 3 3 3 3 3 3 3 3 3 3 3 3 3 3 3 3 3 3 3 3 3 3 3 3 3 3 3 3 3 3 3 3 3 3 3 3 3 3 3 3 3 3 3 3 3 3 3 3 3 3 3 3 3 3 3 3 3 3 3 3 3 3 3 3 3 3 3 3 3 3 3 3 3 3 3 3 3 3 3 3 3 3 3 3 3 3 3 3 3 3 3 3 3 3 3 3 3 3 3 3 3 3 3 3 3 3 3 3 3 3 3 3 3 3 3 3 3 3 3 3 3 3 3 3 3 3 3 3 3 3 3 3 3 3 3 3 3 3 3 3 3 3 3 3 3 3 3 3 3 3 3 3 3 3 3 3 3 3 3 3 3 3 3 3 3 3 3 3 3 3 3 3 3 3 3 3 3 3 3 3 3 3 3 3 3 3 3 3 3 3 3 3 3 3 3 3 3 3 3 3 3 3 3 3 3 3 3 3 3 3 3 3 3 3 3 3 3 3 3 3 3 3 3 3 3 3 3 3 3 3 3 3 3 3 3 3 3 3 3 3 3 3 3 3 3 3 3 3 3 3 3 3 3 3 3 3 3 3 3 3 3 3 3 3 3 3 3 3 3 3 3 3 3 3 3 3 3 3 3 3 3 3 3 3 3 3 3 3 3 3 3 3 3 3 3 3 3 3 3 3 3 3 3 3 3 3 3 3 3 3 3 3 3 3 3 3 3 3 3 3 3 3 3 3 3 3 3 3 3 3 3 3 3 3 3 3 3 3 3 3 3 3 3 3 3 3 3 3 3 3 3 3 3 3 3 3 3 3 3 3 3 3 3 3 3 3 3 3 3 3 3 3 3 3 3 3 3 3 3 3 3 3 3 3 3 3 3 3 3 3 3 3 3 3 3 3 3 3 3 3 3 3 3 3 3 3 3 3 3 3 3 3 3 3 3 3 3 3 3 3 3 3 3 3 3 3 3 3 3 3 3 3 3 3 3 3 3 3 3 3 3 3 3 3 3 3 3 3 3 3 3 3 3 3 3 3 3 3 3 3 3 3 3 3 3 3 3 3 3 3 3 3 3 3 3 3 3 3 3 3 3 3 3 3 3 3 3 3 3 3 3 3 3 3 3 3 3 3 3 3 3 3 3 3 3 3 3 3 3 3 3 3 3 3 3 3 3 3 3 3 3 3 3 3 3 3 3 3 3 3 3 3 3 3 3 3 3 3 3 3 3 3 3 3 3 3 3 3 3 3 3 3 3 3 3 3 3 3 3 3 3 3 3 3 3 3 3 3 3 3 3 3 3 3 3 3 3 3 3 3 3 3 3 3 3 3 3 3 3 3 3 3 3 3 3 3 3 3 3 3 3 3 3 3 3 3 3 3 3 3 3 3 3 3 3 3 3 3 3 3 3 3 3 3 3 3 3 3 3 3 3 3 3 3 3 3 3 3 3 3 3 3 3 3 3 3 3 3 3 3 3 3 3 3 3 3 3 3 3 3 3 3 3 3 3 3 3 3 3 3 3 3 3 3 3 3 3 3 3 3 3 3 3 3 3 3 3 3 3 3 3 3 3 3 3 3 3 3 3 3 3 3 3 3 3 3 3 3 3 3 3 3 3 3 3 3 3 3 3 3 3 3 3 3 3 3 3 3 3 3 3 3 3 3 3 3 3 3 3 3 3 3 3 3 3 3 3 3 3 3 3 3 3 3 3 3 3 3 3 3 3 3 3 3 3 3 3 3 3 3 3 3 3 3 3 3 3 3 3 3 3 3 3 3 3 3 3 3 3 3 3 3 3 3 3 3 3 3 3 3 3 3 3 3 3 3 3 3 3 3 3 3 3 3 3 3 3 3 3 3 3 3 3 3 3 3 3 3 3 3 3 3 3 3 3 3 3 3 3 3 3 3 3 3 3 3 3 3 3 3 3 3 3 3 3 3 3 3 3 3 3 3 3 3 3 3 3 3 3 3 3 3 3 3 3 3 3 3 3 3 3 3 3 3 3 3 3 3 3 3 3 3 3 3 3 3 3 3 3 3 3 3 3 3 3 3 3 3 3 3 3 3 3 3 3 3 3 3 3 3 3 3 3 3 3 3 3 3 3 3 3 3 3 3 3 3 3 3 3 3 3 3 3 3 3 3 3 3 3 3 3 3 3 3 3 3 3 3 3 3 3 3 3 3 3 3 3 3 3 3 3 </vcount>
          <p>417 0 0 418 0 1 419 0 2 796 1 3 791 2 4 1100 3 5 796 1 6 1100 3 7 793 4 8 793 4 9 1100 3 10 1096 5 11 759 6 12 748 7 13 761 8 14 761 8 15 748 7 16 753 9 17 761 8 18 753 9 19 752 10 20 761 8 21 752 10 22 760 11 23 760 11 24 752 10 25 740 12 26 740 12 27 752 10 28 736 13 29 736 13 30 752 10 31 739 14 32 736 13 33 739 14 34 737 15 35 736 13 36 737 15 37 738 16 38 738 16 39 737 15 40 796 1 41 738 16 42 796 1 43 795 17 44 795 17 45 796 1 46 793 4 47 795 17 48 793 4 49 792 18 50 792 18 51 793 4 52 794 19 53 794 19 54 793 4 55 1096 5 56 794 19 57 1096 5 58 869 20 59 736 13 60 738 16 61 740 12 62 740 12 63 738 16 64 795 17 65 740 12 66 795 17 67 792 18 68 841 21 69 727 22 70 712 23 71 712 23 72 727 22 73 710 24 74 712 23 75 710 24 76 709 25 77 709 25 78 710 24 79 711 26 80 711 26 81 710 24 82 842 27 83 842 27 84 710 24 85 727 22 86 842 27 87 727 22 88 857 28 89 857 28 90 727 22 91 862 29 92 857 28 93 862 29 94 861 30 95 861 30 96 862 29 97 858 31 98 861 30 99 858 31 100 860 32 101 860 32 102 858 31 103 859 33 104 860 32 105 859 33 106 873 34 107 873 34 108 859 33 109 871 35 110 873 34 111 871 35 112 1099 36 113 1099 36 114 871 35 115 865 37 116 1099 36 117 865 37 118 868 38 119 868 38 120 865 37 121 866 39 122 868 38 123 866 39 124 867 40 125 868 38 126 867 40 127 869 20 128 868 38 129 869 20 130 1101 41 131 1101 41 132 869 20 133 1096 5 134 1101 41 135 1096 5 136 1102 42 137 1102 42 138 1096 5 139 1100 3 140 1102 42 141 1100 3 142 1097 43 143 1097 43 144 1100 3 145 791 2 146 1097 43 147 791 2 148 564 44 149 564 44 150 791 2 151 565 45 152 564 44 153 565 45 154 563 46 155 564 44 156 563 46 157 574 47 158 564 44 159 574 47 160 729 48 161 729 48 162 574 47 163 573 49 164 729 48 165 573 49 166 873 34 167 873 34 168 573 49 169 860 32 170 860 32 171 573 49 172 854 50 173 860 32 174 854 50 175 861 30 176 861 30 177 854 50 178 855 51 179 861 30 180 855 51 181 857 28 182 857 28 183 855 51 184 856 52 185 857 28 186 856 52 187 842 27 188 1098 53 189 564 44 190 729 48 191 1098 53 192 729 48 193 873 34 194 1098 53 195 873 34 196 1099 36 197 1098 53 198 1099 36 199 1097 43 200 1097 43 201 1099 36 202 1102 42 203 1102 42 204 1099 36 205 1101 41 206 1101 41 207 1099 36 208 868 38 209 1098 53 210 1097 43 211 564 44 212 859 33 213 858 31 214 845 54 215 573 49 216 574 47 217 572 55 218 573 49 219 572 55 220 854 50 221 854 50 222 572 55 223 846 56 224 854 50 225 846 56 226 855 51 227 855 51 228 846 56 229 853 57 230 855 51 231 853 57 232 856 52 233 709 25 234 714 58 235 476 59 236 709 25 237 476 59 238 712 23 239 773 60 240 770 61 241 772 62 242 773 60 243 772 62 244 766 63 245 766 63 246 772 62 247 781 64 248 766 63 249 781 64 250 767 65 251 767 65 252 781 64 253 865 37 254 767 65 255 865 37 256 870 66 257 870 66 258 865 37 259 871 35 260 870 66 261 871 35 262 859 33 263 870 66 264 859 33 265 845 54 266 870 66 267 845 54 268 844 67 269 844 67 270 845 54 271 843 68 272 843 68 273 845 54 274 858 31 275 843 68 276 858 31 277 863 69 278 863 69 279 858 31 280 862 29 281 863 69 282 862 29 283 841 21 284 841 21 285 862 29 286 727 22 287 841 21 288 843 68 289 863 69 290 781 64 291 772 62 292 782 70 293 781 64 294 782 70 295 866 39 296 781 64 297 866 39 298 865 37 299 870 66 300 810 71 301 767 65 302 767 65 303 810 71 304 809 72 305 767 65 306 809 72 307 768 73 308 767 65 309 768 73 310 766 63 311 766 63 312 768 73 313 790 74 314 766 63 315 790 74 316 773 60 317 773 60 318 790 74 319 789 75 320 789 75 321 790 74 322 818 76 323 789 75 324 818 76 325 819 77 326 789 75 327 819 77 328 813 78 329 818 76 330 790 74 331 809 72 332 809 72 333 790 74 334 768 73 335 476 59 336 475 79 337 712 23 338 712 23 339 475 79 340 840 80 341 712 23 342 840 80 343 841 21 344 841 21 345 840 80 346 839 81 347 841 21 348 839 81 349 843 68 350 843 68 351 839 81 352 559 82 353 843 68 354 559 82 355 844 67 356 844 67 357 559 82 358 800 83 359 800 83 360 559 82 361 801 84 362 801 84 363 559 82 364 556 85 365 801 84 366 556 85 367 797 86 368 797 86 369 556 85 370 561 87 371 797 86 372 561 87 373 798 88 374 798 88 375 561 87 376 560 89 377 798 88 378 560 89 379 688 90 380 688 90 381 560 89 382 566 91 383 566 91 384 560 89 385 567 92 386 566 91 387 567 92 388 568 93 389 568 93 390 567 92 391 562 94 392 568 93 393 562 94 394 571 95 395 571 95 396 562 94 397 558 96 398 571 95 399 558 96 400 576 97 401 576 97 402 558 96 403 557 98 404 576 97 405 557 98 406 586 99 407 586 99 408 557 98 409 839 81 410 586 99 411 839 81 412 840 80 413 586 99 414 840 80 415 473 100 416 473 100 417 840 80 418 475 79 419 473 100 420 475 79 421 477 101 422 477 101 423 475 79 424 474 102 425 474 102 426 475 79 427 476 59 428 474 102 429 476 59 430 715 103 431 715 103 432 476 59 433 714 58 434 715 103 435 714 58 436 716 104 437 716 104 438 714 58 439 717 105 440 717 105 441 714 58 442 726 106 443 726 106 444 714 58 445 709 25 446 726 106 447 709 25 448 874 107 449 874 107 450 709 25 451 711 26 452 874 107 453 711 26 454 877 108 455 877 108 456 711 26 457 842 27 458 877 108 459 842 27 460 864 109 461 864 109 462 842 27 463 856 52 464 864 109 465 856 52 466 849 110 467 849 110 468 856 52 469 853 57 470 849 110 471 853 57 472 847 111 473 847 111 474 853 57 475 846 56 476 847 111 477 846 56 478 705 112 479 705 112 480 846 56 481 572 55 482 705 112 483 572 55 484 583 113 485 583 113 486 572 55 487 574 47 488 583 113 489 574 47 490 575 114 491 575 114 492 574 47 493 563 46 494 575 114 495 563 46 496 702 115 497 702 115 498 563 46 499 565 45 500 702 115 501 565 45 502 570 116 503 570 116 504 565 45 505 791 2 506 570 116 507 791 2 508 723 117 509 723 117 510 791 2 511 796 1 512 723 117 513 796 1 514 713 118 515 713 118 516 796 1 517 737 15 518 713 118 519 737 15 520 741 119 521 741 119 522 737 15 523 739 14 524 741 119 525 739 14 526 742 120 527 742 120 528 739 14 529 743 121 530 743 121 531 739 14 532 752 10 533 743 121 534 752 10 535 751 122 536 751 122 537 752 10 538 750 123 539 750 123 540 752 10 541 753 9 542 750 123 543 753 9 544 747 124 545 747 124 546 753 9 547 748 7 548 747 124 549 748 7 550 745 125 551 745 125 552 748 7 553 759 6 554 745 125 555 759 6 556 722 126 557 745 125 558 722 126 559 682 127 560 682 127 561 722 126 562 721 128 563 682 127 564 721 128 565 680 129 566 680 129 567 721 128 568 770 61 569 680 129 570 770 61 571 769 130 572 769 130 573 770 61 574 773 60 575 769 130 576 773 60 577 787 131 578 787 131 579 773 60 580 789 75 581 787 131 582 789 75 583 788 132 584 788 132 585 789 75 586 813 78 587 788 132 588 813 78 589 764 133 590 764 133 591 813 78 592 806 134 593 764 133 594 806 134 595 762 135 596 762 135 597 806 134 598 808 136 599 762 135 600 808 136 601 775 137 602 775 137 603 808 136 604 777 138 605 775 137 606 777 138 607 776 139 608 775 137 609 776 139 610 774 140 611 774 140 612 776 139 613 925 141 614 774 140 615 925 141 616 921 142 617 921 142 618 925 141 619 924 143 620 921 142 621 924 143 622 923 144 623 923 144 624 924 143 625 919 145 626 923 144 627 919 145 628 918 146 629 918 146 630 919 145 631 706 147 632 918 146 633 706 147 634 725 148 635 725 148 636 706 147 637 724 149 638 725 148 639 724 149 640 786 150 641 786 150 642 724 149 643 787 131 644 786 150 645 787 131 646 788 132 647 786 150 648 788 132 649 763 151 650 763 151 651 788 132 652 764 133 653 763 151 654 764 133 655 762 135 656 763 151 657 762 135 658 922 152 659 922 152 660 762 135 661 774 140 662 922 152 663 774 140 664 921 142 665 922 152 666 921 142 667 918 146 668 918 146 669 921 142 670 923 144 671 725 148 672 786 150 673 763 151 674 725 148 675 763 151 676 918 146 677 918 146 678 763 151 679 922 152 680 775 137 681 774 140 682 762 135 683 559 82 684 839 81 685 557 98 686 559 82 687 557 98 688 556 85 689 556 85 690 557 98 691 558 96 692 556 85 693 558 96 694 561 87 695 561 87 696 558 96 697 562 94 698 561 87 699 562 94 700 560 89 701 560 89 702 562 94 703 567 92 704 817 153 705 777 138 706 808 136 707 723 117 708 713 118 709 577 154 710 723 117 711 577 154 712 570 116 713 477 101 714 471 155 715 473 100 716 798 88 717 688 90 718 799 156 719 787 131 720 724 149 721 769 130 722 769 130 723 724 149 724 681 157 725 769 130 726 681 157 727 680 129 728 680 129 729 681 157 730 679 158 731 680 129 732 679 158 733 682 127 734 682 127 735 679 158 736 732 159 737 732 159 738 679 158 739 706 147 740 732 159 741 706 147 742 735 160 743 735 160 744 706 147 745 919 145 746 724 149 747 706 147 748 681 157 749 681 157 750 706 147 751 679 158 752 576 97 753 586 99 754 585 161 755 585 161 756 586 99 757 473 100 758 585 161 759 473 100 760 472 162 761 472 162 762 473 100 763 471 155 764 472 162 765 471 155 766 691 163 767 746 164 768 747 124 769 745 125 770 746 164 771 745 125 772 731 165 773 731 165 774 745 125 775 682 127 776 731 165 777 682 127 778 732 159 779 731 165 780 732 159 781 734 166 782 734 166 783 732 159 784 735 160 785 734 166 786 735 160 787 733 167 788 733 167 789 735 160 790 919 145 791 733 167 792 919 145 793 920 168 794 920 168 795 919 145 796 924 143 797 742 120 798 582 169 799 741 119 800 741 119 801 582 169 802 581 170 803 741 119 804 581 170 805 713 118 806 713 118 807 581 170 808 553 171 809 713 118 810 553 171 811 577 154 812 577 154 813 553 171 814 555 172 815 577 154 816 555 172 817 570 116 818 570 116 819 555 172 820 569 173 821 570 116 822 569 173 823 702 115 824 702 115 825 569 173 826 703 174 827 702 115 828 703 174 829 575 114 830 575 114 831 703 174 832 584 175 833 575 114 834 584 175 835 583 113 836 583 113 837 584 175 838 579 176 839 583 113 840 579 176 841 705 112 842 705 112 843 579 176 844 708 177 845 705 112 846 708 177 847 847 111 848 847 111 849 708 177 850 848 178 851 847 111 852 848 178 853 849 110 854 849 110 855 848 178 856 850 179 857 849 110 858 850 179 859 864 109 860 864 109 861 850 179 862 878 180 863 864 109 864 878 180 865 875 181 866 875 181 867 878 180 868 876 182 869 875 181 870 876 182 871 874 107 872 875 181 873 874 107 874 877 108 875 875 181 876 877 108 877 864 109 878 581 170 879 582 169 880 554 183 881 581 170 882 554 183 883 553 171 884 553 171 885 554 183 886 552 184 887 553 171 888 552 184 889 555 172 890 555 172 891 552 184 892 707 185 893 555 172 894 707 185 895 569 173 896 569 173 897 707 185 898 703 174 899 703 174 900 707 185 901 704 186 902 703 174 903 704 186 904 584 175 905 584 175 906 704 186 907 580 187 908 584 175 909 580 187 910 579 176 911 579 176 912 580 187 913 578 188 914 579 176 915 578 188 916 708 177 917 708 177 918 578 188 919 728 189 920 708 177 921 728 189 922 848 178 923 848 178 924 728 189 925 852 190 926 848 178 927 852 190 928 851 191 929 848 178 930 851 191 931 850 179 932 850 179 933 851 191 934 879 192 935 850 179 936 879 192 937 878 180 938 878 180 939 879 192 940 876 182 941 1047 193 942 964 194 943 967 195 944 1047 193 945 967 195 946 1001 196 947 1001 196 948 967 195 949 1002 197 950 1001 196 951 1002 197 952 991 198 953 1001 196 954 991 198 955 958 199 956 1001 196 957 958 199 958 1046 200 959 1046 200 960 958 199 961 957 201 962 1046 200 963 1047 193 964 1001 196 965 952 202 966 954 203 967 956 204 968 956 204 969 954 203 970 955 205 971 955 205 972 954 203 973 999 206 974 999 206 975 954 203 976 1047 193 977 1047 193 978 954 203 979 953 207 980 1047 193 981 953 207 982 964 194 983 964 194 984 953 207 985 1060 208 986 964 194 987 1060 208 988 1062 209 989 1062 209 990 1060 208 991 1063 210 992 1063 210 993 1060 208 994 1081 211 995 1063 210 996 1081 211 997 974 212 998 1066 213 999 1081 211 1000 1060 208 1001 1066 213 1002 1060 208 1003 953 207 1004 1066 213 1005 953 207 1006 952 202 1007 952 202 1008 953 207 1009 954 203 1010 986 214 1011 985 215 1012 972 216 1013 972 216 1014 985 215 1015 988 217 1016 988 217 1017 985 215 1018 987 218 1019 988 217 1020 987 218 1021 992 219 1022 992 219 1023 987 218 1024 993 220 1025 992 219 1026 993 220 1027 960 221 1028 992 219 1029 960 221 1030 959 222 1031 959 222 1032 960 221 1033 957 201 1034 959 222 1035 957 201 1036 958 199 1037 959 222 1038 958 199 1039 989 223 1040 989 223 1041 958 199 1042 991 198 1043 989 223 1044 991 198 1045 990 224 1046 990 224 1047 991 198 1048 1002 197 1049 990 224 1050 1002 197 1051 950 225 1052 950 225 1053 1002 197 1054 967 195 1055 950 225 1056 967 195 1057 966 226 1058 966 226 1059 967 195 1060 964 194 1061 966 226 1062 964 194 1063 965 227 1064 965 227 1065 964 194 1066 1064 228 1067 1064 228 1068 964 194 1069 1062 209 1070 1064 228 1071 1062 209 1072 1061 229 1073 1061 229 1074 1062 209 1075 1063 210 1076 1061 229 1077 1063 210 1078 1071 230 1079 1071 230 1080 1063 210 1081 974 212 1082 1071 230 1083 974 212 1084 980 231 1085 980 231 1086 974 212 1087 976 232 1088 980 231 1089 976 232 1090 981 233 1091 981 233 1092 976 232 1093 978 234 1094 981 233 1095 978 234 1096 997 235 1097 997 235 1098 978 234 1099 977 236 1100 977 236 1101 978 234 1102 970 237 1103 970 237 1104 978 234 1105 968 238 1106 970 237 1107 968 238 1108 969 239 1109 969 239 1110 968 238 1111 961 240 1112 969 239 1113 961 240 1114 963 241 1115 963 241 1116 961 240 1117 962 242 1118 962 242 1119 961 240 1120 994 243 1121 962 242 1122 994 243 1123 996 244 1124 996 244 1125 994 243 1126 995 245 1127 996 244 1128 995 245 1129 1000 246 1130 1000 246 1131 995 245 1132 998 247 1133 1000 246 1134 998 247 1135 1029 248 1136 1029 248 1137 998 247 1138 975 249 1139 1029 248 1140 975 249 1141 1041 250 1142 1041 250 1143 975 249 1144 979 251 1145 1041 250 1146 979 251 1147 1037 252 1148 1037 252 1149 979 251 1150 1036 253 1151 1037 252 1152 1036 253 1153 1038 254 1154 1038 254 1155 1036 253 1156 1039 255 1157 1038 254 1158 1039 255 1159 1040 256 1160 1040 256 1161 1039 255 1162 1072 257 1163 1072 257 1164 1039 255 1165 1081 211 1166 1081 211 1167 1039 255 1168 1036 253 1169 1081 211 1170 1036 253 1171 974 212 1172 974 212 1173 1036 253 1174 979 251 1175 974 212 1176 979 251 1177 975 249 1178 974 212 1179 975 249 1180 976 232 1181 976 232 1182 975 249 1183 998 247 1184 976 232 1185 998 247 1186 995 245 1187 976 232 1188 995 245 1189 982 258 1190 982 258 1191 995 245 1192 994 243 1193 982 258 1194 994 243 1195 961 240 1196 982 258 1197 961 240 1198 968 238 1199 982 258 1200 968 238 1201 978 234 1202 982 258 1203 978 234 1204 976 232 1205 985 215 1206 986 214 1207 987 218 1208 990 224 1209 973 259 1210 989 223 1211 992 219 1212 959 222 1213 989 223 1214 992 219 1215 989 223 1216 988 217 1217 988 217 1218 989 223 1219 973 259 1220 988 217 1221 973 259 1222 972 216 1223 972 216 1224 973 259 1225 971 260 1226 971 260 1227 973 259 1228 1003 261 1229 1003 261 1230 973 259 1231 1048 262 1232 1048 262 1233 973 259 1234 990 224 1235 1048 262 1236 990 224 1237 950 225 1238 966 226 1239 951 263 1240 950 225 1241 950 225 1242 951 263 1243 949 264 1244 950 225 1245 949 264 1246 948 265 1247 948 265 1248 949 264 1249 947 266 1250 947 266 1251 949 264 1252 984 267 1253 984 267 1254 949 264 1255 951 263 1256 984 267 1257 951 263 1258 983 268 1259 983 268 1260 951 263 1261 965 227 1262 983 268 1263 965 227 1264 1052 269 1265 1052 269 1266 965 227 1267 1064 228 1268 1052 269 1269 1064 228 1270 1065 270 1271 1065 270 1272 1064 228 1273 1061 229 1274 981 233 1275 997 235 1276 980 231 1277 980 231 1278 997 235 1279 1023 271 1280 980 231 1281 1023 271 1282 1024 272 1283 1024 272 1284 1023 271 1285 1026 273 1286 1024 272 1287 1026 273 1288 1027 274 1289 1024 272 1290 1027 274 1291 1028 275 1292 1024 272 1293 1028 275 1294 1025 276 1295 1024 272 1296 1025 276 1297 980 231 1298 980 231 1299 1025 276 1300 1076 277 1301 980 231 1302 1076 277 1303 1071 230 1304 802 278 1305 803 279 1306 804 280 1307 802 278 1308 804 280 1309 805 281 1310 805 281 1311 804 280 1312 807 282 1313 805 281 1314 807 282 1315 827 283 1316 805 281 1317 827 283 1318 826 284 1319 805 281 1320 826 284 1321 802 278 1322 802 278 1323 826 284 1324 825 285 1325 802 278 1326 825 285 1327 811 286 1328 811 286 1329 825 285 1330 824 287 1331 811 286 1332 824 287 1333 823 288 1334 811 286 1335 823 288 1336 814 289 1337 814 289 1338 823 288 1339 822 290 1340 814 289 1341 822 290 1342 820 291 1343 814 289 1344 820 291 1345 816 292 1346 816 292 1347 820 291 1348 821 293 1349 816 292 1350 821 293 1351 872 294 1352 816 292 1353 872 294 1354 829 295 1355 816 292 1356 829 295 1357 828 296 1358 816 292 1359 828 296 1360 815 297 1361 816 292 1362 815 297 1363 814 289 1364 814 289 1365 815 297 1366 812 298 1367 814 289 1368 812 298 1369 811 286 1370 811 286 1371 812 298 1372 803 279 1373 811 286 1374 803 279 1375 802 278 1376 830 299 1377 831 300 1378 832 301 1379 832 301 1380 831 300 1381 833 302 1382 832 301 1383 833 302 1384 834 303 1385 834 303 1386 833 302 1387 836 304 1388 834 303 1389 836 304 1390 835 305 1391 835 305 1392 836 304 1393 838 306 1394 835 305 1395 838 306 1396 837 307 1397 837 307 1398 838 306 1399 885 308 1400 837 307 1401 885 308 1402 884 309 1403 884 309 1404 885 308 1405 889 310 1406 889 310 1407 885 308 1408 892 311 1409 889 310 1410 892 311 1411 886 312 1412 886 312 1413 892 311 1414 887 313 1415 886 312 1416 887 313 1417 828 296 1418 828 296 1419 887 313 1420 888 314 1421 888 314 1422 887 313 1423 882 315 1424 888 314 1425 882 315 1426 883 316 1427 883 316 1428 882 315 1429 881 317 1430 881 317 1431 882 315 1432 880 318 1433 880 318 1434 882 315 1435 897 319 1436 880 318 1437 897 319 1438 910 320 1439 910 320 1440 897 319 1441 891 321 1442 910 320 1443 891 321 1444 908 322 1445 908 322 1446 891 321 1447 836 304 1448 908 322 1449 836 304 1450 909 323 1451 909 323 1452 836 304 1453 833 302 1454 909 323 1455 833 302 1456 904 324 1457 904 324 1458 833 302 1459 905 325 1460 904 324 1461 905 325 1462 906 326 1463 906 326 1464 905 325 1465 907 327 1466 906 326 1467 907 327 1468 902 328 1469 902 328 1470 907 327 1471 900 329 1472 902 328 1473 900 329 1474 901 330 1475 902 328 1476 901 330 1477 903 331 1478 903 331 1479 901 330 1480 899 332 1481 903 331 1482 899 332 1483 898 333 1484 898 333 1485 899 332 1486 880 318 1487 898 333 1488 880 318 1489 910 320 1490 898 333 1491 910 320 1492 911 334 1493 911 334 1494 910 320 1495 909 323 1496 911 334 1497 909 323 1498 904 324 1499 911 334 1500 904 324 1501 906 326 1502 911 334 1503 906 326 1504 903 331 1505 903 331 1506 906 326 1507 902 328 1508 838 306 1509 836 304 1510 891 321 1511 903 331 1512 898 333 1513 911 334 1514 831 300 1515 905 325 1516 833 302 1517 908 322 1518 909 323 1519 910 320 1520 886 312 1521 915 335 1522 889 310 1523 885 308 1524 838 306 1525 890 336 1526 890 336 1527 838 306 1528 891 321 1529 890 336 1530 891 321 1531 897 319 1532 890 336 1533 897 319 1534 896 337 1535 896 337 1536 897 319 1537 882 315 1538 896 337 1539 882 315 1540 887 313 1541 896 337 1542 887 313 1543 892 311 1544 896 337 1545 892 311 1546 890 336 1547 916 338 1548 881 317 1549 917 338 1550 92 339 1551 93 340 1552 94 341 1553 93 340 1554 92 339 1555 231 342 1556 231 342 1557 92 339 1558 104 343 1559 104 343 1560 92 339 1561 102 344 1562 102 344 1563 92 339 1564 94 341 1565 102 344 1566 94 341 1567 258 345 1568 258 345 1569 94 341 1570 1094 346 1571 258 345 1572 1094 346 1573 397 347 1574 258 345 1575 397 347 1576 103 348 1577 103 348 1578 397 347 1579 387 349 1580 387 349 1581 397 347 1582 386 350 1583 387 349 1584 386 350 1585 385 351 1586 385 351 1587 386 350 1588 371 352 1589 385 351 1590 371 352 1591 370 353 1592 385 351 1593 370 353 1594 390 354 1595 102 344 1596 258 345 1597 103 348 1598 217 355 1599 95 356 1600 89 357 1601 217 355 1602 89 357 1603 325 358 1604 325 358 1605 89 357 1606 91 359 1607 325 358 1608 91 359 1609 324 360 1610 324 360 1611 91 359 1612 85 361 1613 324 360 1614 85 361 1615 328 362 1616 328 362 1617 85 361 1618 88 363 1619 328 362 1620 88 363 1621 327 364 1622 327 364 1623 88 363 1624 372 365 1625 372 365 1626 88 363 1627 370 353 1628 372 365 1629 370 353 1630 371 352 1631 372 365 1632 371 352 1633 395 366 1634 395 366 1635 371 352 1636 386 350 1637 395 366 1638 386 350 1639 1090 367 1640 1090 367 1641 386 350 1642 397 347 1643 1090 367 1644 397 347 1645 1095 368 1646 1095 368 1647 397 347 1648 1094 346 1649 1095 368 1650 1094 346 1651 1092 369 1652 1092 369 1653 1094 346 1654 94 341 1655 1092 369 1656 94 341 1657 1088 370 1658 1088 370 1659 94 341 1660 93 340 1661 1088 370 1662 93 340 1663 98 371 1664 98 371 1665 93 340 1666 231 342 1667 98 371 1668 231 342 1669 99 372 1670 99 372 1671 231 342 1672 232 373 1673 232 373 1674 231 342 1675 104 343 1676 232 373 1677 104 343 1678 112 374 1679 112 374 1680 104 343 1681 113 375 1682 112 374 1683 113 375 1684 109 376 1685 109 376 1686 113 375 1687 234 377 1688 109 376 1689 234 377 1690 237 378 1691 237 378 1692 234 377 1693 374 379 1694 237 378 1695 374 379 1696 376 380 1697 376 380 1698 374 379 1699 377 381 1700 376 380 1701 377 381 1702 375 382 1703 375 382 1704 377 381 1705 391 383 1706 375 382 1707 391 383 1708 402 384 1709 402 384 1710 391 383 1711 399 385 1712 399 385 1713 391 383 1714 401 386 1715 401 386 1716 391 383 1717 369 387 1718 369 387 1719 391 383 1720 383 388 1721 369 387 1722 383 388 1723 384 389 1724 384 389 1725 383 388 1726 381 390 1727 384 389 1728 381 390 1729 388 391 1730 388 391 1731 381 390 1732 382 392 1733 382 392 1734 381 390 1735 373 393 1736 382 392 1737 373 393 1738 101 394 1739 101 394 1740 373 393 1741 234 377 1742 101 394 1743 234 377 1744 113 375 1745 374 379 1746 234 377 1747 373 393 1748 374 379 1749 373 393 1750 380 395 1751 380 395 1752 373 393 1753 381 390 1754 380 395 1755 381 390 1756 383 388 1757 380 395 1758 383 388 1759 377 381 1760 377 381 1761 383 388 1762 391 383 1763 377 381 1764 374 379 1765 380 395 1766 1095 368 1767 1089 396 1768 1090 367 1769 1090 367 1770 1089 396 1771 395 366 1772 384 389 1773 256 397 1774 369 387 1775 325 358 1776 326 398 1777 217 355 1778 384 389 1779 388 391 1780 389 399 1781 384 389 1782 389 399 1783 256 397 1784 256 397 1785 389 399 1786 368 400 1787 98 371 1788 252 401 1789 1088 370 1790 1088 370 1791 252 401 1792 323 402 1793 1088 370 1794 323 402 1795 1091 403 1796 1088 370 1797 1091 403 1798 1092 369 1799 1092 369 1800 1091 403 1801 1093 404 1802 1092 369 1803 1093 404 1804 1095 368 1805 336 405 1806 337 406 1807 295 407 1808 295 407 1809 337 406 1810 395 366 1811 295 407 1812 395 366 1813 1089 396 1814 295 407 1815 1089 396 1816 296 408 1817 113 375 1818 104 343 1819 102 344 1820 113 375 1821 102 344 1822 101 394 1823 101 394 1824 102 344 1825 103 348 1826 101 394 1827 103 348 1828 382 392 1829 382 392 1830 103 348 1831 387 349 1832 382 392 1833 387 349 1834 388 391 1835 388 391 1836 387 349 1837 385 351 1838 388 391 1839 385 351 1840 389 399 1841 389 399 1842 385 351 1843 390 354 1844 389 399 1845 390 354 1846 368 400 1847 368 400 1848 390 354 1849 370 353 1850 368 400 1851 370 353 1852 366 409 1853 366 409 1854 370 353 1855 88 363 1856 366 409 1857 88 363 1858 87 410 1859 87 410 1860 88 363 1861 85 361 1862 87 410 1863 85 361 1864 86 411 1865 86 411 1866 85 361 1867 91 359 1868 86 411 1869 91 359 1870 90 412 1871 90 412 1872 91 359 1873 89 357 1874 90 412 1875 89 357 1876 97 413 1877 97 413 1878 89 357 1879 95 356 1880 97 413 1881 95 356 1882 96 414 1883 97 413 1884 96 414 1885 90 412 1886 90 412 1887 96 414 1888 100 415 1889 90 412 1890 100 415 1891 86 411 1892 86 411 1893 100 415 1894 105 416 1895 86 411 1896 105 416 1897 87 410 1898 87 410 1899 105 416 1900 115 417 1901 87 410 1902 115 417 1903 366 409 1904 366 409 1905 115 417 1906 367 418 1907 366 409 1908 367 418 1909 368 400 1910 368 400 1911 367 418 1912 241 419 1913 368 400 1914 241 419 1915 256 397 1916 256 397 1917 241 419 1918 240 420 1919 256 397 1920 240 420 1921 369 387 1922 369 387 1923 240 420 1924 239 421 1925 369 387 1926 239 421 1927 401 386 1928 401 386 1929 239 421 1930 398 422 1931 401 386 1932 398 422 1933 399 385 1934 399 385 1935 398 422 1936 400 423 1937 399 385 1938 400 423 1939 402 384 1940 402 384 1941 400 423 1942 403 424 1943 402 384 1944 403 424 1945 375 382 1946 375 382 1947 403 424 1948 378 425 1949 375 382 1950 378 425 1951 376 380 1952 376 380 1953 378 425 1954 379 426 1955 376 380 1956 379 426 1957 257 427 1958 376 380 1959 257 427 1960 237 378 1961 237 378 1962 257 427 1963 107 428 1964 237 378 1965 107 428 1966 109 376 1967 109 376 1968 107 428 1969 108 429 1970 109 376 1971 108 429 1972 112 374 1973 112 374 1974 108 429 1975 233 430 1976 112 374 1977 233 430 1978 232 373 1979 232 373 1980 233 430 1981 236 431 1982 232 373 1983 236 431 1984 99 372 1985 99 372 1986 236 431 1987 84 432 1988 99 372 1989 84 432 1990 98 371 1991 98 371 1992 84 432 1993 106 433 1994 98 371 1995 106 433 1996 252 401 1997 252 401 1998 106 433 1999 242 434 2000 252 401 2001 242 434 2002 323 402 2003 323 402 2004 242 434 2005 267 435 2006 323 402 2007 267 435 2008 266 436 2009 266 436 2010 267 435 2011 265 437 2012 266 436 2013 265 437 2014 269 438 2015 269 438 2016 265 437 2017 280 439 2018 269 438 2019 280 439 2020 289 440 2021 289 440 2022 280 439 2023 288 441 2024 288 441 2025 280 439 2026 282 442 2027 288 441 2028 282 442 2029 276 443 2030 276 443 2031 282 442 2032 277 444 2033 276 443 2034 277 444 2035 274 445 2036 274 445 2037 277 444 2038 275 446 2039 274 445 2040 275 446 2041 260 447 2042 274 445 2043 260 447 2044 211 448 2045 211 448 2046 260 447 2047 261 449 2048 211 448 2049 261 449 2050 208 450 2051 208 450 2052 261 449 2053 235 451 2054 208 450 2055 235 451 2056 209 452 2057 209 452 2058 235 451 2059 253 453 2060 209 452 2061 253 453 2062 298 454 2063 298 454 2064 253 453 2065 315 455 2066 298 454 2067 315 455 2068 301 456 2069 301 456 2070 315 455 2071 317 457 2072 301 456 2073 317 457 2074 318 458 2075 318 458 2076 317 457 2077 345 459 2078 318 458 2079 345 459 2080 336 405 2081 318 458 2082 336 405 2083 310 460 2084 310 460 2085 336 405 2086 295 407 2087 310 460 2088 295 407 2089 297 461 2090 297 461 2091 295 407 2092 296 408 2093 297 461 2094 296 408 2095 302 462 2096 302 462 2097 296 408 2098 311 463 2099 311 463 2100 296 408 2101 392 464 2102 392 464 2103 296 408 2104 1089 396 2105 392 464 2106 1089 396 2107 393 465 2108 393 465 2109 1089 396 2110 1095 368 2111 393 465 2112 1095 368 2113 1087 466 2114 1087 466 2115 1095 368 2116 1093 404 2117 1087 466 2118 1093 404 2119 1085 467 2120 1085 467 2121 1093 404 2122 1091 403 2123 1085 467 2124 1091 403 2125 321 468 2126 321 468 2127 1091 403 2128 323 402 2129 321 468 2130 323 402 2131 322 469 2132 322 469 2133 323 402 2134 266 436 2135 322 469 2136 266 436 2137 269 438 2138 322 469 2139 269 438 2140 319 470 2141 322 469 2142 319 470 2143 321 468 2144 321 468 2145 319 470 2146 320 471 2147 321 468 2148 320 471 2149 1085 467 2150 1085 467 2151 320 471 2152 1086 472 2153 1085 467 2154 1086 472 2155 1087 466 2156 1087 466 2157 1086 472 2158 393 465 2159 393 465 2160 1086 472 2161 394 473 2162 393 465 2163 394 473 2164 392 464 2165 260 447 2166 264 474 2167 261 449 2168 318 458 2169 310 460 2170 297 461 2171 318 458 2172 297 461 2173 301 456 2174 301 456 2175 297 461 2176 302 462 2177 301 456 2178 302 462 2179 299 475 2180 301 456 2181 299 475 2182 298 454 2183 298 454 2184 299 475 2185 210 476 2186 210 476 2187 299 475 2188 250 477 2189 210 476 2190 250 477 2191 211 448 2192 211 448 2193 250 477 2194 251 478 2195 211 448 2196 251 478 2197 274 445 2198 274 445 2199 251 478 2200 287 479 2201 274 445 2202 287 479 2203 276 443 2204 276 443 2205 287 479 2206 288 441 2207 298 454 2208 210 476 2209 209 452 2210 209 452 2211 210 476 2212 208 450 2213 208 450 2214 210 476 2215 211 448 2216 242 434 2217 270 480 2218 267 435 2219 267 435 2220 270 480 2221 268 481 2222 267 435 2223 268 481 2224 265 437 2225 265 437 2226 268 481 2227 280 439 2228 236 431 2229 81 482 2230 84 432 2231 84 432 2232 81 482 2233 83 483 2234 84 432 2235 83 483 2236 106 433 2237 106 433 2238 83 483 2239 242 434 2240 242 434 2241 83 483 2242 111 484 2243 242 434 2244 111 484 2245 270 480 2246 270 480 2247 111 484 2248 110 485 2249 270 480 2250 110 485 2251 271 486 2252 270 480 2253 271 486 2254 268 481 2255 268 481 2256 271 486 2257 272 487 2258 268 481 2259 272 487 2260 280 439 2261 280 439 2262 272 487 2263 281 488 2264 280 439 2265 281 488 2266 279 489 2267 280 439 2268 279 489 2269 282 442 2270 282 442 2271 279 489 2272 277 444 2273 81 482 2274 82 490 2275 83 483 2276 83 483 2277 82 490 2278 111 484 2279 111 484 2280 82 490 2281 110 485 2282 317 457 2283 340 491 2284 346 492 2285 317 457 2286 346 492 2287 345 459 2288 264 474 2289 262 493 2290 263 494 2291 264 474 2292 263 494 2293 261 449 2294 261 449 2295 263 494 2296 235 451 2297 235 451 2298 263 494 2299 443 495 2300 443 495 2301 263 494 2302 262 493 2303 443 495 2304 262 493 2305 444 496 2306 443 495 2307 444 496 2308 448 497 2309 293 498 2310 446 499 2311 291 500 2312 293 498 2313 291 500 2314 292 501 2315 292 501 2316 291 500 2317 333 502 2318 292 501 2319 333 502 2320 340 491 2321 292 501 2322 340 491 2323 316 503 2324 316 503 2325 340 491 2326 317 457 2327 316 503 2328 317 457 2329 315 455 2330 316 503 2331 315 455 2332 314 504 2333 314 504 2334 315 455 2335 253 453 2336 314 504 2337 253 453 2338 254 505 2339 254 505 2340 253 453 2341 235 451 2342 254 505 2343 235 451 2344 442 506 2345 442 506 2346 235 451 2347 443 495 2348 442 506 2349 443 495 2350 447 507 2351 447 507 2352 443 495 2353 448 497 2354 447 507 2355 448 497 2356 445 508 2357 445 508 2358 448 497 2359 449 509 2360 445 508 2361 449 509 2362 303 510 2363 303 510 2364 449 509 2365 304 511 2366 303 510 2367 304 511 2368 305 512 2369 305 512 2370 304 511 2371 306 513 2372 305 512 2373 306 513 2374 335 514 2375 335 514 2376 306 513 2377 344 515 2378 291 500 2379 305 512 2380 335 514 2381 291 500 2382 335 514 2383 333 502 2384 442 506 2385 446 499 2386 293 498 2387 442 506 2388 293 498 2389 254 505 2390 254 505 2391 293 498 2392 314 504 2393 314 504 2394 293 498 2395 316 503 2396 316 503 2397 293 498 2398 292 501 2399 442 506 2400 447 507 2401 445 508 2402 442 506 2403 445 508 2404 446 499 2405 446 499 2406 445 508 2407 303 510 2408 446 499 2409 303 510 2410 291 500 2411 291 500 2412 303 510 2413 305 512 2414 114 516 2415 2 517 2416 1 518 2417 1 518 2418 2 517 2419 0 519 2420 1 518 2421 0 519 2422 6 520 2423 1 518 2424 6 520 2425 5 521 2426 5 521 2427 6 520 2428 3 522 2429 5 521 2430 3 522 2431 4 523 2432 4 523 2433 3 522 2434 243 524 2435 4 523 2436 243 524 2437 244 525 2438 244 525 2439 243 524 2440 245 526 2441 244 525 2442 245 526 2443 246 527 2444 244 525 2445 246 527 2446 255 528 2447 244 525 2448 255 528 2449 238 529 2450 238 529 2451 255 528 2452 398 422 2453 238 529 2454 398 422 2455 239 421 2456 238 529 2457 239 421 2458 240 420 2459 238 529 2460 240 420 2461 241 419 2462 238 529 2463 241 419 2464 4 523 2465 4 523 2466 241 419 2467 5 521 2468 5 521 2469 241 419 2470 367 418 2471 5 521 2472 367 418 2473 1 518 2474 1 518 2475 367 418 2476 115 417 2477 1 518 2478 115 417 2479 114 516 2480 114 516 2481 115 417 2482 105 416 2483 4 523 2484 244 525 2485 238 529 2486 0 519 2487 2 517 2488 220 530 2489 40 531 2490 47 532 2491 46 533 2492 224 534 2493 223 535 2494 29 536 2495 29 536 2496 223 535 2497 67 537 2498 29 536 2499 67 537 2500 37 538 2501 29 536 2502 37 538 2503 27 539 2504 27 539 2505 37 538 2506 61 540 2507 27 539 2508 61 540 2509 54 541 2510 54 541 2511 61 540 2512 63 542 2513 54 541 2514 63 542 2515 58 543 2516 54 541 2517 58 543 2518 53 544 2519 54 541 2520 53 544 2521 23 545 2522 54 541 2523 23 545 2524 27 539 2525 27 539 2526 23 545 2527 22 546 2528 27 539 2529 22 546 2530 28 547 2531 28 547 2532 22 546 2533 25 548 2534 28 547 2535 25 548 2536 31 549 2537 31 549 2538 25 548 2539 65 550 2540 31 549 2541 65 550 2542 32 551 2543 32 551 2544 65 550 2545 48 552 2546 32 551 2547 48 552 2548 38 553 2549 38 553 2550 48 552 2551 39 554 2552 38 553 2553 39 554 2554 40 531 2555 38 553 2556 40 531 2557 41 555 2558 41 555 2559 40 531 2560 46 533 2561 41 555 2562 46 533 2563 51 556 2564 41 555 2565 51 556 2566 50 557 2567 50 557 2568 51 556 2569 230 558 2570 50 557 2571 230 558 2572 228 559 2573 228 559 2574 230 558 2575 229 560 2576 228 559 2577 229 560 2578 225 561 2579 225 561 2580 229 560 2581 75 562 2582 225 561 2583 75 562 2584 226 563 2585 226 563 2586 75 562 2587 74 564 2588 226 563 2589 74 564 2590 221 565 2591 221 565 2592 74 564 2593 71 566 2594 221 565 2595 71 566 2596 222 567 2597 222 567 2598 71 566 2599 70 568 2600 70 568 2601 71 566 2602 19 569 2603 70 568 2604 19 569 2605 72 570 2606 72 570 2607 19 569 2608 18 571 2609 72 570 2610 18 571 2611 60 572 2612 60 572 2613 18 571 2614 55 573 2615 55 573 2616 18 571 2617 17 574 2618 55 573 2619 17 574 2620 59 575 2621 59 575 2622 17 574 2623 20 576 2624 59 575 2625 20 576 2626 76 577 2627 76 577 2628 20 576 2629 74 564 2630 76 577 2631 74 564 2632 75 562 2633 76 577 2634 75 562 2635 212 578 2636 212 578 2637 75 562 2638 229 560 2639 17 574 2640 18 571 2641 19 569 2642 17 574 2643 19 569 2644 20 576 2645 20 576 2646 19 569 2647 71 566 2648 20 576 2649 71 566 2650 74 564 2651 50 557 2652 38 553 2653 41 555 2654 222 567 2655 223 535 2656 221 565 2657 221 565 2658 223 535 2659 224 534 2660 221 565 2661 224 534 2662 226 563 2663 226 563 2664 224 534 2665 227 579 2666 226 563 2667 227 579 2668 225 561 2669 225 561 2670 227 579 2671 228 559 2672 228 559 2673 227 579 2674 50 557 2675 50 557 2676 227 579 2677 30 580 2678 50 557 2679 30 580 2680 38 553 2681 38 553 2682 30 580 2683 32 551 2684 32 551 2685 30 580 2686 31 549 2687 31 549 2688 30 580 2689 227 579 2690 31 549 2691 227 579 2692 224 534 2693 31 549 2694 224 534 2695 28 547 2696 28 547 2697 224 534 2698 29 536 2699 28 547 2700 29 536 2701 27 539 2702 22 546 2703 23 545 2704 21 581 2705 22 546 2706 21 581 2707 25 548 2708 25 548 2709 21 581 2710 24 582 2711 25 548 2712 24 582 2713 65 550 2714 65 550 2715 24 582 2716 219 583 2717 65 550 2718 219 583 2719 48 552 2720 212 578 2721 213 584 2722 76 577 2723 76 577 2724 213 584 2725 59 575 2726 59 575 2727 213 584 2728 68 585 2729 59 575 2730 68 585 2731 69 586 2732 1049 587 2733 1050 587 2734 1051 587 2735 672 588 2736 673 589 2737 674 590 2738 672 588 2739 674 590 2740 668 591 2741 668 591 2742 674 590 2743 669 592 2744 668 591 2745 640 593 2746 672 588 2747 639 594 2748 640 593 2749 638 595 2750 638 595 2751 640 593 2752 668 591 2753 638 595 2754 668 591 2755 633 596 2756 633 596 2757 668 591 2758 669 592 2759 633 596 2760 669 592 2761 670 597 2762 633 596 2763 670 597 2764 631 598 2765 631 598 2766 670 597 2767 671 599 2768 631 598 2769 671 599 2770 648 600 2771 648 600 2772 671 599 2773 662 601 2774 648 600 2775 662 601 2776 637 602 2777 637 602 2778 662 601 2779 653 603 2780 637 602 2781 653 603 2782 644 604 2783 644 604 2784 653 603 2785 642 605 2786 644 604 2787 642 605 2788 643 606 2789 643 606 2790 642 605 2791 647 607 2792 643 606 2793 647 607 2794 659 608 2795 659 608 2796 647 607 2797 678 609 2798 659 608 2799 678 609 2800 591 610 2801 591 610 2802 678 609 2803 619 611 2804 591 610 2805 619 611 2806 618 612 2807 591 610 2808 618 612 2809 594 613 2810 594 613 2811 618 612 2812 628 614 2813 594 613 2814 628 614 2815 601 615 2816 601 615 2817 628 614 2818 627 616 2819 601 615 2820 627 616 2821 604 617 2822 604 617 2823 627 616 2824 621 618 2825 604 617 2826 621 618 2827 602 619 2828 602 619 2829 621 618 2830 624 620 2831 602 619 2832 624 620 2833 623 621 2834 623 621 2835 624 620 2836 625 622 2837 623 621 2838 625 622 2839 599 623 2840 599 623 2841 625 622 2842 616 624 2843 599 623 2844 616 624 2845 597 625 2846 597 625 2847 616 624 2848 687 626 2849 597 625 2850 687 626 2851 600 627 2852 600 627 2853 687 626 2854 617 628 2855 600 627 2856 617 628 2857 588 629 2858 588 629 2859 617 628 2860 589 630 2861 588 629 2862 589 630 2863 587 631 2864 587 631 2865 589 630 2866 605 632 2867 587 631 2868 605 632 2869 596 633 2870 596 633 2871 605 632 2872 606 634 2873 596 633 2874 606 634 2875 649 635 2876 596 633 2877 649 635 2878 650 636 2879 650 636 2880 649 635 2881 660 637 2882 650 636 2883 660 637 2884 661 638 2885 661 638 2886 660 637 2887 646 639 2888 661 638 2889 646 639 2890 655 640 2891 655 640 2892 646 639 2893 645 641 2894 655 640 2895 645 641 2896 636 642 2897 636 642 2898 645 641 2899 634 643 2900 636 642 2901 634 643 2902 635 644 2903 635 644 2904 634 643 2905 637 602 2906 635 644 2907 637 602 2908 644 604 2909 635 644 2910 644 604 2911 664 645 2912 664 645 2913 644 604 2914 658 646 2915 664 645 2916 658 646 2917 593 647 2918 593 647 2919 658 646 2920 659 608 2921 593 647 2922 659 608 2923 591 610 2924 593 647 2925 591 610 2926 592 648 2927 592 648 2928 591 610 2929 594 613 2930 592 648 2931 594 613 2932 601 615 2933 592 648 2934 601 615 2935 603 649 2936 603 649 2937 601 615 2938 602 619 2939 603 649 2940 602 619 2941 626 650 2942 626 650 2943 602 619 2944 623 621 2945 626 650 2946 623 621 2947 613 651 2948 613 651 2949 623 621 2950 598 652 2951 613 651 2952 598 652 2953 600 627 2954 600 627 2955 598 652 2956 597 625 2957 597 625 2958 598 652 2959 599 623 2960 599 623 2961 598 652 2962 623 621 2963 643 606 2964 659 608 2965 658 646 2966 643 606 2967 658 646 2968 644 604 2969 602 619 2970 601 615 2971 604 617 2972 626 650 2973 592 648 2974 603 649 2975 627 616 2976 622 653 2977 621 618 2978 621 618 2979 622 653 2980 616 624 2981 621 618 2982 616 624 2983 624 620 2984 624 620 2985 616 624 2986 625 622 2987 677 654 2988 647 607 2989 642 605 2990 637 602 2991 634 643 2992 648 600 2993 648 600 2994 634 643 2995 632 655 2996 648 600 2997 632 655 2998 631 598 2999 631 598 3000 632 655 3001 630 656 3002 631 598 3003 630 656 3004 633 596 3005 633 596 3006 630 656 3007 638 595 3008 638 595 3009 630 656 3010 641 657 3011 638 595 3012 641 657 3013 639 594 3014 639 594 3015 641 657 3016 660 637 3017 639 594 3018 660 637 3019 649 635 3020 632 655 3021 634 643 3022 645 641 3023 632 655 3024 645 641 3025 630 656 3026 630 656 3027 645 641 3028 646 639 3029 630 656 3030 646 639 3031 641 657 3032 641 657 3033 646 639 3034 660 637 3035 589 630 3036 617 628 3037 685 658 3038 685 658 3039 617 628 3040 615 659 3041 615 659 3042 617 628 3043 687 626 3044 615 659 3045 687 626 3046 616 624 3047 615 659 3048 616 624 3049 614 660 3050 615 659 3051 614 660 3052 685 658 3053 685 658 3054 614 660 3055 686 661 3056 685 658 3057 686 661 3058 629 662 3059 685 658 3060 629 662 3061 589 630 3062 589 630 3063 629 662 3064 605 632 3065 590 663 3066 588 629 3067 587 631 3068 590 663 3069 587 631 3070 595 664 3071 595 664 3072 587 631 3073 596 633 3074 595 664 3075 596 633 3076 656 665 3077 656 665 3078 596 633 3079 650 636 3080 656 665 3081 650 636 3082 661 638 3083 656 665 3084 661 638 3085 657 666 3086 657 666 3087 661 638 3088 655 640 3089 657 666 3090 655 640 3091 654 667 3092 654 667 3093 655 640 3094 636 642 3095 654 667 3096 636 642 3097 635 644 3098 654 667 3099 635 644 3100 664 645 3101 654 667 3102 664 645 3103 608 668 3104 608 668 3105 664 645 3106 593 647 3107 608 668 3108 593 647 3109 592 648 3110 608 668 3111 592 648 3112 609 669 3113 609 669 3114 592 648 3115 626 650 3116 609 669 3117 626 650 3118 607 670 3119 607 670 3120 626 650 3121 613 651 3122 607 670 3123 613 651 3124 612 671 3125 612 671 3126 613 651 3127 611 672 3128 612 671 3129 611 672 3130 590 663 3131 590 663 3132 611 672 3133 588 629 3134 588 629 3135 611 672 3136 600 627 3137 600 627 3138 611 672 3139 613 651 3140 612 671 3141 590 663 3142 595 664 3143 612 671 3144 595 664 3145 620 673 3146 620 673 3147 595 664 3148 656 665 3149 620 673 3150 656 665 3151 657 666 3152 620 673 3153 657 666 3154 654 667 3155 620 673 3156 654 667 3157 610 674 3158 610 674 3159 654 667 3160 608 668 3161 610 674 3162 608 668 3163 607 670 3164 607 670 3165 608 668 3166 609 669 3167 620 673 3168 610 674 3169 607 670 3170 620 673 3171 607 670 3172 612 671 3173 671 599 3174 663 675 3175 662 601 3176 662 601 3177 663 675 3178 651 676 3179 662 601 3180 651 676 3181 653 603 3182 653 603 3183 651 676 3184 642 605 3185 642 605 3186 651 676 3187 652 677 3188 642 605 3189 652 677 3190 677 654 3191 677 654 3192 652 677 3193 666 678 3194 666 678 3195 652 677 3196 675 679 3197 666 678 3198 675 679 3199 667 680 3200 667 680 3201 675 679 3202 676 681 3203 676 681 3204 675 679 3205 651 676 3206 676 681 3207 651 676 3208 663 675 3209 652 677 3210 651 676 3211 675 679 3212 665 682 3213 666 678 3214 667 680 3215 1021 683 3216 1022 684 3217 1017 685 3218 1017 685 3219 1022 684 3220 1018 686 3221 1017 685 3222 1018 686 3223 1019 687 3224 1019 687 3225 1018 686 3226 1020 688 3227 1019 687 3228 1020 688 3229 1034 689 3230 1019 687 3231 1034 689 3232 1033 690 3233 1033 690 3234 1034 689 3235 1043 691 3236 1033 690 3237 1043 691 3238 1042 692 3239 1042 692 3240 1043 691 3241 1044 693 3242 1042 692 3243 1044 693 3244 1045 694 3245 1045 694 3246 1044 693 3247 1035 695 3248 1078 696 3249 1044 693 3250 1043 691 3251 1078 696 3252 1043 691 3253 1079 697 3254 1078 696 3255 1079 697 3256 1073 698 3257 1073 698 3258 1079 697 3259 1080 699 3260 1073 698 3261 1080 699 3262 1074 700 3263 1073 698 3264 1074 700 3265 1075 701 3266 1073 698 3267 1075 701 3268 1082 702 3269 1073 698 3270 1082 702 3271 1078 696 3272 1007 703 3273 1008 704 3274 1009 705 3275 1007 703 3276 1009 705 3277 1055 706 3278 1055 706 3279 1009 705 3280 1056 707 3281 1055 706 3282 1056 707 3283 1054 708 3284 1054 708 3285 1056 707 3286 1067 709 3287 1054 708 3288 1067 709 3289 1068 710 3290 1068 710 3291 1067 709 3292 1069 711 3293 1068 710 3294 1069 711 3295 1070 712 3296 1068 710 3297 1070 712 3298 1082 702 3299 1082 702 3300 1070 712 3301 1083 713 3302 1082 702 3303 1083 713 3304 1078 696 3305 1078 696 3306 1083 713 3307 1077 714 3308 1078 696 3309 1077 714 3310 1044 693 3311 1044 693 3312 1077 714 3313 1031 715 3314 1044 693 3315 1031 715 3316 1035 695 3317 1035 695 3318 1031 715 3319 1030 716 3320 1030 716 3321 1031 715 3322 1032 717 3323 1032 717 3324 1031 715 3325 1077 714 3326 1004 718 3327 1005 719 3328 1006 720 3329 1006 720 3330 1005 719 3331 1053 721 3332 1006 720 3333 1053 721 3334 1054 708 3335 1054 708 3336 1053 721 3337 1055 706 3338 1055 706 3339 1053 721 3340 1058 722 3341 1055 706 3342 1058 722 3343 1059 723 3344 1059 723 3345 1058 722 3346 1057 724 3347 1057 724 3348 1058 722 3349 1015 725 3350 1057 724 3351 1015 725 3352 1013 726 3353 1013 726 3354 1015 725 3355 1014 727 3356 1013 726 3357 1014 727 3358 1011 728 3359 1011 728 3360 1014 727 3361 1016 729 3362 1011 728 3363 1016 729 3364 1012 730 3365 1011 728 3366 1012 730 3367 1010 731 3368 944 732 3369 945 732 3370 946 732 3371 520 733 3372 482 734 3373 497 735 3374 520 733 3375 497 735 3376 515 736 3377 514 737 3378 535 738 3379 513 739 3380 514 737 3381 513 739 3382 485 740 3383 485 740 3384 513 739 3385 478 741 3386 485 740 3387 478 741 3388 484 742 3389 484 742 3390 478 741 3391 523 743 3392 484 742 3393 523 743 3394 730 744 3395 730 744 3396 523 743 3397 548 745 3398 548 745 3399 523 743 3400 483 746 3401 483 746 3402 523 743 3403 480 747 3404 483 746 3405 480 747 3406 481 748 3407 481 748 3408 480 747 3409 487 749 3410 481 748 3411 487 749 3412 516 750 3413 516 750 3414 487 749 3415 689 751 3416 516 750 3417 689 751 3418 533 752 3419 516 750 3420 533 752 3421 506 753 3422 516 750 3423 506 753 3424 505 754 3425 505 754 3426 506 753 3427 504 755 3428 505 754 3429 504 755 3430 507 756 3431 505 754 3432 507 756 3433 527 757 3434 505 754 3435 527 757 3436 528 758 3437 505 754 3438 528 758 3439 515 736 3440 505 754 3441 515 736 3442 516 750 3443 516 750 3444 515 736 3445 497 735 3446 516 750 3447 497 735 3448 481 748 3449 481 748 3450 497 735 3451 482 734 3452 481 748 3453 482 734 3454 483 746 3455 480 747 3456 523 743 3457 478 741 3458 484 742 3459 730 744 3460 544 759 3461 484 742 3462 544 759 3463 485 740 3464 485 740 3465 544 759 3466 537 760 3467 485 740 3468 537 760 3469 514 737 3470 513 739 3471 479 761 3472 478 741 3473 478 741 3474 479 761 3475 480 747 3476 480 747 3477 479 761 3478 487 749 3479 487 749 3480 479 761 3481 486 762 3482 487 749 3483 486 762 3484 689 751 3485 535 738 3486 486 762 3487 513 739 3488 513 739 3489 486 762 3490 479 761 3491 8 763 3492 15 764 3493 9 765 3494 8 763 3495 9 765 3496 7 766 3497 8 763 3498 7 766 3499 52 767 3500 52 767 3501 7 766 3502 13 768 3503 35 769 3504 45 770 3505 44 771 3506 35 769 3507 44 771 3508 56 772 3509 35 769 3510 56 772 3511 57 773 3512 35 769 3513 57 773 3514 36 774 3515 35 769 3516 36 774 3517 33 775 3518 35 769 3519 33 775 3520 34 776 3521 35 769 3522 34 776 3523 45 770 3524 45 770 3525 34 776 3526 62 777 3527 45 770 3528 62 777 3529 218 778 3530 45 770 3531 218 778 3532 15 764 3533 15 764 3534 218 778 3535 16 779 3536 15 764 3537 16 779 3538 9 765 3539 9 765 3540 16 779 3541 42 780 3542 9 765 3543 42 780 3544 7 766 3545 7 766 3546 42 780 3547 14 781 3548 7 766 3549 14 781 3550 13 768 3551 13 768 3552 14 781 3553 73 782 3554 13 768 3555 73 782 3556 259 783 3557 13 768 3558 259 783 3559 52 767 3560 52 767 3561 259 783 3562 77 784 3563 52 767 3564 77 784 3565 11 785 3566 52 767 3567 11 785 3568 8 763 3569 8 763 3570 11 785 3571 10 786 3572 8 763 3573 10 786 3574 15 764 3575 15 764 3576 10 786 3577 45 770 3578 45 770 3579 10 786 3580 26 787 3581 45 770 3582 26 787 3583 44 771 3584 44 771 3585 26 787 3586 49 788 3587 49 788 3588 26 787 3589 12 789 3590 12 789 3591 26 787 3592 10 786 3593 12 789 3594 10 786 3595 11 785 3596 16 779 3597 64 790 3598 42 780 3599 42 780 3600 64 790 3601 43 791 3602 42 780 3603 43 791 3604 14 781 3605 14 781 3606 43 791 3607 66 792 3608 14 781 3609 66 792 3610 73 782 3611 122 793 3612 121 794 3613 138 795 3614 122 793 3615 138 795 3616 137 796 3617 184 797 3618 138 795 3619 193 798 3620 193 798 3621 138 795 3622 121 794 3623 193 798 3624 121 794 3625 187 799 3626 130 800 3627 123 801 3628 122 793 3629 122 793 3630 123 801 3631 120 802 3632 122 793 3633 120 802 3634 121 794 3635 121 794 3636 120 802 3637 188 803 3638 121 794 3639 188 803 3640 187 799 3641 187 799 3642 188 803 3643 173 804 3644 187 799 3645 173 804 3646 172 805 3647 187 799 3648 172 805 3649 193 798 3650 193 798 3651 172 805 3652 165 806 3653 193 798 3654 165 806 3655 184 797 3656 184 797 3657 165 806 3658 164 807 3659 184 797 3660 164 807 3661 183 808 3662 183 808 3663 164 807 3664 174 809 3665 183 808 3666 174 809 3667 175 810 3668 175 810 3669 174 809 3670 159 811 3671 175 810 3672 159 811 3673 170 812 3674 175 810 3675 170 812 3676 189 813 3677 175 810 3678 189 813 3679 190 814 3680 175 810 3681 190 814 3682 183 808 3683 183 808 3684 190 814 3685 185 815 3686 183 808 3687 185 815 3688 184 797 3689 160 816 3690 177 817 3691 161 818 3692 160 816 3693 161 818 3694 159 811 3695 160 816 3696 159 811 3697 174 809 3698 160 816 3699 174 809 3700 163 819 3701 163 819 3702 174 809 3703 164 807 3704 163 819 3705 164 807 3706 165 806 3707 163 819 3708 165 806 3709 166 820 3710 166 820 3711 165 806 3712 172 805 3713 160 816 3714 163 819 3715 177 817 3716 177 817 3717 163 819 3718 166 820 3719 124 821 3720 125 822 3721 116 823 3722 116 823 3723 125 822 3724 135 824 3725 116 823 3726 135 824 3727 117 825 3728 117 825 3729 135 824 3730 158 826 3731 117 825 3732 158 826 3733 214 827 3734 214 827 3735 158 826 3736 215 828 3737 214 827 3738 215 828 3739 143 829 3740 214 827 3741 143 829 3742 145 830 3743 214 827 3744 145 830 3745 146 831 3746 146 831 3747 145 830 3748 216 832 3749 146 831 3750 216 832 3751 129 833 3752 129 833 3753 216 832 3754 126 834 3755 129 833 3756 126 834 3757 128 835 3758 128 835 3759 126 834 3760 127 836 3761 128 835 3762 127 836 3763 152 837 3764 152 837 3765 127 836 3766 153 838 3767 152 837 3768 153 838 3769 154 839 3770 154 839 3771 153 838 3772 144 840 3773 154 839 3774 144 840 3775 150 841 3776 150 841 3777 144 840 3778 151 842 3779 150 841 3780 151 842 3781 156 843 3782 150 841 3783 156 843 3784 133 844 3785 150 841 3786 133 844 3787 132 845 3788 132 845 3789 133 844 3790 130 800 3791 132 845 3792 130 800 3793 131 846 3794 131 846 3795 130 800 3796 122 793 3797 131 846 3798 122 793 3799 155 847 3800 155 847 3801 122 793 3802 137 796 3803 155 847 3804 137 796 3805 136 848 3806 136 848 3807 137 796 3808 138 795 3809 136 848 3810 138 795 3811 139 849 3812 139 849 3813 138 795 3814 184 797 3815 139 849 3816 184 797 3817 149 850 3818 149 850 3819 184 797 3820 185 815 3821 149 850 3822 185 815 3823 186 851 3824 186 851 3825 185 815 3826 190 814 3827 186 851 3828 190 814 3829 178 852 3830 178 852 3831 190 814 3832 189 813 3833 178 852 3834 189 813 3835 179 853 3836 179 853 3837 189 813 3838 169 854 3839 169 854 3840 189 813 3841 170 812 3842 169 854 3843 170 812 3844 167 855 3845 167 855 3846 170 812 3847 159 811 3848 167 855 3849 159 811 3850 162 856 3851 162 856 3852 159 811 3853 161 818 3854 162 856 3855 161 818 3856 200 857 3857 200 857 3858 161 818 3859 199 858 3860 199 858 3861 161 818 3862 177 817 3863 199 858 3864 177 817 3865 192 859 3866 192 859 3867 177 817 3868 166 820 3869 192 859 3870 166 820 3871 182 860 3872 182 860 3873 166 820 3874 172 805 3875 182 860 3876 172 805 3877 171 861 3878 171 861 3879 172 805 3880 173 804 3881 171 861 3882 173 804 3883 176 862 3884 176 862 3885 173 804 3886 188 803 3887 176 862 3888 188 803 3889 207 863 3890 207 863 3891 188 803 3892 120 802 3893 207 863 3894 120 802 3895 148 864 3896 148 864 3897 120 802 3898 147 865 3899 147 865 3900 120 802 3901 123 801 3902 147 865 3903 123 801 3904 157 866 3905 157 866 3906 123 801 3907 130 800 3908 157 866 3909 130 800 3910 156 843 3911 156 843 3912 130 800 3913 133 844 3914 136 848 3915 139 849 3916 149 850 3917 143 829 3918 144 840 3919 145 830 3920 145 830 3921 144 840 3922 216 832 3923 216 832 3924 144 840 3925 126 834 3926 126 834 3927 144 840 3928 127 836 3929 127 836 3930 144 840 3931 153 838 3932 132 845 3933 131 846 3934 155 847 3935 134 867 3936 135 824 3937 125 822 3938 134 867 3939 125 822 3940 179 853 3941 179 853 3942 125 822 3943 178 852 3944 178 852 3945 125 822 3946 186 851 3947 186 851 3948 125 822 3949 124 821 3950 186 851 3951 124 821 3952 149 850 3953 149 850 3954 124 821 3955 141 868 3956 149 850 3957 141 868 3958 136 848 3959 136 848 3960 141 868 3961 142 869 3962 136 848 3963 142 869 3964 155 847 3965 155 847 3966 142 869 3967 152 837 3968 155 847 3969 152 837 3970 132 845 3971 132 845 3972 152 837 3973 154 839 3974 132 845 3975 154 839 3976 150 841 3977 214 827 3978 146 831 3979 117 825 3980 117 825 3981 146 831 3982 118 870 3983 117 825 3984 118 870 3985 116 823 3986 116 823 3987 118 870 3988 119 871 3989 116 823 3990 119 871 3991 124 821 3992 124 821 3993 119 871 3994 141 868 3995 141 868 3996 119 871 3997 140 872 3998 141 868 3999 140 872 4000 142 869 4001 142 869 4002 140 872 4003 129 833 4004 142 869 4005 129 833 4006 128 835 4007 142 869 4008 128 835 4009 152 837 4010 146 831 4011 129 833 4012 118 870 4013 118 870 4014 129 833 4015 140 872 4016 118 870 4017 140 872 4018 119 871 4019 200 857 4020 197 873 4021 162 856 4022 162 856 4023 197 873 4024 198 874 4025 162 856 4026 198 874 4027 167 855 4028 167 855 4029 198 874 4030 168 875 4031 167 855 4032 168 875 4033 169 854 4034 198 874 4035 197 873 4036 202 876 4037 168 875 4038 198 874 4039 201 877 4040 201 877 4041 198 874 4042 202 876 4043 201 877 4044 202 876 4045 203 878 4046 180 879 4047 205 880 4048 181 881 4049 180 879 4050 181 881 4051 171 861 4052 171 861 4053 181 881 4054 182 860 4055 182 860 4056 181 881 4057 192 859 4058 199 858 4059 192 859 4060 191 882 4061 191 882 4062 192 859 4063 181 881 4064 191 882 4065 181 881 4066 204 883 4067 204 883 4068 181 881 4069 205 880 4070 204 883 4071 205 880 4072 195 884 4073 195 884 4074 205 880 4075 196 885 4076 196 885 4077 205 880 4078 180 879 4079 196 885 4080 180 879 4081 206 886 4082 206 886 4083 180 879 4084 171 861 4085 206 886 4086 171 861 4087 176 862 4088 194 887 4089 195 884 4090 196 885 4091 940 888 4092 941 889 4093 942 890 4094 942 890 4095 941 889 4096 943 891 4097 937 892 4098 938 892 4099 939 892 4100 364 893 4101 363 894 4102 365 895 4103 364 893 4104 365 895 4105 408 896 4106 408 896 4107 365 895 4108 409 897 4109 408 896 4110 409 897 4111 413 898 4112 408 896 4113 413 898 4114 416 899 4115 416 899 4116 413 898 4117 412 900 4118 416 899 4119 412 900 4120 411 901 4121 411 901 4122 412 900 4123 356 902 4124 411 901 4125 356 902 4126 410 903 4127 411 901 4128 410 903 4129 405 904 4130 405 904 4131 410 903 4132 407 905 4133 405 904 4134 407 905 4135 406 906 4136 405 904 4137 406 906 4138 404 907 4139 405 904 4140 404 907 4141 421 908 4142 421 908 4143 404 907 4144 434 909 4145 421 908 4146 434 909 4147 414 910 4148 414 910 4149 434 909 4150 432 911 4151 414 910 4152 432 911 4153 362 912 4154 362 912 4155 432 911 4156 433 913 4157 362 912 4158 433 913 4159 357 914 4160 357 914 4161 433 913 4162 431 915 4163 357 914 4164 431 915 4165 429 916 4166 429 916 4167 431 915 4168 430 917 4169 429 916 4170 430 917 4171 428 918 4172 428 918 4173 430 917 4174 425 919 4175 428 918 4176 425 919 4177 424 920 4178 424 920 4179 425 919 4180 426 921 4181 426 921 4182 425 919 4183 427 922 4184 426 921 4185 427 922 4186 423 923 4187 423 923 4188 427 922 4189 422 924 4190 423 923 4191 422 924 4192 404 907 4193 404 907 4194 422 924 4195 434 909 4196 434 909 4197 422 924 4198 435 925 4199 434 909 4200 435 925 4201 433 913 4202 433 913 4203 435 925 4204 431 915 4205 431 915 4206 435 925 4207 430 917 4208 430 917 4209 435 925 4210 427 922 4211 430 917 4212 427 922 4213 425 919 4214 434 909 4215 433 913 4216 432 911 4217 435 925 4218 422 924 4219 427 922 4220 415 926 4221 364 893 4222 408 896 4223 412 900 4224 413 898 4225 439 927 4226 416 899 4227 420 928 4228 415 926 4229 420 928 4230 416 899 4231 411 901 4232 420 928 4233 411 901 4234 405 904 4235 420 928 4236 405 904 4237 421 908 4238 420 928 4239 421 908 4240 415 926 4241 415 926 4242 421 908 4243 414 910 4244 415 926 4245 414 910 4246 364 893 4247 364 893 4248 414 910 4249 362 912 4250 364 893 4251 362 912 4252 363 894 4253 363 894 4254 362 912 4255 361 929 4256 361 929 4257 362 912 4258 357 914 4259 361 929 4260 357 914 4261 359 930 4262 359 930 4263 357 914 4264 358 931 4265 359 930 4266 358 931 4267 360 932 4268 357 914 4269 429 916 4270 358 931 4271 440 933 4272 441 933 4273 406 906 4274 343 934 4275 396 935 4276 347 936 4277 343 934 4278 347 936 4279 348 937 4280 343 934 4281 348 937 4282 341 938 4283 341 938 4284 348 937 4285 349 939 4286 341 938 4287 349 939 4288 350 940 4289 341 938 4290 350 940 4291 338 941 4292 338 941 4293 350 940 4294 351 942 4295 338 941 4296 351 942 4297 352 943 4298 338 941 4299 352 943 4300 329 944 4301 329 944 4302 352 943 4303 353 945 4304 329 944 4305 353 945 4306 332 946 4307 332 946 4308 353 945 4309 354 947 4310 332 946 4311 354 947 4312 334 948 4313 332 946 4314 334 948 4315 330 949 4316 332 946 4317 330 949 4318 329 944 4319 329 944 4320 330 949 4321 331 950 4322 329 944 4323 331 950 4324 338 941 4325 338 941 4326 331 950 4327 339 951 4328 338 941 4329 339 951 4330 341 938 4331 341 938 4332 339 951 4333 342 952 4334 341 938 4335 342 952 4336 343 934 4337 343 934 4338 342 952 4339 356 902 4340 343 934 4341 356 902 4342 355 953 4343 343 934 4344 355 953 4345 396 935 4346 933 954 4347 934 955 4348 935 956 4349 935 956 4350 934 955 4351 936 957 4352 930 958 4353 931 958 4354 932 958 4355 248 959 4356 283 960 4357 79 961 4358 248 959 4359 79 961 4360 307 962 4361 307 962 4362 79 961 4363 308 963 4364 308 963 4365 79 961 4366 78 964 4367 78 964 4368 79 961 4369 80 965 4370 247 966 4371 283 960 4372 248 959 4373 247 966 4374 248 959 4375 249 967 4376 249 967 4377 248 959 4378 307 962 4379 249 967 4380 307 962 4381 1084 968 4382 1084 968 4383 307 962 4384 312 969 4385 312 969 4386 307 962 4387 308 963 4388 312 969 4389 308 963 4390 313 970 4391 313 970 4392 308 963 4393 309 971 4394 309 971 4395 308 963 4396 78 964 4397 309 971 4398 78 964 4399 294 972 4400 294 972 4401 78 964 4402 80 965 4403 294 972 4404 80 965 4405 300 973 4406 300 973 4407 80 965 4408 278 974 4409 278 974 4410 80 965 4411 273 975 4412 273 975 4413 80 965 4414 79 961 4415 273 975 4416 79 961 4417 285 976 4418 285 976 4419 79 961 4420 283 960 4421 285 976 4422 283 960 4423 286 977 4424 286 977 4425 283 960 4426 284 978 4427 284 978 4428 283 960 4429 247 966 4430 284 978 4431 247 966 4432 290 979 4433 926 980 4434 927 981 4435 928 982 4436 928 982 4437 927 981 4438 929 983 4439 912 984 4440 913 984 4441 914 984 4442 549 985 4443 550 986 4444 551 987 4445 549 985 4446 551 987 4447 779 988 4448 779 988 4449 551 987 4450 778 989 4451 779 988 4452 778 989 4453 783 990 4454 783 990 4455 778 989 4456 785 991 4457 785 991 4458 778 989 4459 719 992 4460 719 992 4461 778 989 4462 720 993 4463 719 992 4464 720 993 4465 718 994 4466 718 994 4467 720 993 4468 754 995 4469 718 994 4470 754 995 4471 756 996 4472 756 996 4473 754 995 4474 758 997 4475 758 997 4476 754 995 4477 757 998 4478 757 998 4479 754 995 4480 551 987 4481 757 998 4482 551 987 4483 744 999 4484 744 999 4485 551 987 4486 550 986 4487 744 999 4488 550 986 4489 749 1000 4490 749 1000 4491 550 986 4492 771 1001 4493 771 1001 4494 550 986 4495 765 1002 4496 765 1002 4497 550 986 4498 549 985 4499 765 1002 4500 549 985 4501 780 1003 4502 780 1003 4503 549 985 4504 779 988 4505 780 1003 4506 779 988 4507 784 1004 4508 784 1004 4509 779 988 4510 783 990 4511 754 995 4512 720 993 4513 551 987 4514 551 987 4515 720 993 4516 778 989 4517 755 1005 4518 718 994 4519 756 996 4520 501 1006 4521 521 1007 4522 509 1008 4523 501 1006 4524 509 1008 4525 502 1009 4526 502 1009 4527 509 1008 4528 519 1010 4529 519 1010 4530 509 1008 4531 511 1011 4532 511 1011 4533 509 1008 4534 510 1012 4535 510 1012 4536 509 1008 4537 512 1013 4538 510 1012 4539 512 1013 4540 517 1014 4541 517 1014 4542 512 1013 4543 522 1015 4544 522 1015 4545 512 1013 4546 521 1007 4547 522 1015 4548 521 1007 4549 701 1016 4550 521 1007 4551 512 1013 4552 509 1008 4553 510 1012 4554 517 1014 4555 518 1017 4556 525 1018 4557 524 1019 4558 529 1020 4559 525 1018 4560 529 1020 4561 534 1021 4562 525 1018 4563 534 1021 4564 532 1022 4565 525 1018 4566 532 1022 4567 498 1023 4568 525 1018 4569 498 1023 4570 493 1024 4571 493 1024 4572 498 1023 4573 494 1025 4574 493 1024 4575 494 1025 4576 492 1026 4577 492 1026 4578 494 1025 4579 496 1027 4580 492 1026 4581 496 1027 4582 495 1028 4583 495 1028 4584 496 1027 4585 536 1029 4586 495 1028 4587 536 1029 4588 690 1030 4589 690 1030 4590 536 1029 4591 519 1010 4592 519 1010 4593 536 1029 4594 502 1009 4595 502 1009 4596 536 1029 4597 503 1031 4598 502 1009 4599 503 1031 4600 501 1006 4601 501 1006 4602 503 1031 4603 697 1032 4604 501 1006 4605 697 1032 4606 521 1007 4607 521 1007 4608 697 1032 4609 699 1033 4610 521 1007 4611 699 1033 4612 701 1016 4613 701 1016 4614 699 1033 4615 700 1034 4616 700 1034 4617 699 1033 4618 696 1035 4619 700 1034 4620 696 1035 4621 547 1036 4622 547 1036 4623 696 1035 4624 698 1037 4625 547 1036 4626 698 1037 4627 545 1038 4628 545 1038 4629 698 1037 4630 692 1039 4631 545 1038 4632 692 1039 4633 542 1040 4634 542 1040 4635 692 1039 4636 694 1041 4637 542 1040 4638 694 1041 4639 541 1042 4640 542 1040 4641 541 1042 4642 489 1043 4643 489 1043 4644 541 1042 4645 543 1044 4646 489 1043 4647 543 1044 4648 490 1045 4649 490 1045 4650 543 1044 4651 531 1046 4652 490 1045 4653 531 1046 4654 526 1047 4655 490 1045 4656 526 1047 4657 488 1048 4658 488 1048 4659 526 1047 4660 530 1049 4661 488 1048 4662 530 1049 4663 491 1050 4664 491 1050 4665 530 1049 4666 546 1051 4667 491 1050 4668 546 1051 4669 545 1038 4670 545 1038 4671 546 1051 4672 547 1036 4673 547 1036 4674 546 1051 4675 683 1052 4676 547 1036 4677 683 1052 4678 700 1034 4679 545 1038 4680 542 1040 4681 491 1050 4682 491 1050 4683 542 1040 4684 489 1043 4685 491 1050 4686 489 1043 4687 488 1048 4688 488 1048 4689 489 1043 4690 490 1045 4691 524 1019 4692 525 1018 4693 493 1024 4694 695 1053 4695 697 1032 4696 503 1031 4697 498 1023 4698 532 1022 4699 508 1054 4700 536 1029 4701 496 1027 4702 503 1031 4703 503 1031 4704 496 1027 4705 500 1055 4706 503 1031 4707 500 1055 4708 695 1053 4709 695 1053 4710 500 1055 4711 499 1056 4712 696 1035 4713 699 1033 4714 697 1032 4715 696 1035 4716 697 1032 4717 698 1037 4718 698 1037 4719 697 1032 4720 695 1053 4721 698 1037 4722 695 1053 4723 692 1039 4724 692 1039 4725 695 1053 4726 693 1057 4727 693 1057 4728 695 1053 4729 499 1056 4730 693 1057 4731 499 1056 4732 538 1058 4733 538 1058 4734 499 1056 4735 508 1054 4736 508 1054 4737 499 1056 4738 498 1023 4739 498 1023 4740 499 1056 4741 500 1055 4742 498 1023 4743 500 1055 4744 494 1025 4745 494 1025 4746 500 1055 4747 496 1027 4748 692 1039 4749 693 1057 4750 694 1041 4751 683 1052 4752 546 1051 4753 684 1059 4754 684 1059 4755 546 1051 4756 530 1049 4757 684 1059 4758 530 1049 4759 539 1060 4760 539 1060 4761 530 1049 4762 540 1061 4763 893 1062 4764 894 1062 4765 895 1062 4766 436 1063 4767 437 1063 4768 438 1063 4769 468 1064 4770 469 1064 4771 470 1064 4772 450 1065 4773 451 1066 4774 452 1067 4775 452 1067 4776 451 1066 4777 453 1068 4778 454 1069 4779 455 1069 4780 456 1069 4781 464 1070 4782 465 1071 4783 466 1072 4784 466 1072 4785 465 1071 4786 467 1073 4787 461 1074 4788 462 1074 4789 463 1074 4790 457 1075 4791 458 1076 4792 459 1077 4793 459 1077 4794 458 1076 4795 460 1078 4796</p>
        </polylist>
      </mesh>
    </geometry>
    <geometry id="chr514_1-mesh" name="chr514_1">
      <mesh>
        <source id="chr514_1-mesh-positions">
          <float_array id="chr514_1-mesh-positions-array" count="3291">0.002759099 0.024248 0.004652917 -4e-7 0.02530926 0.005174458 0.002223849 0.02532589 0.004535377 0.004142165 0.02506786 -5.809e-4 0.003310084 0.02551257 0.002777636 0.003932178 0.02573299 -6.299e-4 0.004120469 0.02412319 0.003319919 0.007637858 0.00435245 0.005113542 0.005357921 0.008634865 0.008911669 0.00823158 0.008712053 0.006296396 0.00794506 0.01298242 0.005645692 0.009435057 0.01298123 3.227e-4 0.009863257 0.008599042 0.001265585 0.006580114 0.001956284 0.002944529 0.003890693 9.599e-4 0.003937005 -2e-7 0.008670866 0.009802043 0.005096018 0.01296412 0.008656084 0.001789212 0.009018778 -0.03013312 0.002389132 0.01033729 -0.02409821 0.001254618 0.01022183 -0.03008395 0.003128886 0.008198797 -0.02413129 0.008442759 0.01598376 -1.938e-4 0.006709516 0.0180431 -0.005261898 0.007510483 0.01577335 -0.005094051 0.009435057 0.01298123 3.227e-4 0.008665382 0.01298069 -0.004281461 0.006872892 0.0164045 0.004790246 0.004718184 0.01637846 -0.007855176 0.004067063 0.01426428 -0.009444773 0.00746566 0.01323753 -0.006937026 0.007592678 0.005552113 -0.00771749 0.008676588 0.005161345 -0.004044294 0.008595645 0.008628249 -0.00760287 -3e-7 0.0240001 0.005449295 0.003762722 0.02034109 0.006101191 -2e-7 0.02056419 0.006789684 0.002759099 0.024248 0.004652917 -2e-7 0.01683217 -0.008402466 0.006073892 0.00153774 -0.004247248 0.003400087 -1.191e-4 -8.036e-4 0.006613731 0.001192986 -0.001087725 0.003183603 3.639e-4 -0.004514098 0.004875183 0.004115879 0.007845461 -2e-7 4.789e-4 0.004739344 0.006542026 0.01814228 0.004369795 0.004802167 0.01651519 0.007307291 -3e-7 4.3e-5 -0.004812002 -3e-7 -3.026e-4 -6.739e-4 0.009131193 0.004905283 -0.001440942 0.008442759 0.01598376 -1.938e-4 0.00568068 0.002414584 -0.007994353 -2e-7 0.001075088 -0.008186399 0.008857488 0.004896104 0.001749396 0.005875051 0.0213536 -0.005366981 0.003855109 0.01972675 -0.007060289 0 0.009815275 -0.03441512 0.004120469 0.02412319 0.003319919 0.005749464 0.02036476 0.004339158 0.00339967 0.02472531 -0.003813803 0.001203358 0.008037388 -0.03015309 -8e-7 0.01087963 -0.03006821 -2e-7 0.0199967 -0.007764995 -2e-7 0.0167067 0.008240044 -3e-7 0.02456355 -0.005435287 -2e-7 0.003896296 0.0088467 0.009876251 0.008607387 -0.003258705 -3e-7 -3.026e-4 -6.739e-4 -2e-7 0.01439058 -0.0098266 -8e-7 0.007448554 -0.03016537 0 0.009815275 -0.03441512 -3e-7 0.01179826 -0.01903456 0.003159761 0.01036691 -0.019059 -4e-7 0.01138311 -0.02408272 0.003400087 -1.191e-4 -8.036e-4 0.003982782 0.007106781 -0.01908212 0.002335429 0.006162941 -0.0241611 0.002102792 0.004902005 -0.01908326 0.009131193 0.004905283 -0.001440942 0.008212864 0.03804659 0.0104565 0.005396485 0.03845125 0.01163065 0.00728482 0.04167616 0.01113808 -3e-7 0.05395388 -0.003219783 0.00356245 0.05399036 0.00132972 -3e-7 0.05458348 0.001301527 0.003757894 0.05337548 -0.00299257 0.006581664 0.02971822 0.01311379 0.005055189 0.02735257 0.008327484 0.004112005 0.02776354 0.01202183 0.008219361 0.02973198 0.009561181 0.002621889 0.02966177 0.01701992 0.004710078 0.02956622 0.01563668 0.002972662 0.02825057 0.0147596 0.01044589 0.04584789 -0.006904423 0.01186275 0.04514163 -0.00327742 0.01024097 0.04853409 -0.003845036 -5e-7 0.02861869 0.01640778 0.001977682 0.02862232 0.01599097 -4e-7 0.02796959 0.01483982 0.003799319 0.05137681 -0.006808698 0.007936894 0.05124646 -0.002717137 -3e-7 0.02717316 0.01218783 0.01221823 0.03925365 -0.008489549 0.01386898 0.03931498 -0.003492414 0.01155716 0.04292553 -0.007435739 0.008338987 0.04596209 -0.01023089 -3e-7 0.02640098 0.008738696 0.006250441 0.05274921 0.001231372 -2e-7 0.04233998 -0.0145353 0.004715204 0.04219233 -0.01380741 -2e-7 0.04614156 -0.01326602 0.003553092 0.05313146 0.005011558 -3e-7 0.05381697 0.005230784 0.008949458 0.04229658 -0.0117982 0.004552364 0.0461384 -0.01247507 -5e-7 0.02590495 0.005500972 0.001987755 0.02594649 0.004972696 0.02541625 0.02160859 -0.006152749 0.03005903 0.01942902 -0.005875945 0.03003668 0.02142995 -0.00456047 0.02540343 0.01981949 -0.007336974 0.02054023 0.02141255 0.002655029 0.02531689 0.01985758 0.004578292 0.02063179 0.01972937 0.003816962 0.02543842 0.02154904 0.003041326 0.02042955 0.01964956 -0.005904853 0.02049076 0.02163505 -0.004759371 0.03934967 0.01690638 -0.002303183 0.03459656 0.01642686 -0.001134455 0.0393173 0.01688081 -0.001262784 0.03446537 0.01673287 -0.003198385 0.02996927 0.02125078 0.00289011 0.03477811 0.01905459 0.003558874 0.02990412 0.0195508 0.004367232 0.03471279 0.02080214 0.002045035 0.02541142 0.02260959 -8.219e-4 0.02068364 0.02248245 -9.024e-4 0.02537989 0.01653474 -7.739e-4 0.020473 0.01760709 0.002675831 0.02539479 0.01751732 0.003607094 0.0205627 0.01675719 -8.763e-4 0.02989995 0.01696699 -0.004763126 0.02531439 0.01740658 -0.005559325 0.02988398 0.01643306 -9.72e-4 0.03943258 0.02044695 -8.868e-4 0.03940558 0.01953899 -0.002079904 0.04380732 0.01777499 -0.001160264 0.03478968 0.01907056 -0.004034042 0.02541142 0.02260959 -8.219e-4 0.02068364 0.02248245 -9.024e-4 0.0204513 0.01812827 -0.004699051 0.03937268 0.01968437 0.001021206 0.03943258 0.02044695 -8.868e-4 0.03476226 0.01700049 0.002868831 0.03928536 0.0184763 0.002097249 0.03914487 0.01702839 0.00153774 0.02978003 0.01729208 0.003529787 0.03489398 0.02177715 -8.476e-4 0.02997839 0.0223459 -8.148e-4 0.02997839 0.0223459 -8.148e-4 0.007464528 0.02008265 -0.003983438 0.007533669 0.01831066 -0.004012346 0.007796943 0.01895868 -0.003161311 0.006807804 0.0198794 -0.004525244 0.007405102 0.01775538 -4.846e-4 0.01448118 0.01856768 0.00146836 0.01457911 0.01792138 -8.334e-4 0.007529795 0.01876509 0.001791954 0.007092714 0.02246266 -0.003055453 0.0147131 0.0222792 -9.036e-4 0.006598412 0.02344864 -6.651e-4 0.01468247 0.02188748 -0.003149688 0.006774306 0.02239698 0.001272082 0.01457762 0.02149689 0.001343548 0.01449269 0.02005171 0.002603173 0.0145936 0.01856327 -0.003183186 0.01457417 0.0199297 -0.004128754 0.0147131 0.0222792 -9.036e-4 0.006958663 0.01782649 -3.403e-4 0.01659679 0.02229225 -9.032e-4 0.01646906 0.02152478 -0.00338155 0.006508409 0.0200411 0.003618419 0.005967438 0.02264708 0.002168715 0.007192373 0.02026486 0.002234697 0.01634836 0.01791298 -7.876e-4 0.0154016 0.0185005 -0.003264129 0.01632159 0.01990896 -0.00433892 0.01630371 0.0184291 -0.003349602 0.01636284 0.0199995 0.002717137 0.01647287 0.02154058 0.001489043 0.01555603 0.02180641 -0.003260076 0.01543027 0.0199182 -0.004233658 0.007147431 0.01869708 0.002792119 0.006542026 0.01814228 0.004369795 0.01629889 0.0184369 0.001537442 0.004142165 0.02506786 -5.809e-4 0.004713714 0.024459 -6.157e-4 0.004120469 0.02412319 0.003319919 0.005429685 0.02338361 -0.003833413 0.005875051 0.0213536 -0.005366981 0.006709516 0.0180431 -0.005261898 0.008442759 0.01598376 -1.938e-4 0.004713714 0.024459 -6.157e-4 0.004142165 0.02506786 -5.809e-4 0.00339967 0.02472531 -0.003813803 0.004845321 0.0235877 0.002493143 0.005749464 0.02036476 0.004339158 0.006598412 0.02344864 -6.651e-4 0.01659679 0.02229225 -9.032e-4 0.004344642 0.03992831 0.01608353 0.005389094 0.03884273 0.01453363 0.005533576 0.03891849 0.01616305 0.002613902 0.04079341 0.0144819 -5e-7 0.004176497 -0.0190919 -4e-7 0.005497694 -0.02416563 0.03489345 0.02080446 -0.002817571 0.03489398 0.02177715 -8.476e-4 0.03939396 0.0178864 -0.002964854 -3e-7 0.02962511 0.01795601 -2e-7 0.01295673 0.009494483 0.009863257 0.008599042 0.001265585 -3e-7 0.0240001 0.005449295 0.004184365 0.01094108 -0.01423275 -2e-7 0.01327669 -0.01134717 -2e-7 0.01237154 -0.0141949 0.005935788 0.01188671 -0.01011931 0.002943754 0.003988087 -0.0142228 0.006982386 0.006186187 -0.009423077 0.00521034 0.006463885 -0.01422876 0.004950702 0.002862513 -0.009501874 -3e-7 0.002937436 -0.01421099 -2e-7 0.001788914 -0.00972718 0.008093893 0.04872238 -0.007356882 0.004109561 0.04885613 -0.01045858 -2e-7 0.04886972 -0.01122659 0.009128093 0.0384168 -0.01236176 0.004993379 0.03928768 0.01832175 -3e-7 0.05154836 -0.007807374 0.004557192 0.03855127 -0.01449942 0.003003597 0.02571207 -0.003968894 0.005673885 0.02648293 -0.004165947 0.003489196 0.02607339 -0.005849123 0.003767192 0.02608948 -6.924e-4 0.006390333 0.05198633 0.004956603 0.002857804 0.02538561 -0.003918111 0.00339967 0.02472531 -0.003813803 -3e-7 0.02456355 -0.005435287 -2e-7 0.02566516 -0.004715383 0.01032721 0.04707098 0.009541869 0.01223498 0.04604172 0.008541166 0.01032686 0.04453849 0.009461879 0.004918992 0.03850466 0.01301133 0.0034042 0.04056018 0.0124225 0.008554697 0.05129832 0.00217849 0.006806015 0.03709018 0.016245 0.006490767 0.03660655 0.01847898 -1.1e-6 0.02575349 -0.004591882 0.007734954 0.02759289 -0.001158118 -2e-7 0.03896266 -0.01485353 0.0125119 0.04205858 -0.002670586 0.006613731 0.001192986 -0.001087725 -5e-7 0.04141771 0.01435655 0.002818882 0.04088658 0.01619637 -4e-7 0.0410676 0.01884573 -3e-7 0.0416063 0.0163325 0.003070354 0.04061233 0.01838606 0.005521893 0.04991012 0.01096218 0.00578624 0.05032116 0.00835669 0.008075058 0.05016887 0.008392155 0.003211498 0.04941093 0.01071792 0.008343756 0.04872286 0.01106941 0.003565371 0.0512672 0.00919348 -2e-7 0.05212879 0.009741067 0 0.05085945 0.01176685 0.0034042 0.04056018 0.0124225 0.002234876 0.04188436 0.01308286 -5e-7 0.04249721 0.01385778 -2e-7 0.04468858 0.01460057 0.002524197 0.04457908 0.01398229 0.004918992 0.03850466 0.01301133 0 0.04731017 0.01466059 -3e-7 0.04907149 0.01371991 0.003198087 0.04822957 0.01371449 0.002861261 0.04659938 0.0141108 0.006718218 0.04592388 0.01124018 0.007034063 0.04740065 0.01198768 0.003593564 0.04387307 0.01237899 0.003956735 0.04597663 0.01331025 0.003593564 0.04387307 0.01237899 0.003956735 0.04597663 0.01331025 0.007034063 0.04740065 0.01198768 0.008343756 0.04872286 0.01106941 0.004875898 0.03253179 0.01926159 0.006780087 0.03418689 0.01808685 0.006290972 0.03267115 0.01745617 0.008722543 0.03769445 0.01075345 0.01230609 0.03342443 0.007252097 0.009814679 0.03645527 0.009937882 0.01116579 0.0368148 0.008449792 0.007301867 0.0373218 0.01439899 0.00797367 0.03749239 0.01222819 0.00797367 0.03749239 0.01222819 0.008722543 0.03769445 0.01075345 0.009186983 0.03621536 0.01162379 0.002547383 0.03311568 0.02106773 0.002547979 0.03158628 0.01987993 -4e-7 0.03217059 0.02172368 -3e-7 0.03005778 0.0200321 0.01065593 0.04156357 0.008578956 0.0102396 0.03909987 0.009240448 0.01013106 0.03829956 0.009651899 0.01047766 0.0336048 0.009450852 0.01013106 0.03829956 0.009651899 0.0117194 0.04019659 0.007902383 0.01121658 0.03862506 0.008631765 0.007742106 0.03539001 0.01633119 0.008702695 0.03551149 0.01394438 0.008112251 0.03197073 0.01547592 0.009252965 0.03328925 0.01137083 0.008839249 0.03277206 0.01336818 0.01032721 0.04707098 0.009541869 0.01175659 0.0484963 0.006982088 0.01223498 0.04604172 0.008541166 0.01037281 0.04959821 0.008214652 0.009713053 0.04939806 0.005297601 0.004708409 0.03192591 0.01662868 0.002812147 0.03152287 0.01780259 -3e-7 0.0311957 0.01851999 0.00818479 0.03528255 0.01005429 0.006910622 0.03385609 0.01326763 0.003566682 0.03172981 0.01665079 0 0.03382045 0.01432937 0 0.03285038 0.01619791 0.001690804 0.03090333 0.01764219 0.004511833 0.03180199 0.01693785 -6e-7 0.03029328 0.01781529 0.002750456 0.03085201 0.0182628 0.009463667 0.03284072 0.009183943 0.01207107 0.03226608 0.006777644 0.006420612 0.03169041 0.0144096 0 0.03448927 0.0114504 0.00689888 0.03141152 0.0147944 0.007113099 0.03273618 0.01056367 0 0.03447258 0.006261587 0.009084999 0.03332066 0.006933689 -2e-7 0.02987372 0.01861333 0.008357465 0.03266578 0.01107239 0.007882475 0.03204578 0.0129323 0.009463667 0.03284072 0.009183943 0.01207107 0.03226608 0.006777644 0.008357465 0.03266578 0.01107239 0.007882475 0.03204578 0.0129323 0.00689888 0.03141152 0.0147944 0.004511833 0.03180199 0.01693785 0.002750456 0.03085201 0.0182628 -2e-7 0.02987372 0.01861333 0.01153671 0.03346288 0.002442598 0 0.03480088 -3.538e-4 0.00292629 0.03171247 0.01646548 0.002812147 0.03152287 0.01780259 -3e-7 0.03131371 0.01716613 -3e-7 0.0311957 0.01851999 0.004708409 0.03192591 0.01662868 0.005307972 0.03363829 0.0129913 0.006910622 0.03385609 0.01326763 0.006531715 0.03499317 0.009866595 0.00818479 0.03528255 0.01005429 0.006860733 0.02760815 0.004988491 0.003244817 0.02604389 0.003286421 0.00729084 0.02748239 0.002639472 0.007180631 0.0275188 -0.00562191 0.009902775 0.02973228 0.005740106 0.009819388 0.03598868 0.00764513 0.01179742 0.03242588 0.006367683 0.01213634 0.03457003 -0.008611142 0.009038269 0.03445488 -0.01207929 0.003710508 0.0317831 -0.0128448 0.007834792 0.03167372 -0.01092058 0.004289627 0.03485006 -0.01442289 -3e-7 0.03213918 -0.01364094 -2e-7 0.03504061 -0.0148791 0.01096349 0.0318163 -0.008147478 0.01294219 0.03189677 -0.003499209 0.01437896 0.03508448 -0.003725588 0.009188354 0.02944916 -0.007076561 0.01060169 0.02955102 -0.003051996 0.01358026 0.03220969 0.003647804 0.01442062 0.03505688 0.003967106 0.01494807 0.03511428 8.754e-4 0.01352435 0.03183567 6.467e-4 0.01090455 0.02955561 9.53e-4 0.01052963 0.02961248 0.003308296 0.006418645 0.02919346 -0.009570479 0.01121658 0.03862506 0.008631765 0.0117194 0.04019659 0.007902383 0.0122044 0.0402922 0.006221592 0.0115922 0.03500217 0.005150735 0.0115922 0.03500217 0.005150735 0.01424378 0.0391227 0.001474738 -2e-7 0.02606111 -0.006806731 0.002181351 0.02724903 -0.009168863 0 0.02758049 -0.0100944 0.004741847 0.02714997 -0.007895886 0.003229141 0.02947235 -0.01129895 -2e-7 0.0296815 -0.01199406 0.004112482 0.03528267 0.009731948 0 0.03584539 0.009652674 0.004986584 0.03534579 0.008113086 -2e-7 0.03583759 0.008097648 0.006891906 0.03521531 0.007479727 0.009819388 0.03598868 0.00764513 0 0.0353583 0.003877997 0.006793439 0.03498125 0.005116999 0.01153671 0.03346288 0.002442598 0.01019245 0.03409886 0.005016446 0.005841434 0.03155303 0.009916961 0.006207883 0.03301179 0.00858426 0.009131193 0.03439819 0.005488753 0.006207883 0.03301179 0.00858426 0.009131193 0.03439819 0.005488753 0.006891906 0.03521531 0.007479727 0.006275296 0.03380835 0.008010685 0.00575304 0.03320258 0.00964725 0.003481388 0.03484815 0.0121501 0 0.03552806 0.01224315 -6e-7 0.03363305 0.01599889 0 0.03499007 0.01414686 0.001692593 0.03373277 0.01569312 0.002866268 0.0342046 0.01405096 -5e-7 0.03233188 0.01648378 0.002170026 0.03213638 0.01590198 -7e-7 0.03066504 0.01581352 0.00257498 0.03061515 0.01505231 0.00508517 0.03094893 0.01184028 0.004009485 0.03044348 0.01400846 0.004906237 0.03271871 0.01202952 0.003744304 0.03241378 0.01434737 0.0115922 0.03500217 0.005150735 0 0.03552806 0.01224315 0.004112482 0.03528267 0.009731948 0.004978299 0.03720873 0.02063959 0.002125442 0.03908026 0.02123326 -5e-7 0.03936851 0.02146559 0.002447783 0.03514558 0.02216345 0.005040228 0.03393989 0.0201177 0.00238651 0.03719097 0.02201956 -5e-7 0.03733116 0.02231901 -3e-7 0.03473067 0.02269375 0.00751394 0.03230816 0.01332837 0.006799161 0.02972555 0.01431351 0.007967591 0.03215509 0.01514798 0.005960047 0.03190356 0.0156129 0.006799161 0.02972555 0.01431351 0.00751394 0.03230816 0.01332837 0.005960047 0.03190356 0.0156129 0.003179669 0.03117376 0.01647776 0.003809928 0.03337448 0.0172379 0.004135072 0.03097873 0.01648736 0.004428267 0.03156518 0.01545256 0.003809928 0.03337448 0.0172379 0.003179669 0.03117376 0.01647776 0.004428267 0.03156518 0.01545256 0.005190253 0.03261989 0.01663053 0.004898846 0.02984786 0.01690888 0.004909873 0.0329923 0.01826781 0.003356397 0.03182286 0.018206 0.004898846 0.02984786 0.01690888 0.005190253 0.03261989 0.01663053 0.003356397 0.03182286 0.018206 -0.002759397 0.02424806 0.004652798 -0.002224206 0.02532619 0.004535079 -4e-7 0.02530926 0.005174458 -0.004142165 0.02506786 -5.809e-4 -0.003932178 0.02573299 -6.299e-4 -0.003310084 0.02551257 0.002777636 -0.004120469 0.02412319 0.003319919 -0.007633984 0.004353404 0.005554378 -0.008234083 0.00872159 0.006293535 -0.005355 0.008638858 0.008913576 -0.00794506 0.01298242 0.005645692 -0.009863078 0.008598864 0.001266419 -0.009434998 0.01298165 3.231e-4 -0.006580412 0.001952648 0.0029338 -0.003887653 9.582e-4 0.003935456 -0.005096197 0.01296412 0.008655846 -2e-7 0.008670866 0.009802043 -0.001789212 0.009018778 -0.030133 -0.001255095 0.0102213 -0.03008395 -0.00238943 0.01033693 -0.02409821 -0.003128886 0.008198797 -0.02413129 -0.008442878 0.01598376 -1.955e-4 -0.00752002 0.01577758 -0.004523456 -0.006711006 0.01802629 -0.005264282 -0.009434998 0.01298165 3.231e-4 -0.008666992 0.01298552 -0.004270255 -0.006872892 0.0164045 0.004790246 -0.004713058 0.01639527 -0.007849693 -0.007454097 0.01324802 -0.007940053 -0.004042983 0.01426392 -0.009454965 -0.007592976 0.005552232 -0.007716894 -0.008596062 0.008618891 -0.007601857 -0.008656263 0.005160391 -0.004045248 -3e-7 0.0240001 0.005449295 -2e-7 0.02056419 0.006789684 -0.00376302 0.02034109 0.006101012 -0.002759397 0.02424806 0.004652798 -2e-7 0.01683217 -0.008402466 -0.00607419 0.001537919 -0.004247248 -0.006613731 0.001192986 -0.001087725 -0.003400385 -1.19e-4 -8.036e-4 -0.003183901 3.64e-4 -0.004514098 -0.00486207 0.004113495 0.007850766 -2e-7 4.789e-4 0.004739344 -0.006542026 0.01814228 0.004369795 -0.004802346 0.01651519 0.007307112 -3e-7 4.3e-5 -0.004812002 -3e-7 -3.026e-4 -6.739e-4 -0.009130895 0.004904687 -0.001441419 -0.008442878 0.01598376 -1.955e-4 -0.005680799 0.002414584 -0.007994353 -2e-7 0.001075088 -0.008186399 -0.008858263 0.0048967 0.001746237 -0.005875051 0.0213536 -0.005366981 -0.003855407 0.01972675 -0.00706017 0 0.009815275 -0.03441512 -0.005749464 0.02036476 0.004339158 -0.004120469 0.02412319 0.003319919 -0.003399789 0.02472531 -0.003813624 -0.001203835 0.008037865 -0.03015291 -8e-7 0.01087963 -0.03006821 -2e-7 0.0199967 -0.007764995 -2e-7 0.0167067 0.008240044 -3e-7 0.02456355 -0.005435287 -2e-7 0.003896296 0.0088467 -0.009902775 0.008606493 -0.003259181 -3e-7 -3.026e-4 -6.739e-4 -2e-7 0.01439058 -0.0098266 -8e-7 0.007448554 -0.03016537 0 0.009815275 -0.03441512 -3e-7 0.01179826 -0.01903456 -0.00315994 0.01036661 -0.019059 -4e-7 0.01138311 -0.02408272 -0.003400385 -1.19e-4 -8.036e-4 -0.003982782 0.007106781 -0.01908212 -0.002103269 0.004902303 -0.0190832 -0.002335846 0.006163299 -0.0241611 -0.009130895 0.004904687 -0.001441419 -0.008212864 0.03804659 0.0104565 -0.00728482 0.04167616 0.01113808 -0.005396485 0.03845125 0.01163065 -3e-7 0.05395388 -0.003219783 -3e-7 0.05458348 0.001301527 -0.003562748 0.05399024 0.00132972 -0.003758192 0.05337536 -0.00299257 -0.006515443 0.02979862 0.01308727 -0.004112184 0.02776366 0.01202189 -0.005055189 0.02735257 0.008327484 -0.008129358 0.02983719 0.009475052 -0.002622187 0.02966189 0.01701968 -0.00297296 0.02825069 0.0147596 -0.004710078 0.02956622 0.01563668 -0.01044589 0.04584789 -0.006904423 -0.01024097 0.04853409 -0.003845036 -0.01186275 0.04514163 -0.00327742 -5e-7 0.02861869 0.01640778 -4e-7 0.02796959 0.01483982 -0.001978397 0.02862238 0.01599085 -0.007936894 0.05124646 -0.002717137 -0.003799617 0.05137676 -0.006808519 -3e-7 0.02717316 0.01218783 -0.01221823 0.03925365 -0.008489549 -0.01155716 0.04292553 -0.007435739 -0.01386898 0.03931498 -0.003492414 -0.008338987 0.04596209 -0.01023083 -3e-7 0.02640098 0.008738696 -0.006250441 0.05274921 0.001231372 -2e-7 0.04233998 -0.0145353 -2e-7 0.04614156 -0.01326602 -0.004715502 0.04219228 -0.01380741 -3e-7 0.05381697 0.005230784 -0.00355345 0.0531314 0.005011558 -0.004552662 0.0461384 -0.01247495 -0.008949458 0.04229658 -0.0117982 -5e-7 0.02590495 0.005500972 -0.001988351 0.02594679 0.004972696 -0.02541625 0.02160859 -0.006152749 -0.03003668 0.02142995 -0.00456047 -0.03005903 0.01942902 -0.005875945 -0.02540343 0.01981949 -0.007336974 -0.02054023 0.02141255 0.002655029 -0.02063179 0.01972937 0.003816962 -0.02531689 0.01985758 0.004578292 -0.02543842 0.02154904 0.003041326 -0.02042955 0.01964956 -0.005904853 -0.02049076 0.02163505 -0.004759371 -0.03934967 0.01690638 -0.002303183 -0.0393173 0.01688081 -0.001262784 -0.03459656 0.01642686 -0.001134455 -0.03446537 0.01673287 -0.003198385 -0.02996927 0.02125078 0.00289011 -0.02990412 0.0195508 0.004367232 -0.03477811 0.01905459 0.003558874 -0.03471279 0.02080214 0.002045035 -0.02068364 0.02248245 -9.024e-4 -0.02541142 0.02260959 -8.219e-4 -0.02537989 0.01653474 -7.739e-4 -0.02539479 0.01751732 0.003607094 -0.020473 0.01760709 0.002675831 -0.0205627 0.01675719 -8.763e-4 -0.02989995 0.01696699 -0.004763126 -0.02531439 0.01740658 -0.005559325 -0.02988398 0.01643306 -9.72e-4 -0.03943258 0.02044695 -8.868e-4 -0.04380732 0.01777499 -0.001160264 -0.03940558 0.01953899 -0.002079904 -0.03478968 0.01907056 -0.004034042 -0.02541142 0.02260959 -8.219e-4 -0.02068364 0.02248245 -9.024e-4 -0.0204513 0.01812827 -0.004699051 -0.03937268 0.01968437 0.001021206 -0.03943258 0.02044695 -8.868e-4 -0.03476226 0.01700049 0.002868831 -0.03914487 0.01702839 0.00153774 -0.03928536 0.0184763 0.002097249 -0.02978003 0.01729208 0.003529787 -0.03489398 0.02177715 -8.476e-4 -0.02997839 0.0223459 -8.148e-4 -0.02997839 0.0223459 -8.148e-4 -0.007464528 0.02008265 -0.003983438 -0.007796943 0.01895868 -0.003161311 -0.007533669 0.01831066 -0.004012346 -0.006807804 0.0198794 -0.004525244 -0.007405102 0.01775538 -4.846e-4 -0.01457911 0.01792138 -8.334e-4 -0.01448118 0.01856768 0.00146836 -0.007529795 0.01876509 0.001791954 -0.007092714 0.02246266 -0.003055453 -0.006598412 0.02344864 -6.651e-4 -0.0147131 0.0222792 -9.036e-4 -0.01468247 0.02188748 -0.003149688 -0.006774306 0.02239698 0.001272082 -0.01449269 0.02005171 0.002603173 -0.01457762 0.02149689 0.001343548 -0.0145936 0.01856327 -0.003183186 -0.01457417 0.0199297 -0.004128754 -0.0147131 0.0222792 -9.036e-4 -0.006958663 0.01782649 -3.403e-4 -0.01646906 0.02152478 -0.00338155 -0.01659679 0.02229225 -9.032e-4 -0.005967438 0.02264708 0.002168715 -0.006508409 0.0200411 0.003618419 -0.007192373 0.02026486 0.002234697 -0.0154016 0.0185005 -0.003264129 -0.01634836 0.01791298 -7.876e-4 -0.01630371 0.0184291 -0.003349602 -0.01632159 0.01990896 -0.00433892 -0.01636284 0.0199995 0.002717137 -0.01647287 0.02154058 0.001489043 -0.01555603 0.02180641 -0.003260076 -0.01543027 0.0199182 -0.004233658 -0.006542026 0.01814228 0.004369795 -0.007147431 0.01869708 0.002792119 -0.01629889 0.0184369 0.001537442 -0.004142165 0.02506786 -5.809e-4 -0.004120469 0.02412319 0.003319919 -0.004713714 0.024459 -6.157e-4 -0.005875051 0.0213536 -0.005366981 -0.005429685 0.02338361 -0.003833413 -0.008442878 0.01598376 -1.955e-4 -0.006711006 0.01802629 -0.005264282 -0.004713714 0.024459 -6.157e-4 -0.003399789 0.02472531 -0.003813624 -0.004142165 0.02506786 -5.809e-4 -0.005749464 0.02036476 0.004339158 -0.004845321 0.0235877 0.002493143 -0.006598412 0.02344864 -6.651e-4 -0.01659679 0.02229225 -9.032e-4 -0.004344642 0.03992831 0.01608353 -0.005533576 0.03891849 0.01616305 -0.005389094 0.03884273 0.01453363 -0.0026142 0.04079324 0.01448178 -5e-7 0.004176497 -0.0190919 -4e-7 0.005497694 -0.02416563 -0.03489345 0.02080446 -0.002817571 -0.03489398 0.02177715 -8.476e-4 -0.03939396 0.0178864 -0.002964854 -3e-7 0.02962511 0.01795601 -2e-7 0.01295673 0.009494483 -0.009863078 0.008598864 0.001266419 -3e-7 0.0240001 0.005449295 -0.004184484 0.0109409 -0.01423275 -2e-7 0.01237154 -0.0141949 -2e-7 0.01327669 -0.01134717 -0.005924284 0.01187258 -0.0101431 -0.002944052 0.003988385 -0.0142228 -0.00521034 0.006463885 -0.01422876 -0.006982386 0.006186187 -0.009423196 -0.004951 0.002862632 -0.009501874 -3e-7 0.002937436 -0.01421099 -2e-7 0.001788914 -0.00972718 -0.008093893 0.04872238 -0.007356882 -0.004109859 0.04885613 -0.01045858 -2e-7 0.04886972 -0.01122659 -0.009128093 0.0384168 -0.01236176 -0.004993379 0.03928768 0.01832175 -3e-7 0.05154836 -0.007807374 -0.004557371 0.03855127 -0.0144993 -0.003003776 0.02571219 -0.003968656 -0.003489494 0.02607345 -0.005848944 -0.005673885 0.02648293 -0.004165947 -0.003767192 0.02608948 -6.924e-4 -0.006390333 0.05198633 0.004956603 -0.003399789 0.02472531 -0.003813624 -0.002858281 0.02538561 -0.003917813 -3e-7 0.02456355 -0.005435287 -2e-7 0.02566516 -0.004715383 -0.01032721 0.04707098 0.009541869 -0.01032686 0.04453849 0.009461879 -0.01223498 0.04604172 0.008541166 -0.004918992 0.03850466 0.01301133 -0.0034042 0.04056018 0.0124225 -0.008554697 0.05129832 0.00217849 -0.006806015 0.03709018 0.016245 -0.006490767 0.03660655 0.01847898 -1.1e-6 0.02575349 -0.004591882 -0.007734954 0.02759289 -0.001158118 -2e-7 0.03896266 -0.01485353 -0.0125119 0.04205858 -0.002670586 -0.006613731 0.001192986 -0.001087725 -5e-7 0.04141771 0.01435655 -0.00281924 0.04088646 0.01619625 -4e-7 0.0410676 0.01884573 -0.003070712 0.04061228 0.01838606 -3e-7 0.0416063 0.0163325 -0.005521893 0.04991012 0.01096218 -0.008075058 0.05016887 0.008392155 -0.00578624 0.05032116 0.00835669 -0.003211498 0.04941093 0.01071792 -0.008343756 0.04872286 0.01106941 -0.003565669 0.05126708 0.00919336 -2e-7 0.05212879 0.009741067 0 0.05085945 0.01176685 -0.0034042 0.04056018 0.0124225 -0.002235293 0.0418843 0.01308256 -5e-7 0.04249721 0.01385778 -2e-7 0.04468858 0.01460057 -0.002524495 0.04457902 0.01398211 -0.004918992 0.03850466 0.01301133 0 0.04731017 0.01466059 -0.003198385 0.04822939 0.01371437 -3e-7 0.04907149 0.01371991 -0.002861261 0.04659938 0.0141108 -0.006718218 0.04592388 0.01124018 -0.008343756 0.04872286 0.01106941 -0.007034063 0.04740065 0.01198768 -0.003593564 0.04387307 0.01237899 -0.003956735 0.04597663 0.01331025 -0.003593564 0.04387307 0.01237899 -0.007034063 0.04740065 0.01198768 -0.003956735 0.04597663 0.01331025 -0.004892826 0.03248745 0.01920443 -0.006290972 0.03267115 0.01745617 -0.006897211 0.0341109 0.01818352 -0.008722543 0.03769445 0.01075345 -0.009814679 0.03645527 0.009937882 -0.0105676 0.03349971 0.0095371 -0.01230609 0.03342443 0.007252097 -0.007301867 0.0373218 0.01439899 -0.00797367 0.03749239 0.01222819 -0.00797367 0.03749239 0.01222819 -0.009186983 0.03621536 0.01162379 -0.008722543 0.03769445 0.01075345 -0.002590477 0.0330109 0.02121692 -4e-7 0.03217059 0.02172368 -0.002582252 0.03145241 0.01997762 -3e-7 0.03005778 0.0200321 -0.01065593 0.04156357 0.008578956 -0.0102396 0.03909987 0.009240448 -0.01013106 0.03829956 0.009651899 -0.01116579 0.0368148 0.008449792 -0.01013106 0.03829956 0.009651899 -0.0117194 0.04019659 0.007902383 -0.01121658 0.03862506 0.008631765 -0.01238477 0.04229635 0.007676303 -0.007742106 0.03539001 0.01633119 -0.008702695 0.03551149 0.01394438 -0.008059084 0.03191792 0.01543337 -0.008974552 0.03261941 0.01339179 -0.009319067 0.03320878 0.01139748 -0.01129639 0.04836398 0.001075685 -0.01032721 0.04707098 0.009541869 -0.01223498 0.04604172 0.008541166 -0.01175659 0.0484963 0.006982088 -0.01037281 0.04959821 0.008214652 -0.009713053 0.04939806 0.005297601 -0.004708409 0.03192591 0.01662868 -0.002812623 0.03152287 0.01780229 -3e-7 0.0311957 0.01851999 -0.00818479 0.03528255 0.01005429 -0.006711483 0.03413748 0.01318985 -0.003566682 0.03172981 0.01665079 0 0.03285038 0.01619791 0 0.03382045 0.01432937 -0.001691222 0.03090333 0.01764219 -0.004511833 0.03180199 0.01693785 -6e-7 0.03029328 0.01781529 -0.002750754 0.03085219 0.01826268 -0.009463667 0.03284072 0.009183943 -0.01207107 0.03226608 0.006777644 -0.006420612 0.03169041 0.0144096 0 0.03448927 0.0114504 -0.00689888 0.03141152 0.0147944 -0.007113099 0.03273618 0.01056367 0 0.03447258 0.006261587 -0.009048283 0.03291964 0.006863892 -2e-7 0.02987372 0.01861333 -0.008357465 0.03266578 0.01107239 -0.007882475 0.03204578 0.0129323 -0.01207107 0.03226608 0.006777644 -0.009463667 0.03284072 0.009183943 -0.008357465 0.03266578 0.01107239 -0.007882475 0.03204578 0.0129323 -0.00689888 0.03141152 0.0147944 -0.004511833 0.03180199 0.01693785 -0.002750754 0.03085219 0.01826268 -2e-7 0.02987372 0.01861333 0 0.03480088 -3.538e-4 -0.01153671 0.03346288 0.002442598 -3e-7 0.0311957 0.01851999 -0.002812623 0.03152287 0.01780229 -3e-7 0.03131371 0.01716613 -0.002926588 0.03171247 0.01646536 -0.004708409 0.03192591 0.01662868 -0.006711483 0.03413748 0.01318985 -0.005307972 0.03363829 0.0129913 -0.00818479 0.03528255 0.01005429 -0.006531715 0.03499317 0.009866595 -0.006860733 0.02760815 0.004988491 -0.003244817 0.02604389 0.003286421 -0.00729084 0.02748239 0.002639472 -0.007180631 0.0275188 -0.00562191 -0.009902775 0.02973228 0.005740106 -0.009819388 0.03598868 0.00764513 -0.01179742 0.03242588 0.006367683 -0.01213634 0.03457003 -0.008611142 -0.009038269 0.03445488 -0.01207929 -0.007834792 0.03167372 -0.01092058 -0.004289925 0.03485006 -0.01442277 -0.003710687 0.03178298 -0.01284468 -3e-7 0.03213918 -0.01364094 -2e-7 0.03504061 -0.0148791 -0.01096349 0.0318163 -0.008147478 -0.01437896 0.03508448 -0.003725588 -0.01294219 0.03189677 -0.003499209 -0.009188354 0.02944916 -0.007076561 -0.01060169 0.02955102 -0.003051996 -0.01358026 0.03220969 0.003647804 -0.01442062 0.03505688 0.003967106 -0.01494807 0.03511428 8.754e-4 -0.01352435 0.03183567 6.467e-4 -0.01090455 0.02955561 9.53e-4 -0.01052963 0.02961248 0.003308296 -0.006418645 0.02919346 -0.009570479 -0.01168882 0.03688579 0.007085084 -0.01121658 0.03862506 0.008631765 -0.0122044 0.0402922 0.006221592 -0.0117194 0.04019659 0.007902383 -0.01238477 0.04229635 0.007676303 -0.0115922 0.03500217 0.005150735 -0.01339703 0.03829962 0.004675865 -0.0115922 0.03500217 0.005150735 -0.01424378 0.0391227 0.001474738 -2e-7 0.02606111 -0.006806731 -0.002181351 0.02724903 -0.009168863 0 0.02758049 -0.0100944 -0.004741907 0.02715009 -0.007895886 -0.003229439 0.02947229 -0.01129871 -2e-7 0.0296815 -0.01199406 -0.004112601 0.03528267 0.009731948 -0.004986763 0.03534567 0.008113145 0 0.03584539 0.009652674 -2e-7 0.03583759 0.008097648 -0.009819388 0.03598868 0.00764513 -0.006891906 0.03521531 0.007479727 -0.01153671 0.03346288 0.002442598 -0.006793439 0.03498125 0.005116999 0 0.0353583 0.003877997 -0.01019245 0.03409886 0.005016446 -0.006207883 0.03301179 0.00858426 -0.005841434 0.03155303 0.009916961 -0.009287357 0.0347706 0.005552351 -0.009287357 0.0347706 0.005552351 -0.006207883 0.03301179 0.00858426 -0.006891906 0.03521531 0.007479727 -0.006275296 0.03380835 0.008010685 -0.00575304 0.03320258 0.00964725 -0.003481388 0.03484815 0.0121501 0 0.03552806 0.01224315 -6e-7 0.03363305 0.01599889 -0.001693189 0.03373259 0.01569288 0 0.03499007 0.01414686 -0.002866268 0.0342046 0.01405096 -0.002575159 0.03061509 0.01505219 -0.002170324 0.03213626 0.0159018 -7e-7 0.03066504 0.01581352 -5e-7 0.03233188 0.01648378 -0.00508517 0.03094893 0.01184028 -0.004009485 0.03044348 0.01400846 -0.004906237 0.03271871 0.01202952 -0.003744304 0.03241378 0.01434737 -0.0115922 0.03500217 0.005150735 0 0.03552806 0.01224315 -0.004112601 0.03528267 0.009731948 -0.004978299 0.03720873 0.02063959 -0.002125978 0.0390802 0.0212332 -5e-7 0.03936851 0.02146559 -0.00244832 0.03514564 0.02216327 -0.005040228 0.03393989 0.0201177 -0.002386987 0.03719097 0.02201944 -5e-7 0.03733116 0.02231901 -3e-7 0.03473067 0.02269375 -0.005190253 0.03261989 0.01663053 -0.004909873 0.0329923 0.01826781 -0.004805207 0.03013128 0.0167191 -0.003356397 0.03182286 0.018206 -0.004805207 0.03013128 0.0167191 -0.003356397 0.03182286 0.018206 -0.005190253 0.03261989 0.01663053 -0.00751394 0.03230816 0.01332837 -0.007967591 0.03215509 0.01514798 -0.006799161 0.02972555 0.01431351 -0.005960047 0.03190356 0.0156129 -0.006799161 0.02972555 0.01431351 -0.005960047 0.03190356 0.0156129 -0.00751394 0.03230816 0.01332837 -0.003179669 0.03117376 0.01647776 -0.004135072 0.03097873 0.01648736 -0.003809928 0.03337448 0.0172379 -0.004428267 0.03156518 0.01545256 -0.003809928 0.03337448 0.0172379 -0.004428267 0.03156518 0.01545256 -0.003179669 0.03117376 0.01647776 0.005171418 0.06709009 -0.01110553 0.004523456 0.06592839 -0.009139955 0.003464639 0.0660327 -0.01001179 0.002377629 0.06519395 -0.007251322 0.003569424 0.06421208 -0.00688678 -0.001330256 0.06127816 -0.003368616 -0.003443062 0.06392425 -0.005932927 -0.001664996 0.0629751 -0.003003299 -0.00394088 0.06610679 -0.01103699 -0.003147721 0.06282269 -0.006752133 -0.002841949 0.06884545 -0.01076769 -0.00162369 0.07144439 -0.01173639 -0.002394497 0.06948357 -0.009985446 -0.002450287 0.07087516 -0.01220387 -8.88e-5 0.04923009 0.01424318 -7.82e-5 0.04717671 0.01439529 -0.001448333 0.04722821 0.01367855 4.876e-4 0.06320947 -0.001698732 0.00205022 0.06459957 -0.00399667 0.00266695 0.06278645 -0.003786683 5.387e-4 0.06586098 -0.003542125 0.001452863 0.04906898 0.01379519 0.001869618 0.04898583 0.01273739 0.001735091 0.04730755 0.01353049 0.001173079 0.06905096 -0.01304572 0.001566529 0.07013899 -0.0117706 9.363e-4 0.0700674 -0.01440489 -3e-5 0.05563491 0.007208943 -2.299e-4 0.05326753 0.01020538 -0.001991987 0.05426675 0.006990194 0.001461625 0.05059438 0.01326835 0.002026379 0.05016332 0.01233083 -0.003132641 0.05490952 0.005514383 0.002535462 0.05467325 0.007067084 0.001610994 0.05276888 0.0103693 -1.28e-5 0.05099976 0.01362586 0.004311144 0.06412196 -0.009868681 0.003123581 0.06209117 -0.007376909 0.004339635 0.07403379 -0.01868581 -4.969e-4 0.07166695 -0.01540642 0.002193987 0.07197785 -0.01725333 0.001393496 0.07231217 -0.01479709 2.923e-4 0.07142269 -0.01096469 0.001906037 0.06835228 -0.009216964 -3.565e-4 0.06961435 -0.008797585 -2.922e-4 0.07231897 -0.0129221 -0.001150429 0.07206457 -0.01364243 -0.001695275 0.0489543 0.0138812 -0.001870453 0.0505926 0.01275146 -0.001745045 0.0489934 0.01245188 0.002904593 0.05214458 0.009774088 -0.001639485 0.052675 0.01000535 -0.002089679 0.06448328 -0.0067451 -0.001727283 0.05004572 0.0115844 -9.739e-4 0.0670669 -0.006771624 5.712e-4 0.06748235 -0.006073713 0.001503229 0.06793177 -0.01223284 -0.00394088 0.06610679 -0.01103699 -0.003147721 0.06282269 -0.006752133 -0.002089679 0.06448328 -0.0067451 0.003464639 0.0660327 -0.01001179 0.004311144 0.06412196 -0.009868681 0.005171418 0.06709009 -0.01110553 0.002193987 0.07197785 -0.01725333 -4.969e-4 0.07166695 -0.01540642 9.363e-4 0.0700674 -0.01440489 -0.002450287 0.07087516 -0.01220387 0.001173079 0.06905096 -0.01304572 -0.002841949 0.06884545 -0.01076769 -0.001150429 0.07206457 -0.01364243 0.001869618 0.04898583 0.01273739 0.002026379 0.05016332 0.01233083 -0.001745045 0.0489934 0.01245188 -0.001727283 0.05004572 0.0115844 0.001735091 0.04730755 0.01353049 -0.001448333 0.04722821 0.01367855 0.003721654 0.05270338 0.007232785 0.004635632 0.05560731 0.002999722 0.00348109 0.05625075 0.002472937 0.004361212 0.05267071 0.00494039 0.005226254 0.05446237 0.002123892 0.004621088 0.0574361 -9.276e-4 -0.00198698 0.05156594 0.009655356 0.004621088 0.0574361 -9.276e-4 0.00348109 0.05625075 0.002472937 0.003597736 0.05461972 0.001581311 0.002904593 0.05214458 0.009774088 -0.00198698 0.05156594 0.009655356 0.005226254 0.05446237 0.002123892 -0.00389719 0.0563842 0.00441426 -0.003502905 0.05360549 0.004029393 -0.00466609 0.05557626 0.001248598 -0.004863739 0.0575143 0.002462387 -0.004442512 0.05983108 -0.002207756 -0.002307236 0.05268526 0.006280899 0.003721654 0.05270338 0.007232785 -0.002307236 0.05268526 0.006280899 0.002876996 0.05315613 0.003533661 0.004361212 0.05267071 0.00494039 -0.001263201 0.06589066 -0.00768435 -0.001328229 0.06400668 -0.005281329 0.003010094 0.06719398 -0.009996473 0.00205022 0.06459957 -0.00399667 0.003569424 0.06421208 -0.00688678 0.00266695 0.06278645 -0.003786683 0.003417193 0.06073856 -0.004579365 -0.001328229 0.06400668 -0.005281329 -0.001330256 0.06127816 -0.003368616 0.002377629 0.06519395 -0.007251322 0.003123581 0.06209117 -0.007376909 0.001503229 0.06793177 -0.01223284 -0.001263201 0.06589066 -0.00768435 0.003010094 0.06719398 -0.009996473 -0.002419412 0.06080859 6.1e-4 0.002382934 0.05798482 3.471e-4 1.109e-4 0.05822247 0.005020678 1.917e-4 0.06125247 0.002210021 0.002124071 0.06090438 -1.625e-4 0.003091335 0.05914139 -0.002535939 -0.002580106 0.05869895 -1.975e-4 0.003417193 0.06073856 -0.004579365 -0.002580106 0.05869895 -1.975e-4 0.003091335 0.05914139 -0.002535939 0.002382934 0.05798482 3.471e-4 0.001934528 0.05697369 0.001771926 -0.003228425 0.05777454 0.001148164 -0.003492057 0.05655086 8.442e-4 -0.003228425 0.05777454 0.001148164 -0.004442512 0.05983108 -0.002207756 0.002618074 0.0554021 0.003875315 0.002618074 0.0554021 0.003875315 -3.24e-4 0.05440795 0.003670096 -0.003502905 0.05360549 0.004029393 -0.00466609 0.05557626 0.001248598 -0.002427518 0.05705511 0.002649188 -0.002427518 0.05705511 0.002649188 0.001934528 0.05697369 0.001771926 0.01238477 0.04229635 0.007676303 0.01278138 0.04679721 0.005470991 0.01238477 0.04229635 0.007676303 0.01292568 0.04317307 0.005526483 0.01129639 0.04836398 0.001075685 0.01168882 0.03688579 0.007085084 0.01339703 0.03829962 0.004675865 0.01211893 0.04775977 0.003658711 0.01267868 0.04451858 1.237e-4 0.01310908 0.04413771 0.003117918 0.0124762 0.04163837 7.106e-4 0.01239413 0.04115408 0.003636479 -0.01278138 0.04679721 0.005470991 -0.01267868 0.04451858 1.237e-4 -0.0124762 0.04163837 7.106e-4 -0.01239413 0.04115408 0.003636479 -0.01211893 0.04775977 0.003658711 -0.01292568 0.04317307 0.005526483 -0.01310908 0.04413771 0.003117918</float_array>
          <technique_common>
            <accessor source="#chr514_1-mesh-positions-array" count="1097" stride="3">
              <param name="X" type="float"/>
              <param name="Y" type="float"/>
              <param name="Z" type="float"/>
            </accessor>
          </technique_common>
        </source>
        <source id="chr514_1-mesh-normals">
          <float_array id="chr514_1-mesh-normals-array" count="3231">0.6863957 0.1441702 0.7127944 0.7522598 -0.6334803 -0.1811295 0.9581722 -0.2819644 -0.04901337 0.8033735 -0.5862026 0.104679 0.5253883 -0.8496855 -0.04474115 0.8137819 -0.5726229 0.09930789 0.9703186 0.127508 -0.2054839 0.8893674 -0.2696698 -0.3691938 0.6952199 -0.3763587 -0.6123917 0.5708286 -0.7681648 -0.2899616 0.18455 -0.9771964 -0.1050168 0.2887424 -0.8976314 -0.3329952 0.05331641 -0.912605 -0.4053513 0.1896468 -0.8517626 -0.4884001 0.3254581 -0.4840366 -0.812272 0.4377154 -0.6568478 -0.6139675 0.4311112 -0.1372744 -0.8917953 0.5462104 0.1229332 -0.8285782 0.4007172 -0.02047836 -0.915973 0.4501012 0.2618571 -0.8537212 0.6757659 0.2717469 -0.6851965 0.4685909 0.8834071 -0.003814876 0.4399038 0.8941517 -0.08353102 0.8875607 0.4606881 -0.001617491 0.3877716 0.9186152 0.07602226 0.4195514 0.8487774 0.3217974 0.1961456 0.9468827 0.2548337 0.4970989 0.8358635 0.2328625 0.6228445 0.7732148 0.1191791 0.5955209 0.8026241 -0.03390681 0.8080555 0.5886228 0.02386593 0.80825 0.5183445 -0.2793762 0.9940817 0.1080052 -0.01168859 0.8495726 0.03161823 -0.5265232 0.9237457 -0.3634799 -0.1207327 0.7866909 -0.2343562 -0.5711345 0.9884337 -0.08652263 -0.1245499 0.9518316 0.01046806 -0.3064429 0.9739312 0.1834514 -0.1334303 0.8739179 0.08676612 -0.4782667 0.9415751 0.2147324 -0.2594733 0.9884192 0.09466993 -0.1185969 0.9966123 0.01019346 0.08160895 0.9799548 -0.10062 0.1719422 0.9407794 -0.2834912 0.1859219 0.7850196 -0.5588099 0.2673498 0.8111677 -0.4388955 0.3864942 0.8698215 -0.3290252 0.3676316 0.9352464 -0.3512706 0.04385536 0.9452523 -0.2809327 0.166057 0.9572048 0.1499409 0.2475414 0.8006207 0.5593938 0.2146748 0.5837997 0.7209525 0.3733705 0.9542748 -0.2972571 -0.03158736 0.5466835 0.2309053 -0.8048726 0.6975161 0.5431195 0.4674319 0.8284933 0.2176294 0.515981 0.8654977 -0.1397785 0.4810152 0.9325104 -0.3601251 0.02710092 0.614899 -0.06033623 0.7862944 0.5789498 0.8013435 -0.1505513 0.641592 0.6622226 -0.3870671 0.7852894 0.0242322 -0.6186546 0.8377537 -0.1522911 -0.5243819 0.9578714 0.1444773 -0.2482115 0.8286289 -0.01086485 -0.559693 0.8018853 -0.1677321 -0.5734509 0.7754477 -0.3368778 -0.5340359 0.8936845 -0.2942631 -0.3387291 0.7054257 -0.6561673 -0.267991 0.6644577 0.132391 -0.7355058 0.3234091 0.9194439 -0.2236732 0.4941334 0.8641155 0.09558552 0.8673421 0.4810056 -0.1278734 0.4902541 0.8715561 0.006408929 0.844864 0.4931908 -0.2072866 0.7434771 0.4232091 -0.5178185 0.4657517 0.8349103 -0.2932578 0.8955506 0.3117215 -0.31752 0.9257753 -0.2495875 -0.2839829 0.6547009 0.7029825 -0.2778175 0.4496428 0.8777695 -0.1653543 0.7912006 0.4827468 -0.3754426 0.870796 0.06076312 -0.4878752 0.8996458 0.05163848 -0.4335561 0.7908257 0.4618237 -0.4016388 0.7222672 0.2280699 -0.6529275 0.5998525 0.5647251 -0.5668004 0.4195525 0.3635491 -0.8317498 0.3525019 0.5908909 -0.7256656 0.2613707 0.5826821 -0.7695238 0.1393798 0.8584052 -0.4936738 0.1997194 0.8338529 -0.5145887 0.09289944 0.9394627 -0.3298175 0.2745785 0.8866046 -0.3722085 0.1344372 0.9617829 -0.2385382 0.365647 0.8985988 -0.2425338 0.1622393 0.9675459 -0.193735 0.3921378 0.8990572 -0.1947413 0.3509361 0.7996547 -0.4872333 0.5870018 -0.05224841 -0.8078979 0.7563384 -0.5393741 -0.370173 0.9433278 -0.3316556 0.01171946 0.7040863 -0.4540396 0.5459951 0.3008304 -0.4777212 0.825399 0.2613992 -0.6579691 0.7062204 0.3065105 0.3098371 0.9000292 0.06665319 0.9536232 0.2935305 0.3221327 0.8404443 0.4357566 0.4198517 0.6861922 0.5940244 0.4592239 0.5598766 0.6896751 0.5668668 0.2809308 0.774429 0.6047635 -0.03845387 0.7954763 0.6219964 -0.2672021 0.7360188 0.6165207 -0.4926427 0.6141706 0.5779458 -0.6701754 0.4656649 0.5744372 -0.782244 0.2410731 0.6276272 -0.7752485 -0.07123178 0.4673087 -0.8272817 -0.3118138 0.3657372 -0.7187481 -0.5913016 0.3469755 -0.8096196 -0.4734175 0.4146634 -0.768075 -0.4879704 0.1648352 -0.6210392 -0.7662505 0.1727085 -0.2114985 -0.9619981 0.2133285 0.1819549 -0.9598872 0.540893 -0.2207763 -0.8115989 0.759796 -0.4917799 -0.4252794 0.4972461 -0.8623754 -0.09515821 0.4686908 -0.8565656 0.2159268 0.5466027 -0.8217352 0.161173 0.7307891 -0.6367281 -0.2460176 0.910465 -0.2572509 -0.323845 0.6798081 0.6407135 -0.3568573 0.4718864 0.7271177 -0.4986212 0.4179592 0.8654915 -0.2761064 0.5635728 0.6682241 -0.4856566 0.4776323 0.8387712 -0.2614007 0.438836 0.7057266 -0.556213 0.3829832 0.8073807 -0.4488433 0.3160936 0.4834948 -0.8162828 0.3978222 0.453673 -0.797445 0.2415262 0.1350764 -0.9609472 0.3621424 0.127052 -0.9234234 0.1545171 -0.2546802 -0.9546006 0.2991158 -0.2345683 -0.9249365 0.3053194 -0.6175972 -0.7248131 0.6622006 -0.2697266 -0.699098 0.674295 -0.6739593 -0.3018366 0.8600401 -0.2966498 -0.4151265 0.8188652 -0.5165709 -0.2502283 0.9021536 -0.2112553 -0.3761516 0.8018193 0.2015458 -0.5625523 0.6213779 0.2984506 -0.7244424 0.4698698 -0.8826386 -0.01309257 0.1589441 0.8434905 -0.5130893 0.2691797 0.3254877 -0.9064216 0.3463324 0.9303182 -0.1206731 0.2687809 0.1442023 -0.9523458 0.5198047 -0.3388863 -0.7841933 0.2552919 -0.1986181 -0.9462437 0.3997758 -0.8651381 -0.3028456 0.3942448 -0.9189584 0.009308278 0.5819998 -0.8121446 0.04120081 0.7164327 -0.69687 -0.03311306 0.1686466 -0.6365603 -0.752562 0.1847041 -0.9070094 -0.378442 0.2247143 -0.9736907 -0.03781348 0.3220351 -0.8457389 -0.4254636 0.3254281 0.009338915 -0.9455208 0.2142443 -0.9351975 -0.2819662 0.2756475 -0.9135859 -0.298964 0.2829153 -0.9581277 -0.04416161 0.3026918 -0.9092046 0.2858756 0.2974397 -0.826947 0.477167 0.2913962 -0.702641 0.649141 0.3009192 -0.4700565 0.8297557 0.2899028 -0.2381115 0.9269625 0.2680153 -0.05084413 0.9620721 0.2594131 0.2463203 0.9338262 0.2450065 0.5268494 0.8138805 0.2336841 0.6422728 0.7299845 0.1637965 0.8390033 0.5188874 0.1076404 0.7867487 0.6078159 0.1730741 -0.9843038 -0.03451716 0.1639798 -0.9392597 0.3014994 0.1554944 -0.8353059 0.5273383 0.1317508 -0.6879611 0.7136886 0.1504585 -0.4535121 0.8784584 0.1358716 -0.2225157 0.9654148 0.0887196 -0.04541271 0.9950209 0.0956161 0.1882108 0.9774633 0.1144474 0.4838532 0.8676335 0.1234815 0.6082211 0.7841044 -0.8111677 -0.4388955 0.3864942 -0.9407794 -0.2834912 0.1859219 -0.7850196 -0.5588099 0.2673498 -0.5779255 -0.6701872 0.4656731 -0.6165017 -0.4926519 0.6141821 -0.8698215 -0.3290252 0.3676316 -0.9352464 -0.3512706 0.04385536 -0.9542748 -0.2972571 -0.03158736 -0.9237457 -0.3634799 -0.1207327 -0.9452523 -0.2809327 0.166057 -0.9940817 0.1080052 -0.01168859 -0.8495726 0.03161823 -0.5265232 -0.80825 0.5183445 -0.2793762 -0.5466835 0.2309053 -0.8048726 -0.6501511 0.6615654 -0.3736774 -0.5789498 0.8013435 -0.1505513 -0.1392921 0.8584291 -0.493657 -0.2612761 0.5827364 -0.7695149 -0.3524343 0.5909103 -0.7256826 -0.4194856 0.3635135 -0.8317992 -0.5883192 0.5685427 -0.5750128 -0.7055164 0.2417744 -0.6661769 -0.7660657 0.4907813 -0.4150629 -0.9009246 0.06344926 -0.4293125 -0.7908071 0.4948648 -0.3601847 -0.880231 0.03653132 -0.4731371 -0.7889576 0.01370316 -0.6142949 -0.8377537 -0.1522911 -0.5243819 -0.7866909 -0.2343562 -0.5711345 -0.9884337 -0.08652263 -0.1245499 -0.9799548 -0.10062 0.1719422 -0.8137819 -0.5726229 0.09930789 -0.5744372 -0.782244 0.2410731 -0.2974119 -0.8269546 0.4771714 -0.2913683 -0.7026472 0.6491467 -0.3008915 -0.4700608 0.8297634 -0.6219823 -0.2671961 0.7360328 -0.2899007 -0.2381403 0.9269557 -0.6047627 -0.03848433 0.7954754 -0.2679866 -0.050875 0.9620785 -0.5668668 0.2809308 0.774429 -0.2593827 0.246351 0.9338265 -0.4592239 0.5598766 0.6896751 -0.2449778 0.5268534 0.8138867 -0.4198517 0.6861922 0.5940244 -0.2336553 0.6422774 0.7299897 -0.1637965 0.8390033 0.5188874 -0.3221327 0.8404443 0.4357566 -0.4970989 0.8358635 0.2328625 -0.5837997 0.7209525 0.3733705 -0.6228445 0.7732148 0.1191791 -0.8006207 0.5593938 0.2146748 -0.8080555 0.5886228 0.02386593 -0.9572048 0.1499409 0.2475414 -0.8284933 0.2176294 0.515981 -0.8654977 -0.1397785 0.4810152 -0.6975161 0.5431195 0.4674319 -0.4685909 0.8834071 -0.003814876 -0.2690874 0.3254867 -0.9064494 -0.4399038 0.8941517 -0.08353102 -0.5955209 0.8026241 -0.03390681 -0.6276272 -0.7752485 -0.07123178 -0.525389 -0.8496867 -0.04471069 -0.8033735 -0.5862026 0.104679 -0.9966123 0.01019346 0.08160895 -0.9558242 0.1438055 -0.2563595 -0.8286289 -0.01086485 -0.559693 -0.9518316 0.01046806 -0.3064429 -0.5315529 0.7710981 -0.350513 -0.8955506 0.3117215 -0.31752 -0.4469836 0.8805387 -0.1576619 -0.378194 0.9060541 -0.1898294 -0.3520723 0.903986 -0.2425991 -0.2745252 0.8866295 -0.3721885 -0.1995952 0.833905 -0.5145527 -0.09283894 0.939468 -0.3298194 -0.1344072 0.9617868 -0.2385392 -0.1622096 0.9675508 -0.193736 -0.3509123 0.7995478 -0.4874257 -0.6546694 0.703012 -0.2778171 -0.8875607 0.4606881 -0.001617491 -0.3877716 0.9186152 0.07602226 -0.1961147 0.9468809 0.2548637 -0.06659364 0.9536443 0.2934759 -0.1076404 0.7867487 0.6078159 -0.1234484 0.6082088 0.7841191 -0.1144474 0.4838532 0.8676335 -0.09558528 0.1882408 0.9774605 -0.08868932 -0.04541283 0.9950237 -0.1358706 -0.2225447 0.9654082 -0.1504585 -0.4535121 0.8784584 -0.131721 -0.6879948 0.7136615 -0.1554622 -0.8352964 0.5273629 -0.3026641 -0.909213 0.2858783 -0.4698698 -0.8826386 -0.01309257 -0.4673087 -0.8272817 -0.3118138 -0.2887424 -0.8976314 -0.3329952 -0.18455 -0.9771964 -0.1050168 -0.05334681 -0.9126034 -0.4053506 -0.4377154 -0.6568478 -0.6139675 -0.3254308 -0.4840413 -0.8122799 -0.4311112 -0.1372744 -0.8917953 -0.5461945 0.1229601 -0.8285846 -0.4007172 -0.02047836 -0.915973 -0.4500327 0.2618222 -0.853768 -0.2132691 0.1819868 -0.9598944 -0.5408075 -0.2208399 -0.8116385 -0.3252362 0.009338676 -0.9455868 -0.3219174 -0.8457502 -0.4255303 -0.4971855 -0.8624069 -0.09518885 -0.3941823 -0.9189855 0.009277701 -0.5819659 -0.8121704 0.04117006 -0.6742645 -0.6739898 -0.3018366 -0.7164327 -0.69687 -0.03311306 -0.8188652 -0.5165709 -0.2502283 -0.7307891 -0.6367281 -0.2460176 -0.9176494 -0.2464725 -0.3117224 -0.8976861 -0.2807138 -0.3396461 -0.8878859 0.4440803 -0.1202139 -0.8536701 0.4638237 -0.2368864 -0.5674951 0.8219294 -0.04879933 -0.744067 0.381464 -0.5484976 -0.8029254 -0.1560744 -0.575284 -0.7754477 -0.3368778 -0.5340359 -0.6644577 0.132391 -0.7355058 -0.8739179 0.08676612 -0.4782667 -0.9739312 0.1834514 -0.1334303 -0.9884192 0.09466993 -0.1185969 -0.9581722 -0.2819644 -0.04901337 -0.7522598 -0.6334803 -0.1811295 -0.5708286 -0.7681648 -0.2899616 -0.6952199 -0.3763587 -0.6123917 -0.8893674 -0.2696698 -0.3691938 -0.9703186 0.127508 -0.2054839 -0.9415751 0.2147324 -0.2594733 -0.5465676 -0.8217589 0.1611716 -0.2246789 -0.9737002 -0.03778219 -0.6757101 0.2717185 -0.6852628 -0.7597733 -0.4917849 -0.4253143 -0.4686817 -0.8565794 0.215892 -0.7054257 -0.6561673 -0.267991 -0.1896153 -0.8517886 -0.488367 -0.3657107 -0.7187561 -0.5913082 -0.1727085 -0.2114985 -0.9619981 -0.1647727 -0.6210642 -0.7662436 -0.4146347 -0.7681087 -0.4879419 -0.3469451 -0.8096505 -0.4733872 -0.214217 -0.9352117 -0.2819399 -0.2756193 -0.9135935 -0.2989665 -0.2828789 -0.9581385 -0.04416072 -0.1639204 -0.9392691 0.3015025 -0.1730445 -0.984309 -0.03451734 -0.6112608 0.7910776 0.02359098 -0.3624475 0.9059663 -0.2187625 -0.184643 -0.9070092 -0.3784724 -0.3997396 -0.8651564 -0.3028413 -0.3052515 -0.6176139 -0.7248273 -0.1685906 -0.6365486 -0.7525843 -0.1544576 -0.2546826 -0.9546098 -0.6282753 0.3059278 -0.715317 -0.7993233 0.1879971 -0.5707359 -0.5577042 0.6539 -0.5112543 -0.497801 0.691202 -0.5238645 -0.4182649 0.8622879 -0.2855066 -0.7037044 0.6240195 -0.3397057 -0.8952571 -0.2047548 -0.3957149 -0.8631849 -0.2682975 -0.4277012 -0.6668437 -0.2647842 -0.6965693 -0.2990581 -0.2346014 -0.9249468 -0.3582019 0.159584 -0.9199046 -0.264328 0.1519558 -0.9523866 -0.3928725 0.475091 -0.7873626 -0.3763345 0.4703648 -0.798204 -0.4381672 0.6783244 -0.5898182 -0.4131976 0.7883075 -0.4558938 -0.4795216 0.8189894 -0.3151438 -0.3462676 0.9303386 -0.1207023 -0.2686292 0.1442638 -0.9523794 -0.1587631 0.8435019 -0.5131267 -0.5868545 -0.05237102 -0.807997 -0.5197423 -0.3389159 -0.7842219 -0.7562957 -0.5393959 -0.3702281 -0.9257592 -0.2495833 -0.284039 -0.9433278 -0.3316556 0.01171946 -0.9325096 -0.3601248 0.02713143 -0.7040263 -0.4541318 0.5459958 -0.6146821 -0.06021386 0.7864733 -0.3007641 -0.4776824 0.8254457 -0.2611229 -0.6595215 0.7048732 -0.3058295 0.3154124 0.8983226 -0.4194238 0.8488883 0.3216711 -0.2552318 -0.1986798 -0.9462469 -0.6310148 -0.59723 -0.4951128 -0.3551869 -0.7505376 -0.5572571 -0.5127796 -0.7214987 -0.465292 -0.8131742 -0.428637 -0.3937234 -0.7186108 -0.5882622 -0.3708723 -0.9522415 -0.1013523 -0.2880346 -0.9237818 -0.2649666 -0.2764418 -0.6914444 -0.6558895 -0.3028426 -0.2280675 -0.8969497 -0.3787698 -0.2088701 -0.9522144 -0.2228476 -0.8474099 -0.3468258 -0.4020054 -0.6379134 -0.4849509 0.5982384 -0.01391679 0.5813638 0.8135247 -0.9734881 0.2207118 0.06006091 -0.4967305 -0.7983213 -0.3405027 0.3205741 -0.926381 0.1976121 0.07492536 -0.9815992 -0.1756398 0.2791867 -0.9602153 0.006439447 0.6385553 -0.6636117 -0.3897009 0.4800069 -0.7946301 -0.3716941 0.8903076 -0.275894 -0.3622635 0.7431204 -0.4651179 -0.4810796 -0.2794669 -0.7996106 -0.5315274 0.02603286 -0.7583116 -0.6513722 -0.701277 -0.5682426 -0.4304775 -0.2538309 -0.7687563 -0.5870126 -0.6113342 -0.6719762 -0.4179937 0.04025471 -0.7231198 -0.6895488 -0.670201 -0.5765376 -0.4673705 -0.09146583 -0.8086653 -0.5811148 -0.8770931 -0.313738 -0.363698 -0.8095546 -0.3909215 -0.4379518 -0.1917223 -0.7313343 -0.6545172 -0.881645 -0.2137275 -0.4207407 -0.1607147 -0.6100506 -0.7758925 0.0307638 -0.7974186 -0.6026419 0.1195727 -0.8170803 -0.5639878 -0.5993706 -0.4368547 -0.6707555 -0.8745592 -0.1291574 -0.4674021 -0.9152541 -0.09403103 -0.3917503 -0.6319544 -0.1061446 -0.7677024 -0.5778802 -0.03018343 -0.8155634 -0.01397776 -0.1635217 -0.9864408 0.02301102 -0.07373297 -0.9970126 0.629758 0.07107853 -0.7735326 0.7398735 -0.03296053 -0.6719381 0.9954212 0.09555625 0.002411007 0.8523814 -0.3705077 -0.3690122 0.9982084 0.01602232 0.05764997 0.730057 -0.5521283 -0.4027048 0.9477756 -0.2006946 -0.2478774 0.7453341 -0.4077944 -0.5274287 0.9400889 0.01638889 -0.3405354 0.78226 -0.07760947 -0.6180989 0.9188748 0.1839398 -0.3490491 0.667981 -0.4869086 -0.5627802 0.9821147 0.146188 -0.1186594 0.721139 -0.5520014 -0.4186323 0.6986086 -0.6640612 -0.2663996 -0.1916311 -0.8896095 -0.4145753 0.393391 -0.7616038 -0.5149791 0.02243155 -0.6314101 -0.7751246 -0.941519 -0.3354676 -0.03167897 -0.8723051 -0.4320935 -0.2288649 -0.8812098 -0.07254397 0.467126 -0.9608852 0.02417087 0.2758902 0.9673836 -0.06210565 -0.2455844 0.7703061 -0.40496 -0.4925808 0.5333229 -0.7178115 -0.447564 -0.6692845 -0.5619487 -0.4860782 -0.9001376 -0.2265451 -0.3720613 0.1912958 -0.9198862 -0.342367 -0.6213813 -0.5674836 -0.5402294 -0.9489082 0.2160466 -0.2299939 -0.9774274 0.1187794 -0.1747204 -0.9493615 -0.2610614 -0.1748141 -0.949382 -0.1475284 -0.2773253 0.8342656 -0.3713544 -0.4075499 0.9754409 0.1922377 0.1075176 0.9303964 0.3438554 -0.1269887 0.7716792 -0.5541075 -0.3122119 0.1417613 -0.9098357 -0.3900037 0.7492505 -0.5598778 -0.3537805 0.8220044 -0.4878191 -0.293839 0.9974918 -0.05722361 0.04165875 0.1135919 0.9700179 0.2148542 -0.1521385 0.777692 0.6099581 0.1980405 0.7605134 0.6183845 0.01800632 0.9882749 0.1516197 -0.04138416 0.9248877 0.3779817 -0.08240163 0.9185649 0.3865859 -0.1262283 0.8760907 0.4653297 -0.1133165 0.6329307 0.7658709 -0.1590327 0.7079106 0.6881651 -0.1119132 0.5703697 0.8137283 -0.04062086 0.4050187 0.9134056 -0.0355547 0.5231274 0.8515126 0.03146499 0.4249453 0.904672 -8.85047e-4 0.6003367 0.7997469 -0.1665126 0.7991749 0.5775753 -0.5926173 0.4074587 0.6948254 -0.3235352 0.6679152 0.6702346 -0.6703318 0.3919934 0.6300766 -0.8947614 0.08374464 0.4386217 -0.472926 0.2828828 0.8344569 0.4095999 0.2472065 0.8781327 0.6183573 0.3274446 0.714433 0.7359749 0.2896595 0.6119136 0.4887297 0.5315172 0.691833 0.6485952 0.3839932 0.657171 0.1537247 0.6653469 0.7305357 0.2134819 0.8287494 0.5173008 0.1287294 0.8361001 0.5332595 0.1648047 0.8159666 0.5541101 0.09857654 0.8760495 0.4720382 0.04455763 0.7222005 0.6902471 0.3742882 0.2274906 0.8989753 0.5250178 0.4895548 0.6961987 0.6260069 0.3794434 0.6812769 0.9197709 -0.1355638 0.368299 -0.7346247 0.4659958 0.4931272 -0.7263998 0.4414982 0.5267093 -0.7274656 0.4613956 0.5078465 -0.2363116 0.6164306 0.7511126 0.125525 0.8131506 0.568357 -0.02771162 0.8918386 0.4515043 0.223523 0.7868171 0.5752881 0.3825621 0.6369727 0.6692624 0.4264253 0.6495265 0.6295053 0.4808868 0.471426 0.7392601 0.5204793 0.6830261 0.5124222 0.6630958 0.4706403 0.5820668 0.5653948 0.7376746 0.3690052 0.3467569 0.7009606 0.6232287 -0.2237036 0.9660456 0.1292781 -0.1042215 0.9731212 0.2053607 -0.05050915 0.9952601 0.08310365 -0.2296867 -0.8349416 0.5001165 -0.6882966 -0.4594341 0.5613983 -0.3508825 -0.5267968 0.7741878 -0.08994007 -0.6704766 0.7364591 -0.1257713 -0.3613216 0.9239201 -0.4723153 -0.3781635 0.7961851 -0.1745979 -0.3392466 0.9243524 -0.3609819 -0.3552443 0.8622608 -0.2892926 -0.5040267 0.8137978 -0.3138891 -0.5371059 0.7829374 -0.3898833 -0.3860989 0.8360136 -0.7487295 -0.2514178 0.613346 -0.8593513 -0.3191362 0.399584 -0.7899331 -0.3509423 0.5028373 -0.9295776 -0.2630431 0.2582516 -0.8897636 -0.001861631 0.4564181 -0.9860162 0.03274714 0.1634001 -0.8738025 0.4201003 0.2449186 -0.9106777 0.3880451 0.1417288 -0.6099647 0.7619829 0.2175437 -0.6036716 0.7748238 0.1876936 -0.2458028 0.9428037 0.2251717 -0.2009059 0.9063199 0.3717813 -0.5906332 0.7180499 0.3681806 -0.2193427 0.9197316 0.32555 -0.52869 0.7317365 0.4301729 -0.2935972 0.9187273 0.2640849 -0.5304 0.7900302 0.3074544 -0.5342648 0.816504 0.2188208 -0.9087897 0.2669787 0.3206613 -0.9528357 0.2156782 0.2135114 -0.6859161 -0.6482861 0.3305215 -0.7482754 -0.6444178 0.1575108 -0.3303946 -0.9170541 0.2232742 -0.4086483 -0.908304 0.08938986 -0.7263255 -0.6750839 0.1292791 -0.4037721 -0.9111273 0.08255505 -0.7070621 -0.6790152 0.1974878 -0.4581763 -0.8778075 0.1397448 -0.8416286 -0.4008089 0.361958 -0.9491651 0.05099689 0.3106203 -0.6344942 0.6817684 0.3641551 -0.9773502 0.0169382 0.2109494 -0.6437153 0.7112547 0.282396 -0.311542 0.9224182 0.228224 -0.8496311 0.2450101 0.4670087 -0.8507156 0.3904899 0.3518529 -0.9997236 0.02334731 -0.002807736 -0.9694588 -0.2171714 0.113957 -0.9369186 -0.3032724 0.1738086 -0.2738844 0.9192557 0.2827658 -0.4135069 0.838184 0.3556117 -0.3967237 0.801993 0.4465621 0.8646708 -0.288132 -0.4114907 0.5237458 -0.7764477 -0.3504559 0.7638138 -0.2012462 -0.6132606 -0.1993847 -0.9381734 -0.282978 0.3916787 -0.8633778 -0.3180673 -0.286082 -0.9498631 0.1261641 -0.1099913 -0.9863201 -0.1227788 -0.1695644 -0.9277216 -0.3325368 -0.733376 -0.6798149 0.003387629 -0.04791498 -0.9630916 -0.2648754 -0.1127368 -0.9044583 -0.4113948 -0.6632343 -0.7482291 -0.01654118 -0.3320208 -0.8984614 -0.2872794 -0.2122306 -0.9659025 -0.1482928 -0.09329724 -0.9918745 -0.0864914 -0.1564714 -0.9783812 0.1352301 0.01348942 -0.8216359 -0.5698531 0.4920334 0.03949207 -0.8696802 0.5393995 -0.6871743 -0.4866619 0.2241052 -0.9325866 -0.282947 0.4911115 -0.8249587 -0.279737 0.8542023 -0.340747 -0.3927212 0.1403887 -0.7072846 -0.692849 -0.476804 -0.8691304 0.1314163 -0.2591976 -0.8876442 0.3806631 0.1133785 -0.962268 0.2473575 -0.4327371 -0.745929 0.5062893 0.02487277 -0.9549015 0.2958794 0.4754599 -0.7933487 -0.3801786 0.1646189 -0.9863404 0.00576806 0.6059923 -0.5814548 -0.5428478 0.4417918 -0.8752824 -0.1967249 0.1186895 -0.9905648 -0.06851577 0.09818118 -0.9934401 0.0586279 0.08246344 -0.9897443 0.1166452 -0.09622669 -0.03598201 0.9947088 0.3879863 -0.5585257 -0.7331546 0.2202907 0.02545332 -0.9751022 0.112188 -0.5776035 -0.8085716 0.216562 -0.8976213 -0.383897 0.1323018 -0.9838551 -0.1205213 -0.04056054 0.9218444 0.385432 -0.1333675 0.7802768 0.6110495 -0.2785832 0.909363 0.3089503 -0.2420807 0.9251073 0.2925295 -0.2689055 0.9545828 0.1283031 -0.1133478 0.9777706 0.1764003 -0.1892178 0.9809416 0.04416096 -0.05484229 0.984384 0.1672735 0.2620026 0.9646334 -0.02893167 0.5822552 0.804988 0.1138995 -0.1847343 0.7746756 0.6047737 -0.05237138 0.9980172 0.03491425 0.02716177 0.9790457 0.2018213 -0.03445595 0.9564365 0.2899004 -0.276593 0.908121 0.3143449 0.06897395 0.993531 0.09021556 0.2026458 0.8852021 0.4187505 0.1222619 0.7698899 0.6263558 0.2555657 0.8515396 0.4577842 0.2063083 0.749943 0.628508 0.0198071 -0.823507 -0.5669602 -0.01239061 -0.03146481 -0.999428 -0.1665742 -0.03415107 -0.9854373 -0.08414244 -0.829461 -0.5521907 0.3503286 -0.8976884 0.2672556 0.04678583 -0.9782913 0.2018842 0.3647654 -0.699683 0.6143208 0.5420491 -0.6943086 0.4734116 0.7309094 -0.228102 0.6432271 0.8191375 -0.4082259 0.4029461 0.83372 -0.02026462 0.5518154 0.9124634 0.1226567 0.3903407 0.8636372 -0.5039359 -0.01339799 0.958033 0.2715917 -0.09171062 0.9360845 -0.07886153 -0.342822 0.4421032 0.6859222 -0.5779753 0.5420873 -0.2262715 -0.8092854 0.4345951 -0.7043859 -0.5612198 0.04214715 -0.9418563 -0.3333624 -0.02920705 -0.9548903 -0.2955192 -0.1196962 -0.7968558 -0.5921941 -0.03741598 -0.9573737 -0.2864186 0.006653189 -0.963041 -0.2692731 0.002960324 -0.8489842 -0.5284101 0.08801829 -0.9565128 -0.278094 0.1207962 -0.828391 -0.5469706 0.2071327 -0.9242997 -0.320572 0.2363129 -0.8081272 -0.5395246 0.4172263 -0.7354182 -0.5339312 0.2435721 -0.1813744 -0.9527728 0.4501572 -0.1270511 -0.8838646 0.1268982 0.7601991 -0.6371768 0.2847161 0.7901794 -0.5427276 0.1370599 0.9901517 -0.02853506 0.9850503 0.1282393 0.1150248 0.2077775 0.8604696 0.4652103 0.3113538 0.07681602 0.9471843 0.1344068 0.8037247 0.5796218 0.3083972 -0.1190556 0.943778 0.3281098 -0.06506645 0.9423961 0.243175 -0.8065244 0.5388731 0.02780342 -0.7983337 0.6015733 0.02270644 -0.9790639 0.2022829 -0.1727091 -0.8000345 0.5745575 -0.03353995 -0.9765053 0.2128676 -0.01834177 -0.9708333 0.2390537 -0.05533152 -0.7763207 0.6279051 0.05484324 -0.7928313 0.6069686 -0.1111519 0.04535192 0.9927682 -0.07150638 0.06772202 0.9951385 -0.1061751 0.8204999 0.5616999 -0.0706216 0.8134919 0.5772726 0.0032655 0.9999861 -0.004150569 -0.1072122 0.9932926 0.04330605 -0.02035611 0.8298724 -0.5575819 -0.1783267 0.8276033 -0.5322334 -0.2202251 -0.04010194 -0.9746244 -0.05472058 -0.1670916 -0.9844217 0.1160046 -0.1744189 -0.9778145 0.02050858 0.7534177 -0.6572224 -0.02172958 0.9996845 -0.01260435 0.04113924 0.9991534 3.96744e-4 0.381552 -0.854143 -0.3533522 0.337751 -0.8526939 -0.3985443 0.5453857 -0.7787082 0.3101099 0.02130198 -0.807645 0.5892842 0.408284 -0.1129816 0.9058363 0.5620056 0.6726061 0.4814051 0.5818778 -0.7882177 0.2003276 0.7024071 -0.6727115 0.2325588 0.2613946 -0.752139 0.6049462 0.3474302 -0.6120009 0.7104557 0.3405652 -0.7620067 0.5507824 0.1713354 -0.8833815 0.4362125 0.1160334 -0.9581153 0.261823 -0.005554497 -0.01007133 0.999934 -0.3126431 0.074651 0.9469327 -0.241222 0.01702958 0.9703205 -0.17045 0.8336337 0.5253586 -0.133247 0.9910815 0.001617491 -0.2080502 0.7753434 -0.5962865 -0.08087629 0.7477244 -0.6590656 -0.05838322 0.9982836 -0.004608392 -0.09079378 0.8314574 0.5481198 0.1137752 0.8051245 0.5820909 -0.1511293 0.9868881 0.05667346 -0.2271545 0.802747 0.5513602 0.8790128 -0.1507951 -0.4523244 0.7883883 -0.3115649 -0.5304446 0.6442266 -0.5968306 -0.4782945 0.635904 -0.7387546 -0.223311 0.7226333 -0.6200888 -0.305436 0.7642902 -0.5733016 -0.2952724 0.7230308 -0.4134438 -0.5534355 0.7236367 -0.6698622 -0.1662371 -0.8514544 -0.3361992 -0.4024868 0.6601361 -0.4249836 0.6193621 0.2942975 -0.5265798 0.7975605 0.7619152 -0.3774326 0.5263364 0.8910297 0.02053916 0.4534803 0.9331155 -0.2746396 0.2320962 0.9857627 0.0348221 0.1644972 0.8494997 0.2450685 0.4672172 0.8825581 -0.3304023 0.3345529 0.4577276 -0.4193038 0.7840088 0.1255245 -0.3619245 0.9237177 0.0887205 -0.6703938 0.7366824 0.2295352 -0.8347625 0.5004851 0.6861036 -0.6483818 0.3299438 0.9088656 0.266861 0.3205445 0.5304567 0.7899932 0.3074519 0.5287169 0.7317009 0.4302004 0.3304582 -0.9170307 0.2232759 0.1747844 -0.3391007 0.9243707 0.3897264 -0.3862777 0.8360042 0.3610777 -0.3549737 0.862332 0.3139241 -0.5371136 0.782918 0.2893558 -0.5040303 0.8137732 0.7577276 -0.1843962 0.6259768 0.9351667 -0.3024444 0.1843659 0.9692498 -0.2190647 0.1120959 0.9996656 0.0243538 -0.008697748 0.9092963 0.3905573 0.1436855 0.8720486 0.4223823 0.247234 0.8513644 0.3905546 0.3502082 0.5906462 0.7180351 0.3681887 0.2193717 0.9197254 0.3255479 0.2936589 0.9186987 0.2641159 0.5343701 0.8164334 0.2188265 0.9528357 0.2156782 0.2135114 0.7483317 -0.6443527 0.1575098 0.4087726 -0.908248 0.08939039 0.7264108 -0.6749864 0.1293085 0.4039591 -0.9110443 0.08255583 0.7073417 -0.6787148 0.1975197 0.4588195 -0.8774762 0.139715 0.8417558 -0.4005672 0.3619297 0.9491666 0.05096644 0.3106208 0.6348094 0.6815046 0.3640998 0.9773502 0.0169382 0.2109494 0.6438109 0.7111676 0.2823978 0.3117271 0.9223629 0.2281949 0.4140856 0.8379375 0.3555191 0.3972996 0.8017102 0.4465577 0.2740951 0.9191845 0.2827931 0.6105334 0.761511 0.2176007 0.2458314 0.9427966 0.22517 0.6036219 0.7748689 0.1876666 0.2237036 0.9660456 0.1292781 0.1042549 0.9731165 0.2053662 0.2009115 0.9063144 0.3717916 0.05057007 0.9952571 0.08310335 0.9094359 -0.3254241 -0.2588927 0.7892881 -0.2977761 -0.5369857 0.8405638 -0.3195375 -0.4374338 0.9305458 -0.2564876 -0.2613403 0.1958132 0.4907845 -0.8489922 0.1778055 0.8962301 -0.4063951 0.3865293 0.5100721 -0.7683891 0.298079 0.8816936 -0.3657395 0.7507417 0.4550107 -0.4789072 0.6064813 0.7496478 -0.2649693 0.9061676 0.3878648 -0.1685864 0.6218613 0.7703073 -0.1411212 0.8953062 0.4390162 -0.07544302 0.9640674 0.06726402 -0.2570012 0.8400995 0.04361176 -0.5406765 0.8467889 -0.2437883 -0.4727747 0.4388666 -0.2216917 -0.8707749 0.4803724 -0.3602488 -0.7996644 0.1700227 -0.2007555 -0.9647744 0.1927284 -0.3280503 -0.9247913 0.1896454 -0.3502671 -0.91725 0.4313337 -0.3787484 -0.8188413 0.2072268 -0.3741374 -0.9039239 0.4527208 -0.4098415 -0.79188 0.6366583 -0.4168905 -0.6487439 0.6240878 -0.3304317 -0.7080462 0.4339582 0.08176201 -0.8972153 0.1742017 0.07251286 -0.9820365 0.09940087 0.9779561 -0.1836338 0.2192497 0.9555858 -0.1969402 0.4327371 -0.745929 0.5062893 0.2591976 -0.8876442 0.3806631 0.1246708 -0.9178333 0.3768811 -0.005188226 -0.9619669 0.2731168 0.1881522 -0.9159488 -0.3544525 0.6579605 -0.7517151 -0.04486298 0.2144594 -0.9600775 -0.1796063 0.4844586 -0.8595982 0.1624526 -0.2266327 -0.9731227 0.04086464 -0.2154972 -0.976284 -0.02075314 0.007080316 -0.02072215 0.9997603 -0.08246314 -0.9897408 0.1166753 -0.4417673 -0.8752943 -0.1967276 -0.0981478 -0.9934418 0.05865675 -0.1186897 -0.9905668 -0.06848543 -0.4911073 -0.8249516 -0.2797651 -0.8541935 -0.340774 -0.3927172 -0.8646816 -0.2881356 -0.4114654 0.1127368 -0.9044583 -0.4113948 0.04791498 -0.9630916 -0.2648754 0.6757821 -0.7365454 -0.02862679 0.1993807 -0.9381852 -0.2829418 0.286026 -0.9498796 0.1261664 -0.3916528 -0.8633881 -0.3180711 -0.01345902 -0.8213997 -0.5701943 -0.4919385 0.03946125 -0.8697353 -0.220132 0.0255137 -0.9751365 -0.3878414 -0.5585673 -0.7331997 -0.1120044 -0.5776011 -0.8085988 -0.2165037 -0.8976332 -0.3839021 -0.5393914 -0.687164 -0.4866852 -0.2241052 -0.9325866 -0.282947 -0.5237736 -0.7764436 -0.3504235 -0.7638138 -0.2012462 -0.6132606 -0.1805839 -0.7005143 -0.6904124 0.1564714 -0.9783812 0.1352301 -0.6434422 -0.5593916 -0.5225546 0.1487496 -0.9292731 -0.33812 0.1099913 -0.9863201 -0.1227788 0.09329724 -0.9918745 -0.0864914 -0.1323018 -0.9838551 -0.1205213 0.1038275 0.9713464 0.2137896 0.2913946 0.7344073 0.6129724 -0.5075079 0.8564978 0.09406089 -0.2069206 0.9749072 -0.08209681 0.1589447 0.9856525 0.05679643 0.1090463 0.97162 0.2099134 0.2689055 0.9545828 0.1283031 0.2420807 0.9251073 0.2925295 0.2785832 0.909363 0.3089503 0.04056006 0.9218336 0.3854579 0.1333383 0.7802534 0.6110856 -0.1221971 0.7698662 0.6263976 -0.2061606 0.749869 0.6286448 -0.2554149 0.8514847 0.4579706 -0.2025583 0.8851894 0.4188199 -0.06897395 0.993531 0.09021556 0.276593 0.908121 0.3143449 0.03445595 0.9564365 0.2899004 -0.02716177 0.9790457 0.2018213 0.1443873 0.9752171 0.1676431 -0.6524136 -0.4075477 0.6389534 -0.9041892 0.3890879 -0.1762172 -0.6053853 0.7406477 -0.2914614 -0.7600783 0.4574509 -0.4615405 -0.8340756 0.06650018 -0.5476273 -0.4415531 0.09140527 -0.8925671 -0.4388609 -0.2216278 -0.8707941 -0.7892637 -0.2977784 -0.5370204 -0.4803724 -0.3602488 -0.7996644 -0.4312931 -0.3787701 -0.8188526 -0.6240557 -0.3304309 -0.7080749 -0.6366094 -0.4168984 -0.6487867 -0.4526371 -0.4098486 -0.7919242 -0.2071918 -0.3741295 -0.9039352 -0.1896159 -0.3502691 -0.9172554 -0.192699 -0.3280522 -0.9247967 -0.1699931 -0.2007566 -0.9647794 -0.174447 0.07266587 -0.9819817 -0.4188812 0.5040004 -0.7553292 -0.3060427 0.8774161 -0.3694303 -0.2192519 0.9555345 -0.1971864 -0.6217638 0.7703304 -0.1414251 -0.895312 0.4389886 -0.07553505 -0.9640638 0.06720274 -0.2570308 -0.8468168 -0.2436349 -0.4728037 -0.8405608 -0.3195059 -0.4374628 -0.9094506 -0.3253073 -0.2589884 -0.930557 -0.2564213 -0.2613654 -0.09949231 0.977924 -0.1837555 -0.1780199 0.8961729 -0.4064274 -0.1964213 0.4907175 -0.8488905 -0.07217842 0.3070865 -0.9489406 0.6066335 0.161539 -0.7783965 0.6338155 0.1515871 -0.758485 0.9555645 -0.03805774 -0.2923154 -0.8280193 -0.0153737 0.5604889 -0.5818743 -0.7882128 0.2003569 -0.7024071 -0.6727115 0.2325588 -0.5453805 -0.7787008 0.3101375 -0.5420784 -0.6943071 0.4733801 -0.8191471 -0.4083223 0.4028287 -0.3503286 -0.8976884 0.2672556 -0.04678583 -0.9782913 0.2018842 -0.3647654 -0.699683 0.6143208 -0.7309656 -0.2281921 0.6431313 -0.8328121 -0.02084469 0.5531633 0.1727091 -0.8000345 0.5745575 0.3126431 0.074651 0.9469327 -0.02780342 -0.7983337 0.6015733 -0.02270644 -0.9790639 0.2022829 -0.243175 -0.8065244 0.5388731 -0.1160334 -0.9581153 0.261823 -0.2613946 -0.752139 0.6049462 -0.1713354 -0.8833815 0.4362125 -0.3405652 -0.7620067 0.5507824 -0.3474302 -0.6120009 0.7104557 -0.3083972 -0.1190556 0.943778 -0.3113538 0.07681602 0.9471843 -0.1344068 0.8037247 0.5796218 -0.2077775 0.8604696 0.4652103 -0.04113924 0.9991534 3.96744e-4 -0.1370599 0.9901517 -0.02853506 -0.1268982 0.7601991 -0.6371768 -0.2847161 0.7901794 -0.5427276 -0.4501572 -0.1270511 -0.8838646 -0.9850503 0.1282393 0.1150248 -0.4172263 -0.7354182 -0.5339312 -0.381552 -0.854143 -0.3533522 -0.2071327 -0.9242997 -0.320572 -0.2363129 -0.8081272 -0.5395246 -0.2435721 -0.1813744 -0.9527728 -0.1207962 -0.828391 -0.5469706 -0.1160046 -0.1744189 -0.9778145 0.05472058 -0.1670916 -0.9844217 -0.02050858 0.7534177 -0.6572224 0.08087629 0.7477244 -0.6590656 0.05838322 0.9982836 -0.004608392 0.2080502 0.7753434 -0.5962865 0.1511293 0.9868881 0.05667346 0.133247 0.9910815 0.001617491 0.2271545 0.802747 0.5513602 0.17045 0.8336337 0.5253586 0.241222 0.01702958 0.9703205 0.1111519 0.04535192 0.9927682 0.05533152 -0.7763207 0.6279051 -0.05484324 -0.7928313 0.6069686 0.01834177 -0.9708333 0.2390537 -0.02130198 -0.807645 0.5892842 -0.408284 -0.1129816 0.9058363 -0.9114615 0.1264418 0.3914722 -0.8633652 -0.5043952 -0.01364219 -0.9580143 0.2716169 -0.0918309 -0.9360799 -0.07892221 -0.3428204 -0.4421032 0.6859222 -0.5779753 -0.5420873 -0.2262715 -0.8092854 0.01239061 -0.03146481 -0.999428 -0.4345951 -0.7043859 -0.5612198 -0.0198071 -0.823507 -0.5669602 -0.04214715 -0.9418563 -0.3333624 0.08414244 -0.829461 -0.5521907 0.02920705 -0.9548903 -0.2955192 0.1196962 -0.7968558 -0.5921941 0.03741598 -0.9573737 -0.2864186 -0.006653189 -0.963041 -0.2692731 -0.002960324 -0.8489842 -0.5284101 -0.08801829 -0.9565128 -0.278094 0.02172958 0.9996845 -0.01260435 0.09079378 0.8314574 0.5481198 0.03353995 -0.9765053 0.2128676 -0.1137752 0.8051245 0.5820909 0.005554497 -0.01007133 0.999934 -0.3281098 -0.06506645 0.9423961 0.1783267 0.8276033 -0.5322334 0.2202251 -0.04010194 -0.9746244 0.1665742 -0.03415107 -0.9854373 0.02035611 0.8298724 -0.5575819 -0.0032655 0.9999861 -0.004150569 0.1061751 0.8204999 0.5616999 0.0706216 0.8134919 0.5772726 0.07150638 0.06772202 0.9951385 -0.5620056 0.6726061 0.4814051 0.1072122 0.9932926 0.04330605 -0.7883883 -0.3115649 -0.5304446 -0.6442266 -0.5968306 -0.4782945 -0.7226333 -0.6200888 -0.305436 -0.337751 -0.8526939 -0.3985443 -0.635904 -0.7387546 -0.223311 -0.7642902 -0.5733016 -0.2952724 -0.7230308 -0.4134438 -0.5534355 -0.8789897 -0.1508269 -0.4523588 -0.7236367 -0.6698622 -0.1662371 0.902818 0.3468503 0.2541942 0.7845848 0.5021917 -0.363635 0.7315699 0.507988 -0.4547019 0.254408 0.4213174 -0.8704989 -0.6687871 -0.07715916 0.7394392 -0.3926613 -0.4880647 -0.7794935 -0.5200845 -0.5755386 -0.6310843 -0.4345648 0.01889145 -0.9004425 -0.5596354 -0.1840934 -0.8080333 -0.5685403 0.04721301 -0.8212996 -0.5047606 0.09128355 -0.8584195 -0.4798855 0.2525472 -0.8401964 -0.4780533 0.08484345 -0.8742235 -0.4935837 0.1056262 -0.8632603 -0.5030559 0.1354463 -0.8535743 -0.569397 -0.06085526 -0.8198072 -0.5893864 -0.2141836 -0.778941 -0.3896626 -0.4173125 -0.8209832 -0.2316394 -0.8346039 -0.4997797 -0.2919723 -0.9282872 -0.2302941 -0.60874 -0.7725377 -0.1806138 -0.4355093 -0.1011102 -0.8944879 -0.4065767 0.1360546 -0.9034293 -0.5360707 0.4305656 -0.726114 -0.5374112 0.3791085 -0.7533035 -0.5940292 0.03009206 -0.8038805 0.9696133 0.1429196 -0.1985554 0.7128626 0.3538371 -0.6054968 0.7009993 0.3591519 -0.6161249 0.3138895 0.4608392 -0.8301209 -0.6367211 0.1783234 0.7501913 0.5200845 -0.5755386 -0.6310843 0.3926613 -0.4880647 -0.7794935 0.4345648 0.01889145 -0.9004425 0.5596354 -0.1840934 -0.8080333 0.5685403 0.04721301 -0.8212996 0.569397 -0.06085526 -0.8198072 0.5030559 0.1354463 -0.8535743 0.4935837 0.1056262 -0.8632603 0.5047606 0.09128355 -0.8584195 0.4780533 0.08484345 -0.8742235 0.4798855 0.2525472 -0.8401964 0.5374112 0.3791085 -0.7533035 0.5360707 0.4305656 -0.726114 0.4065767 0.1360546 -0.9034293 0.4355093 -0.1011102 -0.8944879 0.60874 -0.7725377 -0.1806138 0.2919723 -0.9282872 -0.2302941 0.2316394 -0.8346039 -0.4997797 0.3896626 -0.4173125 -0.8209832 0.5893864 -0.2141836 -0.778941 0.5940292 0.03009206 -0.8038805 -0.902818 0.3468503 0.2541942 -0.7315699 0.507988 -0.4547019 -0.7845848 0.5021917 -0.363635 -0.254408 0.4213174 -0.8704989 0.8280193 -0.0153737 0.5604889 0.6496155 0.008032441 0.7602205 0.07217842 0.3070865 -0.9489406 -0.6338155 0.1515871 -0.758485 -0.6066335 0.161539 -0.7783965 -0.9555645 -0.03805774 -0.2923154 0.6524136 -0.4075477 0.6389534 -0.9787988 0.0841403 -0.1867445 -0.6909226 0.288833 -0.6627228 -0.7207331 0.2771416 -0.6354024 -0.2540999 0.3844459 -0.8874879</float_array>
          <technique_common>
            <accessor source="#chr514_1-mesh-normals-array" count="1077" stride="3">
              <param name="X" type="float"/>
              <param name="Y" type="float"/>
              <param name="Z" type="float"/>
            </accessor>
          </technique_common>
        </source>
        <vertices id="chr514_1-mesh-vertices">
          <input semantic="POSITION" source="#chr514_1-mesh-positions"/>
        </vertices>
        <polylist material="chr514_mat_001-material" count="1599">
          <input semantic="VERTEX" source="#chr514_1-mesh-vertices" offset="0"/>
          <input semantic="NORMAL" source="#chr514_1-mesh-normals" offset="1"/>
          <vcount>3 3 3 3 3 3 3 3 3 3 3 3 3 3 3 3 3 3 3 3 3 3 3 3 3 3 3 3 3 3 3 3 3 3 3 3 3 3 3 3 3 3 3 3 3 3 3 3 3 3 3 3 3 3 3 3 3 3 3 3 3 3 3 3 3 3 3 3 3 3 3 3 3 3 3 3 3 3 3 3 3 3 3 3 3 3 3 3 3 3 3 3 3 3 3 3 3 3 3 3 3 3 3 3 3 3 3 3 3 3 3 3 3 3 3 3 3 3 3 3 3 3 3 3 3 3 3 3 3 3 3 3 3 3 3 3 3 3 3 3 3 3 3 3 3 3 3 3 3 3 3 3 3 3 3 3 3 3 3 3 3 3 3 3 3 3 3 3 3 3 3 3 3 3 3 3 3 3 3 3 3 3 3 3 3 3 3 3 3 3 3 3 3 3 3 3 3 3 3 3 3 3 3 3 3 3 3 3 3 3 3 3 3 3 3 3 3 3 3 3 3 3 3 3 3 3 3 3 3 3 3 3 3 3 3 3 3 3 3 3 3 3 3 3 3 3 3 3 3 3 3 3 3 3 3 3 3 3 3 3 3 3 3 3 3 3 3 3 3 3 3 3 3 3 3 3 3 3 3 3 3 3 3 3 3 3 3 3 3 3 3 3 3 3 3 3 3 3 3 3 3 3 3 3 3 3 3 3 3 3 3 3 3 3 3 3 3 3 3 3 3 3 3 3 3 3 3 3 3 3 3 3 3 3 3 3 3 3 3 3 3 3 3 3 3 3 3 3 3 3 3 3 3 3 3 3 3 3 3 3 3 3 3 3 3 3 3 3 3 3 3 3 3 3 3 3 3 3 3 3 3 3 3 3 3 3 3 3 3 3 3 3 3 3 3 3 3 3 3 3 3 3 3 3 3 3 3 3 3 3 3 3 3 3 3 3 3 3 3 3 3 3 3 3 3 3 3 3 3 3 3 3 3 3 3 3 3 3 3 3 3 3 3 3 3 3 3 3 3 3 3 3 3 3 3 3 3 3 3 3 3 3 3 3 3 3 3 3 3 3 3 3 3 3 3 3 3 3 3 3 3 3 3 3 3 3 3 3 3 3 3 3 3 3 3 3 3 3 3 3 3 3 3 3 3 3 3 3 3 3 3 3 3 3 3 3 3 3 3 3 3 3 3 3 3 3 3 3 3 3 3 3 3 3 3 3 3 3 3 3 3 3 3 3 3 3 3 3 3 3 3 3 3 3 3 3 3 3 3 3 3 3 3 3 3 3 3 3 3 3 3 3 3 3 3 3 3 3 3 3 3 3 3 3 3 3 3 3 3 3 3 3 3 3 3 3 3 3 3 3 3 3 3 3 3 3 3 3 3 3 3 3 3 3 3 3 3 3 3 3 3 3 3 3 3 3 3 3 3 3 3 3 3 3 3 3 3 3 3 3 3 3 3 3 3 3 3 3 3 3 3 3 3 3 3 3 3 3 3 3 3 3 3 3 3 3 3 3 3 3 3 3 3 3 3 3 3 3 3 3 3 3 3 3 3 3 3 3 3 3 3 3 3 3 3 3 3 3 3 3 3 3 3 3 3 3 3 3 3 3 3 3 3 3 3 3 3 3 3 3 3 3 3 3 3 3 3 3 3 3 3 3 3 3 3 3 3 3 3 3 3 3 3 3 3 3 3 3 3 3 3 3 3 3 3 3 3 3 3 3 3 3 3 3 3 3 3 3 3 3 3 3 3 3 3 3 3 3 3 3 3 3 3 3 3 3 3 3 3 3 3 3 3 3 3 3 3 3 3 3 3 3 3 3 3 3 3 3 3 3 3 3 3 3 3 3 3 3 3 3 3 3 3 3 3 3 3 3 3 3 3 3 3 3 3 3 3 3 3 3 3 3 3 3 3 3 3 3 3 3 3 3 3 3 3 3 3 3 3 3 3 3 3 3 3 3 3 3 3 3 3 3 3 3 3 3 3 3 3 3 3 3 3 3 3 3 3 3 3 3 3 3 3 3 3 3 3 3 3 3 3 3 3 3 3 3 3 3 3 3 3 3 3 3 3 3 3 3 3 3 3 3 3 3 3 3 3 3 3 3 3 3 3 3 3 3 3 3 3 3 3 3 3 3 3 3 3 3 3 3 3 3 3 3 3 3 3 3 3 3 3 3 3 3 3 3 3 3 3 3 3 3 3 3 3 3 3 3 3 3 3 3 3 3 3 3 3 3 3 3 3 3 3 3 3 3 3 3 3 3 3 3 3 3 3 3 3 3 3 3 3 3 3 3 3 3 3 3 3 3 3 3 3 3 3 3 3 3 3 3 3 3 3 3 3 3 3 3 3 3 3 3 3 3 3 3 3 3 3 3 3 3 3 3 3 3 3 3 3 3 3 3 3 3 3 3 3 3 3 3 3 3 3 3 3 3 3 3 3 3 3 3 3 3 3 3 3 3 3 3 3 3 3 3 3 3 3 3 3 3 3 3 3 3 3 3 3 3 3 3 3 3 3 3 3 3 3 3 3 3 3 3 3 3 3 3 3 3 3 3 3 3 3 3 3 3 3 3 3 3 3 3 3 3 3 3 3 3 3 3 3 3 3 3 3 3 3 3 3 3 3 3 3 3 3 3 3 3 3 3 3 3 3 3 3 3 3 3 3 3 3 3 3 3 3 3 3 3 3 3 3 3 3 3 3 3 3 3 3 3 3 3 3 3 3 3 3 3 3 3 3 3 3 3 3 3 3 3 3 3 3 3 3 3 3 3 3 3 3 3 3 3 3 3 3 3 3 3 3 3 3 3 3 3 3 3 3 3 3 3 3 3 3 3 3 3 3 3 3 3 3 3 3 3 3 3 3 3 3 3 3 3 3 3 3 3 3 3 3 3 3 3 3 3 3 3 3 3 3 3 3 3 3 3 3 3 3 3 3 3 3 3 3 3 3 3 3 3 3 3 3 3 3 3 3 3 3 3 3 3 3 3 3 3 3 3 3 3 3 3 3 3 3 3 3 3 3 3 3 3 3 3 3 3 3 3 3 3 3 3 3 3 3 3 3 3 3 3 3 3 3 3 3 3 3 3 3 3 3 3 3 3 3 3 3 3 3 3 3 3 3 3 3 3 3 3 3 3 3 3 3 3 3 3 3 3 3 3 3 3 3 3 3 3 3 3 3 3 3 3 3 3 3 3 3 3 3 3 3 3 3 3 3 3 3 3 3 3 3 3 3 3 3 3 3 3 3 3 3 3 3 3 3 3 3 3 3 3 3 3 3 3 3 3 3 3 3 3 3 3 3 3 3 3 3 3 3 3 3 3 3 3 3 3 3 3 3 3 3 3 3 3 3 3 3 3 3 3 3 3 3 3 3 3 3 3 3 3 3 3 3 3 3 3 3 3 3 3 3 3 3 3 3 3 3 3 3 3 3 3 3 3 3 3 3 3 3 3 3 3 3 3 3 3 3 3 3 3 3 3 3 3 3 3 3 3 3 3 3 3 3 3 3 3 3 3 3 3 3 3 3 3 3 3 3 3 3 3 3 3 3 3 3 3 3 3 3 3 3 3 3 3 3 3 3 3 3 3 3 3 3 3 3 3 3 3 3 3 3 </vcount>
          <p>417 0 418 0 419 0 791 1 1090 2 1094 3 791 1 1094 3 793 4 793 4 1094 3 788 5 866 6 1090 2 790 7 790 7 1090 2 791 1 790 7 791 1 789 8 789 8 791 1 792 9 792 9 791 1 793 4 792 9 793 4 734 10 734 10 793 4 735 11 734 10 735 11 733 12 733 12 735 11 736 13 733 12 736 13 748 14 733 12 748 14 737 15 737 15 748 14 757 16 757 16 748 14 758 17 758 17 748 14 750 18 758 17 750 18 745 19 758 17 745 19 756 20 733 12 737 15 734 10 734 10 737 15 792 9 792 9 737 15 789 8 724 21 838 22 709 23 724 21 709 23 708 24 708 24 709 23 706 25 708 24 706 25 707 26 708 24 707 26 839 27 708 24 839 27 724 21 724 21 839 27 854 28 724 21 854 28 859 29 859 29 854 28 858 30 859 29 858 30 855 31 855 31 858 30 857 32 855 31 857 32 856 33 856 33 857 32 870 34 856 33 870 34 868 35 868 35 870 34 1093 36 868 35 1093 36 862 37 862 37 1093 36 864 38 862 37 864 38 863 39 863 39 864 38 865 40 865 40 864 38 866 6 866 6 864 38 1095 41 866 6 1095 41 1090 2 1090 2 1095 41 1096 42 1090 2 1096 42 1094 3 1094 3 1096 42 1091 43 1094 3 1091 43 788 5 788 5 1091 43 562 44 788 5 562 44 561 45 561 45 562 44 560 46 560 46 562 44 570 47 570 47 562 44 726 48 570 47 726 48 571 49 571 49 726 48 870 34 571 49 870 34 857 32 571 49 857 32 851 50 851 50 857 32 858 30 851 50 858 30 852 51 852 51 858 30 854 28 852 51 854 28 853 52 853 52 854 28 839 27 1095 41 864 38 1093 36 1095 41 1093 36 1096 42 1096 42 1093 36 1091 43 1091 43 1093 36 1092 53 1092 53 1093 36 870 34 1092 53 870 34 726 48 1092 53 726 48 562 44 1092 53 562 44 1091 43 856 33 842 54 855 31 853 52 850 55 852 51 852 51 850 55 843 56 852 51 843 56 851 50 851 50 843 56 569 57 851 50 569 57 571 49 571 49 569 57 570 47 706 25 709 23 472 58 706 25 472 58 712 59 838 22 724 21 859 29 838 22 859 29 860 60 860 60 859 29 855 31 860 60 855 31 840 61 840 61 855 31 842 54 840 61 842 54 841 62 841 62 842 54 867 63 867 63 842 54 856 33 867 63 856 33 868 35 867 63 868 35 862 37 867 63 862 37 765 64 765 64 862 37 778 65 765 64 778 65 763 66 763 66 778 65 770 67 763 66 770 67 769 68 769 68 770 67 767 69 838 22 860 60 840 61 862 37 863 39 778 65 778 65 863 39 779 70 778 65 779 70 770 67 810 71 816 72 786 73 786 73 816 72 815 74 786 73 815 74 787 75 786 73 787 75 769 68 769 68 787 75 763 66 763 66 787 75 764 76 763 66 764 76 765 64 765 64 764 76 806 77 765 64 806 77 807 78 765 64 807 78 867 63 815 74 806 77 787 75 787 75 806 77 764 76 473 79 472 58 709 23 473 79 709 23 837 80 837 80 709 23 838 22 837 80 838 22 836 81 836 81 838 22 840 61 836 81 840 61 556 82 556 82 840 61 841 62 556 82 841 62 797 83 556 82 797 83 798 84 556 82 798 84 553 85 553 85 798 84 794 86 553 85 794 86 559 87 559 87 794 86 795 88 559 87 795 88 557 89 557 89 795 88 685 90 557 89 685 90 563 91 557 89 563 91 565 92 565 92 563 91 564 93 565 92 564 93 558 94 558 94 564 93 568 95 558 94 568 95 554 96 554 96 568 95 573 97 554 96 573 97 555 98 555 98 573 97 583 99 555 98 583 99 836 81 836 81 583 99 837 80 837 80 583 99 469 100 837 80 469 100 473 79 473 79 469 100 474 101 473 79 474 101 471 102 473 79 471 102 472 58 472 58 471 102 711 103 472 58 711 103 712 59 712 59 711 103 713 104 712 59 713 104 714 105 712 59 714 105 723 106 712 59 723 106 706 25 706 25 723 106 871 107 706 25 871 107 707 26 707 26 871 107 874 108 707 26 874 108 839 27 839 27 874 108 861 109 839 27 861 109 853 52 853 52 861 109 845 110 853 52 845 110 850 55 850 55 845 110 844 111 850 55 844 111 843 56 843 56 844 111 702 112 843 56 702 112 569 57 569 57 702 112 581 113 569 57 581 113 570 47 570 47 581 113 572 114 570 47 572 114 560 46 560 46 572 114 699 115 560 46 699 115 561 45 561 45 699 115 566 116 561 45 566 116 788 5 788 5 566 116 720 117 788 5 720 117 793 4 793 4 720 117 710 118 793 4 710 118 735 11 735 11 710 118 738 119 735 11 738 119 736 13 736 13 738 119 739 120 736 13 739 120 740 121 736 13 740 121 748 14 748 14 740 121 749 122 748 14 749 122 747 123 748 14 747 123 750 18 750 18 747 123 744 124 750 18 744 124 745 19 745 19 744 124 742 125 745 19 742 125 756 20 756 20 742 125 719 126 719 126 742 125 679 127 719 126 679 127 718 128 718 128 679 127 678 129 718 128 678 129 767 69 767 69 678 129 766 130 767 69 766 130 769 68 769 68 766 130 784 131 769 68 784 131 786 73 786 73 784 131 785 132 786 73 785 132 810 71 810 71 785 132 760 133 810 71 760 133 803 134 803 134 760 133 759 135 803 134 759 135 805 136 805 136 759 135 773 137 805 136 773 137 774 138 774 138 773 137 772 139 772 139 773 137 771 140 772 139 771 140 919 141 919 141 771 140 915 142 919 141 915 142 918 143 918 143 915 142 917 144 918 143 917 144 913 145 913 145 917 144 912 146 913 145 912 146 703 147 703 147 912 146 722 148 703 147 722 148 721 149 721 149 722 148 783 150 721 149 783 150 784 131 784 131 783 150 785 132 785 132 783 150 761 151 785 132 761 151 760 133 760 133 761 151 759 135 759 135 761 151 916 152 759 135 916 152 771 140 771 140 916 152 915 142 915 142 916 152 912 146 915 142 912 146 917 144 912 146 916 152 761 151 912 146 761 151 722 148 722 148 761 151 783 150 557 89 565 92 558 94 557 89 558 94 559 87 559 87 558 94 554 96 559 87 554 96 553 85 553 85 554 96 555 98 553 85 555 98 556 82 556 82 555 98 836 81 773 137 759 135 771 140 720 117 566 116 574 153 720 117 574 153 710 118 469 100 583 99 582 154 582 154 583 99 573 97 795 88 796 155 685 90 814 156 805 136 774 138 582 154 470 157 469 100 469 100 470 157 468 158 469 100 468 158 474 101 468 158 470 157 688 159 731 160 913 145 703 147 731 160 703 147 729 161 729 161 703 147 676 162 729 161 676 162 679 127 679 127 676 162 678 129 678 129 676 162 677 163 678 129 677 163 766 130 766 130 677 163 721 149 766 130 721 149 784 131 677 163 676 162 703 147 677 163 703 147 721 149 914 164 918 143 913 145 914 164 913 145 730 165 730 165 913 145 731 160 730 165 731 160 732 166 732 166 731 160 729 161 732 166 729 161 728 167 728 167 729 161 679 127 728 167 679 127 742 125 728 167 742 125 743 168 743 168 742 125 744 124 578 169 739 120 738 119 578 169 738 119 579 170 579 170 738 119 710 118 579 170 710 118 551 171 551 171 710 118 574 153 551 171 574 153 552 172 552 172 574 153 566 116 552 172 566 116 567 173 567 173 566 116 699 115 567 173 699 115 700 174 700 174 699 115 572 114 700 174 572 114 580 175 580 175 572 114 581 113 580 175 581 113 577 176 577 176 581 113 702 112 577 176 702 112 705 177 705 177 702 112 844 111 705 177 844 111 846 178 846 178 844 111 845 110 846 178 845 110 847 179 847 179 845 110 861 109 847 179 861 109 875 180 875 180 861 109 872 181 875 180 872 181 873 182 873 182 872 181 871 107 871 107 872 181 874 108 874 108 872 181 861 109 578 169 579 170 550 183 550 183 579 170 551 171 550 183 551 171 549 184 549 184 551 171 552 172 549 184 552 172 704 185 704 185 552 172 567 173 704 185 567 173 700 174 704 185 700 174 701 186 701 186 700 174 580 175 701 186 580 175 576 187 576 187 580 175 577 176 576 187 577 176 575 188 575 188 577 176 705 177 575 188 705 177 725 189 725 189 705 177 846 178 725 189 846 178 849 190 849 190 846 178 848 191 848 191 846 178 847 179 848 191 847 179 876 192 876 192 847 179 875 180 876 192 875 180 873 182 92 193 93 194 94 195 92 193 94 195 231 196 92 193 231 196 104 197 92 193 104 197 103 198 92 193 103 198 93 194 93 194 103 198 258 199 93 194 258 199 1088 200 1088 200 258 199 397 201 397 201 258 199 102 202 397 201 102 202 387 203 397 201 387 203 386 204 386 204 387 203 385 205 386 204 385 205 372 206 372 206 385 205 370 207 370 207 385 205 390 208 103 198 102 202 258 199 95 209 217 210 89 211 89 211 217 210 325 212 89 211 325 212 90 213 90 213 325 212 324 214 90 213 324 214 85 215 85 215 324 214 328 216 85 215 328 216 88 217 88 217 328 216 327 218 88 217 327 218 371 219 88 217 371 219 370 207 370 207 371 219 372 206 372 206 371 219 395 220 372 206 395 220 386 204 386 204 395 220 1084 221 386 204 1084 221 397 201 397 201 1084 221 1089 222 397 201 1089 222 1088 200 1088 200 1089 222 1086 223 1088 200 1086 223 93 194 93 194 1086 223 1082 224 93 194 1082 224 94 195 94 195 1082 224 99 225 94 195 99 225 231 196 231 196 99 225 98 226 231 196 98 226 232 227 231 196 232 227 104 197 104 197 232 227 113 228 104 197 113 228 112 229 112 229 113 228 108 230 112 229 108 230 234 231 234 231 108 230 237 232 234 231 237 232 374 233 374 233 237 232 377 234 374 233 377 234 376 235 376 235 377 234 375 236 376 235 375 236 391 237 391 237 375 236 402 238 391 237 402 238 399 239 391 237 399 239 401 240 391 237 401 240 369 241 391 237 369 241 383 242 383 242 369 241 384 243 383 242 384 243 381 244 381 244 384 243 388 245 381 244 388 245 382 246 381 244 382 246 373 247 373 247 382 246 101 248 373 247 101 248 234 231 234 231 101 248 112 229 376 235 391 237 383 242 376 235 383 242 380 249 380 249 383 242 381 244 380 249 381 244 373 247 380 249 373 247 374 233 374 233 373 247 234 231 376 235 380 249 374 233 384 243 369 241 256 250 325 212 217 210 326 251 256 250 368 252 389 253 256 250 389 253 384 243 384 243 389 253 388 245 99 225 1082 224 252 254 252 254 1082 224 323 255 323 255 1082 224 1085 256 1085 256 1082 224 1086 223 1085 256 1086 223 1087 257 1087 257 1086 223 1089 222 295 258 297 259 1083 260 295 258 1083 260 395 220 395 220 1083 260 1084 221 1084 221 1083 260 1089 222 336 261 295 258 337 262 337 262 295 258 395 220 104 197 112 229 103 198 103 198 112 229 101 248 103 198 101 248 102 202 102 202 101 248 382 246 102 202 382 246 387 203 387 203 382 246 388 245 387 203 388 245 385 205 385 205 388 245 389 253 385 205 389 253 390 208 390 208 389 253 368 252 390 208 368 252 370 207 370 207 368 252 366 263 370 207 366 263 88 217 88 217 366 263 86 264 88 217 86 264 85 215 85 215 86 264 87 265 85 215 87 265 90 213 90 213 87 265 91 266 90 213 91 266 89 211 89 211 91 266 96 267 89 211 96 267 95 209 95 209 96 267 97 268 97 268 96 267 91 266 97 268 91 266 100 269 100 269 91 266 87 265 100 269 87 265 105 270 105 270 87 265 86 264 105 270 86 264 115 271 115 271 86 264 366 263 115 271 366 263 367 272 367 272 366 263 368 252 367 272 368 252 241 273 241 273 368 252 256 250 241 273 256 250 239 274 239 274 256 250 369 241 239 274 369 241 240 275 240 275 369 241 401 240 240 275 401 240 398 276 398 276 401 240 399 239 398 276 399 239 400 277 400 277 399 239 402 238 400 277 402 238 403 278 403 278 402 238 375 236 403 278 375 236 378 279 378 279 375 236 377 234 378 279 377 234 379 280 379 280 377 234 257 281 257 281 377 234 237 232 257 281 237 232 107 282 107 282 237 232 108 230 107 282 108 230 109 283 109 283 108 230 113 228 109 283 113 228 233 284 233 284 113 228 232 227 233 284 232 227 236 285 236 285 232 227 98 226 236 285 98 226 84 286 84 286 98 226 99 225 84 286 99 225 106 287 106 287 99 225 252 254 106 287 252 254 242 288 242 288 252 254 323 255 242 288 323 255 266 289 266 289 323 255 267 290 266 289 267 290 265 291 265 291 267 290 269 292 265 291 269 292 281 293 281 293 269 292 289 294 281 293 289 294 288 295 281 293 288 295 282 296 282 296 288 295 277 297 282 296 277 297 276 298 276 298 277 297 274 299 276 298 274 299 275 300 275 300 274 299 260 301 260 301 274 299 211 302 260 301 211 302 261 303 261 303 211 302 208 304 261 303 208 304 235 305 235 305 208 304 210 306 235 305 210 306 253 307 253 307 210 306 298 308 253 307 298 308 315 309 315 309 298 308 302 310 315 309 302 310 318 311 318 311 302 310 317 312 318 311 317 312 345 313 345 313 317 312 336 261 336 261 317 312 310 314 336 261 310 314 295 258 295 258 310 314 296 315 295 258 296 315 297 259 297 259 296 315 301 316 297 259 301 316 311 317 297 259 311 317 392 318 297 259 392 318 1083 260 1083 260 392 318 394 319 1083 260 394 319 1089 222 1089 222 394 319 1081 320 1089 222 1081 320 1087 257 1087 257 1081 320 1079 321 1087 257 1079 321 1085 256 1085 256 1079 321 320 322 1085 256 320 322 323 255 323 255 320 322 322 323 323 255 322 323 267 290 267 290 322 323 269 292 269 292 322 323 319 324 319 324 322 323 320 322 319 324 320 322 321 325 321 325 320 322 1079 321 321 325 1079 321 1080 326 1080 326 1079 321 1081 320 1080 326 1081 320 394 319 1080 326 394 319 393 327 393 327 394 319 392 318 298 308 210 306 209 328 209 328 210 306 208 304 209 328 208 304 211 302 260 301 261 303 263 329 277 297 288 295 287 330 277 297 287 330 274 299 274 299 287 330 251 331 274 299 251 331 211 302 211 302 251 331 250 332 211 302 250 332 209 328 209 328 250 332 299 333 209 328 299 333 298 308 298 308 299 333 302 310 302 310 299 333 301 316 302 310 301 316 296 315 302 310 296 315 317 312 317 312 296 315 310 314 265 291 281 293 268 334 265 291 268 334 266 289 266 289 268 334 270 335 266 289 270 335 242 288 282 296 276 298 279 336 282 296 279 336 281 293 281 293 279 336 280 337 281 293 280 337 272 338 281 293 272 338 268 334 268 334 272 338 271 339 268 334 271 339 270 335 270 335 271 339 111 340 270 335 111 340 110 341 270 335 110 341 242 288 242 288 110 341 82 342 242 288 82 342 106 287 106 287 82 342 84 286 84 286 82 342 81 343 84 286 81 343 236 285 81 343 82 342 83 344 83 344 82 342 110 341 83 344 110 341 111 340 318 311 345 313 346 345 318 311 346 345 340 346 262 347 263 329 264 348 264 348 263 329 261 303 264 348 261 303 235 305 264 348 235 305 440 349 264 348 440 349 262 347 262 347 440 349 441 350 441 350 440 349 445 351 443 352 292 353 291 354 291 354 292 353 293 355 291 354 293 355 333 356 333 356 293 355 340 346 340 346 293 355 316 357 340 346 316 357 318 311 318 311 316 357 315 309 315 309 316 357 314 358 315 309 314 358 253 307 253 307 314 358 254 359 253 307 254 359 235 305 235 305 254 359 439 360 235 305 439 360 440 349 440 349 439 360 444 361 440 349 444 361 445 351 445 351 444 361 442 362 445 351 442 362 446 363 446 363 442 362 303 364 446 363 303 364 305 365 305 365 303 364 304 366 305 365 304 366 306 367 306 367 304 366 335 368 306 367 335 368 344 369 444 361 439 360 442 362 442 362 439 360 443 352 442 362 443 352 303 364 303 364 443 352 291 354 303 364 291 354 304 366 316 357 293 355 292 353 316 357 292 353 314 358 314 358 292 353 254 359 254 359 292 353 439 360 439 360 292 353 443 352 291 354 333 356 335 368 291 354 335 368 304 366 1 370 114 371 2 372 1 370 2 372 0 373 0 373 2 372 6 374 6 374 2 372 4 375 6 374 4 375 3 376 3 376 4 375 5 377 3 376 5 377 244 378 244 378 5 377 243 379 244 378 243 379 245 380 245 380 243 379 246 381 246 381 243 379 255 382 255 382 243 379 238 383 255 382 238 383 398 276 398 276 238 383 240 275 240 275 238 383 239 274 239 274 238 383 241 273 241 273 238 383 5 377 241 273 5 377 4 375 241 273 4 375 367 272 367 272 4 375 2 372 367 272 2 372 115 271 115 271 2 372 114 371 115 271 114 371 105 270 5 377 238 383 243 379 0 373 220 384 1 370 991 385 975 386 974 387 991 385 974 387 1017 388 1017 388 974 387 1018 389 1017 388 1018 389 1020 390 1020 390 1018 389 1021 391 1021 391 1018 389 1022 392 1022 392 1018 389 1019 393 1019 393 1018 389 974 387 1019 393 974 387 1070 394 1070 394 974 387 1065 395 979 396 981 397 967 398 979 396 967 398 982 399 979 396 982 399 980 400 980 400 982 399 986 401 980 400 986 401 987 402 987 402 986 401 954 403 954 403 986 401 952 404 954 403 952 404 951 405 951 405 952 404 953 406 953 406 952 404 983 407 953 406 983 407 985 408 985 408 983 407 984 409 985 408 984 409 996 410 996 410 984 409 944 411 996 410 944 411 961 412 961 412 944 411 959 413 961 412 959 413 958 414 958 414 959 413 960 415 958 414 960 415 1058 416 958 414 1058 416 1057 417 1057 417 1058 416 1055 418 1057 417 1055 418 1056 419 1056 419 1055 418 1065 395 1056 419 1065 395 968 420 968 420 1065 395 974 387 968 420 974 387 969 421 969 421 974 387 975 386 969 421 975 386 971 422 971 422 975 386 991 385 971 422 991 385 972 423 971 422 972 423 963 424 971 422 963 424 962 425 962 425 963 424 964 426 962 425 964 426 955 427 955 427 964 426 956 428 955 427 956 428 957 429 955 427 957 429 988 430 988 430 957 429 990 431 988 430 990 431 989 432 989 432 990 431 994 433 989 432 994 433 992 434 992 434 994 433 1023 435 992 434 1023 435 970 436 970 436 1023 435 1035 437 970 436 1035 437 973 438 973 438 1035 437 1031 439 973 438 1031 439 1030 440 1030 440 1031 439 1032 441 1030 440 1032 441 1033 442 1033 442 1032 441 1034 443 1033 442 1034 443 1066 444 1033 442 1066 444 1075 445 1033 442 1075 445 1030 440 1030 440 1075 445 968 420 1030 440 968 420 973 438 973 438 968 420 970 436 970 436 968 420 969 421 970 436 969 421 992 434 992 434 969 421 989 432 989 432 969 421 976 446 989 432 976 446 988 430 988 430 976 446 955 427 955 427 976 446 962 425 962 425 976 446 971 422 971 422 976 446 969 421 979 396 980 400 981 397 984 409 983 407 966 447 944 411 984 409 1042 448 1042 448 984 409 966 447 1042 448 966 447 997 449 997 449 966 447 965 450 965 450 966 447 967 398 967 398 966 447 982 399 982 399 966 447 983 407 982 399 983 407 986 401 986 401 983 407 952 404 1040 451 951 405 953 406 1040 451 953 406 995 452 995 452 953 406 985 408 995 452 985 408 996 410 995 452 996 410 961 412 995 452 961 412 1041 453 1041 453 961 412 958 414 1040 451 995 452 1041 453 944 411 942 454 945 455 944 411 945 455 959 413 942 454 944 411 943 456 942 454 943 456 941 457 942 454 941 457 977 458 942 454 977 458 945 455 945 455 977 458 978 459 945 455 978 459 960 415 960 415 978 459 1046 460 960 415 1046 460 1058 416 1058 416 1046 460 1059 461 1058 416 1059 461 1055 418 947 462 946 463 950 464 947 462 950 464 949 465 947 462 949 465 993 466 947 462 993 466 1041 453 947 462 1041 453 948 467 948 467 1041 453 958 414 948 467 958 414 1054 468 1054 468 958 414 1057 417 1054 468 1057 417 1056 419 1054 468 1056 419 1075 445 1075 445 1056 419 968 420 946 463 947 462 948 467 946 463 948 467 1060 469 1060 469 948 467 1054 468 1060 469 1054 468 1075 445 1039 470 1029 471 1038 472 1039 470 1038 472 1036 473 1036 473 1038 472 1037 474 1036 473 1037 474 1027 475 1027 475 1037 474 1028 476 1027 475 1028 476 1012 477 1012 477 1028 476 1014 478 1012 477 1014 478 1013 479 1012 477 1013 479 1011 480 1011 480 1013 479 1016 481 1011 480 1016 481 1015 482 1038 472 1072 483 1037 474 1037 474 1072 483 1073 484 1073 484 1072 483 1067 485 1073 484 1067 485 1074 486 1074 486 1067 485 1069 487 1069 487 1067 485 1068 488 1068 488 1067 485 1076 489 1076 489 1067 485 1072 483 1003 490 1001 491 1002 492 1002 492 1001 491 1049 493 1002 492 1049 493 1050 494 1050 494 1049 493 1048 495 1050 494 1048 495 1061 496 1061 496 1048 495 1062 497 1061 496 1062 497 1063 498 1063 498 1062 497 1064 499 1064 499 1062 497 1076 489 1064 499 1076 489 1077 500 1077 500 1076 489 1072 483 1077 500 1072 483 1071 501 1071 501 1072 483 1038 472 1071 501 1038 472 1026 502 1026 502 1038 472 1029 471 1026 502 1029 471 1024 503 1026 502 1024 503 1025 504 1026 502 1025 504 1071 501 998 505 999 506 1000 507 1000 507 999 506 1047 508 1047 508 999 506 1048 495 1047 508 1048 495 1049 493 1047 508 1049 493 1052 509 1052 509 1049 493 1053 510 1052 509 1053 510 1051 511 1052 509 1051 511 1009 512 1009 512 1051 511 1008 513 1009 512 1008 513 1007 514 1007 514 1008 513 1006 515 1007 514 1006 515 1010 516 1010 516 1006 515 1005 517 1005 517 1006 515 1004 518 39 519 46 520 47 521 222 522 224 523 28 524 222 522 28 524 67 525 67 525 28 524 37 526 37 526 28 524 27 527 37 526 27 527 61 528 61 528 27 527 54 529 61 528 54 529 63 530 63 530 54 529 58 531 58 531 54 529 53 532 53 532 54 529 22 533 22 533 54 529 27 527 22 533 27 527 23 534 23 534 27 527 29 535 23 534 29 535 25 536 25 536 29 535 32 537 25 536 32 537 65 538 65 538 32 537 31 539 65 538 31 539 48 540 48 540 31 539 38 541 48 540 38 541 40 542 40 542 38 541 39 519 39 519 38 541 41 543 39 519 41 543 46 520 46 520 41 543 51 544 51 544 41 543 50 545 51 544 50 545 230 546 230 546 50 545 228 547 230 546 228 547 229 548 229 548 228 547 225 549 229 548 225 549 76 550 76 550 225 549 227 551 76 550 227 551 74 552 74 552 227 551 221 553 74 552 221 553 71 554 71 554 221 553 223 555 71 554 223 555 70 556 71 554 70 556 18 557 18 557 70 556 72 558 18 557 72 558 19 559 19 559 72 558 60 560 19 559 60 560 55 561 19 559 55 561 17 562 17 562 55 561 59 563 17 562 59 563 20 564 20 564 59 563 75 565 20 564 75 565 74 552 74 552 75 565 76 550 76 550 75 565 212 566 76 550 212 566 229 548 74 552 71 554 20 564 20 564 71 554 18 557 20 564 18 557 17 562 17 562 18 557 19 559 50 545 41 543 38 541 222 522 223 555 221 553 222 522 221 553 224 523 224 523 221 553 227 551 224 523 227 551 226 567 226 567 227 551 225 549 226 567 225 549 228 547 226 567 228 547 50 545 226 567 50 545 30 568 30 568 50 545 38 541 30 568 38 541 31 539 30 568 31 539 32 537 30 568 32 537 226 567 226 567 32 537 224 523 224 523 32 537 29 535 224 523 29 535 28 524 28 524 29 535 27 527 48 540 219 569 65 538 65 538 219 569 24 570 65 538 24 570 25 536 25 536 24 570 21 571 25 536 21 571 23 534 23 534 21 571 22 533 212 566 75 565 213 572 213 572 75 565 59 563 213 572 59 563 68 573 68 573 59 563 69 574 907 575 895 576 908 577 907 575 908 577 906 578 906 578 908 577 901 579 906 578 901 579 830 580 828 581 831 582 830 580 830 580 831 582 833 583 830 580 833 583 906 578 906 578 833 583 905 584 906 578 905 584 907 575 907 575 905 584 888 585 888 585 905 584 833 583 888 585 833 583 835 586 835 586 833 583 832 587 835 586 832 587 834 588 832 587 833 583 831 582 827 589 828 581 829 590 829 590 828 581 830 580 829 590 830 580 903 591 903 591 830 580 901 579 903 591 901 579 902 592 902 592 901 579 908 577 902 592 908 577 900 593 900 593 908 577 895 576 900 593 895 576 896 594 896 594 895 576 877 595 877 595 895 576 907 575 877 595 907 575 894 596 894 596 907 575 888 585 894 596 888 585 887 597 887 597 888 585 835 586 887 597 835 586 882 598 882 598 835 586 834 588 882 598 834 588 881 599 882 598 881 599 886 600 886 600 881 599 909 601 886 600 909 601 883 602 886 600 883 602 889 603 889 603 883 602 884 604 889 603 884 604 893 605 893 605 884 604 878 606 893 605 878 606 894 596 894 596 878 606 877 595 877 595 878 606 879 607 879 607 878 606 880 608 880 608 878 606 885 609 885 609 878 606 884 604 885 609 884 604 825 610 825 610 884 604 883 602 886 600 889 603 882 598 893 605 894 596 887 597 889 603 893 605 887 597 898 611 902 592 900 593 903 591 902 592 904 612 904 612 902 592 898 611 904 612 898 611 897 613 897 613 898 611 899 614 899 614 898 611 900 593 899 614 900 593 896 594 910 615 911 615 879 607 799 616 800 617 801 618 799 616 801 618 808 619 808 619 801 618 809 620 808 619 809 620 811 621 811 621 809 620 812 622 811 621 812 622 813 623 813 623 812 622 825 610 813 623 825 610 826 624 813 623 826 624 869 625 813 623 869 625 817 626 813 623 817 626 818 627 813 623 818 627 811 621 811 621 818 627 819 628 811 621 819 628 820 629 811 621 820 629 808 619 808 619 820 629 821 630 808 619 821 630 822 631 808 619 822 631 799 616 799 616 822 631 823 632 799 616 823 632 802 633 802 633 823 632 824 634 802 633 824 634 804 635 802 633 804 635 800 617 802 633 800 617 799 616 641 636 640 637 655 638 641 636 655 638 656 639 636 640 637 641 635 642 636 640 635 642 666 643 666 643 635 642 630 644 666 643 630 644 665 645 665 645 630 644 668 646 668 646 630 644 629 647 668 646 629 647 667 648 667 648 629 647 645 649 667 648 645 649 660 650 660 650 645 649 634 651 660 650 634 651 650 652 650 652 634 651 640 637 650 652 640 637 639 653 639 653 640 637 641 636 639 653 641 636 644 654 644 654 641 636 656 639 644 654 656 639 675 655 675 655 656 639 588 656 675 655 588 656 616 657 616 657 588 656 615 658 615 658 588 656 591 659 615 658 591 659 625 660 625 660 591 659 598 661 625 660 598 661 624 662 624 662 598 661 601 663 624 662 601 663 618 664 618 664 601 663 600 665 618 664 600 665 622 666 622 666 600 665 620 667 622 666 620 667 621 668 621 668 620 667 595 669 621 668 595 669 612 670 612 670 595 669 594 671 612 670 594 671 684 672 684 672 594 671 597 673 684 672 597 673 614 674 614 674 597 673 586 675 614 674 586 675 585 676 585 676 586 675 584 677 585 676 584 677 603 678 603 678 584 677 593 679 603 678 593 679 602 680 602 680 593 679 647 681 647 681 593 679 646 682 647 681 646 682 657 683 657 683 646 682 658 684 657 683 658 684 643 685 643 685 658 684 651 686 643 685 651 686 642 687 642 687 651 686 632 688 642 687 632 688 631 689 631 689 632 688 633 690 631 689 633 690 634 651 634 651 633 690 640 637 640 637 633 690 661 691 640 637 661 691 655 638 655 638 661 691 589 692 655 638 589 692 656 639 656 639 589 692 588 656 588 656 589 692 590 693 588 656 590 693 591 659 591 659 590 693 598 661 598 661 590 693 599 694 598 661 599 694 600 665 600 665 599 694 623 695 600 665 623 695 620 667 620 667 623 695 610 696 620 667 610 696 596 697 596 697 610 696 597 673 596 697 597 673 594 671 596 697 594 671 595 669 596 697 595 669 620 667 600 665 601 663 598 661 623 695 599 694 590 693 622 666 621 668 612 670 622 666 612 670 618 664 618 664 612 670 619 698 618 664 619 698 624 662 674 699 639 653 644 654 666 643 665 645 670 700 647 681 657 683 637 641 637 641 657 683 638 701 637 641 638 701 635 642 635 642 638 701 627 702 635 642 627 702 630 644 630 644 627 702 629 647 629 647 627 702 628 703 629 647 628 703 645 649 645 649 628 703 631 689 645 649 631 689 634 651 638 701 657 683 643 685 638 701 643 685 627 702 627 702 643 685 642 687 627 702 642 687 628 703 628 703 642 687 631 689 636 640 666 643 669 704 669 704 666 643 670 700 669 704 670 700 671 705 585 676 682 706 614 674 614 674 682 706 613 707 614 674 613 707 684 672 684 672 613 707 612 670 612 670 613 707 611 708 611 708 613 707 682 706 611 708 682 706 683 709 683 709 682 706 626 710 626 710 682 706 585 676 626 710 585 676 603 678 586 675 587 711 584 677 584 677 587 711 592 712 584 677 592 712 593 679 593 679 592 712 654 713 593 679 654 713 646 682 646 682 654 713 658 684 658 684 654 713 653 714 658 684 653 714 651 686 651 686 653 714 652 715 651 686 652 715 632 688 632 688 652 715 633 690 633 690 652 715 661 691 661 691 652 715 606 716 661 691 606 716 589 692 589 692 606 716 590 693 590 693 606 716 605 717 590 693 605 717 623 695 623 695 605 717 604 718 623 695 604 718 610 696 610 696 604 718 609 719 610 696 609 719 608 720 608 720 609 719 587 711 608 720 587 711 586 675 608 720 586 675 597 673 608 720 597 673 610 696 604 718 605 717 606 716 604 718 606 716 607 721 607 721 606 716 652 715 607 721 652 715 617 722 617 722 652 715 653 714 617 722 653 714 654 713 617 722 654 713 592 712 617 722 592 712 609 719 609 719 592 712 587 711 604 718 607 721 617 722 604 718 617 722 609 719 659 723 667 648 660 650 659 723 660 650 649 724 649 724 660 650 650 652 649 724 650 652 639 653 649 724 639 653 648 725 648 725 639 653 674 699 648 725 674 699 664 726 648 725 664 726 673 727 673 727 664 726 663 728 673 727 663 728 672 729 673 727 672 729 649 724 649 724 672 729 659 723 648 725 673 727 649 724 662 730 663 728 664 726 1043 731 1044 731 1045 731 692 732 497 733 496 734 692 732 496 734 499 735 499 735 496 734 493 736 499 735 493 736 533 737 692 732 499 735 695 738 490 739 493 736 496 734 490 739 496 734 495 740 495 740 496 734 497 733 495 740 497 733 505 741 505 741 497 733 535 742 535 742 497 733 691 743 691 743 497 733 692 732 691 743 692 732 689 744 689 744 692 732 694 745 694 745 692 732 695 738 694 745 695 738 693 746 693 746 695 738 696 747 689 744 690 748 691 743 495 740 505 741 529 749 521 750 522 751 526 752 526 752 522 751 531 753 531 753 522 751 529 749 529 749 522 751 495 740 495 740 522 751 491 754 495 740 491 754 490 739 490 739 491 754 489 755 490 739 489 755 493 736 493 736 489 755 492 756 493 736 492 756 533 737 533 737 492 756 687 757 533 737 687 757 516 758 533 737 516 758 500 759 533 737 500 759 499 735 499 735 500 759 498 760 499 735 498 760 695 738 695 738 498 760 518 761 695 738 518 761 696 747 696 747 518 761 698 762 696 747 698 762 697 763 696 747 697 763 693 746 693 746 697 763 543 764 693 746 543 764 694 745 694 745 543 764 542 765 694 745 542 765 689 744 689 744 542 765 539 766 689 744 539 766 690 748 690 748 539 766 538 767 538 767 539 766 487 768 538 767 487 768 540 769 540 769 487 768 486 770 540 769 486 770 528 771 528 771 486 770 523 772 523 772 486 770 485 773 523 772 485 773 527 774 527 774 485 773 488 775 527 774 488 775 544 776 544 776 488 775 542 765 544 776 542 765 543 764 544 776 543 764 680 777 680 777 543 764 697 763 485 773 486 770 487 768 485 773 487 768 488 775 488 775 487 768 539 766 488 775 539 766 542 765 521 750 491 754 522 751 536 778 537 779 527 774 536 778 527 774 681 780 681 780 527 774 544 776 681 780 544 776 680 777 518 761 506 781 509 782 506 781 518 761 498 760 506 781 498 760 500 759 506 781 500 759 516 758 506 781 516 758 507 783 506 781 507 783 508 784 506 781 508 784 509 782 509 782 508 784 514 785 509 782 514 785 519 786 509 782 519 786 518 761 518 761 519 786 698 762 508 784 515 787 514 785 517 788 512 789 494 790 517 788 494 790 480 791 532 792 511 793 510 794 510 794 511 793 482 795 510 794 482 795 475 796 475 796 482 795 481 797 475 796 481 797 520 798 520 798 481 797 727 799 520 798 727 799 545 800 520 798 545 800 479 801 520 798 479 801 476 802 476 802 479 801 478 803 476 802 478 803 483 804 483 804 478 803 513 805 483 804 513 805 686 806 686 806 513 805 530 807 530 807 513 805 502 808 502 808 513 805 503 809 502 808 503 809 501 810 501 810 503 809 504 811 504 811 503 809 525 812 525 812 503 809 524 813 524 813 503 809 512 789 512 789 503 809 513 805 512 789 513 805 494 790 494 790 513 805 478 803 494 790 478 803 480 791 480 791 478 803 479 801 475 796 520 798 476 802 475 796 476 802 477 814 477 814 476 802 483 804 477 814 483 804 484 815 484 815 483 804 686 806 532 792 510 794 484 815 484 815 510 794 477 814 477 814 510 794 475 796 482 795 511 793 534 816 482 795 534 816 541 817 482 795 541 817 481 797 481 797 541 817 727 799 436 818 409 819 413 820 436 818 413 820 412 821 363 822 364 823 365 824 365 824 364 823 408 825 365 824 408 825 409 819 409 819 408 825 413 820 413 820 408 825 416 826 413 820 416 826 412 821 412 821 416 826 411 827 412 821 411 827 356 828 356 828 411 827 410 829 410 829 411 827 406 830 410 829 406 830 407 831 407 831 406 830 405 832 405 832 406 830 404 833 404 833 406 830 421 834 404 833 421 834 434 835 434 835 421 834 414 836 434 835 414 836 432 837 432 837 414 836 362 838 432 837 362 838 433 839 433 839 362 838 357 840 433 839 357 840 431 841 431 841 357 840 430 842 431 841 430 842 429 843 429 843 430 842 428 844 429 843 428 844 426 845 426 845 428 844 424 846 426 845 424 846 425 847 426 845 425 847 427 848 427 848 425 847 423 849 427 848 423 849 422 850 422 850 423 849 404 833 422 850 404 833 434 835 422 850 434 835 435 851 435 851 434 835 433 839 435 851 433 839 431 841 435 851 431 841 429 843 435 851 429 843 427 848 427 848 429 843 426 845 434 835 432 837 433 839 435 851 427 848 422 850 415 852 408 825 364 823 357 840 359 853 430 842 416 826 420 854 411 827 411 827 420 854 406 830 406 830 420 854 421 834 421 834 420 854 415 852 421 834 415 852 414 836 414 836 415 852 364 823 414 836 364 823 362 838 362 838 364 823 363 822 362 838 363 822 361 855 362 838 361 855 357 840 357 840 361 855 358 856 357 840 358 856 359 853 359 853 358 856 360 857 416 826 415 852 420 854 437 858 405 832 438 858 343 859 348 860 396 861 343 859 396 861 355 862 343 859 355 862 356 828 343 859 356 828 342 863 343 859 342 863 341 864 341 864 342 863 339 865 341 864 339 865 338 866 338 866 339 865 330 867 338 866 330 867 329 868 329 868 330 867 331 869 329 868 331 869 332 870 332 870 331 869 334 871 332 870 334 871 354 872 332 870 354 872 353 873 332 870 353 873 329 868 329 868 353 873 352 874 329 868 352 874 338 866 338 866 352 874 351 875 338 866 351 875 350 876 338 866 350 876 341 864 341 864 350 876 349 877 341 864 349 877 347 878 341 864 347 878 343 859 343 859 347 878 348 860 938 879 939 879 940 879 52 880 13 881 7 882 52 880 7 882 9 883 9 883 7 882 8 884 9 883 8 884 16 885 44 886 45 887 34 888 44 886 34 888 57 889 57 889 34 888 56 890 56 890 34 888 36 891 36 891 34 888 33 892 33 892 34 888 35 893 35 893 34 888 45 887 35 893 45 887 62 894 62 894 45 887 218 895 218 895 45 887 16 885 218 895 16 885 15 896 15 896 16 885 8 884 15 896 8 884 42 897 42 897 8 884 7 882 42 897 7 882 14 898 14 898 7 882 13 881 14 898 13 881 73 899 73 899 13 881 259 900 259 900 13 881 52 880 259 900 52 880 77 901 77 901 52 880 12 902 12 902 52 880 9 883 12 902 9 883 10 903 10 903 9 883 16 885 10 903 16 885 45 887 10 903 45 887 26 904 26 904 45 887 44 886 26 904 44 886 49 905 26 904 49 905 11 906 26 904 11 906 10 903 10 903 11 906 12 902 73 899 66 907 14 898 14 898 66 907 43 908 14 898 43 908 42 897 42 897 43 908 64 909 42 897 64 909 15 896 934 910 935 911 936 912 936 912 935 911 937 913 931 914 932 914 933 914 201 915 202 916 203 917 201 915 203 917 197 918 197 918 203 917 198 919 197 918 169 920 201 915 168 921 169 920 167 922 167 922 169 920 197 918 167 922 197 918 162 923 162 923 197 918 198 919 162 923 198 919 199 924 125 925 124 926 116 927 125 925 116 927 134 928 134 928 116 927 118 929 134 928 118 929 158 930 158 930 118 929 214 931 158 930 214 931 215 932 215 932 214 931 143 933 143 933 214 931 144 934 144 934 214 931 146 935 144 934 146 935 216 936 216 936 146 935 129 937 216 936 129 937 126 938 126 938 129 937 127 939 126 938 127 939 128 940 128 940 127 939 152 941 128 940 152 941 154 942 154 942 152 941 153 943 154 942 153 943 145 944 145 944 153 943 150 945 145 944 150 945 151 946 151 946 150 945 156 947 156 947 150 945 133 948 133 948 150 945 131 949 133 948 131 949 130 950 130 950 131 949 132 951 130 950 132 951 121 952 121 952 132 951 155 953 121 952 155 953 138 954 138 954 155 953 136 955 138 954 136 955 137 956 137 956 136 955 139 957 137 956 139 957 183 958 183 958 139 957 149 959 183 958 149 959 186 960 186 960 149 959 185 961 186 960 185 961 190 962 190 962 185 961 179 963 190 962 179 963 189 964 189 964 179 963 178 965 189 964 178 965 168 921 189 964 168 921 170 966 170 966 168 921 167 922 170 966 167 922 159 967 159 967 167 922 162 923 159 967 162 923 160 968 160 968 162 923 199 924 160 968 199 924 200 969 160 968 200 969 177 970 177 970 200 969 191 971 177 970 191 971 166 972 166 972 191 971 182 973 166 972 182 973 173 974 173 974 182 973 171 975 173 974 171 975 172 976 172 976 171 975 176 977 172 976 176 977 188 978 188 978 176 977 207 979 188 978 207 979 120 980 120 980 207 979 148 981 120 980 148 981 147 982 120 980 147 982 123 983 123 983 147 982 157 984 123 983 157 984 130 950 130 950 157 984 156 947 130 950 156 947 133 948 136 955 149 959 139 957 143 933 144 934 145 944 145 944 144 934 216 936 145 944 216 936 126 938 145 944 126 938 128 940 145 944 128 940 154 942 131 949 155 953 132 951 150 945 153 943 131 949 131 949 153 943 152 941 131 949 152 941 155 953 155 953 152 941 142 985 155 953 142 985 136 955 136 955 142 985 141 986 136 955 141 986 149 959 149 959 141 986 124 926 149 959 124 926 185 961 185 961 124 926 125 925 185 961 125 925 179 963 179 963 125 925 178 965 178 965 125 925 135 987 135 987 125 925 134 928 152 941 127 939 142 985 142 985 127 939 129 937 142 985 129 937 140 988 142 985 140 988 141 986 141 986 140 988 119 989 141 986 119 989 124 926 124 926 119 989 116 927 116 927 119 989 117 990 116 927 117 990 118 929 118 929 117 990 146 935 118 929 146 935 214 931 119 989 140 988 117 990 117 990 140 988 129 937 117 990 129 937 146 935 183 958 193 991 137 956 137 956 193 991 122 992 137 956 122 992 121 952 137 956 121 952 138 954 122 992 193 991 187 993 123 983 130 950 121 952 123 983 121 952 120 980 120 980 121 952 122 992 120 980 122 992 188 978 188 978 122 992 187 993 188 978 187 993 172 976 172 976 187 993 173 974 173 974 187 993 193 991 173 974 193 991 164 994 164 994 193 991 183 958 164 994 183 958 165 995 165 995 183 958 184 996 165 995 184 996 174 997 174 997 184 996 175 998 174 997 175 998 159 967 159 967 175 998 170 966 170 966 175 998 189 964 189 964 175 998 190 962 190 962 175 998 184 996 190 962 184 996 186 960 186 960 184 996 183 958 177 970 161 999 160 968 160 968 161 999 159 967 159 967 161 999 174 997 174 997 161 999 163 1000 174 997 163 1000 165 995 165 995 163 1000 164 994 164 994 163 1000 166 972 164 994 166 972 173 974 161 999 177 970 163 1000 163 1000 177 970 166 972 182 973 191 971 180 1001 182 973 180 1001 171 975 171 975 180 1001 181 1002 181 1002 180 1001 204 1003 176 977 171 975 206 1004 206 1004 171 975 181 1002 206 1004 181 1002 195 1005 195 1005 181 1002 204 1003 195 1005 204 1003 196 1006 196 1006 204 1003 205 1007 205 1007 204 1003 180 1001 205 1007 180 1001 192 1008 192 1008 180 1001 191 971 192 1008 191 971 200 969 194 1009 195 1005 196 1006 927 1010 928 1011 929 1012 929 1012 928 1011 930 1013 924 1014 925 1014 926 1014 78 1015 79 1016 80 1017 78 1015 80 1017 308 1018 308 1018 80 1017 307 1019 307 1019 80 1017 249 1020 249 1020 80 1017 283 1021 283 1021 247 1022 249 1020 249 1020 247 1022 248 1023 249 1020 248 1023 307 1019 307 1019 248 1023 1078 1024 307 1019 1078 1024 312 1025 307 1019 312 1025 308 1018 308 1018 312 1025 313 1026 308 1018 313 1026 309 1027 308 1018 309 1027 78 1015 78 1015 309 1027 294 1028 78 1015 294 1028 79 1016 79 1016 294 1028 300 1029 79 1016 300 1029 278 1030 79 1016 278 1030 273 1031 79 1016 273 1031 80 1017 80 1017 273 1031 285 1032 80 1017 285 1032 283 1021 283 1021 285 1032 286 1033 283 1021 286 1033 284 1034 283 1021 284 1034 247 1022 247 1022 284 1034 290 1035 920 1036 921 1037 922 1038 922 1038 921 1037 923 1039 890 1040 891 1040 892 1040 548 1041 546 1042 547 1043 547 1043 546 1042 776 1044 547 1043 776 1044 775 1045 775 1045 776 1044 780 1046 775 1045 780 1046 782 1047 775 1045 782 1047 717 1048 775 1045 717 1048 716 1049 716 1049 717 1048 715 1050 716 1049 715 1050 751 1051 751 1051 715 1050 753 1052 751 1051 753 1052 755 1053 751 1051 755 1053 754 1054 751 1051 754 1054 547 1043 547 1043 754 1054 741 1055 547 1043 741 1055 548 1041 548 1041 741 1055 746 1056 548 1041 746 1056 768 1057 548 1041 768 1057 762 1058 548 1041 762 1058 546 1042 546 1042 762 1058 777 1059 546 1042 777 1059 776 1044 776 1044 777 1059 781 1060 776 1044 781 1060 780 1046 751 1051 547 1043 716 1049 716 1049 547 1043 775 1045 752 1061 753 1052 715 1050 447 1062 448 1063 449 1064 449 1064 448 1063 450 1065 451 1066 452 1066 453 1066 465 1067 466 1067 467 1067 454 1068 455 1069 456 1070 456 1070 455 1069 457 1071 458 1072 459 1072 460 1072 461 1073 462 1074 463 1075 463 1075 462 1074 464 1076</p>
        </polylist>
      </mesh>
    </geometry>
  </library_geometries>
  <library_controllers>
    <controller id="chr514_armature_chr514_0-skin" name="chr514_armature">
      <skin source="#chr514_0-mesh">
        <bind_shape_matrix>1 0 0 0 0 1 0 0 0 0 1 0 0 0 0 1</bind_shape_matrix>
        <source id="chr514_armature_chr514_0-skin-joints">
          <Name_array id="chr514_armature_chr514_0-skin-joints-array" count="18">J_center J_hara J_atama J_flame1 J_flame2 J_end5 J_ago J_ude_L J_hiji_L J_tubi_L J_end2 J_ude_R J_hiji_R J_tubi_R J_end2_cpy J_shippo1 J_shippo2 J_end1</Name_array>
          <technique_common>
            <accessor source="#chr514_armature_chr514_0-skin-joints-array" count="18" stride="1">
              <param name="JOINT" type="name"/>
            </accessor>
          </technique_common>
        </source>
        <source id="chr514_armature_chr514_0-skin-bind_poses">
          <float_array id="chr514_armature_chr514_0-skin-bind_poses-array" count="288">1 0 0 0 0 1 0 -0.01089686 0 0 1 -8.3e-6 0 0 0 1 1 0 0 0 0 0.9998888 0.01490694 -0.0114324 0 -0.01490694 0.9998889 1.61999e-4 0 0 0 1 1 0 0 0 0 0.9998889 0.01490515 -0.02515822 0 -0.01490515 0.9998889 1.61955e-4 0 0 0 1 1 0 0 0 0 0.6573409 -0.7535932 -0.02291303 0 0.7535933 0.6573411 -0.04534983 0 0 0 1 1 0 0 0 0 0.6165165 -0.7873421 -0.03585737 0 0.787342 0.6165165 -0.04731482 0 0 0 1 1 0 0 0 0 0.9998905 0.01480978 -0.07360404 0 -0.01480978 0.9998905 0.01868814 0 0 0 1 1 0 0 0 0 0.9998885 0.01493322 -0.03318357 0 -0.01493322 0.9998885 -0.001728951 0 0 0 1 -0.074503 -0.99722 0.001196801 0.02082377 0.9972201 -0.07450443 -0.001110732 -0.004748106 0.001196801 0.001110732 0.9999987 7.28903e-4 0 0 0 1 -0.03356838 -0.9994363 5.17559e-4 0.02026546 0.9994363 -0.03356873 -5.00467e-4 -0.01402521 5.17559e-4 5.00468e-4 0.9999998 7.50961e-4 0 0 0 1 -0.08709466 -0.996093 0.01460587 0.02157038 0.9960932 -0.087291 -0.0133832 -0.02360367 0.01460587 0.0133832 0.9998039 1.429e-4 0 0 0 1 1 0 0 -0.04340517 -2.32625e-7 0.999889 0.01490801 -0.01782774 0 -0.01490801 0.9998888 0.001281797 0 0 0 1 -0.07448875 0.997221 -0.001196563 -0.02082371 -0.9972211 -0.07449036 -0.001110494 -0.004748404 -0.001196563 0.001110494 0.9999987 7.28909e-4 0 0 0 1 -0.0335797 0.9994357 -5.17739e-4 -0.02026575 -0.9994359 -0.03358024 -5.00635e-4 -0.01402497 -5.17739e-4 5.00635e-4 0.9999998 7.50953e-4 0 0 0 1 -0.08709466 0.9960927 -0.01460587 -0.02157038 -0.9960929 -0.08729118 -0.0133832 -0.02360367 -0.01460587 0.0133832 0.9998037 1.429e-4 0 0 0 1 1 0 0 0.04340517 2.54877e-7 0.9998887 0.01490801 -0.01782774 0 -0.01490801 0.9998888 0.001281797 0 0 0 1 1 0 0 0 0 -0.01522564 -0.999884 -0.009091675 0 0.999884 -0.01522558 -0.008400321 0 0 0 1 1 0 0 0 0 0.1073301 -0.9942234 -0.01971858 0 0.9942235 0.1073301 -0.006031095 0 0 0 1 1 0 0 0 0 0.9999999 0 -0.009739339 0 0 1 0.03402608 0 0 0 1</float_array>
          <technique_common>
            <accessor source="#chr514_armature_chr514_0-skin-bind_poses-array" count="18" stride="16">
              <param name="TRANSFORM" type="float4x4"/>
            </accessor>
          </technique_common>
        </source>
        <source id="chr514_armature_chr514_0-skin-weights">
          <float_array id="chr514_armature_chr514_0-skin-weights-array" count="1483">1 1 1 1 1 1 0.9000123 0.09998774 0.7000489 0.2999511 0.5 0.5 0.5 0.5 0.2999511 0.7000489 0.5 0.5 1 0.8 0.1999999 0.8 0.1999999 0.2999511 0.7000489 0.5 0.5 0.2999511 0.7000489 0.2999511 0.7000489 0.7000489 0.2999511 0.8 0.1999999 1 1 1 1 1 1 0.2999511 0.7000489 0.2999511 0.7000489 0.9000123 0.09998774 0.9000123 0.09998774 0.9000123 0.09998774 1 1 1 1 1 0.2999511 0.7000489 1 1 1 1 0.7000489 0.2999511 0.8 0.1999999 1 0.09998774 0.9000123 1 1 0.7000489 0.2999511 1 0.9000123 0.09998774 0.9000123 0.09998774 0.7000489 0.2999511 1 1 0.1999999 0.8 1 0.9000123 0.09998774 1 0.4000977 0.5999023 0.2999511 0.7000489 1 0.2999511 0.7000489 1 0.7000489 0.2999511 0.7000489 0.2999511 1 0.9000123 0.09998774 0.4000977 0.5999023 0.1999999 0.8 0.5 0.5 0.5 0.5 0.7000489 0.2999511 1 0.5 0.5 0.5 0.5 0.8 0.1999999 0.7000489 0.2999511 1 1 1 1 1 1 1 1 1 1 1 1 1 1 1 1 1 1 1 1 1 1 1 1 1 1 1 1 1 1 1 1 1 1 1 1 1 0.5 0.5 0.5 0.5 0.8 0.1999999 0.8 0.1999999 0.5 0.5 1 1 0.5 0.5 0.5 0.5 1 1 0.1999999 0.8 0.1999999 0.8 0.5 0.5 0.5 0.5 0.8 0.1999999 0.8 0.1999999 0.5 0.5 0.5 0.5 1 0.5 0.5 0.5 0.5 1 1 1 0.8 0.1999999 0.5 0.5 0.8 0.1999999 0.1999999 0.8 1 0.1999999 0.8 0.5 0.5 0.5 0.5 1 1 0.1999999 0.8 0.1999999 0.8 0.5 0.5 0.1999999 0.8 0.1999999 0.8 0.8 0.1999999 0.5 0.5 0.8 0.1999999 0.8 0.1999999 0.5 0.5 0.5 0.5 1 1 0.5 0.5 0.5 0.5 0.5 0.5 0.5 0.5 0.5 0.5 0.5 0.5 0.5 0.5 0.5 0.5 0.5 0.5 0.5 0.5 0.5 0.5 0.5 0.5 0.5 0.5 0.5 0.5 0.5 0.5 1 1 0.8 0.1999999 1 0.5 0.5 0.5 0.5 1 1 1 1 1 0.5 0.5 0.5 0.5 1 1 1 1 0.9000123 0.09998774 0.8 0.1999999 1 0.9000123 0.09998774 1 1 0.8 0.1999999 1 1 1 0.8 0.1999999 0.5 0.5 1 1 1 1 1 0.5 0.5 0.8 0.1999999 0.5 0.5 0.5 0.5 0.1999999 0.8 1 0.2999511 0.7000489 0.5 0.5 1 0.8 0.1999999 0.8 0.1999999 0.2999511 0.7000489 0.7000489 0.2999511 0.8 0.1999999 0.8 0.1999999 0.7000489 0.2999511 0.8 0.1999999 0.8 0.1999999 0.5999023 0.4000977 1 1 1 1 1 1 1 1 1 1 1 1 1 1 1 1 1 1 1 1 1 1 1 1 1 1 1 1 1 1 1 1 1 1 1 1 1 1 1 1 1 1 1 1 1 1 1 1 1 1 1 1 1 1 1 1 1 1 1 1 1 1 1 1 1 1 1 1 1 1 1 1 1 1 1 1 1 1 1 1 1 1 1 1 1 1 1 1 1 1 1 1 1 1 1 1 1 1 1 1 1 1 1 1 1 1 1 1 1 1 1 1 1 1 1 1 1 1 1 1 1 1 1 1 1 1 1 1 1 1 1 1 1 1 1 0.5 0.5 1 1 1 0.5 0.5 1 1 1 1 1 1 1 1 1 1 1 1 1 1 1 1 1 1 1 1 1 1 1 1 1 1 1 1 1 1 1 1 1 1 1 1 1 1 1 1 1 1 1 1 1 1 1 1 1 1 1 1 1 1 1 1 1 1 1 1 1 1 1 1 1 1 1 1 1 1 1 1 1 1 1 1 1 1 1 1 1 1 1 1 1 1 1 1 1 1 1 1 1 1 1 1 1 1 1 1 1 1 1 1 1 1 0.9000123 0.09998774 0.6961407 0.3038593 0.5 0.5 0.5 0.5 0.2999511 0.7000489 1 0.5 0.5 0.8 0.1999999 0.8 0.1999999 0.5 0.5 0.2999511 0.7000489 0.2999511 0.7000489 0.7000489 0.2999511 0.2999511 0.7000489 0.8 0.1999999 1 1 1 1 1 1 0.2999511 0.7000489 0.9000123 0.09998774 0.2999511 0.7000489 0.9000123 0.09998774 1 0.9000123 0.09998774 1 1 1 1 0.2999511 0.7000489 1 1 1 1 0.7000489 0.2999511 0.8 0.1999999 1 0.09998774 0.9000123 1 1 0.7000489 0.2999511 1 0.9000123 0.09998774 0.9000123 0.09998774 0.7000489 0.2999511 1 1 0.1999999 0.8 0.9000123 0.09998774 1 1 0.4000977 0.5999023 0.2999511 0.7000489 1 0.2999511 0.7000489 1 0.7000489 0.2999511 0.7000489 0.2999511 1 0.9000123 0.09998774 0.4000977 0.5999023 0.1999999 0.8 0.5 0.5 0.5 0.5 0.7000489 0.2999511 1 0.5 0.5 0.8 0.1999999 0.5 0.5 0.7000489 0.2999511 1 1 1 1 1 1 1 1 1 1 1 1 1 1 1 1 1 1 1 1 1 1 1 1 1 1 1 1 1 1 1 1 1 1 1 1 1 0.5 0.5 0.5 0.5 0.8 0.1999999 0.8 0.1999999 0.5 0.5 1 0.5 0.5 1 0.5 0.5 1 1 0.1999999 0.8 0.5 0.5 0.1999999 0.8 0.5 0.5 0.8 0.1999999 0.5 0.5 0.8 0.1999999 0.5 0.5 0.5 0.5 1 0.5 0.5 1 1 1 0.8 0.1999999 0.5 0.5 0.8 0.1999999 0.1999999 0.8 0.1999999 0.8 1 0.5 0.5 0.5 0.5 1 1 0.1999999 0.8 0.1999999 0.8 0.5 0.5 0.1999999 0.8 0.1999999 0.8 0.8 0.1999999 0.5 0.5 0.8 0.1999999 0.8 0.1999999 0.5 0.5 1 0.5 0.5 1 0.5 0.5 0.5 0.5 0.5 0.5 0.5 0.5 0.5 0.5 0.5 0.5 0.5 0.5 0.5 0.5 0.5 0.5 0.5 0.5 0.5 0.5 0.5 0.5 0.5 0.5 0.5 0.5 0.5 0.5 1 1 1 0.8 0.1999999 0.5 0.5 1 0.5 0.5 1 1 1 1 0.5 0.5 0.5 0.5 1 1 1 1 0.8 0.1999999 0.9000123 0.09998774 0.9000123 0.09998774 1 1 1 0.8 0.1999999 1 1 0.8 0.1999999 1 0.5 0.5 1 1 1 1 1 0.5 0.5 0.8 0.1999999 0.5 0.5 0.5 0.5 0.1999999 0.8 1 0.2999511 0.7000489 0.5 0.5 1 0.8 0.1999999 0.2999511 0.7000489 0.8 0.1999999 0.7000489 0.2999511 0.8 0.1999999 0.7000489 0.2999511 0.8 0.1999999 0.8 0.1999999 0.8 0.1999999 0.5999023 0.4000977 1 1 1 1 1 1 1 1 1 1 1 1 1 1 1 1 1 1 1 1 1 1 1 1 1 1 1 1 1 1 1 1 1 1 1 1 1 1 1 1 1 1 1 1 1 1 1 1 1 1 1 1 1 1 1 1 1 1 1 1 1 1 1 1 1 1 1 1 1 1 1 1 1 1 1 1 1 1 1 1 1 1 1 1 1 1 1 1 1 1 1 1 1 1 1 1 1 1 1 1 1 1 1 1 1 1 1 1 1 1 1 1 1 1 1 1 1 1 1 1 1 1 1 1 1 1 1 1 1 1 1 1 1 1 1 1 1 0.5 0.5 1 1 1 0.5 0.5 1 1 1 1 1 1 1 1 1 1 1 1 1 1 1 1 1 1 1 1 1 1 1 1 1 1 1 1 1 1 1 1 1 1 1 1 1 1 1 1 1 1 1 1 1 1 1 1 1 1 1 1 1 1 1 1 1 1 1 1 1 1 1 1 1 1 1 1 1 1 1 1 1 1 1 1 1 1 1 1 1 1 1 1 1 1 1 1 1 1 1 1 1 1 1 1 1 1 1 1 1 1 1 0.8 0.1999999 0.8 0.1999999 0.8 0.1999999 0.8 0.1999999 0.8 0.1999999 0.02197659 0.9156951 0.06232827 0.9957993 0.004200756 0.8555732 0.1444268 0.8 0.1999999 0.8304837 0.1695163 0.5525159 0.4474841 0.5578896 0.4421104 0.5 0.5 0.5 0.5 0.4997557 0.5002443 0.6145579 0.3854421 0.6082072 0.3917928 1 1 0.9000123 0.09998774 0.8 0.1999999 0.5 0.5 0.617489 0.382511 0.5 0.5 0.5 0.5 0.5 0.5 0.5 0.5 0.4992672 0.5007328 0.513309 0.4866911 0.7506716 0.2493284 0.40596 0.59404 0.4684905 0.5315095 0.5 0.5 0.5 0.5 0.8 0.1999999 0.4691087 0.5308914 0.8 0.1999999 0.8 0.1999999 1 0.4000977 0.5999023 0.4666666 0.5333334 0.5 0.5 0.5 0.5 0.5999023 0.4000977 0.5831502 0.4168499 0.5 0.5 0.5 0.5 0.5074481 0.4925519 0.4207105 0.5757605 0.003529012 1 0.9000123 0.09998774 0.7785104 0.2214896 0.8117216 0.1882783 0.3502473 0.636014 0.01373875 0.7732324 0.2267675 0.8 0.1999999 0.5999023 0.4000977 0.8 0.1999999 0.8117216 0.1882783 0.8304837 0.1695163 0.8 0.1999999 0.8 0.1999999 0.8 0.1999999 0.4000977 0.5999023 0.5 0.5 0.4666666 0.5333334 0.5 0.5 0.5 0.5 0.5525159 0.4474841 0.5 0.5 0.5 0.5 1 0.40596 0.59404 0.3502473 0.636014 0.01373875 0.617489 0.382511 0.6145579 0.3854421 0.7000489 0.2999511 0.5 0.5 0.5 0.5 0.5999023 0.4000977 0.5 0.5 0.1999999 0.8 0.03815388 0.8712533 0.09059274 0.1999999 0.8 0.5 0.5 0.5 0.5 0.9000123 0.09998774 0.03815388 0.8712533 0.09059274 0.5 0.5 0.5 0.5 0.5 0.5 0.3899878 0.6100122 0.4142647 0.5857353 1 0.6516854 0.3483146 0.7000489 0.2999511 0.6516854 0.3483146 0.5 0.5 0.5999023 0.4000977 0.7303371 0.2696629 0.008316874 0.8438403 0.1478429 0.5999023 0.4000977 0.9000123 0.09998774 1 0.8 0.1999999 1 0.008316874 0.8438403 0.1478429 0.02197659 0.9156951 0.06232827 0.8 0.1999999 0.8 0.1999999 0.5999023 0.4000977 0.7303371 0.2696629 0.5999023 0.4000977 0.01303297 0.986967 0.09998774 0.9000123 1 0.2999511 0.7000489 1 1 0.06888127 0.9311187 1 0.06888127 0.9311187 1 0.09998774 0.9000123 0.2999511 0.7000489 0.3484737 0.6515263 0.367033 0.6329671 1 0.3484737 0.6515263 0.5 0.5 0.5 0.5 0.5 0.5 0.5 0.5 0.3899878 0.6100122 0.3624817 0.6375184 0.3624817 0.6375184 0.2999511 0.7000489 1 1 1 1 1 1 1 1 1 1 1 1 1 1 1 1 1 1 1</float_array>
          <technique_common>
            <accessor source="#chr514_armature_chr514_0-skin-weights-array" count="1483" stride="1">
              <param name="WEIGHT" type="float"/>
            </accessor>
          </technique_common>
        </source>
        <joints>
          <input semantic="JOINT" source="#chr514_armature_chr514_0-skin-joints"/>
          <input semantic="INV_BIND_MATRIX" source="#chr514_armature_chr514_0-skin-bind_poses"/>
        </joints>
        <vertex_weights count="1103">
          <input semantic="JOINT" source="#chr514_armature_chr514_0-skin-joints" offset="0"/>
          <input semantic="WEIGHT" source="#chr514_armature_chr514_0-skin-weights" offset="1"/>
          <vcount>1 1 1 1 1 1 2 2 2 2 2 2 1 2 2 2 2 2 2 2 2 1 1 1 1 1 1 2 2 2 2 2 1 1 1 1 1 2 1 1 1 1 2 2 1 2 1 1 2 1 2 2 2 1 1 2 1 2 1 2 2 1 2 1 2 2 1 2 2 2 2 2 2 1 2 2 2 2 1 1 1 1 1 1 1 1 1 1 1 1 1 1 1 1 1 1 1 1 1 1 1 1 1 1 1 1 1 1 1 1 1 1 1 1 1 2 2 2 2 2 1 1 2 2 1 1 2 2 2 2 2 2 2 2 1 2 2 1 1 1 2 2 2 2 1 2 2 2 1 1 2 2 2 2 2 2 2 2 2 2 2 1 1 2 2 2 2 2 2 2 2 2 2 2 2 2 2 2 1 1 2 1 2 2 1 1 1 1 1 2 2 1 1 1 1 2 2 1 2 1 1 2 1 1 1 2 2 1 1 1 1 1 2 2 2 2 2 1 2 2 1 2 2 2 2 2 2 2 2 2 2 1 1 1 1 1 1 1 1 1 1 1 1 1 1 1 1 1 1 1 1 1 1 1 1 1 1 1 1 1 1 1 1 1 1 1 1 1 1 1 1 1 1 1 1 1 1 1 1 1 1 1 1 1 1 1 1 1 1 1 1 1 1 1 1 1 1 1 1 1 1 1 1 1 1 1 1 1 1 1 1 1 1 1 1 1 1 1 1 1 1 1 1 1 1 1 1 1 1 1 1 1 1 1 1 1 1 1 1 1 1 1 1 1 1 1 1 1 1 1 1 1 1 1 1 1 1 1 1 1 1 1 1 1 1 1 2 1 1 1 2 1 1 1 1 1 1 1 1 1 1 1 1 1 1 1 1 1 1 1 1 1 1 1 1 1 1 1 1 1 1 1 1 1 1 1 1 1 1 1 1 1 1 1 1 1 1 1 1 1 1 1 1 1 1 1 1 1 1 1 1 1 1 1 1 1 1 1 1 1 1 1 1 1 1 1 1 1 1 1 1 1 1 1 1 1 1 1 1 1 1 1 1 1 1 1 1 1 1 1 1 1 1 1 1 1 1 2 2 2 2 2 1 2 2 2 2 2 2 2 2 2 1 1 1 1 1 1 2 2 2 2 1 2 1 1 1 1 2 1 1 1 1 2 2 1 2 1 1 2 1 2 2 2 1 1 2 2 1 1 2 2 1 2 1 2 2 1 2 2 2 2 2 2 1 2 2 2 2 1 1 1 1 1 1 1 1 1 1 1 1 1 1 1 1 1 1 1 1 1 1 1 1 1 1 1 1 1 1 1 1 1 1 1 1 1 2 2 2 2 2 1 2 1 2 1 1 2 2 2 2 2 2 2 2 2 1 2 1 1 1 2 2 2 2 2 1 2 2 1 1 2 2 2 2 2 2 2 2 2 2 1 2 1 2 2 2 2 2 2 2 2 2 2 2 2 2 2 2 1 1 1 2 2 1 2 1 1 1 1 2 2 1 1 1 1 2 2 2 1 1 1 2 1 1 2 1 2 1 1 1 1 1 2 2 2 2 2 1 2 2 1 2 2 2 2 2 2 2 2 2 2 1 1 1 1 1 1 1 1 1 1 1 1 1 1 1 1 1 1 1 1 1 1 1 1 1 1 1 1 1 1 1 1 1 1 1 1 1 1 1 1 1 1 1 1 1 1 1 1 1 1 1 1 1 1 1 1 1 1 1 1 1 1 1 1 1 1 1 1 1 1 1 1 1 1 1 1 1 1 1 1 1 1 1 1 1 1 1 1 1 1 1 1 1 1 1 1 1 1 1 1 1 1 1 1 1 1 1 1 1 1 1 1 1 1 1 1 1 1 1 1 1 1 1 1 1 1 1 1 1 1 1 1 1 1 1 1 1 2 1 1 1 2 1 1 1 1 1 1 1 1 1 1 1 1 1 1 1 1 1 1 1 1 1 1 1 1 1 1 1 1 1 1 1 1 1 1 1 1 1 1 1 1 1 1 1 1 1 1 1 1 1 1 1 1 1 1 1 1 1 1 1 1 1 1 1 1 1 1 1 1 1 1 1 1 1 1 1 1 1 1 1 1 1 1 1 1 1 1 1 1 1 1 1 1 1 1 1 1 1 1 1 1 1 1 1 2 2 2 2 2 3 2 2 2 2 2 2 2 2 2 2 2 1 1 2 2 2 2 2 2 2 2 2 2 2 2 2 2 2 2 2 2 2 1 2 2 2 2 2 2 2 2 2 3 1 2 2 2 3 2 2 2 2 2 2 2 2 2 2 2 2 2 2 2 2 2 1 2 3 2 2 2 2 2 2 2 2 3 2 2 2 2 3 2 2 2 2 2 1 2 2 2 2 2 2 3 2 2 1 2 1 3 3 2 2 2 2 2 2 2 1 2 1 1 2 1 2 1 2 2 2 2 1 2 2 2 2 2 2 2 2 2 1 1 1 1 1 1 1 1 1 1 1 1 1 1 1 1 1 1 1 </vcount>
          <v>1 0 2 1 2 2 1 3 2 4 2 5 1 6 7 7 0 8 1 9 0 10 1 11 0 12 1 13 0 14 1 15 0 16 1 17 1 18 0 19 1 20 0 21 1 22 0 23 1 24 0 25 1 26 15 27 17 28 15 29 17 30 15 31 17 32 15 33 17 34 1 35 1 36 1 37 1 38 1 39 1 40 0 41 1 42 0 43 1 44 0 45 1 46 0 47 15 48 0 49 15 50 0 51 1 52 1 53 1 54 1 55 0 56 1 57 0 58 0 59 0 60 0 61 0 62 1 63 0 64 1 65 1 66 0 67 1 68 0 69 0 70 0 71 1 72 1 73 0 74 15 75 0 76 15 77 0 78 1 79 1 80 1 81 16 82 17 83 1 84 1 85 7 86 1 87 15 88 17 89 15 90 17 91 1 92 0 93 1 94 1 95 0 96 1 97 0 98 1 99 0 100 0 101 15 102 15 103 17 104 16 105 17 106 15 107 16 108 15 109 16 110 15 111 17 112 0 113 15 114 16 115 15 116 16 117 15 118 17 119 0 120 1 121 2 122 2 123 2 124 2 125 2 126 2 127 2 128 6 129 6 130 6 131 6 132 6 133 6 134 6 135 2 136 2 137 2 138 6 139 6 140 6 141 2 142 2 143 6 144 2 145 2 146 2 147 2 148 6 149 2 150 2 151 2 152 2 153 2 154 2 155 2 156 2 157 6 158 2 159 6 160 8 161 9 162 9 163 10 164 9 165 10 166 8 167 9 168 8 169 8 170 8 171 9 172 8 173 9 174 8 175 8 176 9 177 10 178 9 179 10 180 9 181 10 182 9 183 10 184 9 185 10 186 9 187 10 188 9 189 10 190 9 191 10 192 8 193 8 194 9 195 8 196 9 197 9 198 8 199 8 200 9 201 10 202 8 203 9 204 9 205 10 206 9 207 10 208 10 209 9 210 10 211 9 212 10 213 8 214 9 215 8 216 8 217 9 218 10 219 9 220 10 221 9 222 10 223 9 224 10 225 9 226 10 227 9 228 10 229 9 230 10 231 9 232 10 233 9 234 10 235 1 236 7 237 1 238 7 239 1 240 1 241 1 242 7 243 7 244 8 245 7 246 8 247 1 248 7 249 1 250 7 251 1 252 7 253 7 254 8 255 7 256 8 257 1 258 7 259 7 260 8 261 7 262 8 263 7 264 8 265 7 266 8 267 7 268 8 269 1 270 7 271 8 272 8 273 1 274 7 275 1 276 1 277 7 278 7 279 8 280 8 281 8 282 8 283 8 284 8 285 7 286 8 287 7 288 8 289 1 290 1 291 8 292 1 293 1 294 7 295 1 296 2 297 1 298 1 299 7 300 1 301 1 302 1 303 2 304 1 305 1 306 1 307 1 308 7 309 1 310 7 311 8 312 2 313 2 314 2 315 2 316 15 317 16 318 15 319 17 320 9 321 10 322 9 323 10 324 9 325 10 326 6 327 0 328 1 329 0 330 1 331 1 332 15 333 16 334 15 335 16 336 0 337 15 338 0 339 15 340 15 341 16 342 15 343 16 344 0 345 15 346 0 347 15 348 15 349 16 350 0 351 15 352 2 353 2 354 2 355 2 356 2 357 2 358 2 359 2 360 2 361 2 362 2 363 2 364 1 365 2 366 1 367 2 368 2 369 2 370 2 371 2 372 2 373 2 374 2 375 2 376 2 377 2 378 2 379 2 380 0 381 2 382 2 383 2 384 2 385 2 386 2 387 2 388 2 389 2 390 2 391 2 392 2 393 2 394 2 395 2 396 2 397 2 398 2 399 2 400 2 401 2 402 2 403 2 404 2 405 2 406 2 407 2 408 2 409 2 410 2 411 2 412 2 413 2 414 2 415 2 416 2 417 2 418 2 419 2 420 2 421 2 422 2 423 2 424 2 425 2 426 2 427 2 428 2 429 2 430 2 431 2 432 2 433 2 434 2 435 2 436 2 437 2 438 2 439 2 440 2 441 2 442 2 443 2 444 2 445 6 446 6 447 6 448 6 449 6 450 2 451 2 452 2 453 2 454 2 455 2 456 2 457 2 458 2 459 2 460 2 461 2 462 2 463 2 464 2 465 2 466 2 467 2 468 2 469 2 470 2 471 2 472 2 473 2 474 2 475 2 476 2 477 2 478 6 479 6 480 6 481 6 482 6 483 6 484 6 485 6 486 6 487 2 488 6 489 2 490 2 491 2 492 2 493 6 494 2 495 6 496 2 497 2 498 2 499 2 500 2 501 2 502 2 503 2 504 2 505 2 506 2 507 2 508 2 509 2 510 2 511 2 512 2 513 2 514 2 515 2 516 2 517 2 518 2 519 2 520 2 521 2 522 2 523 2 524 2 525 2 526 2 527 6 528 6 529 6 530 6 531 6 532 6 533 6 534 6 535 2 536 2 537 6 538 6 539 2 540 6 541 6 542 2 543 6 544 6 545 6 546 6 547 6 548 6 549 6 550 6 551 6 552 6 553 6 554 6 555 6 556 6 557 6 558 6 559 2 560 2 561 6 562 2 563 6 564 6 565 2 566 2 567 2 568 2 569 2 570 2 571 2 572 2 573 2 574 2 575 2 576 2 577 2 578 2 579 2 580 6 581 6 582 6 583 6 584 6 585 6 586 6 587 2 588 2 589 2 590 2 591 2 592 2 593 2 594 1 595 2 596 2 597 1 598 2 599 2 600 1 601 11 602 0 603 1 604 0 605 1 606 0 607 1 608 0 609 1 610 1 611 0 612 1 613 0 614 1 615 0 616 1 617 0 618 1 619 0 620 1 621 15 622 17 623 15 624 17 625 15 626 17 627 15 628 17 629 1 630 1 631 1 632 1 633 1 634 1 635 0 636 1 637 0 638 1 639 0 640 1 641 0 642 15 643 0 644 0 645 15 646 1 647 1 648 1 649 1 650 0 651 1 652 0 653 0 654 0 655 0 656 0 657 1 658 0 659 1 660 1 661 0 662 1 663 0 664 0 665 0 666 1 667 1 668 0 669 15 670 0 671 15 672 0 673 1 674 1 675 1 676 16 677 17 678 1 679 11 680 1 681 1 682 15 683 17 684 15 685 17 686 1 687 0 688 1 689 1 690 0 691 1 692 0 693 1 694 0 695 0 696 15 697 15 698 17 699 16 700 17 701 15 702 16 703 15 704 16 705 15 706 17 707 0 708 15 709 16 710 15 711 17 712 15 713 16 714 0 715 1 716 2 717 2 718 2 719 2 720 2 721 2 722 2 723 6 724 6 725 6 726 6 727 6 728 6 729 6 730 2 731 2 732 2 733 6 734 6 735 6 736 2 737 2 738 6 739 2 740 2 741 2 742 2 743 6 744 2 745 2 746 2 747 2 748 2 749 2 750 2 751 2 752 6 753 2 754 6 755 12 756 13 757 13 758 14 759 13 760 14 761 12 762 13 763 12 764 12 765 13 766 12 767 12 768 13 769 12 770 12 771 13 772 14 773 13 774 14 775 13 776 14 777 13 778 14 779 13 780 14 781 13 782 14 783 13 784 14 785 13 786 14 787 12 788 13 789 12 790 12 791 13 792 12 793 13 794 12 795 13 796 14 797 12 798 13 799 13 800 14 801 13 802 14 803 13 804 14 805 14 806 13 807 14 808 12 809 13 810 12 811 12 812 13 813 14 814 13 815 14 816 13 817 14 818 13 819 14 820 13 821 14 822 13 823 14 824 13 825 14 826 13 827 14 828 13 829 14 830 1 831 11 832 1 833 1 834 11 835 1 836 1 837 11 838 11 839 12 840 11 841 12 842 1 843 11 844 1 845 11 846 11 847 12 848 1 849 11 850 11 851 12 852 1 853 11 854 11 855 12 856 11 857 12 858 11 859 12 860 11 861 12 862 11 863 12 864 1 865 11 866 12 867 12 868 1 869 1 870 11 871 1 872 11 873 12 874 11 875 12 876 12 877 12 878 12 879 12 880 11 881 12 882 11 883 12 884 1 885 1 886 12 887 1 888 1 889 2 890 1 891 11 892 1 893 11 894 1 895 1 896 1 897 1 898 2 899 1 900 1 901 1 902 11 903 1 904 1 905 11 906 12 907 2 908 2 909 2 910 2 911 15 912 16 913 15 914 17 915 13 916 14 917 13 918 14 919 13 920 14 921 6 922 0 923 1 924 0 925 1 926 1 927 15 928 16 929 0 930 15 931 15 932 16 933 0 934 15 935 15 936 16 937 0 938 15 939 15 940 16 941 0 942 15 943 15 944 16 945 0 946 15 947 2 948 2 949 2 950 2 951 2 952 2 953 2 954 2 955 2 956 2 957 2 958 2 959 2 960 1 961 1 962 2 963 2 964 2 965 2 966 2 967 2 968 2 969 2 970 2 971 2 972 2 973 2 974 2 975 0 976 2 977 2 978 2 979 2 980 2 981 2 982 2 983 2 984 2 985 2 986 2 987 2 988 2 989 2 990 2 991 2 992 2 993 2 994 2 995 2 996 2 997 2 998 2 999 2 1000 2 1001 2 1002 2 1003 2 1004 2 1005 2 1006 2 1007 2 1008 2 1009 2 1010 2 1011 2 1012 2 1013 2 1014 2 1015 2 1016 2 1017 2 1018 2 1019 2 1020 2 1021 2 1022 2 1023 2 1024 2 1025 2 1026 2 1027 2 1028 2 1029 2 1030 2 1031 2 1032 2 1033 2 1034 2 1035 2 1036 2 1037 2 1038 2 1039 2 1040 2 1041 2 1042 6 1043 6 1044 6 1045 6 1046 6 1047 2 1048 2 1049 2 1050 2 1051 2 1052 2 1053 2 1054 2 1055 2 1056 2 1057 2 1058 2 1059 2 1060 2 1061 2 1062 2 1063 2 1064 2 1065 2 1066 2 1067 2 1068 2 1069 2 1070 2 1071 2 1072 2 1073 2 1074 2 1075 6 1076 6 1077 6 1078 6 1079 6 1080 6 1081 6 1082 6 1083 6 1084 2 1085 6 1086 2 1087 2 1088 2 1089 2 1090 6 1091 6 1092 2 1093 2 1094 2 1095 2 1096 2 1097 2 1098 2 1099 2 1100 2 1101 2 1102 2 1103 2 1104 2 1105 2 1106 2 1107 2 1108 2 1109 2 1110 2 1111 2 1112 2 1113 2 1114 2 1115 2 1116 2 1117 2 1118 2 1119 2 1120 2 1121 2 1122 2 1123 2 1124 2 1125 2 1126 2 1127 6 1128 6 1129 6 1130 6 1131 6 1132 6 1133 2 1134 6 1135 6 1136 2 1137 6 1138 6 1139 2 1140 2 1141 6 1142 6 1143 6 1144 6 1145 6 1146 6 1147 6 1148 6 1149 6 1150 6 1151 6 1152 6 1153 6 1154 6 1155 6 1156 6 1157 6 1158 6 1159 2 1160 6 1161 2 1162 2 1163 6 1164 6 1165 2 1166 2 1167 2 1168 2 1169 2 1170 2 1171 2 1172 2 1173 2 1174 2 1175 2 1176 2 1177 2 1178 2 1179 2 1180 2 1181 2 1182 2 1183 2 1184 2 1185 2 1186 2 1187 6 1188 6 1189 6 1190 6 1191 6 1192 6 1193 6 1194 4 1195 5 1196 4 1197 5 1198 4 1199 5 1200 4 1201 5 1202 4 1203 5 1204 3 1205 4 1206 5 1207 4 1208 5 1209 4 1210 5 1211 4 1212 5 1213 4 1214 5 1215 4 1216 5 1217 4 1218 5 1219 4 1220 5 1221 4 1222 5 1223 2 1224 3 1225 2 1226 3 1227 2 1228 3 1229 4 1230 4 1231 4 1232 5 1233 4 1234 5 1235 2 1236 3 1237 2 1238 3 1239 2 1240 3 1241 4 1242 5 1243 4 1244 5 1245 4 1246 5 1247 3 1248 4 1249 3 1250 4 1251 3 1252 4 1253 2 1254 3 1255 2 1256 3 1257 3 1258 4 1259 3 1260 4 1261 3 1262 4 1263 2 1264 3 1265 4 1266 5 1267 4 1268 5 1269 5 1270 4 1271 5 1272 4 1273 5 1274 4 1275 5 1276 4 1277 5 1278 4 1279 5 1280 4 1281 5 1282 4 1283 5 1284 4 1285 5 1286 2 1287 3 1288 2 1289 3 1290 4 1291 2 1292 3 1293 4 1294 3 1295 4 1296 4 1297 5 1298 2 1299 3 1300 4 1301 4 1302 5 1303 4 1304 5 1305 4 1306 5 1307 4 1308 5 1309 4 1310 5 1311 4 1312 5 1313 4 1314 5 1315 4 1316 5 1317 4 1318 5 1319 4 1320 5 1321 4 1322 5 1323 4 1324 5 1325 4 1326 5 1327 4 1328 5 1329 4 1330 5 1331 4 1332 5 1333 2 1334 3 1335 2 1336 2 1337 3 1338 2 1339 3 1340 4 1341 2 1342 3 1343 2 1344 3 1345 3 1346 4 1347 3 1348 4 1349 3 1350 4 1351 3 1352 4 1353 3 1354 4 1355 3 1356 4 1357 2 1358 3 1359 4 1360 3 1361 4 1362 3 1363 4 1364 3 1365 4 1366 3 1367 4 1368 2 1369 3 1370 4 1371 3 1372 4 1373 3 1374 4 1375 3 1376 4 1377 3 1378 4 1379 3 1380 4 1381 4 1382 3 1383 4 1384 3 1385 4 1386 3 1387 4 1388 3 1389 4 1390 3 1391 4 1392 4 1393 5 1394 3 1395 4 1396 5 1397 4 1398 5 1399 4 1400 5 1401 4 1402 4 1403 5 1404 4 1405 3 1406 4 1407 5 1408 3 1409 4 1410 5 1411 4 1412 5 1413 4 1414 5 1415 4 1416 5 1417 4 1418 5 1419 4 1420 5 1421 3 1422 4 1423 3 1424 4 1425 4 1426 3 1427 4 1428 4 1429 4 1430 3 1431 4 1432 4 1433 3 1434 4 1435 4 1436 3 1437 4 1438 3 1439 4 1440 3 1441 4 1442 3 1443 4 1444 4 1445 3 1446 4 1447 3 1448 4 1449 3 1450 4 1451 3 1452 4 1453 3 1454 4 1455 3 1456 4 1457 3 1458 4 1459 3 1460 4 1461 3 1462 4 1463 2 1464 2 1465 2 1466 2 1467 2 1468 2 1469 2 1470 2 1471 2 1472 2 1473 2 1474 2 1475 2 1476 2 1477 2 1478 2 1479 2 1480 2 1481 2 1482</v>
        </vertex_weights>
      </skin>
    </controller>
    <controller id="chr514_armature_chr514_1-skin" name="chr514_armature">
      <skin source="#chr514_1-mesh">
        <bind_shape_matrix>1 0 0 0 0 1 0 0 0 0 1 0 0 0 0 1</bind_shape_matrix>
        <source id="chr514_armature_chr514_1-skin-joints">
          <Name_array id="chr514_armature_chr514_1-skin-joints-array" count="18">J_center J_hara J_atama J_flame1 J_flame2 J_end5 J_ago J_ude_L J_hiji_L J_tubi_L J_end2 J_ude_R J_hiji_R J_tubi_R J_end2_cpy J_shippo1 J_shippo2 J_end1</Name_array>
          <technique_common>
            <accessor source="#chr514_armature_chr514_1-skin-joints-array" count="18" stride="1">
              <param name="JOINT" type="name"/>
            </accessor>
          </technique_common>
        </source>
        <source id="chr514_armature_chr514_1-skin-bind_poses">
          <float_array id="chr514_armature_chr514_1-skin-bind_poses-array" count="288">1 0 0 0 0 1 0 -0.01089686 0 0 1 -8.3e-6 0 0 0 1 1 0 0 0 0 0.9998888 0.01490694 -0.0114324 0 -0.01490694 0.9998889 1.61999e-4 0 0 0 1 1 0 0 0 0 0.9998889 0.01490515 -0.02515822 0 -0.01490515 0.9998889 1.61955e-4 0 0 0 1 1 0 0 0 0 0.6573409 -0.7535932 -0.02291303 0 0.7535933 0.6573411 -0.04534983 0 0 0 1 1 0 0 0 0 0.6165165 -0.7873421 -0.03585737 0 0.787342 0.6165165 -0.04731482 0 0 0 1 1 0 0 0 0 0.9998905 0.01480978 -0.07360404 0 -0.01480978 0.9998905 0.01868814 0 0 0 1 1 0 0 0 0 0.9998885 0.01493322 -0.03318357 0 -0.01493322 0.9998885 -0.001728951 0 0 0 1 -0.074503 -0.99722 0.001196801 0.02082377 0.9972201 -0.07450443 -0.001110732 -0.004748106 0.001196801 0.001110732 0.9999987 7.28903e-4 0 0 0 1 -0.03356838 -0.9994363 5.17559e-4 0.02026546 0.9994363 -0.03356873 -5.00467e-4 -0.01402521 5.17559e-4 5.00468e-4 0.9999998 7.50961e-4 0 0 0 1 -0.08709466 -0.996093 0.01460587 0.02157038 0.9960932 -0.087291 -0.0133832 -0.02360367 0.01460587 0.0133832 0.9998039 1.429e-4 0 0 0 1 1 0 0 -0.04340517 -2.32625e-7 0.999889 0.01490801 -0.01782774 0 -0.01490801 0.9998888 0.001281797 0 0 0 1 -0.07448875 0.997221 -0.001196563 -0.02082371 -0.9972211 -0.07449036 -0.001110494 -0.004748404 -0.001196563 0.001110494 0.9999987 7.28909e-4 0 0 0 1 -0.0335797 0.9994357 -5.17739e-4 -0.02026575 -0.9994359 -0.03358024 -5.00635e-4 -0.01402497 -5.17739e-4 5.00635e-4 0.9999998 7.50953e-4 0 0 0 1 -0.08709466 0.9960927 -0.01460587 -0.02157038 -0.9960929 -0.08729118 -0.0133832 -0.02360367 -0.01460587 0.0133832 0.9998037 1.429e-4 0 0 0 1 1 0 0 0.04340517 2.54877e-7 0.9998887 0.01490801 -0.01782774 0 -0.01490801 0.9998888 0.001281797 0 0 0 1 1 0 0 0 0 -0.01522564 -0.999884 -0.009091675 0 0.999884 -0.01522558 -0.008400321 0 0 0 1 1 0 0 0 0 0.1073301 -0.9942234 -0.01971858 0 0.9942235 0.1073301 -0.006031095 0 0 0 1 1 0 0 0 0 0.9999999 0 -0.009739339 0 0 1 0.03402608 0 0 0 1</float_array>
          <technique_common>
            <accessor source="#chr514_armature_chr514_1-skin-bind_poses-array" count="18" stride="16">
              <param name="TRANSFORM" type="float4x4"/>
            </accessor>
          </technique_common>
        </source>
        <source id="chr514_armature_chr514_1-skin-weights">
          <float_array id="chr514_armature_chr514_1-skin-weights-array" count="1477">1 1 1 1 1 1 0.9000123 0.09998774 0.7000489 0.2999511 0.5 0.5 0.5 0.5 0.2999511 0.7000489 1 0.5 0.5 0.8 0.1999999 0.8 0.1999999 0.5 0.5 0.2999511 0.7000489 0.2999511 0.7000489 0.7000489 0.2999511 0.2999511 0.7000489 0.8 0.1999999 1 1 1 1 1 1 0.2999511 0.7000489 0.9000123 0.09998774 0.2999511 0.7000489 0.9000123 0.09998774 1 0.9000123 0.09998774 1 1 1 1 0.2999511 0.7000489 1 1 1 1 0.7000489 0.2999511 0.8 0.1999999 1 0.09998774 0.9000123 1 1 0.7000489 0.2999511 1 0.9000123 0.09998774 0.9000123 0.09998774 0.7000489 0.2999511 1 1 0.1999999 0.8 0.9000123 0.09998774 1 1 0.4000977 0.5999023 0.2999511 0.7000489 1 0.2999511 0.7000489 1 0.7000489 0.2999511 0.7000489 0.2999511 1 0.9000123 0.09998774 0.4000977 0.5999023 0.1999999 0.8 0.5 0.5 0.5 0.5 0.7000489 0.2999511 1 0.5 0.5 0.8 0.1999999 0.5 0.5 0.7000489 0.2999511 1 1 1 1 1 1 1 1 1 1 1 1 1 1 1 1 1 1 1 1 1 1 1 1 1 1 1 1 1 1 1 1 1 1 1 1 1 0.5 0.5 0.5 0.5 0.8 0.1999999 0.8 0.1999999 0.5 0.5 1 0.5 0.5 1 0.5 0.5 1 1 0.1999999 0.8 0.5 0.5 0.1999999 0.8 0.5 0.5 0.8 0.1999999 0.5 0.5 0.8 0.1999999 0.5 0.5 0.5 0.5 1 0.5 0.5 1 1 1 0.8 0.1999999 0.5 0.5 0.8 0.1999999 0.1999999 0.8 0.1999999 0.8 1 0.5 0.5 0.5 0.5 1 1 0.1999999 0.8 0.1999999 0.8 0.5 0.5 0.1999999 0.8 0.1999999 0.8 0.8 0.1999999 0.5 0.5 0.8 0.1999999 0.8 0.1999999 0.5 0.5 1 0.5 0.5 1 0.5 0.5 0.5 0.5 0.5 0.5 0.5 0.5 0.5 0.5 0.5 0.5 0.5 0.5 0.5 0.5 0.5 0.5 0.5 0.5 0.5 0.5 0.5 0.5 0.5 0.5 0.5 0.5 0.5 0.5 1 1 1 0.8 0.1999999 0.5 0.5 1 0.5 0.5 1 1 1 1 0.5 0.5 0.5 0.5 1 1 1 1 0.8 0.1999999 0.9000123 0.09998774 0.9000123 0.09998774 1 1 1 0.8 0.1999999 1 1 0.8 0.1999999 1 0.5 0.5 1 1 1 1 1 0.5 0.5 0.8 0.1999999 0.5 0.5 0.5 0.5 0.1999999 0.8 1 0.2999511 0.7000489 0.5 0.5 1 0.8 0.1999999 0.2999511 0.7000489 0.8 0.1999999 0.7000489 0.2999511 0.8 0.1999999 0.7000489 0.2999511 0.8 0.1999999 0.8 0.1999999 0.8 0.1999999 0.5999023 0.4000977 1 1 1 1 1 1 1 1 1 1 1 1 1 1 1 1 1 1 1 1 1 1 1 1 1 1 1 1 1 1 1 1 1 1 1 1 1 1 1 1 1 1 1 1 1 1 1 1 1 1 1 1 1 1 1 1 1 1 1 1 1 1 1 1 1 1 1 1 1 1 1 1 1 1 1 1 1 1 1 1 1 1 1 1 1 1 1 1 1 1 1 1 1 1 1 1 1 1 1 1 1 1 1 1 1 1 1 1 1 1 1 1 1 1 1 1 1 1 1 1 1 1 1 1 1 1 1 1 1 1 1 1 1 1 1 0.5 0.5 1 1 1 0.5 0.5 1 1 1 1 1 1 1 1 1 1 1 1 1 1 1 1 1 1 1 1 1 1 1 1 1 1 1 1 1 1 1 1 1 1 1 1 1 1 1 1 1 1 1 1 1 1 1 1 1 1 1 1 1 1 1 1 1 1 1 1 1 1 1 1 1 1 1 1 1 1 1 1 1 1 1 1 1 1 1 1 1 1 1 1 1 1 1 1 1 1 1 1 1 1 1 1 1 1 1 1 1 1 1 0.9000123 0.09998774 0.6961407 0.3038593 0.5 0.5 0.5 0.5 0.2999511 0.7000489 0.5 0.5 1 0.8 0.1999999 0.8 0.1999999 0.2999511 0.7000489 0.5 0.5 0.2999511 0.7000489 0.2999511 0.7000489 0.7000489 0.2999511 0.8 0.1999999 1 1 1 1 1 1 0.2999511 0.7000489 0.2999511 0.7000489 0.9000123 0.09998774 0.9000123 0.09998774 0.9000123 0.09998774 1 1 1 1 1 0.2999511 0.7000489 1 1 1 1 0.7000489 0.2999511 0.8 0.1999999 1 0.09998774 0.9000123 1 1 0.7000489 0.2999511 1 0.9000123 0.09998774 0.9000123 0.09998774 0.7000489 0.2999511 1 1 0.1999999 0.8 1 0.9000123 0.09998774 1 0.4000977 0.5999023 0.2999511 0.7000489 1 0.2999511 0.7000489 1 0.7000489 0.2999511 0.7000489 0.2999511 1 0.9000123 0.09998774 0.4000977 0.5999023 0.1999999 0.8 0.5 0.5 0.5 0.5 0.7000489 0.2999511 1 0.5 0.5 0.5 0.5 0.8 0.1999999 0.7000489 0.2999511 1 1 1 1 1 1 1 1 1 1 1 1 1 1 1 1 1 1 1 1 1 1 1 1 1 1 1 1 1 1 1 1 1 1 1 1 1 0.5 0.5 0.5 0.5 0.8 0.1999999 0.8 0.1999999 0.5 0.5 1 1 0.5 0.5 0.5 0.5 1 1 0.1999999 0.8 0.1999999 0.8 0.5 0.5 0.5 0.5 0.8 0.1999999 0.8 0.1999999 0.5 0.5 0.5 0.5 1 0.5 0.5 0.5 0.5 1 1 1 0.8 0.1999999 0.5 0.5 0.8 0.1999999 0.1999999 0.8 1 0.1999999 0.8 0.5 0.5 0.5 0.5 1 1 0.1999999 0.8 0.1999999 0.8 0.5 0.5 0.1999999 0.8 0.1999999 0.8 0.8 0.1999999 0.5 0.5 0.8 0.1999999 0.8 0.1999999 0.5 0.5 0.5 0.5 1 1 0.5 0.5 0.5 0.5 0.5 0.5 0.5 0.5 0.5 0.5 0.5 0.5 0.5 0.5 0.5 0.5 0.5 0.5 0.5 0.5 0.5 0.5 0.5 0.5 0.5 0.5 0.5 0.5 0.5 0.5 1 1 0.8 0.1999999 1 0.5 0.5 0.5 0.5 1 1 1 1 1 0.5 0.5 0.5 0.5 1 1 1 1 0.9000123 0.09998774 0.8 0.1999999 1 0.9000123 0.09998774 1 1 0.8 0.1999999 1 1 1 0.8 0.1999999 0.5 0.5 1 1 1 1 1 0.5 0.5 0.8 0.1999999 0.5 0.5 0.5 0.5 0.1999999 0.8 1 0.2999511 0.7000489 0.5 0.5 1 0.8 0.1999999 0.8 0.1999999 0.2999511 0.7000489 0.7000489 0.2999511 0.8 0.1999999 0.8 0.1999999 0.7000489 0.2999511 0.8 0.1999999 0.8 0.1999999 0.5999023 0.4000977 1 1 1 1 1 1 1 1 1 1 1 1 1 1 1 1 1 1 1 1 1 1 1 1 1 1 1 1 1 1 1 1 1 1 1 1 1 1 1 1 1 1 1 1 1 1 1 1 1 1 1 1 1 1 1 1 1 1 1 1 1 1 1 1 1 1 1 1 1 1 1 1 1 1 1 1 1 1 1 1 1 1 1 1 1 1 1 1 1 1 1 1 1 1 1 1 1 1 1 1 1 1 1 1 1 1 1 1 1 1 1 1 1 1 1 1 1 1 1 1 1 1 1 1 1 1 1 1 1 1 1 1 1 1 1 1 1 0.5 0.5 1 1 1 0.5 0.5 1 1 1 1 1 1 1 1 1 1 1 1 1 1 1 1 1 1 1 1 1 1 1 1 1 1 1 1 1 1 1 1 1 1 1 1 1 1 1 1 1 1 1 1 1 1 1 1 1 1 1 1 1 1 1 1 1 1 1 1 1 1 1 1 1 1 1 1 1 1 1 1 1 1 1 1 1 1 1 1 1 1 1 1 1 1 1 1 1 1 1 1 1 1 1 1 1 1 1 1 0.8 0.1999999 0.8 0.1999999 0.8 0.1999999 0.8 0.1999999 0.8 0.1999999 0.02197659 0.9156951 0.06232827 0.8555732 0.1444268 0.9957993 0.004200756 0.8 0.1999999 0.8304837 0.1695163 0.5525159 0.4474841 0.5 0.5 0.5578896 0.4421104 0.5 0.5 0.4997557 0.5002443 0.6082072 0.3917928 0.6145579 0.3854421 1 0.9000123 0.09998774 1 0.8 0.1999999 0.5 0.5 0.5 0.5 0.617489 0.382511 0.5 0.5 0.5 0.5 0.5 0.5 0.4992672 0.5007328 0.7506716 0.2493284 0.513309 0.4866911 0.4684905 0.5315095 0.40596 0.59404 0.5 0.5 0.5 0.5 0.8 0.1999999 0.4691087 0.5308914 0.8 0.1999999 0.8 0.1999999 1 0.4666666 0.5333334 0.4000977 0.5999023 0.5 0.5 0.5 0.5 0.5999023 0.4000977 0.5831502 0.4168499 0.5 0.5 0.5 0.5 0.5074481 0.4925519 0.4207105 0.5757605 0.003529012 1 0.9000123 0.09998774 0.7785104 0.2214896 0.8117216 0.1882783 0.3502473 0.636014 0.01373875 0.7732324 0.2267675 0.8 0.1999999 0.5999023 0.4000977 0.8 0.1999999 0.8304837 0.1695163 0.8117216 0.1882783 0.8 0.1999999 0.8 0.1999999 0.8 0.1999999 0.4000977 0.5999023 0.4666666 0.5333334 0.5 0.5 0.5 0.5 0.5 0.5 0.5525159 0.4474841 0.5 0.5 0.5 0.5 0.40596 0.59404 1 0.3502473 0.636014 0.01373875 0.617489 0.382511 0.6145579 0.3854421 0.7000489 0.2999511 0.5 0.5 0.5 0.5 0.5999023 0.4000977 0.5 0.5 0.1999999 0.8 0.03815388 0.8712533 0.09059274 0.1999999 0.8 0.5 0.5 0.5 0.5 0.9000123 0.09998774 0.03815388 0.8712533 0.09059274 0.5 0.5 0.5 0.5 0.5 0.5 0.3899878 0.6100122 0.4142647 0.5857353 1 0.6516854 0.3483146 0.7000489 0.2999511 0.6516854 0.3483146 0.5 0.5 0.5999023 0.4000977 0.7303371 0.2696629 0.008316874 0.8438403 0.1478429 0.5999023 0.4000977 0.9000123 0.09998774 0.8 0.1999999 1 1 0.008316874 0.8438403 0.1478429 0.02197659 0.9156951 0.06232827 0.8 0.1999999 0.8 0.1999999 0.5999023 0.4000977 0.7303371 0.2696629 0.5999023 0.4000977 0.01303297 0.986967 0.09998774 0.9000123 0.2999511 0.7000489 1 1 1 0.06888127 0.9311187 1 0.06888127 0.9311187 1 0.09998774 0.9000123 0.2999511 0.7000489 0.3484737 0.6515263 0.367033 0.6329671 0.3484737 0.6515263 1 0.5 0.5 0.5 0.5 0.5 0.5 0.5 0.5 0.3899878 0.6100122 0.3624817 0.6375184 0.3624817 0.6375184 0.2999511 0.7000489 1 1 1 1 1 1 1 1 1 1 1 1 1 1 1 1 1 1 1</float_array>
          <technique_common>
            <accessor source="#chr514_armature_chr514_1-skin-weights-array" count="1477" stride="1">
              <param name="WEIGHT" type="float"/>
            </accessor>
          </technique_common>
        </source>
        <joints>
          <input semantic="JOINT" source="#chr514_armature_chr514_1-skin-joints"/>
          <input semantic="INV_BIND_MATRIX" source="#chr514_armature_chr514_1-skin-bind_poses"/>
        </joints>
        <vertex_weights count="1097">
          <input semantic="JOINT" source="#chr514_armature_chr514_1-skin-joints" offset="0"/>
          <input semantic="WEIGHT" source="#chr514_armature_chr514_1-skin-weights" offset="1"/>
          <vcount>1 1 1 1 1 1 2 2 2 2 2 1 2 2 2 2 2 2 2 2 2 1 1 1 1 1 1 2 2 2 2 1 2 1 1 1 1 2 1 1 1 1 2 2 1 2 1 1 2 1 2 2 2 1 1 2 2 1 1 2 2 1 2 1 2 2 1 2 2 2 2 2 2 1 2 2 2 2 1 1 1 1 1 1 1 1 1 1 1 1 1 1 1 1 1 1 1 1 1 1 1 1 1 1 1 1 1 1 1 1 1 1 1 1 1 2 2 2 2 2 1 2 1 2 1 1 2 2 2 2 2 2 2 2 2 1 2 1 1 1 2 2 2 2 2 1 2 2 1 1 2 2 2 2 2 2 2 2 2 2 1 2 1 2 2 2 2 2 2 2 2 2 2 2 2 2 2 2 1 1 1 2 2 1 2 1 1 1 1 2 2 1 1 1 1 2 2 2 1 1 1 2 1 1 2 1 2 1 1 1 1 1 2 2 2 2 2 1 2 2 1 2 2 2 2 2 2 2 2 2 2 1 1 1 1 1 1 1 1 1 1 1 1 1 1 1 1 1 1 1 1 1 1 1 1 1 1 1 1 1 1 1 1 1 1 1 1 1 1 1 1 1 1 1 1 1 1 1 1 1 1 1 1 1 1 1 1 1 1 1 1 1 1 1 1 1 1 1 1 1 1 1 1 1 1 1 1 1 1 1 1 1 1 1 1 1 1 1 1 1 1 1 1 1 1 1 1 1 1 1 1 1 1 1 1 1 1 1 1 1 1 1 1 1 1 1 1 1 1 1 1 1 1 1 1 1 1 1 1 1 1 1 1 1 1 1 2 1 1 1 2 1 1 1 1 1 1 1 1 1 1 1 1 1 1 1 1 1 1 1 1 1 1 1 1 1 1 1 1 1 1 1 1 1 1 1 1 1 1 1 1 1 1 1 1 1 1 1 1 1 1 1 1 1 1 1 1 1 1 1 1 1 1 1 1 1 1 1 1 1 1 1 1 1 1 1 1 1 1 1 1 1 1 1 1 1 1 1 1 1 1 1 1 1 1 1 1 1 1 1 1 1 1 1 2 2 2 2 2 2 1 2 2 2 2 2 2 2 2 1 1 1 1 1 1 2 2 2 2 2 1 1 1 1 1 2 1 1 1 1 2 2 1 2 1 1 2 1 2 2 2 1 1 2 1 2 1 2 2 1 2 1 2 2 1 2 2 2 2 2 2 1 2 2 2 2 1 1 1 1 1 1 1 1 1 1 1 1 1 1 1 1 1 1 1 1 1 1 1 1 1 1 1 1 1 1 1 1 1 1 1 1 1 2 2 2 2 2 1 1 2 2 1 1 2 2 2 2 2 2 2 2 1 2 2 1 1 1 2 2 2 2 1 2 2 2 1 1 2 2 2 2 2 2 2 2 2 2 2 1 1 2 2 2 2 2 2 2 2 2 2 2 2 2 2 2 1 1 2 1 2 2 1 1 1 1 1 2 2 1 1 1 1 2 2 1 2 1 1 2 1 1 1 2 2 1 1 1 1 1 2 2 2 2 2 1 2 2 1 2 2 2 2 2 2 2 2 2 2 1 1 1 1 1 1 1 1 1 1 1 1 1 1 1 1 1 1 1 1 1 1 1 1 1 1 1 1 1 1 1 1 1 1 1 1 1 1 1 1 1 1 1 1 1 1 1 1 1 1 1 1 1 1 1 1 1 1 1 1 1 1 1 1 1 1 1 1 1 1 1 1 1 1 1 1 1 1 1 1 1 1 1 1 1 1 1 1 1 1 1 1 1 1 1 1 1 1 1 1 1 1 1 1 1 1 1 1 1 1 1 1 1 1 1 1 1 1 1 1 1 1 1 1 1 1 1 1 1 1 1 1 1 1 1 1 1 2 1 1 1 2 1 1 1 1 1 1 1 1 1 1 1 1 1 1 1 1 1 1 1 1 1 1 1 1 1 1 1 1 1 1 1 1 1 1 1 1 1 1 1 1 1 1 1 1 1 1 1 1 1 1 1 1 1 1 1 1 1 1 1 1 1 1 1 1 1 1 1 1 1 1 1 1 1 1 1 1 1 1 1 1 1 1 1 1 1 1 1 1 1 1 1 1 1 1 1 1 1 1 1 1 2 2 2 2 2 3 2 2 2 2 2 2 2 2 2 2 2 1 2 1 2 2 2 2 2 2 2 2 2 2 2 2 2 2 2 2 2 2 1 2 2 2 2 2 2 2 2 2 3 1 2 2 2 3 2 2 2 2 2 2 2 2 2 2 2 2 2 2 2 2 2 2 1 3 2 2 2 2 2 2 2 2 3 2 2 2 2 3 2 2 2 2 2 1 2 2 2 2 2 2 3 2 2 2 1 1 3 3 2 2 2 2 2 2 2 2 1 1 1 2 1 2 1 2 2 2 2 2 1 2 2 2 2 2 2 2 2 1 1 1 1 1 1 1 1 1 1 1 1 1 1 1 1 1 1 1 </vcount>
          <v>1 0 2 1 2 2 1 3 2 4 2 5 1 6 7 7 0 8 1 9 0 10 1 11 0 12 1 13 0 14 1 15 1 16 0 17 1 18 0 19 1 20 0 21 1 22 0 23 1 24 0 25 1 26 15 27 17 28 15 29 17 30 15 31 17 32 15 33 17 34 1 35 1 36 1 37 1 38 1 39 1 40 0 41 1 42 0 43 1 44 0 45 1 46 0 47 15 48 0 49 0 50 15 51 1 52 1 53 1 54 1 55 0 56 1 57 0 58 0 59 0 60 0 61 0 62 1 63 0 64 1 65 1 66 0 67 1 68 0 69 0 70 0 71 1 72 1 73 0 74 15 75 0 76 15 77 0 78 1 79 1 80 1 81 16 82 17 83 1 84 7 85 1 86 1 87 15 88 17 89 15 90 17 91 1 92 0 93 1 94 1 95 0 96 1 97 0 98 1 99 0 100 0 101 15 102 15 103 17 104 16 105 17 106 15 107 16 108 15 109 16 110 15 111 17 112 0 113 15 114 16 115 15 116 17 117 15 118 16 119 0 120 1 121 2 122 2 123 2 124 2 125 2 126 2 127 2 128 6 129 6 130 6 131 6 132 6 133 6 134 6 135 2 136 2 137 2 138 6 139 6 140 6 141 2 142 2 143 6 144 2 145 2 146 2 147 2 148 6 149 2 150 2 151 2 152 2 153 2 154 2 155 2 156 2 157 6 158 2 159 6 160 8 161 9 162 9 163 10 164 9 165 10 166 8 167 9 168 8 169 8 170 9 171 8 172 8 173 9 174 8 175 8 176 9 177 10 178 9 179 10 180 9 181 10 182 9 183 10 184 9 185 10 186 9 187 10 188 9 189 10 190 9 191 10 192 8 193 9 194 8 195 8 196 9 197 8 198 9 199 8 200 9 201 10 202 8 203 9 204 9 205 10 206 9 207 10 208 9 209 10 210 10 211 9 212 10 213 8 214 9 215 8 216 8 217 9 218 10 219 9 220 10 221 9 222 10 223 9 224 10 225 9 226 10 227 9 228 10 229 9 230 10 231 9 232 10 233 9 234 10 235 1 236 7 237 1 238 1 239 7 240 1 241 1 242 7 243 7 244 8 245 7 246 8 247 1 248 7 249 1 250 7 251 7 252 8 253 1 254 7 255 7 256 8 257 1 258 7 259 7 260 8 261 7 262 8 263 7 264 8 265 7 266 8 267 7 268 8 269 1 270 7 271 8 272 8 273 1 274 1 275 7 276 1 277 7 278 8 279 7 280 8 281 8 282 8 283 8 284 8 285 7 286 8 287 7 288 8 289 1 290 1 291 8 292 1 293 1 294 2 295 1 296 7 297 1 298 7 299 1 300 1 301 1 302 1 303 2 304 1 305 1 306 1 307 7 308 1 309 1 310 7 311 8 312 2 313 2 314 2 315 2 316 15 317 16 318 15 319 17 320 9 321 10 322 9 323 10 324 9 325 10 326 6 327 0 328 1 329 0 330 1 331 1 332 15 333 16 334 0 335 15 336 15 337 16 338 0 339 15 340 15 341 16 342 0 343 15 344 15 345 16 346 0 347 15 348 15 349 16 350 0 351 15 352 2 353 2 354 2 355 2 356 2 357 2 358 2 359 2 360 2 361 2 362 2 363 2 364 2 365 1 366 1 367 2 368 2 369 2 370 2 371 2 372 2 373 2 374 2 375 2 376 2 377 2 378 2 379 2 380 0 381 2 382 2 383 2 384 2 385 2 386 2 387 2 388 2 389 2 390 2 391 2 392 2 393 2 394 2 395 2 396 2 397 2 398 2 399 2 400 2 401 2 402 2 403 2 404 2 405 2 406 2 407 2 408 2 409 2 410 2 411 2 412 2 413 2 414 2 415 2 416 2 417 2 418 2 419 2 420 2 421 2 422 2 423 2 424 2 425 2 426 2 427 2 428 2 429 2 430 2 431 2 432 2 433 2 434 2 435 2 436 2 437 2 438 2 439 2 440 2 441 2 442 2 443 2 444 2 445 6 446 6 447 6 448 6 449 6 450 2 451 2 452 2 453 2 454 2 455 2 456 2 457 2 458 2 459 2 460 2 461 2 462 2 463 2 464 2 465 2 466 2 467 2 468 2 469 2 470 2 471 2 472 2 473 2 474 2 475 2 476 2 477 2 478 6 479 6 480 6 481 6 482 6 483 6 484 6 485 6 486 6 487 2 488 6 489 2 490 2 491 2 492 2 493 6 494 6 495 2 496 2 497 2 498 2 499 2 500 2 501 2 502 2 503 2 504 2 505 2 506 2 507 2 508 2 509 2 510 2 511 2 512 2 513 2 514 2 515 2 516 2 517 2 518 2 519 2 520 2 521 2 522 2 523 2 524 2 525 2 526 2 527 6 528 6 529 6 530 6 531 6 532 6 533 6 534 6 535 2 536 2 537 6 538 6 539 2 540 6 541 2 542 6 543 6 544 6 545 6 546 6 547 6 548 6 549 6 550 6 551 6 552 6 553 6 554 6 555 6 556 6 557 6 558 6 559 2 560 6 561 6 562 2 563 2 564 2 565 2 566 2 567 2 568 2 569 2 570 2 571 2 572 2 573 2 574 2 575 2 576 2 577 6 578 6 579 6 580 6 581 6 582 6 583 6 584 2 585 2 586 2 587 2 588 2 589 2 590 2 591 1 592 2 593 2 594 1 595 2 596 2 597 1 598 11 599 0 600 1 601 0 602 1 603 0 604 1 605 0 606 1 607 0 608 1 609 1 610 0 611 1 612 0 613 1 614 0 615 1 616 0 617 1 618 15 619 17 620 15 621 17 622 15 623 17 624 15 625 17 626 1 627 1 628 1 629 1 630 1 631 1 632 0 633 1 634 0 635 1 636 0 637 1 638 0 639 15 640 0 641 15 642 0 643 1 644 1 645 1 646 1 647 0 648 1 649 0 650 0 651 0 652 0 653 0 654 1 655 0 656 1 657 1 658 0 659 1 660 0 661 0 662 0 663 1 664 1 665 0 666 15 667 0 668 15 669 0 670 1 671 1 672 1 673 16 674 17 675 1 676 1 677 11 678 1 679 15 680 17 681 15 682 17 683 1 684 0 685 1 686 1 687 0 688 1 689 0 690 1 691 0 692 0 693 15 694 15 695 17 696 16 697 17 698 15 699 16 700 15 701 16 702 15 703 17 704 0 705 15 706 16 707 15 708 16 709 15 710 17 711 0 712 1 713 2 714 2 715 2 716 2 717 2 718 2 719 2 720 6 721 6 722 6 723 6 724 6 725 6 726 6 727 2 728 2 729 2 730 6 731 6 732 6 733 2 734 2 735 6 736 2 737 2 738 2 739 2 740 6 741 2 742 2 743 2 744 2 745 2 746 2 747 2 748 2 749 6 750 2 751 6 752 12 753 13 754 13 755 14 756 13 757 14 758 12 759 13 760 12 761 12 762 12 763 13 764 12 765 13 766 12 767 12 768 13 769 14 770 13 771 14 772 13 773 14 774 13 775 14 776 13 777 14 778 13 779 14 780 13 781 14 782 13 783 14 784 12 785 12 786 13 787 12 788 13 789 13 790 12 791 12 792 13 793 14 794 12 795 13 796 13 797 14 798 13 799 14 800 14 801 13 802 14 803 13 804 14 805 12 806 13 807 12 808 12 809 13 810 14 811 13 812 14 813 13 814 14 815 13 816 14 817 13 818 14 819 13 820 14 821 13 822 14 823 13 824 14 825 13 826 14 827 1 828 11 829 1 830 11 831 1 832 1 833 1 834 11 835 11 836 12 837 11 838 12 839 1 840 11 841 1 842 11 843 1 844 11 845 11 846 12 847 11 848 12 849 1 850 11 851 11 852 12 853 11 854 12 855 11 856 12 857 11 858 12 859 11 860 12 861 1 862 11 863 12 864 12 865 1 866 11 867 1 868 1 869 11 870 11 871 12 872 12 873 12 874 12 875 12 876 12 877 11 878 12 879 11 880 12 881 1 882 1 883 12 884 1 885 1 886 11 887 1 888 2 889 1 890 1 891 11 892 1 893 1 894 1 895 2 896 1 897 1 898 1 899 1 900 11 901 1 902 11 903 12 904 2 905 2 906 2 907 2 908 15 909 16 910 15 911 17 912 13 913 14 914 13 915 14 916 13 917 14 918 6 919 0 920 1 921 0 922 1 923 1 924 15 925 16 926 15 927 16 928 0 929 15 930 0 931 15 932 15 933 16 934 15 935 16 936 0 937 15 938 0 939 15 940 15 941 16 942 0 943 15 944 2 945 2 946 2 947 2 948 2 949 2 950 2 951 2 952 2 953 2 954 2 955 2 956 1 957 2 958 1 959 2 960 2 961 2 962 2 963 2 964 2 965 2 966 2 967 2 968 2 969 2 970 2 971 2 972 0 973 2 974 2 975 2 976 2 977 2 978 2 979 2 980 2 981 2 982 2 983 2 984 2 985 2 986 2 987 2 988 2 989 2 990 2 991 2 992 2 993 2 994 2 995 2 996 2 997 2 998 2 999 2 1000 2 1001 2 1002 2 1003 2 1004 2 1005 2 1006 2 1007 2 1008 2 1009 2 1010 2 1011 2 1012 2 1013 2 1014 2 1015 2 1016 2 1017 2 1018 2 1019 2 1020 2 1021 2 1022 2 1023 2 1024 2 1025 2 1026 2 1027 2 1028 2 1029 2 1030 2 1031 2 1032 2 1033 2 1034 2 1035 2 1036 2 1037 2 1038 2 1039 6 1040 6 1041 6 1042 6 1043 6 1044 2 1045 2 1046 2 1047 2 1048 2 1049 2 1050 2 1051 2 1052 2 1053 2 1054 2 1055 2 1056 2 1057 2 1058 2 1059 2 1060 2 1061 2 1062 2 1063 2 1064 2 1065 2 1066 2 1067 2 1068 2 1069 2 1070 2 1071 2 1072 6 1073 6 1074 6 1075 6 1076 6 1077 6 1078 6 1079 6 1080 6 1081 2 1082 6 1083 2 1084 2 1085 2 1086 2 1087 6 1088 6 1089 2 1090 2 1091 2 1092 2 1093 2 1094 2 1095 2 1096 2 1097 2 1098 2 1099 2 1100 2 1101 2 1102 2 1103 2 1104 2 1105 2 1106 2 1107 2 1108 2 1109 2 1110 2 1111 2 1112 2 1113 2 1114 2 1115 2 1116 2 1117 2 1118 2 1119 2 1120 2 1121 2 1122 2 1123 2 1124 6 1125 6 1126 6 1127 6 1128 6 1129 6 1130 2 1131 6 1132 6 1133 2 1134 6 1135 6 1136 2 1137 2 1138 6 1139 6 1140 6 1141 6 1142 6 1143 6 1144 6 1145 6 1146 6 1147 6 1148 6 1149 6 1150 6 1151 6 1152 6 1153 6 1154 6 1155 6 1156 2 1157 6 1158 6 1159 2 1160 2 1161 2 1162 2 1163 2 1164 2 1165 2 1166 2 1167 2 1168 2 1169 2 1170 2 1171 2 1172 2 1173 2 1174 2 1175 2 1176 2 1177 2 1178 2 1179 2 1180 2 1181 6 1182 6 1183 6 1184 6 1185 6 1186 6 1187 6 1188 4 1189 5 1190 4 1191 5 1192 4 1193 5 1194 4 1195 5 1196 4 1197 5 1198 3 1199 4 1200 5 1201 4 1202 5 1203 4 1204 5 1205 4 1206 5 1207 4 1208 5 1209 4 1210 5 1211 4 1212 5 1213 4 1214 5 1215 4 1216 5 1217 2 1218 3 1219 2 1220 3 1221 2 1222 3 1223 4 1224 4 1225 5 1226 4 1227 4 1228 5 1229 2 1230 3 1231 2 1232 3 1233 2 1234 3 1235 4 1236 5 1237 4 1238 5 1239 4 1240 5 1241 3 1242 4 1243 3 1244 4 1245 3 1246 4 1247 2 1248 3 1249 2 1250 3 1251 3 1252 4 1253 3 1254 4 1255 3 1256 4 1257 2 1258 3 1259 4 1260 5 1261 4 1262 5 1263 5 1264 4 1265 5 1266 4 1267 5 1268 4 1269 5 1270 4 1271 5 1272 4 1273 5 1274 4 1275 5 1276 4 1277 5 1278 4 1279 5 1280 2 1281 3 1282 2 1283 3 1284 4 1285 2 1286 3 1287 4 1288 3 1289 4 1290 4 1291 5 1292 2 1293 3 1294 4 1295 4 1296 5 1297 4 1298 5 1299 4 1300 5 1301 4 1302 5 1303 4 1304 5 1305 4 1306 5 1307 4 1308 5 1309 4 1310 5 1311 4 1312 5 1313 4 1314 5 1315 4 1316 5 1317 4 1318 5 1319 4 1320 5 1321 4 1322 5 1323 4 1324 5 1325 4 1326 5 1327 2 1328 3 1329 2 1330 3 1331 2 1332 2 1333 3 1334 4 1335 2 1336 3 1337 2 1338 3 1339 3 1340 4 1341 3 1342 4 1343 3 1344 4 1345 3 1346 4 1347 3 1348 4 1349 3 1350 4 1351 2 1352 3 1353 4 1354 3 1355 4 1356 3 1357 4 1358 3 1359 4 1360 3 1361 4 1362 2 1363 3 1364 4 1365 3 1366 4 1367 3 1368 4 1369 3 1370 4 1371 3 1372 4 1373 3 1374 4 1375 4 1376 3 1377 4 1378 3 1379 4 1380 3 1381 4 1382 3 1383 4 1384 3 1385 4 1386 4 1387 5 1388 3 1389 4 1390 5 1391 4 1392 5 1393 4 1394 5 1395 4 1396 5 1397 4 1398 4 1399 3 1400 4 1401 5 1402 3 1403 4 1404 5 1405 4 1406 5 1407 4 1408 5 1409 4 1410 5 1411 4 1412 5 1413 4 1414 5 1415 3 1416 4 1417 3 1418 4 1419 3 1420 4 1421 4 1422 4 1423 4 1424 3 1425 4 1426 4 1427 3 1428 4 1429 4 1430 3 1431 4 1432 3 1433 4 1434 3 1435 4 1436 3 1437 4 1438 3 1439 4 1440 4 1441 3 1442 4 1443 3 1444 4 1445 3 1446 4 1447 3 1448 4 1449 3 1450 4 1451 3 1452 4 1453 3 1454 4 1455 3 1456 4 1457 2 1458 2 1459 2 1460 2 1461 2 1462 2 1463 2 1464 2 1465 2 1466 2 1467 2 1468 2 1469 2 1470 2 1471 2 1472 2 1473 2 1474 2 1475 2 1476</v>
        </vertex_weights>
      </skin>
    </controller>
  </library_controllers>
  <library_visual_scenes>
    <visual_scene id="Default" name="Default">
      <node id="chr514_armature" name="chr514_armature" type="NODE">
        <matrix sid="transform">1 0 0 0 0 1 0 0 0 0 1 0 0 0 0 1</matrix>
        <node id="GRP_joint" name="GRP_joint" sid="GRP_joint" type="JOINT">
          <matrix sid="transform">1 0 0 0 0 1 0 0 0 0 1 0 0 0 0 1</matrix>
          <node id="J_root_014" name="J_root_014" sid="J_root_014" type="JOINT">
            <matrix sid="transform">1 0 0 0 0 1 0 0 0 0 1 8.3e-6 0 0 0 1</matrix>
            <node id="J_center" name="J_center" sid="J_center" type="JOINT">
              <matrix sid="transform">1 0 0 0 0 1 0 0.01089686 0 0 1 0 0 0 0 1</matrix>
              <node id="J_hara" name="J_hara" sid="J_hara" type="JOINT">
                <matrix sid="transform">1 0 0 0 0 0.9998889 -0.01490695 5.36743e-4 0 0.01490695 0.9998889 1.4166e-7 0 0 0 1</matrix>
                <node id="J_atama" name="J_atama" sid="J_atama" type="JOINT">
                  <matrix sid="transform">1 0 0 0 0 0.9999999 1.75368e-6 0.01372582 0 -1.75275e-6 1 6.40284e-10 0 0 0 1</matrix>
                  <node id="J_flame1" name="J_flame1" sid="J_flame1" type="JOINT">
                    <matrix sid="transform">1 0 0 0 0 0.6460356 0.7633073 0.02426025 0 -0.7633073 0.6460355 0.01196989 0 0 0 1</matrix>
                    <node id="J_flame2" name="J_flame2" sid="J_flame2" type="JOINT">
                      <matrix sid="transform">1 0 0 0 0 0.998597 0.05294949 0.01539934 0 -0.05294949 0.9985973 3.72529e-9 0 0 0 1</matrix>
                      <node id="J_end5" name="J_end5" sid="J_end5" type="JOINT">
                        <matrix sid="transform">1 0 0 0 0 0.6047884 -0.7963861 0.02354047 0 0.796386 0.6047884 3.72529e-9 0 0 0 1</matrix>
                      </node>
                    </node>
                  </node>
                  <node id="J_ago" name="J_ago" sid="J_ago" type="JOINT">
                    <matrix sid="transform">1 0 0 0 0 0.9999999 -2.80496e-5 0.008025285 0 2.80496e-5 0.9999999 0.001891858 0 0 0 1</matrix>
                  </node>
                </node>
                <node id="J_ude_L" name="J_ude_L" sid="J_ude_L" type="JOINT">
                  <matrix sid="transform">-0.07450311 0.9972201 0.001196839 0.006285488 -0.9970914 -0.07451265 0.01601757 0.008965319 0.01606222 0 0.999871 -9.01286e-4 0 0 0 1</matrix>
                  <node id="J_hiji_L" name="J_hiji_L" sid="J_hiji_L" type="JOINT">
                    <matrix sid="transform">0.9991594 -0.04098628 6.59208e-4 0 0.04098671 0.9991595 -6.31923e-4 0.008435212 -6.32754e-4 6.58411e-4 0.9999996 0 0 0 0 1</matrix>
                    <node id="J_tubi_L" name="J_tubi_L" sid="J_tubi_L" type="JOINT">
                      <matrix sid="transform">0.9984626 0.05379753 -0.01334855 0 -0.05361537 0.9984682 0.01364807 0.01069684 0.01406234 -0.0129114 0.9998177 0 0 0 0 1</matrix>
                      <node id="J_end2" name="J_end2" sid="J_end2" type="JOINT">
                        <matrix sid="transform">-0.08709492 -0.9957646 0.02945408 0 0.996093 -0.08748085 -0.01208044 0.01808778 0.01460594 0.02828686 0.9994932 1.45519e-11 0 0 0 1</matrix>
                      </node>
                    </node>
                  </node>
                </node>
                <node id="J_ude_R" name="J_ude_R" sid="J_ude_R" type="JOINT">
                  <matrix sid="transform">-0.07448904 -0.9972212 -0.001196592 -0.006285488 0.9970925 -0.07449839 0.01601736 0.008965319 -0.01606199 0 0.999871 -9.01286e-4 0 0 0 1</matrix>
                  <node id="J_hiji_R" name="J_hiji_R" sid="J_hiji_R" type="JOINT">
                    <matrix sid="transform">0.9991605 0.04096068 -6.58788e-4 1.86265e-9 -0.0409611 0.9991605 -6.31536e-4 0.008435202 6.32366e-4 6.5799e-4 0.9999996 0 0 0 0 1</matrix>
                    <node id="J_tubi_R" name="J_tubi_R" sid="J_tubi_R" type="JOINT">
                      <matrix sid="transform">0.9984633 -0.05378621 0.01334853 0 0.05360407 0.9984689 0.01364774 0.01069684 -0.01406216 -0.01291124 0.9998178 0 0 0 0 1</matrix>
                      <node id="J_end2_cpy" name="J_end2_cpy" sid="J_end2_cpy" type="JOINT">
                        <matrix sid="transform">-0.08709491 0.9957644 -0.02945408 -1.86265e-9 -0.9960929 -0.08748102 -0.01208043 0.01808778 -0.01460594 0.02828686 0.9994932 2.91038e-11 0 0 0 1</matrix>
                      </node>
                    </node>
                  </node>
                </node>
              </node>
              <node id="J_shippo1" name="J_shippo1" sid="J_shippo1" type="JOINT">
                <matrix sid="transform">1 0 0 0 0 -0.01522562 0.9998841 -0.002635895 0 -0.9998841 -0.01522565 -0.009226873 0 0 0 1</matrix>
                <node id="J_shippo2" name="J_shippo2" sid="J_shippo2" type="JOINT">
                  <matrix sid="transform">1 0 0 0 0 0.9924739 -0.1224554 0.009739922 0 0.1224554 0.992474 0 0 0 0 1</matrix>
                  <node id="J_end1" name="J_end1" sid="J_end1" type="JOINT">
                    <matrix sid="transform">1 0 0 0 0 0.1073301 -0.9942234 0.01515632 0 0.9942236 0.10733 -4.65661e-10 0 0 0 1</matrix>
                  </node>
                </node>
              </node>
            </node>
          </node>
          <node id="TP01" name="TP01" sid="TP01" type="JOINT">
            <matrix sid="transform">1 0 0 0 0 1 0 0 0 0 1 0 0 0 0 1</matrix>
          </node>
          <node id="CP01" name="CP01" sid="CP01" type="JOINT">
            <matrix sid="transform">1 0 0 0 0 1 0 0 0 0 1 0 0 0 0 1</matrix>
          </node>
          <node id="GP01" name="GP01" sid="GP01" type="JOINT">
            <matrix sid="transform">1 0 0 0 0 1 0 0 0 0 1 0 0 0 0 1</matrix>
          </node>
          <node id="FP01" name="FP01" sid="FP01" type="JOINT">
            <matrix sid="transform">1 0 0 0 0 1 0 0 0 0 1 0 0 0 0 1</matrix>
          </node>
        </node>
        <node id="GRP_mesh" name="GRP_mesh" sid="GRP_mesh" type="JOINT">
          <matrix sid="transform">1 0 0 0 0 1 0 0 0 0 1 0 0 0 0 1</matrix>
        </node>
      </node>
      <node id="chr514_0" name="chr514_0" type="NODE">
        <translate sid="location">0 0 0</translate>
        <rotate sid="rotationZ">0 0 1 0</rotate>
        <rotate sid="rotationY">0 1 0 0</rotate>
        <rotate sid="rotationX">1 0 0 0</rotate>
        <scale sid="scale">1 1 1</scale>
        <instance_controller url="#chr514_armature_chr514_0-skin">
          <skeleton>#GRP_joint</skeleton>
          <skeleton>#GRP_mesh</skeleton>
          <bind_material>
            <technique_common>
              <instance_material symbol="chr514_mat_000-material" target="#chr514_mat_000-material">
                <bind_vertex_input semantic="chr514_0-mesh-map-0" input_semantic="TEXCOORD" input_set="0"/>
              </instance_material>
            </technique_common>
          </bind_material>
        </instance_controller>
      </node>
      <node id="chr514_1" name="chr514_1" type="NODE">
        <translate sid="location">0 0 0</translate>
        <rotate sid="rotationZ">0 0 1 0</rotate>
        <rotate sid="rotationY">0 1 0 0</rotate>
        <rotate sid="rotationX">1 0 0 0</rotate>
        <scale sid="scale">1 1 1</scale>
        <instance_controller url="#chr514_armature_chr514_1-skin">
          <skeleton>#GRP_joint</skeleton>
          <skeleton>#GRP_mesh</skeleton>
          <bind_material>
            <technique_common>
              <instance_material symbol="chr514_mat_001-material" target="#chr514_mat_001-material"/>
            </technique_common>
          </bind_material>
        </instance_controller>
      </node>
    </visual_scene>
  </library_visual_scenes>
  <scene>
    <instance_visual_scene url="#Default"/>
  </scene>
</COLLADA>